"Kennung","Klasse","Wert_1","Wert_2","Grund_1","Grund_2","Abweichung","Toleranz","Urteil"
"S01.N.X.X.ALL.X","EXAKT","31","31","","","0","0","bestanden"
"S01.N.X.X.IG.X","EXAKT","18","18","","","0","0","bestanden"
"S01.N.X.X.KG.X","EXAKT","13","13","","","0","0","bestanden"
"S01.N.X.X.VA.X","EXAKT","7","7","","","0","0","bestanden"
"S01.N.X.X.VB.X","EXAKT","11","11","","","0","0","bestanden"
"S01.N.X.X.VC.X","EXAKT","13","13","","","0","0","bestanden"
"S01.NMELD.FB.X.ALL.X","EXAKT","111","111","","","0","0","bestanden"
"S01.NZEIL.X.X.ALL.X","EXAKT","1116","1116","","","0","0","bestanden"
"S02.NAUSL.X.POST.ALL.X","EXAKT","0","0","","","0","0","bestanden"
"S02.NAUSL.X.PRE.ALL.X","EXAKT","0","0","","","0","0","bestanden"
"S02.NGUELT.CL.POST.ALL.X","EXAKT","48","48","","","0","0","bestanden"
"S02.NGUELT.CL.PRE.ALL.X","EXAKT","55","55","","","0","0","bestanden"
"S02.NGUELT.CR.POST.ALL.X","EXAKT","40","40","","","0","0","bestanden"
"S02.NGUELT.CR.PRE.ALL.X","EXAKT","59","59","","","0","0","bestanden"
"S02.NGUELT.SBJ.POST.ALL.X","EXAKT","53","53","","","0","0","bestanden"
"S02.NGUELT.SBJ.PRE.ALL.X","EXAKT","72","72","","","0","0","bestanden"
"S02.NGUELT.Z05.POST.ALL.X","EXAKT","64","64","","","0","0","bestanden"
"S02.NGUELT.Z05.PRE.ALL.X","EXAKT","53","53","","","0","0","bestanden"
"S02.NGUELT.Z10.POST.ALL.X","EXAKT","38","38","","","0","0","bestanden"
"S02.NGUELT.Z10.PRE.ALL.X","EXAKT","67","67","","","0","0","bestanden"
"S02.NGUELT.Z30.POST.ALL.X","EXAKT","65","65","","","0","0","bestanden"
"S02.NGUELT.Z30.PRE.ALL.X","EXAKT","78","78","","","0","0","bestanden"
"S03.NKAT.CL.POST.IG.AUSL","EXAKT","0","0","","","0","0","bestanden"
"S03.NKAT.CL.POST.IG.FALSCH","EXAKT","0","0","","","0","0","bestanden"
"S03.NKAT.CL.POST.IG.FEHL","EXAKT","6","6","","","0","0","bestanden"
"S03.NKAT.CL.POST.IG.NANG","EXAKT","6","6","","","0","0","bestanden"
"S03.NKAT.CL.POST.IG.TECH","EXAKT","0","0","","","0","0","bestanden"
"S03.NKAT.CL.POST.IG.ZEIT","EXAKT","16","16","","","0","0","bestanden"
"S03.NKAT.CL.POST.KG.AUSL","EXAKT","0","0","","","0","0","bestanden"
"S03.NKAT.CL.POST.KG.FALSCH","EXAKT","0","0","","","0","0","bestanden"
"S03.NKAT.CL.POST.KG.FEHL","EXAKT","0","0","","","0","0","bestanden"
"S03.NKAT.CL.POST.KG.NANG","EXAKT","6","6","","","0","0","bestanden"
"S03.NKAT.CL.POST.KG.TECH","EXAKT","0","0","","","0","0","bestanden"
"S03.NKAT.CL.POST.KG.ZEIT","EXAKT","11","11","","","0","0","bestanden"
"S03.NKAT.CL.PRE.IG.AUSL","EXAKT","0","0","","","0","0","bestanden"
"S03.NKAT.CL.PRE.IG.FALSCH","EXAKT","0","0","","","0","0","bestanden"
"S03.NKAT.CL.PRE.IG.FEHL","EXAKT","2","2","","","0","0","bestanden"
"S03.NKAT.CL.PRE.IG.TECH","EXAKT","8","8","","","0","0","bestanden"
"S03.NKAT.CL.PRE.IG.ZEIT","EXAKT","11","11","","","0","0","bestanden"
"S03.NKAT.CL.PRE.KG.AUSL","EXAKT","0","0","","","0","0","bestanden"
"S03.NKAT.CL.PRE.KG.FALSCH","EXAKT","0","0","","","0","0","bestanden"
"S03.NKAT.CL.PRE.KG.FEHL","EXAKT","3","3","","","0","0","bestanden"
"S03.NKAT.CL.PRE.KG.TECH","EXAKT","7","7","","","0","0","bestanden"
"S03.NKAT.CL.PRE.KG.ZEIT","EXAKT","7","7","","","0","0","bestanden"
"S03.NKAT.CR.POST.IG.AUSL","EXAKT","0","0","","","0","0","bestanden"
"S03.NKAT.CR.POST.IG.FALSCH","EXAKT","0","0","","","0","0","bestanden"
"S03.NKAT.CR.POST.IG.FEHL","EXAKT","9","9","","","0","0","bestanden"
"S03.NKAT.CR.POST.IG.NANG","EXAKT","6","6","","","0","0","bestanden"
"S03.NKAT.CR.POST.IG.TECH","EXAKT","0","0","","","0","0","bestanden"
"S03.NKAT.CR.POST.IG.ZEIT","EXAKT","16","16","","","0","0","bestanden"
"S03.NKAT.CR.POST.KG.AUSL","EXAKT","0","0","","","0","0","bestanden"
"S03.NKAT.CR.POST.KG.FALSCH","EXAKT","0","0","","","0","0","bestanden"
"S03.NKAT.CR.POST.KG.FEHL","EXAKT","5","5","","","0","0","bestanden"
"S03.NKAT.CR.POST.KG.NANG","EXAKT","6","6","","","0","0","bestanden"
"S03.NKAT.CR.POST.KG.TECH","EXAKT","0","0","","","0","0","bestanden"
"S03.NKAT.CR.POST.KG.ZEIT","EXAKT","11","11","","","0","0","bestanden"
"S03.NKAT.CR.PRE.IG.AUSL","EXAKT","0","0","","","0","0","bestanden"
"S03.NKAT.CR.PRE.IG.FALSCH","EXAKT","0","0","","","0","0","bestanden"
"S03.NKAT.CR.PRE.IG.FEHL","EXAKT","4","4","","","0","0","bestanden"
"S03.NKAT.CR.PRE.IG.TECH","EXAKT","5","5","","","0","0","bestanden"
"S03.NKAT.CR.PRE.IG.ZEIT","EXAKT","11","11","","","0","0","bestanden"
"S03.NKAT.CR.PRE.KG.AUSL","EXAKT","0","0","","","0","0","bestanden"
"S03.NKAT.CR.PRE.KG.FALSCH","EXAKT","0","0","","","0","0","bestanden"
"S03.NKAT.CR.PRE.KG.FEHL","EXAKT","3","3","","","0","0","bestanden"
"S03.NKAT.CR.PRE.KG.TECH","EXAKT","3","3","","","0","0","bestanden"
"S03.NKAT.CR.PRE.KG.ZEIT","EXAKT","8","8","","","0","0","bestanden"
"S03.NKAT.SBJ.POST.IG.AUSL","EXAKT","0","0","","","0","0","bestanden"
"S03.NKAT.SBJ.POST.IG.FALSCH","EXAKT","0","0","","","0","0","bestanden"
"S03.NKAT.SBJ.POST.IG.FEHL","EXAKT","5","5","","","0","0","bestanden"
"S03.NKAT.SBJ.POST.IG.NANG","EXAKT","6","6","","","0","0","bestanden"
"S03.NKAT.SBJ.POST.IG.TECH","EXAKT","0","0","","","0","0","bestanden"
"S03.NKAT.SBJ.POST.IG.ZEIT","EXAKT","11","11","","","0","0","bestanden"
"S03.NKAT.SBJ.POST.KG.AUSL","EXAKT","0","0","","","0","0","bestanden"
"S03.NKAT.SBJ.POST.KG.FALSCH","EXAKT","0","0","","","0","0","bestanden"
"S03.NKAT.SBJ.POST.KG.FEHL","EXAKT","1","1","","","0","0","bestanden"
"S03.NKAT.SBJ.POST.KG.NANG","EXAKT","6","6","","","0","0","bestanden"
"S03.NKAT.SBJ.POST.KG.TECH","EXAKT","0","0","","","0","0","bestanden"
"S03.NKAT.SBJ.POST.KG.ZEIT","EXAKT","11","11","","","0","0","bestanden"
"S03.NKAT.SBJ.PRE.IG.AUSL","EXAKT","0","0","","","0","0","bestanden"
"S03.NKAT.SBJ.PRE.IG.FALSCH","EXAKT","0","0","","","0","0","bestanden"
"S03.NKAT.SBJ.PRE.IG.FEHL","EXAKT","2","2","","","0","0","bestanden"
"S03.NKAT.SBJ.PRE.IG.TECH","EXAKT","2","2","","","0","0","bestanden"
"S03.NKAT.SBJ.PRE.IG.ZEIT","EXAKT","5","5","","","0","0","bestanden"
"S03.NKAT.SBJ.PRE.KG.AUSL","EXAKT","0","0","","","0","0","bestanden"
"S03.NKAT.SBJ.PRE.KG.FALSCH","EXAKT","0","0","","","0","0","bestanden"
"S03.NKAT.SBJ.PRE.KG.FEHL","EXAKT","2","2","","","0","0","bestanden"
"S03.NKAT.SBJ.PRE.KG.TECH","EXAKT","3","3","","","0","0","bestanden"
"S03.NKAT.SBJ.PRE.KG.ZEIT","EXAKT","7","7","","","0","0","bestanden"
"S03.NKAT.Z05.POST.IG.AUSL","EXAKT","0","0","","","0","0","bestanden"
"S03.NKAT.Z05.POST.IG.FALSCH","EXAKT","0","0","","","0","0","bestanden"
"S03.NKAT.Z05.POST.IG.FEHL","EXAKT","0","0","","","0","0","bestanden"
"S03.NKAT.Z05.POST.IG.NANG","EXAKT","6","6","","","0","0","bestanden"
"S03.NKAT.Z05.POST.IG.TECH","EXAKT","1","1","","","0","0","bestanden"
"S03.NKAT.Z05.POST.IG.ZEIT","EXAKT","4","4","","","0","0","bestanden"
"S03.NKAT.Z05.POST.KG.AUSL","EXAKT","0","0","","","0","0","bestanden"
"S03.NKAT.Z05.POST.KG.FALSCH","EXAKT","0","0","","","0","0","bestanden"
"S03.NKAT.Z05.POST.KG.FEHL","EXAKT","0","0","","","0","0","bestanden"
"S03.NKAT.Z05.POST.KG.NANG","EXAKT","6","6","","","0","0","bestanden"
"S03.NKAT.Z05.POST.KG.TECH","EXAKT","5","5","","","0","0","bestanden"
"S03.NKAT.Z05.POST.KG.ZEIT","EXAKT","7","7","","","0","0","bestanden"
"S03.NKAT.Z05.PRE.IG.AUSL","EXAKT","0","0","","","0","0","bestanden"
"S03.NKAT.Z05.PRE.IG.FALSCH","EXAKT","0","0","","","0","0","bestanden"
"S03.NKAT.Z05.PRE.IG.FEHL","EXAKT","0","0","","","0","0","bestanden"
"S03.NKAT.Z05.PRE.IG.TECH","EXAKT","9","9","","","0","0","bestanden"
"S03.NKAT.Z05.PRE.IG.ZEIT","EXAKT","5","5","","","0","0","bestanden"
"S03.NKAT.Z05.PRE.KG.AUSL","EXAKT","0","0","","","0","0","bestanden"
"S03.NKAT.Z05.PRE.KG.FALSCH","EXAKT","0","0","","","0","0","bestanden"
"S03.NKAT.Z05.PRE.KG.FEHL","EXAKT","0","0","","","0","0","bestanden"
"S03.NKAT.Z05.PRE.KG.TECH","EXAKT","26","26","","","0","0","bestanden"
"S03.NKAT.Z05.PRE.KG.ZEIT","EXAKT","0","0","","","0","0","bestanden"
"S03.NKAT.Z10.POST.IG.AUSL","EXAKT","0","0","","","0","0","bestanden"
"S03.NKAT.Z10.POST.IG.FALSCH","EXAKT","27","27","","","0","0","bestanden"
"S03.NKAT.Z10.POST.IG.FEHL","EXAKT","0","0","","","0","0","bestanden"
"S03.NKAT.Z10.POST.IG.NANG","EXAKT","6","6","","","0","0","bestanden"
"S03.NKAT.Z10.POST.IG.TECH","EXAKT","1","1","","","0","0","bestanden"
"S03.NKAT.Z10.POST.IG.ZEIT","EXAKT","0","0","","","0","0","bestanden"
"S03.NKAT.Z10.POST.KG.AUSL","EXAKT","0","0","","","0","0","bestanden"
"S03.NKAT.Z10.POST.KG.FALSCH","EXAKT","0","0","","","0","0","bestanden"
"S03.NKAT.Z10.POST.KG.FEHL","EXAKT","0","0","","","0","0","bestanden"
"S03.NKAT.Z10.POST.KG.NANG","EXAKT","6","6","","","0","0","bestanden"
"S03.NKAT.Z10.POST.KG.TECH","EXAKT","7","7","","","0","0","bestanden"
"S03.NKAT.Z10.POST.KG.ZEIT","EXAKT","8","8","","","0","0","bestanden"
"S03.NKAT.Z10.PRE.IG.AUSL","EXAKT","0","0","","","0","0","bestanden"
"S03.NKAT.Z10.PRE.IG.FALSCH","EXAKT","0","0","","","0","0","bestanden"
"S03.NKAT.Z10.PRE.IG.FEHL","EXAKT","0","0","","","0","0","bestanden"
"S03.NKAT.Z10.PRE.IG.TECH","EXAKT","3","3","","","0","0","bestanden"
"S03.NKAT.Z10.PRE.IG.ZEIT","EXAKT","5","5","","","0","0","bestanden"
"S03.NKAT.Z10.PRE.KG.AUSL","EXAKT","0","0","","","0","0","bestanden"
"S03.NKAT.Z10.PRE.KG.FALSCH","EXAKT","0","0","","","0","0","bestanden"
"S03.NKAT.Z10.PRE.KG.FEHL","EXAKT","0","0","","","0","0","bestanden"
"S03.NKAT.Z10.PRE.KG.TECH","EXAKT","18","18","","","0","0","bestanden"
"S03.NKAT.Z10.PRE.KG.ZEIT","EXAKT","0","0","","","0","0","bestanden"
"S03.NKAT.Z30.POST.IG.AUSL","EXAKT","0","0","","","0","0","bestanden"
"S03.NKAT.Z30.POST.IG.FALSCH","EXAKT","0","0","","","0","0","bestanden"
"S03.NKAT.Z30.POST.IG.FEHL","EXAKT","0","0","","","0","0","bestanden"
"S03.NKAT.Z30.POST.IG.NANG","EXAKT","6","6","","","0","0","bestanden"
"S03.NKAT.Z30.POST.IG.TECH","EXAKT","3","3","","","0","0","bestanden"
"S03.NKAT.Z30.POST.IG.ZEIT","EXAKT","4","4","","","0","0","bestanden"
"S03.NKAT.Z30.POST.KG.AUSL","EXAKT","0","0","","","0","0","bestanden"
"S03.NKAT.Z30.POST.KG.FALSCH","EXAKT","0","0","","","0","0","bestanden"
"S03.NKAT.Z30.POST.KG.FEHL","EXAKT","0","0","","","0","0","bestanden"
"S03.NKAT.Z30.POST.KG.NANG","EXAKT","6","6","","","0","0","bestanden"
"S03.NKAT.Z30.POST.KG.TECH","EXAKT","2","2","","","0","0","bestanden"
"S03.NKAT.Z30.POST.KG.ZEIT","EXAKT","7","7","","","0","0","bestanden"
"S03.NKAT.Z30.PRE.IG.AUSL","EXAKT","0","0","","","0","0","bestanden"
"S03.NKAT.Z30.PRE.IG.FALSCH","EXAKT","0","0","","","0","0","bestanden"
"S03.NKAT.Z30.PRE.IG.FEHL","EXAKT","0","0","","","0","0","bestanden"
"S03.NKAT.Z30.PRE.IG.TECH","EXAKT","2","2","","","0","0","bestanden"
"S03.NKAT.Z30.PRE.IG.ZEIT","EXAKT","5","5","","","0","0","bestanden"
"S03.NKAT.Z30.PRE.KG.AUSL","EXAKT","0","0","","","0","0","bestanden"
"S03.NKAT.Z30.PRE.KG.FALSCH","EXAKT","0","0","","","0","0","bestanden"
"S03.NKAT.Z30.PRE.KG.FEHL","EXAKT","0","0","","","0","0","bestanden"
"S03.NKAT.Z30.PRE.KG.TECH","EXAKT","8","8","","","0","0","bestanden"
"S03.NKAT.Z30.PRE.KG.ZEIT","EXAKT","0","0","","","0","0","bestanden"
"S04.BEST.CL.POST.PBW-01.X","DETERM","2.4100000000000001","2.4100000000000001","","","0","2.41e-09","bestanden"
"S04.BEST.CL.POST.PBW-02.X","DETERM","2.3999999999999999","2.3999999999999999","","","0","2.4e-09","bestanden"
"S04.BEST.CL.POST.PBW-04.X","DETERM","2.3900000000000001","2.3900000000000001","","","0","2.39e-09","bestanden"
"S04.BEST.CL.POST.PBW-05.X","DETERM","2.5","2.5000000000000000","","","0","2.5e-09","bestanden"
"S04.BEST.CL.POST.PBW-06.X","DETERM","2.5600000000000001","2.5600000000000001","","","0","2.56e-09","bestanden"
"S04.BEST.CL.POST.PBW-07.X","DETERM","","","zu wenige Werte","zu wenige Werte","","","bestanden (beide fehlend, gleicher Grund)"
"S04.BEST.CL.POST.PBW-08.X","DETERM","2.46","2.4600000000000000","","","0","2.46e-09","bestanden"
"S04.BEST.CL.POST.PBW-09.X","DETERM","2.5499999999999998","2.5499999999999998","","","0","2.55e-09","bestanden"
"S04.BEST.CL.POST.PBW-10.X","DETERM","2.3599999999999999","2.3599999999999999","","","0","2.36e-09","bestanden"
"S04.BEST.CL.POST.PBW-11.X","DETERM","2.5099999999999998","2.5099999999999998","","","0","2.51e-09","bestanden"
"S04.BEST.CL.POST.PBW-21.X","DETERM","","","zu wenige Werte","zu wenige Werte","","","bestanden (beide fehlend, gleicher Grund)"
"S04.BEST.CL.POST.PHL-01.X","DETERM","2.4900000000000002","2.4900000000000002","","","0","2.49e-09","bestanden"
"S04.BEST.CL.POST.PHL-02.X","DETERM","2.3199999999999998","2.3199999999999998","","","0","2.32e-09","bestanden"
"S04.BEST.CL.POST.PHL-03.X","DETERM","2.4900000000000002","2.4900000000000002","","","0","2.49e-09","bestanden"
"S04.BEST.CL.POST.PHL-05.X","DETERM","2.48","2.4800000000000000","","","0","2.48e-09","bestanden"
"S04.BEST.CL.POST.PHL-06.X","DETERM","2.5600000000000001","2.5600000000000001","","","0","2.56e-09","bestanden"
"S04.BEST.CL.POST.PHL-07.X","DETERM","2.4199999999999999","2.4199999999999999","","","0","2.42e-09","bestanden"
"S04.BEST.CL.POST.PHL-08.X","DETERM","2.3399999999999999","2.3399999999999999","","","0","2.34e-09","bestanden"
"S04.BEST.CL.POST.PVS-01.X","DETERM","2.3999999999999999","2.3999999999999999","","","0","2.4e-09","bestanden"
"S04.BEST.CL.POST.PVS-02.X","DETERM","2.5299999999999998","2.5299999999999998","","","0","2.53e-09","bestanden"
"S04.BEST.CL.POST.PVS-03.X","DETERM","2.5899999999999999","2.5899999999999999","","","0","2.59e-09","bestanden"
"S04.BEST.CL.POST.PVS-04.X","DETERM","2.52","2.5200000000000000","","","0","2.52e-09","bestanden"
"S04.BEST.CL.POST.PVS-05.X","DETERM","2.5099999999999998","2.5099999999999998","","","0","2.51e-09","bestanden"
"S04.BEST.CL.POST.PVS-06.X","DETERM","2.2400000000000002","2.2400000000000002","","","0","2.24e-09","bestanden"
"S04.BEST.CL.POST.PVS-07.X","DETERM","","","zu wenige Werte","zu wenige Werte","","","bestanden (beide fehlend, gleicher Grund)"
"S04.BEST.CL.POST.PVS-08.X","DETERM","2.75","2.7500000000000000","","","0","2.75e-09","bestanden"
"S04.BEST.CL.POST.PVS-10.X","DETERM","2.4500000000000002","2.4500000000000002","","","0","2.45e-09","bestanden"
"S04.BEST.CL.POST.PVS-11.X","DETERM","2.5","2.5000000000000000","","","0","2.5e-09","bestanden"
"S04.BEST.CL.POST.PVS-16.X","DETERM","","","zu wenige Werte","zu wenige Werte","","","bestanden (beide fehlend, gleicher Grund)"
"S04.BEST.CL.POST.PVS-17.X","DETERM","2.5800000000000001","2.5800000000000001","","","0","2.58e-09","bestanden"
"S04.BEST.CL.POST.PVS-18.X","DETERM","2.52","2.5200000000000000","","","0","2.52e-09","bestanden"
"S04.BEST.CL.PRE.PBW-01.X","DETERM","2.4399999999999999","2.4399999999999999","","","0","2.44e-09","bestanden"
"S04.BEST.CL.PRE.PBW-02.X","DETERM","2.4399999999999999","2.4399999999999999","","","0","2.44e-09","bestanden"
"S04.BEST.CL.PRE.PBW-04.X","DETERM","2.3700000000000001","2.3700000000000001","","","0","2.37e-09","bestanden"
"S04.BEST.CL.PRE.PBW-05.X","DETERM","2.46","2.4600000000000000","","","0","2.46e-09","bestanden"
"S04.BEST.CL.PRE.PBW-06.X","DETERM","2.54","2.5400000000000000","","","0","2.54e-09","bestanden"
"S04.BEST.CL.PRE.PBW-07.X","DETERM","2.4100000000000001","2.4100000000000001","","","0","2.41e-09","bestanden"
"S04.BEST.CL.PRE.PBW-08.X","DETERM","2.4199999999999999","2.4199999999999999","","","0","2.42e-09","bestanden"
"S04.BEST.CL.PRE.PBW-09.X","DETERM","2.4900000000000002","2.4900000000000002","","","0","2.49e-09","bestanden"
"S04.BEST.CL.PRE.PBW-10.X","DETERM","2.4900000000000002","2.4900000000000002","","","0","2.49e-09","bestanden"
"S04.BEST.CL.PRE.PBW-11.X","DETERM","2.6899999999999999","2.6899999999999999","","","0","2.69e-09","bestanden"
"S04.BEST.CL.PRE.PBW-21.X","DETERM","2.7000000000000002","2.7000000000000002","","","0","2.7e-09","bestanden"
"S04.BEST.CL.PRE.PHL-01.X","DETERM","2.48","2.4800000000000000","","","0","2.48e-09","bestanden"
"S04.BEST.CL.PRE.PHL-02.X","DETERM","2.2400000000000002","2.2400000000000002","","","0","2.24e-09","bestanden"
"S04.BEST.CL.PRE.PHL-03.X","DETERM","2.3900000000000001","2.3900000000000001","","","0","2.39e-09","bestanden"
"S04.BEST.CL.PRE.PHL-05.X","DETERM","2.4500000000000002","2.4500000000000002","","","0","2.45e-09","bestanden"
"S04.BEST.CL.PRE.PHL-06.X","DETERM","2.4500000000000002","2.4500000000000002","","","0","2.45e-09","bestanden"
"S04.BEST.CL.PRE.PHL-07.X","DETERM","","","zu wenige Werte","zu wenige Werte","","","bestanden (beide fehlend, gleicher Grund)"
"S04.BEST.CL.PRE.PHL-08.X","DETERM","2.4700000000000002","2.4700000000000002","","","0","2.47e-09","bestanden"
"S04.BEST.CL.PRE.PVS-01.X","DETERM","2.5","2.5000000000000000","","","0","2.5e-09","bestanden"
"S04.BEST.CL.PRE.PVS-02.X","DETERM","2.54","2.5400000000000000","","","0","2.54e-09","bestanden"
"S04.BEST.CL.PRE.PVS-03.X","DETERM","2.4700000000000002","2.4700000000000002","","","0","2.47e-09","bestanden"
"S04.BEST.CL.PRE.PVS-04.X","DETERM","2.6400000000000001","2.6400000000000001","","","0","2.64e-09","bestanden"
"S04.BEST.CL.PRE.PVS-05.X","DETERM","2.5800000000000001","2.5800000000000001","","","0","2.58e-09","bestanden"
"S04.BEST.CL.PRE.PVS-06.X","DETERM","2.3500000000000001","2.3500000000000001","","","0","2.35e-09","bestanden"
"S04.BEST.CL.PRE.PVS-07.X","DETERM","2.4900000000000002","2.4900000000000002","","","0","2.49e-09","bestanden"
"S04.BEST.CL.PRE.PVS-08.X","DETERM","2.6499999999999999","2.6499999999999999","","","0","2.65e-09","bestanden"
"S04.BEST.CL.PRE.PVS-10.X","DETERM","2.3999999999999999","2.3999999999999999","","","0","2.4e-09","bestanden"
"S04.BEST.CL.PRE.PVS-11.X","DETERM","2.75","2.7500000000000000","","","0","2.75e-09","bestanden"
"S04.BEST.CL.PRE.PVS-16.X","DETERM","","","zu wenige Werte","zu wenige Werte","","","bestanden (beide fehlend, gleicher Grund)"
"S04.BEST.CL.PRE.PVS-17.X","DETERM","2.54","2.5400000000000000","","","0","2.54e-09","bestanden"
"S04.BEST.CL.PRE.PVS-18.X","DETERM","2.6099999999999999","2.6099999999999999","","","0","2.61e-09","bestanden"
"S04.BEST.CM.POST.PBW-01.X","DETERM","2.5449999999999999","2.5449999999999999","","","0","2.545e-09","bestanden"
"S04.BEST.CM.POST.PBW-02.X","DETERM","2.4199999999999999","2.4199999999999999","","","0","2.42e-09","bestanden"
"S04.BEST.CM.POST.PBW-04.X","DETERM","2.4550000000000001","2.4550000000000001","","","0","2.455e-09","bestanden"
"S04.BEST.CM.POST.PBW-05.X","DETERM","","","Eingang fehlt","Eingang fehlt","","","bestanden (beide fehlend, gleicher Grund)"
"S04.BEST.CM.POST.PBW-06.X","DETERM","2.5899999999999999","2.5899999999999999","","","0","2.59e-09","bestanden"
"S04.BEST.CM.POST.PBW-07.X","DETERM","","","Eingang fehlt","Eingang fehlt","","","bestanden (beide fehlend, gleicher Grund)"
"S04.BEST.CM.POST.PBW-08.X","DETERM","2.48","2.4800000000000000","","","0","2.48e-09","bestanden"
"S04.BEST.CM.POST.PBW-09.X","DETERM","2.5499999999999998","2.5499999999999998","","","0","2.55e-09","bestanden"
"S04.BEST.CM.POST.PBW-10.X","DETERM","2.4249999999999998","2.4249999999999998","","","0","2.425e-09","bestanden"
"S04.BEST.CM.POST.PBW-11.X","DETERM","2.5299999999999998","2.5299999999999998","","","0","2.53e-09","bestanden"
"S04.BEST.CM.POST.PBW-21.X","DETERM","","","Eingang fehlt","Eingang fehlt","","","bestanden (beide fehlend, gleicher Grund)"
"S04.BEST.CM.POST.PHL-01.X","DETERM","2.5499999999999998","2.5499999999999998","","","0","2.55e-09","bestanden"
"S04.BEST.CM.POST.PHL-02.X","DETERM","2.3049999999999997","2.3049999999999997","","","0","2.305e-09","bestanden"
"S04.BEST.CM.POST.PHL-03.X","DETERM","2.5049999999999999","2.5049999999999999","","","0","2.505e-09","bestanden"
"S04.BEST.CM.POST.PHL-05.X","DETERM","2.4199999999999999","2.4199999999999999","","","0","2.42e-09","bestanden"
"S04.BEST.CM.POST.PHL-06.X","DETERM","2.5049999999999999","2.5049999999999999","","","0","2.505e-09","bestanden"
"S04.BEST.CM.POST.PHL-07.X","DETERM","2.3650000000000002","2.3650000000000002","","","0","2.365e-09","bestanden"
"S04.BEST.CM.POST.PHL-08.X","DETERM","2.3799999999999999","2.3799999999999999","","","0","2.38e-09","bestanden"
"S04.BEST.CM.POST.PVS-01.X","DETERM","2.4450000000000003","2.4450000000000003","","","0","2.445e-09","bestanden"
"S04.BEST.CM.POST.PVS-02.X","DETERM","2.5599999999999996","2.5599999999999996","","","0","2.56e-09","bestanden"
"S04.BEST.CM.POST.PVS-03.X","DETERM","2.625","2.6250000000000000","","","0","2.625e-09","bestanden"
"S04.BEST.CM.POST.PVS-04.X","DETERM","2.5300000000000002","2.5300000000000002","","","0","2.53e-09","bestanden"
"S04.BEST.CM.POST.PVS-05.X","DETERM","2.5750000000000002","2.5750000000000002","","","0","2.575e-09","bestanden"
"S04.BEST.CM.POST.PVS-06.X","DETERM","2.29","2.2900000000000000","","","0","2.29e-09","bestanden"
"S04.BEST.CM.POST.PVS-07.X","DETERM","","","Eingang fehlt","Eingang fehlt","","","bestanden (beide fehlend, gleicher Grund)"
"S04.BEST.CM.POST.PVS-08.X","DETERM","2.6850000000000001","2.6850000000000001","","","0","2.685e-09","bestanden"
"S04.BEST.CM.POST.PVS-10.X","DETERM","2.4100000000000001","2.4100000000000001","","","0","2.41e-09","bestanden"
"S04.BEST.CM.POST.PVS-11.X","DETERM","2.585","2.5850000000000000","","","0","2.585e-09","bestanden"
"S04.BEST.CM.POST.PVS-16.X","DETERM","","","Eingang fehlt","Eingang fehlt","","","bestanden (beide fehlend, gleicher Grund)"
"S04.BEST.CM.POST.PVS-17.X","DETERM","2.6150000000000002","2.6150000000000002","","","0","2.615e-09","bestanden"
"S04.BEST.CM.POST.PVS-18.X","DETERM","2.54","2.5400000000000000","","","0","2.54e-09","bestanden"
"S04.BEST.CM.PRE.PBW-01.X","DETERM","2.5549999999999997","2.5549999999999997","","","0","2.555e-09","bestanden"
"S04.BEST.CM.PRE.PBW-02.X","DETERM","2.4699999999999998","2.4699999999999998","","","0","2.47e-09","bestanden"
"S04.BEST.CM.PRE.PBW-04.X","DETERM","2.4249999999999998","2.4249999999999998","","","0","2.425e-09","bestanden"
"S04.BEST.CM.PRE.PBW-05.X","DETERM","2.4750000000000001","2.4750000000000001","","","0","2.475e-09","bestanden"
"S04.BEST.CM.PRE.PBW-06.X","DETERM","2.5750000000000002","2.5750000000000002","","","0","2.575e-09","bestanden"
"S04.BEST.CM.PRE.PBW-07.X","DETERM","2.4550000000000001","2.4550000000000001","","","0","2.455e-09","bestanden"
"S04.BEST.CM.PRE.PBW-08.X","DETERM","2.415","2.4150000000000000","","","0","2.415e-09","bestanden"
"S04.BEST.CM.PRE.PBW-09.X","DETERM","2.5300000000000002","2.5300000000000002","","","0","2.53e-09","bestanden"
"S04.BEST.CM.PRE.PBW-10.X","DETERM","2.5049999999999999","2.5049999999999999","","","0","2.505e-09","bestanden"
"S04.BEST.CM.PRE.PBW-11.X","DETERM","","","Eingang fehlt","Eingang fehlt","","","bestanden (beide fehlend, gleicher Grund)"
"S04.BEST.CM.PRE.PBW-21.X","DETERM","2.6100000000000003","2.6100000000000003","","","0","2.61e-09","bestanden"
"S04.BEST.CM.PRE.PHL-01.X","DETERM","2.4850000000000003","2.4850000000000003","","","0","2.485e-09","bestanden"
"S04.BEST.CM.PRE.PHL-02.X","DETERM","2.1950000000000003","2.1950000000000003","","","0","2.195e-09","bestanden"
"S04.BEST.CM.PRE.PHL-03.X","DETERM","2.4300000000000002","2.4300000000000002","","","0","2.43e-09","bestanden"
"S04.BEST.CM.PRE.PHL-05.X","DETERM","2.4500000000000002","2.4500000000000002","","","0","2.45e-09","bestanden"
"S04.BEST.CM.PRE.PHL-06.X","DETERM","2.4100000000000001","2.4100000000000001","","","0","2.41e-09","bestanden"
"S04.BEST.CM.PRE.PHL-07.X","DETERM","","","Eingang fehlt","Eingang fehlt","","","bestanden (beide fehlend, gleicher Grund)"
"S04.BEST.CM.PRE.PHL-08.X","DETERM","2.4800000000000004","2.4800000000000004","","","0","2.48e-09","bestanden"
"S04.BEST.CM.PRE.PVS-01.X","DETERM","2.46","2.4600000000000000","","","0","2.46e-09","bestanden"
"S04.BEST.CM.PRE.PVS-02.X","DETERM","2.5049999999999999","2.5049999999999999","","","0","2.505e-09","bestanden"
"S04.BEST.CM.PRE.PVS-03.X","DETERM","2.6050000000000004","2.6050000000000004","","","0","2.605e-09","bestanden"
"S04.BEST.CM.PRE.PVS-04.X","DETERM","2.6150000000000002","2.6150000000000002","","","0","2.615e-09","bestanden"
"S04.BEST.CM.PRE.PVS-05.X","DETERM","2.54","2.5400000000000000","","","0","2.54e-09","bestanden"
"S04.BEST.CM.PRE.PVS-06.X","DETERM","2.3200000000000003","2.3200000000000003","","","0","2.32e-09","bestanden"
"S04.BEST.CM.PRE.PVS-07.X","DETERM","2.52","2.5200000000000000","","","0","2.52e-09","bestanden"
"S04.BEST.CM.PRE.PVS-08.X","DETERM","2.5999999999999996","2.5999999999999996","","","0","2.6e-09","bestanden"
"S04.BEST.CM.PRE.PVS-10.X","DETERM","2.4050000000000002","2.4050000000000002","","","0","2.405e-09","bestanden"
"S04.BEST.CM.PRE.PVS-11.X","DETERM","2.6950000000000003","2.6950000000000003","","","0","2.695e-09","bestanden"
"S04.BEST.CM.PRE.PVS-16.X","DETERM","","","Eingang fehlt","Eingang fehlt","","","bestanden (beide fehlend, gleicher Grund)"
"S04.BEST.CM.PRE.PVS-17.X","DETERM","2.5099999999999998","2.5099999999999998","","","0","2.51e-09","bestanden"
"S04.BEST.CM.PRE.PVS-18.X","DETERM","","","Eingang fehlt","Eingang fehlt","","","bestanden (beide fehlend, gleicher Grund)"
"S04.BEST.CR.POST.PBW-01.X","DETERM","2.6800000000000002","2.6800000000000002","","","0","2.68e-09","bestanden"
"S04.BEST.CR.POST.PBW-02.X","DETERM","2.4399999999999999","2.4399999999999999","","","0","2.44e-09","bestanden"
"S04.BEST.CR.POST.PBW-04.X","DETERM","2.52","2.5200000000000000","","","0","2.52e-09","bestanden"
"S04.BEST.CR.POST.PBW-05.X","DETERM","","","zu wenige Werte","zu wenige Werte","","","bestanden (beide fehlend, gleicher Grund)"
"S04.BEST.CR.POST.PBW-06.X","DETERM","2.6200000000000001","2.6200000000000001","","","0","2.62e-09","bestanden"
"S04.BEST.CR.POST.PBW-07.X","DETERM","","","zu wenige Werte","zu wenige Werte","","","bestanden (beide fehlend, gleicher Grund)"
"S04.BEST.CR.POST.PBW-08.X","DETERM","2.5","2.5000000000000000","","","0","2.5e-09","bestanden"
"S04.BEST.CR.POST.PBW-09.X","DETERM","2.5499999999999998","2.5499999999999998","","","0","2.55e-09","bestanden"
"S04.BEST.CR.POST.PBW-10.X","DETERM","2.4900000000000002","2.4900000000000002","","","0","2.49e-09","bestanden"
"S04.BEST.CR.POST.PBW-11.X","DETERM","2.5499999999999998","2.5499999999999998","","","0","2.55e-09","bestanden"
"S04.BEST.CR.POST.PBW-21.X","DETERM","","","zu wenige Werte","zu wenige Werte","","","bestanden (beide fehlend, gleicher Grund)"
"S04.BEST.CR.POST.PHL-01.X","DETERM","2.6099999999999999","2.6099999999999999","","","0","2.61e-09","bestanden"
"S04.BEST.CR.POST.PHL-02.X","DETERM","2.29","2.2900000000000000","","","0","2.29e-09","bestanden"
"S04.BEST.CR.POST.PHL-03.X","DETERM","2.52","2.5200000000000000","","","0","2.52e-09","bestanden"
"S04.BEST.CR.POST.PHL-05.X","DETERM","2.3599999999999999","2.3599999999999999","","","0","2.36e-09","bestanden"
"S04.BEST.CR.POST.PHL-06.X","DETERM","2.4500000000000002","2.4500000000000002","","","0","2.45e-09","bestanden"
"S04.BEST.CR.POST.PHL-07.X","DETERM","2.3100000000000001","2.3100000000000001","","","0","2.31e-09","bestanden"
"S04.BEST.CR.POST.PHL-08.X","DETERM","2.4199999999999999","2.4199999999999999","","","0","2.42e-09","bestanden"
"S04.BEST.CR.POST.PVS-01.X","DETERM","2.4900000000000002","2.4900000000000002","","","0","2.49e-09","bestanden"
"S04.BEST.CR.POST.PVS-02.X","DETERM","2.5899999999999999","2.5899999999999999","","","0","2.59e-09","bestanden"
"S04.BEST.CR.POST.PVS-03.X","DETERM","2.6600000000000001","2.6600000000000001","","","0","2.66e-09","bestanden"
"S04.BEST.CR.POST.PVS-04.X","DETERM","2.54","2.5400000000000000","","","0","2.54e-09","bestanden"
"S04.BEST.CR.POST.PVS-05.X","DETERM","2.6400000000000001","2.6400000000000001","","","0","2.64e-09","bestanden"
"S04.BEST.CR.POST.PVS-06.X","DETERM","2.3399999999999999","2.3399999999999999","","","0","2.34e-09","bestanden"
"S04.BEST.CR.POST.PVS-07.X","DETERM","","","zu wenige Werte","zu wenige Werte","","","bestanden (beide fehlend, gleicher Grund)"
"S04.BEST.CR.POST.PVS-08.X","DETERM","2.6200000000000001","2.6200000000000001","","","0","2.62e-09","bestanden"
"S04.BEST.CR.POST.PVS-10.X","DETERM","2.3700000000000001","2.3700000000000001","","","0","2.37e-09","bestanden"
"S04.BEST.CR.POST.PVS-11.X","DETERM","2.6699999999999999","2.6699999999999999","","","0","2.67e-09","bestanden"
"S04.BEST.CR.POST.PVS-16.X","DETERM","","","zu wenige Werte","zu wenige Werte","","","bestanden (beide fehlend, gleicher Grund)"
"S04.BEST.CR.POST.PVS-17.X","DETERM","2.6499999999999999","2.6499999999999999","","","0","2.65e-09","bestanden"
"S04.BEST.CR.POST.PVS-18.X","DETERM","2.5600000000000001","2.5600000000000001","","","0","2.56e-09","bestanden"
"S04.BEST.CR.PRE.PBW-01.X","DETERM","2.6699999999999999","2.6699999999999999","","","0","2.67e-09","bestanden"
"S04.BEST.CR.PRE.PBW-02.X","DETERM","2.5","2.5000000000000000","","","0","2.5e-09","bestanden"
"S04.BEST.CR.PRE.PBW-04.X","DETERM","2.48","2.4800000000000000","","","0","2.48e-09","bestanden"
"S04.BEST.CR.PRE.PBW-05.X","DETERM","2.4900000000000002","2.4900000000000002","","","0","2.49e-09","bestanden"
"S04.BEST.CR.PRE.PBW-06.X","DETERM","2.6099999999999999","2.6099999999999999","","","0","2.61e-09","bestanden"
"S04.BEST.CR.PRE.PBW-07.X","DETERM","2.5","2.5000000000000000","","","0","2.5e-09","bestanden"
"S04.BEST.CR.PRE.PBW-08.X","DETERM","2.4100000000000001","2.4100000000000001","","","0","2.41e-09","bestanden"
"S04.BEST.CR.PRE.PBW-09.X","DETERM","2.5699999999999998","2.5699999999999998","","","0","2.57e-09","bestanden"
"S04.BEST.CR.PRE.PBW-10.X","DETERM","2.52","2.5200000000000000","","","0","2.52e-09","bestanden"
"S04.BEST.CR.PRE.PBW-11.X","DETERM","","","zu wenige Werte","zu wenige Werte","","","bestanden (beide fehlend, gleicher Grund)"
"S04.BEST.CR.PRE.PBW-21.X","DETERM","2.52","2.5200000000000000","","","0","2.52e-09","bestanden"
"S04.BEST.CR.PRE.PHL-01.X","DETERM","2.4900000000000002","2.4900000000000002","","","0","2.49e-09","bestanden"
"S04.BEST.CR.PRE.PHL-02.X","DETERM","2.1499999999999999","2.1499999999999999","","","0","2.15e-09","bestanden"
"S04.BEST.CR.PRE.PHL-03.X","DETERM","2.4700000000000002","2.4700000000000002","","","0","2.47e-09","bestanden"
"S04.BEST.CR.PRE.PHL-05.X","DETERM","2.4500000000000002","2.4500000000000002","","","0","2.45e-09","bestanden"
"S04.BEST.CR.PRE.PHL-06.X","DETERM","2.3700000000000001","2.3700000000000001","","","0","2.37e-09","bestanden"
"S04.BEST.CR.PRE.PHL-07.X","DETERM","2.4199999999999999","2.4199999999999999","","","0","2.42e-09","bestanden"
"S04.BEST.CR.PRE.PHL-08.X","DETERM","2.4900000000000002","2.4900000000000002","","","0","2.49e-09","bestanden"
"S04.BEST.CR.PRE.PVS-01.X","DETERM","2.4199999999999999","2.4199999999999999","","","0","2.42e-09","bestanden"
"S04.BEST.CR.PRE.PVS-02.X","DETERM","2.4700000000000002","2.4700000000000002","","","0","2.47e-09","bestanden"
"S04.BEST.CR.PRE.PVS-03.X","DETERM","2.7400000000000002","2.7400000000000002","","","0","2.74e-09","bestanden"
"S04.BEST.CR.PRE.PVS-04.X","DETERM","2.5899999999999999","2.5899999999999999","","","0","2.59e-09","bestanden"
"S04.BEST.CR.PRE.PVS-05.X","DETERM","2.5","2.5000000000000000","","","0","2.5e-09","bestanden"
"S04.BEST.CR.PRE.PVS-06.X","DETERM","2.29","2.2900000000000000","","","0","2.29e-09","bestanden"
"S04.BEST.CR.PRE.PVS-07.X","DETERM","2.5499999999999998","2.5499999999999998","","","0","2.55e-09","bestanden"
"S04.BEST.CR.PRE.PVS-08.X","DETERM","2.5499999999999998","2.5499999999999998","","","0","2.55e-09","bestanden"
"S04.BEST.CR.PRE.PVS-10.X","DETERM","2.4100000000000001","2.4100000000000001","","","0","2.41e-09","bestanden"
"S04.BEST.CR.PRE.PVS-11.X","DETERM","2.6400000000000001","2.6400000000000001","","","0","2.64e-09","bestanden"
"S04.BEST.CR.PRE.PVS-16.X","DETERM","2.3199999999999998","2.3199999999999998","","","0","2.32e-09","bestanden"
"S04.BEST.CR.PRE.PVS-17.X","DETERM","2.48","2.4800000000000000","","","0","2.48e-09","bestanden"
"S04.BEST.CR.PRE.PVS-18.X","DETERM","","","zu wenige Werte","zu wenige Werte","","","bestanden (beide fehlend, gleicher Grund)"
"S04.BEST.SBJ.POST.PBW-01.X","DETERM","218","218.00000000000000","","","0","2.18e-07","bestanden"
"S04.BEST.SBJ.POST.PBW-02.X","DETERM","235","235.00000000000000","","","0","2.35e-07","bestanden"
"S04.BEST.SBJ.POST.PBW-04.X","DETERM","250","250.00000000000000","","","0","2.5e-07","bestanden"
"S04.BEST.SBJ.POST.PBW-05.X","DETERM","237","237.00000000000000","","","0","2.37e-07","bestanden"
"S04.BEST.SBJ.POST.PBW-06.X","DETERM","244","244.00000000000000","","","0","2.44e-07","bestanden"
"S04.BEST.SBJ.POST.PBW-07.X","DETERM","","","zu wenige Werte","zu wenige Werte","","","bestanden (beide fehlend, gleicher Grund)"
"S04.BEST.SBJ.POST.PBW-08.X","DETERM","239","239.00000000000000","","","0","2.39e-07","bestanden"
"S04.BEST.SBJ.POST.PBW-09.X","DETERM","236","236.00000000000000","","","0","2.36e-07","bestanden"
"S04.BEST.SBJ.POST.PBW-10.X","DETERM","202","202.00000000000000","","","0","2.02e-07","bestanden"
"S04.BEST.SBJ.POST.PBW-11.X","DETERM","210","210.00000000000000","","","0","2.1e-07","bestanden"
"S04.BEST.SBJ.POST.PBW-21.X","DETERM","","","zu wenige Werte","zu wenige Werte","","","bestanden (beide fehlend, gleicher Grund)"
"S04.BEST.SBJ.POST.PHL-01.X","DETERM","237","237.00000000000000","","","0","2.37e-07","bestanden"
"S04.BEST.SBJ.POST.PHL-02.X","DETERM","238","238.00000000000000","","","0","2.38e-07","bestanden"
"S04.BEST.SBJ.POST.PHL-03.X","DETERM","240","240.00000000000000","","","0","2.4e-07","bestanden"
"S04.BEST.SBJ.POST.PHL-05.X","DETERM","216","216.00000000000000","","","0","2.16e-07","bestanden"
"S04.BEST.SBJ.POST.PHL-06.X","DETERM","243","243.00000000000000","","","0","2.43e-07","bestanden"
"S04.BEST.SBJ.POST.PHL-07.X","DETERM","243","243.00000000000000","","","0","2.43e-07","bestanden"
"S04.BEST.SBJ.POST.PHL-08.X","DETERM","245","245.00000000000000","","","0","2.45e-07","bestanden"
"S04.BEST.SBJ.POST.PVS-01.X","DETERM","224","224.00000000000000","","","0","2.24e-07","bestanden"
"S04.BEST.SBJ.POST.PVS-02.X","DETERM","197","197.00000000000000","","","0","1.97e-07","bestanden"
"S04.BEST.SBJ.POST.PVS-03.X","DETERM","226","226.00000000000000","","","0","2.26e-07","bestanden"
"S04.BEST.SBJ.POST.PVS-04.X","DETERM","212","212.00000000000000","","","0","2.12e-07","bestanden"
"S04.BEST.SBJ.POST.PVS-05.X","DETERM","225","225.00000000000000","","","0","2.25e-07","bestanden"
"S04.BEST.SBJ.POST.PVS-06.X","DETERM","262","262.00000000000000","","","0","2.62e-07","bestanden"
"S04.BEST.SBJ.POST.PVS-07.X","DETERM","","","zu wenige Werte","zu wenige Werte","","","bestanden (beide fehlend, gleicher Grund)"
"S04.BEST.SBJ.POST.PVS-08.X","DETERM","213","213.00000000000000","","","0","2.13e-07","bestanden"
"S04.BEST.SBJ.POST.PVS-10.X","DETERM","220","220.00000000000000","","","0","2.2e-07","bestanden"
"S04.BEST.SBJ.POST.PVS-11.X","DETERM","218","218.00000000000000","","","0","2.18e-07","bestanden"
"S04.BEST.SBJ.POST.PVS-16.X","DETERM","","","zu wenige Werte","zu wenige Werte","","","bestanden (beide fehlend, gleicher Grund)"
"S04.BEST.SBJ.POST.PVS-17.X","DETERM","235","235.00000000000000","","","0","2.35e-07","bestanden"
"S04.BEST.SBJ.POST.PVS-18.X","DETERM","227","227.00000000000000","","","0","2.27e-07","bestanden"
"S04.BEST.SBJ.PRE.PBW-01.X","DETERM","222","222.00000000000000","","","0","2.22e-07","bestanden"
"S04.BEST.SBJ.PRE.PBW-02.X","DETERM","228","228.00000000000000","","","0","2.28e-07","bestanden"
"S04.BEST.SBJ.PRE.PBW-04.X","DETERM","251","251.00000000000000","","","0","2.51e-07","bestanden"
"S04.BEST.SBJ.PRE.PBW-05.X","DETERM","238","238.00000000000000","","","0","2.38e-07","bestanden"
"S04.BEST.SBJ.PRE.PBW-06.X","DETERM","243","243.00000000000000","","","0","2.43e-07","bestanden"
"S04.BEST.SBJ.PRE.PBW-07.X","DETERM","247","247.00000000000000","","","0","2.47e-07","bestanden"
"S04.BEST.SBJ.PRE.PBW-08.X","DETERM","246","246.00000000000000","","","0","2.46e-07","bestanden"
"S04.BEST.SBJ.PRE.PBW-09.X","DETERM","237","237.00000000000000","","","0","2.37e-07","bestanden"
"S04.BEST.SBJ.PRE.PBW-10.X","DETERM","207","207.00000000000000","","","0","2.07e-07","bestanden"
"S04.BEST.SBJ.PRE.PBW-11.X","DETERM","222","222.00000000000000","","","0","2.22e-07","bestanden"
"S04.BEST.SBJ.PRE.PBW-21.X","DETERM","223","223.00000000000000","","","0","2.23e-07","bestanden"
"S04.BEST.SBJ.PRE.PHL-01.X","DETERM","236","236.00000000000000","","","0","2.36e-07","bestanden"
"S04.BEST.SBJ.PRE.PHL-02.X","DETERM","251","251.00000000000000","","","0","2.51e-07","bestanden"
"S04.BEST.SBJ.PRE.PHL-03.X","DETERM","248","248.00000000000000","","","0","2.48e-07","bestanden"
"S04.BEST.SBJ.PRE.PHL-05.X","DETERM","232","232.00000000000000","","","0","2.32e-07","bestanden"
"S04.BEST.SBJ.PRE.PHL-06.X","DETERM","243","243.00000000000000","","","0","2.43e-07","bestanden"
"S04.BEST.SBJ.PRE.PHL-07.X","DETERM","255","255.00000000000000","","","0","2.55e-07","bestanden"
"S04.BEST.SBJ.PRE.PHL-08.X","DETERM","245","245.00000000000000","","","0","2.45e-07","bestanden"
"S04.BEST.SBJ.PRE.PVS-01.X","DETERM","228","228.00000000000000","","","0","2.28e-07","bestanden"
"S04.BEST.SBJ.PRE.PVS-02.X","DETERM","208","208.00000000000000","","","0","2.08e-07","bestanden"
"S04.BEST.SBJ.PRE.PVS-03.X","DETERM","235","235.00000000000000","","","0","2.35e-07","bestanden"
"S04.BEST.SBJ.PRE.PVS-04.X","DETERM","210","210.00000000000000","","","0","2.1e-07","bestanden"
"S04.BEST.SBJ.PRE.PVS-05.X","DETERM","228","228.00000000000000","","","0","2.28e-07","bestanden"
"S04.BEST.SBJ.PRE.PVS-06.X","DETERM","259","259.00000000000000","","","0","2.59e-07","bestanden"
"S04.BEST.SBJ.PRE.PVS-07.X","DETERM","219","219.00000000000000","","","0","2.19e-07","bestanden"
"S04.BEST.SBJ.PRE.PVS-08.X","DETERM","202","202.00000000000000","","","0","2.02e-07","bestanden"
"S04.BEST.SBJ.PRE.PVS-10.X","DETERM","232","232.00000000000000","","","0","2.32e-07","bestanden"
"S04.BEST.SBJ.PRE.PVS-11.X","DETERM","204","204.00000000000000","","","0","2.04e-07","bestanden"
"S04.BEST.SBJ.PRE.PVS-16.X","DETERM","226","226.00000000000000","","","0","2.26e-07","bestanden"
"S04.BEST.SBJ.PRE.PVS-17.X","DETERM","258","258.00000000000000","","","0","2.58e-07","bestanden"
"S04.BEST.SBJ.PRE.PVS-18.X","DETERM","209","209.00000000000000","","","0","2.09e-07","bestanden"
"S04.BEST.Z05.POST.PBW-01.X","DETERM","1.0800000000000001","1.0800000000000001","","","0","1.08e-09","bestanden"
"S04.BEST.Z05.POST.PBW-02.X","DETERM","1.0800000000000001","1.0800000000000001","","","0","1.08e-09","bestanden"
"S04.BEST.Z05.POST.PBW-04.X","DETERM","1.1299999999999999","1.1299999999999999","","","0","1.13e-09","bestanden"
"S04.BEST.Z05.POST.PBW-05.X","DETERM","1.1000000000000001","1.1000000000000001","","","0","1.1e-09","bestanden"
"S04.BEST.Z05.POST.PBW-06.X","DETERM","1.03","1.0300000000000000","","","0","1.03e-09","bestanden"
"S04.BEST.Z05.POST.PBW-07.X","DETERM","","","zu wenige Werte","zu wenige Werte","","","bestanden (beide fehlend, gleicher Grund)"
"S04.BEST.Z05.POST.PBW-08.X","DETERM","1.03","1.0300000000000000","","","0","1.03e-09","bestanden"
"S04.BEST.Z05.POST.PBW-09.X","DETERM","1.0700000000000001","1.0700000000000001","","","0","1.07e-09","bestanden"
"S04.BEST.Z05.POST.PBW-10.X","DETERM","1.0900000000000001","1.0900000000000001","","","0","1.09e-09","bestanden"
"S04.BEST.Z05.POST.PBW-11.X","DETERM","1.1799999999999999","1.1799999999999999","","","0","1.18e-09","bestanden"
"S04.BEST.Z05.POST.PBW-21.X","DETERM","","","zu wenige Werte","zu wenige Werte","","","bestanden (beide fehlend, gleicher Grund)"
"S04.BEST.Z05.POST.PHL-01.X","DETERM","1.1000000000000001","1.1000000000000001","","","0","1.1e-09","bestanden"
"S04.BEST.Z05.POST.PHL-02.X","DETERM","1.01","1.0100000000000000","","","0","1.01e-09","bestanden"
"S04.BEST.Z05.POST.PHL-03.X","DETERM","1.0800000000000001","1.0800000000000001","","","0","1.08e-09","bestanden"
"S04.BEST.Z05.POST.PHL-05.X","DETERM","1.0700000000000001","1.0700000000000001","","","0","1.07e-09","bestanden"
"S04.BEST.Z05.POST.PHL-06.X","DETERM","1.03","1.0300000000000000","","","0","1.03e-09","bestanden"
"S04.BEST.Z05.POST.PHL-07.X","DETERM","1.0800000000000001","1.0800000000000001","","","0","1.08e-09","bestanden"
"S04.BEST.Z05.POST.PHL-08.X","DETERM","1.0700000000000001","1.0700000000000001","","","0","1.07e-09","bestanden"
"S04.BEST.Z05.POST.PVS-01.X","DETERM","1.21","1.2100000000000000","","","0","1.21e-09","bestanden"
"S04.BEST.Z05.POST.PVS-02.X","DETERM","1.24","1.2400000000000000","","","0","1.24e-09","bestanden"
"S04.BEST.Z05.POST.PVS-03.X","DETERM","1.1499999999999999","1.1499999999999999","","","0","1.15e-09","bestanden"
"S04.BEST.Z05.POST.PVS-04.X","DETERM","1.1299999999999999","1.1299999999999999","","","0","1.13e-09","bestanden"
"S04.BEST.Z05.POST.PVS-05.X","DETERM","1.1699999999999999","1.1699999999999999","","","0","1.17e-09","bestanden"
"S04.BEST.Z05.POST.PVS-06.X","DETERM","1.1200000000000001","1.1200000000000001","","","0","1.12e-09","bestanden"
"S04.BEST.Z05.POST.PVS-07.X","DETERM","","","zu wenige Werte","zu wenige Werte","","","bestanden (beide fehlend, gleicher Grund)"
"S04.BEST.Z05.POST.PVS-08.X","DETERM","1.22","1.2200000000000000","","","0","1.22e-09","bestanden"
"S04.BEST.Z05.POST.PVS-10.X","DETERM","1.1499999999999999","1.1499999999999999","","","0","1.15e-09","bestanden"
"S04.BEST.Z05.POST.PVS-11.X","DETERM","1.1699999999999999","1.1699999999999999","","","0","1.17e-09","bestanden"
"S04.BEST.Z05.POST.PVS-16.X","DETERM","","","zu wenige Werte","zu wenige Werte","","","bestanden (beide fehlend, gleicher Grund)"
"S04.BEST.Z05.POST.PVS-17.X","DETERM","1.1299999999999999","1.1299999999999999","","","0","1.13e-09","bestanden"
"S04.BEST.Z05.POST.PVS-18.X","DETERM","1.24","1.2400000000000000","","","0","1.24e-09","bestanden"
"S04.BEST.Z05.PRE.PBW-01.X","DETERM","1.05","1.0500000000000000","","","0","1.05e-09","bestanden"
"S04.BEST.Z05.PRE.PBW-02.X","DETERM","1.0800000000000001","1.0800000000000001","","","0","1.08e-09","bestanden"
"S04.BEST.Z05.PRE.PBW-04.X","DETERM","1.1599999999999999","1.1599999999999999","","","0","1.16e-09","bestanden"
"S04.BEST.Z05.PRE.PBW-05.X","DETERM","1.04","1.0400000000000000","","","0","1.04e-09","bestanden"
"S04.BEST.Z05.PRE.PBW-06.X","DETERM","1.02","1.0200000000000000","","","0","1.02e-09","bestanden"
"S04.BEST.Z05.PRE.PBW-07.X","DETERM","1.05","1.0500000000000000","","","0","1.05e-09","bestanden"
"S04.BEST.Z05.PRE.PBW-08.X","DETERM","1.0900000000000001","1.0900000000000001","","","0","1.09e-09","bestanden"
"S04.BEST.Z05.PRE.PBW-09.X","DETERM","1.1200000000000001","1.1200000000000001","","","0","1.12e-09","bestanden"
"S04.BEST.Z05.PRE.PBW-10.X","DETERM","1.1200000000000001","1.1200000000000001","","","0","1.12e-09","bestanden"
"S04.BEST.Z05.PRE.PBW-11.X","DETERM","1.1799999999999999","1.1799999999999999","","","0","1.18e-09","bestanden"
"S04.BEST.Z05.PRE.PBW-21.X","DETERM","1.1299999999999999","1.1299999999999999","","","0","1.13e-09","bestanden"
"S04.BEST.Z05.PRE.PHL-01.X","DETERM","1.02","1.0200000000000000","","","0","1.02e-09","bestanden"
"S04.BEST.Z05.PRE.PHL-02.X","DETERM","0.87","0.87000000000000000","","","0","1e-09","bestanden"
"S04.BEST.Z05.PRE.PHL-03.X","DETERM","1","1.0000000000000000","","","0","1e-09","bestanden"
"S04.BEST.Z05.PRE.PHL-05.X","DETERM","0.96999999999999997","0.96999999999999997","","","0","1e-09","bestanden"
"S04.BEST.Z05.PRE.PHL-06.X","DETERM","1.0600000000000001","1.0600000000000001","","","0","1.06e-09","bestanden"
"S04.BEST.Z05.PRE.PHL-07.X","DETERM","1.03","1.0300000000000000","","","0","1.03e-09","bestanden"
"S04.BEST.Z05.PRE.PHL-08.X","DETERM","0.93000000000000005","0.93000000000000005","","","0","1e-09","bestanden"
"S04.BEST.Z05.PRE.PVS-01.X","DETERM","1.0900000000000001","1.0900000000000001","","","0","1.09e-09","bestanden"
"S04.BEST.Z05.PRE.PVS-02.X","DETERM","1.1200000000000001","1.1200000000000001","","","0","1.12e-09","bestanden"
"S04.BEST.Z05.PRE.PVS-03.X","DETERM","1.1000000000000001","1.1000000000000001","","","0","1.1e-09","bestanden"
"S04.BEST.Z05.PRE.PVS-04.X","DETERM","1.1699999999999999","1.1699999999999999","","","0","1.17e-09","bestanden"
"S04.BEST.Z05.PRE.PVS-05.X","DETERM","1.1399999999999999","1.1399999999999999","","","0","1.14e-09","bestanden"
"S04.BEST.Z05.PRE.PVS-06.X","DETERM","","","zu wenige Werte","zu wenige Werte","","","bestanden (beide fehlend, gleicher Grund)"
"S04.BEST.Z05.PRE.PVS-07.X","DETERM","1.1899999999999999","1.1899999999999999","","","0","1.19e-09","bestanden"
"S04.BEST.Z05.PRE.PVS-08.X","DETERM","","","zu wenige Werte","zu wenige Werte","","","bestanden (beide fehlend, gleicher Grund)"
"S04.BEST.Z05.PRE.PVS-10.X","DETERM","1.1000000000000001","1.1000000000000001","","","0","1.1e-09","bestanden"
"S04.BEST.Z05.PRE.PVS-11.X","DETERM","1.1799999999999999","1.1799999999999999","","","0","1.18e-09","bestanden"
"S04.BEST.Z05.PRE.PVS-16.X","DETERM","","","zu wenige Werte","zu wenige Werte","","","bestanden (beide fehlend, gleicher Grund)"
"S04.BEST.Z05.PRE.PVS-17.X","DETERM","","","zu wenige Werte","zu wenige Werte","","","bestanden (beide fehlend, gleicher Grund)"
"S04.BEST.Z05.PRE.PVS-18.X","DETERM","","","zu wenige Werte","zu wenige Werte","","","bestanden (beide fehlend, gleicher Grund)"
"S04.BEST.Z10.POST.PBW-01.X","DETERM","","","zu wenige Werte","zu wenige Werte","","","bestanden (beide fehlend, gleicher Grund)"
"S04.BEST.Z10.POST.PBW-02.X","DETERM","","","zu wenige Werte","zu wenige Werte","","","bestanden (beide fehlend, gleicher Grund)"
"S04.BEST.Z10.POST.PBW-04.X","DETERM","","","zu wenige Werte","zu wenige Werte","","","bestanden (beide fehlend, gleicher Grund)"
"S04.BEST.Z10.POST.PBW-05.X","DETERM","","","zu wenige Werte","zu wenige Werte","","","bestanden (beide fehlend, gleicher Grund)"
"S04.BEST.Z10.POST.PBW-06.X","DETERM","","","zu wenige Werte","zu wenige Werte","","","bestanden (beide fehlend, gleicher Grund)"
"S04.BEST.Z10.POST.PBW-07.X","DETERM","","","zu wenige Werte","zu wenige Werte","","","bestanden (beide fehlend, gleicher Grund)"
"S04.BEST.Z10.POST.PBW-08.X","DETERM","","","zu wenige Werte","zu wenige Werte","","","bestanden (beide fehlend, gleicher Grund)"
"S04.BEST.Z10.POST.PBW-09.X","DETERM","","","zu wenige Werte","zu wenige Werte","","","bestanden (beide fehlend, gleicher Grund)"
"S04.BEST.Z10.POST.PBW-10.X","DETERM","","","zu wenige Werte","zu wenige Werte","","","bestanden (beide fehlend, gleicher Grund)"
"S04.BEST.Z10.POST.PBW-11.X","DETERM","","","zu wenige Werte","zu wenige Werte","","","bestanden (beide fehlend, gleicher Grund)"
"S04.BEST.Z10.POST.PBW-21.X","DETERM","","","zu wenige Werte","zu wenige Werte","","","bestanden (beide fehlend, gleicher Grund)"
"S04.BEST.Z10.POST.PHL-01.X","DETERM","1.98","1.9800000000000000","","","0","1.98e-09","bestanden"
"S04.BEST.Z10.POST.PHL-02.X","DETERM","1.76","1.7600000000000000","","","0","1.76e-09","bestanden"
"S04.BEST.Z10.POST.PHL-03.X","DETERM","1.8300000000000001","1.8300000000000001","","","0","1.83e-09","bestanden"
"S04.BEST.Z10.POST.PHL-05.X","DETERM","1.8300000000000001","1.8300000000000001","","","0","1.83e-09","bestanden"
"S04.BEST.Z10.POST.PHL-06.X","DETERM","1.8799999999999999","1.8799999999999999","","","0","1.88e-09","bestanden"
"S04.BEST.Z10.POST.PHL-07.X","DETERM","1.9099999999999999","1.9099999999999999","","","0","1.91e-09","bestanden"
"S04.BEST.Z10.POST.PHL-08.X","DETERM","1.8799999999999999","1.8799999999999999","","","0","1.88e-09","bestanden"
"S04.BEST.Z10.POST.PVS-01.X","DETERM","2.0499999999999998","2.0499999999999998","","","0","2.05e-09","bestanden"
"S04.BEST.Z10.POST.PVS-02.X","DETERM","2.0600000000000001","2.0600000000000001","","","0","2.06e-09","bestanden"
"S04.BEST.Z10.POST.PVS-03.X","DETERM","2.0600000000000001","2.0600000000000001","","","0","2.06e-09","bestanden"
"S04.BEST.Z10.POST.PVS-04.X","DETERM","1.9299999999999999","1.9299999999999999","","","0","1.93e-09","bestanden"
"S04.BEST.Z10.POST.PVS-05.X","DETERM","1.98","1.9800000000000000","","","0","1.98e-09","bestanden"
"S04.BEST.Z10.POST.PVS-06.X","DETERM","1.8400000000000001","1.8400000000000001","","","0","1.84e-09","bestanden"
"S04.BEST.Z10.POST.PVS-07.X","DETERM","","","zu wenige Werte","zu wenige Werte","","","bestanden (beide fehlend, gleicher Grund)"
"S04.BEST.Z10.POST.PVS-08.X","DETERM","2.0699999999999998","2.0699999999999998","","","0","2.07e-09","bestanden"
"S04.BEST.Z10.POST.PVS-10.X","DETERM","1.9399999999999999","1.9399999999999999","","","0","1.94e-09","bestanden"
"S04.BEST.Z10.POST.PVS-11.X","DETERM","1.9199999999999999","1.9199999999999999","","","0","1.92e-09","bestanden"
"S04.BEST.Z10.POST.PVS-16.X","DETERM","","","zu wenige Werte","zu wenige Werte","","","bestanden (beide fehlend, gleicher Grund)"
"S04.BEST.Z10.POST.PVS-17.X","DETERM","1.9099999999999999","1.9099999999999999","","","0","1.91e-09","bestanden"
"S04.BEST.Z10.POST.PVS-18.X","DETERM","2.0800000000000001","2.0800000000000001","","","0","2.08e-09","bestanden"
"S04.BEST.Z10.PRE.PBW-01.X","DETERM","1.8400000000000001","1.8400000000000001","","","0","1.84e-09","bestanden"
"S04.BEST.Z10.PRE.PBW-02.X","DETERM","1.9199999999999999","1.9199999999999999","","","0","1.92e-09","bestanden"
"S04.BEST.Z10.PRE.PBW-04.X","DETERM","1.95","1.9500000000000000","","","0","1.95e-09","bestanden"
"S04.BEST.Z10.PRE.PBW-05.X","DETERM","1.8600000000000001","1.8600000000000001","","","0","1.86e-09","bestanden"
"S04.BEST.Z10.PRE.PBW-06.X","DETERM","1.8400000000000001","1.8400000000000001","","","0","1.84e-09","bestanden"
"S04.BEST.Z10.PRE.PBW-07.X","DETERM","1.79","1.7900000000000000","","","0","1.79e-09","bestanden"
"S04.BEST.Z10.PRE.PBW-08.X","DETERM","1.8700000000000001","1.8700000000000001","","","0","1.87e-09","bestanden"
"S04.BEST.Z10.PRE.PBW-09.X","DETERM","1.9299999999999999","1.9299999999999999","","","0","1.93e-09","bestanden"
"S04.BEST.Z10.PRE.PBW-10.X","DETERM","1.8500000000000001","1.8500000000000001","","","0","1.85e-09","bestanden"
"S04.BEST.Z10.PRE.PBW-11.X","DETERM","2.0600000000000001","2.0600000000000001","","","0","2.06e-09","bestanden"
"S04.BEST.Z10.PRE.PBW-21.X","DETERM","1.97","1.9700000000000000","","","0","1.97e-09","bestanden"
"S04.BEST.Z10.PRE.PHL-01.X","DETERM","1.8700000000000001","1.8700000000000001","","","0","1.87e-09","bestanden"
"S04.BEST.Z10.PRE.PHL-02.X","DETERM","1.6499999999999999","1.6499999999999999","","","0","1.65e-09","bestanden"
"S04.BEST.Z10.PRE.PHL-03.X","DETERM","1.71","1.7100000000000000","","","0","1.71e-09","bestanden"
"S04.BEST.Z10.PRE.PHL-05.X","DETERM","1.73","1.7300000000000000","","","0","1.73e-09","bestanden"
"S04.BEST.Z10.PRE.PHL-06.X","DETERM","1.8100000000000001","1.8100000000000001","","","0","1.81e-09","bestanden"
"S04.BEST.Z10.PRE.PHL-07.X","DETERM","1.8200000000000001","1.8200000000000001","","","0","1.82e-09","bestanden"
"S04.BEST.Z10.PRE.PHL-08.X","DETERM","1.8","1.8000000000000000","","","0","1.8e-09","bestanden"
"S04.BEST.Z10.PRE.PVS-01.X","DETERM","1.9299999999999999","1.9299999999999999","","","0","1.93e-09","bestanden"
"S04.BEST.Z10.PRE.PVS-02.X","DETERM","1.96","1.9600000000000000","","","0","1.96e-09","bestanden"
"S04.BEST.Z10.PRE.PVS-03.X","DETERM","1.9199999999999999","1.9199999999999999","","","0","1.92e-09","bestanden"
"S04.BEST.Z10.PRE.PVS-04.X","DETERM","2","2.0000000000000000","","","0","2e-09","bestanden"
"S04.BEST.Z10.PRE.PVS-05.X","DETERM","1.98","1.9800000000000000","","","0","1.98e-09","bestanden"
"S04.BEST.Z10.PRE.PVS-06.X","DETERM","1.78","1.7800000000000000","","","0","1.78e-09","bestanden"
"S04.BEST.Z10.PRE.PVS-07.X","DETERM","2.0600000000000001","2.0600000000000001","","","0","2.06e-09","bestanden"
"S04.BEST.Z10.PRE.PVS-08.X","DETERM","2.0899999999999999","2.0899999999999999","","","0","2.09e-09","bestanden"
"S04.BEST.Z10.PRE.PVS-10.X","DETERM","1.8700000000000001","1.8700000000000001","","","0","1.87e-09","bestanden"
"S04.BEST.Z10.PRE.PVS-11.X","DETERM","1.97","1.9700000000000000","","","0","1.97e-09","bestanden"
"S04.BEST.Z10.PRE.PVS-16.X","DETERM","1.98","1.9800000000000000","","","0","1.98e-09","bestanden"
"S04.BEST.Z10.PRE.PVS-17.X","DETERM","2.02","2.0200000000000000","","","0","2.02e-09","bestanden"
"S04.BEST.Z10.PRE.PVS-18.X","DETERM","2","2.0000000000000000","","","0","2e-09","bestanden"
"S04.BEST.Z30.POST.PBW-01.X","DETERM","4.54","4.5400000000000000","","","0","4.54e-09","bestanden"
"S04.BEST.Z30.POST.PBW-02.X","DETERM","4.7000000000000002","4.7000000000000002","","","0","4.7e-09","bestanden"
"S04.BEST.Z30.POST.PBW-04.X","DETERM","4.6799999999999997","4.6799999999999997","","","0","4.68e-09","bestanden"
"S04.BEST.Z30.POST.PBW-05.X","DETERM","4.54","4.5400000000000000","","","0","4.54e-09","bestanden"
"S04.BEST.Z30.POST.PBW-06.X","DETERM","4.5099999999999998","4.5099999999999998","","","0","4.51e-09","bestanden"
"S04.BEST.Z30.POST.PBW-07.X","DETERM","","","zu wenige Werte","zu wenige Werte","","","bestanden (beide fehlend, gleicher Grund)"
"S04.BEST.Z30.POST.PBW-08.X","DETERM","4.4400000000000004","4.4400000000000004","","","0","4.44e-09","bestanden"
"S04.BEST.Z30.POST.PBW-09.X","DETERM","4.7800000000000002","4.7800000000000002","","","0","4.78e-09","bestanden"
"S04.BEST.Z30.POST.PBW-10.X","DETERM","4.5099999999999998","4.5099999999999998","","","0","4.51e-09","bestanden"
"S04.BEST.Z30.POST.PBW-11.X","DETERM","4.8899999999999997","4.8899999999999997","","","0","4.89e-09","bestanden"
"S04.BEST.Z30.POST.PBW-21.X","DETERM","","","zu wenige Werte","zu wenige Werte","","","bestanden (beide fehlend, gleicher Grund)"
"S04.BEST.Z30.POST.PHL-01.X","DETERM","4.7199999999999998","4.7199999999999998","","","0","4.72e-09","bestanden"
"S04.BEST.Z30.POST.PHL-02.X","DETERM","4.2400000000000002","4.2400000000000002","","","0","4.24e-09","bestanden"
"S04.BEST.Z30.POST.PHL-03.X","DETERM","4.3499999999999996","4.3499999999999996","","","0","4.35e-09","bestanden"
"S04.BEST.Z30.POST.PHL-05.X","DETERM","4.2999999999999998","4.2999999999999998","","","0","4.3e-09","bestanden"
"S04.BEST.Z30.POST.PHL-06.X","DETERM","4.4900000000000002","4.4900000000000002","","","0","4.49e-09","bestanden"
"S04.BEST.Z30.POST.PHL-07.X","DETERM","4.79","4.7900000000000000","","","0","4.79e-09","bestanden"
"S04.BEST.Z30.POST.PHL-08.X","DETERM","4.5800000000000001","4.5800000000000001","","","0","4.58e-09","bestanden"
"S04.BEST.Z30.POST.PVS-01.X","DETERM","4.79","4.7900000000000000","","","0","4.79e-09","bestanden"
"S04.BEST.Z30.POST.PVS-02.X","DETERM","4.9100000000000001","4.9100000000000001","","","0","4.91e-09","bestanden"
"S04.BEST.Z30.POST.PVS-03.X","DETERM","5.2300000000000004","5.2300000000000004","","","0","5.23e-09","bestanden"
"S04.BEST.Z30.POST.PVS-04.X","DETERM","4.9900000000000002","4.9900000000000002","","","0","4.99e-09","bestanden"
"S04.BEST.Z30.POST.PVS-05.X","DETERM","5.0300000000000002","5.0300000000000002","","","0","5.03e-09","bestanden"
"S04.BEST.Z30.POST.PVS-06.X","DETERM","4.5","4.5000000000000000","","","0","4.5e-09","bestanden"
"S04.BEST.Z30.POST.PVS-07.X","DETERM","","","zu wenige Werte","zu wenige Werte","","","bestanden (beide fehlend, gleicher Grund)"
"S04.BEST.Z30.POST.PVS-08.X","DETERM","5.2199999999999998","5.2199999999999998","","","0","5.22e-09","bestanden"
"S04.BEST.Z30.POST.PVS-10.X","DETERM","4.8600000000000003","4.8600000000000003","","","0","4.86e-09","bestanden"
"S04.BEST.Z30.POST.PVS-11.X","DETERM","4.6399999999999997","4.6399999999999997","","","0","4.64e-09","bestanden"
"S04.BEST.Z30.POST.PVS-16.X","DETERM","","","zu wenige Werte","zu wenige Werte","","","bestanden (beide fehlend, gleicher Grund)"
"S04.BEST.Z30.POST.PVS-17.X","DETERM","4.7599999999999998","4.7599999999999998","","","0","4.76e-09","bestanden"
"S04.BEST.Z30.POST.PVS-18.X","DETERM","5.1799999999999997","5.1799999999999997","","","0","5.18e-09","bestanden"
"S04.BEST.Z30.PRE.PBW-01.X","DETERM","4.5300000000000002","4.5300000000000002","","","0","4.53e-09","bestanden"
"S04.BEST.Z30.PRE.PBW-02.X","DETERM","4.6900000000000004","4.6900000000000004","","","0","4.69e-09","bestanden"
"S04.BEST.Z30.PRE.PBW-04.X","DETERM","4.6299999999999999","4.6299999999999999","","","0","4.63e-09","bestanden"
"S04.BEST.Z30.PRE.PBW-05.X","DETERM","4.4199999999999999","4.4199999999999999","","","0","4.42e-09","bestanden"
"S04.BEST.Z30.PRE.PBW-06.X","DETERM","4.5","4.5000000000000000","","","0","4.5e-09","bestanden"
"S04.BEST.Z30.PRE.PBW-07.X","DETERM","4.29","4.2900000000000000","","","0","4.29e-09","bestanden"
"S04.BEST.Z30.PRE.PBW-08.X","DETERM","4.4500000000000002","4.4500000000000002","","","0","4.45e-09","bestanden"
"S04.BEST.Z30.PRE.PBW-09.X","DETERM","4.8200000000000003","4.8200000000000003","","","0","4.82e-09","bestanden"
"S04.BEST.Z30.PRE.PBW-10.X","DETERM","4.5499999999999998","4.5499999999999998","","","0","4.55e-09","bestanden"
"S04.BEST.Z30.PRE.PBW-11.X","DETERM","4.8899999999999997","4.8899999999999997","","","0","4.89e-09","bestanden"
"S04.BEST.Z30.PRE.PBW-21.X","DETERM","5","5.0000000000000000","","","0","5e-09","bestanden"
"S04.BEST.Z30.PRE.PHL-01.X","DETERM","4.6600000000000001","4.6600000000000001","","","0","4.66e-09","bestanden"
"S04.BEST.Z30.PRE.PHL-02.X","DETERM","4.0899999999999999","4.0899999999999999","","","0","4.09e-09","bestanden"
"S04.BEST.Z30.PRE.PHL-03.X","DETERM","4.2199999999999998","4.2199999999999998","","","0","4.22e-09","bestanden"
"S04.BEST.Z30.PRE.PHL-05.X","DETERM","4.25","4.2500000000000000","","","0","4.25e-09","bestanden"
"S04.BEST.Z30.PRE.PHL-06.X","DETERM","4.5099999999999998","4.5099999999999998","","","0","4.51e-09","bestanden"
"S04.BEST.Z30.PRE.PHL-07.X","DETERM","4.4800000000000004","4.4800000000000004","","","0","4.48e-09","bestanden"
"S04.BEST.Z30.PRE.PHL-08.X","DETERM","4.4800000000000004","4.4800000000000004","","","0","4.48e-09","bestanden"
"S04.BEST.Z30.PRE.PVS-01.X","DETERM","4.9100000000000001","4.9100000000000001","","","0","4.91e-09","bestanden"
"S04.BEST.Z30.PRE.PVS-02.X","DETERM","4.8899999999999997","4.8899999999999997","","","0","4.89e-09","bestanden"
"S04.BEST.Z30.PRE.PVS-03.X","DETERM","4.9400000000000004","4.9400000000000004","","","0","4.94e-09","bestanden"
"S04.BEST.Z30.PRE.PVS-04.X","DETERM","5.0199999999999996","5.0199999999999996","","","0","5.02e-09","bestanden"
"S04.BEST.Z30.PRE.PVS-05.X","DETERM","4.9500000000000002","4.9500000000000002","","","0","4.95e-09","bestanden"
"S04.BEST.Z30.PRE.PVS-06.X","DETERM","4.4500000000000002","4.4500000000000002","","","0","4.45e-09","bestanden"
"S04.BEST.Z30.PRE.PVS-07.X","DETERM","5.1900000000000004","5.1900000000000004","","","0","5.19e-09","bestanden"
"S04.BEST.Z30.PRE.PVS-08.X","DETERM","5.4400000000000004","5.4400000000000004","","","0","5.44e-09","bestanden"
"S04.BEST.Z30.PRE.PVS-10.X","DETERM","4.6399999999999997","4.6399999999999997","","","0","4.64e-09","bestanden"
"S04.BEST.Z30.PRE.PVS-11.X","DETERM","5.04","5.0400000000000000","","","0","5.04e-09","bestanden"
"S04.BEST.Z30.PRE.PVS-16.X","DETERM","4.9199999999999999","4.9199999999999999","","","0","4.92e-09","bestanden"
"S04.BEST.Z30.PRE.PVS-17.X","DETERM","4.6600000000000001","4.6600000000000001","","","0","4.66e-09","bestanden"
"S04.BEST.Z30.PRE.PVS-18.X","DETERM","5.0700000000000003","5.0700000000000003","","","0","5.07e-09","bestanden"
"S04.K.CL.POST.PBW-01.X","EXAKT","2","2","","","0","0","bestanden"
"S04.K.CL.POST.PBW-02.X","EXAKT","2","2","","","0","0","bestanden"
"S04.K.CL.POST.PBW-04.X","EXAKT","2","2","","","0","0","bestanden"
"S04.K.CL.POST.PBW-05.X","EXAKT","1","1","","","0","0","bestanden"
"S04.K.CL.POST.PBW-06.X","EXAKT","1","1","","","0","0","bestanden"
"S04.K.CL.POST.PBW-07.X","EXAKT","0","0","","","0","0","bestanden"
"S04.K.CL.POST.PBW-08.X","EXAKT","2","2","","","0","0","bestanden"
"S04.K.CL.POST.PBW-09.X","EXAKT","1","1","","","0","0","bestanden"
"S04.K.CL.POST.PBW-10.X","EXAKT","2","2","","","0","0","bestanden"
"S04.K.CL.POST.PBW-11.X","EXAKT","2","2","","","0","0","bestanden"
"S04.K.CL.POST.PBW-21.X","EXAKT","0","0","","","0","0","bestanden"
"S04.K.CL.POST.PHL-01.X","EXAKT","1","1","","","0","0","bestanden"
"S04.K.CL.POST.PHL-02.X","EXAKT","1","1","","","0","0","bestanden"
"S04.K.CL.POST.PHL-03.X","EXAKT","2","2","","","0","0","bestanden"
"S04.K.CL.POST.PHL-05.X","EXAKT","2","2","","","0","0","bestanden"
"S04.K.CL.POST.PHL-06.X","EXAKT","1","1","","","0","0","bestanden"
"S04.K.CL.POST.PHL-07.X","EXAKT","2","2","","","0","0","bestanden"
"S04.K.CL.POST.PHL-08.X","EXAKT","2","2","","","0","0","bestanden"
"S04.K.CL.POST.PVS-01.X","EXAKT","2","2","","","0","0","bestanden"
"S04.K.CL.POST.PVS-02.X","EXAKT","2","2","","","0","0","bestanden"
"S04.K.CL.POST.PVS-03.X","EXAKT","2","2","","","0","0","bestanden"
"S04.K.CL.POST.PVS-04.X","EXAKT","2","2","","","0","0","bestanden"
"S04.K.CL.POST.PVS-05.X","EXAKT","2","2","","","0","0","bestanden"
"S04.K.CL.POST.PVS-06.X","EXAKT","2","2","","","0","0","bestanden"
"S04.K.CL.POST.PVS-07.X","EXAKT","0","0","","","0","0","bestanden"
"S04.K.CL.POST.PVS-08.X","EXAKT","2","2","","","0","0","bestanden"
"S04.K.CL.POST.PVS-10.X","EXAKT","2","2","","","0","0","bestanden"
"S04.K.CL.POST.PVS-11.X","EXAKT","2","2","","","0","0","bestanden"
"S04.K.CL.POST.PVS-16.X","EXAKT","0","0","","","0","0","bestanden"
"S04.K.CL.POST.PVS-17.X","EXAKT","2","2","","","0","0","bestanden"
"S04.K.CL.POST.PVS-18.X","EXAKT","2","2","","","0","0","bestanden"
"S04.K.CL.PRE.PBW-01.X","EXAKT","2","2","","","0","0","bestanden"
"S04.K.CL.PRE.PBW-02.X","EXAKT","2","2","","","0","0","bestanden"
"S04.K.CL.PRE.PBW-04.X","EXAKT","2","2","","","0","0","bestanden"
"S04.K.CL.PRE.PBW-05.X","EXAKT","2","2","","","0","0","bestanden"
"S04.K.CL.PRE.PBW-06.X","EXAKT","2","2","","","0","0","bestanden"
"S04.K.CL.PRE.PBW-07.X","EXAKT","2","2","","","0","0","bestanden"
"S04.K.CL.PRE.PBW-08.X","EXAKT","1","1","","","0","0","bestanden"
"S04.K.CL.PRE.PBW-09.X","EXAKT","2","2","","","0","0","bestanden"
"S04.K.CL.PRE.PBW-10.X","EXAKT","2","2","","","0","0","bestanden"
"S04.K.CL.PRE.PBW-11.X","EXAKT","1","1","","","0","0","bestanden"
"S04.K.CL.PRE.PBW-21.X","EXAKT","2","2","","","0","0","bestanden"
"S04.K.CL.PRE.PHL-01.X","EXAKT","2","2","","","0","0","bestanden"
"S04.K.CL.PRE.PHL-02.X","EXAKT","3","3","","","0","0","bestanden"
"S04.K.CL.PRE.PHL-03.X","EXAKT","3","3","","","0","0","bestanden"
"S04.K.CL.PRE.PHL-05.X","EXAKT","1","1","","","0","0","bestanden"
"S04.K.CL.PRE.PHL-06.X","EXAKT","3","3","","","0","0","bestanden"
"S04.K.CL.PRE.PHL-07.X","EXAKT","0","0","","","0","0","bestanden"
"S04.K.CL.PRE.PHL-08.X","EXAKT","1","1","","","0","0","bestanden"
"S04.K.CL.PRE.PVS-01.X","EXAKT","2","2","","","0","0","bestanden"
"S04.K.CL.PRE.PVS-02.X","EXAKT","1","1","","","0","0","bestanden"
"S04.K.CL.PRE.PVS-03.X","EXAKT","2","2","","","0","0","bestanden"
"S04.K.CL.PRE.PVS-04.X","EXAKT","3","3","","","0","0","bestanden"
"S04.K.CL.PRE.PVS-05.X","EXAKT","1","1","","","0","0","bestanden"
"S04.K.CL.PRE.PVS-06.X","EXAKT","2","2","","","0","0","bestanden"
"S04.K.CL.PRE.PVS-07.X","EXAKT","2","2","","","0","0","bestanden"
"S04.K.CL.PRE.PVS-08.X","EXAKT","2","2","","","0","0","bestanden"
"S04.K.CL.PRE.PVS-10.X","EXAKT","2","2","","","0","0","bestanden"
"S04.K.CL.PRE.PVS-11.X","EXAKT","2","2","","","0","0","bestanden"
"S04.K.CL.PRE.PVS-16.X","EXAKT","0","0","","","0","0","bestanden"
"S04.K.CL.PRE.PVS-17.X","EXAKT","2","2","","","0","0","bestanden"
"S04.K.CL.PRE.PVS-18.X","EXAKT","1","1","","","0","0","bestanden"
"S04.K.CR.POST.PBW-01.X","EXAKT","2","2","","","0","0","bestanden"
"S04.K.CR.POST.PBW-02.X","EXAKT","1","1","","","0","0","bestanden"
"S04.K.CR.POST.PBW-04.X","EXAKT","2","2","","","0","0","bestanden"
"S04.K.CR.POST.PBW-05.X","EXAKT","0","0","","","0","0","bestanden"
"S04.K.CR.POST.PBW-06.X","EXAKT","1","1","","","0","0","bestanden"
"S04.K.CR.POST.PBW-07.X","EXAKT","0","0","","","0","0","bestanden"
"S04.K.CR.POST.PBW-08.X","EXAKT","2","2","","","0","0","bestanden"
"S04.K.CR.POST.PBW-09.X","EXAKT","1","1","","","0","0","bestanden"
"S04.K.CR.POST.PBW-10.X","EXAKT","2","2","","","0","0","bestanden"
"S04.K.CR.POST.PBW-11.X","EXAKT","2","2","","","0","0","bestanden"
"S04.K.CR.POST.PBW-21.X","EXAKT","0","0","","","0","0","bestanden"
"S04.K.CR.POST.PHL-01.X","EXAKT","2","2","","","0","0","bestanden"
"S04.K.CR.POST.PHL-02.X","EXAKT","1","1","","","0","0","bestanden"
"S04.K.CR.POST.PHL-03.X","EXAKT","1","1","","","0","0","bestanden"
"S04.K.CR.POST.PHL-05.X","EXAKT","2","2","","","0","0","bestanden"
"S04.K.CR.POST.PHL-06.X","EXAKT","2","2","","","0","0","bestanden"
"S04.K.CR.POST.PHL-07.X","EXAKT","1","1","","","0","0","bestanden"
"S04.K.CR.POST.PHL-08.X","EXAKT","1","1","","","0","0","bestanden"
"S04.K.CR.POST.PVS-01.X","EXAKT","2","2","","","0","0","bestanden"
"S04.K.CR.POST.PVS-02.X","EXAKT","1","1","","","0","0","bestanden"
"S04.K.CR.POST.PVS-03.X","EXAKT","2","2","","","0","0","bestanden"
"S04.K.CR.POST.PVS-04.X","EXAKT","2","2","","","0","0","bestanden"
"S04.K.CR.POST.PVS-05.X","EXAKT","2","2","","","0","0","bestanden"
"S04.K.CR.POST.PVS-06.X","EXAKT","1","1","","","0","0","bestanden"
"S04.K.CR.POST.PVS-07.X","EXAKT","0","0","","","0","0","bestanden"
"S04.K.CR.POST.PVS-08.X","EXAKT","2","2","","","0","0","bestanden"
"S04.K.CR.POST.PVS-10.X","EXAKT","1","1","","","0","0","bestanden"
"S04.K.CR.POST.PVS-11.X","EXAKT","1","1","","","0","0","bestanden"
"S04.K.CR.POST.PVS-16.X","EXAKT","0","0","","","0","0","bestanden"
"S04.K.CR.POST.PVS-17.X","EXAKT","2","2","","","0","0","bestanden"
"S04.K.CR.POST.PVS-18.X","EXAKT","1","1","","","0","0","bestanden"
"S04.K.CR.PRE.PBW-01.X","EXAKT","2","2","","","0","0","bestanden"
"S04.K.CR.PRE.PBW-02.X","EXAKT","2","2","","","0","0","bestanden"
"S04.K.CR.PRE.PBW-04.X","EXAKT","2","2","","","0","0","bestanden"
"S04.K.CR.PRE.PBW-05.X","EXAKT","2","2","","","0","0","bestanden"
"S04.K.CR.PRE.PBW-06.X","EXAKT","2","2","","","0","0","bestanden"
"S04.K.CR.PRE.PBW-07.X","EXAKT","2","2","","","0","0","bestanden"
"S04.K.CR.PRE.PBW-08.X","EXAKT","1","1","","","0","0","bestanden"
"S04.K.CR.PRE.PBW-09.X","EXAKT","1","1","","","0","0","bestanden"
"S04.K.CR.PRE.PBW-10.X","EXAKT","2","2","","","0","0","bestanden"
"S04.K.CR.PRE.PBW-11.X","EXAKT","0","0","","","0","0","bestanden"
"S04.K.CR.PRE.PBW-21.X","EXAKT","2","2","","","0","0","bestanden"
"S04.K.CR.PRE.PHL-01.X","EXAKT","2","2","","","0","0","bestanden"
"S04.K.CR.PRE.PHL-02.X","EXAKT","2","2","","","0","0","bestanden"
"S04.K.CR.PRE.PHL-03.X","EXAKT","2","2","","","0","0","bestanden"
"S04.K.CR.PRE.PHL-05.X","EXAKT","3","3","","","0","0","bestanden"
"S04.K.CR.PRE.PHL-06.X","EXAKT","3","3","","","0","0","bestanden"
"S04.K.CR.PRE.PHL-07.X","EXAKT","2","2","","","0","0","bestanden"
"S04.K.CR.PRE.PHL-08.X","EXAKT","2","2","","","0","0","bestanden"
"S04.K.CR.PRE.PVS-01.X","EXAKT","1","1","","","0","0","bestanden"
"S04.K.CR.PRE.PVS-02.X","EXAKT","2","2","","","0","0","bestanden"
"S04.K.CR.PRE.PVS-03.X","EXAKT","3","3","","","0","0","bestanden"
"S04.K.CR.PRE.PVS-04.X","EXAKT","3","3","","","0","0","bestanden"
"S04.K.CR.PRE.PVS-05.X","EXAKT","2","2","","","0","0","bestanden"
"S04.K.CR.PRE.PVS-06.X","EXAKT","2","2","","","0","0","bestanden"
"S04.K.CR.PRE.PVS-07.X","EXAKT","2","2","","","0","0","bestanden"
"S04.K.CR.PRE.PVS-08.X","EXAKT","2","2","","","0","0","bestanden"
"S04.K.CR.PRE.PVS-10.X","EXAKT","2","2","","","0","0","bestanden"
"S04.K.CR.PRE.PVS-11.X","EXAKT","2","2","","","0","0","bestanden"
"S04.K.CR.PRE.PVS-16.X","EXAKT","2","2","","","0","0","bestanden"
"S04.K.CR.PRE.PVS-17.X","EXAKT","2","2","","","0","0","bestanden"
"S04.K.CR.PRE.PVS-18.X","EXAKT","0","0","","","0","0","bestanden"
"S04.K.SBJ.POST.PBW-01.X","EXAKT","2","2","","","0","0","bestanden"
"S04.K.SBJ.POST.PBW-02.X","EXAKT","3","3","","","0","0","bestanden"
"S04.K.SBJ.POST.PBW-04.X","EXAKT","2","2","","","0","0","bestanden"
"S04.K.SBJ.POST.PBW-05.X","EXAKT","3","3","","","0","0","bestanden"
"S04.K.SBJ.POST.PBW-06.X","EXAKT","3","3","","","0","0","bestanden"
"S04.K.SBJ.POST.PBW-07.X","EXAKT","0","0","","","0","0","bestanden"
"S04.K.SBJ.POST.PBW-08.X","EXAKT","2","2","","","0","0","bestanden"
"S04.K.SBJ.POST.PBW-09.X","EXAKT","2","2","","","0","0","bestanden"
"S04.K.SBJ.POST.PBW-10.X","EXAKT","2","2","","","0","0","bestanden"
"S04.K.SBJ.POST.PBW-11.X","EXAKT","1","1","","","0","0","bestanden"
"S04.K.SBJ.POST.PBW-21.X","EXAKT","0","0","","","0","0","bestanden"
"S04.K.SBJ.POST.PHL-01.X","EXAKT","2","2","","","0","0","bestanden"
"S04.K.SBJ.POST.PHL-02.X","EXAKT","1","1","","","0","0","bestanden"
"S04.K.SBJ.POST.PHL-03.X","EXAKT","2","2","","","0","0","bestanden"
"S04.K.SBJ.POST.PHL-05.X","EXAKT","1","1","","","0","0","bestanden"
"S04.K.SBJ.POST.PHL-06.X","EXAKT","2","2","","","0","0","bestanden"
"S04.K.SBJ.POST.PHL-07.X","EXAKT","2","2","","","0","0","bestanden"
"S04.K.SBJ.POST.PHL-08.X","EXAKT","2","2","","","0","0","bestanden"
"S04.K.SBJ.POST.PVS-01.X","EXAKT","2","2","","","0","0","bestanden"
"S04.K.SBJ.POST.PVS-02.X","EXAKT","2","2","","","0","0","bestanden"
"S04.K.SBJ.POST.PVS-03.X","EXAKT","2","2","","","0","0","bestanden"
"S04.K.SBJ.POST.PVS-04.X","EXAKT","2","2","","","0","0","bestanden"
"S04.K.SBJ.POST.PVS-05.X","EXAKT","2","2","","","0","0","bestanden"
"S04.K.SBJ.POST.PVS-06.X","EXAKT","2","2","","","0","0","bestanden"
"S04.K.SBJ.POST.PVS-07.X","EXAKT","0","0","","","0","0","bestanden"
"S04.K.SBJ.POST.PVS-08.X","EXAKT","2","2","","","0","0","bestanden"
"S04.K.SBJ.POST.PVS-10.X","EXAKT","1","1","","","0","0","bestanden"
"S04.K.SBJ.POST.PVS-11.X","EXAKT","2","2","","","0","0","bestanden"
"S04.K.SBJ.POST.PVS-16.X","EXAKT","0","0","","","0","0","bestanden"
"S04.K.SBJ.POST.PVS-17.X","EXAKT","2","2","","","0","0","bestanden"
"S04.K.SBJ.POST.PVS-18.X","EXAKT","2","2","","","0","0","bestanden"
"S04.K.SBJ.PRE.PBW-01.X","EXAKT","2","2","","","0","0","bestanden"
"S04.K.SBJ.PRE.PBW-02.X","EXAKT","2","2","","","0","0","bestanden"
"S04.K.SBJ.PRE.PBW-04.X","EXAKT","3","3","","","0","0","bestanden"
"S04.K.SBJ.PRE.PBW-05.X","EXAKT","3","3","","","0","0","bestanden"
"S04.K.SBJ.PRE.PBW-06.X","EXAKT","3","3","","","0","0","bestanden"
"S04.K.SBJ.PRE.PBW-07.X","EXAKT","3","3","","","0","0","bestanden"
"S04.K.SBJ.PRE.PBW-08.X","EXAKT","2","2","","","0","0","bestanden"
"S04.K.SBJ.PRE.PBW-09.X","EXAKT","2","2","","","0","0","bestanden"
"S04.K.SBJ.PRE.PBW-10.X","EXAKT","2","2","","","0","0","bestanden"
"S04.K.SBJ.PRE.PBW-11.X","EXAKT","2","2","","","0","0","bestanden"
"S04.K.SBJ.PRE.PBW-21.X","EXAKT","2","2","","","0","0","bestanden"
"S04.K.SBJ.PRE.PHL-01.X","EXAKT","3","3","","","0","0","bestanden"
"S04.K.SBJ.PRE.PHL-02.X","EXAKT","2","2","","","0","0","bestanden"
"S04.K.SBJ.PRE.PHL-03.X","EXAKT","3","3","","","0","0","bestanden"
"S04.K.SBJ.PRE.PHL-05.X","EXAKT","2","2","","","0","0","bestanden"
"S04.K.SBJ.PRE.PHL-06.X","EXAKT","3","3","","","0","0","bestanden"
"S04.K.SBJ.PRE.PHL-07.X","EXAKT","3","3","","","0","0","bestanden"
"S04.K.SBJ.PRE.PHL-08.X","EXAKT","3","3","","","0","0","bestanden"
"S04.K.SBJ.PRE.PVS-01.X","EXAKT","3","3","","","0","0","bestanden"
"S04.K.SBJ.PRE.PVS-02.X","EXAKT","3","3","","","0","0","bestanden"
"S04.K.SBJ.PRE.PVS-03.X","EXAKT","2","2","","","0","0","bestanden"
"S04.K.SBJ.PRE.PVS-04.X","EXAKT","3","3","","","0","0","bestanden"
"S04.K.SBJ.PRE.PVS-05.X","EXAKT","2","2","","","0","0","bestanden"
"S04.K.SBJ.PRE.PVS-06.X","EXAKT","2","2","","","0","0","bestanden"
"S04.K.SBJ.PRE.PVS-07.X","EXAKT","2","2","","","0","0","bestanden"
"S04.K.SBJ.PRE.PVS-08.X","EXAKT","1","1","","","0","0","bestanden"
"S04.K.SBJ.PRE.PVS-10.X","EXAKT","2","2","","","0","0","bestanden"
"S04.K.SBJ.PRE.PVS-11.X","EXAKT","2","2","","","0","0","bestanden"
"S04.K.SBJ.PRE.PVS-16.X","EXAKT","2","2","","","0","0","bestanden"
"S04.K.SBJ.PRE.PVS-17.X","EXAKT","1","1","","","0","0","bestanden"
"S04.K.SBJ.PRE.PVS-18.X","EXAKT","2","2","","","0","0","bestanden"
"S04.K.Z05.POST.PBW-01.X","EXAKT","3","3","","","0","0","bestanden"
"S04.K.Z05.POST.PBW-02.X","EXAKT","3","3","","","0","0","bestanden"
"S04.K.Z05.POST.PBW-04.X","EXAKT","3","3","","","0","0","bestanden"
"S04.K.Z05.POST.PBW-05.X","EXAKT","3","3","","","0","0","bestanden"
"S04.K.Z05.POST.PBW-06.X","EXAKT","3","3","","","0","0","bestanden"
"S04.K.Z05.POST.PBW-07.X","EXAKT","0","0","","","0","0","bestanden"
"S04.K.Z05.POST.PBW-08.X","EXAKT","2","2","","","0","0","bestanden"
"S04.K.Z05.POST.PBW-09.X","EXAKT","2","2","","","0","0","bestanden"
"S04.K.Z05.POST.PBW-10.X","EXAKT","2","2","","","0","0","bestanden"
"S04.K.Z05.POST.PBW-11.X","EXAKT","2","2","","","0","0","bestanden"
"S04.K.Z05.POST.PBW-21.X","EXAKT","0","0","","","0","0","bestanden"
"S04.K.Z05.POST.PHL-01.X","EXAKT","3","3","","","0","0","bestanden"
"S04.K.Z05.POST.PHL-02.X","EXAKT","3","3","","","0","0","bestanden"
"S04.K.Z05.POST.PHL-03.X","EXAKT","3","3","","","0","0","bestanden"
"S04.K.Z05.POST.PHL-05.X","EXAKT","3","3","","","0","0","bestanden"
"S04.K.Z05.POST.PHL-06.X","EXAKT","3","3","","","0","0","bestanden"
"S04.K.Z05.POST.PHL-07.X","EXAKT","3","3","","","0","0","bestanden"
"S04.K.Z05.POST.PHL-08.X","EXAKT","2","2","","","0","0","bestanden"
"S04.K.Z05.POST.PVS-01.X","EXAKT","2","2","","","0","0","bestanden"
"S04.K.Z05.POST.PVS-02.X","EXAKT","2","2","","","0","0","bestanden"
"S04.K.Z05.POST.PVS-03.X","EXAKT","2","2","","","0","0","bestanden"
"S04.K.Z05.POST.PVS-04.X","EXAKT","3","3","","","0","0","bestanden"
"S04.K.Z05.POST.PVS-05.X","EXAKT","1","1","","","0","0","bestanden"
"S04.K.Z05.POST.PVS-06.X","EXAKT","2","2","","","0","0","bestanden"
"S04.K.Z05.POST.PVS-07.X","EXAKT","0","0","","","0","0","bestanden"
"S04.K.Z05.POST.PVS-08.X","EXAKT","2","2","","","0","0","bestanden"
"S04.K.Z05.POST.PVS-10.X","EXAKT","2","2","","","0","0","bestanden"
"S04.K.Z05.POST.PVS-11.X","EXAKT","2","2","","","0","0","bestanden"
"S04.K.Z05.POST.PVS-16.X","EXAKT","0","0","","","0","0","bestanden"
"S04.K.Z05.POST.PVS-17.X","EXAKT","2","2","","","0","0","bestanden"
"S04.K.Z05.POST.PVS-18.X","EXAKT","1","1","","","0","0","bestanden"
"S04.K.Z05.PRE.PBW-01.X","EXAKT","2","2","","","0","0","bestanden"
"S04.K.Z05.PRE.PBW-02.X","EXAKT","2","2","","","0","0","bestanden"
"S04.K.Z05.PRE.PBW-04.X","EXAKT","2","2","","","0","0","bestanden"
"S04.K.Z05.PRE.PBW-05.X","EXAKT","2","2","","","0","0","bestanden"
"S04.K.Z05.PRE.PBW-06.X","EXAKT","3","3","","","0","0","bestanden"
"S04.K.Z05.PRE.PBW-07.X","EXAKT","1","1","","","0","0","bestanden"
"S04.K.Z05.PRE.PBW-08.X","EXAKT","2","2","","","0","0","bestanden"
"S04.K.Z05.PRE.PBW-09.X","EXAKT","2","2","","","0","0","bestanden"
"S04.K.Z05.PRE.PBW-10.X","EXAKT","2","2","","","0","0","bestanden"
"S04.K.Z05.PRE.PBW-11.X","EXAKT","2","2","","","0","0","bestanden"
"S04.K.Z05.PRE.PBW-21.X","EXAKT","2","2","","","0","0","bestanden"
"S04.K.Z05.PRE.PHL-01.X","EXAKT","3","3","","","0","0","bestanden"
"S04.K.Z05.PRE.PHL-02.X","EXAKT","3","3","","","0","0","bestanden"
"S04.K.Z05.PRE.PHL-03.X","EXAKT","2","2","","","0","0","bestanden"
"S04.K.Z05.PRE.PHL-05.X","EXAKT","2","2","","","0","0","bestanden"
"S04.K.Z05.PRE.PHL-06.X","EXAKT","2","2","","","0","0","bestanden"
"S04.K.Z05.PRE.PHL-07.X","EXAKT","3","3","","","0","0","bestanden"
"S04.K.Z05.PRE.PHL-08.X","EXAKT","3","3","","","0","0","bestanden"
"S04.K.Z05.PRE.PVS-01.X","EXAKT","1","1","","","0","0","bestanden"
"S04.K.Z05.PRE.PVS-02.X","EXAKT","2","2","","","0","0","bestanden"
"S04.K.Z05.PRE.PVS-03.X","EXAKT","2","2","","","0","0","bestanden"
"S04.K.Z05.PRE.PVS-04.X","EXAKT","3","3","","","0","0","bestanden"
"S04.K.Z05.PRE.PVS-05.X","EXAKT","2","2","","","0","0","bestanden"
"S04.K.Z05.PRE.PVS-06.X","EXAKT","0","0","","","0","0","bestanden"
"S04.K.Z05.PRE.PVS-07.X","EXAKT","1","1","","","0","0","bestanden"
"S04.K.Z05.PRE.PVS-08.X","EXAKT","0","0","","","0","0","bestanden"
"S04.K.Z05.PRE.PVS-10.X","EXAKT","1","1","","","0","0","bestanden"
"S04.K.Z05.PRE.PVS-11.X","EXAKT","1","1","","","0","0","bestanden"
"S04.K.Z05.PRE.PVS-16.X","EXAKT","0","0","","","0","0","bestanden"
"S04.K.Z05.PRE.PVS-17.X","EXAKT","0","0","","","0","0","bestanden"
"S04.K.Z05.PRE.PVS-18.X","EXAKT","0","0","","","0","0","bestanden"
"S04.K.Z10.POST.PBW-01.X","EXAKT","0","0","","","0","0","bestanden"
"S04.K.Z10.POST.PBW-02.X","EXAKT","0","0","","","0","0","bestanden"
"S04.K.Z10.POST.PBW-04.X","EXAKT","0","0","","","0","0","bestanden"
"S04.K.Z10.POST.PBW-05.X","EXAKT","0","0","","","0","0","bestanden"
"S04.K.Z10.POST.PBW-06.X","EXAKT","0","0","","","0","0","bestanden"
"S04.K.Z10.POST.PBW-07.X","EXAKT","0","0","","","0","0","bestanden"
"S04.K.Z10.POST.PBW-08.X","EXAKT","0","0","","","0","0","bestanden"
"S04.K.Z10.POST.PBW-09.X","EXAKT","0","0","","","0","0","bestanden"
"S04.K.Z10.POST.PBW-10.X","EXAKT","0","0","","","0","0","bestanden"
"S04.K.Z10.POST.PBW-11.X","EXAKT","0","0","","","0","0","bestanden"
"S04.K.Z10.POST.PBW-21.X","EXAKT","0","0","","","0","0","bestanden"
"S04.K.Z10.POST.PHL-01.X","EXAKT","3","3","","","0","0","bestanden"
"S04.K.Z10.POST.PHL-02.X","EXAKT","3","3","","","0","0","bestanden"
"S04.K.Z10.POST.PHL-03.X","EXAKT","3","3","","","0","0","bestanden"
"S04.K.Z10.POST.PHL-05.X","EXAKT","3","3","","","0","0","bestanden"
"S04.K.Z10.POST.PHL-06.X","EXAKT","3","3","","","0","0","bestanden"
"S04.K.Z10.POST.PHL-07.X","EXAKT","3","3","","","0","0","bestanden"
"S04.K.Z10.POST.PHL-08.X","EXAKT","2","2","","","0","0","bestanden"
"S04.K.Z10.POST.PVS-01.X","EXAKT","1","1","","","0","0","bestanden"
"S04.K.Z10.POST.PVS-02.X","EXAKT","1","1","","","0","0","bestanden"
"S04.K.Z10.POST.PVS-03.X","EXAKT","1","1","","","0","0","bestanden"
"S04.K.Z10.POST.PVS-04.X","EXAKT","3","3","","","0","0","bestanden"
"S04.K.Z10.POST.PVS-05.X","EXAKT","1","1","","","0","0","bestanden"
"S04.K.Z10.POST.PVS-06.X","EXAKT","2","2","","","0","0","bestanden"
"S04.K.Z10.POST.PVS-07.X","EXAKT","0","0","","","0","0","bestanden"
"S04.K.Z10.POST.PVS-08.X","EXAKT","2","2","","","0","0","bestanden"
"S04.K.Z10.POST.PVS-10.X","EXAKT","2","2","","","0","0","bestanden"
"S04.K.Z10.POST.PVS-11.X","EXAKT","2","2","","","0","0","bestanden"
"S04.K.Z10.POST.PVS-16.X","EXAKT","0","0","","","0","0","bestanden"
"S04.K.Z10.POST.PVS-17.X","EXAKT","2","2","","","0","0","bestanden"
"S04.K.Z10.POST.PVS-18.X","EXAKT","1","1","","","0","0","bestanden"
"S04.K.Z10.PRE.PBW-01.X","EXAKT","3","3","","","0","0","bestanden"
"S04.K.Z10.PRE.PBW-02.X","EXAKT","3","3","","","0","0","bestanden"
"S04.K.Z10.PRE.PBW-04.X","EXAKT","3","3","","","0","0","bestanden"
"S04.K.Z10.PRE.PBW-05.X","EXAKT","3","3","","","0","0","bestanden"
"S04.K.Z10.PRE.PBW-06.X","EXAKT","3","3","","","0","0","bestanden"
"S04.K.Z10.PRE.PBW-07.X","EXAKT","3","3","","","0","0","bestanden"
"S04.K.Z10.PRE.PBW-08.X","EXAKT","2","2","","","0","0","bestanden"
"S04.K.Z10.PRE.PBW-09.X","EXAKT","2","2","","","0","0","bestanden"
"S04.K.Z10.PRE.PBW-10.X","EXAKT","2","2","","","0","0","bestanden"
"S04.K.Z10.PRE.PBW-11.X","EXAKT","2","2","","","0","0","bestanden"
"S04.K.Z10.PRE.PBW-21.X","EXAKT","2","2","","","0","0","bestanden"
"S04.K.Z10.PRE.PHL-01.X","EXAKT","2","2","","","0","0","bestanden"
"S04.K.Z10.PRE.PHL-02.X","EXAKT","3","3","","","0","0","bestanden"
"S04.K.Z10.PRE.PHL-03.X","EXAKT","3","3","","","0","0","bestanden"
"S04.K.Z10.PRE.PHL-05.X","EXAKT","3","3","","","0","0","bestanden"
"S04.K.Z10.PRE.PHL-06.X","EXAKT","2","2","","","0","0","bestanden"
"S04.K.Z10.PRE.PHL-07.X","EXAKT","3","3","","","0","0","bestanden"
"S04.K.Z10.PRE.PHL-08.X","EXAKT","2","2","","","0","0","bestanden"
"S04.K.Z10.PRE.PVS-01.X","EXAKT","1","1","","","0","0","bestanden"
"S04.K.Z10.PRE.PVS-02.X","EXAKT","2","2","","","0","0","bestanden"
"S04.K.Z10.PRE.PVS-03.X","EXAKT","1","1","","","0","0","bestanden"
"S04.K.Z10.PRE.PVS-04.X","EXAKT","2","2","","","0","0","bestanden"
"S04.K.Z10.PRE.PVS-05.X","EXAKT","2","2","","","0","0","bestanden"
"S04.K.Z10.PRE.PVS-06.X","EXAKT","2","2","","","0","0","bestanden"
"S04.K.Z10.PRE.PVS-07.X","EXAKT","2","2","","","0","0","bestanden"
"S04.K.Z10.PRE.PVS-08.X","EXAKT","2","2","","","0","0","bestanden"
"S04.K.Z10.PRE.PVS-10.X","EXAKT","1","1","","","0","0","bestanden"
"S04.K.Z10.PRE.PVS-11.X","EXAKT","2","2","","","0","0","bestanden"
"S04.K.Z10.PRE.PVS-16.X","EXAKT","1","1","","","0","0","bestanden"
"S04.K.Z10.PRE.PVS-17.X","EXAKT","1","1","","","0","0","bestanden"
"S04.K.Z10.PRE.PVS-18.X","EXAKT","2","2","","","0","0","bestanden"
"S04.K.Z30.POST.PBW-01.X","EXAKT","3","3","","","0","0","bestanden"
"S04.K.Z30.POST.PBW-02.X","EXAKT","3","3","","","0","0","bestanden"
"S04.K.Z30.POST.PBW-04.X","EXAKT","3","3","","","0","0","bestanden"
"S04.K.Z30.POST.PBW-05.X","EXAKT","3","3","","","0","0","bestanden"
"S04.K.Z30.POST.PBW-06.X","EXAKT","3","3","","","0","0","bestanden"
"S04.K.Z30.POST.PBW-07.X","EXAKT","0","0","","","0","0","bestanden"
"S04.K.Z30.POST.PBW-08.X","EXAKT","2","2","","","0","0","bestanden"
"S04.K.Z30.POST.PBW-09.X","EXAKT","2","2","","","0","0","bestanden"
"S04.K.Z30.POST.PBW-10.X","EXAKT","2","2","","","0","0","bestanden"
"S04.K.Z30.POST.PBW-11.X","EXAKT","2","2","","","0","0","bestanden"
"S04.K.Z30.POST.PBW-21.X","EXAKT","0","0","","","0","0","bestanden"
"S04.K.Z30.POST.PHL-01.X","EXAKT","2","2","","","0","0","bestanden"
"S04.K.Z30.POST.PHL-02.X","EXAKT","2","2","","","0","0","bestanden"
"S04.K.Z30.POST.PHL-03.X","EXAKT","3","3","","","0","0","bestanden"
"S04.K.Z30.POST.PHL-05.X","EXAKT","3","3","","","0","0","bestanden"
"S04.K.Z30.POST.PHL-06.X","EXAKT","3","3","","","0","0","bestanden"
"S04.K.Z30.POST.PHL-07.X","EXAKT","3","3","","","0","0","bestanden"
"S04.K.Z30.POST.PHL-08.X","EXAKT","2","2","","","0","0","bestanden"
"S04.K.Z30.POST.PVS-01.X","EXAKT","3","3","","","0","0","bestanden"
"S04.K.Z30.POST.PVS-02.X","EXAKT","3","3","","","0","0","bestanden"
"S04.K.Z30.POST.PVS-03.X","EXAKT","2","2","","","0","0","bestanden"
"S04.K.Z30.POST.PVS-04.X","EXAKT","3","3","","","0","0","bestanden"
"S04.K.Z30.POST.PVS-05.X","EXAKT","2","2","","","0","0","bestanden"
"S04.K.Z30.POST.PVS-06.X","EXAKT","2","2","","","0","0","bestanden"
"S04.K.Z30.POST.PVS-07.X","EXAKT","0","0","","","0","0","bestanden"
"S04.K.Z30.POST.PVS-08.X","EXAKT","2","2","","","0","0","bestanden"
"S04.K.Z30.POST.PVS-10.X","EXAKT","2","2","","","0","0","bestanden"
"S04.K.Z30.POST.PVS-11.X","EXAKT","2","2","","","0","0","bestanden"
"S04.K.Z30.POST.PVS-16.X","EXAKT","0","0","","","0","0","bestanden"
"S04.K.Z30.POST.PVS-17.X","EXAKT","2","2","","","0","0","bestanden"
"S04.K.Z30.POST.PVS-18.X","EXAKT","1","1","","","0","0","bestanden"
"S04.K.Z30.PRE.PBW-01.X","EXAKT","3","3","","","0","0","bestanden"
"S04.K.Z30.PRE.PBW-02.X","EXAKT","3","3","","","0","0","bestanden"
"S04.K.Z30.PRE.PBW-04.X","EXAKT","3","3","","","0","0","bestanden"
"S04.K.Z30.PRE.PBW-05.X","EXAKT","3","3","","","0","0","bestanden"
"S04.K.Z30.PRE.PBW-06.X","EXAKT","3","3","","","0","0","bestanden"
"S04.K.Z30.PRE.PBW-07.X","EXAKT","3","3","","","0","0","bestanden"
"S04.K.Z30.PRE.PBW-08.X","EXAKT","2","2","","","0","0","bestanden"
"S04.K.Z30.PRE.PBW-09.X","EXAKT","2","2","","","0","0","bestanden"
"S04.K.Z30.PRE.PBW-10.X","EXAKT","2","2","","","0","0","bestanden"
"S04.K.Z30.PRE.PBW-11.X","EXAKT","2","2","","","0","0","bestanden"
"S04.K.Z30.PRE.PBW-21.X","EXAKT","2","2","","","0","0","bestanden"
"S04.K.Z30.PRE.PHL-01.X","EXAKT","3","3","","","0","0","bestanden"
"S04.K.Z30.PRE.PHL-02.X","EXAKT","3","3","","","0","0","bestanden"
"S04.K.Z30.PRE.PHL-03.X","EXAKT","3","3","","","0","0","bestanden"
"S04.K.Z30.PRE.PHL-05.X","EXAKT","3","3","","","0","0","bestanden"
"S04.K.Z30.PRE.PHL-06.X","EXAKT","2","2","","","0","0","bestanden"
"S04.K.Z30.PRE.PHL-07.X","EXAKT","2","2","","","0","0","bestanden"
"S04.K.Z30.PRE.PHL-08.X","EXAKT","3","3","","","0","0","bestanden"
"S04.K.Z30.PRE.PVS-01.X","EXAKT","1","1","","","0","0","bestanden"
"S04.K.Z30.PRE.PVS-02.X","EXAKT","2","2","","","0","0","bestanden"
"S04.K.Z30.PRE.PVS-03.X","EXAKT","2","2","","","0","0","bestanden"
"S04.K.Z30.PRE.PVS-04.X","EXAKT","3","3","","","0","0","bestanden"
"S04.K.Z30.PRE.PVS-05.X","EXAKT","2","2","","","0","0","bestanden"
"S04.K.Z30.PRE.PVS-06.X","EXAKT","3","3","","","0","0","bestanden"
"S04.K.Z30.PRE.PVS-07.X","EXAKT","3","3","","","0","0","bestanden"
"S04.K.Z30.PRE.PVS-08.X","EXAKT","3","3","","","0","0","bestanden"
"S04.K.Z30.PRE.PVS-10.X","EXAKT","3","3","","","0","0","bestanden"
"S04.K.Z30.PRE.PVS-11.X","EXAKT","2","2","","","0","0","bestanden"
"S04.K.Z30.PRE.PVS-16.X","EXAKT","2","2","","","0","0","bestanden"
"S04.K.Z30.PRE.PVS-17.X","EXAKT","3","3","","","0","0","bestanden"
"S04.K.Z30.PRE.PVS-18.X","EXAKT","2","2","","","0","0","bestanden"
"S04.MEAN.CL.POST.PBW-01.X","DETERM","2.4900000000000002","2.4900000000000002","","","0","2.49e-09","bestanden"
"S04.MEAN.CL.POST.PBW-02.X","DETERM","2.4249999999999998","2.4249999999999998","","","0","2.425e-09","bestanden"
"S04.MEAN.CL.POST.PBW-04.X","DETERM","2.4249999999999998","2.4249999999999998","","","0","2.425e-09","bestanden"
"S04.MEAN.CL.POST.PBW-05.X","DETERM","2.5","2.5000000000000000","","","0","2.5e-09","bestanden"
"S04.MEAN.CL.POST.PBW-06.X","DETERM","2.5600000000000001","2.5600000000000001","","","0","2.56e-09","bestanden"
"S04.MEAN.CL.POST.PBW-07.X","DETERM","","","zu wenige Werte","zu wenige Werte","","","bestanden (beide fehlend, gleicher Grund)"
"S04.MEAN.CL.POST.PBW-08.X","DETERM","2.4849999999999999","2.4849999999999999","","","0","2.485e-09","bestanden"
"S04.MEAN.CL.POST.PBW-09.X","DETERM","2.5499999999999998","2.5499999999999998","","","0","2.55e-09","bestanden"
"S04.MEAN.CL.POST.PBW-10.X","DETERM","2.3799999999999999","2.3799999999999999","","","0","2.38e-09","bestanden"
"S04.MEAN.CL.POST.PBW-11.X","DETERM","2.5199999999999996","2.5199999999999996","","","0","2.52e-09","bestanden"
"S04.MEAN.CL.POST.PBW-21.X","DETERM","","","zu wenige Werte","zu wenige Werte","","","bestanden (beide fehlend, gleicher Grund)"
"S04.MEAN.CL.POST.PHL-01.X","DETERM","2.4900000000000002","2.4900000000000002","","","0","2.49e-09","bestanden"
"S04.MEAN.CL.POST.PHL-02.X","DETERM","2.3199999999999998","2.3199999999999998","","","0","2.32e-09","bestanden"
"S04.MEAN.CL.POST.PHL-03.X","DETERM","2.5350000000000001","2.5350000000000001","","","0","2.535e-09","bestanden"
"S04.MEAN.CL.POST.PHL-05.X","DETERM","2.52","2.5200000000000000","","","0","2.52e-09","bestanden"
"S04.MEAN.CL.POST.PHL-06.X","DETERM","2.5600000000000001","2.5600000000000001","","","0","2.56e-09","bestanden"
"S04.MEAN.CL.POST.PHL-07.X","DETERM","2.4299999999999997","2.4299999999999997","","","0","2.43e-09","bestanden"
"S04.MEAN.CL.POST.PHL-08.X","DETERM","2.4299999999999997","2.4299999999999997","","","0","2.43e-09","bestanden"
"S04.MEAN.CL.POST.PVS-01.X","DETERM","2.4550000000000001","2.4550000000000001","","","0","2.455e-09","bestanden"
"S04.MEAN.CL.POST.PVS-02.X","DETERM","2.5299999999999998","2.5299999999999998","","","0","2.53e-09","bestanden"
"S04.MEAN.CL.POST.PVS-03.X","DETERM","2.6349999999999998","2.6349999999999998","","","0","2.635e-09","bestanden"
"S04.MEAN.CL.POST.PVS-04.X","DETERM","2.52","2.5200000000000000","","","0","2.52e-09","bestanden"
"S04.MEAN.CL.POST.PVS-05.X","DETERM","2.5149999999999997","2.5149999999999997","","","0","2.515e-09","bestanden"
"S04.MEAN.CL.POST.PVS-06.X","DETERM","2.27","2.2700000000000000","","","0","2.27e-09","bestanden"
"S04.MEAN.CL.POST.PVS-07.X","DETERM","","","zu wenige Werte","zu wenige Werte","","","bestanden (beide fehlend, gleicher Grund)"
"S04.MEAN.CL.POST.PVS-08.X","DETERM","2.7599999999999998","2.7599999999999998","","","0","2.76e-09","bestanden"
"S04.MEAN.CL.POST.PVS-10.X","DETERM","2.4950000000000001","2.4950000000000001","","","0","2.495e-09","bestanden"
"S04.MEAN.CL.POST.PVS-11.X","DETERM","2.5","2.5000000000000000","","","0","2.5e-09","bestanden"
"S04.MEAN.CL.POST.PVS-16.X","DETERM","","","zu wenige Werte","zu wenige Werte","","","bestanden (beide fehlend, gleicher Grund)"
"S04.MEAN.CL.POST.PVS-17.X","DETERM","2.5949999999999998","2.5949999999999998","","","0","2.595e-09","bestanden"
"S04.MEAN.CL.POST.PVS-18.X","DETERM","2.52","2.5200000000000000","","","0","2.52e-09","bestanden"
"S04.MEAN.CL.PRE.PBW-01.X","DETERM","2.52","2.5200000000000000","","","0","2.52e-09","bestanden"
"S04.MEAN.CL.PRE.PBW-02.X","DETERM","2.4749999999999996","2.4749999999999996","","","0","2.475e-09","bestanden"
"S04.MEAN.CL.PRE.PBW-04.X","DETERM","2.3700000000000001","2.3700000000000001","","","0","2.37e-09","bestanden"
"S04.MEAN.CL.PRE.PBW-05.X","DETERM","2.5149999999999997","2.5149999999999997","","","0","2.515e-09","bestanden"
"S04.MEAN.CL.PRE.PBW-06.X","DETERM","2.585","2.5850000000000000","","","0","2.585e-09","bestanden"
"S04.MEAN.CL.PRE.PBW-07.X","DETERM","2.4699999999999998","2.4699999999999998","","","0","2.47e-09","bestanden"
"S04.MEAN.CL.PRE.PBW-08.X","DETERM","2.4199999999999999","2.4199999999999999","","","0","2.42e-09","bestanden"
"S04.MEAN.CL.PRE.PBW-09.X","DETERM","2.5099999999999998","2.5099999999999998","","","0","2.51e-09","bestanden"
"S04.MEAN.CL.PRE.PBW-10.X","DETERM","2.5499999999999998","2.5499999999999998","","","0","2.55e-09","bestanden"
"S04.MEAN.CL.PRE.PBW-11.X","DETERM","2.6899999999999999","2.6899999999999999","","","0","2.69e-09","bestanden"
"S04.MEAN.CL.PRE.PBW-21.X","DETERM","2.71","2.7100000000000000","","","0","2.71e-09","bestanden"
"S04.MEAN.CL.PRE.PHL-01.X","DETERM","2.5300000000000002","2.5300000000000002","","","0","2.53e-09","bestanden"
"S04.MEAN.CL.PRE.PHL-02.X","DETERM","2.3633333333333333","2.3633333333333333","","","0","2.36333e-09","bestanden"
"S04.MEAN.CL.PRE.PHL-03.X","DETERM","2.416666666666667","2.4166666666666670","","","0","2.41667e-09","bestanden"
"S04.MEAN.CL.PRE.PHL-05.X","DETERM","2.4500000000000002","2.4500000000000002","","","0","2.45e-09","bestanden"
"S04.MEAN.CL.PRE.PHL-06.X","DETERM","2.46","2.4600000000000000","","","0","2.46e-09","bestanden"
"S04.MEAN.CL.PRE.PHL-07.X","DETERM","","","zu wenige Werte","zu wenige Werte","","","bestanden (beide fehlend, gleicher Grund)"
"S04.MEAN.CL.PRE.PHL-08.X","DETERM","2.4700000000000002","2.4700000000000002","","","0","2.47e-09","bestanden"
"S04.MEAN.CL.PRE.PVS-01.X","DETERM","2.52","2.5200000000000000","","","0","2.52e-09","bestanden"
"S04.MEAN.CL.PRE.PVS-02.X","DETERM","2.54","2.5400000000000000","","","0","2.54e-09","bestanden"
"S04.MEAN.CL.PRE.PVS-03.X","DETERM","2.5550000000000002","2.5550000000000002","","","0","2.555e-09","bestanden"
"S04.MEAN.CL.PRE.PVS-04.X","DETERM","2.7266666666666666","2.7266666666666666","","","0","2.72667e-09","bestanden"
"S04.MEAN.CL.PRE.PVS-05.X","DETERM","2.5800000000000001","2.5800000000000001","","","0","2.58e-09","bestanden"
"S04.MEAN.CL.PRE.PVS-06.X","DETERM","2.4249999999999998","2.4249999999999998","","","0","2.425e-09","bestanden"
"S04.MEAN.CL.PRE.PVS-07.X","DETERM","2.5899999999999999","2.5899999999999999","","","0","2.59e-09","bestanden"
"S04.MEAN.CL.PRE.PVS-08.X","DETERM","2.665","2.6650000000000000","","","0","2.665e-09","bestanden"
"S04.MEAN.CL.PRE.PVS-10.X","DETERM","2.4950000000000001","2.4950000000000001","","","0","2.495e-09","bestanden"
"S04.MEAN.CL.PRE.PVS-11.X","DETERM","2.7999999999999998","2.7999999999999998","","","0","2.8e-09","bestanden"
"S04.MEAN.CL.PRE.PVS-16.X","DETERM","","","zu wenige Werte","zu wenige Werte","","","bestanden (beide fehlend, gleicher Grund)"
"S04.MEAN.CL.PRE.PVS-17.X","DETERM","2.5800000000000001","2.5800000000000001","","","0","2.58e-09","bestanden"
"S04.MEAN.CL.PRE.PVS-18.X","DETERM","2.6099999999999999","2.6099999999999999","","","0","2.61e-09","bestanden"
"S04.MEAN.CM.POST.PBW-01.X","DETERM","2.6000000000000001","2.6000000000000001","","","0","2.6e-09","bestanden"
"S04.MEAN.CM.POST.PBW-02.X","DETERM","2.4325000000000001","2.4325000000000001","","","0","2.4325e-09","bestanden"
"S04.MEAN.CM.POST.PBW-04.X","DETERM","2.5024999999999999","2.5024999999999999","","","0","2.5025e-09","bestanden"
"S04.MEAN.CM.POST.PBW-05.X","DETERM","","","Eingang fehlt","Eingang fehlt","","","bestanden (beide fehlend, gleicher Grund)"
"S04.MEAN.CM.POST.PBW-06.X","DETERM","2.5899999999999999","2.5899999999999999","","","0","2.59e-09","bestanden"
"S04.MEAN.CM.POST.PBW-07.X","DETERM","","","Eingang fehlt","Eingang fehlt","","","bestanden (beide fehlend, gleicher Grund)"
"S04.MEAN.CM.POST.PBW-08.X","DETERM","2.5125000000000002","2.5125000000000002","","","0","2.5125e-09","bestanden"
"S04.MEAN.CM.POST.PBW-09.X","DETERM","2.5499999999999998","2.5499999999999998","","","0","2.55e-09","bestanden"
"S04.MEAN.CM.POST.PBW-10.X","DETERM","2.4624999999999999","2.4624999999999999","","","0","2.4625e-09","bestanden"
"S04.MEAN.CM.POST.PBW-11.X","DETERM","2.5574999999999997","2.5574999999999997","","","0","2.5575e-09","bestanden"
"S04.MEAN.CM.POST.PBW-21.X","DETERM","","","Eingang fehlt","Eingang fehlt","","","bestanden (beide fehlend, gleicher Grund)"
"S04.MEAN.CM.POST.PHL-01.X","DETERM","2.5874999999999999","2.5874999999999999","","","0","2.5875e-09","bestanden"
"S04.MEAN.CM.POST.PHL-02.X","DETERM","2.3049999999999997","2.3049999999999997","","","0","2.305e-09","bestanden"
"S04.MEAN.CM.POST.PHL-03.X","DETERM","2.5274999999999999","2.5274999999999999","","","0","2.5275e-09","bestanden"
"S04.MEAN.CM.POST.PHL-05.X","DETERM","2.4775","2.4775000000000000","","","0","2.4775e-09","bestanden"
"S04.MEAN.CM.POST.PHL-06.X","DETERM","2.5375000000000001","2.5375000000000001","","","0","2.5375e-09","bestanden"
"S04.MEAN.CM.POST.PHL-07.X","DETERM","2.3700000000000001","2.3700000000000001","","","0","2.37e-09","bestanden"
"S04.MEAN.CM.POST.PHL-08.X","DETERM","2.4249999999999998","2.4249999999999998","","","0","2.425e-09","bestanden"
"S04.MEAN.CM.POST.PVS-01.X","DETERM","2.4750000000000001","2.4750000000000001","","","0","2.475e-09","bestanden"
"S04.MEAN.CM.POST.PVS-02.X","DETERM","2.5599999999999996","2.5599999999999996","","","0","2.56e-09","bestanden"
"S04.MEAN.CM.POST.PVS-03.X","DETERM","2.6600000000000001","2.6600000000000001","","","0","2.66e-09","bestanden"
"S04.MEAN.CM.POST.PVS-04.X","DETERM","2.5350000000000001","2.5350000000000001","","","0","2.535e-09","bestanden"
"S04.MEAN.CM.POST.PVS-05.X","DETERM","2.6099999999999999","2.6099999999999999","","","0","2.61e-09","bestanden"
"S04.MEAN.CM.POST.PVS-06.X","DETERM","2.3049999999999997","2.3049999999999997","","","0","2.305e-09","bestanden"
"S04.MEAN.CM.POST.PVS-07.X","DETERM","","","Eingang fehlt","Eingang fehlt","","","bestanden (beide fehlend, gleicher Grund)"
"S04.MEAN.CM.POST.PVS-08.X","DETERM","2.71","2.7100000000000000","","","0","2.71e-09","bestanden"
"S04.MEAN.CM.POST.PVS-10.X","DETERM","2.4325000000000001","2.4325000000000001","","","0","2.4325e-09","bestanden"
"S04.MEAN.CM.POST.PVS-11.X","DETERM","2.585","2.5850000000000000","","","0","2.585e-09","bestanden"
"S04.MEAN.CM.POST.PVS-16.X","DETERM","","","Eingang fehlt","Eingang fehlt","","","bestanden (beide fehlend, gleicher Grund)"
"S04.MEAN.CM.POST.PVS-17.X","DETERM","2.6499999999999999","2.6499999999999999","","","0","2.65e-09","bestanden"
"S04.MEAN.CM.POST.PVS-18.X","DETERM","2.54","2.5400000000000000","","","0","2.54e-09","bestanden"
"S04.MEAN.CM.PRE.PBW-01.X","DETERM","2.6074999999999999","2.6074999999999999","","","0","2.6075e-09","bestanden"
"S04.MEAN.CM.PRE.PBW-02.X","DETERM","2.4974999999999996","2.4974999999999996","","","0","2.4975e-09","bestanden"
"S04.MEAN.CM.PRE.PBW-04.X","DETERM","2.48","2.4800000000000000","","","0","2.48e-09","bestanden"
"S04.MEAN.CM.PRE.PBW-05.X","DETERM","2.5024999999999999","2.5024999999999999","","","0","2.5025e-09","bestanden"
"S04.MEAN.CM.PRE.PBW-06.X","DETERM","2.605","2.6050000000000000","","","0","2.605e-09","bestanden"
"S04.MEAN.CM.PRE.PBW-07.X","DETERM","2.5149999999999997","2.5149999999999997","","","0","2.515e-09","bestanden"
"S04.MEAN.CM.PRE.PBW-08.X","DETERM","2.415","2.4150000000000000","","","0","2.415e-09","bestanden"
"S04.MEAN.CM.PRE.PBW-09.X","DETERM","2.54","2.5400000000000000","","","0","2.54e-09","bestanden"
"S04.MEAN.CM.PRE.PBW-10.X","DETERM","2.5549999999999997","2.5549999999999997","","","0","2.555e-09","bestanden"
"S04.MEAN.CM.PRE.PBW-11.X","DETERM","","","Eingang fehlt","Eingang fehlt","","","bestanden (beide fehlend, gleicher Grund)"
"S04.MEAN.CM.PRE.PBW-21.X","DETERM","2.6349999999999998","2.6349999999999998","","","0","2.635e-09","bestanden"
"S04.MEAN.CM.PRE.PHL-01.X","DETERM","2.5425000000000004","2.5425000000000004","","","0","2.5425e-09","bestanden"
"S04.MEAN.CM.PRE.PHL-02.X","DETERM","2.2816666666666667","2.2816666666666667","","","0","2.28167e-09","bestanden"
"S04.MEAN.CM.PRE.PHL-03.X","DETERM","2.4658333333333333","2.4658333333333333","","","0","2.46583e-09","bestanden"
"S04.MEAN.CM.PRE.PHL-05.X","DETERM","2.5066666666666668","2.5066666666666668","","","0","2.50667e-09","bestanden"
"S04.MEAN.CM.PRE.PHL-06.X","DETERM","2.4766666666666666","2.4766666666666666","","","0","2.47667e-09","bestanden"
"S04.MEAN.CM.PRE.PHL-07.X","DETERM","","","Eingang fehlt","Eingang fehlt","","","bestanden (beide fehlend, gleicher Grund)"
"S04.MEAN.CM.PRE.PHL-08.X","DETERM","2.4900000000000002","2.4900000000000002","","","0","2.49e-09","bestanden"
"S04.MEAN.CM.PRE.PVS-01.X","DETERM","2.4699999999999998","2.4699999999999998","","","0","2.47e-09","bestanden"
"S04.MEAN.CM.PRE.PVS-02.X","DETERM","2.5100000000000002","2.5100000000000002","","","0","2.51e-09","bestanden"
"S04.MEAN.CM.PRE.PVS-03.X","DETERM","2.6808333333333332","2.6808333333333332","","","0","2.68083e-09","bestanden"
"S04.MEAN.CM.PRE.PVS-04.X","DETERM","2.6783333333333332","2.6783333333333332","","","0","2.67833e-09","bestanden"
"S04.MEAN.CM.PRE.PVS-05.X","DETERM","2.5550000000000002","2.5550000000000002","","","0","2.555e-09","bestanden"
"S04.MEAN.CM.PRE.PVS-06.X","DETERM","2.415","2.4150000000000000","","","0","2.415e-09","bestanden"
"S04.MEAN.CM.PRE.PVS-07.X","DETERM","2.5774999999999997","2.5774999999999997","","","0","2.5775e-09","bestanden"
"S04.MEAN.CM.PRE.PVS-08.X","DETERM","2.6600000000000001","2.6600000000000001","","","0","2.66e-09","bestanden"
"S04.MEAN.CM.PRE.PVS-10.X","DETERM","2.4874999999999998","2.4874999999999998","","","0","2.4875e-09","bestanden"
"S04.MEAN.CM.PRE.PVS-11.X","DETERM","2.7424999999999997","2.7424999999999997","","","0","2.7425e-09","bestanden"
"S04.MEAN.CM.PRE.PVS-16.X","DETERM","","","Eingang fehlt","Eingang fehlt","","","bestanden (beide fehlend, gleicher Grund)"
"S04.MEAN.CM.PRE.PVS-17.X","DETERM","2.54","2.5400000000000000","","","0","2.54e-09","bestanden"
"S04.MEAN.CM.PRE.PVS-18.X","DETERM","","","Eingang fehlt","Eingang fehlt","","","bestanden (beide fehlend, gleicher Grund)"
"S04.MEAN.CR.POST.PBW-01.X","DETERM","2.71","2.7100000000000000","","","0","2.71e-09","bestanden"
"S04.MEAN.CR.POST.PBW-02.X","DETERM","2.4399999999999999","2.4399999999999999","","","0","2.44e-09","bestanden"
"S04.MEAN.CR.POST.PBW-04.X","DETERM","2.5800000000000001","2.5800000000000001","","","0","2.58e-09","bestanden"
"S04.MEAN.CR.POST.PBW-05.X","DETERM","","","zu wenige Werte","zu wenige Werte","","","bestanden (beide fehlend, gleicher Grund)"
"S04.MEAN.CR.POST.PBW-06.X","DETERM","2.6200000000000001","2.6200000000000001","","","0","2.62e-09","bestanden"
"S04.MEAN.CR.POST.PBW-07.X","DETERM","","","zu wenige Werte","zu wenige Werte","","","bestanden (beide fehlend, gleicher Grund)"
"S04.MEAN.CR.POST.PBW-08.X","DETERM","2.54","2.5400000000000000","","","0","2.54e-09","bestanden"
"S04.MEAN.CR.POST.PBW-09.X","DETERM","2.5499999999999998","2.5499999999999998","","","0","2.55e-09","bestanden"
"S04.MEAN.CR.POST.PBW-10.X","DETERM","2.5449999999999999","2.5449999999999999","","","0","2.545e-09","bestanden"
"S04.MEAN.CR.POST.PBW-11.X","DETERM","2.5949999999999998","2.5949999999999998","","","0","2.595e-09","bestanden"
"S04.MEAN.CR.POST.PBW-21.X","DETERM","","","zu wenige Werte","zu wenige Werte","","","bestanden (beide fehlend, gleicher Grund)"
"S04.MEAN.CR.POST.PHL-01.X","DETERM","2.6849999999999996","2.6849999999999996","","","0","2.685e-09","bestanden"
"S04.MEAN.CR.POST.PHL-02.X","DETERM","2.29","2.2900000000000000","","","0","2.29e-09","bestanden"
"S04.MEAN.CR.POST.PHL-03.X","DETERM","2.52","2.5200000000000000","","","0","2.52e-09","bestanden"
"S04.MEAN.CR.POST.PHL-05.X","DETERM","2.4349999999999996","2.4349999999999996","","","0","2.435e-09","bestanden"
"S04.MEAN.CR.POST.PHL-06.X","DETERM","2.5150000000000001","2.5150000000000001","","","0","2.515e-09","bestanden"
"S04.MEAN.CR.POST.PHL-07.X","DETERM","2.3100000000000001","2.3100000000000001","","","0","2.31e-09","bestanden"
"S04.MEAN.CR.POST.PHL-08.X","DETERM","2.4199999999999999","2.4199999999999999","","","0","2.42e-09","bestanden"
"S04.MEAN.CR.POST.PVS-01.X","DETERM","2.4950000000000001","2.4950000000000001","","","0","2.495e-09","bestanden"
"S04.MEAN.CR.POST.PVS-02.X","DETERM","2.5899999999999999","2.5899999999999999","","","0","2.59e-09","bestanden"
"S04.MEAN.CR.POST.PVS-03.X","DETERM","2.6850000000000001","2.6850000000000001","","","0","2.685e-09","bestanden"
"S04.MEAN.CR.POST.PVS-04.X","DETERM","2.5499999999999998","2.5499999999999998","","","0","2.55e-09","bestanden"
"S04.MEAN.CR.POST.PVS-05.X","DETERM","2.7050000000000001","2.7050000000000001","","","0","2.705e-09","bestanden"
"S04.MEAN.CR.POST.PVS-06.X","DETERM","2.3399999999999999","2.3399999999999999","","","0","2.34e-09","bestanden"
"S04.MEAN.CR.POST.PVS-07.X","DETERM","","","zu wenige Werte","zu wenige Werte","","","bestanden (beide fehlend, gleicher Grund)"
"S04.MEAN.CR.POST.PVS-08.X","DETERM","2.6600000000000001","2.6600000000000001","","","0","2.66e-09","bestanden"
"S04.MEAN.CR.POST.PVS-10.X","DETERM","2.3700000000000001","2.3700000000000001","","","0","2.37e-09","bestanden"
"S04.MEAN.CR.POST.PVS-11.X","DETERM","2.6699999999999999","2.6699999999999999","","","0","2.67e-09","bestanden"
"S04.MEAN.CR.POST.PVS-16.X","DETERM","","","zu wenige Werte","zu wenige Werte","","","bestanden (beide fehlend, gleicher Grund)"
"S04.MEAN.CR.POST.PVS-17.X","DETERM","2.7050000000000001","2.7050000000000001","","","0","2.705e-09","bestanden"
"S04.MEAN.CR.POST.PVS-18.X","DETERM","2.5600000000000001","2.5600000000000001","","","0","2.56e-09","bestanden"
"S04.MEAN.CR.PRE.PBW-01.X","DETERM","2.6950000000000003","2.6950000000000003","","","0","2.695e-09","bestanden"
"S04.MEAN.CR.PRE.PBW-02.X","DETERM","2.52","2.5200000000000000","","","0","2.52e-09","bestanden"
"S04.MEAN.CR.PRE.PBW-04.X","DETERM","2.5899999999999999","2.5899999999999999","","","0","2.59e-09","bestanden"
"S04.MEAN.CR.PRE.PBW-05.X","DETERM","2.4900000000000002","2.4900000000000002","","","0","2.49e-09","bestanden"
"S04.MEAN.CR.PRE.PBW-06.X","DETERM","2.625","2.6250000000000000","","","0","2.625e-09","bestanden"
"S04.MEAN.CR.PRE.PBW-07.X","DETERM","2.5600000000000001","2.5600000000000001","","","0","2.56e-09","bestanden"
"S04.MEAN.CR.PRE.PBW-08.X","DETERM","2.4100000000000001","2.4100000000000001","","","0","2.41e-09","bestanden"
"S04.MEAN.CR.PRE.PBW-09.X","DETERM","2.5699999999999998","2.5699999999999998","","","0","2.57e-09","bestanden"
"S04.MEAN.CR.PRE.PBW-10.X","DETERM","2.5600000000000001","2.5600000000000001","","","0","2.56e-09","bestanden"
"S04.MEAN.CR.PRE.PBW-11.X","DETERM","","","zu wenige Werte","zu wenige Werte","","","bestanden (beide fehlend, gleicher Grund)"
"S04.MEAN.CR.PRE.PBW-21.X","DETERM","2.5600000000000001","2.5600000000000001","","","0","2.56e-09","bestanden"
"S04.MEAN.CR.PRE.PHL-01.X","DETERM","2.5550000000000002","2.5550000000000002","","","0","2.555e-09","bestanden"
"S04.MEAN.CR.PRE.PHL-02.X","DETERM","2.2000000000000002","2.2000000000000002","","","0","2.2e-09","bestanden"
"S04.MEAN.CR.PRE.PHL-03.X","DETERM","2.5150000000000001","2.5150000000000001","","","0","2.515e-09","bestanden"
"S04.MEAN.CR.PRE.PHL-05.X","DETERM","2.5633333333333335","2.5633333333333335","","","0","2.56333e-09","bestanden"
"S04.MEAN.CR.PRE.PHL-06.X","DETERM","2.4933333333333332","2.4933333333333332","","","0","2.49333e-09","bestanden"
"S04.MEAN.CR.PRE.PHL-07.X","DETERM","2.48","2.4800000000000000","","","0","2.48e-09","bestanden"
"S04.MEAN.CR.PRE.PHL-08.X","DETERM","2.5099999999999998","2.5099999999999998","","","0","2.51e-09","bestanden"
"S04.MEAN.CR.PRE.PVS-01.X","DETERM","2.4199999999999999","2.4199999999999999","","","0","2.42e-09","bestanden"
"S04.MEAN.CR.PRE.PVS-02.X","DETERM","2.4800000000000004","2.4800000000000004","","","0","2.48e-09","bestanden"
"S04.MEAN.CR.PRE.PVS-03.X","DETERM","2.8066666666666666","2.8066666666666666","","","0","2.80667e-09","bestanden"
"S04.MEAN.CR.PRE.PVS-04.X","DETERM","2.6299999999999999","2.6299999999999999","","","0","2.63e-09","bestanden"
"S04.MEAN.CR.PRE.PVS-05.X","DETERM","2.5300000000000002","2.5300000000000002","","","0","2.53e-09","bestanden"
"S04.MEAN.CR.PRE.PVS-06.X","DETERM","2.4050000000000002","2.4050000000000002","","","0","2.405e-09","bestanden"
"S04.MEAN.CR.PRE.PVS-07.X","DETERM","2.5649999999999999","2.5649999999999999","","","0","2.565e-09","bestanden"
"S04.MEAN.CR.PRE.PVS-08.X","DETERM","2.6549999999999998","2.6549999999999998","","","0","2.655e-09","bestanden"
"S04.MEAN.CR.PRE.PVS-10.X","DETERM","2.48","2.4800000000000000","","","0","2.48e-09","bestanden"
"S04.MEAN.CR.PRE.PVS-11.X","DETERM","2.6850000000000001","2.6850000000000001","","","0","2.685e-09","bestanden"
"S04.MEAN.CR.PRE.PVS-16.X","DETERM","2.4050000000000002","2.4050000000000002","","","0","2.405e-09","bestanden"
"S04.MEAN.CR.PRE.PVS-17.X","DETERM","2.5","2.5000000000000000","","","0","2.5e-09","bestanden"
"S04.MEAN.CR.PRE.PVS-18.X","DETERM","","","zu wenige Werte","zu wenige Werte","","","bestanden (beide fehlend, gleicher Grund)"
"S04.MEAN.SBJ.POST.PBW-01.X","DETERM","216","216.00000000000000","","","0","2.16e-07","bestanden"
"S04.MEAN.SBJ.POST.PBW-02.X","DETERM","233.66666666666666","233.66666666666666","","","0","2.33667e-07","bestanden"
"S04.MEAN.SBJ.POST.PBW-04.X","DETERM","244.5","244.50000000000000","","","0","2.445e-07","bestanden"
"S04.MEAN.SBJ.POST.PBW-05.X","DETERM","227.66666666666666","227.66666666666666","","","0","2.27667e-07","bestanden"
"S04.MEAN.SBJ.POST.PBW-06.X","DETERM","232.33333333333334","232.33333333333334","","","0","2.32333e-07","bestanden"
"S04.MEAN.SBJ.POST.PBW-07.X","DETERM","","","zu wenige Werte","zu wenige Werte","","","bestanden (beide fehlend, gleicher Grund)"
"S04.MEAN.SBJ.POST.PBW-08.X","DETERM","239","239.00000000000000","","","0","2.39e-07","bestanden"
"S04.MEAN.SBJ.POST.PBW-09.X","DETERM","232.5","232.50000000000000","","","0","2.325e-07","bestanden"
"S04.MEAN.SBJ.POST.PBW-10.X","DETERM","201.5","201.50000000000000","","","0","2.015e-07","bestanden"
"S04.MEAN.SBJ.POST.PBW-11.X","DETERM","210","210.00000000000000","","","0","2.1e-07","bestanden"
"S04.MEAN.SBJ.POST.PBW-21.X","DETERM","","","zu wenige Werte","zu wenige Werte","","","bestanden (beide fehlend, gleicher Grund)"
"S04.MEAN.SBJ.POST.PHL-01.X","DETERM","237","237.00000000000000","","","0","2.37e-07","bestanden"
"S04.MEAN.SBJ.POST.PHL-02.X","DETERM","238","238.00000000000000","","","0","2.38e-07","bestanden"
"S04.MEAN.SBJ.POST.PHL-03.X","DETERM","236.5","236.50000000000000","","","0","2.365e-07","bestanden"
"S04.MEAN.SBJ.POST.PHL-05.X","DETERM","216","216.00000000000000","","","0","2.16e-07","bestanden"
"S04.MEAN.SBJ.POST.PHL-06.X","DETERM","237","237.00000000000000","","","0","2.37e-07","bestanden"
"S04.MEAN.SBJ.POST.PHL-07.X","DETERM","237","237.00000000000000","","","0","2.37e-07","bestanden"
"S04.MEAN.SBJ.POST.PHL-08.X","DETERM","237.5","237.50000000000000","","","0","2.375e-07","bestanden"
"S04.MEAN.SBJ.POST.PVS-01.X","DETERM","223","223.00000000000000","","","0","2.23e-07","bestanden"
"S04.MEAN.SBJ.POST.PVS-02.X","DETERM","195.5","195.50000000000000","","","0","1.955e-07","bestanden"
"S04.MEAN.SBJ.POST.PVS-03.X","DETERM","222","222.00000000000000","","","0","2.22e-07","bestanden"
"S04.MEAN.SBJ.POST.PVS-04.X","DETERM","211","211.00000000000000","","","0","2.11e-07","bestanden"
"S04.MEAN.SBJ.POST.PVS-05.X","DETERM","225","225.00000000000000","","","0","2.25e-07","bestanden"
"S04.MEAN.SBJ.POST.PVS-06.X","DETERM","261.5","261.50000000000000","","","0","2.615e-07","bestanden"
"S04.MEAN.SBJ.POST.PVS-07.X","DETERM","","","zu wenige Werte","zu wenige Werte","","","bestanden (beide fehlend, gleicher Grund)"
"S04.MEAN.SBJ.POST.PVS-08.X","DETERM","207.5","207.50000000000000","","","0","2.075e-07","bestanden"
"S04.MEAN.SBJ.POST.PVS-10.X","DETERM","220","220.00000000000000","","","0","2.2e-07","bestanden"
"S04.MEAN.SBJ.POST.PVS-11.X","DETERM","215","215.00000000000000","","","0","2.15e-07","bestanden"
"S04.MEAN.SBJ.POST.PVS-16.X","DETERM","","","zu wenige Werte","zu wenige Werte","","","bestanden (beide fehlend, gleicher Grund)"
"S04.MEAN.SBJ.POST.PVS-17.X","DETERM","233.5","233.50000000000000","","","0","2.335e-07","bestanden"
"S04.MEAN.SBJ.POST.PVS-18.X","DETERM","222.5","222.50000000000000","","","0","2.225e-07","bestanden"
"S04.MEAN.SBJ.PRE.PBW-01.X","DETERM","220.5","220.50000000000000","","","0","2.205e-07","bestanden"
"S04.MEAN.SBJ.PRE.PBW-02.X","DETERM","224.5","224.50000000000000","","","0","2.245e-07","bestanden"
"S04.MEAN.SBJ.PRE.PBW-04.X","DETERM","246.66666666666666","246.66666666666666","","","0","2.46667e-07","bestanden"
"S04.MEAN.SBJ.PRE.PBW-05.X","DETERM","232.66666666666666","232.66666666666666","","","0","2.32667e-07","bestanden"
"S04.MEAN.SBJ.PRE.PBW-06.X","DETERM","241.66666666666666","241.66666666666666","","","0","2.41667e-07","bestanden"
"S04.MEAN.SBJ.PRE.PBW-07.X","DETERM","245.66666666666666","245.66666666666666","","","0","2.45667e-07","bestanden"
"S04.MEAN.SBJ.PRE.PBW-08.X","DETERM","238","238.00000000000000","","","0","2.38e-07","bestanden"
"S04.MEAN.SBJ.PRE.PBW-09.X","DETERM","237","237.00000000000000","","","0","2.37e-07","bestanden"
"S04.MEAN.SBJ.PRE.PBW-10.X","DETERM","201","201.00000000000000","","","0","2.01e-07","bestanden"
"S04.MEAN.SBJ.PRE.PBW-11.X","DETERM","216.5","216.50000000000000","","","0","2.165e-07","bestanden"
"S04.MEAN.SBJ.PRE.PBW-21.X","DETERM","222","222.00000000000000","","","0","2.22e-07","bestanden"
"S04.MEAN.SBJ.PRE.PHL-01.X","DETERM","229.66666666666666","229.66666666666666","","","0","2.29667e-07","bestanden"
"S04.MEAN.SBJ.PRE.PHL-02.X","DETERM","248.5","248.50000000000000","","","0","2.485e-07","bestanden"
"S04.MEAN.SBJ.PRE.PHL-03.X","DETERM","241.33333333333334","241.33333333333334","","","0","2.41333e-07","bestanden"
"S04.MEAN.SBJ.PRE.PHL-05.X","DETERM","226","226.00000000000000","","","0","2.26e-07","bestanden"
"S04.MEAN.SBJ.PRE.PHL-06.X","DETERM","238","238.00000000000000","","","0","2.38e-07","bestanden"
"S04.MEAN.SBJ.PRE.PHL-07.X","DETERM","250","250.00000000000000","","","0","2.5e-07","bestanden"
"S04.MEAN.SBJ.PRE.PHL-08.X","DETERM","238.33333333333334","238.33333333333334","","","0","2.38333e-07","bestanden"
"S04.MEAN.SBJ.PRE.PVS-01.X","DETERM","219","219.00000000000000","","","0","2.19e-07","bestanden"
"S04.MEAN.SBJ.PRE.PVS-02.X","DETERM","207","207.00000000000000","","","0","2.07e-07","bestanden"
"S04.MEAN.SBJ.PRE.PVS-03.X","DETERM","231.5","231.50000000000000","","","0","2.315e-07","bestanden"
"S04.MEAN.SBJ.PRE.PVS-04.X","DETERM","207.33333333333334","207.33333333333334","","","0","2.07333e-07","bestanden"
"S04.MEAN.SBJ.PRE.PVS-05.X","DETERM","217.5","217.50000000000000","","","0","2.175e-07","bestanden"
"S04.MEAN.SBJ.PRE.PVS-06.X","DETERM","257","257.00000000000000","","","0","2.57e-07","bestanden"
"S04.MEAN.SBJ.PRE.PVS-07.X","DETERM","213","213.00000000000000","","","0","2.13e-07","bestanden"
"S04.MEAN.SBJ.PRE.PVS-08.X","DETERM","202","202.00000000000000","","","0","2.02e-07","bestanden"
"S04.MEAN.SBJ.PRE.PVS-10.X","DETERM","231.5","231.50000000000000","","","0","2.315e-07","bestanden"
"S04.MEAN.SBJ.PRE.PVS-11.X","DETERM","201.5","201.50000000000000","","","0","2.015e-07","bestanden"
"S04.MEAN.SBJ.PRE.PVS-16.X","DETERM","225.5","225.50000000000000","","","0","2.255e-07","bestanden"
"S04.MEAN.SBJ.PRE.PVS-17.X","DETERM","258","258.00000000000000","","","0","2.58e-07","bestanden"
"S04.MEAN.SBJ.PRE.PVS-18.X","DETERM","205","205.00000000000000","","","0","2.05e-07","bestanden"
"S04.MEAN.Z05.POST.PBW-01.X","DETERM","1.0966666666666667","1.0966666666666667","","","0","1.09667e-09","bestanden"
"S04.MEAN.Z05.POST.PBW-02.X","DETERM","1.0866666666666667","1.0866666666666667","","","0","1.08667e-09","bestanden"
"S04.MEAN.Z05.POST.PBW-04.X","DETERM","1.1433333333333333","1.1433333333333333","","","0","1.14333e-09","bestanden"
"S04.MEAN.Z05.POST.PBW-05.X","DETERM","1.1133333333333333","1.1133333333333333","","","0","1.11333e-09","bestanden"
"S04.MEAN.Z05.POST.PBW-06.X","DETERM","1.04","1.0400000000000000","","","0","1.04e-09","bestanden"
"S04.MEAN.Z05.POST.PBW-07.X","DETERM","","","zu wenige Werte","zu wenige Werte","","","bestanden (beide fehlend, gleicher Grund)"
"S04.MEAN.Z05.POST.PBW-08.X","DETERM","1.0600000000000001","1.0600000000000001","","","0","1.06e-09","bestanden"
"S04.MEAN.Z05.POST.PBW-09.X","DETERM","1.0800000000000001","1.0800000000000001","","","0","1.08e-09","bestanden"
"S04.MEAN.Z05.POST.PBW-10.X","DETERM","1.1000000000000001","1.1000000000000001","","","0","1.1e-09","bestanden"
"S04.MEAN.Z05.POST.PBW-11.X","DETERM","1.1899999999999999","1.1899999999999999","","","0","1.19e-09","bestanden"
"S04.MEAN.Z05.POST.PBW-21.X","DETERM","","","zu wenige Werte","zu wenige Werte","","","bestanden (beide fehlend, gleicher Grund)"
"S04.MEAN.Z05.POST.PHL-01.X","DETERM","1.1233333333333333","1.1233333333333333","","","0","1.12333e-09","bestanden"
"S04.MEAN.Z05.POST.PHL-02.X","DETERM","1.0266666666666666","1.0266666666666666","","","0","1.02667e-09","bestanden"
"S04.MEAN.Z05.POST.PHL-03.X","DETERM","1.0933333333333335","1.0933333333333335","","","0","1.09333e-09","bestanden"
"S04.MEAN.Z05.POST.PHL-05.X","DETERM","1.0933333333333335","1.0933333333333335","","","0","1.09333e-09","bestanden"
"S04.MEAN.Z05.POST.PHL-06.X","DETERM","1.0433333333333334","1.0433333333333334","","","0","1.04333e-09","bestanden"
"S04.MEAN.Z05.POST.PHL-07.X","DETERM","1.1533333333333333","1.1533333333333333","","","0","1.15333e-09","bestanden"
"S04.MEAN.Z05.POST.PHL-08.X","DETERM","1.1200000000000001","1.1200000000000001","","","0","1.12e-09","bestanden"
"S04.MEAN.Z05.POST.PVS-01.X","DETERM","1.22","1.2200000000000000","","","0","1.22e-09","bestanden"
"S04.MEAN.Z05.POST.PVS-02.X","DETERM","1.25","1.2500000000000000","","","0","1.25e-09","bestanden"
"S04.MEAN.Z05.POST.PVS-03.X","DETERM","1.1799999999999999","1.1799999999999999","","","0","1.18e-09","bestanden"
"S04.MEAN.Z05.POST.PVS-04.X","DETERM","1.1699999999999999","1.1699999999999999","","","0","1.17e-09","bestanden"
"S04.MEAN.Z05.POST.PVS-05.X","DETERM","1.1699999999999999","1.1699999999999999","","","0","1.17e-09","bestanden"
"S04.MEAN.Z05.POST.PVS-06.X","DETERM","1.155","1.1550000000000000","","","0","1.155e-09","bestanden"
"S04.MEAN.Z05.POST.PVS-07.X","DETERM","","","zu wenige Werte","zu wenige Werte","","","bestanden (beide fehlend, gleicher Grund)"
"S04.MEAN.Z05.POST.PVS-08.X","DETERM","1.2349999999999999","1.2349999999999999","","","0","1.235e-09","bestanden"
"S04.MEAN.Z05.POST.PVS-10.X","DETERM","1.1599999999999999","1.1599999999999999","","","0","1.16e-09","bestanden"
"S04.MEAN.Z05.POST.PVS-11.X","DETERM","1.1749999999999998","1.1749999999999998","","","0","1.175e-09","bestanden"
"S04.MEAN.Z05.POST.PVS-16.X","DETERM","","","zu wenige Werte","zu wenige Werte","","","bestanden (beide fehlend, gleicher Grund)"
"S04.MEAN.Z05.POST.PVS-17.X","DETERM","1.24","1.2400000000000000","","","0","1.24e-09","bestanden"
"S04.MEAN.Z05.POST.PVS-18.X","DETERM","1.24","1.2400000000000000","","","0","1.24e-09","bestanden"
"S04.MEAN.Z05.PRE.PBW-01.X","DETERM","1.0550000000000002","1.0550000000000002","","","0","1.055e-09","bestanden"
"S04.MEAN.Z05.PRE.PBW-02.X","DETERM","1.135","1.1350000000000000","","","0","1.135e-09","bestanden"
"S04.MEAN.Z05.PRE.PBW-04.X","DETERM","1.1799999999999999","1.1799999999999999","","","0","1.18e-09","bestanden"
"S04.MEAN.Z05.PRE.PBW-05.X","DETERM","1.0750000000000002","1.0750000000000002","","","0","1.075e-09","bestanden"
"S04.MEAN.Z05.PRE.PBW-06.X","DETERM","1.0433333333333334","1.0433333333333334","","","0","1.04333e-09","bestanden"
"S04.MEAN.Z05.PRE.PBW-07.X","DETERM","1.05","1.0500000000000000","","","0","1.05e-09","bestanden"
"S04.MEAN.Z05.PRE.PBW-08.X","DETERM","1.1099999999999999","1.1099999999999999","","","0","1.11e-09","bestanden"
"S04.MEAN.Z05.PRE.PBW-09.X","DETERM","1.135","1.1350000000000000","","","0","1.135e-09","bestanden"
"S04.MEAN.Z05.PRE.PBW-10.X","DETERM","1.1400000000000001","1.1400000000000001","","","0","1.14e-09","bestanden"
"S04.MEAN.Z05.PRE.PBW-11.X","DETERM","1.1949999999999998","1.1949999999999998","","","0","1.195e-09","bestanden"
"S04.MEAN.Z05.PRE.PBW-21.X","DETERM","1.1399999999999999","1.1399999999999999","","","0","1.14e-09","bestanden"
"S04.MEAN.Z05.PRE.PHL-01.X","DETERM","1.0866666666666667","1.0866666666666667","","","0","1.08667e-09","bestanden"
"S04.MEAN.Z05.PRE.PHL-02.X","DETERM","0.93999999999999995","0.93999999999999995","","","0","1e-09","bestanden"
"S04.MEAN.Z05.PRE.PHL-03.X","DETERM","1.0049999999999999","1.0049999999999999","","","0","1.005e-09","bestanden"
"S04.MEAN.Z05.PRE.PHL-05.X","DETERM","0.98499999999999999","0.98499999999999999","","","0","1e-09","bestanden"
"S04.MEAN.Z05.PRE.PHL-06.X","DETERM","1.0700000000000001","1.0700000000000001","","","0","1.07e-09","bestanden"
"S04.MEAN.Z05.PRE.PHL-07.X","DETERM","1.0533333333333335","1.0533333333333335","","","0","1.05333e-09","bestanden"
"S04.MEAN.Z05.PRE.PHL-08.X","DETERM","1","1.0000000000000000","","","0","1e-09","bestanden"
"S04.MEAN.Z05.PRE.PVS-01.X","DETERM","1.0900000000000001","1.0900000000000001","","","0","1.09e-09","bestanden"
"S04.MEAN.Z05.PRE.PVS-02.X","DETERM","1.155","1.1550000000000000","","","0","1.155e-09","bestanden"
"S04.MEAN.Z05.PRE.PVS-03.X","DETERM","1.175","1.1750000000000000","","","0","1.175e-09","bestanden"
"S04.MEAN.Z05.PRE.PVS-04.X","DETERM","1.1966666666666665","1.1966666666666665","","","0","1.19667e-09","bestanden"
"S04.MEAN.Z05.PRE.PVS-05.X","DETERM","1.1699999999999999","1.1699999999999999","","","0","1.17e-09","bestanden"
"S04.MEAN.Z05.PRE.PVS-06.X","DETERM","","","zu wenige Werte","zu wenige Werte","","","bestanden (beide fehlend, gleicher Grund)"
"S04.MEAN.Z05.PRE.PVS-07.X","DETERM","1.1899999999999999","1.1899999999999999","","","0","1.19e-09","bestanden"
"S04.MEAN.Z05.PRE.PVS-08.X","DETERM","","","zu wenige Werte","zu wenige Werte","","","bestanden (beide fehlend, gleicher Grund)"
"S04.MEAN.Z05.PRE.PVS-10.X","DETERM","1.1000000000000001","1.1000000000000001","","","0","1.1e-09","bestanden"
"S04.MEAN.Z05.PRE.PVS-11.X","DETERM","1.1799999999999999","1.1799999999999999","","","0","1.18e-09","bestanden"
"S04.MEAN.Z05.PRE.PVS-16.X","DETERM","","","zu wenige Werte","zu wenige Werte","","","bestanden (beide fehlend, gleicher Grund)"
"S04.MEAN.Z05.PRE.PVS-17.X","DETERM","","","zu wenige Werte","zu wenige Werte","","","bestanden (beide fehlend, gleicher Grund)"
"S04.MEAN.Z05.PRE.PVS-18.X","DETERM","","","zu wenige Werte","zu wenige Werte","","","bestanden (beide fehlend, gleicher Grund)"
"S04.MEAN.Z10.POST.PBW-01.X","DETERM","","","zu wenige Werte","zu wenige Werte","","","bestanden (beide fehlend, gleicher Grund)"
"S04.MEAN.Z10.POST.PBW-02.X","DETERM","","","zu wenige Werte","zu wenige Werte","","","bestanden (beide fehlend, gleicher Grund)"
"S04.MEAN.Z10.POST.PBW-04.X","DETERM","","","zu wenige Werte","zu wenige Werte","","","bestanden (beide fehlend, gleicher Grund)"
"S04.MEAN.Z10.POST.PBW-05.X","DETERM","","","zu wenige Werte","zu wenige Werte","","","bestanden (beide fehlend, gleicher Grund)"
"S04.MEAN.Z10.POST.PBW-06.X","DETERM","","","zu wenige Werte","zu wenige Werte","","","bestanden (beide fehlend, gleicher Grund)"
"S04.MEAN.Z10.POST.PBW-07.X","DETERM","","","zu wenige Werte","zu wenige Werte","","","bestanden (beide fehlend, gleicher Grund)"
"S04.MEAN.Z10.POST.PBW-08.X","DETERM","","","zu wenige Werte","zu wenige Werte","","","bestanden (beide fehlend, gleicher Grund)"
"S04.MEAN.Z10.POST.PBW-09.X","DETERM","","","zu wenige Werte","zu wenige Werte","","","bestanden (beide fehlend, gleicher Grund)"
"S04.MEAN.Z10.POST.PBW-10.X","DETERM","","","zu wenige Werte","zu wenige Werte","","","bestanden (beide fehlend, gleicher Grund)"
"S04.MEAN.Z10.POST.PBW-11.X","DETERM","","","zu wenige Werte","zu wenige Werte","","","bestanden (beide fehlend, gleicher Grund)"
"S04.MEAN.Z10.POST.PBW-21.X","DETERM","","","zu wenige Werte","zu wenige Werte","","","bestanden (beide fehlend, gleicher Grund)"
"S04.MEAN.Z10.POST.PHL-01.X","DETERM","1.99","1.9900000000000000","","","0","1.99e-09","bestanden"
"S04.MEAN.Z10.POST.PHL-02.X","DETERM","1.7866666666666666","1.7866666666666666","","","0","1.78667e-09","bestanden"
"S04.MEAN.Z10.POST.PHL-03.X","DETERM","1.8566666666666667","1.8566666666666667","","","0","1.85667e-09","bestanden"
"S04.MEAN.Z10.POST.PHL-05.X","DETERM","1.8433333333333335","1.8433333333333335","","","0","1.84333e-09","bestanden"
"S04.MEAN.Z10.POST.PHL-06.X","DETERM","1.8799999999999999","1.8799999999999999","","","0","1.88e-09","bestanden"
"S04.MEAN.Z10.POST.PHL-07.X","DETERM","1.95","1.9500000000000000","","","0","1.95e-09","bestanden"
"S04.MEAN.Z10.POST.PHL-08.X","DETERM","1.915","1.9150000000000000","","","0","1.915e-09","bestanden"
"S04.MEAN.Z10.POST.PVS-01.X","DETERM","2.0499999999999998","2.0499999999999998","","","0","2.05e-09","bestanden"
"S04.MEAN.Z10.POST.PVS-02.X","DETERM","2.0600000000000001","2.0600000000000001","","","0","2.06e-09","bestanden"
"S04.MEAN.Z10.POST.PVS-03.X","DETERM","2.0600000000000001","2.0600000000000001","","","0","2.06e-09","bestanden"
"S04.MEAN.Z10.POST.PVS-04.X","DETERM","2.003333333333333","2.0033333333333330","","","0","2.00333e-09","bestanden"
"S04.MEAN.Z10.POST.PVS-05.X","DETERM","1.98","1.9800000000000000","","","0","1.98e-09","bestanden"
"S04.MEAN.Z10.POST.PVS-06.X","DETERM","1.885","1.8850000000000000","","","0","1.885e-09","bestanden"
"S04.MEAN.Z10.POST.PVS-07.X","DETERM","","","zu wenige Werte","zu wenige Werte","","","bestanden (beide fehlend, gleicher Grund)"
"S04.MEAN.Z10.POST.PVS-08.X","DETERM","2.1399999999999997","2.1399999999999997","","","0","2.14e-09","bestanden"
"S04.MEAN.Z10.POST.PVS-10.X","DETERM","1.96","1.9600000000000000","","","0","1.96e-09","bestanden"
"S04.MEAN.Z10.POST.PVS-11.X","DETERM","1.9350000000000001","1.9350000000000001","","","0","1.935e-09","bestanden"
"S04.MEAN.Z10.POST.PVS-16.X","DETERM","","","zu wenige Werte","zu wenige Werte","","","bestanden (beide fehlend, gleicher Grund)"
"S04.MEAN.Z10.POST.PVS-17.X","DETERM","2","2.0000000000000000","","","0","2e-09","bestanden"
"S04.MEAN.Z10.POST.PVS-18.X","DETERM","2.0800000000000001","2.0800000000000001","","","0","2.08e-09","bestanden"
"S04.MEAN.Z10.PRE.PBW-01.X","DETERM","1.8899999999999999","1.8899999999999999","","","0","1.89e-09","bestanden"
"S04.MEAN.Z10.PRE.PBW-02.X","DETERM","1.9466666666666665","1.9466666666666665","","","0","1.94667e-09","bestanden"
"S04.MEAN.Z10.PRE.PBW-04.X","DETERM","1.9633333333333334","1.9633333333333334","","","0","1.96333e-09","bestanden"
"S04.MEAN.Z10.PRE.PBW-05.X","DETERM","1.8633333333333335","1.8633333333333335","","","0","1.86333e-09","bestanden"
"S04.MEAN.Z10.PRE.PBW-06.X","DETERM","1.8500000000000001","1.8500000000000001","","","0","1.85e-09","bestanden"
"S04.MEAN.Z10.PRE.PBW-07.X","DETERM","1.7966666666666666","1.7966666666666666","","","0","1.79667e-09","bestanden"
"S04.MEAN.Z10.PRE.PBW-08.X","DETERM","1.8799999999999999","1.8799999999999999","","","0","1.88e-09","bestanden"
"S04.MEAN.Z10.PRE.PBW-09.X","DETERM","1.9399999999999999","1.9399999999999999","","","0","1.94e-09","bestanden"
"S04.MEAN.Z10.PRE.PBW-10.X","DETERM","1.8799999999999999","1.8799999999999999","","","0","1.88e-09","bestanden"
"S04.MEAN.Z10.PRE.PBW-11.X","DETERM","2.0649999999999999","2.0649999999999999","","","0","2.065e-09","bestanden"
"S04.MEAN.Z10.PRE.PBW-21.X","DETERM","1.9849999999999999","1.9849999999999999","","","0","1.985e-09","bestanden"
"S04.MEAN.Z10.PRE.PHL-01.X","DETERM","1.8700000000000001","1.8700000000000001","","","0","1.87e-09","bestanden"
"S04.MEAN.Z10.PRE.PHL-02.X","DETERM","1.7033333333333334","1.7033333333333334","","","0","1.70333e-09","bestanden"
"S04.MEAN.Z10.PRE.PHL-03.X","DETERM","1.7533333333333334","1.7533333333333334","","","0","1.75333e-09","bestanden"
"S04.MEAN.Z10.PRE.PHL-05.X","DETERM","1.7533333333333334","1.7533333333333334","","","0","1.75333e-09","bestanden"
"S04.MEAN.Z10.PRE.PHL-06.X","DETERM","1.8300000000000001","1.8300000000000001","","","0","1.83e-09","bestanden"
"S04.MEAN.Z10.PRE.PHL-07.X","DETERM","1.8400000000000001","1.8400000000000001","","","0","1.84e-09","bestanden"
"S04.MEAN.Z10.PRE.PHL-08.X","DETERM","1.8500000000000001","1.8500000000000001","","","0","1.85e-09","bestanden"
"S04.MEAN.Z10.PRE.PVS-01.X","DETERM","1.9299999999999999","1.9299999999999999","","","0","1.93e-09","bestanden"
"S04.MEAN.Z10.PRE.PVS-02.X","DETERM","1.99","1.9900000000000000","","","0","1.99e-09","bestanden"
"S04.MEAN.Z10.PRE.PVS-03.X","DETERM","1.9199999999999999","1.9199999999999999","","","0","1.92e-09","bestanden"
"S04.MEAN.Z10.PRE.PVS-04.X","DETERM","2.0249999999999999","2.0249999999999999","","","0","2.025e-09","bestanden"
"S04.MEAN.Z10.PRE.PVS-05.X","DETERM","2.0149999999999997","2.0149999999999997","","","0","2.015e-09","bestanden"
"S04.MEAN.Z10.PRE.PVS-06.X","DETERM","1.8149999999999999","1.8149999999999999","","","0","1.815e-09","bestanden"
"S04.MEAN.Z10.PRE.PVS-07.X","DETERM","2.0649999999999999","2.0649999999999999","","","0","2.065e-09","bestanden"
"S04.MEAN.Z10.PRE.PVS-08.X","DETERM","2.125","2.1250000000000000","","","0","2.125e-09","bestanden"
"S04.MEAN.Z10.PRE.PVS-10.X","DETERM","1.8700000000000001","1.8700000000000001","","","0","1.87e-09","bestanden"
"S04.MEAN.Z10.PRE.PVS-11.X","DETERM","2.0350000000000001","2.0350000000000001","","","0","2.035e-09","bestanden"
"S04.MEAN.Z10.PRE.PVS-16.X","DETERM","1.98","1.9800000000000000","","","0","1.98e-09","bestanden"
"S04.MEAN.Z10.PRE.PVS-17.X","DETERM","2.02","2.0200000000000000","","","0","2.02e-09","bestanden"
"S04.MEAN.Z10.PRE.PVS-18.X","DETERM","2.0249999999999999","2.0249999999999999","","","0","2.025e-09","bestanden"
"S04.MEAN.Z30.POST.PBW-01.X","DETERM","4.5700000000000003","4.5700000000000003","","","0","4.57e-09","bestanden"
"S04.MEAN.Z30.POST.PBW-02.X","DETERM","4.7266666666666666","4.7266666666666666","","","0","4.72667e-09","bestanden"
"S04.MEAN.Z30.POST.PBW-04.X","DETERM","4.71","4.7100000000000000","","","0","4.71e-09","bestanden"
"S04.MEAN.Z30.POST.PBW-05.X","DETERM","4.5733333333333333","4.5733333333333333","","","0","4.57333e-09","bestanden"
"S04.MEAN.Z30.POST.PBW-06.X","DETERM","4.5133333333333328","4.5133333333333328","","","0","4.51333e-09","bestanden"
"S04.MEAN.Z30.POST.PBW-07.X","DETERM","","","zu wenige Werte","zu wenige Werte","","","bestanden (beide fehlend, gleicher Grund)"
"S04.MEAN.Z30.POST.PBW-08.X","DETERM","4.4850000000000003","4.4850000000000003","","","0","4.485e-09","bestanden"
"S04.MEAN.Z30.POST.PBW-09.X","DETERM","4.7949999999999999","4.7949999999999999","","","0","4.795e-09","bestanden"
"S04.MEAN.Z30.POST.PBW-10.X","DETERM","4.5099999999999998","4.5099999999999998","","","0","4.51e-09","bestanden"
"S04.MEAN.Z30.POST.PBW-11.X","DETERM","4.8899999999999997","4.8899999999999997","","","0","4.89e-09","bestanden"
"S04.MEAN.Z30.POST.PBW-21.X","DETERM","","","zu wenige Werte","zu wenige Werte","","","bestanden (beide fehlend, gleicher Grund)"
"S04.MEAN.Z30.POST.PHL-01.X","DETERM","4.7649999999999997","4.7649999999999997","","","0","4.765e-09","bestanden"
"S04.MEAN.Z30.POST.PHL-02.X","DETERM","4.4800000000000004","4.4800000000000004","","","0","4.48e-09","bestanden"
"S04.MEAN.Z30.POST.PHL-03.X","DETERM","4.3866666666666667","4.3866666666666667","","","0","4.38667e-09","bestanden"
"S04.MEAN.Z30.POST.PHL-05.X","DETERM","4.4333333333333336","4.4333333333333336","","","0","4.43333e-09","bestanden"
"S04.MEAN.Z30.POST.PHL-06.X","DETERM","4.5","4.5000000000000000","","","0","4.5e-09","bestanden"
"S04.MEAN.Z30.POST.PHL-07.X","DETERM","4.8200000000000003","4.8200000000000003","","","0","4.82e-09","bestanden"
"S04.MEAN.Z30.POST.PHL-08.X","DETERM","4.6500000000000004","4.6500000000000004","","","0","4.65e-09","bestanden"
"S04.MEAN.Z30.POST.PVS-01.X","DETERM","4.9299999999999997","4.9299999999999997","","","0","4.93e-09","bestanden"
"S04.MEAN.Z30.POST.PVS-02.X","DETERM","5.0133333333333336","5.0133333333333336","","","0","5.01333e-09","bestanden"
"S04.MEAN.Z30.POST.PVS-03.X","DETERM","5.2450000000000001","5.2450000000000001","","","0","5.245e-09","bestanden"
"S04.MEAN.Z30.POST.PVS-04.X","DETERM","5.0599999999999996","5.0599999999999996","","","0","5.06e-09","bestanden"
"S04.MEAN.Z30.POST.PVS-05.X","DETERM","5.1200000000000001","5.1200000000000001","","","0","5.12e-09","bestanden"
"S04.MEAN.Z30.POST.PVS-06.X","DETERM","4.5199999999999996","4.5199999999999996","","","0","4.52e-09","bestanden"
"S04.MEAN.Z30.POST.PVS-07.X","DETERM","","","zu wenige Werte","zu wenige Werte","","","bestanden (beide fehlend, gleicher Grund)"
"S04.MEAN.Z30.POST.PVS-08.X","DETERM","5.3300000000000001","5.3300000000000001","","","0","5.33e-09","bestanden"
"S04.MEAN.Z30.POST.PVS-10.X","DETERM","4.8800000000000008","4.8800000000000008","","","0","4.88e-09","bestanden"
"S04.MEAN.Z30.POST.PVS-11.X","DETERM","4.6799999999999997","4.6799999999999997","","","0","4.68e-09","bestanden"
"S04.MEAN.Z30.POST.PVS-16.X","DETERM","","","zu wenige Werte","zu wenige Werte","","","bestanden (beide fehlend, gleicher Grund)"
"S04.MEAN.Z30.POST.PVS-17.X","DETERM","4.8100000000000005","4.8100000000000005","","","0","4.81e-09","bestanden"
"S04.MEAN.Z30.POST.PVS-18.X","DETERM","5.1799999999999997","5.1799999999999997","","","0","5.18e-09","bestanden"
"S04.MEAN.Z30.PRE.PBW-01.X","DETERM","4.5866666666666669","4.5866666666666669","","","0","4.58667e-09","bestanden"
"S04.MEAN.Z30.PRE.PBW-02.X","DETERM","4.7400000000000002","4.7400000000000002","","","0","4.74e-09","bestanden"
"S04.MEAN.Z30.PRE.PBW-04.X","DETERM","4.6766666666666667","4.6766666666666667","","","0","4.67667e-09","bestanden"
"S04.MEAN.Z30.PRE.PBW-05.X","DETERM","4.4466666666666663","4.4466666666666663","","","0","4.44667e-09","bestanden"
"S04.MEAN.Z30.PRE.PBW-06.X","DETERM","4.5466666666666669","4.5466666666666669","","","0","4.54667e-09","bestanden"
"S04.MEAN.Z30.PRE.PBW-07.X","DETERM","4.2966666666666669","4.2966666666666669","","","0","4.29667e-09","bestanden"
"S04.MEAN.Z30.PRE.PBW-08.X","DETERM","4.46","4.4600000000000000","","","0","4.46e-09","bestanden"
"S04.MEAN.Z30.PRE.PBW-09.X","DETERM","4.8200000000000003","4.8200000000000003","","","0","4.82e-09","bestanden"
"S04.MEAN.Z30.PRE.PBW-10.X","DETERM","4.625","4.6250000000000000","","","0","4.625e-09","bestanden"
"S04.MEAN.Z30.PRE.PBW-11.X","DETERM","4.8949999999999996","4.8949999999999996","","","0","4.895e-09","bestanden"
"S04.MEAN.Z30.PRE.PBW-21.X","DETERM","5.0299999999999994","5.0299999999999994","","","0","5.03e-09","bestanden"
"S04.MEAN.Z30.PRE.PHL-01.X","DETERM","4.71","4.7100000000000000","","","0","4.71e-09","bestanden"
"S04.MEAN.Z30.PRE.PHL-02.X","DETERM","4.1633333333333331","4.1633333333333331","","","0","4.16333e-09","bestanden"
"S04.MEAN.Z30.PRE.PHL-03.X","DETERM","4.25","4.2500000000000000","","","0","4.25e-09","bestanden"
"S04.MEAN.Z30.PRE.PHL-05.X","DETERM","4.2866666666666671","4.2866666666666671","","","0","4.28667e-09","bestanden"
"S04.MEAN.Z30.PRE.PHL-06.X","DETERM","4.5250000000000004","4.5250000000000004","","","0","4.525e-09","bestanden"
"S04.MEAN.Z30.PRE.PHL-07.X","DETERM","4.4950000000000001","4.4950000000000001","","","0","4.495e-09","bestanden"
"S04.MEAN.Z30.PRE.PHL-08.X","DETERM","4.5200000000000005","4.5200000000000005","","","0","4.52e-09","bestanden"
"S04.MEAN.Z30.PRE.PVS-01.X","DETERM","4.9100000000000001","4.9100000000000001","","","0","4.91e-09","bestanden"
"S04.MEAN.Z30.PRE.PVS-02.X","DETERM","4.915","4.9150000000000000","","","0","4.915e-09","bestanden"
"S04.MEAN.Z30.PRE.PVS-03.X","DETERM","5","5.0000000000000000","","","0","5e-09","bestanden"
"S04.MEAN.Z30.PRE.PVS-04.X","DETERM","5.0733333333333333","5.0733333333333333","","","0","5.07333e-09","bestanden"
"S04.MEAN.Z30.PRE.PVS-05.X","DETERM","5","5.0000000000000000","","","0","5e-09","bestanden"
"S04.MEAN.Z30.PRE.PVS-06.X","DETERM","4.4766666666666666","4.4766666666666666","","","0","4.47667e-09","bestanden"
"S04.MEAN.Z30.PRE.PVS-07.X","DETERM","5.2599999999999998","5.2599999999999998","","","0","5.26e-09","bestanden"
"S04.MEAN.Z30.PRE.PVS-08.X","DETERM","5.456666666666667","5.4566666666666670","","","0","5.45667e-09","bestanden"
"S04.MEAN.Z30.PRE.PVS-10.X","DETERM","4.6833333333333336","4.6833333333333336","","","0","4.68333e-09","bestanden"
"S04.MEAN.Z30.PRE.PVS-11.X","DETERM","5.0449999999999999","5.0449999999999999","","","0","5.045e-09","bestanden"
"S04.MEAN.Z30.PRE.PVS-16.X","DETERM","4.9199999999999999","4.9199999999999999","","","0","4.92e-09","bestanden"
"S04.MEAN.Z30.PRE.PVS-17.X","DETERM","4.8799999999999999","4.8799999999999999","","","0","4.88e-09","bestanden"
"S04.MEAN.Z30.PRE.PVS-18.X","DETERM","5.1300000000000008","5.1300000000000008","","","0","5.13e-09","bestanden"
"S05.MP.PAH.PRE.PBW-01.X","DETERM","71.259842519685037","71.259842519685037","","","0","7.12598e-08","bestanden"
"S05.MP.PAH.PRE.PBW-02.X","DETERM","63.976377952755904","63.976377952755904","","","0","6.39764e-08","bestanden"
"S05.MP.PAH.PRE.PBW-04.X","DETERM","69.881889763779526","69.881889763779526","","","0","6.98819e-08","bestanden"
"S05.MP.PAH.PRE.PBW-05.X","DETERM","68.503937007874015","68.503937007874015","","","0","6.85039e-08","bestanden"
"S05.MP.PAH.PRE.PBW-06.X","DETERM","71.259842519685037","71.259842519685037","","","0","7.12598e-08","bestanden"
"S05.MP.PAH.PRE.PBW-07.X","DETERM","70.472440944881896","70.472440944881896","","","0","7.04724e-08","bestanden"
"S05.MP.PAH.PRE.PBW-08.X","DETERM","70.078740157480325","70.078740157480325","","","0","7.00787e-08","bestanden"
"S05.MP.PAH.PRE.PBW-09.X","DETERM","68.7007874015748","68.700787401574800","","","0","6.87008e-08","bestanden"
"S05.MP.PAH.PRE.PBW-10.X","DETERM","66.929133858267718","66.929133858267718","","","0","6.69291e-08","bestanden"
"S05.MP.PAH.PRE.PBW-11.X","DETERM","70.078740157480311","70.078740157480311","","","0","7.00787e-08","bestanden"
"S05.MP.PAH.PRE.PBW-21.X","DETERM","71.259842519685037","71.259842519685037","","","0","7.12598e-08","bestanden"
"S05.MP.PAH.PRE.PHL-01.X","DETERM","69.685039370078741","69.685039370078741","","","0","6.9685e-08","bestanden"
"S05.MP.PAH.PRE.PHL-02.X","DETERM","66.535433070866134","66.535433070866134","","","0","6.65354e-08","bestanden"
"S05.MP.PAH.PRE.PHL-03.X","DETERM","66.732283464566933","66.732283464566933","","","0","6.67323e-08","bestanden"
"S05.MP.PAH.PRE.PHL-05.X","DETERM","67.519685039370074","67.519685039370074","","","0","6.75197e-08","bestanden"
"S05.MP.PAH.PRE.PHL-06.X","DETERM","66.338582677165363","66.338582677165363","","","0","6.63386e-08","bestanden"
"S05.MP.PAH.PRE.PHL-07.X","DETERM","66.929133858267718","66.929133858267718","","","0","6.69291e-08","bestanden"
"S05.MP.PAH.PRE.PHL-08.X","DETERM","70.866141732283467","70.866141732283467","","","0","7.08661e-08","bestanden"
"S05.MP.PAH.PRE.PVS-01.X","DETERM","68.897637795275585","68.897637795275585","","","0","6.88976e-08","bestanden"
"S05.MP.PAH.PRE.PVS-02.X","DETERM","69.881889763779526","69.881889763779526","","","0","6.98819e-08","bestanden"
"S05.MP.PAH.PRE.PVS-03.X","DETERM","69.094488188976385","69.094488188976385","","","0","6.90945e-08","bestanden"
"S05.MP.PAH.PRE.PVS-04.X","DETERM","69.488188976377955","69.488188976377955","","","0","6.94882e-08","bestanden"
"S05.MP.PAH.PRE.PVS-05.X","DETERM","73.031496062992119","73.031496062992119","","","0","7.30315e-08","bestanden"
"S05.MP.PAH.PRE.PVS-06.X","DETERM","68.503937007874015","68.503937007874015","","","0","6.85039e-08","bestanden"
"S05.MP.PAH.PRE.PVS-07.X","DETERM","69.685039370078741","69.685039370078741","","","0","6.9685e-08","bestanden"
"S05.MP.PAH.PRE.PVS-08.X","DETERM","69.881889763779526","69.881889763779526","","","0","6.98819e-08","bestanden"
"S05.MP.PAH.PRE.PVS-10.X","DETERM","69.094488188976371","69.094488188976371","","","0","6.90945e-08","bestanden"
"S05.MP.PAH.PRE.PVS-11.X","DETERM","66.929133858267718","66.929133858267718","","","0","6.69291e-08","bestanden"
"S05.MP.PAH.PRE.PVS-16.X","DETERM","71.456692913385822","71.456692913385822","","","0","7.14567e-08","bestanden"
"S05.MP.PAH.PRE.PVS-17.X","DETERM","69.291338582677156","69.291338582677156","","","0","6.92913e-08","bestanden"
"S05.MP.PAH.PRE.PVS-18.X","DETERM","68.503937007874015","68.503937007874015","","","0","6.85039e-08","bestanden"
"S05.NPAH.PAH.PRE.IG.X","EXAKT","18","18","","","0","0","bestanden"
"S05.NPAH.PAH.PRE.KG.X","EXAKT","12","12","","","0","0","bestanden"
"S05.PAH.PAH.PRE.PBW-01.X","DETERM","91.854362727312605","91.854362727312605","","","0","9.18544e-08","bestanden"
"S05.PAH.PAH.PRE.PBW-02.X","DETERM","97.145696051226977","97.145696051226977","","","0","9.71457e-08","bestanden"
"S05.PAH.PAH.PRE.PBW-04.X","DETERM","94.990234197846334","94.990234197846334","","","0","9.49902e-08","bestanden"
"S05.PAH.PAH.PRE.PBW-05.X","DETERM","94.20842674468372","94.208426744683720","","","0","9.42084e-08","bestanden"
"S05.PAH.PAH.PRE.PBW-06.X","DETERM","87.066186063648942","87.066186063648942","","","0","8.70662e-08","bestanden"
"S05.PAH.PAH.PRE.PBW-07.X","DETERM","92.485333171593695","92.485333171593695","","","0","9.24853e-08","bestanden"
"S05.PAH.PAH.PRE.PBW-08.X","DETERM","96.750530062199772","96.750530062199772","","","0","9.67505e-08","bestanden"
"S05.PAH.PAH.PRE.PBW-09.X","DETERM","92.252741234708381","92.252741234708381","","","0","9.22527e-08","bestanden"
"S05.PAH.PAH.PRE.PBW-10.X","DETERM","94.092031887268604","94.092031887268604","","","0","9.4092e-08","bestanden"
"S05.PAH.PAH.PRE.PBW-11.X","DETERM","92.734207111345768","92.734207111345768","","","0","9.27342e-08","bestanden"
"S05.PAH.PAH.PRE.PBW-21.X","DETERM","90.736385396512148","90.736385396512148","","","0","9.07364e-08","bestanden"
"S05.PAH.PAH.PRE.PHL-01.X","DETERM","98.237137437483753","98.237137437483753","","","0","9.82371e-08","bestanden"
"S05.PAH.PAH.PRE.PHL-02.X","DETERM","97.003449680519481","97.003449680519481","","","0","9.70034e-08","bestanden"
"S05.PAH.PAH.PRE.PHL-03.X","DETERM","96.786153818455631","96.786153818455631","","","0","9.67862e-08","bestanden"
"S05.PAH.PAH.PRE.PHL-05.X","DETERM","95.260890593207407","95.260890593207407","","","0","9.52609e-08","bestanden"
"S05.PAH.PAH.PRE.PHL-06.X","DETERM","96.129162714014257","96.129162714014257","","","0","9.61292e-08","bestanden"
"S05.PAH.PAH.PRE.PHL-07.X","DETERM","96.481841444571813","96.481841444571813","","","0","9.64818e-08","bestanden"
"S05.PAH.PAH.PRE.PHL-08.X","DETERM","94.849403456129608","94.849403456129608","","","0","9.48494e-08","bestanden"
"S05.PAH.PAH.PRE.PVS-01.X","DETERM","90.038630613142971","90.038630613142971","","","0","9.00386e-08","bestanden"
"S05.PAH.PAH.PRE.PVS-02.X","DETERM","86.454303043900609","86.454303043900609","","","0","8.64543e-08","bestanden"
"S05.PAH.PAH.PRE.PVS-03.X","DETERM","90.205655127943359","90.205655127943359","","","0","9.02057e-08","bestanden"
"S05.PAH.PAH.PRE.PVS-04.X","DETERM","88.040604531874038","88.040604531874038","","","0","8.80406e-08","bestanden"
"S05.PAH.PAH.PRE.PVS-05.X","DETERM","87.231076744492754","87.231076744492754","","","0","8.72311e-08","bestanden"
"S05.PAH.PAH.PRE.PVS-06.X","DETERM","92.993487093762354","92.993487093762354","","","0","9.29935e-08","bestanden"
"S05.PAH.PAH.PRE.PVS-07.X","DETERM","88.128854753528628","88.128854753528628","","","0","8.81289e-08","bestanden"
"S05.PAH.PAH.PRE.PVS-08.X","DETERM","91.656974681660188","91.656974681660188","","","0","9.1657e-08","bestanden"
"S05.PAH.PAH.PRE.PVS-10.X","DETERM","90.387580658840278","90.387580658840278","","","0","9.03876e-08","bestanden"
"S05.PAH.PAH.PRE.PVS-11.X","DETERM","93.025574117747837","93.025574117747837","","","0","9.30256e-08","bestanden"
"S05.PAH.PAH.PRE.PVS-16.X","DETERM","87.531180136917001","87.531180136917001","","","0","8.75312e-08","bestanden"
"S05.PAH.PAH.PRE.PVS-17.X","DETERM","94.917025447097814","94.917025447097814","","","0","9.4917e-08","bestanden"
"S05.PAH.PAH.PRE.PVS-18.X","DETERM","","","Eingang fehlt","Eingang fehlt","","","bestanden (beide fehlend, gleicher Grund)"
"S05.PAS.PAH.PRE.PBW-01.X","DETERM","74.5788604633197","74.578860463319700","","","0","7.45789e-08","bestanden"
"S05.PAS.PAH.PRE.PBW-02.X","DETERM","68.085087628160721","68.085087628160721","","","0","6.80851e-08","bestanden"
"S05.PAS.PAH.PRE.PBW-04.X","DETERM","74.189143273508918","74.189143273508918","","","0","7.41891e-08","bestanden"
"S05.PAS.PAH.PRE.PBW-05.X","DETERM","71.461584671318576","71.461584671318576","","","0","7.14616e-08","bestanden"
"S05.PAS.PAH.PRE.PBW-06.X","DETERM","66.923474163479469","66.923474163479469","","","0","6.69235e-08","bestanden"
"S05.PAS.PAH.PRE.PBW-07.X","DETERM","74.070054849426199","74.070054849426199","","","0","7.40701e-08","bestanden"
"S05.PAS.PAH.PRE.PBW-08.X","DETERM","76.908569669913618","76.908569669913618","","","0","7.69086e-08","bestanden"
"S05.PAS.PAH.PRE.PBW-09.X","DETERM","69.562408105779639","69.562408105779639","","","0","6.95624e-08","bestanden"
"S05.PAS.PAH.PRE.PBW-10.X","DETERM","69.039459153235185","69.039459153235185","","","0","6.90395e-08","bestanden"
"S05.PAS.PAH.PRE.PBW-11.X","DETERM","73.022175465158995","73.022175465158995","","","0","7.30222e-08","bestanden"
"S05.PAS.PAH.PRE.PBW-21.X","DETERM","72.026597073563394","72.026597073563394","","","0","7.20266e-08","bestanden"
"S05.PAS.PAH.PRE.PHL-01.X","DETERM","78.149318624194549","78.149318624194549","","","0","7.81493e-08","bestanden"
"S05.PAS.PAH.PRE.PHL-02.X","DETERM","71.837691957952188","71.837691957952188","","","0","7.18377e-08","bestanden"
"S05.PAS.PAH.PRE.PHL-03.X","DETERM","71.592201827390298","71.592201827390298","","","0","7.15922e-08","bestanden"
"S05.PAS.PAH.PRE.PHL-05.X","DETERM","73.565069275635437","73.565069275635437","","","0","7.35651e-08","bestanden"
"S05.PAS.PAH.PRE.PHL-06.X","DETERM","69.624172278898257","69.624172278898257","","","0","6.96242e-08","bestanden"
"S05.PAS.PAH.PRE.PHL-07.X","DETERM","72.226066922771508","72.226066922771508","","","0","7.22261e-08","bestanden"
"S05.PAS.PAH.PRE.PHL-08.X","DETERM","74.714377898076037","74.714377898076037","","","0","7.47144e-08","bestanden"
"S05.PAS.PAH.PRE.PVS-01.X","DETERM","72.584767519911196","72.584767519911196","","","0","7.25848e-08","bestanden"
"S05.PAS.PAH.PRE.PVS-02.X","DETERM","71.950987075636817","71.950987075636817","","","0","7.1951e-08","bestanden"
"S05.PAS.PAH.PRE.PVS-03.X","DETERM","72.013921775882906","72.013921775882906","","","0","7.20139e-08","bestanden"
"S05.PAS.PAH.PRE.PVS-04.X","DETERM","72.890490345535454","72.890490345535454","","","0","7.28905e-08","bestanden"
"S05.PAS.PAH.PRE.PVS-05.X","DETERM","75.82358805130805","75.823588051308050","","","0","7.58236e-08","bestanden"
"S05.PAS.PAH.PRE.PVS-06.X","DETERM","72.818578536359695","72.818578536359695","","","0","7.28186e-08","bestanden"
"S05.PAS.PAH.PRE.PVS-07.X","DETERM","72.817499473845416","72.817499473845416","","","0","7.28175e-08","bestanden"
"S05.PAS.PAH.PRE.PVS-08.X","DETERM","73.450858354743445","73.450858354743445","","","0","7.34509e-08","bestanden"
"S05.PAS.PAH.PRE.PVS-10.X","DETERM","74.046825205871656","74.046825205871656","","","0","7.40468e-08","bestanden"
"S05.PAS.PAH.PRE.PVS-11.X","DETERM","72.370243649832133","72.370243649832133","","","0","7.23702e-08","bestanden"
"S05.PAS.PAH.PRE.PVS-16.X","DETERM","74.664057546617826","74.664057546617826","","","0","7.46641e-08","bestanden"
"S05.PAS.PAH.PRE.PVS-17.X","DETERM","75.905501415701096","75.905501415701096","","","0","7.59055e-08","bestanden"
"S05.PAS.PAH.PRE.PVS-18.X","DETERM","","","Eingang fehlt","Eingang fehlt","","","bestanden (beide fehlend, gleicher Grund)"
"S06.NDUBL.FB.X.ALL.X","EXAKT","1","1","","","0","0","bestanden"
"S06.NKORR.FB.X.ALL.X","EXAKT","7","7","","","0","0","bestanden"
"S06.NMELD.FB.X.ALL.X","EXAKT","111","111","","","0","0","bestanden"
"S06.NMELD.FB.X.PBW-01.X","EXAKT","0","0","","","0","0","bestanden"
"S06.NMELD.FB.X.PBW-02.X","EXAKT","12","12","","","0","0","bestanden"
"S06.NMELD.FB.X.PBW-04.X","EXAKT","7","7","","","0","0","bestanden"
"S06.NMELD.FB.X.PBW-05.X","EXAKT","8","8","","","0","0","bestanden"
"S06.NMELD.FB.X.PBW-06.X","EXAKT","5","5","","","0","0","bestanden"
"S06.NMELD.FB.X.PBW-07.X","EXAKT","6","6","","","0","0","bestanden"
"S06.NMELD.FB.X.PBW-08.X","EXAKT","9","9","","","0","0","bestanden"
"S06.NMELD.FB.X.PBW-09.X","EXAKT","8","8","","","0","0","bestanden"
"S06.NMELD.FB.X.PBW-10.X","EXAKT","5","5","","","0","0","bestanden"
"S06.NMELD.FB.X.PBW-11.X","EXAKT","2","2","","","0","0","bestanden"
"S06.NMELD.FB.X.PBW-21.X","EXAKT","0","0","","","0","0","bestanden"
"S06.NMELD.FB.X.PHL-01.X","EXAKT","10","10","","","0","0","bestanden"
"S06.NMELD.FB.X.PHL-02.X","EXAKT","9","9","","","0","0","bestanden"
"S06.NMELD.FB.X.PHL-03.X","EXAKT","12","12","","","0","0","bestanden"
"S06.NMELD.FB.X.PHL-05.X","EXAKT","0","0","","","0","0","bestanden"
"S06.NMELD.FB.X.PHL-06.X","EXAKT","1","1","","","0","0","bestanden"
"S06.NMELD.FB.X.PHL-07.X","EXAKT","11","11","","","0","0","bestanden"
"S06.NMELD.FB.X.PHL-08.X","EXAKT","6","6","","","0","0","bestanden"
"S06.NSAMM.FB.X.ALL.X","EXAKT","7","7","","","0","0","bestanden"
"S06.NSTAT.FB.X.IG.GANZ","EXAKT","92","92","","","0","0","bestanden"
"S06.NSTAT.FB.X.IG.GARN","EXAKT","13","13","","","0","0","bestanden"
"S06.NSTAT.FB.X.IG.TEILW","EXAKT","6","6","","","0","0","bestanden"
"S07.ADH.ADH.X.PBW-01.DIST","EXAKT","0","0","","","0","0","bestanden"
"S07.ADH.ADH.X.PBW-01.GANZ","EXAKT","0","0","","","0","0","bestanden"
"S07.ADH.ADH.X.PBW-01.WOCAP","EXAKT","0","0","","","0","0","bestanden"
"S07.ADH.ADH.X.PBW-02.DIST","EXAKT","12","12","","","0","0","bestanden"
"S07.ADH.ADH.X.PBW-02.GANZ","EXAKT","12","12","","","0","0","bestanden"
"S07.ADH.ADH.X.PBW-02.WOCAP","EXAKT","12","12","","","0","0","bestanden"
"S07.ADH.ADH.X.PBW-04.DIST","EXAKT","6","6","","","0","0","bestanden"
"S07.ADH.ADH.X.PBW-04.GANZ","EXAKT","6","6","","","0","0","bestanden"
"S07.ADH.ADH.X.PBW-04.WOCAP","EXAKT","5","5","","","0","0","bestanden"
"S07.ADH.ADH.X.PBW-05.DIST","EXAKT","7","7","","","0","0","bestanden"
"S07.ADH.ADH.X.PBW-05.GANZ","EXAKT","7","7","","","0","0","bestanden"
"S07.ADH.ADH.X.PBW-05.WOCAP","EXAKT","7","7","","","0","0","bestanden"
"S07.ADH.ADH.X.PBW-06.DIST","EXAKT","2","2","","","0","0","bestanden"
"S07.ADH.ADH.X.PBW-06.GANZ","EXAKT","2","2","","","0","0","bestanden"
"S07.ADH.ADH.X.PBW-06.WOCAP","EXAKT","2","2","","","0","0","bestanden"
"S07.ADH.ADH.X.PBW-07.DIST","EXAKT","6","6","","","0","0","bestanden"
"S07.ADH.ADH.X.PBW-07.GANZ","EXAKT","6","6","","","0","0","bestanden"
"S07.ADH.ADH.X.PBW-07.WOCAP","EXAKT","6","6","","","0","0","bestanden"
"S07.ADH.ADH.X.PBW-08.DIST","EXAKT","8","8","","","0","0","bestanden"
"S07.ADH.ADH.X.PBW-08.GANZ","EXAKT","9","9","","","0","0","bestanden"
"S07.ADH.ADH.X.PBW-08.WOCAP","EXAKT","8","8","","","0","0","bestanden"
"S07.ADH.ADH.X.PBW-09.DIST","EXAKT","7","7","","","0","0","bestanden"
"S07.ADH.ADH.X.PBW-09.GANZ","EXAKT","7","7","","","0","0","bestanden"
"S07.ADH.ADH.X.PBW-09.WOCAP","EXAKT","7","7","","","0","0","bestanden"
"S07.ADH.ADH.X.PBW-10.DIST","EXAKT","5","5","","","0","0","bestanden"
"S07.ADH.ADH.X.PBW-10.GANZ","EXAKT","5","5","","","0","0","bestanden"
"S07.ADH.ADH.X.PBW-10.WOCAP","EXAKT","5","5","","","0","0","bestanden"
"S07.ADH.ADH.X.PBW-11.DIST","EXAKT","2","2","","","0","0","bestanden"
"S07.ADH.ADH.X.PBW-11.GANZ","EXAKT","2","2","","","0","0","bestanden"
"S07.ADH.ADH.X.PBW-11.WOCAP","EXAKT","2","2","","","0","0","bestanden"
"S07.ADH.ADH.X.PBW-21.DIST","EXAKT","","","nicht erhebbar","nicht erhebbar","","","bestanden (beide fehlend, gleicher Grund)"
"S07.ADH.ADH.X.PBW-21.GANZ","EXAKT","","","nicht erhebbar","nicht erhebbar","","","bestanden (beide fehlend, gleicher Grund)"
"S07.ADH.ADH.X.PBW-21.WOCAP","EXAKT","","","nicht erhebbar","nicht erhebbar","","","bestanden (beide fehlend, gleicher Grund)"
"S07.ADH.ADH.X.PHL-01.DIST","EXAKT","8","8","","","0","0","bestanden"
"S07.ADH.ADH.X.PHL-01.GANZ","EXAKT","8","8","","","0","0","bestanden"
"S07.ADH.ADH.X.PHL-01.WOCAP","EXAKT","8","8","","","0","0","bestanden"
"S07.ADH.ADH.X.PHL-02.DIST","EXAKT","7","7","","","0","0","bestanden"
"S07.ADH.ADH.X.PHL-02.GANZ","EXAKT","8","8","","","0","0","bestanden"
"S07.ADH.ADH.X.PHL-02.WOCAP","EXAKT","8","8","","","0","0","bestanden"
"S07.ADH.ADH.X.PHL-03.DIST","EXAKT","5","5","","","0","0","bestanden"
"S07.ADH.ADH.X.PHL-03.GANZ","EXAKT","9","9","","","0","0","bestanden"
"S07.ADH.ADH.X.PHL-03.WOCAP","EXAKT","9","9","","","0","0","bestanden"
"S07.ADH.ADH.X.PHL-05.DIST","EXAKT","0","0","","","0","0","bestanden"
"S07.ADH.ADH.X.PHL-05.GANZ","EXAKT","0","0","","","0","0","bestanden"
"S07.ADH.ADH.X.PHL-05.WOCAP","EXAKT","0","0","","","0","0","bestanden"
"S07.ADH.ADH.X.PHL-06.DIST","EXAKT","0","0","","","0","0","bestanden"
"S07.ADH.ADH.X.PHL-06.GANZ","EXAKT","0","0","","","0","0","bestanden"
"S07.ADH.ADH.X.PHL-06.WOCAP","EXAKT","0","0","","","0","0","bestanden"
"S07.ADH.ADH.X.PHL-07.DIST","EXAKT","7","7","","","0","0","bestanden"
"S07.ADH.ADH.X.PHL-07.GANZ","EXAKT","7","7","","","0","0","bestanden"
"S07.ADH.ADH.X.PHL-07.WOCAP","EXAKT","7","7","","","0","0","bestanden"
"S07.ADH.ADH.X.PHL-08.DIST","EXAKT","4","4","","","0","0","bestanden"
"S07.ADH.ADH.X.PHL-08.GANZ","EXAKT","4","4","","","0","0","bestanden"
"S07.ADH.ADH.X.PHL-08.WOCAP","EXAKT","4","4","","","0","0","bestanden"
"S07.ANTW.ADH.W1.IG.GANZ","DETERM","0.44444444444444442","0.44444444444444442","","","0","1e-09","bestanden"
"S07.ANTW.ADH.W2.IG.GANZ","DETERM","0.55555555555555558","0.55555555555555558","","","0","1e-09","bestanden"
"S07.ANTW.ADH.W3.IG.GANZ","DETERM","0.44444444444444442","0.44444444444444442","","","0","1e-09","bestanden"
"S07.ANTW.ADH.W4.IG.GANZ","DETERM","0.5","0.50000000000000000","","","0","1e-09","bestanden"
"S07.ANTW.ADH.W5.IG.GANZ","DETERM","0.41666666666666669","0.41666666666666669","","","0","1e-09","bestanden"
"S07.ANTW.ADH.W6.IG.GANZ","DETERM","0.19444444444444445","0.19444444444444445","","","0","1e-09","bestanden"
"S07.GE01.ADH.X.IG.GANZ","EXAKT","14","14","","","0","0","bestanden"
"S07.GE02.ADH.X.IG.GANZ","EXAKT","14","14","","","0","0","bestanden"
"S07.GE03.ADH.X.IG.GANZ","EXAKT","12","12","","","0","0","bestanden"
"S07.GE04.ADH.X.IG.GANZ","EXAKT","12","12","","","0","0","bestanden"
"S07.GE05.ADH.X.IG.GANZ","EXAKT","11","11","","","0","0","bestanden"
"S07.GE06.ADH.X.IG.DIST","EXAKT","9","9","","","0","0","bestanden"
"S07.GE06.ADH.X.IG.GANZ","EXAKT","10","10","","","0","0","bestanden"
"S07.GE06.ADH.X.IG.WOCAP","EXAKT","9","9","","","0","0","bestanden"
"S07.GE07.ADH.X.IG.GANZ","EXAKT","8","8","","","0","0","bestanden"
"S07.GE08.ADH.X.IG.GANZ","EXAKT","5","5","","","0","0","bestanden"
"S07.GE09.ADH.X.IG.DIST","EXAKT","1","1","","","0","0","bestanden"
"S07.GE09.ADH.X.IG.GANZ","EXAKT","3","3","","","0","0","bestanden"
"S07.GE09.ADH.X.IG.WOCAP","EXAKT","2","2","","","0","0","bestanden"
"S07.GE10.ADH.X.IG.GANZ","EXAKT","1","1","","","0","0","bestanden"
"S07.GE11.ADH.X.IG.GANZ","EXAKT","1","1","","","0","0","bestanden"
"S07.GE12.ADH.X.IG.GANZ","EXAKT","1","1","","","0","0","bestanden"
"S07.M.CR10.W1.IG.GANZ","DETERM","2.8125","2.8125000000000000","","","0","2.8125e-09","bestanden"
"S07.M.CR10.W2.IG.GANZ","DETERM","3","3.0000000000000000","","","0","3e-09","bestanden"
"S07.M.CR10.W3.IG.GANZ","DETERM","2.625","2.6250000000000000","","","0","2.625e-09","bestanden"
"S07.M.CR10.W4.IG.GANZ","DETERM","2.8333333333333335","2.8333333333333335","","","0","2.83333e-09","bestanden"
"S07.M.CR10.W5.IG.GANZ","DETERM","3.2666666666666666","3.2666666666666666","","","0","3.26667e-09","bestanden"
"S07.M.CR10.W6.IG.GANZ","DETERM","2.8571428571428572","2.8571428571428572","","","0","2.85714e-09","bestanden"
"S07.M.CR10.X.IG.GANZ","DETERM","2.9021739130434785","2.9021739130434785","","","0","2.90217e-09","bestanden"
"S07.M.LOAD.W1.IG.GANZ","DETERM","104.484375","104.48437500000000","","","0","1.04484e-07","bestanden"
"S07.M.LOAD.W2.IG.GANZ","DETERM","110.75","110.75000000000000","","","0","1.1075e-07","bestanden"
"S07.M.LOAD.W3.IG.GANZ","DETERM","87.0625","87.062500000000000","","","0","8.70625e-08","bestanden"
"S07.M.LOAD.W4.IG.GANZ","DETERM","98.599999999999994","98.599999999999994","","","0","9.86e-08","bestanden"
"S07.M.LOAD.W5.IG.GANZ","DETERM","130.44888888888889","130.44888888888889","","","0","1.30449e-07","bestanden"
"S07.M.LOAD.W6.IG.GANZ","DETERM","114.61904761904762","114.61904761904762","","","0","1.14619e-07","bestanden"
"S07.M.LOAD.X.IG.GANZ","DETERM","106.66974637681159","106.66974637681159","","","0","1.0667e-07","bestanden"
"S07.MAX.CR10.X.IG.GANZ","DETERM","5","5.0000000000000000","","","0","5e-09","bestanden"
"S07.MAX.LOAD.X.IG.GANZ","DETERM","199.66666666666666","199.66666666666666","","","0","1.99667e-07","bestanden"
"S07.MED.ADH.X.IG.GANZ","DETERM","6","6.0000000000000000","","","0","6e-09","bestanden"
"S07.MED.CR10.X.IG.GANZ","DETERM","3","3.0000000000000000","","","0","3e-09","bestanden"
"S07.MED.LOAD.X.IG.GANZ","DETERM","110.75","110.75000000000000","","","0","1.1075e-07","bestanden"
"S07.MIN.CR10.X.IG.GANZ","DETERM","0","0.0000000000000000","","","0","1e-09","bestanden"
"S07.MIN.LOAD.X.IG.GANZ","DETERM","0","0.0000000000000000","","","0","1e-09","bestanden"
"S07.MITT.ADH.X.IG.GANZ","DETERM","5.1111111111111107","5.1111111111111107","","","0","5.11111e-09","bestanden"
"S07.N.CR10.W1.IG.GANZ","EXAKT","16","16","","","0","0","bestanden"
"S07.N.CR10.W2.IG.GANZ","EXAKT","20","20","","","0","0","bestanden"
"S07.N.CR10.W3.IG.GANZ","EXAKT","16","16","","","0","0","bestanden"
"S07.N.CR10.W4.IG.GANZ","EXAKT","18","18","","","0","0","bestanden"
"S07.N.CR10.W5.IG.GANZ","EXAKT","15","15","","","0","0","bestanden"
"S07.N.CR10.W6.IG.GANZ","EXAKT","7","7","","","0","0","bestanden"
"S07.N.CR10.X.IG.GANZ","EXAKT","92","92","","","0","0","bestanden"
"S07.N.LOAD.W1.IG.GANZ","EXAKT","16","16","","","0","0","bestanden"
"S07.N.LOAD.W2.IG.GANZ","EXAKT","20","20","","","0","0","bestanden"
"S07.N.LOAD.W3.IG.GANZ","EXAKT","16","16","","","0","0","bestanden"
"S07.N.LOAD.W4.IG.GANZ","EXAKT","18","18","","","0","0","bestanden"
"S07.N.LOAD.W5.IG.GANZ","EXAKT","15","15","","","0","0","bestanden"
"S07.N.LOAD.W6.IG.GANZ","EXAKT","7","7","","","0","0","bestanden"
"S07.N.LOAD.X.IG.GANZ","EXAKT","92","92","","","0","0","bestanden"
"S07.NMELDSP.ADH.X.IG.X","EXAKT","15","15","","","0","0","bestanden"
"S07.NZUG.ADH.X.IG.X","EXAKT","18","18","","","0","0","bestanden"
"S07.RATE.ADH.X.IG.DIST","DETERM","0.39814814814814814","0.39814814814814814","","","0","1e-09","bestanden"
"S07.RATE.ADH.X.IG.GANZ","DETERM","0.42592592592592593","0.42592592592592593","","","0","1e-09","bestanden"
"S07.RATE.ADH.X.IG.GT","DETERM","0.45370370370370372","0.45370370370370372","","","0","1e-09","bestanden"
"S07.RATE.ADH.X.IG.WOCAP","DETERM","0.41666666666666669","0.41666666666666669","","","0","1e-09","bestanden"
"S07.SD.CR10.W1.IG.GANZ","DETERM","0.65510813356778486","0.65510813356778486","","","0","1e-09","bestanden"
"S07.SD.CR10.W2.IG.GANZ","DETERM","0.64888568452305018","0.64888568452305018","","","0","1e-09","bestanden"
"S07.SD.CR10.W3.IG.GANZ","DETERM","0.5","0.50000000000000000","","","0","1e-09","bestanden"
"S07.SD.CR10.W4.IG.GANZ","DETERM","1.2485285456935955","1.2485285456935955","","","0","1.24853e-09","bestanden"
"S07.SD.CR10.W5.IG.GANZ","DETERM","1.162919151265879","1.1629191512658790","","","0","1.16292e-09","bestanden"
"S07.SD.CR10.W6.IG.GANZ","DETERM","1.2149857925879117","1.2149857925879117","","","0","1.21499e-09","bestanden"
"S07.SD.CR10.X.IG.GANZ","DETERM","0.91459211600180101","0.91459211600180101","","","0","1e-09","bestanden"
"S07.SD.LOAD.W1.IG.GANZ","DETERM","24.337267162043204","24.337267162043204","","","0","2.43373e-08","bestanden"
"S07.SD.LOAD.W2.IG.GANZ","DETERM","23.954696520309266","23.954696520309266","","","0","2.39547e-08","bestanden"
"S07.SD.LOAD.W3.IG.GANZ","DETERM","16.583333333333336","16.583333333333336","","","0","1.65833e-08","bestanden"
"S07.SD.LOAD.W4.IG.GANZ","DETERM","43.448793390137126","43.448793390137126","","","0","4.34488e-08","bestanden"
"S07.SD.LOAD.W5.IG.GANZ","DETERM","46.439238107217427","46.439238107217427","","","0","4.64392e-08","bestanden"
"S07.SD.LOAD.W6.IG.GANZ","DETERM","48.741180045985061","48.741180045985061","","","0","4.87412e-08","bestanden"
"S07.SD.LOAD.X.IG.GANZ","DETERM","35.873449384649909","35.873449384649909","","","0","3.58734e-08","bestanden"
"S07.SUMME.ADH.X.IG.DIST","EXAKT","86","86","","","0","0","bestanden"
"S07.SUMME.ADH.X.IG.GANZ","EXAKT","92","92","","","0","0","bestanden"
"S07.SUMME.ADH.X.IG.GT","EXAKT","98","98","","","0","0","bestanden"
"S07.SUMME.ADH.X.IG.WOCAP","EXAKT","90","90","","","0","0","bestanden"
"S07.UE.FB.X.IG.GANZ","EXAKT","8","8","","","0","0","bestanden"
"S07.UE.FB.X.IG.GARN","EXAKT","2","2","","","0","0","bestanden"
"S07.UE.FB.X.IG.TEILW","EXAKT","2","2","","","0","0","bestanden"
"S07.UE.FB.X.IG.X","EXAKT","12","12","","","0","0","bestanden"
"S07.UESP.FB.X.IG.X","EXAKT","9","9","","","0","0","bestanden"
"S07.V00.ADH.X.IG.GANZ","EXAKT","4","4","","","0","0","bestanden"
"S07.V01.ADH.X.IG.GANZ","EXAKT","0","0","","","0","0","bestanden"
"S07.V02.ADH.X.IG.GANZ","EXAKT","2","2","","","0","0","bestanden"
"S07.V03.ADH.X.IG.GANZ","EXAKT","0","0","","","0","0","bestanden"
"S07.V04.ADH.X.IG.GANZ","EXAKT","1","1","","","0","0","bestanden"
"S07.V05.ADH.X.IG.GANZ","EXAKT","1","1","","","0","0","bestanden"
"S07.V06.ADH.X.IG.GANZ","EXAKT","2","2","","","0","0","bestanden"
"S07.V07.ADH.X.IG.GANZ","EXAKT","3","3","","","0","0","bestanden"
"S07.V08.ADH.X.IG.GANZ","EXAKT","2","2","","","0","0","bestanden"
"S07.V09.ADH.X.IG.GANZ","EXAKT","2","2","","","0","0","bestanden"
"S07.V10.ADH.X.IG.GANZ","EXAKT","0","0","","","0","0","bestanden"
"S07.V11.ADH.X.IG.GANZ","EXAKT","0","0","","","0","0","bestanden"
"S07.V12.ADH.X.IG.GANZ","EXAKT","1","1","","","0","0","bestanden"
"S08.ANT.CL.X.ALL.X","DETERM","0.83870967741935487","0.83870967741935487","","","0","1e-09","bestanden"
"S08.ANT.CL.X.IG.X","DETERM","0.83333333333333337","0.83333333333333337","","","0","1e-09","bestanden"
"S08.ANT.CL.X.KG.X","DETERM","0.84615384615384615","0.84615384615384615","","","0","1e-09","bestanden"
"S08.ANT.CM.X.ALL.X","DETERM","0.74193548387096775","0.74193548387096775","","","0","1e-09","bestanden"
"S08.ANT.CM.X.IG.X","DETERM","0.72222222222222221","0.72222222222222221","","","0","1e-09","bestanden"
"S08.ANT.CM.X.KG.X","DETERM","0.76923076923076927","0.76923076923076927","","","0","1e-09","bestanden"
"S08.ANT.CR.X.ALL.X","DETERM","0.77419354838709675","0.77419354838709675","","","0","1e-09","bestanden"
"S08.ANT.CR.X.IG.X","DETERM","0.77777777777777779","0.77777777777777779","","","0","1e-09","bestanden"
"S08.ANT.CR.X.KG.X","DETERM","0.76923076923076927","0.76923076923076927","","","0","1e-09","bestanden"
"S08.ANT.SBJ.X.ALL.X","DETERM","0.87096774193548387","0.87096774193548387","","","0","1e-09","bestanden"
"S08.ANT.SBJ.X.IG.X","DETERM","0.88888888888888884","0.88888888888888884","","","0","1e-09","bestanden"
"S08.ANT.SBJ.X.KG.X","DETERM","0.84615384615384615","0.84615384615384615","","","0","1e-09","bestanden"
"S08.ANT.Z05.X.ALL.X","DETERM","0.74193548387096775","0.74193548387096775","","","0","1e-09","bestanden"
"S08.ANT.Z05.X.IG.X","DETERM","0.88888888888888884","0.88888888888888884","","","0","1e-09","bestanden"
"S08.ANT.Z05.X.KG.X","DETERM","0.53846153846153844","0.53846153846153844","","","0","1e-09","bestanden"
"S08.ANT.Z10.X.ALL.X","DETERM","0.58064516129032262","0.58064516129032262","","","0","1e-09","bestanden"
"S08.ANT.Z10.X.IG.X","DETERM","0.3888888888888889","0.38888888888888890","","","0","1e-09","bestanden"
"S08.ANT.Z10.X.KG.X","DETERM","0.84615384615384615","0.84615384615384615","","","0","1e-09","bestanden"
"S08.ANT.Z30.X.ALL.X","DETERM","0.87096774193548387","0.87096774193548387","","","0","1e-09","bestanden"
"S08.ANT.Z30.X.IG.X","DETERM","0.88888888888888884","0.88888888888888884","","","0","1e-09","bestanden"
"S08.ANT.Z30.X.KG.X","DETERM","0.84615384615384615","0.84615384615384615","","","0","1e-09","bestanden"
"S08.ANTTN.X.X.ALL.X","DETERM","0.87096774193548387","0.87096774193548387","","","0","1e-09","bestanden"
"S08.ANTTN.X.X.IG.X","DETERM","0.88888888888888884","0.88888888888888884","","","0","1e-09","bestanden"
"S08.ANTTN.X.X.KG.X","DETERM","0.84615384615384615","0.84615384615384615","","","0","1e-09","bestanden"
"S08.B6FK.X.X.IG.X","EXAKT","0","0","","","0","0","bestanden"
"S08.B6FK.X.X.KG.X","EXAKT","1","1","","","0","0","bestanden"
"S08.B6IF.X.X.IG.X","EXAKT","1","1","","","0","0","bestanden"
"S08.B6NA.X.X.IG.X","EXAKT","2","2","","","0","0","bestanden"
"S08.B6NA.X.X.KG.X","EXAKT","2","2","","","0","0","bestanden"
"S08.B6NE.X.X.IG.X","EXAKT","7","7","","","0","0","bestanden"
"S08.B6NEKM.X.X.IG.X","EXAKT","2","2","","","0","0","bestanden"
"S08.FLAUSG.X.X.IG.X","EXAKT","16","16","","","0","0","bestanden"
"S08.FLAUSG.X.X.KG.X","EXAKT","11","11","","","0","0","bestanden"
"S08.FLAUSG.X.X.VA.X","EXAKT","7","7","","","0","0","bestanden"
"S08.FLAUSG.X.X.VB.X","EXAKT","9","9","","","0","0","bestanden"
"S08.FLAUSG.X.X.VC.X","EXAKT","11","11","","","0","0","bestanden"
"S08.FLITT.CL.X.IG.X","EXAKT","15","15","","","0","0","bestanden"
"S08.FLITT.CL.X.KG.X","EXAKT","10","10","","","0","0","bestanden"
"S08.FLITT.CM.X.IG.X","EXAKT","13","13","","","0","0","bestanden"
"S08.FLITT.CM.X.KG.X","EXAKT","10","10","","","0","0","bestanden"
"S08.FLITT.CR.X.IG.X","EXAKT","14","14","","","0","0","bestanden"
"S08.FLITT.CR.X.KG.X","EXAKT","10","10","","","0","0","bestanden"
"S08.FLITT.SBJ.X.IG.X","EXAKT","16","16","","","0","0","bestanden"
"S08.FLITT.SBJ.X.KG.X","EXAKT","10","10","","","0","0","bestanden"
"S08.FLITT.Z05.X.IG.X","EXAKT","16","16","","","0","0","bestanden"
"S08.FLITT.Z05.X.KG.X","EXAKT","7","7","","","0","0","bestanden"
"S08.FLITT.Z10.X.IG.X","EXAKT","7","7","","","0","0","bestanden"
"S08.FLITT.Z10.X.KG.X","EXAKT","10","10","","","0","0","bestanden"
"S08.FLITT.Z30.X.IG.X","EXAKT","16","16","","","0","0","bestanden"
"S08.FLITT.Z30.X.KG.X","EXAKT","10","10","","","0","0","bestanden"
"S08.FLNANG.X.X.IG.X","EXAKT","2","2","","","0","0","bestanden"
"S08.FLNANG.X.X.KG.X","EXAKT","2","2","","","0","0","bestanden"
"S08.FLNANG.X.X.VA.X","EXAKT","0","0","","","0","0","bestanden"
"S08.FLNANG.X.X.VB.X","EXAKT","2","2","","","0","0","bestanden"
"S08.FLNANG.X.X.VC.X","EXAKT","2","2","","","0","0","bestanden"
"S08.FLOPAH.PAH.X.IG.X","EXAKT","0","0","","","0","0","bestanden"
"S08.FLOPAH.PAH.X.KG.X","EXAKT","1","1","","","0","0","bestanden"
"S08.FLOPOST.CL.X.IG.X","EXAKT","2","2","","","0","0","bestanden"
"S08.FLOPOST.CL.X.KG.X","EXAKT","2","2","","","0","0","bestanden"
"S08.FLOPOST.CM.X.IG.X","EXAKT","3","3","","","0","0","bestanden"
"S08.FLOPOST.CM.X.KG.X","EXAKT","2","2","","","0","0","bestanden"
"S08.FLOPOST.CR.X.IG.X","EXAKT","3","3","","","0","0","bestanden"
"S08.FLOPOST.CR.X.KG.X","EXAKT","2","2","","","0","0","bestanden"
"S08.FLOPOST.SBJ.X.IG.X","EXAKT","2","2","","","0","0","bestanden"
"S08.FLOPOST.SBJ.X.KG.X","EXAKT","2","2","","","0","0","bestanden"
"S08.FLOPOST.Z05.X.IG.X","EXAKT","2","2","","","0","0","bestanden"
"S08.FLOPOST.Z05.X.KG.X","EXAKT","2","2","","","0","0","bestanden"
"S08.FLOPOST.Z10.X.IG.X","EXAKT","11","11","","","0","0","bestanden"
"S08.FLOPOST.Z10.X.KG.X","EXAKT","2","2","","","0","0","bestanden"
"S08.FLOPOST.Z30.X.IG.X","EXAKT","2","2","","","0","0","bestanden"
"S08.FLOPOST.Z30.X.KG.X","EXAKT","2","2","","","0","0","bestanden"
"S08.FLOPRE.CL.X.IG.X","EXAKT","1","1","","","0","0","bestanden"
"S08.FLOPRE.CL.X.KG.X","EXAKT","1","1","","","0","0","bestanden"
"S08.FLOPRE.CM.X.IG.X","EXAKT","2","2","","","0","0","bestanden"
"S08.FLOPRE.CM.X.KG.X","EXAKT","2","2","","","0","0","bestanden"
"S08.FLOPRE.CR.X.IG.X","EXAKT","1","1","","","0","0","bestanden"
"S08.FLOPRE.CR.X.KG.X","EXAKT","1","1","","","0","0","bestanden"
"S08.FLOPRE.SBJ.X.IG.X","EXAKT","0","0","","","0","0","bestanden"
"S08.FLOPRE.SBJ.X.KG.X","EXAKT","0","0","","","0","0","bestanden"
"S08.FLOPRE.Z05.X.IG.X","EXAKT","0","0","","","0","0","bestanden"
"S08.FLOPRE.Z05.X.KG.X","EXAKT","5","5","","","0","0","bestanden"
"S08.FLOPRE.Z10.X.IG.X","EXAKT","0","0","","","0","0","bestanden"
"S08.FLOPRE.Z10.X.KG.X","EXAKT","0","0","","","0","0","bestanden"
"S08.FLOPRE.Z30.X.IG.X","EXAKT","0","0","","","0","0","bestanden"
"S08.FLOPRE.Z30.X.KG.X","EXAKT","0","0","","","0","0","bestanden"
"S08.FLPRE.X.X.IG.X","EXAKT","18","18","","","0","0","bestanden"
"S08.FLPRE.X.X.KG.X","EXAKT","13","13","","","0","0","bestanden"
"S08.FLPRE.X.X.VA.X","EXAKT","7","7","","","0","0","bestanden"
"S08.FLPRE.X.X.VB.X","EXAKT","11","11","","","0","0","bestanden"
"S08.FLPRE.X.X.VC.X","EXAKT","13","13","","","0","0","bestanden"
"S08.FLZUG.X.X.IG.X","EXAKT","18","18","","","0","0","bestanden"
"S08.FLZUG.X.X.KG.X","EXAKT","13","13","","","0","0","bestanden"
"S08.FLZUG.X.X.VA.X","EXAKT","7","7","","","0","0","bestanden"
"S08.FLZUG.X.X.VB.X","EXAKT","11","11","","","0","0","bestanden"
"S08.FLZUG.X.X.VC.X","EXAKT","13","13","","","0","0","bestanden"
"S08.INF.CM.X.FAMS.X","EXAKT","1","1","","","0","0","bestanden"
"S08.INF.CM.X.ITT.X","EXAKT","1","1","","","0","0","bestanden"
"S08.INF.CM.X.PP5.X","EXAKT","1","1","","","0","0","bestanden"
"S08.INF.CM.X.PP6.X","EXAKT","0","0","","","0","0","bestanden"
"S08.INF.CM.X.PP7.X","EXAKT","0","0","","","0","0","bestanden"
"S08.INF.SBJ.X.FAMS.X","EXAKT","1","1","","","0","0","bestanden"
"S08.INF.SBJ.X.ITT.X","EXAKT","1","1","","","0","0","bestanden"
"S08.INF.SBJ.X.PP5.X","EXAKT","1","1","","","0","0","bestanden"
"S08.INF.SBJ.X.PP6.X","EXAKT","1","1","","","0","0","bestanden"
"S08.INF.SBJ.X.PP7.X","EXAKT","1","1","","","0","0","bestanden"
"S08.INF.Z30.X.FAMS.X","EXAKT","1","1","","","0","0","bestanden"
"S08.INF.Z30.X.ITT.X","EXAKT","1","1","","","0","0","bestanden"
"S08.INF.Z30.X.PP5.X","EXAKT","1","1","","","0","0","bestanden"
"S08.INF.Z30.X.PP6.X","EXAKT","1","1","","","0","0","bestanden"
"S08.INF.Z30.X.PP7.X","EXAKT","1","1","","","0","0","bestanden"
"S08.MITGL.CL.X.PBW-01.ITT","EXAKT","1","1","","","0","0","bestanden"
"S08.MITGL.CL.X.PBW-02.ITT","EXAKT","1","1","","","0","0","bestanden"
"S08.MITGL.CL.X.PBW-04.ITT","EXAKT","1","1","","","0","0","bestanden"
"S08.MITGL.CL.X.PBW-05.ITT","EXAKT","1","1","","","0","0","bestanden"
"S08.MITGL.CL.X.PBW-06.ITT","EXAKT","1","1","","","0","0","bestanden"
"S08.MITGL.CL.X.PBW-07.ITT","EXAKT","0","0","","","0","0","bestanden"
"S08.MITGL.CL.X.PBW-08.ITT","EXAKT","1","1","","","0","0","bestanden"
"S08.MITGL.CL.X.PBW-09.ITT","EXAKT","1","1","","","0","0","bestanden"
"S08.MITGL.CL.X.PBW-10.ITT","EXAKT","1","1","","","0","0","bestanden"
"S08.MITGL.CL.X.PBW-11.ITT","EXAKT","1","1","","","0","0","bestanden"
"S08.MITGL.CL.X.PBW-21.ITT","EXAKT","0","0","","","0","0","bestanden"
"S08.MITGL.CL.X.PHL-01.ITT","EXAKT","1","1","","","0","0","bestanden"
"S08.MITGL.CL.X.PHL-02.ITT","EXAKT","1","1","","","0","0","bestanden"
"S08.MITGL.CL.X.PHL-03.ITT","EXAKT","1","1","","","0","0","bestanden"
"S08.MITGL.CL.X.PHL-05.ITT","EXAKT","1","1","","","0","0","bestanden"
"S08.MITGL.CL.X.PHL-06.ITT","EXAKT","1","1","","","0","0","bestanden"
"S08.MITGL.CL.X.PHL-07.ITT","EXAKT","0","0","","","0","0","bestanden"
"S08.MITGL.CL.X.PHL-08.ITT","EXAKT","1","1","","","0","0","bestanden"
"S08.MITGL.CL.X.PVS-01.ITT","EXAKT","1","1","","","0","0","bestanden"
"S08.MITGL.CL.X.PVS-02.ITT","EXAKT","1","1","","","0","0","bestanden"
"S08.MITGL.CL.X.PVS-03.ITT","EXAKT","1","1","","","0","0","bestanden"
"S08.MITGL.CL.X.PVS-04.ITT","EXAKT","1","1","","","0","0","bestanden"
"S08.MITGL.CL.X.PVS-05.ITT","EXAKT","1","1","","","0","0","bestanden"
"S08.MITGL.CL.X.PVS-06.ITT","EXAKT","1","1","","","0","0","bestanden"
"S08.MITGL.CL.X.PVS-07.ITT","EXAKT","0","0","","","0","0","bestanden"
"S08.MITGL.CL.X.PVS-08.ITT","EXAKT","1","1","","","0","0","bestanden"
"S08.MITGL.CL.X.PVS-10.ITT","EXAKT","1","1","","","0","0","bestanden"
"S08.MITGL.CL.X.PVS-11.ITT","EXAKT","1","1","","","0","0","bestanden"
"S08.MITGL.CL.X.PVS-16.ITT","EXAKT","0","0","","","0","0","bestanden"
"S08.MITGL.CL.X.PVS-17.ITT","EXAKT","1","1","","","0","0","bestanden"
"S08.MITGL.CL.X.PVS-18.ITT","EXAKT","0","0","","","0","0","bestanden"
"S08.MITGL.CM.X.PBW-01.AK9","EXAKT","0","0","","","0","0","bestanden"
"S08.MITGL.CM.X.PBW-01.FAMS","EXAKT","1","1","","","0","0","bestanden"
"S08.MITGL.CM.X.PBW-01.ITT","EXAKT","1","1","","","0","0","bestanden"
"S08.MITGL.CM.X.PBW-01.PP5","EXAKT","0","0","","","0","0","bestanden"
"S08.MITGL.CM.X.PBW-01.PP6","EXAKT","0","0","","","0","0","bestanden"
"S08.MITGL.CM.X.PBW-01.PP7","EXAKT","0","0","","","0","0","bestanden"
"S08.MITGL.CM.X.PBW-02.AK9","EXAKT","1","1","","","0","0","bestanden"
"S08.MITGL.CM.X.PBW-02.FAMS","EXAKT","1","1","","","0","0","bestanden"
"S08.MITGL.CM.X.PBW-02.ITT","EXAKT","1","1","","","0","0","bestanden"
"S08.MITGL.CM.X.PBW-02.PP5","EXAKT","1","1","","","0","0","bestanden"
"S08.MITGL.CM.X.PBW-02.PP6","EXAKT","1","1","","","0","0","bestanden"
"S08.MITGL.CM.X.PBW-02.PP7","EXAKT","1","1","","","0","0","bestanden"
"S08.MITGL.CM.X.PBW-04.AK9","EXAKT","0","0","","","0","0","bestanden"
"S08.MITGL.CM.X.PBW-04.FAMS","EXAKT","1","1","","","0","0","bestanden"
"S08.MITGL.CM.X.PBW-04.ITT","EXAKT","1","1","","","0","0","bestanden"
"S08.MITGL.CM.X.PBW-04.PP5","EXAKT","1","1","","","0","0","bestanden"
"S08.MITGL.CM.X.PBW-04.PP6","EXAKT","1","1","","","0","0","bestanden"
"S08.MITGL.CM.X.PBW-04.PP7","EXAKT","0","0","","","0","0","bestanden"
"S08.MITGL.CM.X.PBW-05.AK9","EXAKT","0","0","","","0","0","bestanden"
"S08.MITGL.CM.X.PBW-05.FAMS","EXAKT","0","0","","","0","0","bestanden"
"S08.MITGL.CM.X.PBW-05.ITT","EXAKT","0","0","","","0","0","bestanden"
"S08.MITGL.CM.X.PBW-05.PP5","EXAKT","0","0","","","0","0","bestanden"
"S08.MITGL.CM.X.PBW-05.PP6","EXAKT","0","0","","","0","0","bestanden"
"S08.MITGL.CM.X.PBW-05.PP7","EXAKT","0","0","","","0","0","bestanden"
"S08.MITGL.CM.X.PBW-06.AK9","EXAKT","0","0","","","0","0","bestanden"
"S08.MITGL.CM.X.PBW-06.FAMS","EXAKT","1","1","","","0","0","bestanden"
"S08.MITGL.CM.X.PBW-06.ITT","EXAKT","1","1","","","0","0","bestanden"
"S08.MITGL.CM.X.PBW-06.PP5","EXAKT","0","0","","","0","0","bestanden"
"S08.MITGL.CM.X.PBW-06.PP6","EXAKT","0","0","","","0","0","bestanden"
"S08.MITGL.CM.X.PBW-06.PP7","EXAKT","0","0","","","0","0","bestanden"
"S08.MITGL.CM.X.PBW-07.AK9","EXAKT","0","0","","","0","0","bestanden"
"S08.MITGL.CM.X.PBW-07.FAMS","EXAKT","0","0","","","0","0","bestanden"
"S08.MITGL.CM.X.PBW-07.ITT","EXAKT","0","0","","","0","0","bestanden"
"S08.MITGL.CM.X.PBW-07.PP5","EXAKT","0","0","","","0","0","bestanden"
"S08.MITGL.CM.X.PBW-07.PP6","EXAKT","0","0","","","0","0","bestanden"
"S08.MITGL.CM.X.PBW-07.PP7","EXAKT","0","0","","","0","0","bestanden"
"S08.MITGL.CM.X.PBW-08.AK9","EXAKT","1","1","","","0","0","bestanden"
"S08.MITGL.CM.X.PBW-08.FAMS","EXAKT","1","1","","","0","0","bestanden"
"S08.MITGL.CM.X.PBW-08.ITT","EXAKT","1","1","","","0","0","bestanden"
"S08.MITGL.CM.X.PBW-08.PP5","EXAKT","1","1","","","0","0","bestanden"
"S08.MITGL.CM.X.PBW-08.PP6","EXAKT","1","1","","","0","0","bestanden"
"S08.MITGL.CM.X.PBW-08.PP7","EXAKT","1","1","","","0","0","bestanden"
"S08.MITGL.CM.X.PBW-09.AK9","EXAKT","0","0","","","0","0","bestanden"
"S08.MITGL.CM.X.PBW-09.FAMS","EXAKT","1","1","","","0","0","bestanden"
"S08.MITGL.CM.X.PBW-09.ITT","EXAKT","1","1","","","0","0","bestanden"
"S08.MITGL.CM.X.PBW-09.PP5","EXAKT","1","1","","","0","0","bestanden"
"S08.MITGL.CM.X.PBW-09.PP6","EXAKT","1","1","","","0","0","bestanden"
"S08.MITGL.CM.X.PBW-09.PP7","EXAKT","1","1","","","0","0","bestanden"
"S08.MITGL.CM.X.PBW-10.AK9","EXAKT","0","0","","","0","0","bestanden"
"S08.MITGL.CM.X.PBW-10.FAMS","EXAKT","1","1","","","0","0","bestanden"
"S08.MITGL.CM.X.PBW-10.ITT","EXAKT","1","1","","","0","0","bestanden"
"S08.MITGL.CM.X.PBW-10.PP5","EXAKT","1","1","","","0","0","bestanden"
"S08.MITGL.CM.X.PBW-10.PP6","EXAKT","0","0","","","0","0","bestanden"
"S08.MITGL.CM.X.PBW-10.PP7","EXAKT","0","0","","","0","0","bestanden"
"S08.MITGL.CM.X.PBW-11.AK9","EXAKT","0","0","","","0","0","bestanden"
"S08.MITGL.CM.X.PBW-11.FAMS","EXAKT","0","0","","","0","0","bestanden"
"S08.MITGL.CM.X.PBW-11.ITT","EXAKT","0","0","","","0","0","bestanden"
"S08.MITGL.CM.X.PBW-11.PP5","EXAKT","0","0","","","0","0","bestanden"
"S08.MITGL.CM.X.PBW-11.PP6","EXAKT","0","0","","","0","0","bestanden"
"S08.MITGL.CM.X.PBW-11.PP7","EXAKT","0","0","","","0","0","bestanden"
"S08.MITGL.CM.X.PBW-21.AK9","EXAKT","0","0","","","0","0","bestanden"
"S08.MITGL.CM.X.PBW-21.FAMS","EXAKT","0","0","","","0","0","bestanden"
"S08.MITGL.CM.X.PBW-21.ITT","EXAKT","0","0","","","0","0","bestanden"
"S08.MITGL.CM.X.PBW-21.PP5","EXAKT","0","0","","","0","0","bestanden"
"S08.MITGL.CM.X.PBW-21.PP6","EXAKT","0","0","","","0","0","bestanden"
"S08.MITGL.CM.X.PBW-21.PP7","EXAKT","0","0","","","0","0","bestanden"
"S08.MITGL.CM.X.PHL-01.AK9","EXAKT","0","0","","","0","0","bestanden"
"S08.MITGL.CM.X.PHL-01.FAMS","EXAKT","1","1","","","0","0","bestanden"
"S08.MITGL.CM.X.PHL-01.ITT","EXAKT","1","1","","","0","0","bestanden"
"S08.MITGL.CM.X.PHL-01.PP5","EXAKT","1","1","","","0","0","bestanden"
"S08.MITGL.CM.X.PHL-01.PP6","EXAKT","1","1","","","0","0","bestanden"
"S08.MITGL.CM.X.PHL-01.PP7","EXAKT","1","1","","","0","0","bestanden"
"S08.MITGL.CM.X.PHL-02.AK9","EXAKT","0","0","","","0","0","bestanden"
"S08.MITGL.CM.X.PHL-02.FAMS","EXAKT","1","1","","","0","0","bestanden"
"S08.MITGL.CM.X.PHL-02.ITT","EXAKT","1","1","","","0","0","bestanden"
"S08.MITGL.CM.X.PHL-02.PP5","EXAKT","1","1","","","0","0","bestanden"
"S08.MITGL.CM.X.PHL-02.PP6","EXAKT","1","1","","","0","0","bestanden"
"S08.MITGL.CM.X.PHL-02.PP7","EXAKT","1","1","","","0","0","bestanden"
"S08.MITGL.CM.X.PHL-03.AK9","EXAKT","1","1","","","0","0","bestanden"
"S08.MITGL.CM.X.PHL-03.FAMS","EXAKT","1","1","","","0","0","bestanden"
"S08.MITGL.CM.X.PHL-03.ITT","EXAKT","1","1","","","0","0","bestanden"
"S08.MITGL.CM.X.PHL-03.PP5","EXAKT","1","1","","","0","0","bestanden"
"S08.MITGL.CM.X.PHL-03.PP6","EXAKT","1","1","","","0","0","bestanden"
"S08.MITGL.CM.X.PHL-03.PP7","EXAKT","1","1","","","0","0","bestanden"
"S08.MITGL.CM.X.PHL-05.AK9","EXAKT","0","0","","","0","0","bestanden"
"S08.MITGL.CM.X.PHL-05.FAMS","EXAKT","1","1","","","0","0","bestanden"
"S08.MITGL.CM.X.PHL-05.ITT","EXAKT","1","1","","","0","0","bestanden"
"S08.MITGL.CM.X.PHL-05.PP5","EXAKT","0","0","","","0","0","bestanden"
"S08.MITGL.CM.X.PHL-05.PP6","EXAKT","0","0","","","0","0","bestanden"
"S08.MITGL.CM.X.PHL-05.PP7","EXAKT","0","0","","","0","0","bestanden"
"S08.MITGL.CM.X.PHL-06.AK9","EXAKT","0","0","","","0","0","bestanden"
"S08.MITGL.CM.X.PHL-06.FAMS","EXAKT","1","1","","","0","0","bestanden"
"S08.MITGL.CM.X.PHL-06.ITT","EXAKT","1","1","","","0","0","bestanden"
"S08.MITGL.CM.X.PHL-06.PP5","EXAKT","0","0","","","0","0","bestanden"
"S08.MITGL.CM.X.PHL-06.PP6","EXAKT","0","0","","","0","0","bestanden"
"S08.MITGL.CM.X.PHL-06.PP7","EXAKT","0","0","","","0","0","bestanden"
"S08.MITGL.CM.X.PHL-07.AK9","EXAKT","0","0","","","0","0","bestanden"
"S08.MITGL.CM.X.PHL-07.FAMS","EXAKT","0","0","","","0","0","bestanden"
"S08.MITGL.CM.X.PHL-07.ITT","EXAKT","0","0","","","0","0","bestanden"
"S08.MITGL.CM.X.PHL-07.PP5","EXAKT","0","0","","","0","0","bestanden"
"S08.MITGL.CM.X.PHL-07.PP6","EXAKT","0","0","","","0","0","bestanden"
"S08.MITGL.CM.X.PHL-07.PP7","EXAKT","0","0","","","0","0","bestanden"
"S08.MITGL.CM.X.PHL-08.AK9","EXAKT","0","0","","","0","0","bestanden"
"S08.MITGL.CM.X.PHL-08.FAMS","EXAKT","1","1","","","0","0","bestanden"
"S08.MITGL.CM.X.PHL-08.ITT","EXAKT","1","1","","","0","0","bestanden"
"S08.MITGL.CM.X.PHL-08.PP5","EXAKT","0","0","","","0","0","bestanden"
"S08.MITGL.CM.X.PHL-08.PP6","EXAKT","0","0","","","0","0","bestanden"
"S08.MITGL.CM.X.PHL-08.PP7","EXAKT","0","0","","","0","0","bestanden"
"S08.MITGL.CM.X.PVS-01.AK9","EXAKT","0","0","","","0","0","bestanden"
"S08.MITGL.CM.X.PVS-01.FAMS","EXAKT","1","1","","","0","0","bestanden"
"S08.MITGL.CM.X.PVS-01.ITT","EXAKT","1","1","","","0","0","bestanden"
"S08.MITGL.CM.X.PVS-01.PP5","EXAKT","1","1","","","0","0","bestanden"
"S08.MITGL.CM.X.PVS-01.PP6","EXAKT","1","1","","","0","0","bestanden"
"S08.MITGL.CM.X.PVS-01.PP7","EXAKT","1","1","","","0","0","bestanden"
"S08.MITGL.CM.X.PVS-02.AK9","EXAKT","0","0","","","0","0","bestanden"
"S08.MITGL.CM.X.PVS-02.FAMS","EXAKT","1","1","","","0","0","bestanden"
"S08.MITGL.CM.X.PVS-02.ITT","EXAKT","1","1","","","0","0","bestanden"
"S08.MITGL.CM.X.PVS-02.PP5","EXAKT","1","1","","","0","0","bestanden"
"S08.MITGL.CM.X.PVS-02.PP6","EXAKT","1","1","","","0","0","bestanden"
"S08.MITGL.CM.X.PVS-02.PP7","EXAKT","1","1","","","0","0","bestanden"
"S08.MITGL.CM.X.PVS-03.AK9","EXAKT","0","0","","","0","0","bestanden"
"S08.MITGL.CM.X.PVS-03.FAMS","EXAKT","1","1","","","0","0","bestanden"
"S08.MITGL.CM.X.PVS-03.ITT","EXAKT","1","1","","","0","0","bestanden"
"S08.MITGL.CM.X.PVS-03.PP5","EXAKT","1","1","","","0","0","bestanden"
"S08.MITGL.CM.X.PVS-03.PP6","EXAKT","1","1","","","0","0","bestanden"
"S08.MITGL.CM.X.PVS-03.PP7","EXAKT","1","1","","","0","0","bestanden"
"S08.MITGL.CM.X.PVS-04.AK9","EXAKT","0","0","","","0","0","bestanden"
"S08.MITGL.CM.X.PVS-04.FAMS","EXAKT","1","1","","","0","0","bestanden"
"S08.MITGL.CM.X.PVS-04.ITT","EXAKT","1","1","","","0","0","bestanden"
"S08.MITGL.CM.X.PVS-04.PP5","EXAKT","1","1","","","0","0","bestanden"
"S08.MITGL.CM.X.PVS-04.PP6","EXAKT","1","1","","","0","0","bestanden"
"S08.MITGL.CM.X.PVS-04.PP7","EXAKT","1","1","","","0","0","bestanden"
"S08.MITGL.CM.X.PVS-05.AK9","EXAKT","0","0","","","0","0","bestanden"
"S08.MITGL.CM.X.PVS-05.FAMS","EXAKT","1","1","","","0","0","bestanden"
"S08.MITGL.CM.X.PVS-05.ITT","EXAKT","1","1","","","0","0","bestanden"
"S08.MITGL.CM.X.PVS-05.PP5","EXAKT","1","1","","","0","0","bestanden"
"S08.MITGL.CM.X.PVS-05.PP6","EXAKT","1","1","","","0","0","bestanden"
"S08.MITGL.CM.X.PVS-05.PP7","EXAKT","1","1","","","0","0","bestanden"
"S08.MITGL.CM.X.PVS-06.AK9","EXAKT","0","0","","","0","0","bestanden"
"S08.MITGL.CM.X.PVS-06.FAMS","EXAKT","1","1","","","0","0","bestanden"
"S08.MITGL.CM.X.PVS-06.ITT","EXAKT","1","1","","","0","0","bestanden"
"S08.MITGL.CM.X.PVS-06.PP5","EXAKT","1","1","","","0","0","bestanden"
"S08.MITGL.CM.X.PVS-06.PP6","EXAKT","1","1","","","0","0","bestanden"
"S08.MITGL.CM.X.PVS-06.PP7","EXAKT","1","1","","","0","0","bestanden"
"S08.MITGL.CM.X.PVS-07.AK9","EXAKT","0","0","","","0","0","bestanden"
"S08.MITGL.CM.X.PVS-07.FAMS","EXAKT","0","0","","","0","0","bestanden"
"S08.MITGL.CM.X.PVS-07.ITT","EXAKT","0","0","","","0","0","bestanden"
"S08.MITGL.CM.X.PVS-07.PP5","EXAKT","0","0","","","0","0","bestanden"
"S08.MITGL.CM.X.PVS-07.PP6","EXAKT","0","0","","","0","0","bestanden"
"S08.MITGL.CM.X.PVS-07.PP7","EXAKT","0","0","","","0","0","bestanden"
"S08.MITGL.CM.X.PVS-08.AK9","EXAKT","0","0","","","0","0","bestanden"
"S08.MITGL.CM.X.PVS-08.FAMS","EXAKT","1","1","","","0","0","bestanden"
"S08.MITGL.CM.X.PVS-08.ITT","EXAKT","1","1","","","0","0","bestanden"
"S08.MITGL.CM.X.PVS-08.PP5","EXAKT","1","1","","","0","0","bestanden"
"S08.MITGL.CM.X.PVS-08.PP6","EXAKT","1","1","","","0","0","bestanden"
"S08.MITGL.CM.X.PVS-08.PP7","EXAKT","1","1","","","0","0","bestanden"
"S08.MITGL.CM.X.PVS-10.AK9","EXAKT","0","0","","","0","0","bestanden"
"S08.MITGL.CM.X.PVS-10.FAMS","EXAKT","1","1","","","0","0","bestanden"
"S08.MITGL.CM.X.PVS-10.ITT","EXAKT","1","1","","","0","0","bestanden"
"S08.MITGL.CM.X.PVS-10.PP5","EXAKT","1","1","","","0","0","bestanden"
"S08.MITGL.CM.X.PVS-10.PP6","EXAKT","1","1","","","0","0","bestanden"
"S08.MITGL.CM.X.PVS-10.PP7","EXAKT","1","1","","","0","0","bestanden"
"S08.MITGL.CM.X.PVS-11.AK9","EXAKT","0","0","","","0","0","bestanden"
"S08.MITGL.CM.X.PVS-11.FAMS","EXAKT","1","1","","","0","0","bestanden"
"S08.MITGL.CM.X.PVS-11.ITT","EXAKT","1","1","","","0","0","bestanden"
"S08.MITGL.CM.X.PVS-11.PP5","EXAKT","1","1","","","0","0","bestanden"
"S08.MITGL.CM.X.PVS-11.PP6","EXAKT","1","1","","","0","0","bestanden"
"S08.MITGL.CM.X.PVS-11.PP7","EXAKT","1","1","","","0","0","bestanden"
"S08.MITGL.CM.X.PVS-16.AK9","EXAKT","0","0","","","0","0","bestanden"
"S08.MITGL.CM.X.PVS-16.FAMS","EXAKT","0","0","","","0","0","bestanden"
"S08.MITGL.CM.X.PVS-16.ITT","EXAKT","0","0","","","0","0","bestanden"
"S08.MITGL.CM.X.PVS-16.PP5","EXAKT","0","0","","","0","0","bestanden"
"S08.MITGL.CM.X.PVS-16.PP6","EXAKT","0","0","","","0","0","bestanden"
"S08.MITGL.CM.X.PVS-16.PP7","EXAKT","0","0","","","0","0","bestanden"
"S08.MITGL.CM.X.PVS-17.AK9","EXAKT","0","0","","","0","0","bestanden"
"S08.MITGL.CM.X.PVS-17.FAMS","EXAKT","1","1","","","0","0","bestanden"
"S08.MITGL.CM.X.PVS-17.ITT","EXAKT","1","1","","","0","0","bestanden"
"S08.MITGL.CM.X.PVS-17.PP5","EXAKT","1","1","","","0","0","bestanden"
"S08.MITGL.CM.X.PVS-17.PP6","EXAKT","1","1","","","0","0","bestanden"
"S08.MITGL.CM.X.PVS-17.PP7","EXAKT","1","1","","","0","0","bestanden"
"S08.MITGL.CM.X.PVS-18.AK9","EXAKT","0","0","","","0","0","bestanden"
"S08.MITGL.CM.X.PVS-18.FAMS","EXAKT","0","0","","","0","0","bestanden"
"S08.MITGL.CM.X.PVS-18.ITT","EXAKT","0","0","","","0","0","bestanden"
"S08.MITGL.CM.X.PVS-18.PP5","EXAKT","0","0","","","0","0","bestanden"
"S08.MITGL.CM.X.PVS-18.PP6","EXAKT","0","0","","","0","0","bestanden"
"S08.MITGL.CM.X.PVS-18.PP7","EXAKT","0","0","","","0","0","bestanden"
"S08.MITGL.CR.X.PBW-01.ITT","EXAKT","1","1","","","0","0","bestanden"
"S08.MITGL.CR.X.PBW-02.ITT","EXAKT","1","1","","","0","0","bestanden"
"S08.MITGL.CR.X.PBW-04.ITT","EXAKT","1","1","","","0","0","bestanden"
"S08.MITGL.CR.X.PBW-05.ITT","EXAKT","0","0","","","0","0","bestanden"
"S08.MITGL.CR.X.PBW-06.ITT","EXAKT","1","1","","","0","0","bestanden"
"S08.MITGL.CR.X.PBW-07.ITT","EXAKT","0","0","","","0","0","bestanden"
"S08.MITGL.CR.X.PBW-08.ITT","EXAKT","1","1","","","0","0","bestanden"
"S08.MITGL.CR.X.PBW-09.ITT","EXAKT","1","1","","","0","0","bestanden"
"S08.MITGL.CR.X.PBW-10.ITT","EXAKT","1","1","","","0","0","bestanden"
"S08.MITGL.CR.X.PBW-11.ITT","EXAKT","0","0","","","0","0","bestanden"
"S08.MITGL.CR.X.PBW-21.ITT","EXAKT","0","0","","","0","0","bestanden"
"S08.MITGL.CR.X.PHL-01.ITT","EXAKT","1","1","","","0","0","bestanden"
"S08.MITGL.CR.X.PHL-02.ITT","EXAKT","1","1","","","0","0","bestanden"
"S08.MITGL.CR.X.PHL-03.ITT","EXAKT","1","1","","","0","0","bestanden"
"S08.MITGL.CR.X.PHL-05.ITT","EXAKT","1","1","","","0","0","bestanden"
"S08.MITGL.CR.X.PHL-06.ITT","EXAKT","1","1","","","0","0","bestanden"
"S08.MITGL.CR.X.PHL-07.ITT","EXAKT","1","1","","","0","0","bestanden"
"S08.MITGL.CR.X.PHL-08.ITT","EXAKT","1","1","","","0","0","bestanden"
"S08.MITGL.CR.X.PVS-01.ITT","EXAKT","1","1","","","0","0","bestanden"
"S08.MITGL.CR.X.PVS-02.ITT","EXAKT","1","1","","","0","0","bestanden"
"S08.MITGL.CR.X.PVS-03.ITT","EXAKT","1","1","","","0","0","bestanden"
"S08.MITGL.CR.X.PVS-04.ITT","EXAKT","1","1","","","0","0","bestanden"
"S08.MITGL.CR.X.PVS-05.ITT","EXAKT","1","1","","","0","0","bestanden"
"S08.MITGL.CR.X.PVS-06.ITT","EXAKT","1","1","","","0","0","bestanden"
"S08.MITGL.CR.X.PVS-07.ITT","EXAKT","0","0","","","0","0","bestanden"
"S08.MITGL.CR.X.PVS-08.ITT","EXAKT","1","1","","","0","0","bestanden"
"S08.MITGL.CR.X.PVS-10.ITT","EXAKT","1","1","","","0","0","bestanden"
"S08.MITGL.CR.X.PVS-11.ITT","EXAKT","1","1","","","0","0","bestanden"
"S08.MITGL.CR.X.PVS-16.ITT","EXAKT","0","0","","","0","0","bestanden"
"S08.MITGL.CR.X.PVS-17.ITT","EXAKT","1","1","","","0","0","bestanden"
"S08.MITGL.CR.X.PVS-18.ITT","EXAKT","0","0","","","0","0","bestanden"
"S08.MITGL.SBJ.X.PBW-01.AK9","EXAKT","0","0","","","0","0","bestanden"
"S08.MITGL.SBJ.X.PBW-01.FAMS","EXAKT","1","1","","","0","0","bestanden"
"S08.MITGL.SBJ.X.PBW-01.ITT","EXAKT","1","1","","","0","0","bestanden"
"S08.MITGL.SBJ.X.PBW-01.PP5","EXAKT","0","0","","","0","0","bestanden"
"S08.MITGL.SBJ.X.PBW-01.PP6","EXAKT","0","0","","","0","0","bestanden"
"S08.MITGL.SBJ.X.PBW-01.PP7","EXAKT","0","0","","","0","0","bestanden"
"S08.MITGL.SBJ.X.PBW-02.AK9","EXAKT","1","1","","","0","0","bestanden"
"S08.MITGL.SBJ.X.PBW-02.FAMS","EXAKT","1","1","","","0","0","bestanden"
"S08.MITGL.SBJ.X.PBW-02.ITT","EXAKT","1","1","","","0","0","bestanden"
"S08.MITGL.SBJ.X.PBW-02.PP5","EXAKT","1","1","","","0","0","bestanden"
"S08.MITGL.SBJ.X.PBW-02.PP6","EXAKT","1","1","","","0","0","bestanden"
"S08.MITGL.SBJ.X.PBW-02.PP7","EXAKT","1","1","","","0","0","bestanden"
"S08.MITGL.SBJ.X.PBW-04.AK9","EXAKT","0","0","","","0","0","bestanden"
"S08.MITGL.SBJ.X.PBW-04.FAMS","EXAKT","1","1","","","0","0","bestanden"
"S08.MITGL.SBJ.X.PBW-04.ITT","EXAKT","1","1","","","0","0","bestanden"
"S08.MITGL.SBJ.X.PBW-04.PP5","EXAKT","1","1","","","0","0","bestanden"
"S08.MITGL.SBJ.X.PBW-04.PP6","EXAKT","1","1","","","0","0","bestanden"
"S08.MITGL.SBJ.X.PBW-04.PP7","EXAKT","0","0","","","0","0","bestanden"
"S08.MITGL.SBJ.X.PBW-05.AK9","EXAKT","0","0","","","0","0","bestanden"
"S08.MITGL.SBJ.X.PBW-05.FAMS","EXAKT","1","1","","","0","0","bestanden"
"S08.MITGL.SBJ.X.PBW-05.ITT","EXAKT","1","1","","","0","0","bestanden"
"S08.MITGL.SBJ.X.PBW-05.PP5","EXAKT","1","1","","","0","0","bestanden"
"S08.MITGL.SBJ.X.PBW-05.PP6","EXAKT","1","1","","","0","0","bestanden"
"S08.MITGL.SBJ.X.PBW-05.PP7","EXAKT","1","1","","","0","0","bestanden"
"S08.MITGL.SBJ.X.PBW-06.AK9","EXAKT","0","0","","","0","0","bestanden"
"S08.MITGL.SBJ.X.PBW-06.FAMS","EXAKT","1","1","","","0","0","bestanden"
"S08.MITGL.SBJ.X.PBW-06.ITT","EXAKT","1","1","","","0","0","bestanden"
"S08.MITGL.SBJ.X.PBW-06.PP5","EXAKT","0","0","","","0","0","bestanden"
"S08.MITGL.SBJ.X.PBW-06.PP6","EXAKT","0","0","","","0","0","bestanden"
"S08.MITGL.SBJ.X.PBW-06.PP7","EXAKT","0","0","","","0","0","bestanden"
"S08.MITGL.SBJ.X.PBW-07.AK9","EXAKT","0","0","","","0","0","bestanden"
"S08.MITGL.SBJ.X.PBW-07.FAMS","EXAKT","0","0","","","0","0","bestanden"
"S08.MITGL.SBJ.X.PBW-07.ITT","EXAKT","0","0","","","0","0","bestanden"
"S08.MITGL.SBJ.X.PBW-07.PP5","EXAKT","0","0","","","0","0","bestanden"
"S08.MITGL.SBJ.X.PBW-07.PP6","EXAKT","0","0","","","0","0","bestanden"
"S08.MITGL.SBJ.X.PBW-07.PP7","EXAKT","0","0","","","0","0","bestanden"
"S08.MITGL.SBJ.X.PBW-08.AK9","EXAKT","1","1","","","0","0","bestanden"
"S08.MITGL.SBJ.X.PBW-08.FAMS","EXAKT","1","1","","","0","0","bestanden"
"S08.MITGL.SBJ.X.PBW-08.ITT","EXAKT","1","1","","","0","0","bestanden"
"S08.MITGL.SBJ.X.PBW-08.PP5","EXAKT","1","1","","","0","0","bestanden"
"S08.MITGL.SBJ.X.PBW-08.PP6","EXAKT","1","1","","","0","0","bestanden"
"S08.MITGL.SBJ.X.PBW-08.PP7","EXAKT","1","1","","","0","0","bestanden"
"S08.MITGL.SBJ.X.PBW-09.AK9","EXAKT","0","0","","","0","0","bestanden"
"S08.MITGL.SBJ.X.PBW-09.FAMS","EXAKT","1","1","","","0","0","bestanden"
"S08.MITGL.SBJ.X.PBW-09.ITT","EXAKT","1","1","","","0","0","bestanden"
"S08.MITGL.SBJ.X.PBW-09.PP5","EXAKT","1","1","","","0","0","bestanden"
"S08.MITGL.SBJ.X.PBW-09.PP6","EXAKT","1","1","","","0","0","bestanden"
"S08.MITGL.SBJ.X.PBW-09.PP7","EXAKT","1","1","","","0","0","bestanden"
"S08.MITGL.SBJ.X.PBW-10.AK9","EXAKT","0","0","","","0","0","bestanden"
"S08.MITGL.SBJ.X.PBW-10.FAMS","EXAKT","1","1","","","0","0","bestanden"
"S08.MITGL.SBJ.X.PBW-10.ITT","EXAKT","1","1","","","0","0","bestanden"
"S08.MITGL.SBJ.X.PBW-10.PP5","EXAKT","1","1","","","0","0","bestanden"
"S08.MITGL.SBJ.X.PBW-10.PP6","EXAKT","0","0","","","0","0","bestanden"
"S08.MITGL.SBJ.X.PBW-10.PP7","EXAKT","0","0","","","0","0","bestanden"
"S08.MITGL.SBJ.X.PBW-11.AK9","EXAKT","0","0","","","0","0","bestanden"
"S08.MITGL.SBJ.X.PBW-11.FAMS","EXAKT","1","1","","","0","0","bestanden"
"S08.MITGL.SBJ.X.PBW-11.ITT","EXAKT","1","1","","","0","0","bestanden"
"S08.MITGL.SBJ.X.PBW-11.PP5","EXAKT","0","0","","","0","0","bestanden"
"S08.MITGL.SBJ.X.PBW-11.PP6","EXAKT","0","0","","","0","0","bestanden"
"S08.MITGL.SBJ.X.PBW-11.PP7","EXAKT","0","0","","","0","0","bestanden"
"S08.MITGL.SBJ.X.PBW-21.AK9","EXAKT","0","0","","","0","0","bestanden"
"S08.MITGL.SBJ.X.PBW-21.FAMS","EXAKT","0","0","","","0","0","bestanden"
"S08.MITGL.SBJ.X.PBW-21.ITT","EXAKT","0","0","","","0","0","bestanden"
"S08.MITGL.SBJ.X.PBW-21.PP5","EXAKT","0","0","","","0","0","bestanden"
"S08.MITGL.SBJ.X.PBW-21.PP6","EXAKT","0","0","","","0","0","bestanden"
"S08.MITGL.SBJ.X.PBW-21.PP7","EXAKT","0","0","","","0","0","bestanden"
"S08.MITGL.SBJ.X.PHL-01.AK9","EXAKT","0","0","","","0","0","bestanden"
"S08.MITGL.SBJ.X.PHL-01.FAMS","EXAKT","1","1","","","0","0","bestanden"
"S08.MITGL.SBJ.X.PHL-01.ITT","EXAKT","1","1","","","0","0","bestanden"
"S08.MITGL.SBJ.X.PHL-01.PP5","EXAKT","1","1","","","0","0","bestanden"
"S08.MITGL.SBJ.X.PHL-01.PP6","EXAKT","1","1","","","0","0","bestanden"
"S08.MITGL.SBJ.X.PHL-01.PP7","EXAKT","1","1","","","0","0","bestanden"
"S08.MITGL.SBJ.X.PHL-02.AK9","EXAKT","0","0","","","0","0","bestanden"
"S08.MITGL.SBJ.X.PHL-02.FAMS","EXAKT","1","1","","","0","0","bestanden"
"S08.MITGL.SBJ.X.PHL-02.ITT","EXAKT","1","1","","","0","0","bestanden"
"S08.MITGL.SBJ.X.PHL-02.PP5","EXAKT","1","1","","","0","0","bestanden"
"S08.MITGL.SBJ.X.PHL-02.PP6","EXAKT","1","1","","","0","0","bestanden"
"S08.MITGL.SBJ.X.PHL-02.PP7","EXAKT","1","1","","","0","0","bestanden"
"S08.MITGL.SBJ.X.PHL-03.AK9","EXAKT","1","1","","","0","0","bestanden"
"S08.MITGL.SBJ.X.PHL-03.FAMS","EXAKT","1","1","","","0","0","bestanden"
"S08.MITGL.SBJ.X.PHL-03.ITT","EXAKT","1","1","","","0","0","bestanden"
"S08.MITGL.SBJ.X.PHL-03.PP5","EXAKT","1","1","","","0","0","bestanden"
"S08.MITGL.SBJ.X.PHL-03.PP6","EXAKT","1","1","","","0","0","bestanden"
"S08.MITGL.SBJ.X.PHL-03.PP7","EXAKT","1","1","","","0","0","bestanden"
"S08.MITGL.SBJ.X.PHL-05.AK9","EXAKT","0","0","","","0","0","bestanden"
"S08.MITGL.SBJ.X.PHL-05.FAMS","EXAKT","1","1","","","0","0","bestanden"
"S08.MITGL.SBJ.X.PHL-05.ITT","EXAKT","1","1","","","0","0","bestanden"
"S08.MITGL.SBJ.X.PHL-05.PP5","EXAKT","0","0","","","0","0","bestanden"
"S08.MITGL.SBJ.X.PHL-05.PP6","EXAKT","0","0","","","0","0","bestanden"
"S08.MITGL.SBJ.X.PHL-05.PP7","EXAKT","0","0","","","0","0","bestanden"
"S08.MITGL.SBJ.X.PHL-06.AK9","EXAKT","0","0","","","0","0","bestanden"
"S08.MITGL.SBJ.X.PHL-06.FAMS","EXAKT","1","1","","","0","0","bestanden"
"S08.MITGL.SBJ.X.PHL-06.ITT","EXAKT","1","1","","","0","0","bestanden"
"S08.MITGL.SBJ.X.PHL-06.PP5","EXAKT","0","0","","","0","0","bestanden"
"S08.MITGL.SBJ.X.PHL-06.PP6","EXAKT","0","0","","","0","0","bestanden"
"S08.MITGL.SBJ.X.PHL-06.PP7","EXAKT","0","0","","","0","0","bestanden"
"S08.MITGL.SBJ.X.PHL-07.AK9","EXAKT","0","0","","","0","0","bestanden"
"S08.MITGL.SBJ.X.PHL-07.FAMS","EXAKT","1","1","","","0","0","bestanden"
"S08.MITGL.SBJ.X.PHL-07.ITT","EXAKT","1","1","","","0","0","bestanden"
"S08.MITGL.SBJ.X.PHL-07.PP5","EXAKT","1","1","","","0","0","bestanden"
"S08.MITGL.SBJ.X.PHL-07.PP6","EXAKT","1","1","","","0","0","bestanden"
"S08.MITGL.SBJ.X.PHL-07.PP7","EXAKT","1","1","","","0","0","bestanden"
"S08.MITGL.SBJ.X.PHL-08.AK9","EXAKT","0","0","","","0","0","bestanden"
"S08.MITGL.SBJ.X.PHL-08.FAMS","EXAKT","1","1","","","0","0","bestanden"
"S08.MITGL.SBJ.X.PHL-08.ITT","EXAKT","1","1","","","0","0","bestanden"
"S08.MITGL.SBJ.X.PHL-08.PP5","EXAKT","0","0","","","0","0","bestanden"
"S08.MITGL.SBJ.X.PHL-08.PP6","EXAKT","0","0","","","0","0","bestanden"
"S08.MITGL.SBJ.X.PHL-08.PP7","EXAKT","0","0","","","0","0","bestanden"
"S08.MITGL.SBJ.X.PVS-01.AK9","EXAKT","0","0","","","0","0","bestanden"
"S08.MITGL.SBJ.X.PVS-01.FAMS","EXAKT","1","1","","","0","0","bestanden"
"S08.MITGL.SBJ.X.PVS-01.ITT","EXAKT","1","1","","","0","0","bestanden"
"S08.MITGL.SBJ.X.PVS-01.PP5","EXAKT","1","1","","","0","0","bestanden"
"S08.MITGL.SBJ.X.PVS-01.PP6","EXAKT","1","1","","","0","0","bestanden"
"S08.MITGL.SBJ.X.PVS-01.PP7","EXAKT","1","1","","","0","0","bestanden"
"S08.MITGL.SBJ.X.PVS-02.AK9","EXAKT","0","0","","","0","0","bestanden"
"S08.MITGL.SBJ.X.PVS-02.FAMS","EXAKT","1","1","","","0","0","bestanden"
"S08.MITGL.SBJ.X.PVS-02.ITT","EXAKT","1","1","","","0","0","bestanden"
"S08.MITGL.SBJ.X.PVS-02.PP5","EXAKT","1","1","","","0","0","bestanden"
"S08.MITGL.SBJ.X.PVS-02.PP6","EXAKT","1","1","","","0","0","bestanden"
"S08.MITGL.SBJ.X.PVS-02.PP7","EXAKT","1","1","","","0","0","bestanden"
"S08.MITGL.SBJ.X.PVS-03.AK9","EXAKT","0","0","","","0","0","bestanden"
"S08.MITGL.SBJ.X.PVS-03.FAMS","EXAKT","1","1","","","0","0","bestanden"
"S08.MITGL.SBJ.X.PVS-03.ITT","EXAKT","1","1","","","0","0","bestanden"
"S08.MITGL.SBJ.X.PVS-03.PP5","EXAKT","1","1","","","0","0","bestanden"
"S08.MITGL.SBJ.X.PVS-03.PP6","EXAKT","1","1","","","0","0","bestanden"
"S08.MITGL.SBJ.X.PVS-03.PP7","EXAKT","1","1","","","0","0","bestanden"
"S08.MITGL.SBJ.X.PVS-04.AK9","EXAKT","0","0","","","0","0","bestanden"
"S08.MITGL.SBJ.X.PVS-04.FAMS","EXAKT","1","1","","","0","0","bestanden"
"S08.MITGL.SBJ.X.PVS-04.ITT","EXAKT","1","1","","","0","0","bestanden"
"S08.MITGL.SBJ.X.PVS-04.PP5","EXAKT","1","1","","","0","0","bestanden"
"S08.MITGL.SBJ.X.PVS-04.PP6","EXAKT","1","1","","","0","0","bestanden"
"S08.MITGL.SBJ.X.PVS-04.PP7","EXAKT","1","1","","","0","0","bestanden"
"S08.MITGL.SBJ.X.PVS-05.AK9","EXAKT","0","0","","","0","0","bestanden"
"S08.MITGL.SBJ.X.PVS-05.FAMS","EXAKT","1","1","","","0","0","bestanden"
"S08.MITGL.SBJ.X.PVS-05.ITT","EXAKT","1","1","","","0","0","bestanden"
"S08.MITGL.SBJ.X.PVS-05.PP5","EXAKT","1","1","","","0","0","bestanden"
"S08.MITGL.SBJ.X.PVS-05.PP6","EXAKT","1","1","","","0","0","bestanden"
"S08.MITGL.SBJ.X.PVS-05.PP7","EXAKT","1","1","","","0","0","bestanden"
"S08.MITGL.SBJ.X.PVS-06.AK9","EXAKT","0","0","","","0","0","bestanden"
"S08.MITGL.SBJ.X.PVS-06.FAMS","EXAKT","1","1","","","0","0","bestanden"
"S08.MITGL.SBJ.X.PVS-06.ITT","EXAKT","1","1","","","0","0","bestanden"
"S08.MITGL.SBJ.X.PVS-06.PP5","EXAKT","1","1","","","0","0","bestanden"
"S08.MITGL.SBJ.X.PVS-06.PP6","EXAKT","1","1","","","0","0","bestanden"
"S08.MITGL.SBJ.X.PVS-06.PP7","EXAKT","1","1","","","0","0","bestanden"
"S08.MITGL.SBJ.X.PVS-07.AK9","EXAKT","0","0","","","0","0","bestanden"
"S08.MITGL.SBJ.X.PVS-07.FAMS","EXAKT","0","0","","","0","0","bestanden"
"S08.MITGL.SBJ.X.PVS-07.ITT","EXAKT","0","0","","","0","0","bestanden"
"S08.MITGL.SBJ.X.PVS-07.PP5","EXAKT","0","0","","","0","0","bestanden"
"S08.MITGL.SBJ.X.PVS-07.PP6","EXAKT","0","0","","","0","0","bestanden"
"S08.MITGL.SBJ.X.PVS-07.PP7","EXAKT","0","0","","","0","0","bestanden"
"S08.MITGL.SBJ.X.PVS-08.AK9","EXAKT","0","0","","","0","0","bestanden"
"S08.MITGL.SBJ.X.PVS-08.FAMS","EXAKT","1","1","","","0","0","bestanden"
"S08.MITGL.SBJ.X.PVS-08.ITT","EXAKT","1","1","","","0","0","bestanden"
"S08.MITGL.SBJ.X.PVS-08.PP5","EXAKT","1","1","","","0","0","bestanden"
"S08.MITGL.SBJ.X.PVS-08.PP6","EXAKT","1","1","","","0","0","bestanden"
"S08.MITGL.SBJ.X.PVS-08.PP7","EXAKT","1","1","","","0","0","bestanden"
"S08.MITGL.SBJ.X.PVS-10.AK9","EXAKT","0","0","","","0","0","bestanden"
"S08.MITGL.SBJ.X.PVS-10.FAMS","EXAKT","1","1","","","0","0","bestanden"
"S08.MITGL.SBJ.X.PVS-10.ITT","EXAKT","1","1","","","0","0","bestanden"
"S08.MITGL.SBJ.X.PVS-10.PP5","EXAKT","1","1","","","0","0","bestanden"
"S08.MITGL.SBJ.X.PVS-10.PP6","EXAKT","1","1","","","0","0","bestanden"
"S08.MITGL.SBJ.X.PVS-10.PP7","EXAKT","1","1","","","0","0","bestanden"
"S08.MITGL.SBJ.X.PVS-11.AK9","EXAKT","0","0","","","0","0","bestanden"
"S08.MITGL.SBJ.X.PVS-11.FAMS","EXAKT","1","1","","","0","0","bestanden"
"S08.MITGL.SBJ.X.PVS-11.ITT","EXAKT","1","1","","","0","0","bestanden"
"S08.MITGL.SBJ.X.PVS-11.PP5","EXAKT","1","1","","","0","0","bestanden"
"S08.MITGL.SBJ.X.PVS-11.PP6","EXAKT","1","1","","","0","0","bestanden"
"S08.MITGL.SBJ.X.PVS-11.PP7","EXAKT","1","1","","","0","0","bestanden"
"S08.MITGL.SBJ.X.PVS-16.AK9","EXAKT","0","0","","","0","0","bestanden"
"S08.MITGL.SBJ.X.PVS-16.FAMS","EXAKT","0","0","","","0","0","bestanden"
"S08.MITGL.SBJ.X.PVS-16.ITT","EXAKT","0","0","","","0","0","bestanden"
"S08.MITGL.SBJ.X.PVS-16.PP5","EXAKT","0","0","","","0","0","bestanden"
"S08.MITGL.SBJ.X.PVS-16.PP6","EXAKT","0","0","","","0","0","bestanden"
"S08.MITGL.SBJ.X.PVS-16.PP7","EXAKT","0","0","","","0","0","bestanden"
"S08.MITGL.SBJ.X.PVS-17.AK9","EXAKT","0","0","","","0","0","bestanden"
"S08.MITGL.SBJ.X.PVS-17.FAMS","EXAKT","1","1","","","0","0","bestanden"
"S08.MITGL.SBJ.X.PVS-17.ITT","EXAKT","1","1","","","0","0","bestanden"
"S08.MITGL.SBJ.X.PVS-17.PP5","EXAKT","1","1","","","0","0","bestanden"
"S08.MITGL.SBJ.X.PVS-17.PP6","EXAKT","1","1","","","0","0","bestanden"
"S08.MITGL.SBJ.X.PVS-17.PP7","EXAKT","1","1","","","0","0","bestanden"
"S08.MITGL.SBJ.X.PVS-18.AK9","EXAKT","0","0","","","0","0","bestanden"
"S08.MITGL.SBJ.X.PVS-18.FAMS","EXAKT","0","0","","","0","0","bestanden"
"S08.MITGL.SBJ.X.PVS-18.ITT","EXAKT","0","0","","","0","0","bestanden"
"S08.MITGL.SBJ.X.PVS-18.PP5","EXAKT","0","0","","","0","0","bestanden"
"S08.MITGL.SBJ.X.PVS-18.PP6","EXAKT","0","0","","","0","0","bestanden"
"S08.MITGL.SBJ.X.PVS-18.PP7","EXAKT","0","0","","","0","0","bestanden"
"S08.MITGL.Z05.X.PBW-01.ITT","EXAKT","1","1","","","0","0","bestanden"
"S08.MITGL.Z05.X.PBW-02.ITT","EXAKT","1","1","","","0","0","bestanden"
"S08.MITGL.Z05.X.PBW-04.ITT","EXAKT","1","1","","","0","0","bestanden"
"S08.MITGL.Z05.X.PBW-05.ITT","EXAKT","1","1","","","0","0","bestanden"
"S08.MITGL.Z05.X.PBW-06.ITT","EXAKT","1","1","","","0","0","bestanden"
"S08.MITGL.Z05.X.PBW-07.ITT","EXAKT","0","0","","","0","0","bestanden"
"S08.MITGL.Z05.X.PBW-08.ITT","EXAKT","1","1","","","0","0","bestanden"
"S08.MITGL.Z05.X.PBW-09.ITT","EXAKT","1","1","","","0","0","bestanden"
"S08.MITGL.Z05.X.PBW-10.ITT","EXAKT","1","1","","","0","0","bestanden"
"S08.MITGL.Z05.X.PBW-11.ITT","EXAKT","1","1","","","0","0","bestanden"
"S08.MITGL.Z05.X.PBW-21.ITT","EXAKT","0","0","","","0","0","bestanden"
"S08.MITGL.Z05.X.PHL-01.ITT","EXAKT","1","1","","","0","0","bestanden"
"S08.MITGL.Z05.X.PHL-02.ITT","EXAKT","1","1","","","0","0","bestanden"
"S08.MITGL.Z05.X.PHL-03.ITT","EXAKT","1","1","","","0","0","bestanden"
"S08.MITGL.Z05.X.PHL-05.ITT","EXAKT","1","1","","","0","0","bestanden"
"S08.MITGL.Z05.X.PHL-06.ITT","EXAKT","1","1","","","0","0","bestanden"
"S08.MITGL.Z05.X.PHL-07.ITT","EXAKT","1","1","","","0","0","bestanden"
"S08.MITGL.Z05.X.PHL-08.ITT","EXAKT","1","1","","","0","0","bestanden"
"S08.MITGL.Z05.X.PVS-01.ITT","EXAKT","1","1","","","0","0","bestanden"
"S08.MITGL.Z05.X.PVS-02.ITT","EXAKT","1","1","","","0","0","bestanden"
"S08.MITGL.Z05.X.PVS-03.ITT","EXAKT","1","1","","","0","0","bestanden"
"S08.MITGL.Z05.X.PVS-04.ITT","EXAKT","1","1","","","0","0","bestanden"
"S08.MITGL.Z05.X.PVS-05.ITT","EXAKT","1","1","","","0","0","bestanden"
"S08.MITGL.Z05.X.PVS-06.ITT","EXAKT","0","0","","","0","0","bestanden"
"S08.MITGL.Z05.X.PVS-07.ITT","EXAKT","0","0","","","0","0","bestanden"
"S08.MITGL.Z05.X.PVS-08.ITT","EXAKT","0","0","","","0","0","bestanden"
"S08.MITGL.Z05.X.PVS-10.ITT","EXAKT","1","1","","","0","0","bestanden"
"S08.MITGL.Z05.X.PVS-11.ITT","EXAKT","1","1","","","0","0","bestanden"
"S08.MITGL.Z05.X.PVS-16.ITT","EXAKT","0","0","","","0","0","bestanden"
"S08.MITGL.Z05.X.PVS-17.ITT","EXAKT","0","0","","","0","0","bestanden"
"S08.MITGL.Z05.X.PVS-18.ITT","EXAKT","0","0","","","0","0","bestanden"
"S08.MITGL.Z10.X.PBW-01.ITT","EXAKT","0","0","","","0","0","bestanden"
"S08.MITGL.Z10.X.PBW-02.ITT","EXAKT","0","0","","","0","0","bestanden"
"S08.MITGL.Z10.X.PBW-04.ITT","EXAKT","0","0","","","0","0","bestanden"
"S08.MITGL.Z10.X.PBW-05.ITT","EXAKT","0","0","","","0","0","bestanden"
"S08.MITGL.Z10.X.PBW-06.ITT","EXAKT","0","0","","","0","0","bestanden"
"S08.MITGL.Z10.X.PBW-07.ITT","EXAKT","0","0","","","0","0","bestanden"
"S08.MITGL.Z10.X.PBW-08.ITT","EXAKT","0","0","","","0","0","bestanden"
"S08.MITGL.Z10.X.PBW-09.ITT","EXAKT","0","0","","","0","0","bestanden"
"S08.MITGL.Z10.X.PBW-10.ITT","EXAKT","0","0","","","0","0","bestanden"
"S08.MITGL.Z10.X.PBW-11.ITT","EXAKT","0","0","","","0","0","bestanden"
"S08.MITGL.Z10.X.PBW-21.ITT","EXAKT","0","0","","","0","0","bestanden"
"S08.MITGL.Z10.X.PHL-01.ITT","EXAKT","1","1","","","0","0","bestanden"
"S08.MITGL.Z10.X.PHL-02.ITT","EXAKT","1","1","","","0","0","bestanden"
"S08.MITGL.Z10.X.PHL-03.ITT","EXAKT","1","1","","","0","0","bestanden"
"S08.MITGL.Z10.X.PHL-05.ITT","EXAKT","1","1","","","0","0","bestanden"
"S08.MITGL.Z10.X.PHL-06.ITT","EXAKT","1","1","","","0","0","bestanden"
"S08.MITGL.Z10.X.PHL-07.ITT","EXAKT","1","1","","","0","0","bestanden"
"S08.MITGL.Z10.X.PHL-08.ITT","EXAKT","1","1","","","0","0","bestanden"
"S08.MITGL.Z10.X.PVS-01.ITT","EXAKT","1","1","","","0","0","bestanden"
"S08.MITGL.Z10.X.PVS-02.ITT","EXAKT","1","1","","","0","0","bestanden"
"S08.MITGL.Z10.X.PVS-03.ITT","EXAKT","1","1","","","0","0","bestanden"
"S08.MITGL.Z10.X.PVS-04.ITT","EXAKT","1","1","","","0","0","bestanden"
"S08.MITGL.Z10.X.PVS-05.ITT","EXAKT","1","1","","","0","0","bestanden"
"S08.MITGL.Z10.X.PVS-06.ITT","EXAKT","1","1","","","0","0","bestanden"
"S08.MITGL.Z10.X.PVS-07.ITT","EXAKT","0","0","","","0","0","bestanden"
"S08.MITGL.Z10.X.PVS-08.ITT","EXAKT","1","1","","","0","0","bestanden"
"S08.MITGL.Z10.X.PVS-10.ITT","EXAKT","1","1","","","0","0","bestanden"
"S08.MITGL.Z10.X.PVS-11.ITT","EXAKT","1","1","","","0","0","bestanden"
"S08.MITGL.Z10.X.PVS-16.ITT","EXAKT","0","0","","","0","0","bestanden"
"S08.MITGL.Z10.X.PVS-17.ITT","EXAKT","1","1","","","0","0","bestanden"
"S08.MITGL.Z10.X.PVS-18.ITT","EXAKT","0","0","","","0","0","bestanden"
"S08.MITGL.Z30.X.PBW-01.AK9","EXAKT","0","0","","","0","0","bestanden"
"S08.MITGL.Z30.X.PBW-01.FAMS","EXAKT","1","1","","","0","0","bestanden"
"S08.MITGL.Z30.X.PBW-01.ITT","EXAKT","1","1","","","0","0","bestanden"
"S08.MITGL.Z30.X.PBW-01.PP5","EXAKT","0","0","","","0","0","bestanden"
"S08.MITGL.Z30.X.PBW-01.PP6","EXAKT","0","0","","","0","0","bestanden"
"S08.MITGL.Z30.X.PBW-01.PP7","EXAKT","0","0","","","0","0","bestanden"
"S08.MITGL.Z30.X.PBW-02.AK9","EXAKT","1","1","","","0","0","bestanden"
"S08.MITGL.Z30.X.PBW-02.FAMS","EXAKT","1","1","","","0","0","bestanden"
"S08.MITGL.Z30.X.PBW-02.ITT","EXAKT","1","1","","","0","0","bestanden"
"S08.MITGL.Z30.X.PBW-02.PP5","EXAKT","1","1","","","0","0","bestanden"
"S08.MITGL.Z30.X.PBW-02.PP6","EXAKT","1","1","","","0","0","bestanden"
"S08.MITGL.Z30.X.PBW-02.PP7","EXAKT","1","1","","","0","0","bestanden"
"S08.MITGL.Z30.X.PBW-04.AK9","EXAKT","0","0","","","0","0","bestanden"
"S08.MITGL.Z30.X.PBW-04.FAMS","EXAKT","1","1","","","0","0","bestanden"
"S08.MITGL.Z30.X.PBW-04.ITT","EXAKT","1","1","","","0","0","bestanden"
"S08.MITGL.Z30.X.PBW-04.PP5","EXAKT","1","1","","","0","0","bestanden"
"S08.MITGL.Z30.X.PBW-04.PP6","EXAKT","1","1","","","0","0","bestanden"
"S08.MITGL.Z30.X.PBW-04.PP7","EXAKT","0","0","","","0","0","bestanden"
"S08.MITGL.Z30.X.PBW-05.AK9","EXAKT","0","0","","","0","0","bestanden"
"S08.MITGL.Z30.X.PBW-05.FAMS","EXAKT","1","1","","","0","0","bestanden"
"S08.MITGL.Z30.X.PBW-05.ITT","EXAKT","1","1","","","0","0","bestanden"
"S08.MITGL.Z30.X.PBW-05.PP5","EXAKT","1","1","","","0","0","bestanden"
"S08.MITGL.Z30.X.PBW-05.PP6","EXAKT","1","1","","","0","0","bestanden"
"S08.MITGL.Z30.X.PBW-05.PP7","EXAKT","1","1","","","0","0","bestanden"
"S08.MITGL.Z30.X.PBW-06.AK9","EXAKT","0","0","","","0","0","bestanden"
"S08.MITGL.Z30.X.PBW-06.FAMS","EXAKT","1","1","","","0","0","bestanden"
"S08.MITGL.Z30.X.PBW-06.ITT","EXAKT","1","1","","","0","0","bestanden"
"S08.MITGL.Z30.X.PBW-06.PP5","EXAKT","0","0","","","0","0","bestanden"
"S08.MITGL.Z30.X.PBW-06.PP6","EXAKT","0","0","","","0","0","bestanden"
"S08.MITGL.Z30.X.PBW-06.PP7","EXAKT","0","0","","","0","0","bestanden"
"S08.MITGL.Z30.X.PBW-07.AK9","EXAKT","0","0","","","0","0","bestanden"
"S08.MITGL.Z30.X.PBW-07.FAMS","EXAKT","0","0","","","0","0","bestanden"
"S08.MITGL.Z30.X.PBW-07.ITT","EXAKT","0","0","","","0","0","bestanden"
"S08.MITGL.Z30.X.PBW-07.PP5","EXAKT","0","0","","","0","0","bestanden"
"S08.MITGL.Z30.X.PBW-07.PP6","EXAKT","0","0","","","0","0","bestanden"
"S08.MITGL.Z30.X.PBW-07.PP7","EXAKT","0","0","","","0","0","bestanden"
"S08.MITGL.Z30.X.PBW-08.AK9","EXAKT","1","1","","","0","0","bestanden"
"S08.MITGL.Z30.X.PBW-08.FAMS","EXAKT","1","1","","","0","0","bestanden"
"S08.MITGL.Z30.X.PBW-08.ITT","EXAKT","1","1","","","0","0","bestanden"
"S08.MITGL.Z30.X.PBW-08.PP5","EXAKT","1","1","","","0","0","bestanden"
"S08.MITGL.Z30.X.PBW-08.PP6","EXAKT","1","1","","","0","0","bestanden"
"S08.MITGL.Z30.X.PBW-08.PP7","EXAKT","1","1","","","0","0","bestanden"
"S08.MITGL.Z30.X.PBW-09.AK9","EXAKT","0","0","","","0","0","bestanden"
"S08.MITGL.Z30.X.PBW-09.FAMS","EXAKT","1","1","","","0","0","bestanden"
"S08.MITGL.Z30.X.PBW-09.ITT","EXAKT","1","1","","","0","0","bestanden"
"S08.MITGL.Z30.X.PBW-09.PP5","EXAKT","1","1","","","0","0","bestanden"
"S08.MITGL.Z30.X.PBW-09.PP6","EXAKT","1","1","","","0","0","bestanden"
"S08.MITGL.Z30.X.PBW-09.PP7","EXAKT","1","1","","","0","0","bestanden"
"S08.MITGL.Z30.X.PBW-10.AK9","EXAKT","0","0","","","0","0","bestanden"
"S08.MITGL.Z30.X.PBW-10.FAMS","EXAKT","1","1","","","0","0","bestanden"
"S08.MITGL.Z30.X.PBW-10.ITT","EXAKT","1","1","","","0","0","bestanden"
"S08.MITGL.Z30.X.PBW-10.PP5","EXAKT","1","1","","","0","0","bestanden"
"S08.MITGL.Z30.X.PBW-10.PP6","EXAKT","0","0","","","0","0","bestanden"
"S08.MITGL.Z30.X.PBW-10.PP7","EXAKT","0","0","","","0","0","bestanden"
"S08.MITGL.Z30.X.PBW-11.AK9","EXAKT","0","0","","","0","0","bestanden"
"S08.MITGL.Z30.X.PBW-11.FAMS","EXAKT","1","1","","","0","0","bestanden"
"S08.MITGL.Z30.X.PBW-11.ITT","EXAKT","1","1","","","0","0","bestanden"
"S08.MITGL.Z30.X.PBW-11.PP5","EXAKT","0","0","","","0","0","bestanden"
"S08.MITGL.Z30.X.PBW-11.PP6","EXAKT","0","0","","","0","0","bestanden"
"S08.MITGL.Z30.X.PBW-11.PP7","EXAKT","0","0","","","0","0","bestanden"
"S08.MITGL.Z30.X.PBW-21.AK9","EXAKT","0","0","","","0","0","bestanden"
"S08.MITGL.Z30.X.PBW-21.FAMS","EXAKT","0","0","","","0","0","bestanden"
"S08.MITGL.Z30.X.PBW-21.ITT","EXAKT","0","0","","","0","0","bestanden"
"S08.MITGL.Z30.X.PBW-21.PP5","EXAKT","0","0","","","0","0","bestanden"
"S08.MITGL.Z30.X.PBW-21.PP6","EXAKT","0","0","","","0","0","bestanden"
"S08.MITGL.Z30.X.PBW-21.PP7","EXAKT","0","0","","","0","0","bestanden"
"S08.MITGL.Z30.X.PHL-01.AK9","EXAKT","0","0","","","0","0","bestanden"
"S08.MITGL.Z30.X.PHL-01.FAMS","EXAKT","1","1","","","0","0","bestanden"
"S08.MITGL.Z30.X.PHL-01.ITT","EXAKT","1","1","","","0","0","bestanden"
"S08.MITGL.Z30.X.PHL-01.PP5","EXAKT","1","1","","","0","0","bestanden"
"S08.MITGL.Z30.X.PHL-01.PP6","EXAKT","1","1","","","0","0","bestanden"
"S08.MITGL.Z30.X.PHL-01.PP7","EXAKT","1","1","","","0","0","bestanden"
"S08.MITGL.Z30.X.PHL-02.AK9","EXAKT","0","0","","","0","0","bestanden"
"S08.MITGL.Z30.X.PHL-02.FAMS","EXAKT","1","1","","","0","0","bestanden"
"S08.MITGL.Z30.X.PHL-02.ITT","EXAKT","1","1","","","0","0","bestanden"
"S08.MITGL.Z30.X.PHL-02.PP5","EXAKT","1","1","","","0","0","bestanden"
"S08.MITGL.Z30.X.PHL-02.PP6","EXAKT","1","1","","","0","0","bestanden"
"S08.MITGL.Z30.X.PHL-02.PP7","EXAKT","1","1","","","0","0","bestanden"
"S08.MITGL.Z30.X.PHL-03.AK9","EXAKT","1","1","","","0","0","bestanden"
"S08.MITGL.Z30.X.PHL-03.FAMS","EXAKT","1","1","","","0","0","bestanden"
"S08.MITGL.Z30.X.PHL-03.ITT","EXAKT","1","1","","","0","0","bestanden"
"S08.MITGL.Z30.X.PHL-03.PP5","EXAKT","1","1","","","0","0","bestanden"
"S08.MITGL.Z30.X.PHL-03.PP6","EXAKT","1","1","","","0","0","bestanden"
"S08.MITGL.Z30.X.PHL-03.PP7","EXAKT","1","1","","","0","0","bestanden"
"S08.MITGL.Z30.X.PHL-05.AK9","EXAKT","0","0","","","0","0","bestanden"
"S08.MITGL.Z30.X.PHL-05.FAMS","EXAKT","1","1","","","0","0","bestanden"
"S08.MITGL.Z30.X.PHL-05.ITT","EXAKT","1","1","","","0","0","bestanden"
"S08.MITGL.Z30.X.PHL-05.PP5","EXAKT","0","0","","","0","0","bestanden"
"S08.MITGL.Z30.X.PHL-05.PP6","EXAKT","0","0","","","0","0","bestanden"
"S08.MITGL.Z30.X.PHL-05.PP7","EXAKT","0","0","","","0","0","bestanden"
"S08.MITGL.Z30.X.PHL-06.AK9","EXAKT","0","0","","","0","0","bestanden"
"S08.MITGL.Z30.X.PHL-06.FAMS","EXAKT","1","1","","","0","0","bestanden"
"S08.MITGL.Z30.X.PHL-06.ITT","EXAKT","1","1","","","0","0","bestanden"
"S08.MITGL.Z30.X.PHL-06.PP5","EXAKT","0","0","","","0","0","bestanden"
"S08.MITGL.Z30.X.PHL-06.PP6","EXAKT","0","0","","","0","0","bestanden"
"S08.MITGL.Z30.X.PHL-06.PP7","EXAKT","0","0","","","0","0","bestanden"
"S08.MITGL.Z30.X.PHL-07.AK9","EXAKT","0","0","","","0","0","bestanden"
"S08.MITGL.Z30.X.PHL-07.FAMS","EXAKT","1","1","","","0","0","bestanden"
"S08.MITGL.Z30.X.PHL-07.ITT","EXAKT","1","1","","","0","0","bestanden"
"S08.MITGL.Z30.X.PHL-07.PP5","EXAKT","1","1","","","0","0","bestanden"
"S08.MITGL.Z30.X.PHL-07.PP6","EXAKT","1","1","","","0","0","bestanden"
"S08.MITGL.Z30.X.PHL-07.PP7","EXAKT","1","1","","","0","0","bestanden"
"S08.MITGL.Z30.X.PHL-08.AK9","EXAKT","0","0","","","0","0","bestanden"
"S08.MITGL.Z30.X.PHL-08.FAMS","EXAKT","1","1","","","0","0","bestanden"
"S08.MITGL.Z30.X.PHL-08.ITT","EXAKT","1","1","","","0","0","bestanden"
"S08.MITGL.Z30.X.PHL-08.PP5","EXAKT","0","0","","","0","0","bestanden"
"S08.MITGL.Z30.X.PHL-08.PP6","EXAKT","0","0","","","0","0","bestanden"
"S08.MITGL.Z30.X.PHL-08.PP7","EXAKT","0","0","","","0","0","bestanden"
"S08.MITGL.Z30.X.PVS-01.AK9","EXAKT","0","0","","","0","0","bestanden"
"S08.MITGL.Z30.X.PVS-01.FAMS","EXAKT","1","1","","","0","0","bestanden"
"S08.MITGL.Z30.X.PVS-01.ITT","EXAKT","1","1","","","0","0","bestanden"
"S08.MITGL.Z30.X.PVS-01.PP5","EXAKT","1","1","","","0","0","bestanden"
"S08.MITGL.Z30.X.PVS-01.PP6","EXAKT","1","1","","","0","0","bestanden"
"S08.MITGL.Z30.X.PVS-01.PP7","EXAKT","1","1","","","0","0","bestanden"
"S08.MITGL.Z30.X.PVS-02.AK9","EXAKT","0","0","","","0","0","bestanden"
"S08.MITGL.Z30.X.PVS-02.FAMS","EXAKT","1","1","","","0","0","bestanden"
"S08.MITGL.Z30.X.PVS-02.ITT","EXAKT","1","1","","","0","0","bestanden"
"S08.MITGL.Z30.X.PVS-02.PP5","EXAKT","1","1","","","0","0","bestanden"
"S08.MITGL.Z30.X.PVS-02.PP6","EXAKT","1","1","","","0","0","bestanden"
"S08.MITGL.Z30.X.PVS-02.PP7","EXAKT","1","1","","","0","0","bestanden"
"S08.MITGL.Z30.X.PVS-03.AK9","EXAKT","0","0","","","0","0","bestanden"
"S08.MITGL.Z30.X.PVS-03.FAMS","EXAKT","1","1","","","0","0","bestanden"
"S08.MITGL.Z30.X.PVS-03.ITT","EXAKT","1","1","","","0","0","bestanden"
"S08.MITGL.Z30.X.PVS-03.PP5","EXAKT","1","1","","","0","0","bestanden"
"S08.MITGL.Z30.X.PVS-03.PP6","EXAKT","1","1","","","0","0","bestanden"
"S08.MITGL.Z30.X.PVS-03.PP7","EXAKT","1","1","","","0","0","bestanden"
"S08.MITGL.Z30.X.PVS-04.AK9","EXAKT","0","0","","","0","0","bestanden"
"S08.MITGL.Z30.X.PVS-04.FAMS","EXAKT","1","1","","","0","0","bestanden"
"S08.MITGL.Z30.X.PVS-04.ITT","EXAKT","1","1","","","0","0","bestanden"
"S08.MITGL.Z30.X.PVS-04.PP5","EXAKT","1","1","","","0","0","bestanden"
"S08.MITGL.Z30.X.PVS-04.PP6","EXAKT","1","1","","","0","0","bestanden"
"S08.MITGL.Z30.X.PVS-04.PP7","EXAKT","1","1","","","0","0","bestanden"
"S08.MITGL.Z30.X.PVS-05.AK9","EXAKT","0","0","","","0","0","bestanden"
"S08.MITGL.Z30.X.PVS-05.FAMS","EXAKT","1","1","","","0","0","bestanden"
"S08.MITGL.Z30.X.PVS-05.ITT","EXAKT","1","1","","","0","0","bestanden"
"S08.MITGL.Z30.X.PVS-05.PP5","EXAKT","1","1","","","0","0","bestanden"
"S08.MITGL.Z30.X.PVS-05.PP6","EXAKT","1","1","","","0","0","bestanden"
"S08.MITGL.Z30.X.PVS-05.PP7","EXAKT","1","1","","","0","0","bestanden"
"S08.MITGL.Z30.X.PVS-06.AK9","EXAKT","0","0","","","0","0","bestanden"
"S08.MITGL.Z30.X.PVS-06.FAMS","EXAKT","1","1","","","0","0","bestanden"
"S08.MITGL.Z30.X.PVS-06.ITT","EXAKT","1","1","","","0","0","bestanden"
"S08.MITGL.Z30.X.PVS-06.PP5","EXAKT","1","1","","","0","0","bestanden"
"S08.MITGL.Z30.X.PVS-06.PP6","EXAKT","1","1","","","0","0","bestanden"
"S08.MITGL.Z30.X.PVS-06.PP7","EXAKT","1","1","","","0","0","bestanden"
"S08.MITGL.Z30.X.PVS-07.AK9","EXAKT","0","0","","","0","0","bestanden"
"S08.MITGL.Z30.X.PVS-07.FAMS","EXAKT","0","0","","","0","0","bestanden"
"S08.MITGL.Z30.X.PVS-07.ITT","EXAKT","0","0","","","0","0","bestanden"
"S08.MITGL.Z30.X.PVS-07.PP5","EXAKT","0","0","","","0","0","bestanden"
"S08.MITGL.Z30.X.PVS-07.PP6","EXAKT","0","0","","","0","0","bestanden"
"S08.MITGL.Z30.X.PVS-07.PP7","EXAKT","0","0","","","0","0","bestanden"
"S08.MITGL.Z30.X.PVS-08.AK9","EXAKT","0","0","","","0","0","bestanden"
"S08.MITGL.Z30.X.PVS-08.FAMS","EXAKT","1","1","","","0","0","bestanden"
"S08.MITGL.Z30.X.PVS-08.ITT","EXAKT","1","1","","","0","0","bestanden"
"S08.MITGL.Z30.X.PVS-08.PP5","EXAKT","1","1","","","0","0","bestanden"
"S08.MITGL.Z30.X.PVS-08.PP6","EXAKT","1","1","","","0","0","bestanden"
"S08.MITGL.Z30.X.PVS-08.PP7","EXAKT","1","1","","","0","0","bestanden"
"S08.MITGL.Z30.X.PVS-10.AK9","EXAKT","0","0","","","0","0","bestanden"
"S08.MITGL.Z30.X.PVS-10.FAMS","EXAKT","1","1","","","0","0","bestanden"
"S08.MITGL.Z30.X.PVS-10.ITT","EXAKT","1","1","","","0","0","bestanden"
"S08.MITGL.Z30.X.PVS-10.PP5","EXAKT","1","1","","","0","0","bestanden"
"S08.MITGL.Z30.X.PVS-10.PP6","EXAKT","1","1","","","0","0","bestanden"
"S08.MITGL.Z30.X.PVS-10.PP7","EXAKT","1","1","","","0","0","bestanden"
"S08.MITGL.Z30.X.PVS-11.AK9","EXAKT","0","0","","","0","0","bestanden"
"S08.MITGL.Z30.X.PVS-11.FAMS","EXAKT","1","1","","","0","0","bestanden"
"S08.MITGL.Z30.X.PVS-11.ITT","EXAKT","1","1","","","0","0","bestanden"
"S08.MITGL.Z30.X.PVS-11.PP5","EXAKT","1","1","","","0","0","bestanden"
"S08.MITGL.Z30.X.PVS-11.PP6","EXAKT","1","1","","","0","0","bestanden"
"S08.MITGL.Z30.X.PVS-11.PP7","EXAKT","1","1","","","0","0","bestanden"
"S08.MITGL.Z30.X.PVS-16.AK9","EXAKT","0","0","","","0","0","bestanden"
"S08.MITGL.Z30.X.PVS-16.FAMS","EXAKT","0","0","","","0","0","bestanden"
"S08.MITGL.Z30.X.PVS-16.ITT","EXAKT","0","0","","","0","0","bestanden"
"S08.MITGL.Z30.X.PVS-16.PP5","EXAKT","0","0","","","0","0","bestanden"
"S08.MITGL.Z30.X.PVS-16.PP6","EXAKT","0","0","","","0","0","bestanden"
"S08.MITGL.Z30.X.PVS-16.PP7","EXAKT","0","0","","","0","0","bestanden"
"S08.MITGL.Z30.X.PVS-17.AK9","EXAKT","0","0","","","0","0","bestanden"
"S08.MITGL.Z30.X.PVS-17.FAMS","EXAKT","1","1","","","0","0","bestanden"
"S08.MITGL.Z30.X.PVS-17.ITT","EXAKT","1","1","","","0","0","bestanden"
"S08.MITGL.Z30.X.PVS-17.PP5","EXAKT","1","1","","","0","0","bestanden"
"S08.MITGL.Z30.X.PVS-17.PP6","EXAKT","1","1","","","0","0","bestanden"
"S08.MITGL.Z30.X.PVS-17.PP7","EXAKT","1","1","","","0","0","bestanden"
"S08.MITGL.Z30.X.PVS-18.AK9","EXAKT","0","0","","","0","0","bestanden"
"S08.MITGL.Z30.X.PVS-18.FAMS","EXAKT","0","0","","","0","0","bestanden"
"S08.MITGL.Z30.X.PVS-18.ITT","EXAKT","0","0","","","0","0","bestanden"
"S08.MITGL.Z30.X.PVS-18.PP5","EXAKT","0","0","","","0","0","bestanden"
"S08.MITGL.Z30.X.PVS-18.PP6","EXAKT","0","0","","","0","0","bestanden"
"S08.MITGL.Z30.X.PVS-18.PP7","EXAKT","0","0","","","0","0","bestanden"
"S08.N.CL.X.ITTIG.X","EXAKT","15","15","","","0","0","bestanden"
"S08.N.CL.X.ITTKG.X","EXAKT","10","10","","","0","0","bestanden"
"S08.N.CM.X.AK9IG.X","EXAKT","3","3","","","0","0","bestanden"
"S08.N.CM.X.FAMSIG.X","EXAKT","13","13","","","0","0","bestanden"
"S08.N.CM.X.FAMSKG.X","EXAKT","10","10","","","0","0","bestanden"
"S08.N.CM.X.ITTIG.X","EXAKT","13","13","","","0","0","bestanden"
"S08.N.CM.X.ITTKG.X","EXAKT","10","10","","","0","0","bestanden"
"S08.N.CM.X.PP5IG.X","EXAKT","8","8","","","0","0","bestanden"
"S08.N.CM.X.PP6IG.X","EXAKT","7","7","","","0","0","bestanden"
"S08.N.CM.X.PP7IG.X","EXAKT","6","6","","","0","0","bestanden"
"S08.N.CR.X.ITTIG.X","EXAKT","14","14","","","0","0","bestanden"
"S08.N.CR.X.ITTKG.X","EXAKT","10","10","","","0","0","bestanden"
"S08.N.SBJ.X.AK9IG.X","EXAKT","3","3","","","0","0","bestanden"
"S08.N.SBJ.X.FAMSIG.X","EXAKT","16","16","","","0","0","bestanden"
"S08.N.SBJ.X.FAMSKG.X","EXAKT","10","10","","","0","0","bestanden"
"S08.N.SBJ.X.ITTIG.X","EXAKT","16","16","","","0","0","bestanden"
"S08.N.SBJ.X.ITTKG.X","EXAKT","10","10","","","0","0","bestanden"
"S08.N.SBJ.X.PP5IG.X","EXAKT","10","10","","","0","0","bestanden"
"S08.N.SBJ.X.PP6IG.X","EXAKT","9","9","","","0","0","bestanden"
"S08.N.SBJ.X.PP7IG.X","EXAKT","8","8","","","0","0","bestanden"
"S08.N.Z05.X.ITTIG.X","EXAKT","16","16","","","0","0","bestanden"
"S08.N.Z05.X.ITTKG.X","EXAKT","7","7","","","0","0","bestanden"
"S08.N.Z10.X.ITTIG.X","EXAKT","7","7","","","0","0","bestanden"
"S08.N.Z10.X.ITTKG.X","EXAKT","10","10","","","0","0","bestanden"
"S08.N.Z30.X.AK9IG.X","EXAKT","3","3","","","0","0","bestanden"
"S08.N.Z30.X.FAMSIG.X","EXAKT","16","16","","","0","0","bestanden"
"S08.N.Z30.X.FAMSKG.X","EXAKT","10","10","","","0","0","bestanden"
"S08.N.Z30.X.ITTIG.X","EXAKT","16","16","","","0","0","bestanden"
"S08.N.Z30.X.ITTKG.X","EXAKT","10","10","","","0","0","bestanden"
"S08.N.Z30.X.PP5IG.X","EXAKT","10","10","","","0","0","bestanden"
"S08.N.Z30.X.PP6IG.X","EXAKT","9","9","","","0","0","bestanden"
"S08.N.Z30.X.PP7IG.X","EXAKT","8","8","","","0","0","bestanden"
"S09.KMEAN.CL.POST.IG.X","DETERM","1.625","1.6250000000000000","","","0","1.625e-09","bestanden"
"S09.KMEAN.CL.POST.KG.X","DETERM","2","2.0000000000000000","","","0","2e-09","bestanden"
"S09.KMEAN.CL.PRE.IG.X","DETERM","1.8333333333333333","1.8333333333333333","","","0","1.83333e-09","bestanden"
"S09.KMEAN.CL.PRE.KG.X","DETERM","1.6923076923076923","1.6923076923076923","","","0","1.69231e-09","bestanden"
"S09.KMEAN.CR.POST.IG.X","DETERM","1.4375","1.4375000000000000","","","0","1.4375e-09","bestanden"
"S09.KMEAN.CR.POST.KG.X","DETERM","1.5454545454545454","1.5454545454545454","","","0","1.54545e-09","bestanden"
"S09.KMEAN.CR.PRE.IG.X","DETERM","1.8888888888888888","1.8888888888888888","","","0","1.88889e-09","bestanden"
"S09.KMEAN.CR.PRE.KG.X","DETERM","1.9230769230769231","1.9230769230769231","","","0","1.92308e-09","bestanden"
"S09.KMEAN.SBJ.POST.IG.X","DETERM","2","2.0000000000000000","","","0","2e-09","bestanden"
"S09.KMEAN.SBJ.POST.KG.X","DETERM","1.9090909090909092","1.9090909090909092","","","0","1.90909e-09","bestanden"
"S09.KMEAN.SBJ.PRE.IG.X","DETERM","2.5","2.5000000000000000","","","0","2.5e-09","bestanden"
"S09.KMEAN.SBJ.PRE.KG.X","DETERM","2.0769230769230766","2.0769230769230766","","","0","2.07692e-09","bestanden"
"S09.KMEAN.Z05.POST.IG.X","DETERM","2.6875","2.6875000000000000","","","0","2.6875e-09","bestanden"
"S09.KMEAN.Z05.POST.KG.X","DETERM","1.9090909090909092","1.9090909090909092","","","0","1.90909e-09","bestanden"
"S09.KMEAN.Z05.PRE.IG.X","DETERM","2.2222222222222223","2.2222222222222223","","","0","2.22222e-09","bestanden"
"S09.KMEAN.Z05.PRE.KG.X","DETERM","1","1.0000000000000000","","","0","1e-09","bestanden"
"S09.KMEAN.Z10.POST.IG.X","DETERM","1.25","1.2500000000000000","","","0","1.25e-09","bestanden"
"S09.KMEAN.Z10.POST.KG.X","DETERM","1.6363636363636362","1.6363636363636362","","","0","1.63636e-09","bestanden"
"S09.KMEAN.Z10.PRE.IG.X","DETERM","2.5555555555555554","2.5555555555555554","","","0","2.55556e-09","bestanden"
"S09.KMEAN.Z10.PRE.KG.X","DETERM","1.6153846153846154","1.6153846153846154","","","0","1.61538e-09","bestanden"
"S09.KMEAN.Z30.POST.IG.X","DETERM","2.5625","2.5625000000000000","","","0","2.5625e-09","bestanden"
"S09.KMEAN.Z30.POST.KG.X","DETERM","2.1818181818181817","2.1818181818181817","","","0","2.18182e-09","bestanden"
"S09.KMEAN.Z30.PRE.IG.X","DETERM","2.6111111111111112","2.6111111111111112","","","0","2.61111e-09","bestanden"
"S09.KMEAN.Z30.PRE.KG.X","DETERM","2.3846153846153846","2.3846153846153846","","","0","2.38462e-09","bestanden"
"S10.CV.CL.PRE.ALL.X","DETERM","3.503787976448578","3.5037879764485780","","","0","3.50379e-09","bestanden"
"S10.CV.CM.PRE.ALL.X","DETERM","2.1543283592367817","2.1543283592367817","","","0","2.15433e-09","bestanden"
"S10.CV.CR.PRE.ALL.X","DETERM","3.254346031667215","3.2543460316672150","","","0","3.25435e-09","bestanden"
"S10.CV.SBJ.PRE.ALL.X","DETERM","2.6856571631687713","2.6856571631687713","","","0","2.68566e-09","bestanden"
"S10.CV.Z05.PRE.ALL.X","DETERM","4.2344383685684761","4.2344383685684761","","","0","4.23444e-09","bestanden"
"S10.CV.Z10.PRE.ALL.X","DETERM","1.9429051449351145","1.9429051449351145","","","0","1.94291e-09","bestanden"
"S10.CV.Z30.PRE.ALL.X","DETERM","1.644307038685167","1.6443070386851670","","","0","1.64431e-09","bestanden"
"S10.DFTE.CL.POST.ALL.X","EXAKT","21","21","","","0","0","bestanden"
"S10.DFTE.CL.POST.VA.X","EXAKT","4","4","","","0","0","bestanden"
"S10.DFTE.CL.POST.VB.X","EXAKT","6","6","","","0","0","bestanden"
"S10.DFTE.CL.POST.VC.X","EXAKT","11","11","","","0","0","bestanden"
"S10.DFTE.CL.PRE.ALL.X","EXAKT","26","26","","","0","0","bestanden"
"S10.DFTE.CL.PRE.VA.X","EXAKT","7","7","","","0","0","bestanden"
"S10.DFTE.CL.PRE.VB.X","EXAKT","9","9","","","0","0","bestanden"
"S10.DFTE.CL.PRE.VC.X","EXAKT","10","10","","","0","0","bestanden"
"S10.DFTE.CM.POST.ALL.X","EXAKT","12","12","","","0","0","bestanden"
"S10.DFTE.CM.POST.VA.X","EXAKT","1","1","","","0","0","bestanden"
"S10.DFTE.CM.POST.VB.X","EXAKT","5","5","","","0","0","bestanden"
"S10.DFTE.CM.POST.VC.X","EXAKT","6","6","","","0","0","bestanden"
"S10.DFTE.CM.PRE.ALL.X","EXAKT","21","21","","","0","0","bestanden"
"S10.DFTE.CM.PRE.VA.X","EXAKT","4","4","","","0","0","bestanden"
"S10.DFTE.CM.PRE.VB.X","EXAKT","8","8","","","0","0","bestanden"
"S10.DFTE.CM.PRE.VC.X","EXAKT","9","9","","","0","0","bestanden"
"S10.DFTE.CR.POST.ALL.X","EXAKT","14","14","","","0","0","bestanden"
"S10.DFTE.CR.POST.VA.X","EXAKT","3","3","","","0","0","bestanden"
"S10.DFTE.CR.POST.VB.X","EXAKT","5","5","","","0","0","bestanden"
"S10.DFTE.CR.POST.VC.X","EXAKT","6","6","","","0","0","bestanden"
"S10.DFTE.CR.PRE.ALL.X","EXAKT","30","30","","","0","0","bestanden"
"S10.DFTE.CR.PRE.VA.X","EXAKT","9","9","","","0","0","bestanden"
"S10.DFTE.CR.PRE.VB.X","EXAKT","8","8","","","0","0","bestanden"
"S10.DFTE.CR.PRE.VC.X","EXAKT","13","13","","","0","0","bestanden"
"S10.DFTE.SBJ.POST.ALL.X","EXAKT","26","26","","","0","0","bestanden"
"S10.DFTE.SBJ.POST.VA.X","EXAKT","5","5","","","0","0","bestanden"
"S10.DFTE.SBJ.POST.VB.X","EXAKT","11","11","","","0","0","bestanden"
"S10.DFTE.SBJ.POST.VC.X","EXAKT","10","10","","","0","0","bestanden"
"S10.DFTE.SBJ.PRE.ALL.X","EXAKT","41","41","","","0","0","bestanden"
"S10.DFTE.SBJ.PRE.VA.X","EXAKT","12","12","","","0","0","bestanden"
"S10.DFTE.SBJ.PRE.VB.X","EXAKT","15","15","","","0","0","bestanden"
"S10.DFTE.SBJ.PRE.VC.X","EXAKT","14","14","","","0","0","bestanden"
"S10.DFTE.Z05.POST.ALL.X","EXAKT","37","37","","","0","0","bestanden"
"S10.DFTE.Z05.POST.VA.X","EXAKT","13","13","","","0","0","bestanden"
"S10.DFTE.Z05.POST.VB.X","EXAKT","14","14","","","0","0","bestanden"
"S10.DFTE.Z05.POST.VC.X","EXAKT","10","10","","","0","0","bestanden"
"S10.DFTE.Z05.PRE.ALL.X","EXAKT","27","27","","","0","0","bestanden"
"S10.DFTE.Z05.PRE.VA.X","EXAKT","11","11","","","0","0","bestanden"
"S10.DFTE.Z05.PRE.VB.X","EXAKT","11","11","","","0","0","bestanden"
"S10.DFTE.Z05.PRE.VC.X","EXAKT","5","5","","","0","0","bestanden"
"S10.DFTE.Z10.POST.ALL.X","EXAKT","20","20","","","0","0","bestanden"
"S10.DFTE.Z10.POST.VA.X","EXAKT","13","13","","","0","0","bestanden"
"S10.DFTE.Z10.POST.VB.X","EXAKT","0","0","","","0","0","bestanden"
"S10.DFTE.Z10.POST.VC.X","EXAKT","7","7","","","0","0","bestanden"
"S10.DFTE.Z10.PRE.ALL.X","EXAKT","36","36","","","0","0","bestanden"
"S10.DFTE.Z10.PRE.VA.X","EXAKT","11","11","","","0","0","bestanden"
"S10.DFTE.Z10.PRE.VB.X","EXAKT","17","17","","","0","0","bestanden"
"S10.DFTE.Z10.PRE.VC.X","EXAKT","8","8","","","0","0","bestanden"
"S10.DFTE.Z30.POST.ALL.X","EXAKT","38","38","","","0","0","bestanden"
"S10.DFTE.Z30.POST.VA.X","EXAKT","11","11","","","0","0","bestanden"
"S10.DFTE.Z30.POST.VB.X","EXAKT","14","14","","","0","0","bestanden"
"S10.DFTE.Z30.POST.VC.X","EXAKT","13","13","","","0","0","bestanden"
"S10.DFTE.Z30.PRE.ALL.X","EXAKT","47","47","","","0","0","bestanden"
"S10.DFTE.Z30.PRE.VA.X","EXAKT","12","12","","","0","0","bestanden"
"S10.DFTE.Z30.PRE.VB.X","EXAKT","17","17","","","0","0","bestanden"
"S10.DFTE.Z30.PRE.VC.X","EXAKT","18","18","","","0","0","bestanden"
"S10.FLEINZ.CL.PRE.ALL.X","EXAKT","1","1","","","0","0","bestanden"
"S10.FLEINZ.CM.PRE.ALL.X","EXAKT","1","1","","","0","0","bestanden"
"S10.FLEINZ.CR.PRE.ALL.X","EXAKT","1","1","","","0","0","bestanden"
"S10.FLEINZ.SBJ.PRE.ALL.X","EXAKT","1","1","","","0","0","bestanden"
"S10.FLEINZ.Z05.PRE.ALL.X","EXAKT","1","1","","","0","0","bestanden"
"S10.FLEINZ.Z10.PRE.ALL.X","EXAKT","1","1","","","0","0","bestanden"
"S10.FLEINZ.Z30.PRE.ALL.X","EXAKT","1","1","","","0","0","bestanden"
"S10.NSB.CL.PRE.ALL.X","EXAKT","29","29","","","0","0","bestanden"
"S10.NSB.CM.PRE.ALL.X","EXAKT","27","27","","","0","0","bestanden"
"S10.NSB.CR.PRE.ALL.X","EXAKT","29","29","","","0","0","bestanden"
"S10.NSB.SBJ.PRE.ALL.X","EXAKT","31","31","","","0","0","bestanden"
"S10.NSB.Z05.PRE.ALL.X","EXAKT","26","26","","","0","0","bestanden"
"S10.NSB.Z10.PRE.ALL.X","EXAKT","31","31","","","0","0","bestanden"
"S10.NSB.Z30.PRE.ALL.X","EXAKT","31","31","","","0","0","bestanden"
"S10.NTE.CL.POST.ALL.X","EXAKT","21","21","","","0","0","bestanden"
"S10.NTE.CL.POST.VA.X","EXAKT","4","4","","","0","0","bestanden"
"S10.NTE.CL.POST.VB.X","EXAKT","6","6","","","0","0","bestanden"
"S10.NTE.CL.POST.VC.X","EXAKT","11","11","","","0","0","bestanden"
"S10.NTE.CL.PRE.ALL.X","EXAKT","22","22","","","0","0","bestanden"
"S10.NTE.CL.PRE.VA.X","EXAKT","4","4","","","0","0","bestanden"
"S10.NTE.CL.PRE.VB.X","EXAKT","9","9","","","0","0","bestanden"
"S10.NTE.CL.PRE.VC.X","EXAKT","9","9","","","0","0","bestanden"
"S10.NTE.CM.POST.ALL.X","EXAKT","12","12","","","0","0","bestanden"
"S10.NTE.CM.POST.VA.X","EXAKT","1","1","","","0","0","bestanden"
"S10.NTE.CM.POST.VB.X","EXAKT","5","5","","","0","0","bestanden"
"S10.NTE.CM.POST.VC.X","EXAKT","6","6","","","0","0","bestanden"
"S10.NTE.CM.PRE.ALL.X","EXAKT","19","19","","","0","0","bestanden"
"S10.NTE.CM.PRE.VA.X","EXAKT","3","3","","","0","0","bestanden"
"S10.NTE.CM.PRE.VB.X","EXAKT","8","8","","","0","0","bestanden"
"S10.NTE.CM.PRE.VC.X","EXAKT","8","8","","","0","0","bestanden"
"S10.NTE.CR.POST.ALL.X","EXAKT","14","14","","","0","0","bestanden"
"S10.NTE.CR.POST.VA.X","EXAKT","3","3","","","0","0","bestanden"
"S10.NTE.CR.POST.VB.X","EXAKT","5","5","","","0","0","bestanden"
"S10.NTE.CR.POST.VC.X","EXAKT","6","6","","","0","0","bestanden"
"S10.NTE.CR.PRE.ALL.X","EXAKT","26","26","","","0","0","bestanden"
"S10.NTE.CR.PRE.VA.X","EXAKT","7","7","","","0","0","bestanden"
"S10.NTE.CR.PRE.VB.X","EXAKT","8","8","","","0","0","bestanden"
"S10.NTE.CR.PRE.VC.X","EXAKT","11","11","","","0","0","bestanden"
"S10.NTE.SBJ.POST.ALL.X","EXAKT","23","23","","","0","0","bestanden"
"S10.NTE.SBJ.POST.VA.X","EXAKT","5","5","","","0","0","bestanden"
"S10.NTE.SBJ.POST.VB.X","EXAKT","8","8","","","0","0","bestanden"
"S10.NTE.SBJ.POST.VC.X","EXAKT","10","10","","","0","0","bestanden"
"S10.NTE.SBJ.PRE.ALL.X","EXAKT","29","29","","","0","0","bestanden"
"S10.NTE.SBJ.PRE.VA.X","EXAKT","7","7","","","0","0","bestanden"
"S10.NTE.SBJ.PRE.VB.X","EXAKT","11","11","","","0","0","bestanden"
"S10.NTE.SBJ.PRE.VC.X","EXAKT","11","11","","","0","0","bestanden"
"S10.NTE.Z05.POST.ALL.X","EXAKT","25","25","","","0","0","bestanden"
"S10.NTE.Z05.POST.VA.X","EXAKT","7","7","","","0","0","bestanden"
"S10.NTE.Z05.POST.VB.X","EXAKT","9","9","","","0","0","bestanden"
"S10.NTE.Z05.POST.VC.X","EXAKT","9","9","","","0","0","bestanden"
"S10.NTE.Z05.PRE.ALL.X","EXAKT","21","21","","","0","0","bestanden"
"S10.NTE.Z05.PRE.VA.X","EXAKT","7","7","","","0","0","bestanden"
"S10.NTE.Z05.PRE.VB.X","EXAKT","10","10","","","0","0","bestanden"
"S10.NTE.Z05.PRE.VC.X","EXAKT","4","4","","","0","0","bestanden"
"S10.NTE.Z10.POST.ALL.X","EXAKT","13","13","","","0","0","bestanden"
"S10.NTE.Z10.POST.VA.X","EXAKT","7","7","","","0","0","bestanden"
"S10.NTE.Z10.POST.VB.X","EXAKT","0","0","","","0","0","bestanden"
"S10.NTE.Z10.POST.VC.X","EXAKT","6","6","","","0","0","bestanden"
"S10.NTE.Z10.PRE.ALL.X","EXAKT","26","26","","","0","0","bestanden"
"S10.NTE.Z10.PRE.VA.X","EXAKT","7","7","","","0","0","bestanden"
"S10.NTE.Z10.PRE.VB.X","EXAKT","11","11","","","0","0","bestanden"
"S10.NTE.Z10.PRE.VC.X","EXAKT","8","8","","","0","0","bestanden"
"S10.NTE.Z30.POST.ALL.X","EXAKT","26","26","","","0","0","bestanden"
"S10.NTE.Z30.POST.VA.X","EXAKT","7","7","","","0","0","bestanden"
"S10.NTE.Z30.POST.VB.X","EXAKT","9","9","","","0","0","bestanden"
"S10.NTE.Z30.POST.VC.X","EXAKT","10","10","","","0","0","bestanden"
"S10.NTE.Z30.PRE.ALL.X","EXAKT","30","30","","","0","0","bestanden"
"S10.NTE.Z30.PRE.VA.X","EXAKT","7","7","","","0","0","bestanden"
"S10.NTE.Z30.PRE.VB.X","EXAKT","11","11","","","0","0","bestanden"
"S10.NTE.Z30.PRE.VC.X","EXAKT","12","12","","","0","0","bestanden"
"S10.RTS.CL.PRE.ALL.X","DETERM","3.8944553339981436","3.8944553339981436","","","0","3.89446e-09","bestanden"
"S10.RTS.CM.PRE.ALL.X","DETERM","2.7313442133668255","2.7313442133668255","","","0","2.73134e-09","bestanden"
"S10.RTS.CR.PRE.ALL.X","DETERM","3.5526747996073968","3.5526747996073968","","","0","3.55267e-09","bestanden"
"S10.RTS.SBJ.PRE.ALL.X","DETERM","1.8524163547919115","1.8524163547919115","","","0","1.85242e-09","bestanden"
"S10.RTS.Z05.PRE.ALL.X","DETERM","2.9179732543906316","2.9179732543906316","","","0","2.91797e-09","bestanden"
"S10.RTS.Z10.PRE.ALL.X","DETERM","1.7213499239801489","1.7213499239801489","","","0","1.72135e-09","bestanden"
"S10.RTS.Z30.PRE.ALL.X","DETERM","1.236863322030795","1.2368633220307950","","","0","1.23686e-09","bestanden"
"S10.SB.CL.PRE.ALL.X","DETERM","0.1139883755200265","0.11398837552002650","","","0","1e-09","bestanden"
"S10.SB.CM.PRE.ALL.X","DETERM","0.10041190097568044","0.10041190097568044","","","0","1e-09","bestanden"
"S10.SB.CR.PRE.ALL.X","DETERM","0.11663804481187494","0.11663804481187494","","","0","1e-09","bestanden"
"S10.SB.SBJ.PRE.ALL.X","DETERM","16.595180023127195","16.595180023127195","","","0","1.65952e-08","bestanden"
"S10.SB.Z05.PRE.ALL.X","DETERM","0.079224122200637459","0.079224122200637459","","","0","1e-09","bestanden"
"S10.SB.Z10.PRE.ALL.X","DETERM","0.10729118253361905","0.10729118253361905","","","0","1e-09","bestanden"
"S10.SB.Z30.PRE.ALL.X","DETERM","0.31325897081440296","0.31325897081440296","","","0","1e-09","bestanden"
"S10.SESOI.CL.PRE.ALL.X","DETERM","0.022797675104005301","0.022797675104005301","","","0","1e-09","bestanden"
"S10.SESOI.CM.PRE.ALL.X","DETERM","0.020082380195136088","0.020082380195136088","","","0","1e-09","bestanden"
"S10.SESOI.CR.PRE.ALL.X","DETERM","0.023327608962374988","0.023327608962374988","","","0","1e-09","bestanden"
"S10.SESOI.SBJ.PRE.ALL.X","DETERM","3.3190360046254392","3.3190360046254392","","","0","3.31904e-09","bestanden"
"S10.SESOI.Z05.PRE.ALL.X","DETERM","0.015844824440127494","0.015844824440127494","","","0","1e-09","bestanden"
"S10.SESOI.Z10.PRE.ALL.X","DETERM","0.021458236506723811","0.021458236506723811","","","0","1e-09","bestanden"
"S10.SESOI.Z30.PRE.ALL.X","DETERM","0.062651794162880595","0.062651794162880595","","","0","1e-09","bestanden"
"S10.TE.CL.POST.ALL.X","DETERM","0.053027396333449738","0.053027396333449738","","","0","1e-09","bestanden"
"S10.TE.CL.POST.VA.X","DETERM","0.076892782496148532","0.076892782496148532","","","0","1e-09","bestanden"
"S10.TE.CL.POST.VB.X","DETERM","0.055901699437494658","0.055901699437494658","","","0","1e-09","bestanden"
"S10.TE.CL.POST.VC.X","DETERM","0.038905479866419353","0.038905479866419353","","","0","1e-09","bestanden"
"S10.TE.CL.PRE.ALL.X","DETERM","0.088784527411550129","0.088784527411550129","","","0","1e-09","bestanden"
"S10.TE.CL.PRE.VA.X","DETERM","0.10551461194229608","0.10551461194229608","","","0","1e-09","bestanden"
"S10.TE.CL.PRE.VB.X","DETERM","0.067288764127287751","0.067288764127287751","","","0","1e-09","bestanden"
"S10.TE.CL.PRE.VC.X","DETERM","0.092879850703296532","0.092879850703296546","","","1.38778e-17","1e-09","bestanden"
"S10.TE.CM.POST.ALL.X","DETERM","0.040888568084490269","0.040888568084490269","","","0","1e-09","bestanden"
"S10.TE.CM.POST.VA.X","DETERM","0.081317279836453121","0.081317279836453121","","","0","1e-09","bestanden"
"S10.TE.CM.POST.VB.X","DETERM","0.027568097504180402","0.027568097504180405","","","3.46945e-18","1e-09","bestanden"
"S10.TE.CM.POST.VC.X","DETERM","0.040104031385053078","0.040104031385053078","","","0","1e-09","bestanden"
"S10.TE.CM.PRE.ALL.X","DETERM","0.054851892936617498","0.054851892936617498","","","0","1e-09","bestanden"
"S10.TE.CM.PRE.VA.X","DETERM","0.046748440259185765","0.046748440259185765","","","0","1e-09","bestanden"
"S10.TE.CM.PRE.VB.X","DETERM","0.041589511899035321","0.041589511899035321","","","0","1e-09","bestanden"
"S10.TE.CM.PRE.VC.X","DETERM","0.067168251980188179","0.067168251980188179","","","0","1e-09","bestanden"
"S10.TE.CR.POST.ALL.X","DETERM","0.071937472849690778","0.071937472849690778","","","0","1e-09","bestanden"
"S10.TE.CR.POST.VA.X","DETERM","0.1015709932346172","0.10157099323461720","","","0","1e-09","bestanden"
"S10.TE.CR.POST.VB.X","DETERM","0.066783231428256054","0.066783231428256054","","","0","1e-09","bestanden"
"S10.TE.CR.POST.VC.X","DETERM","0.056568542494923754","0.056568542494923754","","","0","1e-09","bestanden"
"S10.TE.CR.PRE.ALL.X","DETERM","0.082875408495725278","0.082875408495725278","","","0","1e-09","bestanden"
"S10.TE.CR.PRE.VA.X","DETERM","0.09020552664353236","0.090205526643532360","","","0","1e-09","bestanden"
"S10.TE.CR.PRE.VB.X","DETERM","0.070975347832892027","0.070975347832892027","","","0","1e-09","bestanden"
"S10.TE.CR.PRE.VC.X","DETERM","0.084360338232291748","0.084360338232291748","","","0","1e-09","bestanden"
"S10.TE.SBJ.POST.ALL.X","DETERM","6.7110700740240778","6.7110700740240778","","","0","6.71107e-09","bestanden"
"S10.TE.SBJ.POST.VA.X","DETERM","7.4966659255965249","7.4966659255965249","","","0","7.49667e-09","bestanden"
"S10.TE.SBJ.POST.VB.X","DETERM","8.1212403889150728","8.1212403889150728","","","0","8.12124e-09","bestanden"
"S10.TE.SBJ.POST.VC.X","DETERM","4.0558599581346497","4.0558599581346497","","","0","4.05586e-09","bestanden"
"S10.TE.SBJ.PRE.ALL.X","DETERM","6.1482365771113656","6.1482365771113656","","","0","6.14824e-09","bestanden"
"S10.TE.SBJ.PRE.VA.X","DETERM","7.0504136994458229","7.0504136994458229","","","0","7.05041e-09","bestanden"
"S10.TE.SBJ.PRE.VB.X","DETERM","5.0738983478627597","5.0738983478627597","","","0","5.0739e-09","bestanden"
"S10.TE.SBJ.PRE.VC.X","DETERM","6.364896288385598","6.3648962883855980","","","0","6.3649e-09","bestanden"
"S10.TE.Z05.POST.ALL.X","DETERM","0.039666401694928459","0.039666401694928459","","","0","1e-09","bestanden"
"S10.TE.Z05.POST.VA.X","DETERM","0.037825510317366876","0.037825510317366876","","","0","1e-09","bestanden"
"S10.TE.Z05.POST.VB.X","DETERM","0.017861904127153386","0.017861904127153386","","","0","1e-09","bestanden"
"S10.TE.Z05.POST.VC.X","DETERM","0.059287435431126592","0.059287435431126592","","","0","1e-09","bestanden"
"S10.TE.Z05.PRE.ALL.X","DETERM","0.046234773936807042","0.046234773936807042","","","0","1e-09","bestanden"
"S10.TE.Z05.PRE.VA.X","DETERM","0.049020713000019721","0.049020713000019721","","","0","1e-09","bestanden"
"S10.TE.Z05.PRE.VB.X","DETERM","0.034267220842117058","0.034267220842117058","","","0","1e-09","bestanden"
"S10.TE.Z05.PRE.VC.X","DETERM","0.060608030271023738","0.060608030271023738","","","0","1e-09","bestanden"
"S10.TE.Z10.POST.ALL.X","DETERM","0.050207901104640219","0.050207901104640219","","","0","1e-09","bestanden"
"S10.TE.Z10.POST.VA.X","DETERM","0.028889710704944498","0.028889710704944498","","","0","1e-09","bestanden"
"S10.TE.Z10.POST.VB.X","DETERM","","","zu wenige Werte","zu wenige Werte","","","bestanden (beide fehlend, gleicher Grund)"
"S10.TE.Z10.POST.VC.X","DETERM","0.075182318083316296","0.075182318083316296","","","0","1e-09","bestanden"
"S10.TE.Z10.PRE.ALL.X","DETERM","0.036937133779597085","0.036937133779597085","","","0","1e-09","bestanden"
"S10.TE.Z10.PRE.VA.X","DETERM","0.037899388337592432","0.037899388337592432","","","0","1e-09","bestanden"
"S10.TE.Z10.PRE.VB.X","DETERM","0.027830016240052168","0.027830016240052168","","","0","1e-09","bestanden"
"S10.TE.Z10.PRE.VC.X","DETERM","0.050187149749711842","0.050187149749711842","","","0","1e-09","bestanden"
"S10.TE.Z30.POST.ALL.X","DETERM","0.090350195875475756","0.090350195875475756","","","0","1e-09","bestanden"
"S10.TE.Z30.POST.VA.X","DETERM","0.12149947000757323","0.12149947000757323","","","0","1e-09","bestanden"
"S10.TE.Z30.POST.VB.X","DETERM","0.034330328116279743","0.034330328116279743","","","0","1e-09","bestanden"
"S10.TE.Z30.POST.VC.X","DETERM","0.10050513445233558","0.10050513445233558","","","0","1e-09","bestanden"
"S10.TE.Z30.PRE.ALL.X","DETERM","0.077491706259490062","0.077491706259490062","","","0","1e-09","bestanden"
"S10.TE.Z30.PRE.VA.X","DETERM","0.04746343621966042","0.047463436219660426","","","6.93889e-18","1e-09","bestanden"
"S10.TE.Z30.PRE.VB.X","DETERM","0.05146862741363064","0.051468627413630640","","","0","1e-09","bestanden"
"S10.TE.Z30.PRE.VC.X","DETERM","0.10805519851412022","0.10805519851412022","","","0","1e-09","bestanden"
"S10.TEHI.CL.POST.ALL.X","DETERM","0.075779579599506389","0.075779579599506403","","","1.38778e-17","1e-09","bestanden"
"S10.TEHI.CL.PRE.ALL.X","DETERM","0.12167312331278596","0.12167312331278593","","","-2.77556e-17","1e-09","bestanden"
"S10.TEHI.CM.POST.ALL.X","DETERM","0.067496196122611443","0.067496196122611443","","","0","1e-09","bestanden"
"S10.TEHI.CM.PRE.ALL.X","DETERM","0.078386903268565469","0.078386903268565483","","","1.38778e-17","1e-09","bestanden"
"S10.TEHI.CR.POST.ALL.X","DETERM","0.11345251738079319","0.11345251738079319","","","0","1e-09","bestanden"
"S10.TEHI.CR.PRE.ALL.X","DETERM","0.11077735050412872","0.11077735050412871","","","-1.38778e-17","1e-09","bestanden"
"S10.TEHI.SBJ.POST.ALL.X","DETERM","9.1970626018250563","9.1970626018250545","","","-1.77636e-15","9.19706e-09","bestanden"
"S10.TEHI.SBJ.PRE.ALL.X","DETERM","7.8400197704585768","7.8400197704585768","","","0","7.84002e-09","bestanden"
"S10.TEHI.Z05.POST.ALL.X","DETERM","0.051318298341222958","0.051318298341222958","","","0","1e-09","bestanden"
"S10.TEHI.Z05.PRE.ALL.X","DETERM","0.062931840788251106","0.062931840788251106","","","0","1e-09","bestanden"
"S10.TEHI.Z10.POST.ALL.X","DETERM","0.0725036981414168","0.072503698141416786","","","-1.38778e-17","1e-09","bestanden"
"S10.TEHI.Z10.PRE.ALL.X","DETERM","0.047979878825559","0.047979878825558993","","","-6.93889e-18","1e-09","bestanden"
"S10.TEHI.Z30.POST.ALL.X","DETERM","0.11644136581685791","0.11644136581685791","","","0","1e-09","bestanden"
"S10.TEHI.Z30.PRE.ALL.X","DETERM","0.097064589703747373","0.097064589703747386","","","1.38778e-17","1e-09","bestanden"
"S10.TELO.CL.POST.ALL.X","DETERM","0.040796699094122965","0.040796699094122972","","","6.93889e-18","1e-09","bestanden"
"S10.TELO.CL.PRE.ALL.X","DETERM","0.069919272960127371","0.069919272960127371","","","0","1e-09","bestanden"
"S10.TELO.CM.POST.ALL.X","DETERM","0.029320619142108161","0.029320619142108165","","","3.46945e-18","1e-09","bestanden"
"S10.TELO.CM.PRE.ALL.X","DETERM","0.042200378023588558","0.042200378023588565","","","6.93889e-18","1e-09","bestanden"
"S10.TELO.CR.POST.ALL.X","DETERM","0.052667336310750143","0.052667336310750143","","","0","1e-09","bestanden"
"S10.TELO.CR.PRE.ALL.X","DETERM","0.066226729047673752","0.066226729047673752","","","0","1e-09","bestanden"
"S10.TELO.SBJ.POST.ALL.X","DETERM","5.2850778625554566","5.2850778625554566","","","0","5.28508e-09","bestanden"
"S10.TELO.SBJ.PRE.ALL.X","DETERM","5.0588000640398931","5.0588000640398931","","","0","5.0588e-09","bestanden"
"S10.TELO.Z05.POST.ALL.X","DETERM","0.03233858124270142","0.032338581242701427","","","6.93889e-18","1e-09","bestanden"
"S10.TELO.Z05.PRE.ALL.X","DETERM","0.036554120560580737","0.036554120560580737","","","0","1e-09","bestanden"
"S10.TELO.Z10.POST.ALL.X","DETERM","0.038412013516665108","0.038412013516665108","","","0","1e-09","bestanden"
"S10.TELO.Z10.PRE.ALL.X","DETERM","0.030037665712638328","0.030037665712638328","","","0","1e-09","bestanden"
"S10.TELO.Z30.POST.ALL.X","DETERM","0.073838328891257646","0.073838328891257632","","","-1.38778e-17","1e-09","bestanden"
"S10.TELO.Z30.PRE.ALL.X","DETERM","0.064509427589035329","0.064509427589035329","","","0","1e-09","bestanden"
"S11.DMEAN.CL.POST.ALL.X","DETERM","","","zu wenige Werte","zu wenige Werte","","","bestanden (beide fehlend, gleicher Grund)"
"S11.DMEAN.CL.PRE.ALL.X","DETERM","-0.032499999999999973","-0.032499999999999973","","","0","1e-09","bestanden"
"S11.DMEAN.CR.POST.ALL.X","DETERM","","","zu wenige Werte","zu wenige Werte","","","bestanden (beide fehlend, gleicher Grund)"
"S11.DMEAN.CR.PRE.ALL.X","DETERM","-0.074999999999999956","-0.074999999999999956","","","0","1e-09","bestanden"
"S11.DMEAN.SBJ.POST.ALL.X","DETERM","0.33333333333333337","0.33333333333333337","","","0","1e-09","bestanden"
"S11.DMEAN.SBJ.PRE.ALL.X","DETERM","0.75","0.75000000000000000","","","0","1e-09","bestanden"
"S11.DMEAN.Z05.POST.ALL.X","DETERM","-0.0058333333333333388","-0.0058333333333333388","","","0","1e-09","bestanden"
"S11.DMEAN.Z05.PRE.ALL.X","DETERM","-0.028333333333333339","-0.028333333333333339","","","0","1e-09","bestanden"
"S11.DMEAN.Z10.POST.ALL.X","DETERM","-0.018571428571428555","-0.018571428571428555","","","0","1e-09","bestanden"
"S11.DMEAN.Z10.PRE.ALL.X","DETERM","-0.0050000000000000044","-0.0050000000000000044","","","0","1e-09","bestanden"
"S11.DMEAN.Z30.POST.ALL.X","DETERM","-0.0074999999999999884","-0.0074999999999999884","","","0","1e-09","bestanden"
"S11.DMEAN.Z30.PRE.ALL.X","DETERM","-0.015882352941176445","-0.015882352941176445","","","0","1e-09","bestanden"
"S11.DSESOI.CL.POST.ALL.X","DETERM","","","Eingang fehlt","Eingang fehlt","","","bestanden (beide fehlend, gleicher Grund)"
"S11.DSESOI.CL.PRE.ALL.X","DETERM","-1.4255839620369921","-1.4255839620369921","","","0","1.42558e-09","bestanden"
"S11.DSESOI.CR.POST.ALL.X","DETERM","","","Eingang fehlt","Eingang fehlt","","","bestanden (beide fehlend, gleicher Grund)"
"S11.DSESOI.CR.PRE.ALL.X","DETERM","-3.2150744690965616","-3.2150744690965616","","","0","3.21507e-09","bestanden"
"S11.DSESOI.SBJ.POST.ALL.X","DETERM","0.10831437997511145","0.10831437997511145","","","0","1e-09","bestanden"
"S11.DSESOI.SBJ.PRE.ALL.X","DETERM","0.22596922689443352","0.22596922689443352","","","0","1e-09","bestanden"
"S11.DSESOI.Z05.POST.ALL.X","DETERM","-0.44971599906581999","-0.44971599906581999","","","0","1e-09","bestanden"
"S11.DSESOI.Z05.PRE.ALL.X","DETERM","-1.7881759081898263","-1.7881759081898263","","","0","1.78818e-09","bestanden"
"S11.DSESOI.Z10.POST.ALL.X","DETERM","-0.96719262842723919","-0.96719262842723919","","","0","1e-09","bestanden"
"S11.DSESOI.Z10.PRE.ALL.X","DETERM","-0.23301076015418529","-0.23301076015418529","","","0","1e-09","bestanden"
"S11.DSESOI.Z30.POST.ALL.X","DETERM","-0.13901362733023495","-0.13901362733023495","","","0","1e-09","bestanden"
"S11.DSESOI.Z30.PRE.ALL.X","DETERM","-0.25350196516137902","-0.25350196516137902","","","0","1e-09","bestanden"
"S11.N.CL.POST.ALL.X","EXAKT","0","0","","","0","0","bestanden"
"S11.N.CL.PRE.ALL.X","EXAKT","4","4","","","0","0","bestanden"
"S11.N.CR.POST.ALL.X","EXAKT","0","0","","","0","0","bestanden"
"S11.N.CR.PRE.ALL.X","EXAKT","4","4","","","0","0","bestanden"
"S11.N.SBJ.POST.ALL.X","EXAKT","3","3","","","0","0","bestanden"
"S11.N.SBJ.PRE.ALL.X","EXAKT","12","12","","","0","0","bestanden"
"S11.N.Z05.POST.ALL.X","EXAKT","12","12","","","0","0","bestanden"
"S11.N.Z05.PRE.ALL.X","EXAKT","6","6","","","0","0","bestanden"
"S11.N.Z10.POST.ALL.X","EXAKT","7","7","","","0","0","bestanden"
"S11.N.Z10.PRE.ALL.X","EXAKT","10","10","","","0","0","bestanden"
"S11.N.Z30.POST.ALL.X","EXAKT","12","12","","","0","0","bestanden"
"S11.N.Z30.PRE.ALL.X","EXAKT","17","17","","","0","0","bestanden"
"S12.D.CL.PRE.BASE.HAUPT","DETERM","-0.7035549239048805","-0.70355492390488050","","","0","1e-09","bestanden"
"S12.D.CL.PRE.ITT.HAUPT","DETERM","-0.82920202310557101","-0.82920202310557101","","","0","1e-09","bestanden"
"S12.D.CM.PRE.BASE.HAUPT","DETERM","-0.59656701604136497","-0.59656701604136497","","","0","1e-09","bestanden"
"S12.D.CM.PRE.ITT.HAUPT","DETERM","-0.6850776193843553","-0.68507761938435530","","","0","1e-09","bestanden"
"S12.D.CR.PRE.BASE.HAUPT","DETERM","-0.16566840307738701","-0.16566840307738701","","","0","1e-09","bestanden"
"S12.D.CR.PRE.ITT.HAUPT","DETERM","-0.30237503591771087","-0.30237503591771087","","","0","1e-09","bestanden"
"S12.D.SBJ.PRE.BASE.HAUPT","DETERM","0.83626209683582053","0.83626209683582053","","","0","1e-09","bestanden"
"S12.D.SBJ.PRE.ITT.HAUPT","DETERM","0.69616400647951437","0.69616400647951437","","","0","1e-09","bestanden"
"S12.D.Z05.PRE.BASE.HAUPT","DETERM","-1.2206094853436651","-1.2206094853436651","","","0","1.22061e-09","bestanden"
"S12.D.Z05.PRE.ITT.HAUPT","DETERM","-1.1540204619054364","-1.1540204619054364","","","0","1.15402e-09","bestanden"
"S12.D.Z10.PRE.BASE.HAUPT","DETERM","-1.293630609609286","-1.2936306096092860","","","0","1.29363e-09","bestanden"
"S12.D.Z10.PRE.ITT.HAUPT","DETERM","-2.2339557867629631","-2.2339557867629631","","","0","2.23396e-09","bestanden"
"S12.D.Z30.PRE.BASE.HAUPT","DETERM","-1.6824197398383967","-1.6824197398383967","","","0","1.68242e-09","bestanden"
"S12.D.Z30.PRE.ITT.HAUPT","DETERM","-1.6404846413033678","-1.6404846413033678","","","0","1.64048e-09","bestanden"
"S12.M.AGE.PRE.ANAIG.X","DETERM","15.097535934291582","15.097535934291582","","","0","1.50975e-08","bestanden"
"S12.M.AGE.PRE.ANAKG.X","DETERM","14.08268309377139","14.082683093771390","","","0","1.40827e-08","bestanden"
"S12.M.CL.POST.ITTIG.HAUPT","DETERM","2.4546666666666668","2.4546666666666668","","","0","2.45467e-09","bestanden"
"S12.M.CL.POST.ITTKG.HAUPT","DETERM","2.5070000000000001","2.5070000000000001","","","0","2.507e-09","bestanden"
"S12.M.CL.PRE.IG.HAUPT","DETERM","2.4664705882352944","2.4664705882352944","","","0","2.46647e-09","bestanden"
"S12.M.CL.PRE.ITTIG.HAUPT","DETERM","2.4546666666666668","2.4546666666666668","","","0","2.45467e-09","bestanden"
"S12.M.CL.PRE.ITTKG.HAUPT","DETERM","2.5419999999999998","2.5419999999999998","","","0","2.542e-09","bestanden"
"S12.M.CL.PRE.KG.HAUPT","DETERM","2.5433333333333334","2.5433333333333334","","","0","2.54333e-09","bestanden"
"S12.M.CM.POST.ITTIG.HAUPT","DETERM","2.4715384615384615","2.4715384615384615","","","0","2.47154e-09","bestanden"
"S12.M.CM.POST.ITTKG.HAUPT","DETERM","2.532","2.5320000000000000","","","0","2.532e-09","bestanden"
"S12.M.CM.PRE.IG.HAUPT","DETERM","2.4665625000000002","2.4665625000000002","","","0","2.46656e-09","bestanden"
"S12.M.CM.PRE.ITTIG.HAUPT","DETERM","2.4557692307692309","2.4557692307692309","","","0","2.45577e-09","bestanden"
"S12.M.CM.PRE.ITTKG.HAUPT","DETERM","2.5255000000000001","2.5255000000000001","","","0","2.5255e-09","bestanden"
"S12.M.CM.PRE.KG.HAUPT","DETERM","2.5249999999999999","2.5249999999999999","","","0","2.525e-09","bestanden"
"S12.M.CR.POST.ITTIG.HAUPT","DETERM","2.4828571428571431","2.4828571428571431","","","0","2.48286e-09","bestanden"
"S12.M.CR.POST.ITTKG.HAUPT","DETERM","2.5569999999999999","2.5569999999999999","","","0","2.557e-09","bestanden"
"S12.M.CR.PRE.IG.HAUPT","DETERM","2.4770588235294118","2.4770588235294118","","","0","2.47706e-09","bestanden"
"S12.M.CR.PRE.ITTIG.HAUPT","DETERM","2.4714285714285715","2.4714285714285715","","","0","2.47143e-09","bestanden"
"S12.M.CR.PRE.ITTKG.HAUPT","DETERM","2.5089999999999999","2.5089999999999999","","","0","2.509e-09","bestanden"
"S12.M.CR.PRE.KG.HAUPT","DETERM","2.4966666666666666","2.4966666666666666","","","0","2.49667e-09","bestanden"
"S12.M.HGT.PRE.ANAIG.X","DETERM","173.875","173.87500000000000","","","0","1.73875e-07","bestanden"
"S12.M.HGT.PRE.ANAKG.X","DETERM","168.69999999999999","168.69999999999999","","","0","1.687e-07","bestanden"
"S12.M.MASS.PRE.ANAIG.X","DETERM","60.78125","60.781250000000000","","","0","6.07813e-08","bestanden"
"S12.M.MASS.PRE.ANAKG.X","DETERM","53.340000000000003","53.340000000000003","","","0","5.334e-08","bestanden"
"S12.M.PAH.PRE.ANAIG.X","DETERM","94.740153451538944","94.740153451538944","","","0","9.47402e-08","bestanden"
"S12.M.PAH.PRE.ANAKG.X","DETERM","90.495091206046226","90.495091206046226","","","0","9.04951e-08","bestanden"
"S12.M.SBJ.POST.ITTIG.HAUPT","DETERM","233.3125","233.31250000000000","","","0","2.33313e-07","bestanden"
"S12.M.SBJ.POST.ITTKG.HAUPT","DETERM","223.19999999999999","223.19999999999999","","","0","2.232e-07","bestanden"
"S12.M.SBJ.PRE.IG.HAUPT","DETERM","237.44444444444446","237.44444444444446","","","0","2.37444e-07","bestanden"
"S12.M.SBJ.PRE.ITTIG.HAUPT","DETERM","237.75","237.75000000000000","","","0","2.3775e-07","bestanden"
"S12.M.SBJ.PRE.ITTKG.HAUPT","DETERM","226.40000000000001","226.40000000000001","","","0","2.264e-07","bestanden"
"S12.M.SBJ.PRE.KG.HAUPT","DETERM","224.46153846153845","224.46153846153845","","","0","2.24462e-07","bestanden"
"S12.M.Z05.POST.ITTIG.HAUPT","DETERM","1.076875","1.0768750000000000","","","0","1.07688e-09","bestanden"
"S12.M.Z05.POST.ITTKG.HAUPT","DETERM","1.1742857142857142","1.1742857142857142","","","0","1.17429e-09","bestanden"
"S12.M.Z05.PRE.IG.HAUPT","DETERM","1.0511111111111111","1.0511111111111111","","","0","1.05111e-09","bestanden"
"S12.M.Z05.PRE.ITTIG.HAUPT","DETERM","1.0462500000000001","1.0462500000000001","","","0","1.04625e-09","bestanden"
"S12.M.Z05.PRE.ITTKG.HAUPT","DETERM","1.1285714285714286","1.1285714285714286","","","0","1.12857e-09","bestanden"
"S12.M.Z05.PRE.KG.HAUPT","DETERM","1.13625","1.1362500000000000","","","0","1.13625e-09","bestanden"
"S12.M.Z10.POST.ITTIG.HAUPT","DETERM","1.8671428571428572","1.8671428571428572","","","0","1.86714e-09","bestanden"
"S12.M.Z10.POST.ITTKG.HAUPT","DETERM","1.976","1.9760000000000000","","","0","1.976e-09","bestanden"
"S12.M.Z10.PRE.IG.HAUPT","DETERM","1.8483333333333334","1.8483333333333334","","","0","1.84833e-09","bestanden"
"S12.M.Z10.PRE.ITTIG.HAUPT","DETERM","1.77","1.7700000000000000","","","0","1.77e-09","bestanden"
"S12.M.Z10.PRE.ITTKG.HAUPT","DETERM","1.952","1.9520000000000000","","","0","1.952e-09","bestanden"
"S12.M.Z10.PRE.KG.HAUPT","DETERM","1.9661538461538461","1.9661538461538461","","","0","1.96615e-09","bestanden"
"S12.M.Z30.POST.ITTIG.HAUPT","DETERM","4.5662500000000001","4.5662500000000001","","","0","4.56625e-09","bestanden"
"S12.M.Z30.POST.ITTKG.HAUPT","DETERM","4.8929999999999998","4.8929999999999998","","","0","4.893e-09","bestanden"
"S12.M.Z30.PRE.IG.HAUPT","DETERM","4.525555555555556","4.5255555555555560","","","0","4.52556e-09","bestanden"
"S12.M.Z30.PRE.ITTIG.HAUPT","DETERM","4.5106250000000001","4.5106250000000001","","","0","4.51063e-09","bestanden"
"S12.M.Z30.PRE.ITTKG.HAUPT","DETERM","4.8940000000000001","4.8940000000000001","","","0","4.894e-09","bestanden"
"S12.M.Z30.PRE.KG.HAUPT","DETERM","4.9323076923076927","4.9323076923076927","","","0","4.93231e-09","bestanden"
"S12.N.AGE.PRE.ANAIG.X","EXAKT","16","16","","","0","0","bestanden"
"S12.N.AGE.PRE.ANAKG.X","EXAKT","10","10","","","0","0","bestanden"
"S12.N.CL.POST.ITTIG.HAUPT","EXAKT","15","15","","","0","0","bestanden"
"S12.N.CL.POST.ITTKG.HAUPT","EXAKT","10","10","","","0","0","bestanden"
"S12.N.CL.PRE.IG.HAUPT","EXAKT","17","17","","","0","0","bestanden"
"S12.N.CL.PRE.ITTIG.HAUPT","EXAKT","15","15","","","0","0","bestanden"
"S12.N.CL.PRE.ITTKG.HAUPT","EXAKT","10","10","","","0","0","bestanden"
"S12.N.CL.PRE.KG.HAUPT","EXAKT","12","12","","","0","0","bestanden"
"S12.N.CM.POST.ITTIG.HAUPT","EXAKT","13","13","","","0","0","bestanden"
"S12.N.CM.POST.ITTKG.HAUPT","EXAKT","10","10","","","0","0","bestanden"
"S12.N.CM.PRE.IG.HAUPT","EXAKT","16","16","","","0","0","bestanden"
"S12.N.CM.PRE.ITTIG.HAUPT","EXAKT","13","13","","","0","0","bestanden"
"S12.N.CM.PRE.ITTKG.HAUPT","EXAKT","10","10","","","0","0","bestanden"
"S12.N.CM.PRE.KG.HAUPT","EXAKT","11","11","","","0","0","bestanden"
"S12.N.CR.POST.ITTIG.HAUPT","EXAKT","14","14","","","0","0","bestanden"
"S12.N.CR.POST.ITTKG.HAUPT","EXAKT","10","10","","","0","0","bestanden"
"S12.N.CR.PRE.IG.HAUPT","EXAKT","17","17","","","0","0","bestanden"
"S12.N.CR.PRE.ITTIG.HAUPT","EXAKT","14","14","","","0","0","bestanden"
"S12.N.CR.PRE.ITTKG.HAUPT","EXAKT","10","10","","","0","0","bestanden"
"S12.N.CR.PRE.KG.HAUPT","EXAKT","12","12","","","0","0","bestanden"
"S12.N.HGT.PRE.ANAIG.X","EXAKT","16","16","","","0","0","bestanden"
"S12.N.HGT.PRE.ANAKG.X","EXAKT","10","10","","","0","0","bestanden"
"S12.N.MASS.PRE.ANAIG.X","EXAKT","16","16","","","0","0","bestanden"
"S12.N.MASS.PRE.ANAKG.X","EXAKT","10","10","","","0","0","bestanden"
"S12.N.PAH.PRE.ANAIG.X","EXAKT","16","16","","","0","0","bestanden"
"S12.N.PAH.PRE.ANAKG.X","EXAKT","10","10","","","0","0","bestanden"
"S12.N.SBJ.POST.ITTIG.HAUPT","EXAKT","16","16","","","0","0","bestanden"
"S12.N.SBJ.POST.ITTKG.HAUPT","EXAKT","10","10","","","0","0","bestanden"
"S12.N.SBJ.PRE.IG.HAUPT","EXAKT","18","18","","","0","0","bestanden"
"S12.N.SBJ.PRE.ITTIG.HAUPT","EXAKT","16","16","","","0","0","bestanden"
"S12.N.SBJ.PRE.ITTKG.HAUPT","EXAKT","10","10","","","0","0","bestanden"
"S12.N.SBJ.PRE.KG.HAUPT","EXAKT","13","13","","","0","0","bestanden"
"S12.N.Z05.POST.ITTIG.HAUPT","EXAKT","16","16","","","0","0","bestanden"
"S12.N.Z05.POST.ITTKG.HAUPT","EXAKT","7","7","","","0","0","bestanden"
"S12.N.Z05.PRE.IG.HAUPT","EXAKT","18","18","","","0","0","bestanden"
"S12.N.Z05.PRE.ITTIG.HAUPT","EXAKT","16","16","","","0","0","bestanden"
"S12.N.Z05.PRE.ITTKG.HAUPT","EXAKT","7","7","","","0","0","bestanden"
"S12.N.Z05.PRE.KG.HAUPT","EXAKT","8","8","","","0","0","bestanden"
"S12.N.Z10.POST.ITTIG.HAUPT","EXAKT","7","7","","","0","0","bestanden"
"S12.N.Z10.POST.ITTKG.HAUPT","EXAKT","10","10","","","0","0","bestanden"
"S12.N.Z10.PRE.IG.HAUPT","EXAKT","18","18","","","0","0","bestanden"
"S12.N.Z10.PRE.ITTIG.HAUPT","EXAKT","7","7","","","0","0","bestanden"
"S12.N.Z10.PRE.ITTKG.HAUPT","EXAKT","10","10","","","0","0","bestanden"
"S12.N.Z10.PRE.KG.HAUPT","EXAKT","13","13","","","0","0","bestanden"
"S12.N.Z30.POST.ITTIG.HAUPT","EXAKT","16","16","","","0","0","bestanden"
"S12.N.Z30.POST.ITTKG.HAUPT","EXAKT","10","10","","","0","0","bestanden"
"S12.N.Z30.PRE.IG.HAUPT","EXAKT","18","18","","","0","0","bestanden"
"S12.N.Z30.PRE.ITTIG.HAUPT","EXAKT","16","16","","","0","0","bestanden"
"S12.N.Z30.PRE.ITTKG.HAUPT","EXAKT","10","10","","","0","0","bestanden"
"S12.N.Z30.PRE.KG.HAUPT","EXAKT","13","13","","","0","0","bestanden"
"S12.NFAM1.FAM.PRE.IG.X","EXAKT","10","10","","","0","0","bestanden"
"S12.NFAM1.FAM.PRE.KG.X","EXAKT","0","0","","","0","0","bestanden"
"S12.NFAM2.FAM.PRE.IG.X","EXAKT","8","8","","","0","0","bestanden"
"S12.NFAM2.FAM.PRE.KG.X","EXAKT","13","13","","","0","0","bestanden"
"S12.NFAMNA.FAM.PRE.IG.X","EXAKT","0","0","","","0","0","bestanden"
"S12.NFAMNA.FAM.PRE.KG.X","EXAKT","0","0","","","0","0","bestanden"
"S12.SD.AGE.PRE.ANAIG.X","DETERM","0.26106499549254425","0.26106499549254425","","","0","1e-09","bestanden"
"S12.SD.AGE.PRE.ANAKG.X","DETERM","0.31116102128380552","0.31116102128380552","","","0","1e-09","bestanden"
"S12.SD.CL.POST.ITTIG.HAUPT","DETERM","0.079719747210073993","0.079719747210073993","","","0","1e-09","bestanden"
"S12.SD.CL.POST.ITTKG.HAUPT","DETERM","0.13250157231771498","0.13250157231771498","","","0","1e-09","bestanden"
"S12.SD.CL.PRE.IG.HAUPT","DETERM","0.10752564673547585","0.10752564673547585","","","0","1e-09","bestanden"
"S12.SD.CL.PRE.ITTIG.HAUPT","DETERM","0.094556609398562794","0.094556609398562794","","","0","1e-09","bestanden"
"S12.SD.CL.PRE.ITTKG.HAUPT","DETERM","0.1201665510863984","0.12016655108639840","","","0","1e-09","bestanden"
"S12.SD.CL.PRE.KG.HAUPT","DETERM","0.11170849510573434","0.11170849510573434","","","0","1e-09","bestanden"
"S12.SD.CM.POST.ITTIG.HAUPT","DETERM","0.080580824212521135","0.080580824212521135","","","0","1e-09","bestanden"
"S12.SD.CM.POST.ITTKG.HAUPT","DETERM","0.11804424782446808","0.11804424782446808","","","0","1e-09","bestanden"
"S12.SD.CM.PRE.IG.HAUPT","DETERM","0.09285685668454069","0.092856856684540690","","","0","1e-09","bestanden"
"S12.SD.CM.PRE.ITTIG.HAUPT","DETERM","0.094446769704909964","0.094446769704909964","","","0","1e-09","bestanden"
"S12.SD.CM.PRE.ITTKG.HAUPT","DETERM","0.11081641474879872","0.11081641474879872","","","0","1e-09","bestanden"
"S12.SD.CM.PRE.KG.HAUPT","DETERM","0.1051427600931229","0.10514276009312290","","","0","1e-09","bestanden"
"S12.SD.CR.POST.ITTIG.HAUPT","DETERM","0.11451762185046334","0.11451762185046334","","","0","1e-09","bestanden"
"S12.SD.CR.POST.ITTKG.HAUPT","DETERM","0.12055888372262098","0.12055888372262098","","","0","1e-09","bestanden"
"S12.SD.CR.PRE.IG.HAUPT","DETERM","0.11060993998519937","0.11060993998519937","","","0","1e-09","bestanden"
"S12.SD.CR.PRE.ITTIG.HAUPT","DETERM","0.12177262183500617","0.12177262183500617","","","0","1e-09","bestanden"
"S12.SD.CR.PRE.ITTKG.HAUPT","DETERM","0.12775410408715299","0.12775410408715299","","","0","1e-09","bestanden"
"S12.SD.CR.PRE.KG.HAUPT","DETERM","0.12879393925134364","0.12879393925134364","","","0","1e-09","bestanden"
"S12.SD.HGT.PRE.ANAIG.X","DETERM","10.670051546267244","10.670051546267244","","","0","1.06701e-08","bestanden"
"S12.SD.HGT.PRE.ANAKG.X","DETERM","6.6340870593557257","6.6340870593557257","","","0","6.63409e-09","bestanden"
"S12.SD.MASS.PRE.ANAIG.X","DETERM","10.057648416338019","10.057648416338019","","","0","1.00576e-08","bestanden"
"S12.SD.MASS.PRE.ANAKG.X","DETERM","7.5343952053971206","7.5343952053971206","","","0","7.5344e-09","bestanden"
"S12.SD.PAH.PRE.ANAIG.X","DETERM","2.7665338027787976","2.7665338027787976","","","0","2.76653e-09","bestanden"
"S12.SD.PAH.PRE.ANAKG.X","DETERM","2.7255734088945367","2.7255734088945367","","","0","2.72557e-09","bestanden"
"S12.SD.SBJ.POST.ITTIG.HAUPT","DETERM","13.931828068610857","13.931828068610857","","","0","1.39318e-08","bestanden"
"S12.SD.SBJ.POST.ITTKG.HAUPT","DETERM","17.028081382103959","17.028081382103959","","","0","1.70281e-08","bestanden"
"S12.SD.SBJ.PRE.IG.HAUPT","DETERM","12.84396045857499","12.843960458574990","","","0","1.2844e-08","bestanden"
"S12.SD.SBJ.PRE.ITTIG.HAUPT","DETERM","12.917688131653692","12.917688131653692","","","0","1.29177e-08","bestanden"
"S12.SD.SBJ.PRE.ITTKG.HAUPT","DETERM","20.753580681682646","20.753580681682646","","","0","2.07536e-08","bestanden"
"S12.SD.SBJ.PRE.KG.HAUPT","DETERM","18.675364274070553","18.675364274070553","","","0","1.86754e-08","bestanden"
"S12.SD.Z05.POST.ITTIG.HAUPT","DETERM","0.041588259561243145","0.041588259561243145","","","0","1e-09","bestanden"
"S12.SD.Z05.POST.ITTKG.HAUPT","DETERM","0.038234863173611133","0.038234863173611133","","","0","1e-09","bestanden"
"S12.SD.Z05.PRE.IG.HAUPT","DETERM","0.078881063774661545","0.078881063774661545","","","0","1e-09","bestanden"
"S12.SD.Z05.PRE.ITTIG.HAUPT","DETERM","0.081312155712824796","0.081312155712824796","","","0","1e-09","bestanden"
"S12.SD.Z05.PRE.ITTKG.HAUPT","DETERM","0.035790395093549546","0.035790395093549546","","","0","1e-09","bestanden"
"S12.SD.Z05.PRE.KG.HAUPT","DETERM","0.039618718519695346","0.039618718519695346","","","0","1e-09","bestanden"
"S12.SD.Z10.POST.ITTIG.HAUPT","DETERM","0.06969320524371693","0.069693205243716930","","","0","1e-09","bestanden"
"S12.SD.Z10.POST.ITTKG.HAUPT","DETERM","0.080166493416306189","0.080166493416306189","","","0","1e-09","bestanden"
"S12.SD.Z10.PRE.IG.HAUPT","DETERM","0.098054606635042618","0.098054606635042618","","","0","1e-09","bestanden"
"S12.SD.Z10.PRE.ITTIG.HAUPT","DETERM","0.075938571665963517","0.075938571665963517","","","0","1e-09","bestanden"
"S12.SD.Z10.PRE.ITTKG.HAUPT","DETERM","0.084957505717727907","0.084957505717727907","","","0","1e-09","bestanden"
"S12.SD.Z10.PRE.KG.HAUPT","DETERM","0.080160096217763002","0.080160096217763002","","","0","1e-09","bestanden"
"S12.SD.Z30.POST.ITTIG.HAUPT","DETERM","0.18416930616509722","0.18416930616509722","","","0","1e-09","bestanden"
"S12.SD.Z30.POST.ITTKG.HAUPT","DETERM","0.23494916707899","0.23494916707899000","","","0","1e-09","bestanden"
"S12.SD.Z30.PRE.IG.HAUPT","DETERM","0.23485219938411386","0.23485219938411386","","","0","1e-09","bestanden"
"S12.SD.Z30.PRE.ITTIG.HAUPT","DETERM","0.20872529793966044","0.20872529793966044","","","0","1e-09","bestanden"
"S12.SD.Z30.PRE.ITTKG.HAUPT","DETERM","0.27023446609688168","0.27023446609688168","","","0","1e-09","bestanden"
"S12.SD.Z30.PRE.KG.HAUPT","DETERM","0.25123540906733433","0.25123540906733433","","","0","1e-09","bestanden"
"S13.AMIG.CM.X.ITT.HAUPT","DETERM","2.492577646133697","2.4925776461336984","","","1.33227e-15","2.49258e-09","bestanden"
"S13.AMIG.SBJ.X.ITT.HAUPT","DETERM","229.39636918439606","229.39636918439626","","","1.98952e-13","2.29396e-07","bestanden"
"S13.AMIG.Z30.X.ITT.HAUPT","DETERM","4.6748053155478733","4.6748053155478742","","","8.88178e-16","4.67481e-09","bestanden"
"S13.AMIGO.CM.X.ITT.HAUPT","DETERM","2.5354826101310346","2.5354826101310315","","","-3.10862e-15","2.53548e-09","bestanden"
"S13.AMIGO.SBJ.X.ITT.HAUPT","DETERM","234.08548398287161","234.08548398287246","","","8.52651e-13","2.34085e-07","bestanden"
"S13.AMIGO.Z30.X.ITT.HAUPT","DETERM","4.7543624880970565","4.7543624880970610","","","4.44089e-15","4.75436e-09","bestanden"
"S13.AMIGU.CM.X.ITT.HAUPT","DETERM","2.4496726821363595","2.4496726821363652","","","5.77316e-15","2.44967e-09","bestanden"
"S13.AMIGU.SBJ.X.ITT.HAUPT","DETERM","224.70725438592052","224.70725438592007","","","-4.54747e-13","2.24707e-07","bestanden"
"S13.AMIGU.Z30.X.ITT.HAUPT","DETERM","4.59524814299869","4.5952481429986873","","","-2.66454e-15","4.59525e-09","bestanden"
"S13.AMKG.CM.X.ITT.HAUPT","DETERM","2.5046490600261926","2.5046490600261930","","","4.44089e-16","2.50465e-09","bestanden"
"S13.AMKG.SBJ.X.ITT.HAUPT","DETERM","229.46580930496617","229.46580930496623","","","5.68434e-14","2.29466e-07","bestanden"
"S13.AMKG.Z30.X.ITT.HAUPT","DETERM","4.7193114951234039","4.7193114951234030","","","-8.88178e-16","4.71931e-09","bestanden"
"S13.AMKGO.CM.X.ITT.HAUPT","DETERM","2.5550757994484403","2.5550757994484368","","","-3.55271e-15","2.55508e-09","bestanden"
"S13.AMKGO.SBJ.X.ITT.HAUPT","DETERM","235.7293599619845","235.72935996198467","","","1.7053e-13","2.35729e-07","bestanden"
"S13.AMKGO.Z30.X.ITT.HAUPT","DETERM","4.8282018134016447","4.8282018134016447","","","0","4.8282e-09","bestanden"
"S13.AMKGU.CM.X.ITT.HAUPT","DETERM","2.4542223206039449","2.4542223206039493","","","4.44089e-15","2.45422e-09","bestanden"
"S13.AMKGU.SBJ.X.ITT.HAUPT","DETERM","223.20225864794784","223.20225864794779","","","-5.68434e-14","2.23202e-07","bestanden"
"S13.AMKGU.Z30.X.ITT.HAUPT","DETERM","4.6104211768451631","4.6104211768451613","","","-1.77636e-15","4.61042e-09","bestanden"
"S13.B0.CM.X.ITT.HAUPT","DETERM","0.52925593407466498","0.52925593407466842","","","3.44169e-15","1e-09","bestanden"
"S13.B0.SBJ.X.ITT.HAUPT","DETERM","18.248010190680869","18.248010190682404","","","1.53477e-12","1.8248e-08","bestanden"
"S13.B0.Z30.X.ITT.HAUPT","DETERM","2.059202656181442","2.0592026561814643","","","2.22045e-14","2.0592e-09","bestanden"
"S13.B1.CM.X.ITT.HAUPT","DETERM","-0.012071413892495502","-0.012071413892494361","","","1.14145e-15","1e-09","bestanden"
"S13.B1.SBJ.X.ITT.HAUPT","DETERM","-0.069440120570111258","-0.069440120569971231","","","1.40027e-13","1e-09","bestanden"
"S13.B1.Z30.X.ITT.HAUPT","DETERM","-0.044506179575530554","-0.044506179575529395","","","1.1588e-15","1e-09","bestanden"
"S13.B2.CM.X.ITT.HAUPT","DETERM","0.75663889257399963","0.75663889257399952","","","-1.11022e-16","1e-09","bestanden"
"S13.B2.SBJ.X.ITT.HAUPT","DETERM","0.7780713201406938","0.77807132014069247","","","-1.33227e-15","1e-09","bestanden"
"S13.B2.Z30.X.ITT.HAUPT","DETERM","0.67734050993058115","0.67734050993057981","","","-1.33227e-15","1e-09","bestanden"
"S13.B3.CM.X.ITT.HAUPT","DETERM","0.0010150002779770872","0.0010150002779770555","","","-3.16587e-17","1e-09","bestanden"
"S13.B3.SBJ.X.ITT.HAUPT","DETERM","0.31821220958714325","0.31821220958713065","","","-1.2601e-14","1e-09","bestanden"
"S13.B3.Z30.X.ITT.HAUPT","DETERM","-0.0053163890479571256","-0.0053163890479572999","","","-1.7434e-16","1e-09","bestanden"
"S13.DF.CM.X.ITT.HAUPT","EXAKT","19","19","","","0","0","bestanden"
"S13.DF.SBJ.X.ITT.HAUPT","EXAKT","22","22","","","0","0","bestanden"
"S13.DF.Z30.X.ITT.HAUPT","EXAKT","22","22","","","0","0","bestanden"
"S13.H0REJ.X.X.ITT.HAUPT","EXAKT","0","0","","","0","0","bestanden"
"S13.KIO.CM.X.ITT.HAUPT","DETERM","0.061291752620337307","0.061291752620338508","","","1.20043e-15","1e-09","bestanden"
"S13.KIO.SBJ.X.ITT.HAUPT","DETERM","8.5749318465302373","8.5749318465303990","","","1.61648e-13","8.57493e-09","bestanden"
"S13.KIO.Z30.X.ITT.HAUPT","DETERM","0.11026338056609791","0.11026338056609931","","","1.40166e-15","1e-09","bestanden"
"S13.KIU.CM.X.ITT.HAUPT","DETERM","-0.085434580405328309","-0.085434580405327226","","","1.08247e-15","1e-09","bestanden"
"S13.KIU.SBJ.X.ITT.HAUPT","DETERM","-8.7138120876704583","-8.7138120876703429","","","1.15463e-13","8.71381e-09","bestanden"
"S13.KIU.Z30.X.ITT.HAUPT","DETERM","-0.19927573971715901","-0.19927573971715812","","","8.88178e-16","1e-09","bestanden"
"S13.NIG.CM.X.ITT.HAUPT","EXAKT","13","13","","","0","0","bestanden"
"S13.NIG.SBJ.X.ITT.HAUPT","EXAKT","16","16","","","0","0","bestanden"
"S13.NIG.Z30.X.ITT.HAUPT","EXAKT","16","16","","","0","0","bestanden"
"S13.NKG.CM.X.ITT.HAUPT","EXAKT","10","10","","","0","0","bestanden"
"S13.NKG.SBJ.X.ITT.HAUPT","EXAKT","10","10","","","0","0","bestanden"
"S13.NKG.Z30.X.ITT.HAUPT","EXAKT","10","10","","","0","0","bestanden"
"S13.NTEST.X.X.ITT.HAUPT","EXAKT","3","3","","","0","0","bestanden"
"S13.P.CM.X.ITT.HAUPT","DETERM","0.73433331003201541","0.73433331003203972","","","2.43139e-14","1e-09","bestanden"
"S13.P.SBJ.X.ITT.HAUPT","DETERM","0.98685850474663817","0.98685850474666470","","","2.65343e-14","1e-09","bestanden"
"S13.P.Z30.X.ITT.HAUPT","DETERM","0.55701433352799146","0.55701433352800200","","","1.05471e-14","1e-09","bestanden"
"S13.PAHM.CM.X.ITT.HAUPT","DETERM","92.92908226019496","92.929082260194960","","","0","9.29291e-08","bestanden"
"S13.PAHM.SBJ.X.ITT.HAUPT","DETERM","93.107437203272511","93.107437203272511","","","0","9.31074e-08","bestanden"
"S13.PAHM.Z30.X.ITT.HAUPT","DETERM","93.107437203272511","93.107437203272511","","","0","9.31074e-08","bestanden"
"S13.PREM.CM.X.ITT.HAUPT","DETERM","2.4860869565217394","2.4860869565217394","","","0","2.48609e-09","bestanden"
"S13.PREM.SBJ.X.ITT.HAUPT","DETERM","233.38461538461539","233.38461538461539","","","0","2.33385e-07","bestanden"
"S13.PREM.Z30.X.ITT.HAUPT","DETERM","4.6580769230769228","4.6580769230769228","","","0","4.65808e-09","bestanden"
"S13.R2.CM.X.ITT.HAUPT","DETERM","0.63329159226737897","0.63329159226737919","","","2.22045e-16","1e-09","bestanden"
"S13.R2.SBJ.X.ITT.HAUPT","DETERM","0.76357009301231837","0.76357009301231871","","","3.33067e-16","1e-09","bestanden"
"S13.R2.Z30.X.ITT.HAUPT","DETERM","0.77715141871772975","0.77715141871772930","","","-4.44089e-16","1e-09","bestanden"
"S13.SEAMIG.CM.X.ITT.HAUPT","DETERM","0.020499030532865298","0.020499030532863144","","","-2.15453e-15","1e-09","bestanden"
"S13.SEAMIG.SBJ.X.ITT.HAUPT","DETERM","2.2610423323615607","2.2610423323618787","","","3.17968e-13","2.26104e-09","bestanden"
"S13.SEAMIG.Z30.X.ITT.HAUPT","DETERM","0.038361640247148068","0.038361640247149768","","","1.70003e-15","1e-09","bestanden"
"S13.SEAMKG.CM.X.ITT.HAUPT","DETERM","0.024092766309130188","0.024092766309128284","","","-1.90473e-15","1e-09","bestanden"
"S13.SEAMKG.SBJ.X.ITT.HAUPT","DETERM","3.0202189101903989","3.0202189101904615","","","6.26166e-14","3.02022e-09","bestanden"
"S13.SEAMKG.Z30.X.ITT.HAUPT","DETERM","0.052505777698483455","0.052505777698484135","","","6.80012e-16","1e-09","bestanden"
"S13.SEB0.CM.X.ITT.HAUPT","DETERM","0.72407539658277575","0.72407539658277609","","","3.33067e-16","1e-09","bestanden"
"S13.SEB0.SBJ.X.ITT.HAUPT","DETERM","54.808901144050836","54.808901144051134","","","2.98428e-13","5.48089e-08","bestanden"
"S13.SEB0.Z30.X.ITT.HAUPT","DETERM","1.1876714970058362","1.1876714970058460","","","9.76996e-15","1.18767e-09","bestanden"
"S13.SEB1.CM.X.ITT.HAUPT","DETERM","0.035051277293405188","0.035051277293405202","","","1.38778e-17","1e-09","bestanden"
"S13.SEB1.SBJ.X.ITT.HAUPT","DETERM","4.1682261565973482","4.1682261565973588","","","1.06581e-14","4.16823e-09","bestanden"
"S13.SEB1.Z30.X.ITT.HAUPT","DETERM","0.074628270426428472","0.074628270426428570","","","9.71445e-17","1e-09","bestanden"
"S13.SEB2.CM.X.ITT.HAUPT","DETERM","0.15205562977734807","0.15205562977734766","","","-4.16334e-16","1e-09","bestanden"
"S13.SEB2.SBJ.X.ITT.HAUPT","DETERM","0.10865206154143248","0.10865206154143239","","","-8.32667e-17","1e-09","bestanden"
"S13.SEB2.Z30.X.ITT.HAUPT","DETERM","0.11730033713081869","0.11730033713081897","","","2.77556e-16","1e-09","bestanden"
"S13.SEB3.CM.X.ITT.HAUPT","DETERM","0.0053725257380039517","0.0053725257380039587","","","6.93889e-18","1e-09","bestanden"
"S13.SEB3.SBJ.X.ITT.HAUPT","DETERM","0.64386227839999155","0.64386227839999333","","","1.77636e-15","1e-09","bestanden"
"S13.SEB3.Z30.X.ITT.HAUPT","DETERM","0.0099637218581489564","0.0099637218581490293","","","7.28584e-17","1e-09","bestanden"
"S13.SIG.CM.X.ITT.HAUPT","EXAKT","0","0","","","0","0","bestanden"
"S13.SIG.SBJ.X.ITT.HAUPT","EXAKT","0","0","","","0","0","bestanden"
"S13.SIG.Z30.X.ITT.HAUPT","EXAKT","0","0","","","0","0","bestanden"
"S13.SIGMA.CM.X.ITT.HAUPT","DETERM","0.065750523137140082","0.065750523137140054","","","-2.77556e-17","1e-09","bestanden"
"S13.SIGMA.SBJ.X.ITT.HAUPT","DETERM","8.1299831406956233","8.1299831406956180","","","-5.32907e-15","8.12998e-09","bestanden"
"S13.SIGMA.Z30.X.ITT.HAUPT","DETERM","0.12977408838401214","0.12977408838401228","","","1.38778e-16","1e-09","bestanden"
"S13.T.CM.X.ITT.HAUPT","DETERM","-0.34439298150103959","-0.34439298150100689","","","3.26961e-14","1e-09","bestanden"
"S13.T.SBJ.X.ITT.HAUPT","DETERM","-0.016659393699212658","-0.016659393699179022","","","3.36363e-14","1e-09","bestanden"
"S13.T.Z30.X.ITT.HAUPT","DETERM","-0.5963715803839581","-0.59637158038394178","","","1.63203e-14","1e-09","bestanden"
"S14.BFDF1.CM.X.ITT.HAUPT","EXAKT","1","1","","","0","0","bestanden"
"S14.BFDF1.SBJ.X.ITT.HAUPT","EXAKT","1","1","","","0","0","bestanden"
"S14.BFDF1.Z30.X.ITT.HAUPT","EXAKT","1","1","","","0","0","bestanden"
"S14.BFDF2.CM.X.ITT.HAUPT","EXAKT","21","21","","","0","0","bestanden"
"S14.BFDF2.SBJ.X.ITT.HAUPT","EXAKT","24","24","","","0","0","bestanden"
"S14.BFDF2.Z30.X.ITT.HAUPT","EXAKT","24","24","","","0","0","bestanden"
"S14.BFF.CM.X.ITT.HAUPT","DETERM","1.1249794627465897","1.1249794627466059","","","1.62093e-14","1.12498e-09","bestanden"
"S14.BFF.SBJ.X.ITT.HAUPT","DETERM","0.76552062167880475","0.76552062167881230","","","7.54952e-15","1e-09","bestanden"
"S14.BFF.Z30.X.ITT.HAUPT","DETERM","2.2388790072348028","2.2388790072347318","","","-7.10543e-14","2.23888e-09","bestanden"
"S14.BFP.CM.X.ITT.HAUPT","DETERM","0.30089575384868378","0.30089575384868045","","","-3.33067e-15","1e-09","bestanden"
"S14.BFP.SBJ.X.ITT.HAUPT","DETERM","0.39027854459463074","0.39027854459462852","","","-2.22045e-15","1e-09","bestanden"
"S14.BFP.Z30.X.ITT.HAUPT","DETERM","0.14761427973986016","0.14761427973986621","","","6.05072e-15","1e-09","bestanden"
"S14.BFVERW.CM.X.ITT.HAUPT","EXAKT","0","0","","","0","0","bestanden"
"S14.BFVERW.SBJ.X.ITT.HAUPT","EXAKT","0","0","","","0","0","bestanden"
"S14.BFVERW.Z30.X.ITT.HAUPT","EXAKT","0","0","","","0","0","bestanden"
"S14.BINT.CM.X.ITT.SLPAH","DETERM","0.0010691219430498181","0.0010691219430495461","","","-2.71918e-16","1e-09","bestanden"
"S14.BINT.CM.X.ITT.SLPRE","DETERM","-0.2703412305623073","-0.27034123056231119","","","-3.88578e-15","1e-09","bestanden"
"S14.BINT.SBJ.X.ITT.SLPAH","DETERM","-1.0263811200649204","-1.0263811200649329","","","-1.24345e-14","1.02638e-09","bestanden"
"S14.BINT.SBJ.X.ITT.SLPRE","DETERM","0.27227687467446149","0.27227687467445361","","","-7.88258e-15","1e-09","bestanden"
"S14.BINT.Z30.X.ITT.SLPAH","DETERM","0.028072923460387308","0.028072923460387221","","","-8.67362e-17","1e-09","bestanden"
"S14.BINT.Z30.X.ITT.SLPRE","DETERM","0.19720483161738997","0.19720483161739266","","","2.69229e-15","1e-09","bestanden"
"S14.CINT.CM.PRE.BPAH.SLPAH","DETERM","-0.017800734127309089","-0.017800734127308780","","","3.08781e-16","1e-09","bestanden"
"S14.CINT.SBJ.PRE.BPAH.SLPAH","DETERM","-1.9780513685893915","-1.9780513685892933","","","9.81437e-14","1.97805e-09","bestanden"
"S14.CINT.Z30.PRE.BPAH.SLPAH","DETERM","0.00056804192140995434","0.00056804192140951491","","","-4.39427e-16","1e-09","bestanden"
"S14.DFCINT.CM.PRE.BPAH.SLPAH","EXAKT","23","23","","","0","0","bestanden"
"S14.DFCINT.SBJ.PRE.BPAH.SLPAH","EXAKT","26","26","","","0","0","bestanden"
"S14.DFCINT.Z30.PRE.BPAH.SLPAH","EXAKT","26","26","","","0","0","bestanden"
"S14.DFINT.CM.X.ITT.SLPAH","EXAKT","18","18","","","0","0","bestanden"
"S14.DFINT.CM.X.ITT.SLPRE","EXAKT","18","18","","","0","0","bestanden"
"S14.DFINT.SBJ.X.ITT.SLPAH","EXAKT","21","21","","","0","0","bestanden"
"S14.DFINT.SBJ.X.ITT.SLPRE","EXAKT","21","21","","","0","0","bestanden"
"S14.DFINT.Z30.X.ITT.SLPAH","EXAKT","21","21","","","0","0","bestanden"
"S14.DFINT.Z30.X.ITT.SLPRE","EXAKT","21","21","","","0","0","bestanden"
"S14.OVPAHIG.CM.X.ITT.HAUPT","EXAKT","5","5","","","0","0","bestanden"
"S14.OVPAHIG.SBJ.X.ITT.HAUPT","EXAKT","7","7","","","0","0","bestanden"
"S14.OVPAHIG.Z30.X.ITT.HAUPT","EXAKT","7","7","","","0","0","bestanden"
"S14.OVPAHKG.CM.X.ITT.HAUPT","EXAKT","9","9","","","0","0","bestanden"
"S14.OVPAHKG.SBJ.X.ITT.HAUPT","EXAKT","9","9","","","0","0","bestanden"
"S14.OVPAHKG.Z30.X.ITT.HAUPT","EXAKT","9","9","","","0","0","bestanden"
"S14.OVPAL.CM.X.ITT.HAUPT","DETERM","87.066186063648942","87.066186063648942","","","0","8.70662e-08","bestanden"
"S14.OVPAL.SBJ.X.ITT.HAUPT","DETERM","87.066186063648942","87.066186063648942","","","0","8.70662e-08","bestanden"
"S14.OVPAL.Z30.X.ITT.HAUPT","DETERM","87.066186063648942","87.066186063648942","","","0","8.70662e-08","bestanden"
"S14.OVPAU.CM.X.ITT.HAUPT","DETERM","94.917025447097814","94.917025447097814","","","0","9.4917e-08","bestanden"
"S14.OVPAU.SBJ.X.ITT.HAUPT","DETERM","94.917025447097814","94.917025447097814","","","0","9.4917e-08","bestanden"
"S14.OVPAU.Z30.X.ITT.HAUPT","DETERM","94.917025447097814","94.917025447097814","","","0","9.4917e-08","bestanden"
"S14.OVPREIG.CM.X.ITT.HAUPT","EXAKT","12","12","","","0","0","bestanden"
"S14.OVPREIG.SBJ.X.ITT.HAUPT","EXAKT","16","16","","","0","0","bestanden"
"S14.OVPREIG.Z30.X.ITT.HAUPT","EXAKT","12","12","","","0","0","bestanden"
"S14.OVPREKG.CM.X.ITT.HAUPT","EXAKT","6","6","","","0","0","bestanden"
"S14.OVPREKG.SBJ.X.ITT.HAUPT","EXAKT","6","6","","","0","0","bestanden"
"S14.OVPREKG.Z30.X.ITT.HAUPT","EXAKT","4","4","","","0","0","bestanden"
"S14.OVPRL.CM.X.ITT.HAUPT","DETERM","2.3200000000000003","2.3200000000000003","","","0","2.32e-09","bestanden"
"S14.OVPRL.SBJ.X.ITT.HAUPT","DETERM","207","207.00000000000000","","","0","2.07e-07","bestanden"
"S14.OVPRL.Z30.X.ITT.HAUPT","DETERM","4.4500000000000002","4.4500000000000002","","","0","4.45e-09","bestanden"
"S14.OVPRU.CM.X.ITT.HAUPT","DETERM","2.5750000000000002","2.5750000000000002","","","0","2.575e-09","bestanden"
"S14.OVPRU.SBJ.X.ITT.HAUPT","DETERM","255","255.00000000000000","","","0","2.55e-07","bestanden"
"S14.OVPRU.Z30.X.ITT.HAUPT","DETERM","4.8899999999999997","4.8899999999999997","","","0","4.89e-09","bestanden"
"S14.PCINT.CM.PRE.BPAH.SLPAH","DETERM","0.1910172766930292","0.19101727669303975","","","1.05471e-14","1e-09","bestanden"
"S14.PCINT.SBJ.PRE.BPAH.SLPAH","DETERM","0.35431244030810477","0.35431244030812636","","","2.15938e-14","1e-09","bestanden"
"S14.PCINT.Z30.PRE.BPAH.SLPAH","DETERM","0.98686599980870349","0.98686599980871348","","","9.99201e-15","1e-09","bestanden"
"S14.PINT.CM.X.ITT.SLPAH","DETERM","0.92242317778042904","0.92242317778044824","","","1.92069e-14","1e-09","bestanden"
"S14.PINT.CM.X.ITT.SLPRE","DETERM","0.37972855837130232","0.37972855837129627","","","-6.05072e-15","1e-09","bestanden"
"S14.PINT.SBJ.X.ITT.SLPAH","DETERM","0.43537113235425723","0.43537113235424951","","","-7.71605e-15","1e-09","bestanden"
"S14.PINT.SBJ.X.ITT.SLPRE","DETERM","0.19839189006560545","0.19839189006561680","","","1.1352e-14","1e-09","bestanden"
"S14.PINT.Z30.X.ITT.SLPAH","DETERM","0.16469459354952637","0.16469459354952454","","","-1.83187e-15","1e-09","bestanden"
"S14.PINT.Z30.X.ITT.SLPRE","DETERM","0.39750835217634439","0.39750835217633795","","","-6.43929e-15","1e-09","bestanden"
"S14.SDRIG.CM.X.ITT.HAUPT","DETERM","0.057340860267060902","0.057340860267060860","","","-4.16334e-17","1e-09","bestanden"
"S14.SDRIG.SBJ.X.ITT.HAUPT","DETERM","6.8318821367070255","6.8318821367070139","","","-1.15463e-14","6.83188e-09","bestanden"
"S14.SDRIG.Z30.X.ITT.HAUPT","DETERM","0.087181906888809044","0.087181906888809585","","","5.41234e-16","1e-09","bestanden"
"S14.SDRKG.CM.X.ITT.HAUPT","DETERM","0.068866863092124697","0.068866863092124697","","","0","1e-09","bestanden"
"S14.SDRKG.SBJ.X.ITT.HAUPT","DETERM","9.1530599992452046","9.1530599992452046","","","0","9.15306e-09","bestanden"
"S14.SDRKG.Z30.X.ITT.HAUPT","DETERM","0.16881898096886566","0.16881898096886550","","","-1.66533e-16","1e-09","bestanden"
"S14.SDRQ.CM.X.ITT.HAUPT","DETERM","1.2010085438443419","1.2010085438443427","","","8.88178e-16","1.20101e-09","bestanden"
"S14.SDRQ.SBJ.X.ITT.HAUPT","DETERM","1.3397567194648632","1.3397567194648654","","","2.22045e-15","1.33976e-09","bestanden"
"S14.SDRQ.Z30.X.ITT.HAUPT","DETERM","1.9363992712865956","1.9363992712865816","","","-1.39888e-14","1.9364e-09","bestanden"
"S14.SECINT.CM.PRE.BPAH.SLPAH","DETERM","0.013212441008739676","0.013212441008739771","","","9.54098e-17","1e-09","bestanden"
"S14.SECINT.SBJ.PRE.BPAH.SLPAH","DETERM","2.0973977356328142","2.0973977356328057","","","-8.43769e-15","2.0974e-09","bestanden"
"S14.SECINT.Z30.PRE.BPAH.SLPAH","DETERM","0.034176515824938948","0.034176515824938830","","","-1.17961e-16","1e-09","bestanden"
"S14.SEINT.CM.X.ITT.SLPAH","DETERM","0.010825850448132774","0.010825850448132720","","","-5.37764e-17","1e-09","bestanden"
"S14.SEINT.CM.X.ITT.SLPRE","DETERM","0.30020191854599815","0.30020191854599859","","","4.44089e-16","1e-09","bestanden"
"S14.SEINT.SBJ.X.ITT.SLPAH","DETERM","1.2906571297417249","1.2906571297417175","","","-7.32747e-15","1.29066e-09","bestanden"
"S14.SEINT.SBJ.X.ITT.SLPRE","DETERM","0.20500847246916873","0.20500847246916820","","","-5.27356e-16","1e-09","bestanden"
"S14.SEINT.Z30.X.ITT.SLPAH","DETERM","0.019499186495581473","0.019499186495581328","","","-1.45717e-16","1e-09","bestanden"
"S14.SEINT.Z30.X.ITT.SLPRE","DETERM","0.22832450606500612","0.22832450606500598","","","-1.38778e-16","1e-09","bestanden"
"S14.SWP.CM.PRE.BPAHIG.X","ITERATIV","0.028538540588688547","0.028538540318269454","","","-2.70419e-10","2.85385e-08","bestanden"
"S14.SWP.CM.PRE.BPAHKG.X","ITERATIV","0.92186010696581189","0.92186010676863295","","","-1.97179e-10","9.2186e-07","bestanden"
"S14.SWP.CM.X.ITT.HAUPT","ITERATIV","0.1360211487313569","0.13602114760558853","","","-1.12577e-09","1.36021e-07","bestanden"
"S14.SWP.SBJ.PRE.BPAHIG.X","ITERATIV","0.22643157526978497","0.22643157560599672","","","3.36212e-10","2.26432e-07","bestanden"
"S14.SWP.SBJ.PRE.BPAHKG.X","ITERATIV","0.23533006465518086","0.23533006457341865","","","-8.17622e-11","2.3533e-07","bestanden"
"S14.SWP.SBJ.X.ITT.HAUPT","ITERATIV","0.57963832677260041","0.57963832386933101","","","-2.90327e-09","5.79638e-07","bestanden"
"S14.SWP.Z30.PRE.BPAHIG.X","ITERATIV","0.91542098322117005","0.91542098330498634","","","8.38163e-11","9.15421e-07","bestanden"
"S14.SWP.Z30.PRE.BPAHKG.X","ITERATIV","0.71321034969755925","0.71321034874373501","","","-9.53824e-10","7.1321e-07","bestanden"
"S14.SWP.Z30.X.ITT.HAUPT","ITERATIV","0.033990146090026277","0.033990146305010148","","","2.14984e-10","3.39901e-08","bestanden"
"S14.SWVERW.CM.X.ITT.HAUPT","EXAKT","0","0","","","0","0","bestanden"
"S14.SWVERW.SBJ.X.ITT.HAUPT","EXAKT","0","0","","","0","0","bestanden"
"S14.SWVERW.Z30.X.ITT.HAUPT","EXAKT","1","1","","","0","0","bestanden"
"S14.SWW.CM.PRE.BPAHIG.X","DETERM","0.87136648934095762","0.87136648907366476","","","-2.67293e-10","1e-09","bestanden"
"S14.SWW.CM.PRE.BPAHKG.X","DETERM","0.97377211904463445","0.97377211902155425","","","-2.30802e-11","1e-09","bestanden"
"S14.SWW.CM.X.ITT.HAUPT","DETERM","0.9343848790089333","0.93438487884199284","","","-1.6694e-10","1e-09","bestanden"
"S14.SWW.SBJ.PRE.BPAHIG.X","DETERM","0.93380631744849119","0.93380631748516563","","","3.66744e-11","1e-09","bestanden"
"S14.SWW.SBJ.PRE.BPAHKG.X","DETERM","0.91332972053366424","0.91332972052139905","","","-1.22652e-11","1e-09","bestanden"
"S14.SWW.SBJ.X.ITT.HAUPT","DETERM","0.96829536620275247","0.96829536608799960","","","-1.14753e-10","1e-09","bestanden"
"S14.SWW.Z30.PRE.BPAHIG.X","DETERM","0.97711103458562232","0.97711103459159099","","","5.96867e-12","1e-09","bestanden"
"S14.SWW.Z30.PRE.BPAHKG.X","DETERM","0.95516340700996838","0.95516340694562096","","","-6.43474e-11","1e-09","bestanden"
"S14.SWW.Z30.X.ITT.HAUPT","DETERM","0.91478795660371781","0.91478795672263802","","","1.1892e-10","1e-09","bestanden"
"S14.TCINT.CM.PRE.BPAH.SLPAH","DETERM","-1.3472706607003491","-1.3472706607003160","","","3.30846e-14","1.34727e-09","bestanden"
"S14.TCINT.SBJ.PRE.BPAH.SLPAH","DETERM","-0.94309788505258674","-0.94309788505254377","","","4.29656e-14","1e-09","bestanden"
"S14.TCINT.Z30.PRE.BPAH.SLPAH","DETERM","0.016620825958960053","0.016620825958947254","","","-1.27988e-14","1e-09","bestanden"
"S14.TINT.CM.X.ITT.SLPAH","DETERM","0.098756393151008162","0.098756393150983529","","","-2.46331e-14","1e-09","bestanden"
"S14.TINT.CM.X.ITT.SLPRE","DETERM","-0.900531321957173","-0.90053132195718466","","","-1.16573e-14","1e-09","bestanden"
"S14.TINT.SBJ.X.ITT.SLPAH","DETERM","-0.79523918197415522","-0.79523918197416943","","","-1.42109e-14","1e-09","bestanden"
"S14.TINT.SBJ.X.ITT.SLPRE","DETERM","1.3281249862266511","1.3281249862266160","","","-3.5083e-14","1.32812e-09","bestanden"
"S14.TINT.Z30.X.ITT.SLPAH","DETERM","1.4396971620712817","1.4396971620712880","","","6.21725e-15","1.4397e-09","bestanden"
"S14.TINT.Z30.X.ITT.SLPRE","DETERM","0.86370418583646869","0.86370418583648101","","","1.23235e-14","1e-09","bestanden"
"S14.VERW.CM.X.ITT.SLPAH","EXAKT","0","0","","","0","0","bestanden"
"S14.VERW.CM.X.ITT.SLPRE","EXAKT","0","0","","","0","0","bestanden"
"S14.VERW.SBJ.X.ITT.SLPAH","EXAKT","0","0","","","0","0","bestanden"
"S14.VERW.SBJ.X.ITT.SLPRE","EXAKT","0","0","","","0","0","bestanden"
"S14.VERW.Z30.X.ITT.SLPAH","EXAKT","0","0","","","0","0","bestanden"
"S14.VERW.Z30.X.ITT.SLPRE","EXAKT","0","0","","","0","0","bestanden"
"S15.DFG.CM.X.ITT.HAUPT","EXAKT","21","21","","","0","0","bestanden"
"S15.DFG.SBJ.X.ITT.HAUPT","EXAKT","24","24","","","0","0","bestanden"
"S15.DFG.Z30.X.ITT.HAUPT","EXAKT","24","24","","","0","0","bestanden"
"S15.G.CM.X.ITT.HAUPT","DETERM","-0.11431029860322071","-0.11431029860320990","","","1.08108e-14","1e-09","bestanden"
"S15.G.SBJ.X.ITT.HAUPT","DETERM","-0.0041246812467227896","-0.0041246812467144725","","","8.31713e-15","1e-09","bestanden"
"S15.G.Z30.X.ITT.HAUPT","DETERM","-0.18443057392290138","-0.18443057392289658","","","4.80171e-15","1e-09","bestanden"
"S15.GKIO.CM.X.ITT.HAUPT","DETERM","0.58040247864428884","0.58040247864430028","","","1.14353e-14","1e-09","bestanden"
"S15.GKIO.SBJ.X.ITT.HAUPT","DETERM","0.50934330598689825","0.50934330598690802","","","9.76996e-15","1e-09","bestanden"
"S15.GKIO.Z30.X.ITT.HAUPT","DETERM","0.45692393178733781","0.45692393178734364","","","5.82867e-15","1e-09","bestanden"
"S15.GKIU.CM.X.ITT.HAUPT","DETERM","-0.8090230758507303","-0.80902307585071997","","","1.03251e-14","1e-09","bestanden"
"S15.GKIU.SBJ.X.ITT.HAUPT","DETERM","-0.51759266848034391","-0.51759266848033703","","","6.88338e-15","1e-09","bestanden"
"S15.GKIU.Z30.X.ITT.HAUPT","DETERM","-0.82578507963314063","-0.82578507963313685","","","3.77476e-15","1e-09","bestanden"
"S15.J.CM.X.ITT.HAUPT","DETERM","0.96385542168674698","0.96385542168674698","","","0","1e-09","bestanden"
"S15.J.SBJ.X.ITT.HAUPT","DETERM","0.96842105263157896","0.96842105263157896","","","0","1e-09","bestanden"
"S15.J.Z30.X.ITT.HAUPT","DETERM","0.96842105263157896","0.96842105263157896","","","0","1e-09","bestanden"
"S15.MPOSTIG.CM.X.ITT.HAUPT","DETERM","2.4715384615384615","2.4715384615384615","","","0","2.47154e-09","bestanden"
"S15.MPOSTIG.SBJ.X.ITT.HAUPT","DETERM","233.3125","233.31250000000000","","","0","2.33313e-07","bestanden"
"S15.MPOSTIG.Z30.X.ITT.HAUPT","DETERM","4.5662500000000001","4.5662500000000001","","","0","4.56625e-09","bestanden"
"S15.MPOSTKG.CM.X.ITT.HAUPT","DETERM","2.532","2.5320000000000000","","","0","2.532e-09","bestanden"
"S15.MPOSTKG.SBJ.X.ITT.HAUPT","DETERM","223.19999999999999","223.19999999999999","","","0","2.232e-07","bestanden"
"S15.MPOSTKG.Z30.X.ITT.HAUPT","DETERM","4.8929999999999998","4.8929999999999998","","","0","4.893e-09","bestanden"
"S15.SDPOST.CM.X.ITT.HAUPT","DETERM","0.098398904070849891","0.098398904070849891","","","0","1e-09","bestanden"
"S15.SDPOST.SBJ.X.ITT.HAUPT","DETERM","15.167176044559731","15.167176044559731","","","0","1.51672e-08","bestanden"
"S15.SDPOST.Z30.X.ITT.HAUPT","DETERM","0.20469336823649176","0.20469336823649176","","","0","1e-09","bestanden"
"S15.SDPRE.CM.X.ITT.HAUPT","DETERM","0.1017852098181702","0.10178520981817020","","","0","1e-09","bestanden"
"S15.SDPRE.SBJ.X.ITT.HAUPT","DETERM","16.303629452773187","16.303629452773187","","","0","1.63036e-08","bestanden"
"S15.SDPRE.Z30.X.ITT.HAUPT","DETERM","0.23369618364449177","0.23369618364449177","","","0","1e-09","bestanden"
"S15.UD.CM.X.ITT.HAUPT","DETERM","-0.060461538461538566","-0.060461538461538566","","","0","1e-09","bestanden"
"S15.UD.SBJ.X.ITT.HAUPT","DETERM","10.112500000000011","10.112500000000011","","","0","1.01125e-08","bestanden"
"S15.UD.Z30.X.ITT.HAUPT","DETERM","-0.32674999999999965","-0.32674999999999965","","","0","1e-09","bestanden"
"S15.UDDF.CM.X.ITT.HAUPT","EXAKT","21","21","","","0","0","bestanden"
"S15.UDDF.SBJ.X.ITT.HAUPT","EXAKT","24","24","","","0","0","bestanden"
"S15.UDDF.Z30.X.ITT.HAUPT","EXAKT","24","24","","","0","0","bestanden"
"S15.UDKIO.CM.X.ITT.HAUPT","DETERM","0.025611117311013301","0.025611117311013315","","","1.38778e-17","1e-09","bestanden"
"S15.UDKIO.SBJ.X.ITT.HAUPT","DETERM","22.731349440037995","22.731349440038002","","","7.10543e-15","2.27313e-08","bestanden"
"S15.UDKIO.Z30.X.ITT.HAUPT","DETERM","-0.15644837050997804","-0.15644837050997798","","","5.55112e-17","1e-09","bestanden"
"S15.UDKIU.CM.X.ITT.HAUPT","DETERM","-0.14653419423409042","-0.14653419423409045","","","-2.77556e-17","1e-09","bestanden"
"S15.UDKIU.SBJ.X.ITT.HAUPT","DETERM","-2.5063494400379724","-2.5063494400379778","","","-5.32907e-15","2.50635e-09","bestanden"
"S15.UDKIU.Z30.X.ITT.HAUPT","DETERM","-0.49705162949002124","-0.49705162949002135","","","-1.11022e-16","1e-09","bestanden"
"S15.UDP.CM.X.ITT.HAUPT","DETERM","0.15886631175497126","0.15886631175497121","","","-5.55112e-17","1e-09","bestanden"
"S15.UDP.SBJ.X.ITT.HAUPT","DETERM","0.11115597367139327","0.11115597367139321","","","-5.55112e-17","1e-09","bestanden"
"S15.UDP.Z30.X.ITT.HAUPT","DETERM","0.00058305066526699806","0.00058305066526699611","","","-1.95156e-18","1e-09","bestanden"
"S15.UDSE.CM.X.ITT.HAUPT","DETERM","0.041388768396001363","0.041388768396001363","","","0","1e-09","bestanden"
"S15.UDSE.SBJ.X.ITT.HAUPT","DETERM","6.1140841292529924","6.1140841292529924","","","0","6.11408e-09","bestanden"
"S15.UDSE.Z30.X.ITT.HAUPT","DETERM","0.082514534704499196","0.082514534704499196","","","0","1e-09","bestanden"
"S15.UDT.CM.X.ITT.HAUPT","DETERM","-1.4608199471666292","-1.4608199471666292","","","0","1.46082e-09","bestanden"
"S15.UDT.SBJ.X.ITT.HAUPT","DETERM","1.6539680819268574","1.6539680819268574","","","0","1.65397e-09","bestanden"
"S15.UDT.Z30.X.ITT.HAUPT","DETERM","-3.9599084109260967","-3.9599084109260967","","","0","3.95991e-09","bestanden"
"S16.B1.CM.X.PP6.HAUPT","DETERM","","","Fallzahlregel","Fallzahlregel","","","bestanden (beide fehlend, gleicher Grund)"
"S16.B1.SBJ.X.PP6.HAUPT","DETERM","0.51141282196952531","0.51141282196942373","","","-1.01585e-13","1e-09","bestanden"
"S16.B1.Z30.X.PP6.HAUPT","DETERM","0.032854366591675351","0.032854366591676426","","","1.07553e-15","1e-09","bestanden"
"S16.DF.CM.X.PP6.HAUPT","EXAKT","","","Fallzahlregel","Fallzahlregel","","","bestanden (beide fehlend, gleicher Grund)"
"S16.DF.SBJ.X.PP6.HAUPT","EXAKT","15","15","","","0","0","bestanden"
"S16.DF.Z30.X.PP6.HAUPT","EXAKT","15","15","","","0","0","bestanden"
"S16.DIFF.CM.DIFF.PBW-02.AK9","DETERM","-0.049999999999999822","-0.049999999999999822","","","0","1e-09","bestanden"
"S16.DIFF.CM.DIFF.PBW-08.AK9","DETERM","0.064999999999999947","0.064999999999999947","","","0","1e-09","bestanden"
"S16.DIFF.CM.DIFF.PHL-03.AK9","DETERM","0.074999999999999734","0.074999999999999734","","","0","1e-09","bestanden"
"S16.DIFF.SBJ.DIFF.PBW-02.AK9","DETERM","7","7.0000000000000000","","","0","7e-09","bestanden"
"S16.DIFF.SBJ.DIFF.PBW-08.AK9","DETERM","-7","-7.0000000000000000","","","0","7e-09","bestanden"
"S16.DIFF.SBJ.DIFF.PHL-03.AK9","DETERM","-8","-8.0000000000000000","","","0","8e-09","bestanden"
"S16.DIFF.Z30.DIFF.PBW-02.AK9","DETERM","0.0099999999999997868","0.0099999999999997868","","","0","1e-09","bestanden"
"S16.DIFF.Z30.DIFF.PBW-08.AK9","DETERM","-0.0099999999999997868","-0.0099999999999997868","","","0","1e-09","bestanden"
"S16.DIFF.Z30.DIFF.PHL-03.AK9","DETERM","0.12999999999999989","0.12999999999999989","","","0","1e-09","bestanden"
"S16.KIO.CM.X.PP6.HAUPT","DETERM","","","Fallzahlregel","Fallzahlregel","","","bestanden (beide fehlend, gleicher Grund)"
"S16.KIO.SBJ.X.PP6.HAUPT","DETERM","11.961653364754076","11.961653364753994","","","-8.17124e-14","1.19617e-08","bestanden"
"S16.KIO.Z30.X.PP6.HAUPT","DETERM","0.26712411875447889","0.26712411875448017","","","1.27676e-15","1e-09","bestanden"
"S16.KIU.CM.X.PP6.HAUPT","DETERM","","","Fallzahlregel","Fallzahlregel","","","bestanden (beide fehlend, gleicher Grund)"
"S16.KIU.SBJ.X.PP6.HAUPT","DETERM","-10.938827720815025","-10.938827720815146","","","-1.20792e-13","1.09388e-08","bestanden"
"S16.KIU.Z30.X.PP6.HAUPT","DETERM","-0.2014153855711282","-0.20141538557112729","","","9.15934e-16","1e-09","bestanden"
"S16.M.CM.POST.PP6IG.HAUPT","DETERM","2.4664285714285712","2.4664285714285712","","","0","2.46643e-09","bestanden"
"S16.M.CM.PRE.PP6IG.HAUPT","DETERM","2.4214285714285717","2.4214285714285717","","","0","2.42143e-09","bestanden"
"S16.M.SBJ.POST.PP6IG.HAUPT","DETERM","239.44444444444446","239.44444444444446","","","0","2.39444e-07","bestanden"
"S16.M.SBJ.PRE.PP6IG.HAUPT","DETERM","243.33333333333334","243.33333333333334","","","0","2.43333e-07","bestanden"
"S16.M.Z30.POST.PP6IG.HAUPT","DETERM","4.5822222222222226","4.5822222222222226","","","0","4.58222e-09","bestanden"
"S16.M.Z30.PRE.PP6IG.HAUPT","DETERM","4.4955555555555557","4.4955555555555557","","","0","4.49556e-09","bestanden"
"S16.NIG.CM.X.PP6.HAUPT","EXAKT","7","7","","","0","0","bestanden"
"S16.NIG.SBJ.X.PP6.HAUPT","EXAKT","9","9","","","0","0","bestanden"
"S16.NIG.Z30.X.PP6.HAUPT","EXAKT","9","9","","","0","0","bestanden"
"S16.NKG.CM.X.PP6.HAUPT","EXAKT","10","10","","","0","0","bestanden"
"S16.NKG.SBJ.X.PP6.HAUPT","EXAKT","10","10","","","0","0","bestanden"
"S16.NKG.Z30.X.PP6.HAUPT","EXAKT","10","10","","","0","0","bestanden"
"S16.P.CM.X.PP6.HAUPT","DETERM","","","Fallzahlregel","Fallzahlregel","","","bestanden (beide fehlend, gleicher Grund)"
"S16.P.SBJ.X.PP6.HAUPT","DETERM","0.92541696242259197","0.92541696242260696","","","1.4988e-14","1e-09","bestanden"
"S16.P.Z30.X.PP6.HAUPT","DETERM","0.76910411731923545","0.76910411731922834","","","-7.10543e-15","1e-09","bestanden"
"S16.SD.CM.POST.PP6IG.HAUPT","DETERM","0.085620980962334142","0.085620980962334142","","","0","1e-09","bestanden"
"S16.SD.CM.PRE.PP6IG.HAUPT","DETERM","0.10769224228150809","0.10769224228150809","","","0","1e-09","bestanden"
"S16.SD.SBJ.POST.PP6IG.HAUPT","DETERM","4.6127841676993491","4.6127841676993491","","","0","4.61278e-09","bestanden"
"S16.SD.SBJ.PRE.PP6IG.HAUPT","DETERM","8.9442719099991592","8.9442719099991592","","","0","8.94427e-09","bestanden"
"S16.SD.Z30.POST.PP6IG.HAUPT","DETERM","0.19929737691310551","0.19929737691310551","","","0","1e-09","bestanden"
"S16.SD.Z30.PRE.PP6IG.HAUPT","DETERM","0.23361887290580324","0.23361887290580324","","","0","1e-09","bestanden"
"S16.SEB1.CM.X.PP6.HAUPT","DETERM","","","Fallzahlregel","Fallzahlregel","","","bestanden (beide fehlend, gleicher Grund)"
"S16.SEB1.SBJ.X.PP6.HAUPT","DETERM","5.3720439062879199","5.3720439062879315","","","1.15463e-14","5.37204e-09","bestanden"
"S16.SEB1.Z30.X.PP6.HAUPT","DETERM","0.10991100054459793","0.10991100054459806","","","1.249e-16","1e-09","bestanden"
"S16.T.CM.X.PP6.HAUPT","DETERM","","","Fallzahlregel","Fallzahlregel","","","bestanden (beide fehlend, gleicher Grund)"
"S16.T.SBJ.X.PP6.HAUPT","DETERM","0.09519892817162609","0.095198928171606967","","","-1.91236e-14","1e-09","bestanden"
"S16.T.Z30.X.PP6.HAUPT","DETERM","0.29891791020812541","0.29891791020813491","","","9.49241e-15","1e-09","bestanden"
"S17.B1.CM.X.FAMS.FAMB","DETERM","-0.0087922676853858499","-0.0087922676853845350","","","1.31492e-15","1e-09","bestanden"
"S17.B1.CM.X.ITT.AEND","DETERM","-0.0089850140575751577","-0.0089850140575752184","","","-6.07153e-17","1e-09","bestanden"
"S17.B1.CM.X.ITT.MW","DETERM","0.0059582087481945484","0.0059582087481956716","","","1.12323e-15","1e-09","bestanden"
"S17.B1.CM.X.ITT.OPAH","DETERM","-0.0084515931150494477","-0.0084515931150488336","","","6.14092e-16","1e-09","bestanden"
"S17.B1.CM.X.PP5.HAUPT","DETERM","-0.013819395495416912","-0.013819395495416591","","","3.20924e-16","1e-09","bestanden"
"S17.B1.CM.X.PP7.HAUPT","DETERM","","","Fallzahlregel","Fallzahlregel","","","bestanden (beide fehlend, gleicher Grund)"
"S17.B1.SBJ.X.FAMS.FAMB","DETERM","0.3134510789170053","0.31345107891709950","","","9.42024e-14","1e-09","bestanden"
"S17.B1.SBJ.X.ITT.AEND","DETERM","-0.63558015170350657","-0.63558015170350002","","","6.55032e-15","1e-09","bestanden"
"S17.B1.SBJ.X.ITT.MW","DETERM","-2.4121466588223259","-2.4121466588221789","","","1.46994e-13","2.41215e-09","bestanden"
"S17.B1.SBJ.X.ITT.OPAH","DETERM","1.0682078251872826","1.0682078251873797","","","9.70335e-14","1.06821e-09","bestanden"
"S17.B1.SBJ.X.PP5.HAUPT","DETERM","-1.9042064716914093","-1.9042064716914755","","","-6.61693e-14","1.90421e-09","bestanden"
"S17.B1.SBJ.X.PP7.HAUPT","DETERM","-0.85545717398434762","-0.85545717398431298","","","3.4639e-14","1e-09","bestanden"
"S17.B1.Z30.X.FAMS.FAMB","DETERM","-0.053268782032878048","-0.053268782032876640","","","1.4086e-15","1e-09","bestanden"
"S17.B1.Z30.X.ITT.AEND","DETERM","0.049262787739309026","0.049262787739309380","","","3.53884e-16","1e-09","bestanden"
"S17.B1.Z30.X.ITT.MW","DETERM","-0.061655820300020862","-0.061655820300019232","","","1.63064e-15","1e-09","bestanden"
"S17.B1.Z30.X.ITT.OPAH","DETERM","-0.060901770668529878","-0.060901770668528449","","","1.42941e-15","1e-09","bestanden"
"S17.B1.Z30.X.PP5.HAUPT","DETERM","0.0059507276480285157","0.0059507276480295452","","","1.02956e-15","1e-09","bestanden"
"S17.B1.Z30.X.PP7.HAUPT","DETERM","0.033412796495665802","0.033412796495665878","","","7.63278e-17","1e-09","bestanden"
"S17.DF.CM.X.FAMS.FAMB","EXAKT","18","18","","","0","0","bestanden"
"S17.DF.CM.X.ITT.AEND","EXAKT","20","20","","","0","0","bestanden"
"S17.DF.CM.X.ITT.MW","EXAKT","19","19","","","0","0","bestanden"
"S17.DF.CM.X.ITT.OPAH","EXAKT","20","20","","","0","0","bestanden"
"S17.DF.CM.X.PP5.HAUPT","EXAKT","14","14","","","0","0","bestanden"
"S17.DF.CM.X.PP7.HAUPT","EXAKT","","","Fallzahlregel","Fallzahlregel","","","bestanden (beide fehlend, gleicher Grund)"
"S17.DF.SBJ.X.FAMS.FAMB","EXAKT","21","21","","","0","0","bestanden"
"S17.DF.SBJ.X.ITT.AEND","EXAKT","23","23","","","0","0","bestanden"
"S17.DF.SBJ.X.ITT.MW","EXAKT","22","22","","","0","0","bestanden"
"S17.DF.SBJ.X.ITT.OPAH","EXAKT","23","23","","","0","0","bestanden"
"S17.DF.SBJ.X.PP5.HAUPT","EXAKT","16","16","","","0","0","bestanden"
"S17.DF.SBJ.X.PP7.HAUPT","EXAKT","14","14","","","0","0","bestanden"
"S17.DF.Z30.X.FAMS.FAMB","EXAKT","21","21","","","0","0","bestanden"
"S17.DF.Z30.X.ITT.AEND","EXAKT","23","23","","","0","0","bestanden"
"S17.DF.Z30.X.ITT.MW","EXAKT","22","22","","","0","0","bestanden"
"S17.DF.Z30.X.ITT.OPAH","EXAKT","23","23","","","0","0","bestanden"
"S17.DF.Z30.X.PP5.HAUPT","EXAKT","16","16","","","0","0","bestanden"
"S17.DF.Z30.X.PP7.HAUPT","EXAKT","14","14","","","0","0","bestanden"
"S17.KIO.CM.X.FAMS.FAMB","DETERM","0.074271468306050331","0.074271468306051511","","","1.17961e-15","1e-09","bestanden"
"S17.KIO.CM.X.ITT.AEND","DETERM","0.06681633330186984","0.066816333301869882","","","4.16334e-17","1e-09","bestanden"
"S17.KIO.CM.X.ITT.MW","DETERM","0.088782591837501118","0.088782591837502228","","","1.11022e-15","1e-09","bestanden"
"S17.KIO.CM.X.ITT.OPAH","DETERM","0.051279242821938312","0.051279242821938839","","","5.27356e-16","1e-09","bestanden"
"S17.KIO.CM.X.PP5.HAUPT","DETERM","0.091313859305409362","0.091313859305409750","","","3.88578e-16","1e-09","bestanden"
"S17.KIO.CM.X.PP7.HAUPT","DETERM","","","Fallzahlregel","Fallzahlregel","","","bestanden (beide fehlend, gleicher Grund)"
"S17.KIO.SBJ.X.FAMS.FAMB","DETERM","9.6374453124981905","9.6374453124983006","","","1.10134e-13","9.63745e-09","bestanden"
"S17.KIO.SBJ.X.ITT.AEND","DETERM","8.5420944391000617","8.5420944391001079","","","4.61853e-14","8.54209e-09","bestanden"
"S17.KIO.SBJ.X.ITT.MW","DETERM","5.586391619956748","5.5863916199569230","","","1.74971e-13","5.58639e-09","bestanden"
"S17.KIO.SBJ.X.ITT.OPAH","DETERM","8.137645371497209","8.1376453714973067","","","9.76996e-14","8.13765e-09","bestanden"
"S17.KIO.SBJ.X.PP5.HAUPT","DETERM","9.5857020328481273","9.5857020328480544","","","-7.28306e-14","9.5857e-09","bestanden"
"S17.KIO.SBJ.X.PP7.HAUPT","DETERM","10.957802153713367","10.957802153713400","","","3.37508e-14","1.09578e-08","bestanden"
"S17.KIO.Z30.X.FAMS.FAMB","DETERM","0.10726524611068683","0.10726524611068836","","","1.52656e-15","1e-09","bestanden"
"S17.KIO.Z30.X.ITT.AEND","DETERM","0.20497094834845211","0.20497094834845314","","","1.02696e-15","1e-09","bestanden"
"S17.KIO.Z30.X.ITT.MW","DETERM","0.09792180895469324","0.097921808954695017","","","1.77636e-15","1e-09","bestanden"
"S17.KIO.Z30.X.ITT.OPAH","DETERM","0.077579929932433359","0.077579929932434483","","","1.1241e-15","1e-09","bestanden"
"S17.KIO.Z30.X.PP5.HAUPT","DETERM","0.2290996320729165","0.22909963207291811","","","1.60982e-15","1e-09","bestanden"
"S17.KIO.Z30.X.PP7.HAUPT","DETERM","0.28621354883555339","0.28621354883555344","","","5.55112e-17","1e-09","bestanden"
"S17.KIU.CM.X.FAMS.FAMB","DETERM","-0.091856003676822034","-0.091856003676820577","","","1.45717e-15","1e-09","bestanden"
"S17.KIU.CM.X.ITT.AEND","DETERM","-0.084786361417020145","-0.084786361417020326","","","-1.80411e-16","1e-09","bestanden"
"S17.KIU.CM.X.ITT.MW","DETERM","-0.076866174341112009","-0.076866174341110899","","","1.11022e-15","1e-09","bestanden"
"S17.KIU.CM.X.ITT.OPAH","DETERM","-0.068182429052037211","-0.068182429052036503","","","7.07767e-16","1e-09","bestanden"
"S17.KIU.CM.X.PP5.HAUPT","DETERM","-0.11895265029624319","-0.11895265029624294","","","2.498e-16","1e-09","bestanden"
"S17.KIU.CM.X.PP7.HAUPT","DETERM","","","Fallzahlregel","Fallzahlregel","","","bestanden (beide fehlend, gleicher Grund)"
"S17.KIU.SBJ.X.FAMS.FAMB","DETERM","-9.0105431546641803","-9.0105431546641022","","","7.81597e-14","9.01054e-09","bestanden"
"S17.KIU.SBJ.X.ITT.AEND","DETERM","-9.8132547425070733","-9.8132547425071088","","","-3.55271e-14","9.81325e-09","bestanden"
"S17.KIU.SBJ.X.ITT.MW","DETERM","-10.410684937601401","-10.410684937601282","","","1.19016e-13","1.04107e-08","bestanden"
"S17.KIU.SBJ.X.ITT.OPAH","DETERM","-6.0012297211226429","-6.0012297211225469","","","9.59233e-14","6.00123e-09","bestanden"
"S17.KIU.SBJ.X.PP5.HAUPT","DETERM","-13.394114976230947","-13.394114976231005","","","-5.86198e-14","1.33941e-08","bestanden"
"S17.KIU.SBJ.X.PP7.HAUPT","DETERM","-12.668716501682063","-12.668716501682026","","","3.73035e-14","1.26687e-08","bestanden"
"S17.KIU.Z30.X.FAMS.FAMB","DETERM","-0.21380281017644293","-0.21380281017644162","","","1.30451e-15","1e-09","bestanden"
"S17.KIU.Z30.X.ITT.AEND","DETERM","-0.10644537286983405","-0.10644537286983440","","","-3.46945e-16","1e-09","bestanden"
"S17.KIU.Z30.X.ITT.MW","DETERM","-0.22123344955473498","-0.22123344955473348","","","1.4988e-15","1e-09","bestanden"
"S17.KIU.Z30.X.ITT.OPAH","DETERM","-0.19938347126949313","-0.19938347126949138","","","1.7486e-15","1e-09","bestanden"
"S17.KIU.Z30.X.PP5.HAUPT","DETERM","-0.21719817677685949","-0.21719817677685904","","","4.44089e-16","1e-09","bestanden"
"S17.KIU.Z30.X.PP7.HAUPT","DETERM","-0.21938795584422177","-0.21938795584422172","","","5.55112e-17","1e-09","bestanden"
"S17.M.CM.DIFF.ITTIG.F1","DETERM","0.019374999999999754","0.019374999999999754","","","0","1e-09","bestanden"
"S17.M.CM.DIFF.ITTIG.F2","DETERM","0.009999999999999877","0.0099999999999998770","","","0","1e-09","bestanden"
"S17.M.CM.DIFF.ITTKG.F1","DETERM","","","zu wenige Werte","zu wenige Werte","","","bestanden (beide fehlend, gleicher Grund)"
"S17.M.CM.DIFF.ITTKG.F2","DETERM","0.0064999999999999954","0.0064999999999999954","","","0","1e-09","bestanden"
"S17.M.CM.POST.FAMSIG.FAMB","DETERM","2.4715384615384615","2.4715384615384615","","","0","2.47154e-09","bestanden"
"S17.M.CM.POST.FAMSKG.FAMB","DETERM","2.532","2.5320000000000000","","","0","2.532e-09","bestanden"
"S17.M.CM.POST.PP5IG.HAUPT","DETERM","2.4612499999999997","2.4612499999999997","","","0","2.46125e-09","bestanden"
"S17.M.CM.POST.PP7IG.HAUPT","DETERM","2.4683333333333333","2.4683333333333333","","","0","2.46833e-09","bestanden"
"S17.M.CM.PRE.FAMSIG.FAMB","DETERM","2.4557692307692309","2.4557692307692309","","","0","2.45577e-09","bestanden"
"S17.M.CM.PRE.FAMSKG.FAMB","DETERM","2.5255000000000001","2.5255000000000001","","","0","2.5255e-09","bestanden"
"S17.M.CM.PRE.PP5IG.HAUPT","DETERM","2.4318750000000002","2.4318750000000002","","","0","2.43188e-09","bestanden"
"S17.M.CM.PRE.PP7IG.HAUPT","DETERM","2.4208333333333334","2.4208333333333334","","","0","2.42083e-09","bestanden"
"S17.M.SBJ.DIFF.ITTIG.F1","DETERM","-5","-5.0000000000000000","","","0","5e-09","bestanden"
"S17.M.SBJ.DIFF.ITTIG.F2","DETERM","-3.7142857142857144","-3.7142857142857144","","","0","3.71429e-09","bestanden"
"S17.M.SBJ.DIFF.ITTKG.F1","DETERM","","","zu wenige Werte","zu wenige Werte","","","bestanden (beide fehlend, gleicher Grund)"
"S17.M.SBJ.DIFF.ITTKG.F2","DETERM","-3.2000000000000002","-3.2000000000000002","","","0","3.2e-09","bestanden"
"S17.M.SBJ.POST.FAMSIG.FAMB","DETERM","233.3125","233.31250000000000","","","0","2.33313e-07","bestanden"
"S17.M.SBJ.POST.FAMSKG.FAMB","DETERM","223.19999999999999","223.19999999999999","","","0","2.232e-07","bestanden"
"S17.M.SBJ.POST.PP5IG.HAUPT","DETERM","235.69999999999999","235.69999999999999","","","0","2.357e-07","bestanden"
"S17.M.SBJ.POST.PP7IG.HAUPT","DETERM","238.125","238.12500000000000","","","0","2.38125e-07","bestanden"
"S17.M.SBJ.PRE.FAMSIG.FAMB","DETERM","237.75","237.75000000000000","","","0","2.3775e-07","bestanden"
"S17.M.SBJ.PRE.FAMSKG.FAMB","DETERM","226.40000000000001","226.40000000000001","","","0","2.264e-07","bestanden"
"S17.M.SBJ.PRE.PP5IG.HAUPT","DETERM","239.69999999999999","239.69999999999999","","","0","2.397e-07","bestanden"
"S17.M.SBJ.PRE.PP7IG.HAUPT","DETERM","242.375","242.37500000000000","","","0","2.42375e-07","bestanden"
"S17.M.Z30.DIFF.ITTIG.F1","DETERM","0.088888888888888767","0.088888888888888767","","","0","1e-09","bestanden"
"S17.M.Z30.DIFF.ITTIG.F2","DETERM","0.012857142857142838","0.012857142857142838","","","0","1e-09","bestanden"
"S17.M.Z30.DIFF.ITTKG.F1","DETERM","","","zu wenige Werte","zu wenige Werte","","","bestanden (beide fehlend, gleicher Grund)"
"S17.M.Z30.DIFF.ITTKG.F2","DETERM","-0.00099999999999997313","-0.00099999999999997313","","","0","1e-09","bestanden"
"S17.M.Z30.POST.FAMSIG.FAMB","DETERM","4.5662500000000001","4.5662500000000001","","","0","4.56625e-09","bestanden"
"S17.M.Z30.POST.FAMSKG.FAMB","DETERM","4.8929999999999998","4.8929999999999998","","","0","4.893e-09","bestanden"
"S17.M.Z30.POST.PP5IG.HAUPT","DETERM","4.5750000000000002","4.5750000000000002","","","0","4.575e-09","bestanden"
"S17.M.Z30.POST.PP7IG.HAUPT","DETERM","4.5700000000000003","4.5700000000000003","","","0","4.57e-09","bestanden"
"S17.M.Z30.PRE.FAMSIG.FAMB","DETERM","4.5106250000000001","4.5106250000000001","","","0","4.51063e-09","bestanden"
"S17.M.Z30.PRE.FAMSKG.FAMB","DETERM","4.8940000000000001","4.8940000000000001","","","0","4.894e-09","bestanden"
"S17.M.Z30.PRE.PP5IG.HAUPT","DETERM","4.5010000000000003","4.5010000000000003","","","0","4.501e-09","bestanden"
"S17.M.Z30.PRE.PP7IG.HAUPT","DETERM","4.4787499999999998","4.4787499999999998","","","0","4.47875e-09","bestanden"
"S17.N.CM.DIFF.ITTIG.F1","EXAKT","8","8","","","0","0","bestanden"
"S17.N.CM.DIFF.ITTIG.F2","EXAKT","5","5","","","0","0","bestanden"
"S17.N.CM.DIFF.ITTKG.F1","EXAKT","0","0","","","0","0","bestanden"
"S17.N.CM.DIFF.ITTKG.F2","EXAKT","10","10","","","0","0","bestanden"
"S17.N.SBJ.DIFF.ITTIG.F1","EXAKT","9","9","","","0","0","bestanden"
"S17.N.SBJ.DIFF.ITTIG.F2","EXAKT","7","7","","","0","0","bestanden"
"S17.N.SBJ.DIFF.ITTKG.F1","EXAKT","0","0","","","0","0","bestanden"
"S17.N.SBJ.DIFF.ITTKG.F2","EXAKT","10","10","","","0","0","bestanden"
"S17.N.Z30.DIFF.ITTIG.F1","EXAKT","9","9","","","0","0","bestanden"
"S17.N.Z30.DIFF.ITTIG.F2","EXAKT","7","7","","","0","0","bestanden"
"S17.N.Z30.DIFF.ITTKG.F1","EXAKT","0","0","","","0","0","bestanden"
"S17.N.Z30.DIFF.ITTKG.F2","EXAKT","10","10","","","0","0","bestanden"
"S17.NIG.CM.X.FAMS.FAMB","EXAKT","13","13","","","0","0","bestanden"
"S17.NIG.CM.X.ITT.AEND","EXAKT","13","13","","","0","0","bestanden"
"S17.NIG.CM.X.ITT.MW","EXAKT","13","13","","","0","0","bestanden"
"S17.NIG.CM.X.ITT.OPAH","EXAKT","13","13","","","0","0","bestanden"
"S17.NIG.CM.X.PP5.HAUPT","EXAKT","8","8","","","0","0","bestanden"
"S17.NIG.CM.X.PP7.HAUPT","EXAKT","6","6","","","0","0","bestanden"
"S17.NIG.SBJ.X.FAMS.FAMB","EXAKT","16","16","","","0","0","bestanden"
"S17.NIG.SBJ.X.ITT.AEND","EXAKT","16","16","","","0","0","bestanden"
"S17.NIG.SBJ.X.ITT.MW","EXAKT","16","16","","","0","0","bestanden"
"S17.NIG.SBJ.X.ITT.OPAH","EXAKT","16","16","","","0","0","bestanden"
"S17.NIG.SBJ.X.PP5.HAUPT","EXAKT","10","10","","","0","0","bestanden"
"S17.NIG.SBJ.X.PP7.HAUPT","EXAKT","8","8","","","0","0","bestanden"
"S17.NIG.Z30.X.FAMS.FAMB","EXAKT","16","16","","","0","0","bestanden"
"S17.NIG.Z30.X.ITT.AEND","EXAKT","16","16","","","0","0","bestanden"
"S17.NIG.Z30.X.ITT.MW","EXAKT","16","16","","","0","0","bestanden"
"S17.NIG.Z30.X.ITT.OPAH","EXAKT","16","16","","","0","0","bestanden"
"S17.NIG.Z30.X.PP5.HAUPT","EXAKT","10","10","","","0","0","bestanden"
"S17.NIG.Z30.X.PP7.HAUPT","EXAKT","8","8","","","0","0","bestanden"
"S17.NKG.CM.X.FAMS.FAMB","EXAKT","10","10","","","0","0","bestanden"
"S17.NKG.CM.X.ITT.AEND","EXAKT","10","10","","","0","0","bestanden"
"S17.NKG.CM.X.ITT.MW","EXAKT","10","10","","","0","0","bestanden"
"S17.NKG.CM.X.ITT.OPAH","EXAKT","10","10","","","0","0","bestanden"
"S17.NKG.CM.X.PP5.HAUPT","EXAKT","10","10","","","0","0","bestanden"
"S17.NKG.CM.X.PP7.HAUPT","EXAKT","10","10","","","0","0","bestanden"
"S17.NKG.SBJ.X.FAMS.FAMB","EXAKT","10","10","","","0","0","bestanden"
"S17.NKG.SBJ.X.ITT.AEND","EXAKT","10","10","","","0","0","bestanden"
"S17.NKG.SBJ.X.ITT.MW","EXAKT","10","10","","","0","0","bestanden"
"S17.NKG.SBJ.X.ITT.OPAH","EXAKT","10","10","","","0","0","bestanden"
"S17.NKG.SBJ.X.PP5.HAUPT","EXAKT","10","10","","","0","0","bestanden"
"S17.NKG.SBJ.X.PP7.HAUPT","EXAKT","10","10","","","0","0","bestanden"
"S17.NKG.Z30.X.FAMS.FAMB","EXAKT","10","10","","","0","0","bestanden"
"S17.NKG.Z30.X.ITT.AEND","EXAKT","10","10","","","0","0","bestanden"
"S17.NKG.Z30.X.ITT.MW","EXAKT","10","10","","","0","0","bestanden"
"S17.NKG.Z30.X.ITT.OPAH","EXAKT","10","10","","","0","0","bestanden"
"S17.NKG.Z30.X.PP5.HAUPT","EXAKT","10","10","","","0","0","bestanden"
"S17.NKG.Z30.X.PP7.HAUPT","EXAKT","10","10","","","0","0","bestanden"
"S17.P.CM.X.FAMS.FAMB","DETERM","0.82652039401347643","0.82652039401350175","","","2.53131e-14","1e-09","bestanden"
"S17.P.CM.X.ITT.AEND","DETERM","0.80722985149084325","0.80722985149084214","","","-1.11022e-15","1e-09","bestanden"
"S17.P.CM.X.ITT.MW","DETERM","0.88190376416583072","0.88190376416580873","","","-2.19824e-14","1e-09","bestanden"
"S17.P.CM.X.ITT.OPAH","DETERM","0.77091947033974295","0.77091947033975861","","","1.56541e-14","1e-09","bestanden"
"S17.P.CM.X.PP5.HAUPT","DETERM","0.78212590101702806","0.78212590101703305","","","4.996e-15","1e-09","bestanden"
"S17.P.CM.X.PP7.HAUPT","DETERM","","","Fallzahlregel","Fallzahlregel","","","bestanden (beide fehlend, gleicher Grund)"
"S17.P.SBJ.X.FAMS.FAMB","DETERM","0.94492533861964123","0.94492533861962491","","","-1.63203e-14","1e-09","bestanden"
"S17.P.SBJ.X.ITT.AEND","DETERM","0.88733222151315283","0.88733222151315438","","","1.55431e-15","1e-09","bestanden"
"S17.P.SBJ.X.ITT.MW","DETERM","0.53812644554577316","0.53812644554579880","","","2.56462e-14","1e-09","bestanden"
"S17.P.SBJ.X.ITT.OPAH","DETERM","0.75741719318032807","0.75741719318030676","","","-2.13163e-14","1e-09","bestanden"
"S17.P.SBJ.X.PP5.HAUPT","DETERM","0.72992534580232338","0.72992534580231416","","","-9.21485e-15","1e-09","bestanden"
"S17.P.SBJ.X.PP7.HAUPT","DETERM","0.87879029191345037","0.87879029191345526","","","4.88498e-15","1e-09","bestanden"
"S17.P.Z30.X.FAMS.FAMB","DETERM","0.4977110002500677","0.49771100025007931","","","1.16018e-14","1e-09","bestanden"
"S17.P.Z30.X.ITT.AEND","DETERM","0.51929446189724338","0.51929446189724238","","","-9.99201e-16","1e-09","bestanden"
"S17.P.Z30.X.ITT.MW","DETERM","0.43153921098636489","0.43153921098637693","","","1.20459e-14","1e-09","bestanden"
"S17.P.Z30.X.ITT.OPAH","DETERM","0.37238557611540751","0.37238557611541756","","","1.00475e-14","1e-09","bestanden"
"S17.P.Z30.X.PP5.HAUPT","DETERM","0.95561822431902932","0.95561822431902166","","","-7.66054e-15","1e-09","bestanden"
"S17.P.Z30.X.PP7.HAUPT","DETERM","0.78095969133204357","0.78095969133204302","","","-5.55112e-16","1e-09","bestanden"
"S17.SD.CM.DIFF.ITTIG.F1","DETERM","0.076971121671887813","0.076971121671887813","","","0","1e-09","bestanden"
"S17.SD.CM.DIFF.ITTIG.F2","DETERM","0.053967582862307267","0.053967582862307267","","","0","1e-09","bestanden"
"S17.SD.CM.DIFF.ITTKG.F1","DETERM","","","zu wenige Werte","zu wenige Werte","","","bestanden (beide fehlend, gleicher Grund)"
"S17.SD.CM.DIFF.ITTKG.F2","DETERM","0.069083283071956145","0.069083283071956145","","","0","1e-09","bestanden"
"S17.SD.CM.POST.FAMSIG.FAMB","DETERM","0.080580824212521135","0.080580824212521135","","","0","1e-09","bestanden"
"S17.SD.CM.POST.FAMSKG.FAMB","DETERM","0.11804424782446808","0.11804424782446808","","","0","1e-09","bestanden"
"S17.SD.CM.POST.PP5IG.HAUPT","DETERM","0.080611502192393672","0.080611502192393672","","","0","1e-09","bestanden"
"S17.SD.CM.POST.PP7IG.HAUPT","DETERM","0.09363047936792096","0.093630479367920960","","","0","1e-09","bestanden"
"S17.SD.CM.PRE.FAMSIG.FAMB","DETERM","0.094446769704909964","0.094446769704909964","","","0","1e-09","bestanden"
"S17.SD.CM.PRE.FAMSKG.FAMB","DETERM","0.11081641474879872","0.11081641474879872","","","0","1e-09","bestanden"
"S17.SD.CM.PRE.PP5IG.HAUPT","DETERM","0.10398961143169193","0.10398961143169193","","","0","1e-09","bestanden"
"S17.SD.CM.PRE.PP7IG.HAUPT","DETERM","0.11795832597433152","0.11795832597433152","","","0","1e-09","bestanden"
"S17.SD.SBJ.DIFF.ITTIG.F1","DETERM","7.6974021591703261","7.6974021591703261","","","0","7.6974e-09","bestanden"
"S17.SD.SBJ.DIFF.ITTIG.F2","DETERM","4.5721725585067219","4.5721725585067219","","","0","4.57217e-09","bestanden"
"S17.SD.SBJ.DIFF.ITTKG.F1","DETERM","","","zu wenige Werte","zu wenige Werte","","","bestanden (beide fehlend, gleicher Grund)"
"S17.SD.SBJ.DIFF.ITTKG.F2","DETERM","11.193251935380035","11.193251935380035","","","0","1.11933e-08","bestanden"
"S17.SD.SBJ.POST.FAMSIG.FAMB","DETERM","13.931828068610857","13.931828068610857","","","0","1.39318e-08","bestanden"
"S17.SD.SBJ.POST.FAMSKG.FAMB","DETERM","17.028081382103959","17.028081382103959","","","0","1.70281e-08","bestanden"
"S17.SD.SBJ.POST.PP5IG.HAUPT","DETERM","12.614365708279678","12.614365708279678","","","0","1.26144e-08","bestanden"
"S17.SD.SBJ.POST.PP7IG.HAUPT","DETERM","2.5319388392523003","2.5319388392523003","","","0","2.53194e-09","bestanden"
"S17.SD.SBJ.PRE.FAMSIG.FAMB","DETERM","12.917688131653692","12.917688131653692","","","0","1.29177e-08","bestanden"
"S17.SD.SBJ.PRE.FAMSKG.FAMB","DETERM","20.753580681682646","20.753580681682646","","","0","2.07536e-08","bestanden"
"S17.SD.SBJ.PRE.PP5IG.HAUPT","DETERM","14.252095362515023","14.252095362515023","","","0","1.42521e-08","bestanden"
"S17.SD.SBJ.PRE.PP7IG.HAUPT","DETERM","9.0543990886829633","9.0543990886829633","","","0","9.0544e-09","bestanden"
"S17.SD.Z30.DIFF.ITTIG.F1","DETERM","0.10067825540359296","0.10067825540359296","","","0","1e-09","bestanden"
"S17.SD.Z30.DIFF.ITTIG.F2","DETERM","0.056484300389366526","0.056484300389366526","","","0","1e-09","bestanden"
"S17.SD.Z30.DIFF.ITTKG.F1","DETERM","","","zu wenige Werte","zu wenige Werte","","","bestanden (beide fehlend, gleicher Grund)"
"S17.SD.Z30.DIFF.ITTKG.F2","DETERM","0.20425746280396023","0.20425746280396023","","","0","1e-09","bestanden"
"S17.SD.Z30.POST.FAMSIG.FAMB","DETERM","0.18416930616509722","0.18416930616509722","","","0","1e-09","bestanden"
"S17.SD.Z30.POST.FAMSKG.FAMB","DETERM","0.23494916707899","0.23494916707899000","","","0","1e-09","bestanden"
"S17.SD.Z30.POST.PP5IG.HAUPT","DETERM","0.18928227010942617","0.18928227010942617","","","0","1e-09","bestanden"
"S17.SD.Z30.POST.PP7IG.HAUPT","DETERM","0.20942097043310362","0.20942097043310362","","","0","1e-09","bestanden"
"S17.SD.Z30.PRE.FAMSIG.FAMB","DETERM","0.20872529793966044","0.20872529793966044","","","0","1e-09","bestanden"
"S17.SD.Z30.PRE.FAMSKG.FAMB","DETERM","0.27023446609688168","0.27023446609688168","","","0","1e-09","bestanden"
"S17.SD.Z30.PRE.PP5IG.HAUPT","DETERM","0.22092985312084934","0.22092985312084934","","","0","1e-09","bestanden"
"S17.SD.Z30.PRE.PP7IG.HAUPT","DETERM","0.24386398433787421","0.24386398433787421","","","0","1e-09","bestanden"
"S17.SEB1.CM.X.FAMS.FAMB","DETERM","0.0395368007000899","0.039536800700089837","","","-6.245e-17","1e-09","bestanden"
"S17.SEB1.CM.X.ITT.AEND","DETERM","0.036338770681145029","0.036338770681145070","","","4.16334e-17","1e-09","bestanden"
"S17.SEB1.CM.X.ITT.MW","DETERM","0.039571634599641879","0.039571634599641872","","","-6.93889e-18","1e-09","bestanden"
"S17.SEB1.CM.X.ITT.OPAH","DETERM","0.02863465129999224","0.028634651299992184","","","-5.55112e-17","1e-09","bestanden"
"S17.SEB1.CM.X.PP5.HAUPT","DETERM","0.04901804705944509","0.049018047059445118","","","2.77556e-17","1e-09","bestanden"
"S17.SEB1.CM.X.PP7.HAUPT","DETERM","","","Fallzahlregel","Fallzahlregel","","","bestanden (beide fehlend, gleicher Grund)"
"S17.SEB1.SBJ.X.FAMS.FAMB","DETERM","4.4835219082714559","4.4835219082714630","","","7.10543e-15","4.48352e-09","bestanden"
"S17.SEB1.SBJ.X.ITT.AEND","DETERM","4.4365363047896764","4.4365363047896968","","","2.04281e-14","4.43654e-09","bestanden"
"S17.SEB1.SBJ.X.ITT.MW","DETERM","3.8568118765642945","3.8568118765643069","","","1.24345e-14","3.85681e-09","bestanden"
"S17.SEB1.SBJ.X.ITT.OPAH","DETERM","3.4174033975965061","3.4174033975965070","","","8.88178e-16","3.4174e-09","bestanden"
"S17.SEB1.SBJ.X.PP5.HAUPT","DETERM","5.4200102753459527","5.4200102753459509","","","-1.77636e-15","5.42001e-09","bestanden"
"S17.SEB1.SBJ.X.PP7.HAUPT","DETERM","5.5078947450789295","5.5078947450789286","","","-8.88178e-16","5.50789e-09","bestanden"
"S17.SEB1.Z30.X.FAMS.FAMB","DETERM","0.077194152438712207","0.077194152438712249","","","4.16334e-17","1e-09","bestanden"
"S17.SEB1.Z30.X.ITT.AEND","DETERM","0.075270146120314824","0.075270146120315171","","","3.46945e-16","1e-09","bestanden"
"S17.SEB1.Z30.X.ITT.MW","DETERM","0.076946671290732557","0.076946671290732599","","","4.16334e-17","1e-09","bestanden"
"S17.SEB1.Z30.X.ITT.OPAH","DETERM","0.06694278449149009","0.066942784491489951","","","-1.38778e-16","1e-09","bestanden"
"S17.SEB1.Z30.X.PP5.HAUPT","DETERM","0.10526361932623196","0.10526361932623225","","","2.91434e-16","1e-09","bestanden"
"S17.SEB1.Z30.X.PP7.HAUPT","DETERM","0.11786755007571915","0.11786755007571915","","","0","1e-09","bestanden"
"S17.T.CM.X.FAMS.FAMB","DETERM","-0.22238187030054402","-0.22238187030051110","","","3.29181e-14","1e-09","bestanden"
"S17.T.CM.X.ITT.AEND","DETERM","-0.24725696244416934","-0.24725696244417072","","","-1.38778e-15","1e-09","bestanden"
"S17.T.CM.X.ITT.MW","DETERM","0.15056766819150982","0.15056766819153825","","","2.84217e-14","1e-09","bestanden"
"S17.T.CM.X.ITT.OPAH","DETERM","-0.29515264657864854","-0.29515264657862761","","","2.09277e-14","1e-09","bestanden"
"S17.T.CM.X.PP5.HAUPT","DETERM","-0.28192464458361377","-0.28192464458360711","","","6.66134e-15","1e-09","bestanden"
"S17.T.CM.X.PP7.HAUPT","DETERM","","","Fallzahlregel","Fallzahlregel","","","bestanden (beide fehlend, gleicher Grund)"
"S17.T.SBJ.X.FAMS.FAMB","DETERM","0.069911798209067066","0.069911798209087966","","","2.08999e-14","1e-09","bestanden"
"S17.T.SBJ.X.ITT.AEND","DETERM","-0.14326044193920726","-0.14326044193920512","","","2.13718e-15","1e-09","bestanden"
"S17.T.SBJ.X.ITT.MW","DETERM","-0.62542502357441976","-0.62542502357437957","","","4.01901e-14","1e-09","bestanden"
"S17.T.SBJ.X.ITT.OPAH","DETERM","0.31257879182146414","0.31257879182149251","","","2.83662e-14","1e-09","bestanden"
"S17.T.SBJ.X.PP5.HAUPT","DETERM","-0.35132894126660419","-0.35132894126661651","","","-1.23235e-14","1e-09","bestanden"
"S17.T.SBJ.X.PP7.HAUPT","DETERM","-0.15531472796364934","-0.15531472796364307","","","6.27276e-15","1e-09","bestanden"
"S17.T.Z30.X.FAMS.FAMB","DETERM","-0.69006239915867262","-0.69006239915865408","","","1.85407e-14","1e-09","bestanden"
"S17.T.Z30.X.ITT.AEND","DETERM","0.65447976759026627","0.65447976759026794","","","1.66533e-15","1e-09","bestanden"
"S17.T.Z30.X.ITT.MW","DETERM","-0.80127988990014543","-0.80127988990012378","","","2.16493e-14","1e-09","bestanden"
"S17.T.Z30.X.ITT.OPAH","DETERM","-0.90975855174162712","-0.90975855174160758","","","1.95399e-14","1e-09","bestanden"
"S17.T.Z30.X.PP5.HAUPT","DETERM","0.056531664844109909","0.056531664844119534","","","9.62425e-15","1e-09","bestanden"
"S17.T.Z30.X.PP7.HAUPT","DETERM","0.28347748361785008","0.28347748361785075","","","6.66134e-16","1e-09","bestanden"
"S18.DF1.CM.X.ITT.X","EXAKT","1","1","","","0","0","bestanden"
"S18.DF1.SBJ.X.ITT.X","EXAKT","1","1","","","0","0","bestanden"
"S18.DF1.Z10.X.ITT.X","EXAKT","1","1","","","0","0","bestanden"
"S18.DF1.Z30.X.ITT.X","EXAKT","1","1","","","0","0","bestanden"
"S18.DF2.CM.X.ITT.X","EXAKT","19","19","","","0","0","bestanden"
"S18.DF2.SBJ.X.ITT.X","EXAKT","22","22","","","0","0","bestanden"
"S18.DF2.Z10.X.ITT.X","EXAKT","13","13","","","0","0","bestanden"
"S18.DF2.Z30.X.ITT.X","EXAKT","22","22","","","0","0","bestanden"
"S18.FCRIT.CM.X.ITT.X","DETERM","4.3807496923317935","4.3807496923317988","","","5.32907e-15","4.38075e-09","bestanden"
"S18.FCRIT.SBJ.X.ITT.X","DETERM","4.3009495017776542","4.3009495017776569","","","2.66454e-15","4.30095e-09","bestanden"
"S18.FCRIT.Z10.X.ITT.X","DETERM","4.6671927318268471","4.6671927318268480","","","8.88178e-16","4.66719e-09","bestanden"
"S18.FCRIT.Z30.X.ITT.X","DETERM","4.3009495017776542","4.3009495017776569","","","2.66454e-15","4.30095e-09","bestanden"
"S18.MDES.CM.X.ITT.X","ITERATIV","1.242343512554323","1.2423435117310158","","","-8.23307e-10","1.24234e-06","bestanden"
"S18.MDES.SBJ.X.ITT.X","ITERATIV","1.1817570765470877","1.1817570761884006","","","-3.58687e-10","1.18176e-06","bestanden"
"S18.MDES.Z30.X.ITT.X","ITERATIV","1.1817570765470877","1.1817570761884006","","","-3.58687e-10","1.18176e-06","bestanden"
"S18.MDESR.CM.X.ITT.X","ITERATIV","6.2117175627716144","6.2117175586550788","","","-4.11654e-09","6.21172e-06","bestanden"
"S18.MDESR.SBJ.X.ITT.X","ITERATIV","5.908785382735438","5.9087853809420032","","","-1.79343e-09","5.90879e-06","bestanden"
"S18.MDESR.Z30.X.ITT.X","ITERATIV","5.908785382735438","5.9087853809420032","","","-1.79343e-09","5.90879e-06","bestanden"
"S18.NTOT.CM.X.ITT.X","EXAKT","23","23","","","0","0","bestanden"
"S18.NTOT.SBJ.X.ITT.X","EXAKT","26","26","","","0","0","bestanden"
"S18.NTOT.Z10.X.ITT.X","EXAKT","17","17","","","0","0","bestanden"
"S18.NTOT.Z30.X.ITT.X","EXAKT","26","26","","","0","0","bestanden"
"S18.POW.CM.X.ITT.D037","ITERATIV","0.1330668343302841","0.13306683436039568","","","3.01116e-11","1.33067e-07","bestanden"
"S18.POW.CM.X.ITT.D093","ITERATIV","0.5551436457638228","0.55514364611747835","","","3.53656e-10","5.55144e-07","bestanden"
"S18.POW.SBJ.X.ITT.D037","ITERATIV","0.14196148207295523","0.14196148211827675","","","4.53215e-11","1.41961e-07","bestanden"
"S18.POW.SBJ.X.ITT.D093","ITERATIV","0.59704610368452471","0.59704610417137216","","","4.86847e-10","5.97046e-07","bestanden"
"S18.POW.Z10.X.ITT.D006","ITERATIV","0.051465039725892114","0.051465039746301122","","","2.0409e-11","5.1465e-08","bestanden"
"S18.POW.Z10.X.ITT.D011","ITERATIV","0.054933987943940776","0.054933987950295027","","","6.35425e-12","5.4934e-08","bestanden"
"S18.POW.Z30.X.ITT.D037","ITERATIV","0.14196148207295523","0.14196148211827675","","","4.53215e-11","1.41961e-07","bestanden"
"S18.POW.Z30.X.ITT.D093","ITERATIV","0.59704610368452471","0.59704610417137216","","","4.86847e-10","5.97046e-07","bestanden"
"S19.BKIO.CM.X.ITT.BOOT","ZUFALL","0.052886822613328555","0.052634871468095153","","","-0.000251951","0.00343658","bestanden"
"S19.BKIO.SBJ.X.ITT.BOOT","ZUFALL","9.7611662338726308","9.6716035813647299","","","-0.0895627","0.539753","bestanden"
"S19.BKIO.Z30.X.ITT.BOOT","ZUFALL","0.11025320297092447","0.10708819588395836","","","-0.00316501","0.0117325","bestanden"
"S19.BKIU.CM.X.ITT.BOOT","ZUFALL","-0.10974384443541732","-0.10508396506537650","","","0.00465988","0.00574616","bestanden"
"S19.BKIU.SBJ.X.ITT.BOOT","ZUFALL","-13.129960637062201","-13.113000390354621","","","0.0169602","0.68315","bestanden"
"S19.BKIU.Z30.X.ITT.BOOT","ZUFALL","-0.18237572571239036","-0.17696714174146883","","","0.00540858","0.00865086","bestanden"
"S19.BMCO.CM.X.ITT.BOOT","NACHRICHT","0.00060705114771967726","0.00097145278006820191","","","0.000364402","","nachrichtlich"
"S19.BMCO.SBJ.X.ITT.BOOT","NACHRICHT","0.11489674603444278","0.13845250031142842","","","0.0235558","","nachrichtlich"
"S19.BMCO.Z30.X.ITT.BOOT","NACHRICHT","0.0028866103976094904","0.0026385587879131254","","","-0.000248052","","nachrichtlich"
"S19.BMCU.CM.X.ITT.BOOT","NACHRICHT","0.0016006070507956736","0.0010520255323711186","","","-0.000548582","","nachrichtlich"
"S19.BMCU.SBJ.X.ITT.BOOT","NACHRICHT","0.17033604730085156","0.15113098635601988","","","-0.0192051","","nachrichtlich"
"S19.BMCU.Z30.X.ITT.BOOT","NACHRICHT","0.0019254801853266466","0.0021465768108100262","","","0.000221097","","nachrichtlich"
"S19.BNGUELT.CM.X.ITT.BOOT","NACHRICHT","10000","10000","","","0","","nachrichtlich"
"S19.BNGUELT.SBJ.X.ITT.BOOT","NACHRICHT","10000","10000","","","0","","nachrichtlich"
"S19.BNGUELT.Z30.X.ITT.BOOT","NACHRICHT","10000","10000","","","0","","nachrichtlich"
"S19.BNVERW.CM.X.ITT.BOOT","NACHRICHT","0","0","","","0","","nachrichtlich"
"S19.BNVERW.SBJ.X.ITT.BOOT","NACHRICHT","0","0","","","0","","nachrichtlich"
"S19.BNVERW.Z30.X.ITT.BOOT","NACHRICHT","0","0","","","0","","nachrichtlich"
"S19.BSD.CM.X.ITT.BOOT","NACHRICHT","0.041004838699914177","0.040365877972483970","","","-0.000638961","","nachrichtlich"
"S19.BSD.SBJ.X.ITT.BOOT","NACHRICHT","5.8591696971013096","5.7586337487000687","","","-0.100536","","nachrichtlich"
"S19.BSD.Z30.X.ITT.BOOT","NACHRICHT","0.07195414572679823","0.071679174642008653","","","-0.000274971","","nachrichtlich"
