ID;Studie;Gruppe;Rubrik;Ueberschrift;Absatz;Absatzfunktion;Satz;Woerter;Belegstellen;Primaercode;Sekundaercodes;Code_A;Code_B;Text
Lloyd2016|1.1;Lloyd 2016;Kern;Diskussion;;1;ER;1;35;0;Z2;;Z2;Z2;From the results of this study, it was observed that boys, both pre- and post-PHV, were able to make significant improvements in jumping, sprinting, or both qualities after a range of 6-week resistance-based training programs.
Lloyd2016|1.2;Lloyd 2016;Kern;Diskussion;;1;ER;2;18;0;Z2;;Z2;Z2;Irrespective of maturation, none of the control groups showed any significant changes in performance across the intervention period.
Lloyd2016|1.3;Lloyd 2016;Kern;Diskussion;;1;ER;3;27;0;Z2;;Z2;Z2;Plyometric training seemed to stimulate the greatest gains in pre-PHV children, with significant improvements (range of percentage or effect size) reported for all sprinting and jumping variables.
Lloyd2016|1.4;Lloyd 2016;Kern;Diskussion;;1;ER;4;16;0;Z2;;Z2;Z2;Across all pre-PHV training groups, effect sizes were greater for changes in jumping versus sprinting performances.
Lloyd2016|1.5;Lloyd 2016;Kern;Diskussion;;1;ER;5;34;0;Z2;;Z2;Z2;For the post-PHV cohort, combined training seemed to be the most effective in eliciting change across all performance variables, with moderate to large effects reported in acceleration, maximal running velocity, and squat jump height.
Lloyd2016|1.6;Lloyd 2016;Kern;Diskussion;;1;ER;6;25;0;Z2;B2;Z2+B2;Z2+B2;Inferential statistics showed that for almost all variables, comparable performance changes between pre- and post-PHV boys were trivial after both resistance and combined training interventions.
Lloyd2016|1.7;Lloyd 2016;Kern;Diskussion;;1;ER;7;25;0;Z2;;Z2;Z2;However, after plyometric training, changes in squat jump and acceleration performances were significant and very likely greater in pre-PHV children versus their post- PHV peers.
Lloyd2016|2.1;Lloyd 2016;Kern;Diskussion;;2;QS:Sicherheit;1;30;0;P2;B1;B1+P2;P2+B1;It should also be noted that in addition to the current study showing beneficial effects for all resistance training modes, performance gains were achieved without any occurrence of musculoskeletal injury.
Lloyd2016|2.2;Lloyd 2016;Kern;Diskussion;;2;QS:Sicherheit;2;33;1;V1;P1;V1+P1;V1+P1;This finding provides further support to recent recommendations from international consensus statements that children should participate in a varied, technical competency driven, and ageappropriate strength and conditioning program to facilitate athletic development (4,21).
Lloyd2016|3.1;Lloyd 2016;Kern;Diskussion;;3;QS:Wirksamkeit aller Formen;1;31;4;V3;;H2;V3;Developmentally appropriate strength training (28), weightlifting (7), plyometric training (26), and combined training (9) have all been proven effective in mediating beneficial adaptations in numerous measures of neuromuscular performance in youth.
Lloyd2016|3.2;Lloyd 2016;Kern;Diskussion;;3;QS:Wirksamkeit aller Formen;2;35;0;B1;;B1;B1;In the current study, significant main effects for time across all variables indicated that irrespective of resistance training mode, both pre- and post-PHV boys were able to make worthwhile improvements in jumping and sprinting performances.
Lloyd2016|3.3;Lloyd 2016;Kern;Diskussion;;3;QS:Wirksamkeit aller Formen;3;35;0;B1;;B1;B1;The current study also identified significant time 3 training group interactions for all jumping and sprinting variables, with all training programs having a significant influence on the performance changes reported after the 6-week intervention period.
Lloyd2016|4.1;Lloyd 2016;Kern;Diskussion;;4;ZG:Reifegruppe vor PHV;1;25;0;B1;;B1;B1;Of greater interest to the youth practitioner, however, was the significant time 3 training group 3 maturity interaction for both squat jump and acceleration performances.
Lloyd2016|4.2;Lloyd 2016;Kern;Diskussion;;4;ZG:Reifegruppe vor PHV;2;30;0;B1;;B1;B1;Furthermore, magnitude-based inferences confirmed that in response to the plyometric training intervention, pre-PHV children had improvements in acceleration and squat jump height that were very likely greater than post-PHV children.
Lloyd2016|4.3;Lloyd 2016;Kern;Diskussion;;4;ZG:Reifegruppe vor PHV;3;14;0;B2;;B2;B2;Almost all other between-maturity group differences were nonsignificant and trivial, irrespective of training intervention.
Lloyd2016|4.4;Lloyd 2016;Kern;Diskussion;;4;ZG:Reifegruppe vor PHV;4;15;0;B1;E3;B1;B1+E3;Intuitively, this suggests that the pre-PHV boys responded more favorably to the plyometric training program.
Lloyd2016|4.5;Lloyd 2016;Kern;Diskussion;;4;ZG:Reifegruppe vor PHV;5;29;0;E3;;E3;E3;These findings may reflect the process of “synergistic adaptation,” which refers to the symbiotic relationship between specific adaptations of an imposed training demand with concomitant growth and maturity-related adaptations.
Lloyd2016|4.6;Lloyd 2016;Kern;Diskussion;;4;ZG:Reifegruppe vor PHV;6;15;1;E1;;E1;E1;It is acknowledged that appropriately prescribed plyometric training enhances stretch-shortening cycle function in youth (26).
Lloyd2016|4.7;Lloyd 2016;Kern;Diskussion;;4;ZG:Reifegruppe vor PHV;7;34;2;E3;E1;E3+E1;E1+E3;Stretch-shortening cycle activity is governed by efficient neural regulation (18), and research shows that prepubescence is a time frame during which children experience a proliferation in neural coordination and central nervous system maturation (5,30,34).
Lloyd2016|4.8;Lloyd 2016;Kern;Diskussion;;4;ZG:Reifegruppe vor PHV;8;31;0;E3;E1;E3+E1;E3+E1;It could be suggested that the high neural demand of plyometric training provided a stimulus that coincided with the natural adaptive response of the pre-PHV boys resulting from growth and maturation.
Lloyd2016|4.9;Lloyd 2016;Kern;Diskussion;;4;ZG:Reifegruppe vor PHV;9;35;0;E3;P1;E3+P1;E3+P1;Combined, this synergistic relationship may have led to an amplified age-related training response and suggests that training during this developmental period should include exposure to plyometric training to complement motor skill and foundational strength development.
Lloyd2016|5.1;Lloyd 2016;Kern;Diskussion;;5;ZG:Reifegruppe vor PHV;1;28;2;E1;;E1;E1;Squat jump and acceleration performances are indicative of slower stretch-shortening cycle activity (6), whereas reactive strength index and maximal running velocity typically use faster stretch-shortening cycle actions (25).
Lloyd2016|5.2;Lloyd 2016;Kern;Diskussion;;5;ZG:Reifegruppe vor PHV;2;41;0;B2;B1;B1+B2;B2;Interestingly, the heightened training response shown by the pre-PHV group after the plyometric training intervention resulted only in very likely greater adaptations in squat jump and acceleration performances but unlikely changes in measures of reactive strength index and maximal running velocity.
Lloyd2016|5.3;Lloyd 2016;Kern;Diskussion;;5;ZG:Reifegruppe vor PHV;3;17;0;E2;;E2;E2;This may simply be a reflection of adaptations emanating from specifics of program design and exercise selection.
Lloyd2016|5.4;Lloyd 2016;Kern;Diskussion;;5;ZG:Reifegruppe vor PHV;4;52;0;E2;E1;E2;E2+E1;For example, the plyometric training program included a number of exercises that targeted effective landing mechanics and movements that recruited longer ground contact times (e.g., drop landings, single-leg forward hop and stick, horizontal jumps, and multiple horizontal rebounds), which may have led to a bias in adaptations of slower stretch-shortening cycle mechanics.
Lloyd2016|5.5;Lloyd 2016;Kern;Diskussion;;5;ZG:Reifegruppe vor PHV;5;17;1;E2;V1;E2+V1;E2+V1;The notion of different jump protocol strategies eliciting specific neuromuscular adaptations is supported by previous literature (17,25).
Lloyd2016|6.1;Lloyd 2016;Kern;Diskussion;;6;ZG:Reifegruppe nach PHV;1;54;0;B1;B2+M2;B1+M2;B1+B2;Although magnitude-based inferences indicated that the post-PHV boys failed to show an enhanced training response compared with the pre-PHV children for any of the performance variables, it is worth noting that statistical significance testing showed that the training mode that led to the largest and highest number of significant performance changes was combined training.
Lloyd2016|6.2;Lloyd 2016;Kern;Diskussion;;6;ZG:Reifegruppe nach PHV;2;34;0;E3;E1+E2;E3+E1;E3+E2;Combined training incorporates both plyometric and traditional strength training exercises, and although speculative, it could be suggested that the stimulus of this training mode more closely reflected the internal milieu of the post-PHV participants.
Lloyd2016|6.3;Lloyd 2016;Kern;Diskussion;;6;ZG:Reifegruppe nach PHV;3;17;0;E1;;E1;E1;Performance of plyometrics and traditional strength training differs in the time available in which to produce force.
Lloyd2016|6.4;Lloyd 2016;Kern;Diskussion;;6;ZG:Reifegruppe nach PHV;4;25;0;E1;;E1;E1;Plyometrics involve rapid movement speeds and high rates-of-force development, whereas traditional strength training allows for much longer contraction times to attain higher peak force outputs.
Lloyd2016|6.5;Lloyd 2016;Kern;Diskussion;;6;ZG:Reifegruppe nach PHV;5;31;1;E3;E1;E3;E3+E1;Developmentally, post-PHV boys will experience morphological changes that facilitate force generation (e.g., increased motor unit size and pennation angles) in addition to continued neural adaptations as a consequence of maturation (27).
Lloyd2016|6.6;Lloyd 2016;Kern;Diskussion;;6;ZG:Reifegruppe nach PHV;6;20;0;E3;;E3;E3;The synergistic relationship between the combined training and natural adaptive processes may have provided a more potent maturity-related training stimulus.
Lloyd2016|6.7;Lloyd 2016;Kern;Diskussion;;6;ZG:Reifegruppe nach PHV;7;36;1;V1;B1;V1;V1+B1;Combined, the findings for both pre- and post-PHV cohorts support recent meta-analyses that showed pre-PHV boys made the greatest gains in sprinting performance after plyometric training (32), whereas post-PHV children benefitted most from combined training modes.
Lloyd2016|7.1;Lloyd 2016;Kern;Diskussion;;7;ZS;1;31;0;F1;;F1;F1;In conclusion, to acutely improve vertical jump and acceleration capacities, pre-PHV children seem to benefit more than post-PHV children from plyometric training that requires high rates-of-force development and high-velocity movement speeds.
Lloyd2016|7.2;Lloyd 2016;Kern;Diskussion;;7;ZS;2;25;0;F1;;F1;F1;Post-PHV children seem to make greater adaptations from combined training, which uses a greater range of exercises that stress different regions of the forcevelocity continuum.
Lloyd2016|7.3;Lloyd 2016;Kern;Diskussion;;7;ZS;3;26;0;E3;F1;F1+E3;E3+F1;Although speculative, these specific training responses seem to be age and maturity related, respectively, reflecting the natural adaptive processes experienced by both pre- and post-PHV children.
Lloyd2016|7.4;Lloyd 2016;Kern;Diskussion;;7;ZS;4;12;0;E3;F1;F1+E3;E3;We suggest these concomitant adaptations may reflect the process of synergistic adaptation.
Lloyd2016|8.1;Lloyd 2016;Kern;Schluss;;8;SR;1;38;0;P1;L3;P1+L3;L3+P1;The novel findings of the study suggest that when seeking to induce specific acute adaptations (6 weeks) in vertical jump and acceleration capacities in boys who are pre-PHV, practitioners may benefit from devoting increased training time to plyometrics.
Lloyd2016|8.2;Lloyd 2016;Kern;Schluss;;8;SR;2;18;0;P1;;P1;P1;Alternatively, post-PHV children may benefit more from exposure to a combination of plyometric and traditional strength training methods.
Lloyd2016|8.3;Lloyd 2016;Kern;Schluss;;8;SR;3;27;0;P1;L1;P1+L1;P1+L1;Given the shortterm nature of the current study, it should be stressed that the resistance training stimulus should be changed periodically to facilitate continued progressive neuromuscular adaptation.
Lloyd2016|8.4;Lloyd 2016;Kern;Schluss;;8;SR;4;28;0;P1;;P1;P1;Thus, although a focus on plyometrics may initially provide a preferential training response for pre-PHV boys, practitioners should routinely change the primary training mode to facilitate long-term adaptation.
Lloyd2016|8.5;Lloyd 2016;Kern;Schluss;;8;SR;5;17;0;P1;;P1;P1;Practitioners must ensure that youth of all ages are prescribed varied, periodized, and developmentally appropriate training programs.
Lloyd2016|8.6;Lloyd 2016;Kern;Schluss;;8;SR;6;37;1;P1;;P1;P1;Furthermore, rather than an independent entity, resistance training should be a component of an integrated approach to youth physical development, which targets multiple physical fitness qualities and aligns with the goals of long-term physical development strategies (22).
Hammami2016|1.1;Hammami 2016;Kern;Diskussion;;1;ER;1;32;0;Z1;;Z1;Z1;The aim of the present study was to assess the effectiveness of an 8-week plyometric training program as a means of improving sprinting, agility, RSSA and RCOD scores for junior soccer players.
Hammami2016|1.2;Hammami 2016;Kern;Diskussion;;1;ER;2;37;0;Z2;B2;Z2+B2;Z2+B2;"The answer to these questions was strongly positive relative to standard training for some tests (5m, 10m, 20m sprint times), but was not statistically significant for other tests (30m and 40m sprint times; agility tests and RSSA)."
Hammami2016|1.3;Hammami 2016;Kern;Diskussion;;1;ER;3;52;0;E2;B2+M1;E2+M1;E2+B2;"The program was of a duration that others have found effective, and the players were well-motivated with no evidence of overtraining; we think the lack of response to some aspects of their ability most likely reflects the fact that they were already in good physical condition when the plyometric program was introduced."
Hammami2016|2.1;Hammami 2016;Kern;Diskussion;;2;ZG:Sprint;1;23;2;V3;;V3;V3;Many previous studies, including a recent meta-analysis (37), have found a decrease in sprint times with plyometric training (9, 14, 32, 37, 38).
Hammami2016|2.2;Hammami 2016;Kern;Diskussion;;2;ZG:Sprint;2;35;0;V1;B1;V1+B1;V1+B1;"Our results are consonant with these findings, with times for distances of 5m ; 10m ; 20m ; 30m ; and 40m improving substantially, by 7.8% ; 5.8% ; 4.6% ; 3.5% ; 3.7% respectively."
Hammami2016|2.3;Hammami 2016;Kern;Diskussion;;2;ZG:Sprint;3;45;1;V1;M1;V1;V1+M1;"The plyometric training program that we used in this study was approximately similar to that proposed by Chelly et al (9); in the earlier study, we also observed increases in both acceleration (5m) and maximal speed (0-40m) phases relative to controls (p<0.001 ; p<0.01 respectively)."
Hammami2016|2.4;Hammami 2016;Kern;Diskussion;;2;ZG:Sprint;4;33;1;V1;B1;V1;V1+B1;"All our results (except 30m and 40m ; Table 4) coincided with those reported by Diallo et al (14) for prepubescent soccer players who engaged in plyometric training thrice weekly for 10 weeks."
Hammami2016|2.5;Hammami 2016;Kern;Diskussion;;2;ZG:Sprint;5;36;1;V2;;V2;V2;On the other hand, Thomas et al (44) found that in post-adolescent semi-professional players, 6 weeks of either depth jumping or counter-movement jumping improved jumping ability, but did not enhance the sprint performance of their group.
Hammami2016|2.6;Hammami 2016;Kern;Diskussion;;2;ZG:Sprint;6;32;1;V2;E2;V2+E2;V3+E2;Herrero et al (19) also found no effect on 20 m sprint times in a group of physical education students, perhaps in part because subjects only undertook 8 sessions of plyometric training.
Hammami2016|2.7;Hammami 2016;Kern;Diskussion;;2;ZG:Sprint;7;26;1;V2;;V2;V3;Markovic et al (25) also evaluated physical education students, finding no improvements in 20-m sprint times after a 10 week program of hurdles and drop jumps.
Hammami2016|2.8;Hammami 2016;Kern;Diskussion;;2;ZG:Sprint;8;47;0;E2;;E2;E2;"Discrepant findings probably reflect differences in methodology (for instance, the testing of post-adolescent vs. much younger soccer players; elite or professional players vs. regional level players; the format of the plyometric exercises, the frequency, duration and progression of training, and its timing relative to the playing season)."
Hammami2016|2.9;Hammami 2016;Kern;Diskussion;;2;ZG:Sprint;9;40;1;M1;H2;M1;M1+H2;In terms of training intensity, volume, and exercise selection we followed the principle of progressive overload, starting with lower intensities, single-joint exercises, and less complex exercise techniques, and progressing to higher intensities, multi-joint exercise, and more complex techniques (32, 37).
Hammami2016|2.10;Hammami 2016;Kern;Diskussion;;2;ZG:Sprint;10;19;1;H2;;H2;H2;The optimal approach to enhancing sprint performance seems to incorporate greater horizontal acceleration (skipping, jumping with horizontal displacement) (37).
Hammami2016|2.11;Hammami 2016;Kern;Diskussion;;2;ZG:Sprint;11;65;2;E1;;E1;E1;Gains of sprint performance reflect neural adaptations such as an increased nerve conduction velocity, maximizing of the electromyogram, improved intermuscular coordination, an enhanced motor unit recruitment strategy, and an increased excitability of the Hoffman reflex (H-reflex) (1, 15, 26, 28, 29, 50), as well as changes in muscle size and architecture, in the mechanical characteristics of the muscle-tendon complex, and changes in single-fibre mechanics (26).
Hammami2016|3.1;Hammami 2016;Kern;Diskussion;;3;ZG:Richtungswechsel;1;11;0;V3;;V3;V3;Several previous reports have noted gains of agility following plyometric training.
Hammami2016|3.2;Hammami 2016;Kern;Diskussion;;3;ZG:Richtungswechsel;2;14;1;V3;;V3;V3;Ramirez-Campillo et al (31) found significant increases in the agility of young soccer players.
Hammami2016|3.3;Hammami 2016;Kern;Diskussion;;3;ZG:Richtungswechsel;3;29;1;V3;;V3;V3;Likewise, Meylan et al (27) found that the agility test-time of adolescent players was decreased by -9.6% in response to 8 weeks of jumping, hurdling, bouncing, skipping, and footwork.
Hammami2016|3.4;Hammami 2016;Kern;Diskussion;;3;ZG:Richtungswechsel;4;50;2;V3;;V3;V3;Garcia-Pinillos et al (16) also reported that 12 weeks of contrast training (isometric + plyometric) increased Balsom agility test scores in adolescent soccer players, and Thomas et al (44) noted gains in agility times in post-adolescent semi-professional players in response to 6 weeks of either depth jumping or counter-movement jumping.
Hammami2016|3.5;Hammami 2016;Kern;Diskussion;;3;ZG:Richtungswechsel;5;27;1;E2;;E2;E2;Other studies have used agility tests lasting from 7 to 19 seconds and covering distances of 40 to 50-m (10, 36) cannot be compared with our findings.
Hammami2016|3.6;Hammami 2016;Kern;Diskussion;;3;ZG:Richtungswechsel;6;26;1;V3;;V3;V3;One negative report (5) saw no difference in either the 5-m speed or the agility of male college soccer players after 9 weeks of plyometric training.
Hammami2016|3.7;Hammami 2016;Kern;Diskussion;;3;ZG:Richtungswechsel;7;22;1;V3;;V3;V3;A review of 6 studies by Markovic and Mikulic (26) found +1.5-10.2% gains in the agility of soccer players with plyometric training.
Hammami2016|3.8;Hammami 2016;Kern;Diskussion;;3;ZG:Richtungswechsel;8;50;0;B2;M2;B2+M2;B2;In our study, the S180°, SBF and S 4 X 5 tests differed somewhat from each other in terms of the distance covered, the number of change of direction, and the angle of directional change, but the findings agreed in showing that our plyometric training program did not enhance agility.
Hammami2016|3.9;Hammami 2016;Kern;Diskussion;;3;ZG:Richtungswechsel;9;51;0;E2;B2;E2;E2+B2;The lack of response in our study could reflect the intensity and duration of training, the age and type of test population, the fact that the players were initially in good physical condition and our choice of agility tests (duration, number of change of direction, and angle of change of direction).
Hammami2016|4.1;Hammami 2016;Kern;Diskussion;;4;ZG:Wiederholte Sprints;1;12;0;B2;;B2;B2;Our study revealed no significant difference in RSSA parameters with plyometric training.
Hammami2016|4.2;Hammami 2016;Kern;Diskussion;;4;ZG:Wiederholte Sprints;2;75;1;V3;;V3;V3;"The only previous investigation seems that of Buchheit et al (6); they observed that repeated shuttle sprint training (10 weeks) (RS) improved RSSAbest and mean RSSAmean times on a repeated shuttle sprint test more than did explosive strength training (-2.90 ± 2.1 vs. -0.08 ± 3.3%, p = 0.04 and -2.61 ± 2.8 vs. -0.75 ± 2.5%, p = 0.10, effect size [ES] = 0.70 in RSSAbest and RSSAmean respectively) in elite adolescent soccer players."
Hammami2016|5.1;Hammami 2016;Kern;Diskussion;;5;ZG:Wiederholte Richtungswechsel;1;31;0;L3;;L3;L3;To the best of our knowledge, the present investigation is the first to have studied the effects of plyometric training on the ability of adolescent soccer players to change direction repeatedly.
Hammami2016|5.2;Hammami 2016;Kern;Diskussion;;5;ZG:Wiederholte Richtungswechsel;2;12;0;B1;;B1;B1;We found that plyometric training enhanced 2 of our 3 RCOD parameters.
Hammami2016|5.3;Hammami 2016;Kern;Diskussion;;5;ZG:Wiederholte Richtungswechsel;3;17;1;E2;M2;E2+M2;E2+M2;One possible explanation of the lack of significant change in RCODdecrement could be its poor reproducibility (21).
Hammami2016|6.1;Hammami 2016;Kern;Schluss;;6;SR;1;29;0;Z2;;F1;Z2;The current study indicates that 8 weeks of bi-weekly in-season plyometric training enhances sprint speeds and the ability to make repeated change of direction in male adolescent soccer players.
Hammami2016|6.2;Hammami 2016;Kern;Schluss;;6;SR;2;28;0;P2;;P2;P2;It proved quite practicable to incorporate this plyometric training element into traditional in-season technical and tactical male soccer training sessions, thus enhancing the performance potential of our players.
Hammami2016|6.3;Hammami 2016;Kern;Schluss;;6;SR;3;48;0;A1;E1;A1+E1;A1+E1;"There are many potential neuromuscular explanations of the observed changes in performance, and these merit further investigation; as mechanisms become better understood, it may be possible to modify plyometric initiatives to realize even larger gains of performance and to bring about gains in agility and repeated sprint ability."
Hammami2016|6.4;Hammami 2016;Kern;Schluss;;6;SR;4;33;0;A1;;A1;A1;There is also a need to establish how much plyometric training adds to other methods of enhancing the capabilities of the soccer player, such as heavy resistance work and change of direction training.
Beato2018|1.1;Beato 2018;Kern;Diskussion;;1;ER;1;25;0;Z1;;Z1;Z1;The aim of this study was to examine the effect of a short-term COD and combined COD-J protocol in elite youth soccer players in season.
Beato2018|1.2;Beato 2018;Kern;Diskussion;;1;ER;2;35;0;Z2;Z3;Z2+Z3;Z2+Z3;As hypothesized, after 6 weeks of training, meaningful within-group differences were found, with positive effects for CODJ-G in all the jump tests (small ES), as well as for 10, 30 and 40 m sprint tests.
Beato2018|1.3;Beato 2018;Kern;Diskussion;;1;ER;3;13;0;Z2;;Z2;Z2;COD-G reported positive improvements in long jump and 10 m sprint (small ES).
Beato2018|1.4;Beato 2018;Kern;Diskussion;;1;ER;4;27;0;V1;Z2;V1+Z2;V1+Z2;This study supports previous findings that even short-term (<8 weeks) protocols are able to give some meaningful improvements in jump and speed parameters in elite soccer players.
Beato2018|1.5;Beato 2018;Kern;Diskussion;;1;ER;5;30;0;Z2;;Z2;Z2;Moreover, this study showed that is slightly more beneficial to combine different plyometric modalities (vertical and horizontal jumps) with COD than use only a single training modality in isolation (COD).
Beato2018|2.1;Beato 2018;Kern;Diskussion;;2;QS:Dosis und Mechanismus;1;28;0;E2;M1;M1;E2+M1;The protocols proposed in the current study used a training frequency of two sessions a week that seems a sufficient stimulus to improve power parameters in young players.
Beato2018|2.2;Beato 2018;Kern;Diskussion;;2;QS:Dosis und Mechanismus;2;35;1;E1;;E1;E1;These meaningful adaptations in jump and sprint performance by COD and plyometric training programs might be primarily associated (considering the short-term protocol proposed) with neural adaptations (e.g. motor unit recruitment strategy, and Hoffman reflex) (11,17).
Beato2018|2.3;Beato 2018;Kern;Diskussion;;2;QS:Dosis und Mechanismus;3;25;1;E1;;E1;E1;Neural adaptations are associated with improvement in maximal voluntary contraction, intermuscular coordination, stretch reflex excitability, as well as changes in leg muscle activation strategies (17).
Beato2018|2.4;Beato 2018;Kern;Diskussion;;2;QS:Dosis und Mechanismus;4;45;1;E1;;E1;E1;Eccentric-emphasized exercise can elicit acute responses which differ from concentric-only exercise, therefore a combination of COD and plyometric training, which using the SSC muscle action, can produce higher force level during lengthening contractions (above isometric force capabilities), thus offering larger benefit than traditional exercises (9).
Beato2018|3.1;Beato 2018;Kern;Diskussion;;3;QS:Spezifität;1;34;1;H2;P1;H2;H2+P1;Specificity is a key pillar in training, therefore football drills should simulate the biomechanical and physiological demands of the sport (e.g. specific COD angles should be considered in the design of such drills) (3,32).
Beato2018|3.2;Beato 2018;Kern;Diskussion;;3;QS:Spezifität;2;25;1;H1;;H1;H1;Soccer players perform several COD, sprints and power type activities during a match involving decelerations, re-accelerations and constant adjustments of steps and body posture (20,23).
Beato2018|3.3;Beato 2018;Kern;Diskussion;;3;QS:Spezifität;3;19;1;H2;;H2;H2;Therefore, appropriate plyometric training, sprint and multi-directional exercises (mixed protocols) should provide benefits to power and sprint capacities (1,17,26,28,29).
Beato2018|4.1;Beato 2018;Kern;Diskussion;;4;ZG:Richtungswechsel;1;27;1;V3;;V3;V3;A recent systematic review has analyzed 24 studies and suggests that plyometric training improves COD ability with a mean effect (ES) ranges from 0.26 to 2.8 (1).
Beato2018|4.2;Beato 2018;Kern;Diskussion;;4;ZG:Richtungswechsel;2;32;0;V1;B1;V1+B1;V1+B1;Our study supports the statements that plyometric training can improve power ability in football players such as 10, 30 and 40 m sprint, as well as long jump and triple hop test.
Beato2018|4.3;Beato 2018;Kern;Diskussion;;4;ZG:Richtungswechsel;3;29;0;B2;;B2;B2;However, the present study cannot prove a positive transfer on COD ability in football players because we have not found a meaningful improvement in 505 COD test (unclear effect).
Beato2018|4.4;Beato 2018;Kern;Diskussion;;4;ZG:Richtungswechsel;4;12;0;B2;;B2;B2;Such results are quite unexpected because both training protocols used COD exercises.
Beato2018|4.5;Beato 2018;Kern;Diskussion;;4;ZG:Richtungswechsel;5;15;1;E2;;E2;E2;A possible explanation about this unclear results could be associated with the dose-response principle (17).
Beato2018|4.6;Beato 2018;Kern;Diskussion;;4;ZG:Richtungswechsel;6;36;1;E2;;E2;E2;The little amount of COD and jumps, as proposed in this study, could have offered a small stimulus to players accustomed to this type of actions, while a heavier protocol could have offered larger benefits (32).
Beato2018|4.7;Beato 2018;Kern;Diskussion;;4;ZG:Richtungswechsel;7;14;0;E2;;E2;E2;Another motivation might be associated with the training level of our sample (elite players).
Beato2018|4.8;Beato 2018;Kern;Diskussion;;4;ZG:Richtungswechsel;8;28;1;E2;;E2;E2;It is well reported that athletes that practice a specific sport are accustomed to performing specific sport related actions, thus, they show higher movements economy than novices (31).
Beato2018|4.9;Beato 2018;Kern;Diskussion;;4;ZG:Richtungswechsel;9;14;1;E2;;E2;E2;Consequently, amateur players report larger benefits by specific training programs than elite athletes (7,17,31).
Beato2018|4.10;Beato 2018;Kern;Diskussion;;4;ZG:Richtungswechsel;10;23;1;E2;;E2;E2;Throughout the football season it is generally reported a fitness improvement in pre-season, with a subsequently stabilization of such fitness variables in-season (18).
Beato2018|4.11;Beato 2018;Kern;Diskussion;;4;ZG:Richtungswechsel;11;30;1;E2;;E2;E2;Consequently, higher benefits are expected (as well as they were reported) in trials performed during the pre-season compared to in-season, when it is harder to find large fitness variations (17,30).
Beato2018|5.1;Beato 2018;Kern;Diskussion;;5;QS:Gruppenvergleich;1;13;0;B1;;B1;Z2;As reported above, both CODJ-G and COD-G showed improvements in the posttraining tests.
Beato2018|5.2;Beato 2018;Kern;Diskussion;;5;QS:Gruppenvergleich;2;30;0;B2;B1;B2+B1;B2+B1;Nevertheless, we have not found a significant between-group difference after the protocol except for long jump test that showed a positive effect (small ES) in favor of CODJ-G (figure 2).
Beato2018|5.3;Beato 2018;Kern;Diskussion;;5;QS:Gruppenvergleich;3;27;1;V1;B1;V1;V1+B1;This positive difference agrees with previous reports that found improvements in jump capacities, effect equivalent to 5.6% (range from 2.6% to 9.4%), subsequently a plyometric training (24).
Beato2018|5.4;Beato 2018;Kern;Diskussion;;5;QS:Gruppenvergleich;4;14;0;B2;;B2;B2;Contrariwise, all the other parameters showed trivial and unclear differences between the two groups.
Beato2018|5.5;Beato 2018;Kern;Diskussion;;5;QS:Gruppenvergleich;5;14;0;B1;;B1;B1;Therefore, this study showed a slightly better effect of combined COD-J training versus COD.
Beato2018|5.6;Beato 2018;Kern;Diskussion;;5;QS:Gruppenvergleich;6;41;1;L2;;L2;L2;However, this study cannot state with absolutely certainty that the complex training proposed, using an integration of COD and plyometric training, is more advantageous than a COD in isolation (also if it is plausible from a theoretical point of view) (24).
Beato2018|5.7;Beato 2018;Kern;Diskussion;;5;QS:Gruppenvergleich;7;40;1;E2;;E2;E2;These results, as well as the small effects reported, could be explained considering the short-term of the protocol (usually a training duration >8 weeks is requested), as well as, considering the small plyometric volume adopted (60 jumps a week) (17,32).
Beato2018|5.8;Beato 2018;Kern;Diskussion;;5;QS:Gruppenvergleich;8;40;0;M1;;M1;M1;The present study was designed a priori considering the period of the season and the sample characteristic (elite players), where the main aim of the team was to research the best fitness shape for the future matches and international competitions.
Beato2018|5.9;Beato 2018;Kern;Diskussion;;5;QS:Gruppenvergleich;9;37;0;M1;L3;M1;M1+L3;The decision to develop a short-term training was chosen to satisfy the professional duties (based on the competitive calendar) of the players/team, and it is not considered a limitation by the authors (it is an ecological protocol).
Beato2018|6.1;Beato 2018;Kern;Diskussion;;6;LI;1;5;0;L0;;L0;L0;This study has some limitations.
Beato2018|6.2;Beato 2018;Kern;Diskussion;;6;LI;2;10;0;L1;;L1;L1;The first limitation is associated with the small sample enrolled.
Beato2018|6.3;Beato 2018;Kern;Diskussion;;6;LI;3;18;0;L2;;L2;L2;A bigger sample could have offered a better view about the effect obtained by COD and CODJ protocols.
Beato2018|6.4;Beato 2018;Kern;Diskussion;;6;LI;4;26;0;L2;M1;L2;M1;A justification of such sample size is associated with the specificity of the population enrolled and with the restrictive access to elite youth players in season.
Beato2018|6.5;Beato 2018;Kern;Diskussion;;6;LI;5;6;0;L1;;L1;L1;The second limitation is gender related.
Beato2018|6.6;Beato 2018;Kern;Diskussion;;6;LI;6;17;0;L2;;L2;L2;We cannot speculate that our results can be extended to other specific populations (e.g. elite female players).
Beato2018|6.7;Beato 2018;Kern;Diskussion;;6;LI;7;24;0;A1;L2;A1+L2;A1+L2;Therefore, future studies should examine the effects of short-term training on senior male professional players as well as young and senior professional female players.
Beato2018|6.8;Beato 2018;Kern;Diskussion;;6;LI;8;12;0;L1;;L1;L1;The third limitation is associated with the design selected for this study.
Beato2018|6.9;Beato 2018;Kern;Diskussion;;6;LI;9;16;0;L1;;L1;L1;Authors compared two training protocols (COD-G and CODJ- G) without the involvement of a control group.
Beato2018|6.10;Beato 2018;Kern;Diskussion;;6;LI;10;32;1;L2;H2;H2+L2;M1+H2;The randomized controlled trial is the gold standard design in science, though in clinical studies is common to design trials that compare an existing treatment versus a new one (superiority trial) (16).
Beato2018|6.11;Beato 2018;Kern;Diskussion;;6;LI;11;34;0;L2;M1;L2+M1;M1;Therefore, for reasons associated with the sample involved, the proximity of international tournaments, and the necessity to maximize players’ performance, the authors considered this type of design more suitable than a randomized controlled trial.
Beato2018|7.1;Beato 2018;Kern;Diskussion;;7;ZS;1;32;1;F1;V1;F1+V1;F1+V1;In conclusion this study supports previous findings that even short-term (<8 weeks) protocols are important and able to give some meaningful improvements in jump and speed parameters in elite soccer players (28,30).
Beato2018|7.2;Beato 2018;Kern;Diskussion;;7;ZS;2;16;1;V2;B2+F1;V2+F1;V2+B2;However, the observed changes reported in this study are less pronounced than in previous studies (1,17,30).
Beato2018|7.3;Beato 2018;Kern;Diskussion;;7;ZS;3;26;1;E2;;E2;E2;The small effects reported could be explained taking into account the period of the season (protocol performed in season) and participant enrolled (elite soccer players) (17,30).
Beato2018|7.4;Beato 2018;Kern;Diskussion;;7;ZS;4;23;0;P1;L2;P1+L2;P1+L2;Therefore, fitness coaches and sports scientists can propose both the protocols reported in this study with the awareness of this limitation (small effects).
Beato2018|8.1;Beato 2018;Kern;Schluss;;8;SR;1;13;0;P1;L3;P1;P1+L3;This study offers several practical applications for strength and conditioning training in soccer.
Beato2018|8.2;Beato 2018;Kern;Schluss;;8;SR;2;31;0;Z2;;F1;Z2;Both COD-G and complex CODJ-G are effective training modalities that get benefits in jump tests, as well as in 10, 30 and 40 m sprint tests for elite young soccer players.
Beato2018|8.3;Beato 2018;Kern;Schluss;;8;SR;3;29;0;F1;P2;F1+P2;F1+P2;These protocols show that it is possible to have positive effects using a short protocol (6 weeks) also in season when usually it is harder to find meaningful effects.
Beato2018|8.4;Beato 2018;Kern;Schluss;;8;SR;4;17;0;P1;;P1;P1;Fitness coaches and sports scientists can integrate their training proposals with the protocols described in this study.
Beato2018|8.5;Beato 2018;Kern;Schluss;;8;SR;5;21;0;V2;E2;V2+E2;V2+E2;However, the observed changes reported are less pronounced than in previous studies with more frequent training and higher workload (dose-response effect).
Negra2019|1.1;Negra 2019;Kern;Diskussion;;1;ER;1;33;0;Z1;;Z1;Z1;The aim of this study was to compare the effects of 8 weeks of LPJT or UPJT program on measures of muscle power, speed, CoD and kicking-distance performance in prepubertal male soccer players.
Negra2019|1.2;Negra 2019;Kern;Diskussion;;1;ER;2;31;0;Z2;;Z2;Z2;The main finding of the study was that LPJT induced larger performance improvements compared to UPJT on measures of muscle power, speed, CoD and kicking-distance performance in prepubertal male soccer players.
Negra2019|2.1;Negra 2019;Kern;Diskussion;Change of direction;2;ZG:Richtungswechsel;1;20;1;H1;;H1;H1;Mirkov et al.24 reported that CoD performance is a key determinant of high performance play in the sport of soccer.
Negra2019|2.2;Negra 2019;Kern;Diskussion;Change of direction;2;ZG:Richtungswechsel;2;33;0;B1;;B1;B1;Our results showed small improvements in the ICoD and 505 CoD tests after UPJT whilst moderate and very large performance improvements were seen in the ICoD and 505 CoD tests, respectively, after LPJT.
Negra2019|2.3;Negra 2019;Kern;Diskussion;Change of direction;2;ZG:Richtungswechsel;3;25;1;V1;B1;V1;V1+B1;The CoD performance improvements following UPJT were expected considering the extensive empirical studies supporting the effectiveness of this type of training in youth populations. 21,25,26
Negra2019|2.4;Negra 2019;Kern;Diskussion;Change of direction;2;ZG:Richtungswechsel;4;31;1;V3;;V3;V3;Recently, Coratella et al.14 studied the effects of 8 weeks of loaded (1.2 x body-mass) or unloaded (body mass only) jump-squat training in recreationally trained male soccer players (aged 21 years).
Negra2019|2.5;Negra 2019;Kern;Diskussion;Change of direction;2;ZG:Richtungswechsel;5;21;0;V3;;V3;V3;These researchers found that the loaded jump-squat group improved T-test performance (ES=2.95) whilst no changes occurred following the unloaded programme (ES=-0.04).
Negra2019|2.6;Negra 2019;Kern;Diskussion;Change of direction;2;ZG:Richtungswechsel;6;22;0;E1;V3;V3+E1;E1;The authors attributed the greater CoD improvements to the increased braking ability generated by the enhanced eccentric workload associated with loaded training.
Negra2019|2.7;Negra 2019;Kern;Diskussion;Change of direction;2;ZG:Richtungswechsel;7;27;2;E1;;E1;E1;Sheppard and Young, 27 suggest that PJT can improve eccentric strength of the thigh muscles, an important determinant of performance during the deceleration phase of CoD movements.28
Negra2019|2.8;Negra 2019;Kern;Diskussion;Change of direction;2;ZG:Richtungswechsel;8;55;1;E1;;E1;E1;Improvements in CoD performance following PJT could occur due to the interaction of several training-related neuromuscular adaptations including the improvement of neural drive to agonist muscles, patterns that enable athletes to rapidly switch between deceleration and acceleration motions (i.e., higher efficiency of the stretch-shortening cycle), and muscle activation strategies (i.e., inter- and intra-muscular coordination).29, 30
Negra2019|2.9;Negra 2019;Kern;Diskussion;Change of direction;2;ZG:Richtungswechsel;9;28;1;E1;;E1;E1;In particular, better CoD performance following LPJT, compared to UPJT, seems to be due to the potentiation of a greater stretch-reflex because of additional loading during PJT. 12,13
Negra2019|2.10;Negra 2019;Kern;Diskussion;Change of direction;2;ZG:Richtungswechsel;10;39;2;E1;;E1;E1;Additionally, as eccentric strength is an important determinant of deceleration ability during CoD movements, 28 the higher inertia accumulated during the braking phase during LPJT may have contributed to an increases in eccentric workload and, therefore, larger strength improvements.14
Negra2019|2.11;Negra 2019;Kern;Diskussion;Change of direction;2;ZG:Richtungswechsel;11;17;0;A1;;A1;A1;However, further studies including kinetic/kinematic and/or physiological tests have to be conducted to confirm the current findings.
Negra2019|3.1;Negra 2019;Kern;Diskussion;Speed performance;3;ZG:Sprint;1;17;1;H1;;H1;H1;Sprinting activities are frequently performed prior to decisive situations in soccer matches such as goal scoring. 32
Negra2019|3.2;Negra 2019;Kern;Diskussion;Speed performance;3;ZG:Sprint;2;27;0;B1;;B1;B1;The findings of the present study showed small to moderate improvements in sprint performance in the UPJT group and moderate to large improvements in the LPJT group.
Negra2019|3.3;Negra 2019;Kern;Diskussion;Speed performance;3;ZG:Sprint;3;34;1;V1;B1;V1;V1+B1;These results corroborate those of Coratella et al.14 who studied the effects of 8 weeks of loaded (30% of squat 1RM) and unloaded jump-squat training in recreationally trained male soccer players (aged 21 years).
Negra2019|3.4;Negra 2019;Kern;Diskussion;Speed performance;3;ZG:Sprint;4;36;0;V3;E1;V3+E1;V3+E1;These researchers reported improvements in sprint performance over 10-m and 30-m in the loaded squat-jump group only (ES=0.52 for both 10 and 30-m), attributing this finding to the greater eccentric load imposed by the LPJT programme.
Negra2019|3.5;Negra 2019;Kern;Diskussion;Speed performance;3;ZG:Sprint;5;16;1;V3;;V3;V3;Improvements in the sprint performance of prepubertal male soccer players are well-established in the literature. 1,4,20
Negra2019|3.6;Negra 2019;Kern;Diskussion;Speed performance;3;ZG:Sprint;6;18;0;B1;;B1;B1;Indeed, the results of the present study demonstrated larger effects on sprinting speed after LPJT than after UPJT.
Negra2019|3.7;Negra 2019;Kern;Diskussion;Speed performance;3;ZG:Sprint;7;26;1;E3;E1;E3;E3+E1;Of note, sprinting speed improvements occur primarily due to neural-orientated factors and the development of the central nervous system during the prepubertal phase of development. 2,18
Negra2019|3.8;Negra 2019;Kern;Diskussion;Speed performance;3;ZG:Sprint;8;12;0;E3;;E3;E3;However, such changes are more likely to occur over the longer term.
Negra2019|3.9;Negra 2019;Kern;Diskussion;Speed performance;3;ZG:Sprint;9;37;2;E1;;E1;E1;Within the short timescale of the current study, enhancement of the stretch-reflex 12,13 and a higher eccentric overload during LPJT 14 may have contributed to larger improvements in SSC efficiency, muscle activation, and stiffness of musculotendinous tissue.
Negra2019|3.10;Negra 2019;Kern;Diskussion;Speed performance;3;ZG:Sprint;10;24;0;P1;H1;P1;P1+H1;In view of the importance of sprint speed performance during soccer matches, LPJT seems to be preferable to UPJT in prepubertal male soccer players.
Negra2019|3.11;Negra 2019;Kern;Diskussion;Speed performance;3;ZG:Sprint;11;14;0;P1;;P1;P1;However, technical competency must first be attained before the progression to loaded PJT formats.
Negra2019|4.1;Negra 2019;Kern;Diskussion;Jumping tests;4;ZG:Sprung;1;22;1;H1;;H1;H1;Jump performance has been shown to be a valid talent-identification marker which can discriminate between potential elite and non-elite youth soccer players.33
Negra2019|4.2;Negra 2019;Kern;Diskussion;Jumping tests;4;ZG:Sprung;2;14;0;B1;;B1;B1;In this study, both PJT protocols induced small performance improvements in the SLJ test.
Negra2019|4.3;Negra 2019;Kern;Diskussion;Jumping tests;4;ZG:Sprung;3;16;0;B1;;B1;B1;Regarding the CMJ test, while UPJT showed small training-related effects, the LPJT generated a moderate effect.
Negra2019|4.4;Negra 2019;Kern;Diskussion;Jumping tests;4;ZG:Sprung;4;15;1;V3;;V3;V3;In prepubertal male soccer players, jump performance improvements have frequently been observed following UPJT programs.1,4,20
Negra2019|4.5;Negra 2019;Kern;Diskussion;Jumping tests;4;ZG:Sprung;5;22;0;L3;B1;L3+B1;L3+B1;The novel finding of this study is that LPJT appears to generate further performance increases which seem mostly restricted to vertical jumping.
Negra2019|4.6;Negra 2019;Kern;Diskussion;Jumping tests;4;ZG:Sprung;6;27;1;V3;;V3;V3;Rosas et al. 16 studied the effects of 6 weeks LPJT or UPJT on vertical and horizontal jump performance in young male soccer players (aged 12 years).
Negra2019|4.7;Negra 2019;Kern;Diskussion;Jumping tests;4;ZG:Sprung;7;35;0;V3;;V3;V3;The study authors reported larger performance improvements in vertical and horizontal jump performance tests in the LPJT group (ES=0.26 to 0.47) than in the UPJT group (ES=0.26 to 0.32) and control group (ES=0.08 to 0.16).
Negra2019|4.8;Negra 2019;Kern;Diskussion;Jumping tests;4;ZG:Sprung;8;26;1;E1;V3;V3+E1;E1;The greater vertical and horizontal jump performance enhancements were attributed to higher peak ground reaction forces and to greater vertical and horizontal impulses generated by LPJT.16
Negra2019|4.9;Negra 2019;Kern;Diskussion;Jumping tests;4;ZG:Sprung;9;35;1;V3;;V3;V3;In another study, Kobal et al.15 studied the effects of 6 weeks of LPJT, using handheld dumbbells, or UPJT on measures of muscle power and speed in elite young male soccer players (aged 16 years).
Negra2019|4.10;Negra 2019;Kern;Diskussion;Jumping tests;4;ZG:Sprung;10;25;0;V3;;V3;V3;The researchers reported higher increases in SJ (∆8.4%) and CMJ (∆9.4%) in the LPJT group compared to the UPJT group (SJ: ∆4.6% and CMJ: ∆4.9%).
Negra2019|4.11;Negra 2019;Kern;Diskussion;Jumping tests;4;ZG:Sprung;11;46;1;E1;V3;V3+E1;E1;Again, it was speculated that these improvements were due to increased vertical ground reaction force over a shorter time period which may have resulted in a higher impulse related to the addition of load during PJT, and greater jump performance adaptations in the LPJT group. 16
Negra2019|4.12;Negra 2019;Kern;Diskussion;Jumping tests;4;ZG:Sprung;12;25;0;F1;;F1;F1;Overall, prepubertal male soccer players can improve their vertical and horizontal jump performance by means of PJT executed either with or without additional load stimuli.
Negra2019|4.13;Negra 2019;Kern;Diskussion;Jumping tests;4;ZG:Sprung;13;28;0;F1;;F1;F1;However, there seems to be an advantage in the utilisation of LPJT over UPJT programmes in terms of the magnitude of the training-related effects on vertical jump performance.
Negra2019|5.1;Negra 2019;Kern;Diskussion;Maximal kicking distance;5;ZG:Schuss;1;24;1;H1;;H1;H1;Effective kicking is a vital and necessary skill that is performed during soccer matches, as it is the method used to score most goals.34
Negra2019|5.2;Negra 2019;Kern;Diskussion;Maximal kicking distance;5;ZG:Schuss;2;16;0;B1;;B1;B1;In this study, MKD improved to a small magnitude after UPJT and increased moderately following LPJT.
Negra2019|5.3;Negra 2019;Kern;Diskussion;Maximal kicking distance;5;ZG:Schuss;3;31;1;V1;B1;V1;V1+B1;Reinforcing our results, Rosas el al.16 demonstrated greater maximal kicking velocity improvements in LPJT (effect-size=0.34) and UPJT (effect-size=0.27) groups as compared to a control group (effect-size=0.15), following 6 weeks of training.
Negra2019|5.4;Negra 2019;Kern;Diskussion;Maximal kicking distance;5;ZG:Schuss;4;34;1;E1;;E1;E1;Improvements in some biomechanical parameters involved in kicking the ball (e.g., the maximum linear velocity of the toe, ankle, knee, and hip at ball contact), due to neuromuscular adaptations,20 could explain MKD performance increases.
Negra2019|5.5;Negra 2019;Kern;Diskussion;Maximal kicking distance;5;ZG:Schuss;5;27;1;E1;;E1;E1;The larger MKD improvements following LPJT may be induced by greater levels of muscle activation, 13 resulting in increases in force production and rate of force development.
Negra2019|5.6;Negra 2019;Kern;Diskussion;Maximal kicking distance;5;ZG:Schuss;6;45;1;L2;M2;L2+M2;L2+M2;However, findings should be interpreted with caution because MKD can be influenced by several extraneous factors such as the trajectory and rotation of the ball, as well as the technique used to kick the ball (i.e., toe, dorsum or the inside part of the foot).35
Negra2019|5.7;Negra 2019;Kern;Diskussion;Maximal kicking distance;5;ZG:Schuss;7;12;0;L2;M2;L2+M2;M2+L2;This might affect kicking performance irrespective of the level of muscle power.
Negra2019|6.1;Negra 2019;Kern;Diskussion;Maximal kicking distance;6;LI;1;6;0;L0;;L0;L0;This study does have some limitations.
Negra2019|6.2;Negra 2019;Kern;Diskussion;Maximal kicking distance;6;LI;2;10;0;L1;;L1;L1;First, we were unable to include an active control group.
Negra2019|6.3;Negra 2019;Kern;Diskussion;Maximal kicking distance;6;LI;3;24;0;L1;;L1;L1;Second, the study lacks direct physiological and/or biomechanical measures that may help explain the underpinning mechanism behind the observed improvements in prepubertal soccer players.
Negra2019|6.4;Negra 2019;Kern;Diskussion;Maximal kicking distance;6;LI;4;8;0;A1;L2;A1+L2;A1+L2;This has to be considered in future research.
Negra2019|7.1;Negra 2019;Kern;Schluss;;7;SR;1;26;0;Z2;;Z2;Z2;Larger increases in measures of muscle power, speed, CoD and kicking-distance performance have been shown following LPJT as compared to UPJT in prepubertal male soccer players.
Negra2019|7.2;Negra 2019;Kern;Schluss;;7;SR;2;19;0;L3;;L3;L3;These study findings contribute to previous knowledge on the delivery of effective PJT programs to prepubertal male soccer players.
Negra2019|7.3;Negra 2019;Kern;Schluss;;7;SR;3;18;0;H2;;H2;H2;UPJT has already been well-established as beneficial for improving several physical fitness components of prepubertal male soccer players.
Negra2019|7.4;Negra 2019;Kern;Schluss;;7;SR;4;50;0;L3;P1;L3+P1;L3+P1;The novelty in the current study is that LPJT appears to be more effective than UPJT in further enhancing the main components of physical fitness (i.e., speed, muscle power, and CoD) required by soccer competition, thus representing an effect progression of exercise that can be used to drive continual adaptation.
Negra2019|7.5;Negra 2019;Kern;Schluss;;7;SR;5;33;0;P1;;P1;P1;Based on the findings reported herein, practitioners are recommended to use LPJT to improve components of physical fitness in prepubertal male soccer players, but technical competency in unloaded jumps should first be established.
Negra2019|8.1;Negra 2019;Kern;Schluss;;8;SR;1;23;0;Z2;;F1;Z2;Outcomes of this study suggested that LPJT is more effective than UPJT in improving measures of muscle power, speed, CoD and kicking-distance performance.
Negra2019|8.2;Negra 2019;Kern;Schluss;;8;SR;2;17;0;A1;;A1;A1;Future longitudinal studies should establish what physiological and biomechanical adaptations are responsible for the observed functional adaptations.
Negra2020|1.1;Negra 2020;Kern;Diskussion;;1;ER;1;28;0;Z0;;Z0;Z0;For coaches and strength and conditioning professionals, it is useful to know the effectiveness and specific program duration necessary to improve certain explosive actions in prepubertal soccer players.
Negra2020|1.2;Negra 2020;Kern;Diskussion;;1;ER;2;18;1;Z0;;Z0;Z0;It is worth noting that most of the previous studies and meta-analyses mixed prepubertal, adolescent, and adult athletes.8,9,27
Negra2020|1.3;Negra 2020;Kern;Diskussion;;1;ER;3;42;1;Z0;;Z0;Z0;In addition, with the exception of the study conducted by S€ohnlein et al.,8 who mixed early puberty and midpuberty soccer players, no recommendations are available for the time needed to improve explosive action performance in general and especially with prepubertal soccer players.
Negra2020|1.4;Negra 2020;Kern;Diskussion;;1;ER;4;38;0;Z1;;Z1;Z1;Therefore, the current study aimed to compare the effectiveness and feasibility of RT and PT programs in addition to the time course needed to stimulate improvement in CoD, strength, sprinting, and jumping performances in prepubertal elite soccer players.
Negra2020|1.5;Negra 2020;Kern;Diskussion;;1;ER;5;50;0;L3;;L3;L3;To the best of our knowledge, the present study is the first to investigate the effects of 12 weeks of RT and PT on the explosive action of youth soccer players and the time course of the improvements of RT and PT after 4 weeks, 8 weeks, and 12 weeks.
Negra2020|1.6;Negra 2020;Kern;Diskussion;;1;ER;6;26;0;Z2;;Z2;Z2;Results showed that an RT or a PT program in addition to soccer training induced greater increases of explosive actions than did standard soccer training alone.
Negra2020|1.7;Negra 2020;Kern;Diskussion;;1;ER;7;28;0;Z2;;Z2;Z2;With the exception of the 1RM half-squat, for which improvements were only seen in the RTG, both the RTG and the PTG showed similar improvements in all tests.
Negra2020|2.1;Negra 2020;Kern;Diskussion;;2;ZG:Sprung;1;19;1;H1;;H1;H1;It has been well established that explosive actions such as jumping, sprinting, and changing direction are key in soccer.8,12
Negra2020|2.2;Negra 2020;Kern;Diskussion;;2;ZG:Sprung;2;14;1;M1;;M1;M1;Therefore, these tests were selected because they provided clear information about soccer’s physical demands.8,12,24
Negra2020|2.3;Negra 2020;Kern;Diskussion;;2;ZG:Sprung;3;23;0;B1;;B1;B1;In the current study, the RTG showed improvement in the CMJ after 4 weeks, whereas the PTG showed improvement after only 8 weeks.
Negra2020|2.4;Negra 2020;Kern;Diskussion;;2;ZG:Sprung;4;25;0;B1;;B1;B1;In addition, the RT and the PT programs led to an improvement in CMJ and SJ performance ranging from 20.8% to 25.9% after 12 weeks.
Negra2020|2.5;Negra 2020;Kern;Diskussion;;2;ZG:Sprung;5;46;1;V1;B1;V1;V1+B1;These results are in line with the finding of Christou et al.,10 who found an improvement of approximately 13% to 14% (ES=0.76–0.86) for the SJ and CMJ after an 8-week RT program and 25% to 31% (ES = 1.65–1.49) after 16 weeks among adolescent soccer players.
Negra2020|2.6;Negra 2020;Kern;Diskussion;;2;ZG:Sprung;6;26;1;V1;;V1;V1;Similar results were shown by Michailidis et al.,12 who found improvements of 23.3% and 27.6% in SJ and CMJ performance, respectively, after a 12-week PT program.
Negra2020|2.7;Negra 2020;Kern;Diskussion;;2;ZG:Sprung;7;35;0;B1;;B1;B1;For both the RTG and the PTG, significant improvements in SLJ performance were observed starting after 8 weeks (7.2% and 9.3%, respectively), and the greatest increase was found after 12 weeks (15.1% and 15.5%, respectively).
Negra2020|2.8;Negra 2020;Kern;Diskussion;;2;ZG:Sprung;8;36;0;B1;;B1;B1;Additionally, significant improvement in the MB5 in the RTG was observed after 8 weeks (5.1%), with the greatest improvement observed after 12 weeks (6.3%), whereas improvements in the PTG were observed only after 12 weeks (7.4%).
Negra2020|2.9;Negra 2020;Kern;Diskussion;;2;ZG:Sprung;9;67;2;V1;B1;V1;V1+B1;Our results were in accordance with those of S€ohnlein et al.,8 who showed that 16 weeks of PT were sufficient to increase SLJ and MB5 performance by 7.3% and 11.8%, respectively, as well as with those of Michailidis et al.,12 who demonstrated 2.6% and 4.2% improvements after 6 and 12 weeks, respectively, in the SLJ and a 22.9% improvement in the MB5 after 12 weeks of PT.
Negra2020|3.1;Negra 2020;Kern;Diskussion;;3;ZG:Sprung;1;76;1;E1;B1;E1;E1+B1;The marked improvement in both jumping tests might indicate that essential components of the stretch-shortening cycle, such as the speed of contraction and ground contact time and the increase in maximal muscle force as a result of RT despite the absence of specific exercises for the improvement of jump performance,8,10 were effectively enhanced by the applied PT and RT programs, with more rapid changes in MB5 and CMJ performance in the RTG compared with the PTG.
Negra2020|4.1;Negra 2020;Kern;Diskussion;;4;ZG:Sprint;1;21;0;B1;;B1;B1;In the current study, sprint performance was enhanced to a similar magnitude within the 2 experimental groups compared with the CG.
Negra2020|4.2;Negra 2020;Kern;Diskussion;;4;ZG:Sprint;2;24;0;B1;;B1;B1;Clear improvements in the 20-m sprint test after 8 weeks were demonstrated for the RTG (4.2%) and after 12 weeks for the PTG (4.1%).
Negra2020|4.3;Negra 2020;Kern;Diskussion;;4;ZG:Sprint;3;28;1;V3;;V3;V3;A previous investigation by S€ohnlein et al.8 revealed an improvement in all sprint phases after 16 weeks of PT, with a 3.2% increase for the 20-m sprint test.
Negra2020|4.4;Negra 2020;Kern;Diskussion;;4;ZG:Sprint;4;39;1;V3;;V3;V3;In addition, Michailidis et al.12 reported a marked improvement in the initial acceleration time and the maximal velocity phase after a 12-week PT program, with changes of ¡5% in 10-m, ¡3.5% in 20-m, and ¡3% in 30-m sprint tests.
Negra2020|4.5;Negra 2020;Kern;Diskussion;;4;ZG:Sprint;5;27;1;V3;;V3;V3;In addition, Christou et al.10 revealed a significant improvement in the 30-m sprint test (2.5%, ES = ¡0.3) after 16 weeks of RT among adolescent soccer players.
Negra2020|4.6;Negra 2020;Kern;Diskussion;;4;ZG:Sprint;6;30;0;E2;;E2;E2;This discrepancy might be based on differences in the frequency, intensity, and volume of the applied RT and PT programs within these studies and differences in the participants’ conditioning levels.
Negra2020|5.1;Negra 2020;Kern;Diskussion;;5;ZG:Sprint;1;35;1;E1;;E1;E1;Improvements in the 20-m sprint test after RT and PT may result primarily from increases in maximal muscle strength and power, allowing the athletes to explode from the start faster or have longer stride lengths.10,28
Negra2020|5.2;Negra 2020;Kern;Diskussion;;5;ZG:Sprint;2;32;1;E2;E1;E1;E2+E1;In addition, because the training in our PT program incorporates horizontal stimulus, this may increase the chances of gaining adaptations, considering the importance of horizontal force production and application in sprint performance.28
Negra2020|5.3;Negra 2020;Kern;Diskussion;;5;ZG:Sprint;3;14;1;E2;V1;V1+E1;E2+V1;This agrees with previous studies in which vertical PT fail to improve sprint performance.29
Negra2020|6.1;Negra 2020;Kern;Diskussion;;6;ZG:Richtungswechsel;1;25;0;B1;;B1;B1;The CoD performance improved in both the RTG and the PTG after 8 weeks and showed its greatest improvement after 12 weeks compared with baseline.
Negra2020|6.2;Negra 2020;Kern;Diskussion;;6;ZG:Richtungswechsel;2;48;1;V1;B1;V1;V1+B1;This is consistent with the findings of Christou el al.,10 which showed an improvement in the 10 £ 5-m shuttle run CoD test of approximately 3.4% (ES = ¡0.83) after 8 weeks and 5.4% (ES = ¡1.74) after 16 weeks of an RT program among adolescent soccer players.
Negra2020|6.3;Negra 2020;Kern;Diskussion;;6;ZG:Richtungswechsel;3;34;1;V3;;V3;V3;In addition, S€ohnlein et al.8 found an improvement in CoD test performance after 8 weeks of a PT program among early puberty to midpuberty soccer players and showed a 6.1% enhancement after 16 weeks.
Negra2020|6.4;Negra 2020;Kern;Diskussion;;6;ZG:Richtungswechsel;4;22;1;V1;;V1;V1;In the study by Michailidis et al.,12 similar results were reported with preadolescent soccer players, including a 22.8% improvement after 12 weeks.
Negra2020|6.5;Negra 2020;Kern;Diskussion;;6;ZG:Richtungswechsel;5;27;1;E1;;E1;E1;Plisk30 established that CoD requires rapid force development and high power output, as well as the ability to proficiently utilize the stretch shortening cycle in ballistic movements.
Negra2020|6.6;Negra 2020;Kern;Diskussion;;6;ZG:Richtungswechsel;6;30;1;E1;H2;E1;E1+H2;PT and RT have been shown to improve these requirements, and several studies have recommended the inclusion of plyometrics in soccer training to familiarize players with unanticipated changes in direction.6,8,10
Negra2020|6.7;Negra 2020;Kern;Diskussion;;6;ZG:Richtungswechsel;7;55;2;E1;;E1;E1;In view of the high correlation found between lower body strength and CoD performance,31 previous research findings revealed that improving the eccentric strength directly improves the ability to tolerate the braking loads and/or the braking capacity required to produce efficient CoDs, particularly when multiple directional changes or a greater degree of directional change is involved.31
Negra2020|6.8;Negra 2020;Kern;Diskussion;;6;ZG:Richtungswechsel;8;31;2;E1;;E1;E1;Based on the results mentioned, we concluded that RT and PT programs might have improved the eccentric strength of the lower limbs,19 a prevalent component in the deceleration phase of CoD.8
Negra2020|6.9;Negra 2020;Kern;Diskussion;;6;ZG:Richtungswechsel;9;36;1;E2;E1;E2+E1;E2+E1;In addition, it must be acknowledged that the PTG completed a training program with several plyometric exercises designed to induce short contact times that may increase reactive strength index and subsequently the ability to change directions.32
Negra2020|6.10;Negra 2020;Kern;Diskussion;;6;ZG:Richtungswechsel;10;25;0;E2;E1;E1;E2;In addition, exercises such as the half-squat or plyometrics emphasizing the eccentric phase will enable greater opportunity to translate that strength into effective CoD performance.
Negra2020|7.1;Negra 2020;Kern;Diskussion;;7;ZG:Richtungswechsel;1;10;0;B1;;B1;B2;Interestingly, both distinctly different training interventions led to similar improvements.
Negra2020|7.2;Negra 2020;Kern;Diskussion;;7;ZG:Richtungswechsel;2;23;0;B1;P1;F1+P1;B1+P1;Thus, RT and PT appear to constitute equally good strength training alternatives in early pubertal soccer players for the development of CoD skills.
Negra2020|7.3;Negra 2020;Kern;Diskussion;;7;ZG:Richtungswechsel;3;37;1;B1;H1+M2;B1+M2;B1+H1;The change in CoD time performance demonstrated that a PT and an RT program can have a positive influence on a field test valid to game play1,8 and therefore may have an impact on true soccer performance.
Negra2020|8.1;Negra 2020;Kern;Diskussion;;8;ZS;1;52;0;F1;P1;F1+P1;Z2;These findings suggested that youth soccer players could increase their explosive strength by doing PT or low-to-moderate intensity RT exercises 2 times per week (i.e., exercises at 40%–60% 1RM) in addition to their standard soccer training program, with improvements beginning after 4 to 8 weeks in the majority of the measured parameters.
Negra2020|8.2;Negra 2020;Kern;Diskussion;;8;ZS;2;15;0;B1;;B1;B1;Furthermore, a trend toward faster improvements in the RTG than in the PTG was observed.
Negra2020|9.1;Negra 2020;Kern;Diskussion;;9;ZG:Kraft;1;12;2;V3;;V3;V3;Numerous studies have demonstrated improvements in strength performance via RT10,19,33,34 and PT.35
Negra2020|9.2;Negra 2020;Kern;Diskussion;;9;ZG:Kraft;2;15;1;V3;;V3;V3;In contrast, Markovic et al.36 failed to report significant effects of PT on strength performance.
Negra2020|10.1;Negra 2020;Kern;Diskussion;;10;ZG:Kraft;1;24;0;B1;;B1;B1;In our study, the results of the maximum strength outcomes showed significant improvement only in the RTG compared with the PTG and the CG.
Negra2020|10.2;Negra 2020;Kern;Diskussion;;10;ZG:Kraft;2;28;1;V4;;V4;V3;Recent research has argued that a typical strength gain of approximately 30% is expected after an RT program lasting between 8 and 20 weeks in children and adolescents.33
Negra2020|10.3;Negra 2020;Kern;Diskussion;;10;ZG:Kraft;3;26;1;V3;;V3;V3;Payne et al.34 found significant strength gains following RT that were approximately 13% to 30% greater than those that should be expected from growth and maturation.
Negra2020|10.4;Negra 2020;Kern;Diskussion;;10;ZG:Kraft;4;26;0;V1;B1;V1;V1+B1;Our findings are in accordance with the aforementioned study, demonstrating lower body strength gains of 24.1% after 8 weeks and 27.9% after 12 weeks of RT.
Negra2020|11.1;Negra 2020;Kern;Diskussion;;11;ZG:Kraft;1;34;0;B1;;B1;B1;In contrast to the results of all other tests within the RTG, 4 weeks were sufficient to show improvements in lower body strength (13.2%), with the greatest increase again observed after 12 weeks (27.9%).
Negra2020|11.2;Negra 2020;Kern;Diskussion;;11;ZG:Kraft;2;17;0;B1;;B1;B1;Furthermore, this gain in lower body strength was larger than the gains in sprinting and CoD performance.
Negra2020|11.3;Negra 2020;Kern;Diskussion;;11;ZG:Kraft;3;36;1;V1;B1;V1;V1+B1;These findings are in accordance with Christou et al.,10 who revealed greater increases in leg strength (58.8%, ES = 2.77) than in 30-m sprint speed (2.5%, ES = ¡0.3) after 16 weeks of an RT program.
Negra2020|12.1;Negra 2020;Kern;Diskussion;;12;ZG:Kraft;1;15;0;B2;;B2;B2;Conversely, the PTG and the CG did not show any significant improvement in maximal strength.
Negra2020|12.2;Negra 2020;Kern;Diskussion;;12;ZG:Kraft;2;66;2;E1;E2;E1;E1+E2;"These findings are likely related to the nature of muscular strength, with greater strength gains made during the low-velocity movement of the eccentric contraction phase, such as in weight RT, than those made during the high-velocity movement of this phase within the PT9,19,33 or those due to alterations in neural factors caused by the training intensity;37 therefore, a weight RT program may stimulate greater strength adaptations."
Negra2020|12.3;Negra 2020;Kern;Diskussion;;12;ZG:Kraft;3;22;0;E2;B2;E1;E2+B2;Thus, our findings lead to speculation that the muscle force stimulus experienced by PT cannot be effective enough for maximal strength development.
Negra2020|13.1;Negra 2020;Kern;Diskussion;;13;AU;1;35;0;A1;;A1;A1;Future studies should examine age- and sex-specific effects of RT and PT on measures of physical fitness and additionally scrutinize the underlying neuromuscular adaptations following short- and long-term RT and PT in youth soccer players.
Negra2020|14.1;Negra 2020;Kern;Schluss;;14;SR;1;22;0;H1;P1;H1+P1;H1+P1;Explosive power is important in most sports, including soccer, and should be one of the main focuses for strength and conditioning coaches.
Negra2020|14.2;Negra 2020;Kern;Schluss;;14;SR;2;27;0;Z2;;F1;Z2;Our study shows that in addition to soccer technical training, 12 weeks of well-planned RT or PT, 2 days per week, influences multidimensional development of muscular performance.
Negra2020|14.3;Negra 2020;Kern;Schluss;;14;SR;3;32;0;Z0;;Z0;Z0;Despite the well-acknowledged and numerous benefits associated with RT and PT, there is a lack of information concerning the adequate period required to show increases in explosive actions in prepubertal soccer players.
Negra2020|14.4;Negra 2020;Kern;Schluss;;14;SR;4;46;0;P2;Z2;F1+P2;P2+Z2;Results obtained from the present study revealed that both RT and PT conducted in conjunction with regular soccer training are safe (i.e., no injuries occurred) and feasible (2 training sessions per week) interventions that create positive effects on proxies of athletic performance in prepubertal soccer players.
Negra2020|14.5;Negra 2020;Kern;Schluss;;14;SR;5;54;0;Z2;;Z2;Z2;Regarding the time course of improvement, lower body strength performance increased only after the RT program, and improvement was shown for the first time after 4 weeks, whereas sprinting, CoD, and jump performances increased largely after 8 weeks, with the greatest improvements observed after 12 weeks in both the RT and the PT programs.
Negra2020|14.6;Negra 2020;Kern;Schluss;;14;SR;6;25;0;P1;;P1;P1;These outcomes may help coaches and sport scientists develop better guidelines and recommendations for athletes’ assessment and selection, training prescription and monitoring, and competition preparation.
Negra2020|14.7;Negra 2020;Kern;Schluss;;14;SR;7;34;0;P1;;P1;P1;In light of the difference observed in regard to the time course of improvement between the 2 training interventions, coaches and sport scientists have to be very concise with respect to their training goals.
Negra2020|14.8;Negra 2020;Kern;Schluss;;14;SR;8;33;0;Z2;;F1;Z2;Finally, the current findings suggest that both RT and PT combined with soccer training lead to greater improvements in speed, power, and CoD than soccer training alone, with faster improvements shown with RTG.
Aloui2022|1.1;Aloui 2022;Kern;Diskussion;;1;ER;1;26;0;Z1;;Z1;Z1;This study tested the efficacy of an 8-week combined plyometric and short sprint training program at improving measures of athletic performance in elite adolescent soccer players.
Aloui2022|1.2;Aloui 2022;Kern;Diskussion;;1;ER;2;31;0;Z2;;Z2;Z2;We observed that replacing some aspects of typical training with combined plyometric and short sprint training improved vertical and horizontal jump performances, sprinting, change-ofdirection ability, the ability to RSS, and balance.
Aloui2022|2.1;Aloui 2022;Kern;Diskussion;Effect of Training on Jump Performance;2;ZG:Sprung;1;24;1;H1;;H1;H1;"The ability to jump is a distinctive feature of success in adult and young soccer players (Söhnlein et al., 2014; Ramirez-Campillo et al., 2018b)."
Aloui2022|2.2;Aloui 2022;Kern;Diskussion;Effect of Training on Jump Performance;2;ZG:Sprung;2;25;1;H1;;H1;H1;Therefore, developing the ability of a soccer player to generate vertical power quickly is likely to be advantageous for the competition (Oliver et al., 2021).
Aloui2022|2.3;Aloui 2022;Kern;Diskussion;Effect of Training on Jump Performance;2;ZG:Sprung;3;17;0;B1;;B1;B1;The results of this study suggest the intervention effects on vertical and horizontal jump performances (Table 4).
Aloui2022|2.4;Aloui 2022;Kern;Diskussion;Effect of Training on Jump Performance;2;ZG:Sprung;4;30;1;V1;B1;V1;V1+B1;Our findings are confirmed by Hammami et al. (2020) who observed improvements in vertical and horizontal jump performances following combined plyometric and short sprint training in male U17 soccer players.
Aloui2022|2.5;Aloui 2022;Kern;Diskussion;Effect of Training on Jump Performance;2;ZG:Sprung;5;29;1;V3;;V3;V3;In addition, Sáez de Villarreal et al. (2015) reported significant increases in vertical jump performance following combined plyometric-speed training and technical drills work, in male youth soccer players (U15).
Aloui2022|2.6;Aloui 2022;Kern;Diskussion;Effect of Training on Jump Performance;2;ZG:Sprung;6;52;1;E1;;E1;E1;"Jump performance augmentation could be the result of neuromuscular adaptations such as greater neural drive of agonist muscles, changes in mechanical stiffness of tendons, size changes and/or the architecture of muscles, and changes in the mechanics of single fibers (Maffiuletti et al., 2002; de Villarreal et al., 2009; Thomas et al., 2009)."
Aloui2022|2.7;Aloui 2022;Kern;Diskussion;Effect of Training on Jump Performance;2;ZG:Sprung;7;39;1;E1;;E1;E1;"Other potential mechanisms include (i) changes in muscle activation strategies (or intermuscular coordination) during vertical jumps, especially during the preparatory phase jump; and (ii) changes in the stretch reflex excitability (Bishop and Spencer, 2004; de Villarreal et al., 2009)."
Aloui2022|3.1;Aloui 2022;Kern;Diskussion;Effect of Training on Sprint Performance;3;ZG:Sprint;1;26;1;H1;;H1;H1;Stølen et al. (2005) reported that 96% of sprint bouts during soccer match play are shorter than 30 m, with 49% being shorter than 10 m.
Aloui2022|3.2;Aloui 2022;Kern;Diskussion;Effect of Training on Sprint Performance;3;ZG:Sprint;2;21;0;B1;;B1;B1;The present results showed significant intervention effects in the EG compared to the CG for 10 and 30 m sprint performance.
Aloui2022|3.3;Aloui 2022;Kern;Diskussion;Effect of Training on Sprint Performance;3;ZG:Sprint;3;39;1;V1;B1;V1;V1+B1;This corroborates findings reported by Sáez de Villarreal et al. (2015), who examined the efficacy of combined plyometric-speed training and technical drills work in youth male soccer players (U15) and noted improved sprint performance over 5 and 10 m.
Aloui2022|3.4;Aloui 2022;Kern;Diskussion;Effect of Training on Sprint Performance;3;ZG:Sprint;4;23;1;V3;;V3;V3;Moreover, Kargarfard et al. (2020) investigated the effects of combined plyometric and short sprint exercises in youth male under 19 (U19) soccer players.
Aloui2022|3.5;Aloui 2022;Kern;Diskussion;Effect of Training on Sprint Performance;3;ZG:Sprint;5;8;0;V3;;V3;V3;They reported improved sprint performance over 30 m.
Aloui2022|3.6;Aloui 2022;Kern;Diskussion;Effect of Training on Sprint Performance;3;ZG:Sprint;6;39;1;B1;H1;P1;B1+H1;The improved sprint performance observed in this study may be useful for soccer players as it would correspond to an advantage in duels sprints, which can allow players to reach the ball before the opponent (Stølen et al., 2005).
Aloui2022|4.1;Aloui 2022;Kern;Diskussion;Effect of Training on Change-of-Direction Ability;4;ZG:Richtungswechsel;1;31;2;H1;;H1;H1;"During soccer match play, players perform many accelerations and sprints at maximum speed (Haugen et al., 2014), with and without changes in direction (Bloomfield et al., 2007; Barnes et al., 2014)."
Aloui2022|4.2;Aloui 2022;Kern;Diskussion;Effect of Training on Change-of-Direction Ability;4;ZG:Richtungswechsel;2;11;0;B1;;B1;B1;The present investigation demonstrated the intervention effects on the change-of-direction ability.
Aloui2022|4.3;Aloui 2022;Kern;Diskussion;Effect of Training on Change-of-Direction Ability;4;ZG:Richtungswechsel;3;35;1;H2;;H2;H2;"There are few studies evaluating the effectiveness of combined plyometric and short sprint training program on change-of-direction ability, in soccer players (Sáez de Villarreal et al., 2015; Hammami et al., 2020; Kargarfard et al., 2020)."
Aloui2022|4.4;Aloui 2022;Kern;Diskussion;Effect of Training on Change-of-Direction Ability;4;ZG:Richtungswechsel;4;31;1;V1;B1;V1;V1+B1;This study corroborates the results obtained by Sáez de Villarreal et al. (2015), who studied the effects of combined plyometric-speed training and technical drills work in youth male soccer players (U15).
Aloui2022|4.5;Aloui 2022;Kern;Diskussion;Effect of Training on Change-of-Direction Ability;4;ZG:Richtungswechsel;5;6;0;V3;;V3;V3;They noted improvements in change-of-direction ability.
Aloui2022|4.6;Aloui 2022;Kern;Diskussion;Effect of Training on Change-of-Direction Ability;4;ZG:Richtungswechsel;6;24;1;V3;;V3;V3;Indeed, Kargarfard et al. (2020) observed significant increases in change-of-direction ability, following combined plyometric and short sprint training, in youth male soccer players (U19).
Aloui2022|4.7;Aloui 2022;Kern;Diskussion;Effect of Training on Change-of-Direction Ability;4;ZG:Richtungswechsel;7;31;0;E1;;E1;E1;Improvements in the changeof-direction ability necessitate rapid development of strength, eccentric force production in the lower limbs, and a rapid change from eccentric muscle to concentric contraction in the knee extensors.
Aloui2022|4.8;Aloui 2022;Kern;Diskussion;Effect of Training on Change-of-Direction Ability;4;ZG:Richtungswechsel;8;14;1;E1;;E1;E1;"Plyometric training can enhance these factors (Miller et al., 2006; Sheppard and Young, 2006)."
Aloui2022|5.1;Aloui 2022;Kern;Diskussion;Effect of Training on Repeated Shuttle Sprint Ability;5;ZG:Wiederholte Sprints;1;14;0;B1;B2;B1+B2;B1;The present study demonstrated intervention effects on all RSSA parameters except the fatigue index.
Aloui2022|5.2;Aloui 2022;Kern;Diskussion;Effect of Training on Repeated Shuttle Sprint Ability;5;ZG:Wiederholte Sprints;2;37;1;V1;B1;V1;V1+B1;Our results are in line with those of Hammami et al. (2020) who reported improvement in all repeated change-of-direction ability parameters except the fatigue index in male U17 soccer players following combined plyometric and short sprint training.
Aloui2022|5.3;Aloui 2022;Kern;Diskussion;Effect of Training on Repeated Shuttle Sprint Ability;5;ZG:Wiederholte Sprints;3;30;1;V2;B1;V2;V2+B1;In contrast, our results contradict those reported by Kargarfard et al. (2020) who reported no improvements in RSA following combined plyometric and short sprint training in male U19 soccer players.
Aloui2022|5.4;Aloui 2022;Kern;Diskussion;Effect of Training on Repeated Shuttle Sprint Ability;5;ZG:Wiederholte Sprints;4;48;3;E1;;E1;E1;"Improvements in RSA may correspond to increased running efficiency (Balsalobre- Fernández et al., 2016) or increased tendon stiffness (Markovic and Mikulic, 2010), which allows a faster transfer of force from the contracting muscles, reducing reaction times, and improving change-of-direction ability (Markovic and Mikulic, 2010; Balsalobre-Fernández et al., 2016)."
Aloui2022|5.5;Aloui 2022;Kern;Diskussion;Effect of Training on Repeated Shuttle Sprint Ability;5;ZG:Wiederholte Sprints;5;43;2;E1;;E1;E1;"Although maximum sprint speed is one of the performance composites of anaerobic performance in repeated sprints (Girard et al., 2011), other factors determining inter-sprint recovery and maintenance of performance are required to enhance RSA (da Silva et al., 2010; Girard et al., 2011)."
Aloui2022|6.1;Aloui 2022;Kern;Diskussion;Effect of Training on Balance;6;ZG:Balance;1;26;1;H2;;H1;H2;Chimera et al. (2004) reported that incorporating plyometric exercises into athlete training reduces the risk of injury by improving the functional stability of the leg joints.
Aloui2022|6.2;Aloui 2022;Kern;Diskussion;Effect of Training on Balance;6;ZG:Balance;2;28;0;L3;;L3;L3;Our study seems to be the first to examine the effects of the combined plyometric and short sprint training program on balance performance, in male U15 soccer players.
Aloui2022|6.3;Aloui 2022;Kern;Diskussion;Effect of Training on Balance;6;ZG:Balance;3;39;1;V2;B1;V2+B1;V2+B1;Our results of improved balance disagree with those obtained by Hammami et al. (2020) who examined the efficacy of combined plyometric and short sprints, in male U17 soccer players and reported no improvements in static and dynamic balance performance.
Aloui2022|6.4;Aloui 2022;Kern;Diskussion;Effect of Training on Balance;6;ZG:Balance;4;37;0;E2;;E2;E2;"Differences in the combined plyometric and short sprint training program (duration, intensity, frequency, and type of exercise) and in methodology (age group and competitive level of the study population; duration of intervention) could contribute to these discrepancies."
Aloui2022|6.5;Aloui 2022;Kern;Diskussion;Effect of Training on Balance;6;ZG:Balance;5;15;1;H1;;H2;H1;Improvements in balance reduced the risk of lower limb injury in soccer players (Lloyd, 2001).
Aloui2022|6.6;Aloui 2022;Kern;Diskussion;Effect of Training on Balance;6;ZG:Balance;6;30;1;P1;B1;P1;P1+B1;In the context of increased athletic performance (Zech et al., 2010), data from the present investigation emphasize the importance of plyometric training as an effective injury-reduction strategy in young athletes.
Aloui2022|6.7;Aloui 2022;Kern;Diskussion;Effect of Training on Balance;6;ZG:Balance;7;33;1;H2;;H2;H2;A systematic review (Hübscher et al., 2010) showed evidence of the effectiveness of balance training in reducing the incidence of certain types of sports injuries among adolescent and young athletes during pivoting sports.
Aloui2022|6.8;Aloui 2022;Kern;Diskussion;Effect of Training on Balance;6;ZG:Balance;8;34;1;H2;;H2;H2;Recently, Rivera et al. (2017) reported that balance training programs were effective in reducing the incidence rates of ankle sprains, including those with and those without a history of ankle sprains, in soccer players.
Aloui2022|6.9;Aloui 2022;Kern;Diskussion;Effect of Training on Balance;6;ZG:Balance;9;30;2;E1;;E1;E1;In addition, the increased balance may be related to an improvement in lower extremity muscle cocontraction (Lloyd, 2001) or the changes in proprioception and neuromuscular control (Michailidis et al., 2019).
Aloui2022|7.1;Aloui 2022;Kern;Schluss;;7;SR;1;22;0;Z2;;F1+Z2;Z2;Notably, the 8-week, biweekly, in-season, combined plyometric and short sprint training improves strength and balance performance in elite youth soccer players (U15).
Aloui2022|7.2;Aloui 2022;Kern;Schluss;;7;SR;2;26;0;P1;F1;P1;F1+P1;Therefore, male youth soccer players may benefit from combined plyometric and short sprint training during the competitive season and yield positive results in the performance measures.
Aloui2022|7.3;Aloui 2022;Kern;Schluss;;7;SR;3;25;0;P2;;P2;P2;Practically speaking, the total training time was only 15–30 min per session, which can be incorporated into a habitual soccer training two times per week.
Aloui2022|8.1;Aloui 2022;Kern;Schluss;;8;SR:LI;1;46;0;L1;L2+M1;L1+L2;L1+L2+M1;Limitations of this study are the relatively small sample size, although this is consistent with a squad size of this age and ability, and those results are applicable to one particular category of youth soccer players and cannot be extrapolated to other sexes or age groups.
Aloui2022|8.2;Aloui 2022;Kern;Schluss;;8;SR:LI;2;29;0;A1;;A1;A1;In future studies, plyometric or sprint training should be examined separately and in combination to study the effect of these programs on different athletic performances in young soccer players.
Aloui2022|8.3;Aloui 2022;Kern;Schluss;;8;SR:LI;3;14;0;A1;;A1;A1;It is important to determine what exactly (i.e., plyometrics, sprinting, or combination) improves performance.
Aloui2022|8.4;Aloui 2022;Kern;Schluss;;8;SR:LI;4;8;0;A1;;A1;A1;However, this would necessitate considerably greater resource commitment.
Aloui2022|8.5;Aloui 2022;Kern;Schluss;;8;SR:LI;5;26;0;A1;L2;A1;A1+L2;Further research is needed in other age groups, female soccer players, and other skill levels to verify the effectiveness of combined plyometric and short sprint training.
Liu2024|1.1;Liu 2024;Kern;Diskussion;;1;ER;1;26;0;Z2;;Z2;Z2;This study revealed the efficacy of offseason training programs (HIIT, PJT, and HIIT+PJT) compared to maintaining inactivity during training cessation concerning their impact on physical fitness.
Liu2024|1.2;Liu 2024;Kern;Diskussion;;1;ER;2;18;0;Z2;B2;Z2+B2;Z2+B2;However, in the case of the YYIRT, only the HIIT group demonstrated significant differences from the control group.
Liu2024|1.3;Liu 2024;Kern;Diskussion;;1;ER;3;17;0;Z2;B2;Z2+B2;Z2+B2;Furthermore, withingroup analysis indicated that despite undergoing training, all groups experienced significant declines in linear sprint performance.
Liu2024|1.4;Liu 2024;Kern;Diskussion;;1;ER;4;27;0;Z2;B2;Z2+B2;Z2+B2;Additionally, regarding aerobic performance in the YYIRT, only the HIIT group were able to maintain their levels, while the PJT, HIIT+PJT, and control groups experienced significant declines.
Liu2024|1.5;Liu 2024;Kern;Diskussion;;1;ER;5;24;0;Z2;;Z2;Z2;Lastly, concerning CMJ, participants in the PJT group significantly improved their jumping height, while those in the HIIT and HIIT+PJT groups maintained their performances.
Liu2024|1.6;Liu 2024;Kern;Diskussion;;1;ER;6;8;0;Z2;;Z2;Z2;Significant decrements were observed in the control group.
Liu2024|2.1;Liu 2024;Kern;Diskussion;;2;ZG:Ausdauer;1;23;1;E1;;E1;E1;Short-term detraining (less than 4 weeks) significantly impacts aerobic capacity and the factors contributing to performance in this domain (Mujika and Padilla, 2000).
Liu2024|2.2;Liu 2024;Kern;Diskussion;;2;ZG:Ausdauer;2;42;1;E1;;E1;E1;For instance, maximal oxygen uptake can decrease by 4 to 14%, depending on the initial trained level, while blood volume may drop by 5 to 12%, and stroke volume by 10 to 17%, especially among highly trained individuals (Mujika and Padilla, 2000).
Liu2024|2.3;Liu 2024;Kern;Diskussion;;2;ZG:Ausdauer;3;16;0;E1;;E1;E1;These reductions can collectively lead to diminished performance in aerobic capacity assessments such as the YYIRT.
Liu2024|2.4;Liu 2024;Kern;Diskussion;;2;ZG:Ausdauer;4;15;0;E1;;E1;E1;Short-term detraining in soccer players triggers a cascade of physiological adaptations that compromise aerobic capacity.
Liu2024|2.5;Liu 2024;Kern;Diskussion;;2;ZG:Ausdauer;5;19;1;E1;;E1;E1;Cardiovascular changes, including reduced stroke volume and cardiac output, limit oxygen delivery to working muscles (Mujika and Padilla, 2000).
Liu2024|2.6;Liu 2024;Kern;Diskussion;;2;ZG:Ausdauer;6;24;1;E1;;E1;E1;Concurrently, peripheral adaptations such as decreased mitochondrial density and capillary density impair oxidative metabolism and nutrient delivery within skeletal muscle (Hellsten and Gliemann, 2024).
Liu2024|2.7;Liu 2024;Kern;Diskussion;;2;ZG:Ausdauer;7;22;1;E1;;E1;E1;These alterations, combined with neuromuscular shifts favoring less oxidative muscle fibers, contribute to a decline in aerobic performance (Hellsten and Gliemann, 2024).
Liu2024|3.1;Liu 2024;Kern;Diskussion;;3;ZG:Ausdauer;1;39;0;B1;;B1;B1;Our study demonstrates that despite players being divided into three different training groups, in addition to a control group, only those engaged in HIIT training (twice a week) were able to sustain their levels significantly better than the control.
Liu2024|3.2;Liu 2024;Kern;Diskussion;;3;ZG:Ausdauer;2;27;1;V1;B1;V1;V1+B1;These findings are consistent with (Joo, 2018), who found that HIIT training maintained YYIRT performance, with a 3.4% improvement compared to a control group decrease of 14.8%.
Liu2024|3.3;Liu 2024;Kern;Diskussion;;3;ZG:Ausdauer;3;27;1;V1;B1;V1;V1+B1;Similarly, our results corroborate those of (Christensen et al., 2011), indicating a 6.1% improvement in the HIIT group and a 22.6% decrease in those who ceased training.
Liu2024|4.1;Liu 2024;Kern;Diskussion;;4;ZG:Ausdauer;1;21;0;E1;;E1;E1;The different effects of HIIT and PJT on aerobic capacity during detraining period can be elucidated through their different physiological mechanisms.
Liu2024|4.2;Liu 2024;Kern;Diskussion;;4;ZG:Ausdauer;2;19;1;E1;;E1;E1;HIIT triggers the increase of mitochondrial biogenesis, enhancing oxygen uptake, and optimizing muscle fiber recruitment (MacInnis and Gibala, 2017).
Liu2024|4.3;Liu 2024;Kern;Diskussion;;4;ZG:Ausdauer;3;19;1;E1;;E1;E1;These adaptations result in heightened oxidative capacity and cardiovascular efficiency, facilitating superior utilization of oxygen during exercise (Gibala, 2021).
Liu2024|4.4;Liu 2024;Kern;Diskussion;;4;ZG:Ausdauer;4;23;1;E1;;E1;E1;Conversely, PJT primarily targets anaerobic energy pathways and fast-twitch muscle fibers (Davies et al., 2015), limiting its ability to sustainably stimulate aerobic adaptations.
Liu2024|4.5;Liu 2024;Kern;Diskussion;;4;ZG:Ausdauer;5;26;0;E1;E2;E1;E1+E2;Its emphasis on explosive movements and intermittent rest intervals may not provide the consistent cardiovascular stress necessary for maintaining or enhancing aerobic performance during detraining periods.
Liu2024|4.6;Liu 2024;Kern;Diskussion;;4;ZG:Ausdauer;6;40;1;E1;;E1;E1;Thus, while HIIT fosters comprehensive muscular and cardiovascular adaptations conducive to aerobic fitness, plyometric jump training's focus on power and explosiveness renders it less effective in preventing declines in aerobic capacity during periods of reduced training (Melchiorri et al., 2014).
Liu2024|5.1;Liu 2024;Kern;Diskussion;;5;ZG:Ausdauer;1;22;0;B2;;B2;B2;Interestingly, our study also revealed that PJT and HIIT+PJT (one session per week each) failed to counteract the effects of the offseason.
Liu2024|5.2;Liu 2024;Kern;Diskussion;;5;ZG:Ausdauer;2;35;1;V1;B2;V1;V1+B2;This aligns with (Nakamura et al., 2012) who employed moderate running and plyometric training in soccer players, showing a 15.3% decrease in aerobic performance with inactivity and a 12.2% decrease in those who remained inactive.
Liu2024|5.3;Liu 2024;Kern;Diskussion;;5;ZG:Ausdauer;3;29;1;E1;;E2;E1;This indicates that when athletes experience decreased aerobic training stimuli during periods of reduced activity, whether partially or completely, their training-induced adaptations may diminish rapidly (Mujika and Padilla, 2001a).
Liu2024|5.4;Liu 2024;Kern;Diskussion;;5;ZG:Ausdauer;4;35;1;E2;;E2;E2;The abrupt reduction in training volume (O’Connor and Malone, 2019) and the limited frequency of HIIT+PJT, with only one session of HIIT per week, may account for the inability to prevent declines in aerobic performance.
Liu2024|5.5;Liu 2024;Kern;Diskussion;;5;ZG:Ausdauer;5;21;0;E2;P1;E2+P1;E2+P1;It is conceivable that two sessions of HIIT per week are necessary to maintain aerobic performance during the off-season training period.
Liu2024|6.1;Liu 2024;Kern;Diskussion;;6;ZG:Ausdauer;1;34;1;E1;;E1;E1;When the aerobic metabolism and the cardiorespiratory system lack adequate stimulation, they fail to counteract the decline in stroke volume and maximal cardiac output that typically accompanies reduced offseason training (Mujika and Padilla, 2001b).
Liu2024|6.2;Liu 2024;Kern;Diskussion;;6;ZG:Ausdauer;2;25;1;E1;;E1;E1;Furthermore, cardiac dimensions tend to reduce, blood pressure tends to increase, and ventilatory efficiency often suffers after periods of training cessation (Mujika and Padilla, 2000).
Liu2024|6.3;Liu 2024;Kern;Diskussion;;6;ZG:Ausdauer;3;21;0;E1;;E1;E1;Consequently, there is a significant decline in overall cardiorespiratory fitness, resulting in a swift deterioration of aerobic performance among trained athletes.
Liu2024|7.1;Liu 2024;Kern;Diskussion;;7;ZG:Sprung;1;34;0;B1;;B1;B1;Considering the impact of offseason training programs on the CMJ, a significant benefit of PJT in improving jump height was observed, while participants enrolled in HIIT and HIIT combined with PJT maintained their levels.
Liu2024|7.2;Liu 2024;Kern;Diskussion;;7;ZG:Sprung;2;13;0;B1;;B1;B1;Only the control group, which remained inactive, experienced significant declines in this measure.
Liu2024|7.3;Liu 2024;Kern;Diskussion;;7;ZG:Sprung;3;46;3;V3;;V3;V3;Interestingly, previous studies on training cessation in soccer have shown that even players attending training sessions can experience declines between 2.1% (Requena et al., 2017) and 5.6% (Koundourakis et al., 2014) in this measure, while inactivity can lead to declines of 5.3% (Caldwell and Peters, 2009).
Liu2024|7.4;Liu 2024;Kern;Diskussion;;7;ZG:Sprung;4;56;2;E2;V1+V2;V2+E2;E2+V1;"However, contrary to previous studies (Caldwell and Peters, 2009; Koundourakis et al., 2014; Requena et al., 2017), our PJT was specifically designed to focus on stimulating the stretching-shortening cycle, which shown to be favorable for participants performing the sessions twice a week, aligning with other studies conducted on PJT in soccer players (Ramirez-Campillo et al., 2020)."
Liu2024|8.1;Liu 2024;Kern;Diskussion;;8;ZG:Sprung;1;30;0;B2;;B2;B2;However, participants in HIIT or even HIIT combined with one session of PJT did not show improvement in the variable, although they did not experience declines in their levels either.
Liu2024|8.2;Liu 2024;Kern;Diskussion;;8;ZG:Sprung;2;31;1;E2;E1;E1;E2+E1;Possibly, PJT once a week is sufficient to maintain the muscular stimulus, particularly neural mechanisms and muscular force outputs (Behrens et al., 2013), to ensure the maintenance of performance in CMJ.
Liu2024|8.3;Liu 2024;Kern;Diskussion;;8;ZG:Sprung;3;27;1;E1;B1;E1;E1+B1;Conversely, being inactive leads to a significant decline in CMJ performance, possibly due to reductions in muscle strength, power output, and neuromuscular coordination (Silva et al., 2016).
Liu2024|9.1;Liu 2024;Kern;Diskussion;;9;ZG:Sprint;1;34;0;B2;B1;B2;B2+B1;Finally, our study revealed that despite players being enrolled in training sessions, they all experienced significant declines in sprint performance, with the control group exhibiting a significantly worse outcome than the experimental groups post-intervention.
Liu2024|9.2;Liu 2024;Kern;Diskussion;;9;ZG:Sprint;2;33;1;V3;;V3;V3;A previous study (Joo, 2018) comparing offseason training programs against control groups have consistently shown declines in linear sprint performance, with both the inactive group and the HIIT group experiencing declines of 2.4%.
Liu2024|9.3;Liu 2024;Kern;Diskussion;;9;ZG:Sprint;3;36;2;V3;;V3;V3;Additionally, (Requena et al., 2017), in a mixed-based offseason training program, reported decrements of 2.4%, and (Nakamura et al., 2012), using a combination of moderate running and plyometric training, observed decrements of 3.3% in sprint performance.
Liu2024|10.1;Liu 2024;Kern;Diskussion;;10;ZG:Sprint;1;21;1;E1;;E1;E1;Sprinting is a complex skill that requires a high level of muscular output, power, technique, and skill (Suchomel et al., 2016).
Liu2024|10.2;Liu 2024;Kern;Diskussion;;10;ZG:Sprint;2;25;1;E2;;E2;E2;Previous reports have suggested that sprinting is a specific skill that demands specialized training, particularly training at maximal or near-maximal levels (Haugen et al., 2014).
Liu2024|10.3;Liu 2024;Kern;Diskussion;;10;ZG:Sprint;3;19;1;E2;;E2;E2;Failure to achieve these levels can result in inadequate stimulus, thereby promoting declines in performance (Clemente et al., 2021b).
Liu2024|10.4;Liu 2024;Kern;Diskussion;;10;ZG:Sprint;4;45;0;E2;B2;E2;E2+B2;Considering that our HIIT training is conducted at sub-maximal running speeds, and plyometric training, while activating muscular output, does not specifically target the application of force in sprinting, it is reasonable to observe declines in performance across all groups at the end of the offseason.
Liu2024|11.1;Liu 2024;Kern;Diskussion;;11;LI;1;6;0;L0;;L0;L0;Our study is not without limitations.
Liu2024|11.2;Liu 2024;Kern;Diskussion;;11;LI;2;21;0;L1;;L1;L1;Some limitations stem from representativeness, as the study only included male soccer players and did not encompass professionals or younger athletes.
Liu2024|11.3;Liu 2024;Kern;Diskussion;;11;LI;3;49;0;L1;A1;L1;L1+A1;Moreover, for a more in-depth analysis, it would be beneficial to collect additional variables, particularly considering biomechanical aspects related to muscle force or physiological mechanisms related to cardiac output or stroke volume, in order to better understand the underlying mechanisms that may explain declines in physical fitness and performance.
Liu2024|11.4;Liu 2024;Kern;Diskussion;;11;LI;4;27;0;A1;;A1;A1;Moreover, it would be valuable to explore other alternative training approaches, such as muscle power training or sprint training, to assess their effects on specific physical performances.
Liu2024|11.5;Liu 2024;Kern;Diskussion;;11;LI;5;21;0;A1;;A1;A1;In future research, several factors warrant consideration, particularly regarding the duration of training interventions and their impact across various age groups.
Liu2024|11.6;Liu 2024;Kern;Diskussion;;11;LI;6;26;0;A1;;A1;A1;Additionally, it may be beneficial to incorporate a broader range of training approaches to identify the most suitable methods for addressing the primary attributes of players.
Liu2024|12.1;Liu 2024;Kern;Diskussion;;12;ST;1;40;0;L3;;L3;L3;Despite these limitations, the current study is innovative as it compares two different training approaches (HIIT and PJT) and includes a combined version of them to explore which one may be more favorable in mitigating declines in physical fitness performance.
Liu2024|12.2;Liu 2024;Kern;Diskussion;;12;ST;2;39;0;P1;;P1;P1;As practical implications, it is recommended that players adhere to offseason training programs, viewing them as a means to improve specific qualities or simply to avoid abrupt declines, thus enabling better adaptation to the training loads during the pre-season.
Liu2024|13.1;Liu 2024;Kern;Diskussion;;13;PR;1;39;0;P1;;P1;P1;It is suggested that HIIT training be conducted twice a week to mitigate significant declines in aerobic performance while maintaining at least one plyometric training session per week could help preserve lower-limb power and lessen declines in sprint performance.
Liu2024|14.1;Liu 2024;Kern;Diskussion;;14;PR;1;67;0;P1;;P1;P1;While caution is warranted in implementing offseason training programs, with individualization being a crucial aspect to consider, our study suggests that short HIIT sessions, comprising 4 sets of 2 repetitions lasting between 45 and 60 seconds each, along with plyometric training incorporating both bilateral and unilateral exercises at maximum intensity, could be effective in mitigating the impact of detraining on the primary physical fitness variables of players.
Liu2024|14.2;Liu 2024;Kern;Diskussion;;14;PR;2;24;0;P2;;P2;P2;Both training approaches have the advantage of being feasible to implement without requiring extensive resources, as they are adaptable to various facilities and equipment.
Liu2024|15.1;Liu 2024;Kern;Schluss;;15;SR;1;22;0;Z2;;Z2;Z2;This study revealed that HIIT effectively maintains aerobic performance during offseason periods in under-19 soccer players, whereas PJT specifically improves CMJ outcomes.
Liu2024|15.2;Liu 2024;Kern;Schluss;;15;SR;2;15;0;Z2;B2;Z2+B2;Z2+B2;Despite active training, all intervention groups, similar to the control, suffered declines in sprint performance.
Liu2024|15.3;Liu 2024;Kern;Schluss;;15;SR;3;14;0;Z2;;Z2;Z2;While all groups experienced declining sprint performance, the control group showed significantly worse declines.
Liu2024|15.4;Liu 2024;Kern;Schluss;;15;SR;4;26;0;Z2;B2;Z2;Z2+B2;Moreover, regarding aerobic performance in the YYIRT, the HIIT group was able to maintain their levels, whereas the PJT, HIIT+PJT, and control groups experienced significant declines.
Liu2024|15.5;Liu 2024;Kern;Schluss;;15;SR;5;23;0;Z2;;Z2;Z2;Concerning CMJ, participants in the PJT group significantly increased their jumping height, while those in the HIIT and HIIT+PJT groups maintained their performances.
Liu2024|15.6;Liu 2024;Kern;Schluss;;15;SR;6;34;0;P1;;P1;P1;In terms of practical implications, players are encouraged to adhere to off-season training programs, viewing them as opportunities to enhance specific qualities or mitigate abrupt declines, thus facilitating better adaptation to preseason training loads.
Liu2024|15.7;Liu 2024;Kern;Schluss;;15;SR;7;15;0;P1;;P1;P1;To mitigate aerobic performance declines, incorporating HIIT sessions twice weekly during the offseason is advisable.
Liu2024|15.8;Liu 2024;Kern;Schluss;;15;SR;8;16;0;P1;;P1;P1;To enhance or maintain jump performance, integrating at least one session of PJT weekly is beneficial.
Moran2024|1.1;Moran 2024;Kern;Diskussion;;1;ER;1;35;0;Z2;B2;Z2;Z2+B2;The results of this study suggest that the 8-week PT interventions exerted discernable positive effects on COD and jump performance with few changes seen in linear sprint speed over distances of ten and forty metres.
Moran2024|1.2;Moran 2024;Kern;Diskussion;;1;ER;2;81;0;Z2;B2;Z2+B2;Z2+B2;Though demonstrably effective, no specific one of the three applied programmes enhanced performance to a greater extent than another with only the 40 m sprint for the HPT group (mean difference = 0.07 s [HPT] vs. 0.04 s [VPT] and 0.04 s [V +HPT]) and the vertical jump for the V+HPT group (mean difference = 4.5 cm [V+HPT] vs. 4.0 cm [VPT] and 3.25 cm [HPT]) appearing to deviate from a uniform pattern of group level adaptation across the performance tests.
Moran2024|1.3;Moran 2024;Kern;Diskussion;;1;ER;3;15;0;Z2;B2;Z2+B2;Z2+B2;There were no apparent directionally-specific adaptive to responses to any of the applied PT programmes.
Moran2024|2.1;Moran 2024;Kern;Diskussion;;2;RZ;1;49;1;Z0;H2;V3;Z0+H2;The results of a recent meta-analysis [5] suggested that whilst both HPT and VPT were both effective for enhancing jump and sprint performance, HPT was just as effective as VPT in enhancing vertical performance (i.e. vertical jump), but was superior at enhancing horizontal performance (i.e. horizontal jump, or sprint).
Moran2024|2.2;Moran 2024;Kern;Diskussion;;2;RZ;2;29;0;Z0;;H2;Z0;In this way, HPT would appear to be the more effective training activity as it seems to enhance both horizontally- and vertically-orientated performance to a greater extent than VPT.
Moran2024|2.3;Moran 2024;Kern;Diskussion;;2;RZ;3;32;0;Z1;;Z1;Z1;We set out to obtain data that could further clarify these results and examine the potential effects of a third form of PT that combined jumps in both vertical and horizontal direction.
Moran2024|2.4;Moran 2024;Kern;Diskussion;;2;RZ;4;42;0;Z1;;Z3;Z1+Z3;Across three volume-equated PT programmes, we were expectant that a combination of both HPT and VPT (V+HPT) would be the most effective form of training and that this would be reflected by increases in performance across the five tests that were chosen.
Moran2024|2.5;Moran 2024;Kern;Diskussion;;2;RZ;5;41;1;Z0;L3;Z0;Z0+L3;To the best of our knowledge, only one previous study has compared the effects of VPT vs HPT vs V+HPT on physical performance, with that study being carried out in very young male soccer players, aged 10 to 14 years [11].
Moran2024|2.6;Moran 2024;Kern;Diskussion;;2;RZ;6;19;0;Z1;;Z1;Z1;We sought to repeat a similar investigation to assess the effects of these types of PT in adult players.
Moran2024|3.1;Moran 2024;Kern;Diskussion;;3;QS:Spezifität;1;36;1;H2;;H2;H2;The principle of training specificity suggests that adaptations in a given physical capacity will occur if there is a high degree of similarity between an applied training stimulus and the intended outcome of that stimulus [19].
Moran2024|3.2;Moran 2024;Kern;Diskussion;;3;QS:Spezifität;2;36;0;H2;;H2;H2;Accordingly, this means that athletes that are involved in sports that require muscular strength for example, should engage in training activities that can cause increases in muscular strength so as to enhance overall performance and success.
Moran2024|3.3;Moran 2024;Kern;Diskussion;;3;QS:Spezifität;3;39;1;H2;;H2;H2;This has been suggested to apply in relation to PT with the training specificity principle supporting the use of vertical and horizontal jumps to improve performance in vertically- and horizontally-orientated tasks such as jumping and sprinting respectively [2, 3].
Moran2024|3.4;Moran 2024;Kern;Diskussion;;3;QS:Spezifität;4;66;1;V1;B2;V1;V1+B2;However, a recent meta-analysis [5] that analysed all of the available studies in this domain concluded that the transfer of adaptation from vertically-orientated PT to vertically-orientated fitness tests (i.e. countermovement jump) and horizontally-orientated PT to horizontally-orientated fitness tests (i.e. SLJ or 10 m sprint) was not necessarily as clear as the principle of training specificity might suggest and our current results are broadly supportive of this.
Moran2024|4.1;Moran 2024;Kern;Diskussion;;4;ZG:Sprint;1;35;0;B2;B1;B1+B2;B2+B1;Our results also suggest that whilst the PT had little practical effect on both 10 m and 40 m sprint times, there were moderate, bordering on large, effects on COD performance in the 505 test.
Moran2024|4.2;Moran 2024;Kern;Diskussion;;4;ZG:Sprint;2;35;1;V2;B2;V2;V2+B2;Why this pattern of results occurred is unclear as Moran et al. [5] had previously reported moderate effects of both HPT and VPT on horizontally-orientated outcomes which included 5 m and 10 m sprint tests.
Moran2024|4.3;Moran 2024;Kern;Diskussion;;4;ZG:Sprint;3;39;1;V1;B1;V1;V1+B1;That investigation did not include any tests of COD but a previous meta-analysis by Asadi et al. [20] reported a moderate effect of 0.96 of PT on performance of this type thus corroborating the results of the current study.
Moran2024|4.4;Moran 2024;Kern;Diskussion;;4;ZG:Sprint;4;46;0;E1;;E1;E1;The researchers’ suggested mechanisms for these responses were changes in the contractile properties of the involved muscle fibres, improved lower-limb muscle activation, greater intermuscular coordination and excitability of the stretch-reflex as well as changes in muscle architecture and stiffness of various elastic components of musculotendinous tissue.
Moran2024|4.5;Moran 2024;Kern;Diskussion;;4;ZG:Sprint;5;36;1;V2;E2;V3+E2;V2+E2;Even more curiously, Moran et al. [5] previously reported that HPT was most effective for improving horizontally-orientated performance when training programmes were longer than seven weeks duration and included more than twelve training sessions per programme.
Moran2024|4.6;Moran 2024;Kern;Diskussion;;4;ZG:Sprint;6;49;1;E2;B2;E2;E2+B2;The current intervention satisfied these criteria suggesting that the lack of adaptation in the 10 m and 40 m sprint tests could be due to one of the moderator variables that Moran et al. [5] could not account for which was the intensity of the jumps in each programme.
Moran2024|4.7;Moran 2024;Kern;Diskussion;;4;ZG:Sprint;7;24;1;E2;E1;E2;E2+E1;Because different varieties of jump do not have uniform kinematic characteristics and elements such as ground reaction forces, they differ in their intensity [21].
Moran2024|4.8;Moran 2024;Kern;Diskussion;;4;ZG:Sprint;8;31;0;E2;;E2;E2;In this way, a high intensity PT programme could share an identical volume with a low intensity PT programme yet each would result in a different level of adaptation following execution.
Moran2024|4.9;Moran 2024;Kern;Diskussion;;4;ZG:Sprint;9;29;0;E2;B2;E2;E2+B2;This factor is highly difficult to account for in PT meta-analyses and could be a factor in the lack of change in sprint speed observed in the current programme.
Moran2024|5.1;Moran 2024;Kern;Diskussion;;5;QS:Programmmerkmal;1;42;0;E2;;E2;E2;A further notable characteristic of this study was the bilateral nature of the jumps that were included in the PT programme and this could have had an impact on whether or not a transfer of effect from training to performance was achieved.
Moran2024|5.2;Moran 2024;Kern;Diskussion;;5;QS:Programmmerkmal;2;25;1;E2;;E2;E2;It has previously been reported that a combination of bilateral and unilateral HPT is far more effective than bilateral only for enhancing movement speed [5].
Moran2024|5.3;Moran 2024;Kern;Diskussion;;5;QS:Programmmerkmal;3;15;0;P1;;P1;P1;Accordingly, PT programmes should include a combination of single- and double-leg jumps to optimise performance.
Moran2024|5.4;Moran 2024;Kern;Diskussion;;5;QS:Programmmerkmal;4;41;2;E1;E2;E1;E1+E2;Though a previous meta-analysis [22] has indicated that bilateral and unilateral PT are equally effective for enhancing movement speed, unilateral training might be relatively more beneficial to increasing activity in key muscles such as the vastus medialis and the gastrocnemius [23].
Moran2024|5.5;Moran 2024;Kern;Diskussion;;5;QS:Programmmerkmal;5;29;1;E1;;E1;E1;Moreover, due to the presence of the bilateral deficit and longer muscle action times, greater impulses can be achieved in unilateral PT and this could drive additional adaptation [24].
Moran2024|5.6;Moran 2024;Kern;Diskussion;;5;QS:Programmmerkmal;6;21;0;A1;;A1;A1;Accordingly, we recommend that future research should incorporate high intensity jumps and jumps of a unilateral nature into the study design.
Moran2024|5.7;Moran 2024;Kern;Diskussion;;5;QS:Programmmerkmal;7;30;1;P1;;P1;P1;Similarly, coaches should prescribe multidimensional programmes that address the various different demands of soccer incorporating unilateral, bilateral, horizontal, vertical, cyclical and acyclical jumps into the PT protocol [5, 11, 25].
Moran2024|6.1;Moran 2024;Kern;Diskussion;;6;LI;1;7;0;L0;;L0;L0;There are some limitations to this study.
Moran2024|6.2;Moran 2024;Kern;Diskussion;;6;LI;2;41;1;L1;M1;L1;L1+M1;Though our objective was to compare the effect of PT programme types and not whether PT itself is effective (this is already well-established [26, 27]), the addition of a control group to the study would have offered further basis for comparison.
Moran2024|6.3;Moran 2024;Kern;Diskussion;;6;LI;3;23;0;L2;M1;L2;M1;However, it was not possible to require a portion of the involved players to abstain from training for an extended period of time.
Moran2024|6.4;Moran 2024;Kern;Diskussion;;6;LI;4;44;0;L1;A1+L2+M1;L1+L2;L1+M1+A1;The addition of unilateral PT may have served as a more comprehensive programme for the players to complete though its deliberate omission allowed us to partially control for its effect on the chosen performance tests and future studies can now expand upon our findings.
Moran2024|6.5;Moran 2024;Kern;Diskussion;;6;LI;5;22;1;L1;L2+M2;L1+L2;L1+M2;The sample size in our study was also relatively small with most studies in PT including around ten participants per group [28].
Moran2024|6.6;Moran 2024;Kern;Diskussion;;6;LI;6;18;0;L3;L2;L2;L3;Despite this, the presented data can be very useful for inclusion in future meta-analyses on this particular topic.
Moran2024|6.7;Moran 2024;Kern;Diskussion;;6;LI;7;18;0;L1;M2;L1+M2;M2+L1;Lastly, though we included standardised effect sizes (Table 3), we did so for informational rather than analytical purposes.
Moran2024|6.8;Moran 2024;Kern;Diskussion;;6;LI;8;42;0;M2;;M2;M2;The analysis of such metrics in this type of descriptive analysis with visual representations of the data would not necessarily be appropriate because the absolute gain in performance (Table 2) due to training is more important than the units of between-individual variability.
Moran2024|6.9;Moran 2024;Kern;Diskussion;;6;LI;9;26;0;M2;;M2;M2;For a summary of the non-standardised mean differences in pre- and post-intervention performance data, the reader is referred to the study dataset in the S1 Data.
Moran2024|7.1;Moran 2024;Kern;Schluss;;7;SR;1;24;0;Z2;B2;F1+Z2;Z2+B2;Based on our results, VPT, HPT, and V+H PT had largely similar effects on SLJ, COD, and sprint performance in adult male soccer players.
Moran2024|7.2;Moran 2024;Kern;Schluss;;7;SR;2;32;1;V2;B2;V2;V2+B2;This was a surprising result given the results of previous studies [5, 11] which indicated a more logical task-specific response to the type of training that was applied in the current intervention.
Moran2024|7.3;Moran 2024;Kern;Schluss;;7;SR;3;41;0;F1;B2;F1;F1+B2;Nevertheless, a total volume of 100 foot contacts per session, twice per week for eight weeks was sufficient to achieve the observed changes though adaptations fell somewhat short of addressing the game-specific demands that are imposed upon soccer players during play.
Moran2024|7.4;Moran 2024;Kern;Schluss;;7;SR;4;24;0;P1;B2;P1;P1+B2;Though jump and COD performance were enhanced, linear sprint performance was largely unchanged so a more complete and intense programme may have been warranted.
Moran2024|7.5;Moran 2024;Kern;Schluss;;7;SR;5;35;1;P1;;P1;P1;This could have included jumps such as depth or drop jumps from relatively higher heights (i.e. >60 cm) MENDELEY CITATION PLACEHOLDER 38 as well as jumps that are executed unilaterally as well as bilaterally [5].
Moran2024|7.6;Moran 2024;Kern;Schluss;;7;SR;6;16;0;P1;;P1;P1;This could potentially result in adaptations to both jumping and sprinting, rather than just jumping alone.
Moran2024|7.7;Moran 2024;Kern;Schluss;;7;SR;7;35;0;P1;;P1;P1;However, coaches must remain cognisant of the training experience of the player, programming more modest volumes of lower intensity jumps before eventual graduation to higher volumes of higher intensity jumps such as those mentioned above.
Moran2024|7.8;Moran 2024;Kern;Schluss;;7;SR;8;45;1;P1;F1;P1;P1+F1;To summarise, based on these results, we recommend [29] that coaches can programme 200 weekly foot contacts of interchangeable combinations of VPT, HPT and V+H PT, erring on the side of caution by prescribing a multidimensional training stimulus that meets the movement demands of soccer.
Moran2024|7.9;Moran 2024;Kern;Schluss;;7;SR;9;17;0;P1;E2;P1;P1+E2;Moreover, a more intense training stimulus or greater volume could induce larger changes in linear sprint performance.
Sammoud2024|1.1;Sammoud 2024;Kern;Diskussion;;1;ER;1;21;0;Z1;;Z1;Z1;This study aimed to examine the effects of PJT on physical fitness measures and lower-limb asymmetry in prepubertal male soccer players.
Sammoud2024|1.2;Sammoud 2024;Kern;Diskussion;;1;ER;2;17;0;Z2;;Z2;Z2;The main findings revealed significant moderate-to-large effects of PJT on CMJ, SLJ, HTD, HTND, and CoD performances.
Sammoud2024|1.3;Sammoud 2024;Kern;Diskussion;;1;ER;3;17;0;Z2;;Z2;Z2;Additionally, the results suggested a small but significant reduction in the lower limb asymmetry index after training.
Sammoud2024|1.4;Sammoud 2024;Kern;Diskussion;;1;ER;4;13;0;Z2;;Z2;Z2;Conversely, no significant changes between pre and post-tests were observed in the CG.
Sammoud2024|2.1;Sammoud 2024;Kern;Diskussion;Jumping ability;2;ZG:Sprung;1;31;1;H1;;H1;H1;It is widely recognized that modern soccer demands a high level of jumping performance to enable soccer players to effectively cope with the elevated physical demands of a soccer match [2].
Sammoud2024|2.2;Sammoud 2024;Kern;Diskussion;Jumping ability;2;ZG:Sprung;2;19;0;H1;;H1;H1;Jump performance is a valid indicator of talent identification, which can distinguish between elite and non-elite youth soccer players.
Sammoud2024|2.3;Sammoud 2024;Kern;Diskussion;Jumping ability;2;ZG:Sprung;3;34;0;B1;;B1;B1;Our statistical analyses revealed significant, large pre-to-post training improvements in jumping height performance (d = 3.47, d = 1.15, 1.44, and 1.20 for the CMJ, SLJT, HTD, and HTND, respectively) after the PJT program.
Sammoud2024|2.4;Sammoud 2024;Kern;Diskussion;Jumping ability;2;ZG:Sprung;4;11;0;B1;;B1;B1;In contrast, no significant pre-to-post changes were detected in the CG.
Sammoud2024|2.5;Sammoud 2024;Kern;Diskussion;Jumping ability;2;ZG:Sprung;5;32;1;V1;B1;V1;V1+B1;Consistent with our findings, Ramirez-Campillo et al. [33] reported an improvement in CMJ height of 4.3% after eight weeks of PJT (ES = 0.2) in youth male soccer players aged 13 years.
Sammoud2024|2.6;Sammoud 2024;Kern;Diskussion;Jumping ability;2;ZG:Sprung;6;29;1;V3;;V3;V3;Furthermore, a systematic review with meta-analysis by Moran et al. [17] reported a moderate positive effect of PJT (d = 0.91) on jumping performance in prepubertal male soccer players.
Sammoud2024|2.7;Sammoud 2024;Kern;Diskussion;Jumping ability;2;ZG:Sprung;7;36;0;E1;L1;E1;E1+L1;Although no mechanistic measures were conducted in this study, it is likely that the enhancement of the two essential components of the stretch–shortening cycle (SSC) after the PJT program contributed to the gains in jumping performance.
Sammoud2024|2.8;Sammoud 2024;Kern;Diskussion;Jumping ability;2;ZG:Sprung;8;37;0;E1;;E1;E1;Specifically, improvements in jumping ability after PJT are thought to be due to neural adaptations in terms of increased motor unit recruitment (i.e., intramuscular coordination) and better synergistic and less antagonistic muscle activation strategies (i.e., intermuscular coordination).
Sammoud2024|2.9;Sammoud 2024;Kern;Diskussion;Jumping ability;2;ZG:Sprung;9;14;1;E1;;E1;E1;These are potential mechanisms proposed to result in enhanced jumping performance after PJT [34].
Sammoud2024|2.10;Sammoud 2024;Kern;Diskussion;Jumping ability;2;ZG:Sprung;10;46;1;E1;;E1;E1;However, other potential mechanisms, such as musculotendinous tissue adaptations (e.g., increased stiffness that can impact the muscle’s ability to generate force rapidly and increased cross-sectional area of the muscle) may also contribute to the improvement in jumping performance after PJT in youth soccer players [35, 36].
Sammoud2024|3.1;Sammoud 2024;Kern;Diskussion;Change of direction;3;ZG:Richtungswechsel;1;13;1;H1;;H1;H1;CoD ability is a distinctive feature of performance in male soccer players [37].
Sammoud2024|3.2;Sammoud 2024;Kern;Diskussion;Change of direction;3;ZG:Richtungswechsel;2;15;0;B1;;B1;B1;Our results demonstrated a large pre-to-post improvement (∆-6.53%, d = 1.06) in CoD after PJT.
Sammoud2024|3.3;Sammoud 2024;Kern;Diskussion;Change of direction;3;ZG:Richtungswechsel;3;14;0;B1;;B1;B1;In contrast, no significant pre-to-post changes were detected in the CG (d = 0.08).
Sammoud2024|3.4;Sammoud 2024;Kern;Diskussion;Change of direction;3;ZG:Richtungswechsel;4;39;1;V1;B1;V1;V1+B1;These results support those of previous studies such as Negra et al. [18] who reported a large improvement (d = 1.52) in CoD speed performance (i.e., Illinois agility test) after eight weeks of PJT in prepubertal male soccer players.
Sammoud2024|3.5;Sammoud 2024;Kern;Diskussion;Change of direction;3;ZG:Richtungswechsel;5;28;1;V1;;V1;V1;Similarly, Bouguezzi et al. [29] revealed large improvements (d = 0.94) in the modified Illinois CoD performance test after an 8-week PJT program in prepubertal male soccer players.
Sammoud2024|3.6;Sammoud 2024;Kern;Diskussion;Change of direction;3;ZG:Richtungswechsel;6;14;1;V1;;V3;V1;A recently published umbrella review [38] also indicated that PJT benefits CoD speed performance.
Sammoud2024|3.7;Sammoud 2024;Kern;Diskussion;Change of direction;3;ZG:Richtungswechsel;7;31;1;E1;;E1;E1;The improvement in CoD performance may be attributed to enhanced SSC efficiency (i.e., rapid switch from eccentric to concentric muscle action), which is an important prerequisite to improve CoD movements [39].
Sammoud2024|3.8;Sammoud 2024;Kern;Diskussion;Change of direction;3;ZG:Richtungswechsel;8;13;1;E1;;E1;E1;Eccentric strength is a key factor for effective deceleration during CoD tasks [38].
Sammoud2024|3.9;Sammoud 2024;Kern;Diskussion;Change of direction;3;ZG:Richtungswechsel;9;12;0;E1;;E1;E1;In this sense, it seems that PJT contributed to better eccentric strength.
Sammoud2024|3.10;Sammoud 2024;Kern;Diskussion;Change of direction;3;ZG:Richtungswechsel;10;20;1;E1;;E1;E1;This has probably occurred due to the increased eccentric overload during the descending and braking phases of PJT [40, 41].
Sammoud2024|3.11;Sammoud 2024;Kern;Diskussion;Change of direction;3;ZG:Richtungswechsel;11;20;0;E1;;E1;E1;The increase in eccentric strength of the knee extensors may have translated to a more effective ability to change direction.
Sammoud2024|3.12;Sammoud 2024;Kern;Diskussion;Change of direction;3;ZG:Richtungswechsel;12;36;2;E1;;E1;E1;Additionally, the improvement in CoD performance may be related to the augmentation of the rate of force development through increased intermuscular and intramuscular coordination [34, 42], which is a preeminent factor in optimizing CoD performance [39].
Sammoud2024|3.13;Sammoud 2024;Kern;Diskussion;Change of direction;3;ZG:Richtungswechsel;13;26;1;E1;;E1;E1;Granacher et al. [43] also suggested that PJT can decrease ground reaction times through increased muscular force output and movement efficiency, which positively affect CoD performance.
Sammoud2024|3.14;Sammoud 2024;Kern;Diskussion;Change of direction;3;ZG:Richtungswechsel;14;38;2;E1;;E1;E1;Further, Hakkinen et al. [42] reported that the improvement in CoD performance is moderated by neural factors such as higher levels of motor unit recruitment/synchronization and increased firing frequency, both of which can be improved after PJT [44].
Sammoud2024|4.1;Sammoud 2024;Kern;Diskussion;Asymmetry score;4;ZG:Asymmetrie;1;17;1;H1;;H1;H1;In soccer, inter-limb asymmetry is a potential risk factor for injury and can negatively impact performance [45].
Sammoud2024|4.2;Sammoud 2024;Kern;Diskussion;Asymmetry score;4;ZG:Asymmetrie;2;26;0;B1;;B1;B1;Our results indicated a small but significant reduction in inter-limb asymmetry score for the PJT group (change = -4.75%, d = 0.43) after the intervention period.
Sammoud2024|4.3;Sammoud 2024;Kern;Diskussion;Asymmetry score;4;ZG:Asymmetrie;3;25;0;B1;;B1;B1;In contrast, the CG showed a worsening of the asymmetry score (change = 1.96%, d = 0.33), although this change did not reach statistical significance.
Sammoud2024|4.4;Sammoud 2024;Kern;Diskussion;Asymmetry score;4;ZG:Asymmetrie;4;37;0;E1;;E1;E1;These results are not surprising given that soccer is characterised by a high prevalence of unilateral movements, such as jumping, kicking, and CoD speed jumping, which can lead players to rely on one limb over the other.
Sammoud2024|4.5;Sammoud 2024;Kern;Diskussion;Asymmetry score;4;ZG:Asymmetrie;5;26;0;P1;;P1;P1;Therefore, incorporating PJT into training routines may be a useful strategy to mitigate inter-limb asymmetry and reduce the risk of injury in soccer players by reducing.
Sammoud2024|5.1;Sammoud 2024;Kern;Diskussion;Asymmetry score;5;ZG:Asymmetrie;1;24;1;V3;;V3;V3;In recent years, studies have investigated the effects of various training interventions on inter-limb asymmetry across different sports, with inconsistent findings being reported [46–49].
Sammoud2024|5.2;Sammoud 2024;Kern;Diskussion;Asymmetry score;5;ZG:Asymmetrie;2;70;2;V3;;V3;V3;For example, while Parados Mainer et al. [49] revealed a reduction in inter-limb asymmetry (ES: -0.76 to 0.49) following a 10-week additional injury prevention programme (FIFA 11 +) in adolescent female soccer players aged 13 years, another study by the same authors [49] showed no significant improvement in inter-limb asymmetry (ES = 0.26) after an 8-week combined strength and power training program in adolescent female soccer players aged 16 years.
Sammoud2024|5.3;Sammoud 2024;Kern;Diskussion;Asymmetry score;5;ZG:Asymmetrie;3;27;1;V3;;V3;V3;Similarly, Gonzalo Skok et al. [47] found a decrease in inter-limb asymmetry in young male soccer players aged 16 years following three different unilateral strength training strategies.
Sammoud2024|5.4;Sammoud 2024;Kern;Diskussion;Asymmetry score;5;ZG:Asymmetrie;4;19;1;V1;B1;V1;V1+B1;Similar to the findings of Pardos-Mainer et al. [48], the change in inter-limb asymmetry in our study was small.
Sammoud2024|5.5;Sammoud 2024;Kern;Diskussion;Asymmetry score;5;ZG:Asymmetrie;5;27;0;M2;;M2;M2;It is important to note that asymmetry is a ratio metric and can result in large SD values relative to the mean (as seen in Table 3).
Sammoud2024|5.6;Sammoud 2024;Kern;Diskussion;Asymmetry score;5;ZG:Asymmetrie;6;28;1;M2;;M2;M2;Thus, a large standard deviation can often prevent statistical significance from being achieved in asymmetry analysis, which has been observed in previous studies on this topic [50, 51].
Sammoud2024|5.7;Sammoud 2024;Kern;Diskussion;Asymmetry score;5;ZG:Asymmetrie;7;14;0;E2;M2;M2;E2+M2;This may be a contributing factor to the inconsistent findings reported in the literature.
Sammoud2024|5.8;Sammoud 2024;Kern;Diskussion;Asymmetry score;5;ZG:Asymmetrie;8;28;0;B1;;B1;B1;Our study showed a significant reduction in inter-limb asymmetry score among prepubertal male soccer players after undergoing an 8-week PJT program, although the reduction was small in magnitude.
Sammoud2024|5.9;Sammoud 2024;Kern;Diskussion;Asymmetry score;5;ZG:Asymmetrie;9;39;0;E2;E1;E2;E2+E1;This could be attributed to the balanced load between limbs in both bilateral and unilateral vertical and horizontal jumps that were included in the PJT program, which may have helped to mitigate the neuromuscular deficit of the weaker side.
Sammoud2024|5.10;Sammoud 2024;Kern;Diskussion;Asymmetry score;5;ZG:Asymmetrie;10;13;0;E2;;E2;E2;As such, this resulted in a reduction in the overall level of asymmetry.
Sammoud2024|5.11;Sammoud 2024;Kern;Diskussion;Asymmetry score;5;ZG:Asymmetrie;11;37;0;A1;L2;A1;A1+L2;It is important to note, however, that future studies with longer training periods are needed to confirm these findings and to gain a better understanding of the impact of PJT on inter-limb asymmetry in young soccer players.
Sammoud2024|6.1;Sammoud 2024;Kern;Diskussion;Strengths and limitations;6;LI;1;6;0;L0;;L0;L0;This study has strengths and limitations.
Sammoud2024|6.2;Sammoud 2024;Kern;Diskussion;Strengths and limitations;6;LI;2;25;0;L3;;L3;L3;In terms of the strengths, this is the first empirical investigation that examined the effect of PJT on inter-limb asymmetries in prepubertal male soccer players.
Sammoud2024|6.3;Sammoud 2024;Kern;Diskussion;Strengths and limitations;6;LI;3;13;0;L3;;L3;L3;In addition, this study was conducted during the in-season period of the year.
Sammoud2024|6.4;Sammoud 2024;Kern;Diskussion;Strengths and limitations;6;LI;4;45;0;L3;;L3;L3;Compared to interventions during the pre-season, the effects observed during the current study may be attributed with a greater degree of certainty to PJT intervention, rather than to a low level of basal physical fitness of the players at the beginning of a pre-season period.
Sammoud2024|6.5;Sammoud 2024;Kern;Diskussion;Strengths and limitations;6;LI;5;24;1;L3;H2;L3;L3+H2;Moreover, PJT interventions were frequently incorporated alongside regular youth training [29, 30], posing a challenge in isolating the exclusive impact of the PJT intervention.
Sammoud2024|6.6;Sammoud 2024;Kern;Diskussion;Strengths and limitations;6;LI;6;24;0;L3;M1;L3;M1+L3;To address this, the PJT in this study substituted 20 to 25 min of low-intensity soccer drills twice a week over an 8-week period.
Sammoud2024|6.7;Sammoud 2024;Kern;Diskussion;Strengths and limitations;6;LI;7;13;0;L3;;L3;L3;This substitution increases our confidence in attributing the observed effects primarily to PJT.
Sammoud2024|6.8;Sammoud 2024;Kern;Diskussion;Strengths and limitations;6;LI;8;20;0;L1;;L1;L1;With respect to the limitations, the primary drawback of this study is the lack of biomechanical and electrophysiological testing methods.
Sammoud2024|6.9;Sammoud 2024;Kern;Diskussion;Strengths and limitations;6;LI;9;20;0;L2;;L2;L2;This may limit the insights into the physiological adaptive mechanisms associated with physical fitness improvements and reduced asymmetry after PJT.
Sammoud2024|6.10;Sammoud 2024;Kern;Diskussion;Strengths and limitations;6;LI;10;11;0;A1;L2;A1+L2;A1+L2;As such, integrating such measures in future studies would be beneficial.
Sammoud2024|6.11;Sammoud 2024;Kern;Diskussion;Strengths and limitations;6;LI;11;24;1;L1;L2;L1;L1+L2;Second, the asymmetry results obtained in this study are specific to the test used and can’t be generalised to other asymmetry protocols [16, 32].
Sammoud2024|6.12;Sammoud 2024;Kern;Diskussion;Strengths and limitations;6;LI;12;23;0;A1;L2;A1+L2;A1+L2;It would have been beneficial to incorporate an additional test for quantifying asymmetry in future studies to assess the consistency of the findings.
Sammoud2024|6.13;Sammoud 2024;Kern;Diskussion;Strengths and limitations;6;LI;13;33;0;L1;A1;L1+A1;L1+A1;Third, while the current study indicated positive effects of PJT on asymmetry level, the magnitude of the effect was small, and future studies with larger sample sizes are needed to confirm these findings.
Sammoud2024|6.14;Sammoud 2024;Kern;Diskussion;Strengths and limitations;6;LI;14;18;0;L1;;L1;L1;Fourth, our results showed significant difference between the control and experimental groups for anthropometric and maturity offset variables.
Sammoud2024|6.15;Sammoud 2024;Kern;Diskussion;Strengths and limitations;6;LI;15;7;0;L2;E3;L2;L2+E3;However, both groups were classified as prepubertal.
Sammoud2024|6.16;Sammoud 2024;Kern;Diskussion;Strengths and limitations;6;LI;16;26;0;L2;E3;L2;E3+L2;Moreover, evidence from a recently published systematic with meta-analysis indicated that maturity status does not moderate the effects of plyometric training on measures of physical fitness.
Sammoud2024|6.17;Sammoud 2024;Kern;Diskussion;Strengths and limitations;6;LI;17;20;1;L2;E3;L2;E3;More particularly, authors reported similar plyometric training-related adaptation between pre- and post-pubertal youth in most outcomes, except CoD speed [52].
Sammoud2024|6.18;Sammoud 2024;Kern;Diskussion;Strengths and limitations;6;LI;18;35;1;A1;L2;A1;A1+L2;Nonetheless, future studies should consistently report maturity offset, particularly in the field of jump training, where most published studies have failed to provide a description for this potentially relevant moderator factor [19], including soccer studies.
Sammoud2024|6.19;Sammoud 2024;Kern;Diskussion;Strengths and limitations;6;LI;19;18;0;L1;L2;L1;L1+L2;Finally, the current results are specific to prepubertal male soccer players and cannot be generalized to prepubertal females.
Sammoud2024|6.20;Sammoud 2024;Kern;Diskussion;Strengths and limitations;6;LI;20;22;0;A1;L2;A1+L2;A1+L2;As such, upcoming studies including female participants would be needed to extend the findings of this study, particularly in terms of asymmetry.
Sammoud2024|7.1;Sammoud 2024;Kern;Schluss;;7;SR;1;18;0;Z2;;Z2;Z2;The findings of the current study indicated moderateto-large improvements in physical fitness measures in prepubertal male soccer players.
Sammoud2024|7.2;Sammoud 2024;Kern;Schluss;;7;SR;2;21;0;Z2;;Z2;Z2;Of note, results showed that 8 weeks of PJT contribute to reducing the level of inter-limb asymmetry in the same population.
Sammoud2024|7.3;Sammoud 2024;Kern;Schluss;;7;SR;3;14;0;F1;H1;F1;F1+H1;The decrease in inter-limb asymmetry may potentially mitigate the risk of lower limb injuries.
Sammoud2024|7.4;Sammoud 2024;Kern;Schluss;;7;SR;4;21;0;L3;;L3;L3;These results extend the existing literature by highlighting the additional benefits of PJT in reducing inter-limb asymmetry in youth soccer players.
Sammoud2024|7.5;Sammoud 2024;Kern;Schluss;;7;SR;5;32;0;P1;;P1;P1;Therefore, incorporating PJT into regular soccer training could be beneficial not only for improving physical fitness but also for reducing the risk of injuries associated with asymmetry in prepubertal male soccer players.
Sammoud2024|7.6;Sammoud 2024;Kern;Schluss;;7;SR;6;13;0;P1;;P1;P1;These findings may guide practitioners in designing effective PJT programs for this population.
Bouafif2026|1.1;Bouafif 2026;Kern;Diskussion;;1;ER;1;35;0;Z1;;Z1;Z1;This study examined the effects of an 8-week plyometric training program on dynamic balance, single-leg hop performance, change of direction (CoD) speed, and lower-limb asymmetries in Tier 2 male soccer players across different maturity statuses.
Bouafif2026|1.2;Bouafif 2026;Kern;Diskussion;;1;ER;2;34;0;Z2;;Z2;Z2;The results revealed that plyometric training significantly improved all physical performance measures, with greater enhancements observed in the post-peak height velocity (post-PHV) group compared to both the pre-PHV group and the active control group.
Bouafif2026|1.3;Bouafif 2026;Kern;Diskussion;;1;ER;3;23;0;Z2;B2+Z3;Z2+B2+Z3;Z2+B2+Z3;However, contrary to our expectations, asymmetry in dynamic balance did not improve and even increased in the post-PHV groups, particularly for balance tasks.
Bouafif2026|1.4;Bouafif 2026;Kern;Diskussion;;1;ER;4;16;1;P1;E3;P1;P1+E3;These findings underscore the importance of considering biological maturation when designing and prescribing plyometric interventions [12,32,33].
Bouafif2026|2.1;Bouafif 2026;Kern;Diskussion;;2;ZG:Sprung und Richtungswechsel;1;34;1;V1;B1;V1;V1+B1;The observed improvements in jump and CoD performances align with findings from prior systematic reviews and meta-analyses [9,34,35], which consistently report moderate to large effect sizes for these outcomes following plyometric interventions in youth.
Bouafif2026|2.2;Bouafif 2026;Kern;Diskussion;;2;ZG:Sprung und Richtungswechsel;2;44;1;E3;E1;E3;E3+E1;The superior responsiveness observed in post-PHV players is consistent with maturation-related neuromuscular adaptations, such as enhanced motor unit recruitment, greater neural conduction velocity, and increased muscle stiffness and reactive strength—all of which are critical to explosive actions like jumping and rapid directional changes [5,15].
Bouafif2026|2.3;Bouafif 2026;Kern;Diskussion;;2;ZG:Sprung und Richtungswechsel;3;25;1;E3;;E3;E3;These physiological advantages, combined with higher mechanical tolerance and hormonal influences during adolescence, enable more mature athletes to benefit more from high-intensity training stimuli [7,13].
Bouafif2026|3.1;Bouafif 2026;Kern;Diskussion;;3;ZG:Balance;1;10;0;B2;B1;B1;B2;In contrast, findings related to dynamic balance were more complex.
Bouafif2026|3.2;Bouafif 2026;Kern;Diskussion;;3;ZG:Balance;2;27;0;B1;B2;B1+B2;B1+B2;While balance improved in both age groups post-intervention, a larger improvement was observed in the post-PHV group’s dominant leg, potentially contributing to an increase in inter-limb asymmetry.
Bouafif2026|3.3;Bouafif 2026;Kern;Diskussion;;3;ZG:Balance;3;34;2;V2;B1;V2;V2+B1;This differs from the conclusions of meta-analyses by Ramachandran and Singh [36] and Clemente and Ramirez-Campillo [37], which suggested either modest or no significant balance gains from plyometric training across age groups and sexes.
Bouafif2026|3.4;Bouafif 2026;Kern;Diskussion;;3;ZG:Balance;4;35;1;E3;;E3;E3;The greater gains in dominant-leg balance in the post-PHV athletes may stem from developmental factors—such as rapid changes in body morphology during PHV, which challenge postural control and force the neuromuscular system to recalibrate [38,39].
Bouafif2026|3.5;Bouafif 2026;Kern;Diskussion;;3;ZG:Balance;5;24;1;E3;E1;E3;E3+E1;As athletes mature, experience, motor learning, and neuromuscular control of the dominant leg may become more refined, facilitating superior adaptation to training stimuli [34].
Bouafif2026|4.1;Bouafif 2026;Kern;Diskussion;;4;ZG:Balance;1;15;0;E3;B2;E3+B2;E3+B2;This maturity-dependent improvement, however, might also explain the unexpected increase in asymmetry in balance post-intervention.
Bouafif2026|4.2;Bouafif 2026;Kern;Diskussion;;4;ZG:Balance;2;29;1;E1;;E1;E1;As plyometrics enhances force-generating capacities and neuromuscular activation, these improvements may occur unequally between limbs, especially in unilateral or dominant-leg-biased movements common in soccer and some plyometric exercises [40].
Bouafif2026|4.3;Bouafif 2026;Kern;Diskussion;;4;ZG:Balance;3;29;1;E3;E1;E3+E1;E1+E3;In more mature athletes, the enhanced ability to generate force and react quickly could lead to disproportionate neuromuscular adaptations between limbs, revealing or even exacerbating subtle preexisting asymmetries [5,10].
Bouafif2026|5.1;Bouafif 2026;Kern;Diskussion;;5;ZG:Balance;1;13;0;E2;M2;E2+M2;E2;Furthermore, the nature of the balance assessments may have contributed to these findings.
Bouafif2026|5.2;Bouafif 2026;Kern;Diskussion;;5;ZG:Balance;2;29;1;E2;E1;E2;E1+E2;Unlike jump or CoD tests that primarily rely on maximal force or speed output, dynamic balance tasks demand complex integration of sensory feedback, motor planning, and neuromuscular coordination [39,41].
Bouafif2026|5.3;Bouafif 2026;Kern;Diskussion;;5;ZG:Balance;3;33;0;E1;;E1;E1;If plyometric training disproportionately enhanced strength or power without concurrently improving inter-limb coordination or proprioception, it might have temporarily disrupted equilibrium control, especially in athletes who gained more strength in their dominant leg.
Bouafif2026|5.4;Bouafif 2026;Kern;Diskussion;;5;ZG:Balance;4;27;1;E3;E1;E3;E3+E1;Pre-PHV athletes, with a less differentiated neuromuscular system, may have responded with more global, balanced adaptations due to a lower training threshold and less limb dominance [7,42].
Bouafif2026|6.1;Bouafif 2026;Kern;Diskussion;;6;QS:Sicherheit;1;31;0;P2;M1;M1+P2;P2+M1;Although the plyometric training program was designed with age-appropriate intensity and strict supervision, the inclusion of young pre-PHV players (mean age 8.7 years) warrants careful consideration regarding developmental readiness and safety.
Bouafif2026|6.2;Bouafif 2026;Kern;Diskussion;;6;QS:Sicherheit;2;35;1;H2;P2;H2;H2+P2;"At this stage, the musculoskeletal and neuromuscular systems are still developing, and excessive or poorly supervised training may increase the risk of overuse injuries or fatigue-related compensations [Lloyd & Oliver, 2012; Faigenbaum et al., 2016]."
Bouafif2026|6.3;Bouafif 2026;Kern;Diskussion;;6;QS:Sicherheit;3;21;0;P1;;P1;P1;Therefore, early plyometric or resistance training for prepubertal children should prioritize movement competency and quality of execution over intensity or volume.
Bouafif2026|6.4;Bouafif 2026;Kern;Diskussion;;6;QS:Sicherheit;4;52;1;M1;P2;M1;M1+P2;"Consistent with current youth strength and conditioning frameworks [Granacher et al., 2018; Behm et al., 2017], the present program emphasized low-to-moderate intensity drills (e.g., drop jumps ≤30 cm, bilateral first, then unilateral), progressive overload through gradual increases in contacts and complexity rather than external load, and strict technical supervision during all exercises."
Bouafif2026|6.5;Bouafif 2026;Kern;Diskussion;;6;QS:Sicherheit;5;18;0;M1;;M1;M1;Recovery between sessions and between sets (≥48 hours, ≥ 30–60 s rest) was ensured to prevent excessive fatigue.
Bouafif2026|6.6;Bouafif 2026;Kern;Diskussion;;6;QS:Sicherheit;6;20;0;M1;P2;M1+P2;M1+P2;The integration of plyometric exercises within normal soccer practice further reduced the likelihood of overload, ensuring ecological relevance and safety.
Bouafif2026|6.7;Bouafif 2026;Kern;Diskussion;;6;QS:Sicherheit;7;48;0;L1;P1;L1+P1;L1+P1;Nevertheless, while the total weekly training frequency matched the academy’s schedule, it may still be relatively high for 8–9-year-olds, highlighting the importance of individualized monitoring using simple tools such as rate of perceived exertion (RPE), jump counts, and observation of technique quality to ensure appropriate recovery and progression.
Bouafif2026|6.8;Bouafif 2026;Kern;Diskussion;;6;QS:Sicherheit;8;22;0;A1;L2;A1;A1+L2;Future studies should quantify internal and external training loads to better clarify the relationship between stimulus, recovery, and adaptation in prepubertal athletes.
Bouafif2026|7.1;Bouafif 2026;Kern;Diskussion;;7;PR;1;18;0;P1;L3;P1;P1+L3;From a practical perspective, this study provides valuable guidance for coaches and practitioners working with youth soccer players.
Bouafif2026|7.2;Bouafif 2026;Kern;Diskussion;;7;PR;2;23;0;F1;P2;F1+P2;F1+P2;Plyometric training appears effective and safe for both pre- and post-PHV athletes when appropriately scaled, but its effects differ according to maturity status.
Bouafif2026|7.3;Bouafif 2026;Kern;Diskussion;;7;PR;3;22;0;F1;E3;P1;F1+E3;Pre-PHV players may benefit primarily through improvements in coordination and balance, whereas post-PHV players demonstrate greater enhancements in jump and CoD performance.
Bouafif2026|7.4;Bouafif 2026;Kern;Diskussion;;7;PR;4;24;0;P1;;P1;P1;However, in more mature players, close attention should be paid to potential asymmetry, particularly in balance performance, as gains may be uneven across limbs.
Bouafif2026|7.5;Bouafif 2026;Kern;Diskussion;;7;PR;5;29;0;P1;;P1;P1;Coaches should integrate bilateral and proprioceptive training elements and periodically monitor asymmetries using simple, reliable tools (e.g., Y-Balance Test, single-leg hop) to guide individualized programming and reduce injury risk.
Bouafif2026|8.1;Bouafif 2026;Kern;Diskussion;;8;ZG:Asymmetrie;1;16;0;L2;;L2;L2;It is important to interpret the observed reductions in inter-limb asymmetry among pre-PHV players with caution.
Bouafif2026|8.2;Bouafif 2026;Kern;Diskussion;;8;ZG:Asymmetrie;2;33;1;E3;;E3;E3;In children around 8 years of age, lower-limb asymmetries are common and often reflect normal neuromuscular variability associated with rapid growth, uneven segmental development, and transient coordination deficits rather than maladaptive imbalances [1–3].
Bouafif2026|8.3;Bouafif 2026;Kern;Diskussion;;8;ZG:Asymmetrie;3;35;0;E3;L2;E3+L2;E3+L2;Therefore, while the improvements observed in the current study may suggest enhanced inter-limb coordination and neuromuscular control, part of these changes could also be attributed to natural maturation processes rather than the plyometric intervention alone.
Bouafif2026|8.4;Bouafif 2026;Kern;Diskussion;;8;ZG:Asymmetrie;4;47;1;V1;B1;V1+B1;V1+B1;Furthermore, a detailed examination of asymmetry direction revealed that, in most cases, improvements were primarily driven by performance gains in the non-dominant limb, consistent with previous evidence indicating that the weaker limb tends to exhibit greater adaptive potential due to its lower baseline strength and coordination [4–6].
Bouafif2026|8.5;Bouafif 2026;Kern;Diskussion;;8;ZG:Asymmetrie;5;19;0;F1;E3+L2;F1;L2+E3;These findings underscore the importance of accounting for maturational variability when interpreting training-induced changes in asymmetry among prepubertal athletes.
Bouafif2026|9.1;Bouafif 2026;Kern;Diskussion;;9;LI;1;5;0;L0;;L0;L0;This study has several limitations.
Bouafif2026|9.2;Bouafif 2026;Kern;Diskussion;;9;LI;2;19;1;L1;;L1;L1;First, maturity status was estimated using predictive equations [17], which may not be as precise as direct physiological assessments.
Bouafif2026|9.3;Bouafif 2026;Kern;Diskussion;;9;LI;3;25;0;L1;;L1;L1;Second, A limitation of the present study is the relatively small sample size and the recruitment of participants from a single Tunisian youth soccer academy.
Bouafif2026|9.4;Bouafif 2026;Kern;Diskussion;;9;LI;4;33;0;L2;;L2;L2;Therefore, the findings may not be fully generalizable to players from other regions or competitive environments, where differences in training exposure, lifestyle, and soccer proficiency could influence both asymmetry patterns and training responses.
Bouafif2026|9.5;Bouafif 2026;Kern;Diskussion;;9;LI;5;19;0;A1;L2;A1;A1+L2;Future studies including larger, more diverse samples from multiple academies and countries are warranted to confirm the present results.
Bouafif2026|9.6;Bouafif 2026;Kern;Diskussion;;9;LI;6;19;0;L2;M2;L2+M2;L2+M2;Hence, although the sample size was powered appropriately, larger cohorts would strengthen generalizability and reduce the influence of outliers.
Bouafif2026|9.7;Bouafif 2026;Kern;Diskussion;;9;LI;7;19;0;L1;;L1;L1;Third, while field-based asymmetry assessments are practical, they do not capture the underlying biomechanical or neuromuscular mechanisms of imbalance.
Bouafif2026|9.8;Bouafif 2026;Kern;Diskussion;;9;LI;8;13;0;A1;L2;A1;A1+L2;Future studies should include kinematic and electromyographic analyses to better understand these adaptations.
Bouafif2026|9.9;Bouafif 2026;Kern;Diskussion;;9;LI;9;24;0;A1;L2;A1;A1+L2;Additionally, including female athletes and players from different performance tiers would provide a more inclusive view of the effects of plyometric training across populations.
Bouafif2026|9.10;Bouafif 2026;Kern;Diskussion;;9;LI;10;44;0;L1;L2+M1;L1+L2;L1+M1;In addition, while objective measures such as jump height or force output were not used in-session to quantify intensity, the structured progression and careful selection of jump types served as practical and evidence-based proxies for intensity control in the field-based setting of our intervention.
Bouafif2026|9.11;Bouafif 2026;Kern;Diskussion;;9;LI;11;19;0;A1;L2;A1;A1+L2;Future research may benefit from incorporating wearable technology or force platforms to further quantify internal and external training load.
Bouafif2026|10.1;Bouafif 2026;Kern;Diskussion;;10;ZS;1;31;0;Z2;B2;B1+B2;Z2+B2;Finally, In the present study, post-PHV players demonstrated greater functional improvements following the plyometric training intervention compared with their pre-PHV counterparts, who exhibited limited gains and, in some cases, increased asymmetry.
Bouafif2026|10.2;Bouafif 2026;Kern;Diskussion;;10;ZS;2;24;1;V1;L2;V1+L2;L2+V1;While these findings are consistent with evidence indicating that neuromuscular responsiveness to high-velocity SSC stimuli improves with maturation [7,23,25], they should be interpreted cautiously.
Bouafif2026|10.3;Bouafif 2026;Kern;Diskussion;;10;ZS;3;32;0;L1;L2;L1+L2;L1+L2;The current design did not quantify internal or external training load (e.g., session RPE, jump volume, or time-motion data), which limits the ability to attribute observed changes exclusively to the plyometric intervention.
Bouafif2026|10.4;Bouafif 2026;Kern;Diskussion;;10;ZS;4;28;1;E3;;E3;E3;Moreover, developmental factors such as ongoing growth-related neural reorganization and motor coordination variability in pre-PHV athletes [30,31] may have contributed to the divergent adaptations observed between maturity groups.
Bouafif2026|10.5;Bouafif 2026;Kern;Diskussion;;10;ZS;5;27;0;E2;;E2;E2;It is also possible that technical learning effects from regular soccer practice influenced movement efficiency and interlimb coordination, thereby affecting asymmetry indices independent of the plyometric stimulus.
Bouafif2026|11.1;Bouafif 2026;Kern;Diskussion;;11;LI;1;42;0;E3;L2;F1+E3;E3+L2;Accordingly, while the intervention appears to have enhanced power- and speed-related measures primarily in more mature players, the mechanisms underlying these changes likely reflect an interaction between biological maturation, training exposure, and motor learning processes rather than a direct training effect alone.
Bouafif2026|11.2;Bouafif 2026;Kern;Diskussion;;11;LI;2;23;0;A1;L2;A1;A1+L2;Future studies should incorporate comprehensive load monitoring and longitudinal follow-up to better isolate the relative contribution of plyometric training from natural developmental trajectories.
Bouafif2026|12.1;Bouafif 2026;Kern;Schluss;;12;SR;1;35;0;F1;;F1;F1;This study concludes that plyometrics training effectively enhances key physical performance aspects—including jumps, change of direction speed, and dynamic balance—in male youth soccer players, with performance gains being more pronounced in post-PHV youth soccer players.
Bouafif2026|12.2;Bouafif 2026;Kern;Schluss;;12;SR;2;18;0;V1;;V1;V1;This supports existing literature on the benefits of plyometrics and the superior adaptive capacity of more mature individuals.
Bouafif2026|12.3;Bouafif 2026;Kern;Schluss;;12;SR;3;22;0;Z2;B2;Z2+B2;Z2+B2;A notable finding, however, was that while overall lower-limb asymmetry did not significantly change, balance-specific asymmetry surprisingly increased within the post-PHV groups.
Bouafif2026|12.4;Bouafif 2026;Kern;Schluss;;12;SR;4;38;0;E3;E1;E3+E1;E1+E3;This increase is likely due to a differential enhancement of balance capabilities between the left and right limbs, reflecting a nuanced, perhaps transient, phase of neuromuscular reorganization as more mature athletes integrate new levels of power and strength.
Bouafif2026|12.5;Bouafif 2026;Kern;Schluss;;12;SR;5;37;0;A1;;A1;A1;Future research should delve deeper into the mechanisms underlying this specific increase in balance asymmetry, particularly investigating long-term effects and optimal training protocols that can mitigate such imbalances while maximizing overall performance improvements across different maturational stages.
Bouafif2026|12.6;Bouafif 2026;Kern;Schluss;;12;SR;6;31;0;A1;;A1;A1;Furthermore, extending this research to include female athletes, considering sport-specific or positional requirements, and directly assessing the link between plyometrics and injury prevention would significantly enrich the current body of knowledge.
Hilska2021|1.1;Hilska 2021;erweitert;Diskussion;Main Findings;1;ER;1;33;0;Z1;;Z1;Z1;In this trial, we examined the effects of an NMT warm-up on the incidence of acute LE injuries in a large cohort (n ¼ 1403) of 9- to 14-year-old children playing soccer competitively.
Hilska2021|1.2;Hilska 2021;erweitert;Diskussion;Main Findings;1;ER;2;16;0;Z2;B2;Z2+B2;Z2+B2;For the main outcome of all acute LE injuries, no statistically significant between-group difference was seen.
Hilska2021|1.3;Hilska 2021;erweitert;Diskussion;Main Findings;1;ER;3;29;0;Z2;;Z2;Z2;The most important finding in our study was that the incidence of acute noncontact LE injuries was reduced by 32% in the intervention group compared with the control group.
Hilska2021|1.4;Hilska 2021;erweitert;Diskussion;Main Findings;1;ER;4;31;0;Z2;;Z2;Z2;Statistically and clinically significant reductions in the injury incidence between the 2 groups were also seen in many subanalyses of acute noncontact injuries, most importantly in ankle injuries and joint/ligament injuries.
Hilska2021|2.1;Hilska 2021;erweitert;Diskussion;Main Findings;2;ZG:Verletzungen gesamt;1;13;0;H2;Z0;H2;H2+Z0;Currently, a limited number of studies have investigated injury prevention in children’s soccer.
Hilska2021|2.2;Hilska 2021;erweitert;Diskussion;Main Findings;2;ZG:Verletzungen gesamt;2;32;2;V3;;V3;V3;In recent studies, an NMT warm-up similar to ours reduced the overall injury risk in the intervention group by 48%23 and 50%28 among 7- to 12-year-old and 7- to 14-year-old soccer players.
Hilska2021|2.3;Hilska 2021;erweitert;Diskussion;Main Findings;2;ZG:Verletzungen gesamt;3;26;1;V3;;V3;V3;In an older age group (13- to 18-year-old players), other researchers have observed nonsignificant decreases of 17% to 32% in the risk for overall LE injuries.3,26,26
Hilska2021|2.4;Hilska 2021;erweitert;Diskussion;Main Findings;2;ZG:Verletzungen gesamt;4;21;0;E2;V2;E2;E2+V2;In these earlier studies, the longer follow-up period (range, 4-9 months) might explain the more conclusive results compared with our study.
Hilska2021|3.1;Hilska 2021;erweitert;Diskussion;Main Findings;3;LI;1;15;0;L1;B1;L1;L1+B1;We observed that the intervention group had more training hours compared with the control group.
Hilska2021|3.2;Hilska 2021;erweitert;Diskussion;Main Findings;3;LI;2;30;0;E2;L1;E2;E2+L1;Although we instructed them to include the NMT warm-up during usual practice hours, the execution in some of the intervention clubs might have resulted in an increase in training exposure.
Hilska2021|3.3;Hilska 2021;erweitert;Diskussion;Main Findings;3;LI;3;46;0;L1;L2;L2;L1+L2;This difference in exposure should be addressed as a confounding factor in the interpretation of the results from this study: increased exposure might decrease the effect of the intervention on injury risk seen in the study, although exposure hours were taken into account in the analysis.
Hilska2021|4.1;Hilska 2021;erweitert;Diskussion;Main Findings;4;LI;1;34;0;L1;L2;L1;L1+L2;"The awareness of injury prevention has also increased recently, and some NMT means were already in practice on a regular basis in youth soccer; this “contamination” makes it more difficult to point out differences."
Hilska2021|4.2;Hilska 2021;erweitert;Diskussion;Main Findings;4;LI;2;29;0;L1;;L1;L1;Unfortunately, a national knee injury prevention program led by the Finnish Football Association took place at the time of our study, and some control groups took part in it.
Hilska2021|5.1;Hilska 2021;erweitert;Diskussion;Main Findings;5;ZG:Verletzungsart;1;14;1;V1;B1;V1;V1+B1;The type and severity of injuries we observed were in concordance with previous research.6,24
Hilska2021|5.2;Hilska 2021;erweitert;Diskussion;Main Findings;5;ZG:Verletzungsart;2;15;0;B1;E2;B1;B1+E2;The injuries were mostly classified as mild, as expected when studying a population this young.
Hilska2021|5.3;Hilska 2021;erweitert;Diskussion;Main Findings;5;ZG:Verletzungsart;3;15;0;B1;;B1;B1;Severe injuries, such as tears of the anterior cruciate ligament of the knee, were absent.
Hilska2021|5.4;Hilska 2021;erweitert;Diskussion;Main Findings;5;ZG:Verletzungsart;4;33;1;V1;B1+E3;V1;V1+B1+E3;In line with findings in an age-comparable Norwegian soccer cohort,7 the more severe injuries seem not to come into the picture until the intensity and speed of play increases during maturation toward adulthood.
Hilska2021|6.1;Hilska 2021;erweitert;Diskussion;Strengths and Limitations of the Study;6;ST;1;19;0;L3;M1+P2;L3+P2;L3+M1;The studied intervention was operated by the teams’ own coaches in their everyday practice and not by study personnel.
Hilska2021|6.2;Hilska 2021;erweitert;Diskussion;Strengths and Limitations of the Study;6;ST;2;15;0;P2;;P2;P2;Therefore, the studied NMT warm-up seems to be applicable for easy implementation in children’s soccer.
Hilska2021|6.3;Hilska 2021;erweitert;Diskussion;Strengths and Limitations of the Study;6;ST;3;16;0;L3;;L3;L3;The sample studied was large and representative of 9- to 14year-old Finnish children playing competitive soccer.
Hilska2021|6.4;Hilska 2021;erweitert;Diskussion;Strengths and Limitations of the Study;6;ST;4;16;0;L3;;L3;L3;Recruited players were adherent in answering the weekly injury questionnaire, and the withdrawal rate was low.
Hilska2021|6.5;Hilska 2021;erweitert;Diskussion;Strengths and Limitations of the Study;6;ST;5;32;0;L3;;L3;L3;Both boys and girls were represented in the study population, and players in the study were recruited from both big clubs in big cities and smaller clubs in the periphery of Finland.
Hilska2021|7.1;Hilska 2021;erweitert;Diskussion;Strengths and Limitations of the Study;7;LI;1;14;0;L1;;L1;L1;A limitation of the study was different recording methods for practice and game exposure.
Hilska2021|7.2;Hilska 2021;erweitert;Diskussion;Strengths and Limitations of the Study;7;LI;2;11;0;L1;M1;L1;L1+M1;Players’ practice hours were collected by the SHA (web-based player diary).
Hilska2021|7.3;Hilska 2021;erweitert;Diskussion;Strengths and Limitations of the Study;7;LI;3;17;0;L1;M1;L1;L1+M1;Game exposure was calculated for entire teams based on the number of games played by the team.
Hilska2021|7.4;Hilska 2021;erweitert;Diskussion;Strengths and Limitations of the Study;7;LI;4;11;0;L2;;L2;L2;Thus, training and game exposure data were not fully compatible together.
Hilska2021|8.1;Hilska 2021;erweitert;Diskussion;Strengths and Limitations of the Study;8;LI;1;29;0;L1;B1;L1;L1+B1;The adherence of the teams to the NMT warm-up toward the end of the follow-up was inadequate, as the adherence decreased from 80% in January to 45% in June.
Hilska2021|8.2;Hilska 2021;erweitert;Diskussion;Strengths and Limitations of the Study;8;LI;2;29;1;V1;A1;V1+A1;V1+A1;The same pattern of decreasing adherence has been witnessed in earlier studies too,11,25 and research on the effective implementation of injury prevention programs is called for in the future.
Hilska2021|9.1;Hilska 2021;erweitert;Diskussion;Strengths and Limitations of the Study;9;LI;1;18;0;L1;M1;L1;L1+M1;We did not allow research team members to monitor and control the intervention training on a regular basis.
Hilska2021|9.2;Hilska 2021;erweitert;Diskussion;Strengths and Limitations of the Study;9;LI;2;12;0;L1;M1;L1;L1+M1;Only 2 to 3 random unannounced checkups were conducted for each club.
Hilska2021|9.3;Hilska 2021;erweitert;Diskussion;Strengths and Limitations of the Study;9;LI;3;17;0;L2;M1;L2;L2+M1;Thus, adherence to the intervention was determined largely by each team’s coach only referring to reallife settings.
Hilska2021|9.4;Hilska 2021;erweitert;Diskussion;Strengths and Limitations of the Study;9;LI;4;35;0;E2;L2;E2+L2;E2+L2;We hypothesize that with a higher adherence of the participating teams, this training program would have become more effective concerning the main outcome measure of the study, the incidence of the overall acute LE injuries.
Hilska2021|9.5;Hilska 2021;erweitert;Diskussion;Strengths and Limitations of the Study;9;LI;5;20;1;E2;V3;V3;E2+V3;Earlier research has reported lower injury incidence among more adherent participants to NMT intervention measures in youth soccer and floorball.11,20,26
Hilska2021|10.1;Hilska 2021;erweitert;Diskussion;Strengths and Limitations of the Study;10;LI;1;32;0;L1;L2;L1+L2;L1+L2;Finally, the number of female participants was too low to point out differences in female-only analyses, and no conclusions can be drawn on between-sex differences based on the results from this study.
Hilska2021|10.2;Hilska 2021;erweitert;Diskussion;Strengths and Limitations of the Study;10;LI;2;17;0;A1;L2;A1;A1+L2;Further research in U14 female youth soccer on the efficacy of NMT in injury prevention is warranted.
Hilska2021|11.1;Hilska 2021;erweitert;Schluss;;11;SR;1;30;0;Z2;B2;F1+Z2;Z2+B2;The NMT warm-up operated by team coaches was effective in preventing acute noncontact LE injuries in children’s soccer, although no difference was seen in the overall acute LE injury incidence.
Hilska2021|11.2;Hilska 2021;erweitert;Schluss;;11;SR;2;22;0;F1;;F1;F1;However, the results of this study advocate for the beneficial effect of the NMT warm-up in reducing injury risk in children’s soccer.
Hilska2021|11.3;Hilska 2021;erweitert;Schluss;;11;SR;3;19;0;P1;;P1;P1;We encourage soccer coaches and health care professionals to take grassroots-level action in the use of NMT warm-up methods.
Klusemann2012|1.1;Klusemann 2012;Setting;Diskussion;;1;ER;1;26;0;Z2;;Z2;Z2;The analysis of the experimental controlled trial revealed substantial improvements in several measures of physical performance for the experimental groups after a 6-week resistance training intervention.
Klusemann2012|1.2;Klusemann 2012;Setting;Diskussion;;1;ER;2;17;0;Z2;;Z2;Z2;Both short-term supervised and online video–based resistance training were effective in improving physical performance measures and strength.
Klusemann2012|1.3;Klusemann 2012;Setting;Diskussion;;1;ER;3;27;0;Z2;;Z2;Z2;The supervised group made superior gains in endurance (Yo-Yo IRL1), whereas the video group had larger improvements in acceleration and change of direction tasks (agility, line drill).
Klusemann2012|1.4;Klusemann 2012;Setting;Diskussion;;1;ER;4;30;0;E2;E1;E2;E2+E1;A larger resistance training volume (and possibly cumulative fatigue) in the supervised group may have impaired their ability to achieve superior gains in acceleration tasks compared with the video group.
Klusemann2012|1.5;Klusemann 2012;Setting;Diskussion;;1;ER;5;32;0;E1;E2;E1;E1+E2;Because endurance and cardiovascular adaptations were not targeted specifically in the training program, the increase in Yo-Yo IRL1 performance by both the experimental groups is presumably related to improvements in movement efficiency.
Klusemann2012|1.6;Klusemann 2012;Setting;Diskussion;;1;ER;6;19;1;F1;V3+Z2;F1+V3;F1+Z2;These findings demonstrate the effectiveness of short-term resistance training programs for improving physical performance in adolescent basketball athletes (6,7,31).
Klusemann2012|1.7;Klusemann 2012;Setting;Diskussion;;1;ER;7;28;1;L3;Z2;L3;L3+Z2;Although previous research has focused on off-season training programs, the results from our study show that positive gains can also be achieved in-season with junior basketball athletes (31).
Klusemann2012|1.8;Klusemann 2012;Setting;Diskussion;;1;ER;8;30;0;F1;Z2;B1;F1+Z2;Enhancements in our physical performance measures (20-m sprint, step in vertical jump, Yo-Yo IRL1) also indicate the usefulness of resistance training for improving the sportspecific locomotor performance of basketball athletes.
Klusemann2012|2.1;Klusemann 2012;Setting;Diskussion;;2;ZG:Kraft und Sprung;1;13;0;B1;;B1;B1;Substantial gains in strength and speed-strength were also identified in both experimental groups.
Klusemann2012|2.2;Klusemann 2012;Setting;Diskussion;;2;ZG:Kraft und Sprung;2;17;0;B1;;B1;B1;Lower extremity speed-strength in the long stretch-shortening cycle (CMJ) improved substantially by 5% in the supervised group.
Klusemann2012|2.3;Klusemann 2012;Setting;Diskussion;;2;ZG:Kraft und Sprung;3;17;1;E1;;E1;E1;Shortterm improvements in vertical jump ability are most likely because of enhanced intermuscular and intramuscular coordination (30).
Klusemann2012|2.4;Klusemann 2012;Setting;Diskussion;;2;ZG:Kraft und Sprung;4;25;0;M1;E2;M1;M1+E2;Jumping and landing technique was emphasized at the start of the training sessions, and verbal feedback was given regarding jumping technique in the supervised group.
Klusemann2012|2.5;Klusemann 2012;Setting;Diskussion;;2;ZG:Kraft und Sprung;5;14;0;E1;E2;E1+E2;E1;The increase in vertical jump height likely reflects both neuromuscular adaptations and improved technique.
Klusemann2012|2.6;Klusemann 2012;Setting;Diskussion;;2;ZG:Kraft und Sprung;6;20;0;B1;;B1;B1;Both the supervised and video groups had substantial improvements in the number of push-ups achieved in the 15-second push-up test.
Klusemann2012|2.7;Klusemann 2012;Setting;Diskussion;;2;ZG:Kraft und Sprung;7;28;0;E2;;E2;E2;Push-ups were a main component of the training program and had high conformity with the test protocol, thus allowing maximal transfer of strength adaptations to the performance measure.
Klusemann2012|2.8;Klusemann 2012;Setting;Diskussion;;2;ZG:Kraft und Sprung;8;8;0;E2;B2;B2;E2+B2;This was not the case with pull-up strength.
Klusemann2012|2.9;Klusemann 2012;Setting;Diskussion;;2;ZG:Kraft und Sprung;9;13;0;B2;;B2;B2;Neither of the experimental groups had clear gains in the 15-second pull-up test.
Klusemann2012|2.10;Klusemann 2012;Setting;Diskussion;;2;ZG:Kraft und Sprung;10;21;0;E2;M1;E2;M1+E2;Because of the constraints of the training environment (basketball court), no supine pull-up exercise could be included in the training program.
Klusemann2012|2.11;Klusemann 2012;Setting;Diskussion;;2;ZG:Kraft und Sprung;11;14;0;M1;E2;M1;M1+E2;Instead, a vertical towel pull-up exercise was used to train the posterior upper-body musculature.
Klusemann2012|2.12;Klusemann 2012;Setting;Diskussion;;2;ZG:Kraft und Sprung;12;25;0;E2;B2;E2;E2+B2;Although an increase in repetitions was achieved during training in this exercise, these strength gains did not appear to transfer to the supine pull-up test.
Klusemann2012|2.13;Klusemann 2012;Setting;Diskussion;;2;ZG:Kraft und Sprung;13;18;0;M1;;M1;M1;A vertical pull-up test was not used because of the lack of strength in this adolescent athlete population.
Klusemann2012|3.1;Klusemann 2012;Setting;Diskussion;;3;ZG:Bewegungsqualität;1;13;1;H1;;H1;H1;Functional movement patterns form the basis of physical performance and skill technique (9).
Klusemann2012|3.2;Klusemann 2012;Setting;Diskussion;;3;ZG:Bewegungsqualität;2;26;3;H1;;H2;H1;Poor functional movement patterns are associated with decreased fitness (22) and increased injury risk (21), although these findings remain to be confirmed in other groups (28,35).
Klusemann2012|3.3;Klusemann 2012;Setting;Diskussion;;3;ZG:Bewegungsqualität;3;22;2;H2;H1;H2;H2+H1;Poor landing technique has been associated with anterior cruciate ligament injuries (1) but can be improved with plyometric and strength training (2).
Klusemann2012|3.4;Klusemann 2012;Setting;Diskussion;;3;ZG:Bewegungsqualität;4;25;0;E2;E1;E2;E2+E1;Supervised training, which provides verbal and kinesthetic feedback to the athlete, can enhance motor learning and therefore have a greater impact on modifying movement patterns.
Klusemann2012|3.5;Klusemann 2012;Setting;Diskussion;;3;ZG:Bewegungsqualität;5;14;0;B1;;B1;B1;Supervised training was the only training format that improved FMS scores in our study.
Klusemann2012|3.6;Klusemann 2012;Setting;Diskussion;;3;ZG:Bewegungsqualität;6;23;0;P1;B1;P1;B1+P1;This finding supports the need for expert supervision to enhance movement patterns and that this benefit is less likely in unsupervised exercise programs.
Klusemann2012|3.7;Klusemann 2012;Setting;Diskussion;;3;ZG:Bewegungsqualität;7;12;1;M2;V3;M2;M2+V3;Functional movement screening intrarater reliability has previously shown to be good (14,25,32,35).
Klusemann2012|3.8;Klusemann 2012;Setting;Diskussion;;3;ZG:Bewegungsqualität;8;22;0;M2;B1;M2;M2+B1;Our evaluation of FMS intratester reliability suggests that noncertified experts in strength and conditioning or physiotherapy can reliably score functional movement screens.
Klusemann2012|4.1;Klusemann 2012;Setting;Diskussion;;4;QS:Setting;1;19;0;L3;;L3;L3;This is the first study to demonstrate positive effects of an online video–based resistance training program in junior athletes.
Klusemann2012|4.2;Klusemann 2012;Setting;Diskussion;;4;QS:Setting;2;19;1;V3;;V3;V3;Similar online physical activity interventions have been applied to an adult population and yielded benefits on physical activity (38,39).
Klusemann2012|4.3;Klusemann 2012;Setting;Diskussion;;4;QS:Setting;3;29;1;V3;;V3;V3;Unsupervised strength training programs for adolescent rugby athletes without media interaction have shown positive benefits, although these have been mostly smaller in magnitude when compared with supervised training (10,34).
Klusemann2012|4.4;Klusemann 2012;Setting;Diskussion;;4;QS:Setting;4;16;0;M1;P2;M1;M1+P2;The resistance training program used in this research project was solely conducted on the basketball court.
Klusemann2012|4.5;Klusemann 2012;Setting;Diskussion;;4;QS:Setting;5;21;0;P1;;P1;P1;The evidence that this type of program can induce positive adaptations in strength and physical performance has an important practical application.
Klusemann2012|4.6;Klusemann 2012;Setting;Diskussion;;4;QS:Setting;6;19;0;P2;H2;P2;P2+H2;Gym facilities with adequate resistance training equipment and expert supervision are often limited and less accessible for junior athletes.
Klusemann2012|4.7;Klusemann 2012;Setting;Diskussion;;4;QS:Setting;7;23;1;P2;V3;P2;P2+V3;A court-based resistance training program offers an effective solution and has been previously shown to improve physical performance in adolescent basketball athletes (6).
Klusemann2012|5.1;Klusemann 2012;Setting;Diskussion;;5;LI;1;13;0;L0;;L0;L0;The outcomes of this study need to be interpreted within the following limitations.
Klusemann2012|5.2;Klusemann 2012;Setting;Diskussion;;5;LI;2;13;0;L1;M1;L1;L1+M1;To standardize the workload, the resistance training program was equal for all subjects.
Klusemann2012|5.3;Klusemann 2012;Setting;Diskussion;;5;LI;3;18;0;E3;L2;E3+L2;E3+L2;Maturation and gender effects may therefore explain the large degree of variation in some of our performance measures.
Klusemann2012|5.4;Klusemann 2012;Setting;Diskussion;;5;LI;4;17;1;L1;;L1;L1;The procedure for conducting functional movement screens was limited to the information available in the literature (21,25).
Klusemann2012|5.5;Klusemann 2012;Setting;Diskussion;;5;LI;5;12;0;L2;M2;L2;L2+M2;Certification in FMS could possibly increase the scoring precision and intrarater reliability.
Klusemann2012|5.6;Klusemann 2012;Setting;Diskussion;;5;LI;6;13;0;L1;;L1;L1;The training intervention used in this study was of a short 6-week period.
Klusemann2012|5.7;Klusemann 2012;Setting;Diskussion;;5;LI;7;17;0;A1;L2;L2;A1+L2;Whether an online video–based resistance training program yields more substantial benefits over a longer period remains unclear.
Klusemann2012|5.8;Klusemann 2012;Setting;Diskussion;;5;LI;8;19;0;A1;L2;A1;A1+L2;Further longitudinal research is required to evaluate whether Internet-based interventions are effective in senior basketball players and other sports.
Klusemann2012|6.1;Klusemann 2012;Setting;Diskussion;;6;ZS;1;21;0;F1;P2;F1;F1+P2;In summary, an online video–based resistance training program is a viable option to improve the physical capacity of junior basketball athletes.
Klusemann2012|6.2;Klusemann 2012;Setting;Diskussion;;6;ZS;2;21;0;P1;F1;P1;P1+F1;Supervised training and expert program design is necessary to provide feedback on correct movement patterns, lifting techniques, and progression of exercises.
Klusemann2012|7.1;Klusemann 2012;Setting;Schluss;;7;SR;1;18;0;P1;P2;P1+P2;P1;Supervised training remains the best method of program delivery to achieve maximum compliance, test performance, and individualized feedback.
Klusemann2012|7.2;Klusemann 2012;Setting;Schluss;;7;SR;2;27;0;P1;;P1;P1;In circumstances where supervised training is not available, online video–based training could be used to elicit substantial improvements in physical performance and strength in junior basketball athletes.
Klusemann2012|7.3;Klusemann 2012;Setting;Schluss;;7;SR;3;25;0;P2;;P2;P2;This form of media-based training is a cost-effective and practical solution to apply resistance training to a large or a remote athlete group or both.
Klusemann2012|7.4;Klusemann 2012;Setting;Schluss;;7;SR;4;32;0;P1;;P1;P1;Sporting bodies could use this strategy to educate coaches and athletes on how to implement resistance training exercises into their daily training environment and enhance the short-term physical development of junior athletes.
Klusemann2012|7.5;Klusemann 2012;Setting;Schluss;;7;SR;5;17;0;P1;;P1;P1;A combination of supervised and online video–based training may offer larger benefits than online video–based training alone.
Rogers2020|1.1;Rogers 2020;Setting;Diskussion;;1;ER;1;20;0;Z1;;Z1;Z1;This study aimed to explore the effectiveness of and compliance with an introductory physical preparation program in a high-school setting.
Rogers2020|1.2;Rogers 2020;Setting;Diskussion;;1;ER;2;27;0;L3;M1;L3;L3+M1;Incorporating both process- and product-orientated physical assessments, alongside qualitative findings from participant’s exit-interviews, we provide novel insights to improve future training prescription targeting MC for high-school athletes.
Rogers2020|1.3;Rogers 2020;Setting;Diskussion;;1;ER;3;20;0;Z2;;Z2;Z2;Athletes who attended face-to-face coaching offered at school had greater compliance with sessions over self-directed sessions via an online platform.
Rogers2020|1.4;Rogers 2020;Setting;Diskussion;;1;ER;4;14;0;Z2;;Z2;Z2;This F2F group had a larger proportion of participants demonstrate positive changes in MC.
Rogers2020|2.1;Rogers 2020;Setting;Diskussion;;2;ZG:Bewegungsqualität;1;17;1;M2;H2;M2;H2+M2;Two recent studies [21,36] illustrated a range of individual responses in youth cohorts undertaking neuromuscular training interventions.
Rogers2020|2.2;Rogers 2020;Setting;Diskussion;;2;ZG:Bewegungsqualität;2;32;0;M1;M2;M2;M1+M2;Employing this reporting method in the present study, we report on the unique number of individuals from each group who were positive responders (i.e., a change > SWC) in the assessments used.
Rogers2020|2.3;Rogers 2020;Setting;Diskussion;;2;ZG:Bewegungsqualität;3;25;0;B1;;B1;B1;Within the F2F group, half of the 14 athletes who completed a post-testing MC assessment, had improvements > 4 points (see Figure 2, black bars).
Rogers2020|2.4;Rogers 2020;Setting;Diskussion;;2;ZG:Bewegungsqualität;4;24;0;B1;;B1;B1;These seven individuals came from a range of baseline competency levels, with their AIMS sum scores ranging from 27 to 38 points at pre-test.
Rogers2020|2.5;Rogers 2020;Setting;Diskussion;;2;ZG:Bewegungsqualität;5;16;0;B1;;B1;B1;Notably, four of these positive responders also attended ≥9 of the 16 supervised training sessions offered.
Rogers2020|2.6;Rogers 2020;Setting;Diskussion;;2;ZG:Bewegungsqualität;6;20;0;B2;;B2;B2;From the OL group, only two of eight who completed post-testing showed a positive change in AIMS score >4 points.
Rogers2020|2.7;Rogers 2020;Setting;Diskussion;;2;ZG:Bewegungsqualität;7;22;0;B1;;B1;B1;These two individuals completed 8 and 11 of a possible 32 self-directed online sessions over the 16-week period (Figure 2, grey bars).
Rogers2020|2.8;Rogers 2020;Setting;Diskussion;;2;ZG:Bewegungsqualität;8;27;0;E2;B1;E2;B1+E2;This may suggest that without face-to-face coaching, high-school athletes may be less likely to engage with training prescriptions and thus plateau in a formal assessment of MC.
Rogers2020|2.9;Rogers 2020;Setting;Diskussion;;2;ZG:Bewegungsqualität;9;19;0;B1;;B1;B1;Findings were supported by responses from the participant interviews related to the low compliance, as discussed in detail below.
Rogers2020|3.1;Rogers 2020;Setting;Diskussion;;3;ZG:Bewegungsqualität;1;37;0;B1;B2;B1;B1+B2;The lunge task had the greatest number of participants exhibiting positive changes (64% of the F2F group), while only three F2F and two OL participants improved in the push-up by more than 1 point (see Figure 3b,c).
Rogers2020|3.2;Rogers 2020;Setting;Diskussion;;3;ZG:Bewegungsqualität;2;35;1;B2;M2;B2+M2;B2+M2;Thus, when low levels of training were completed, the current cohort of high-school athletes’ MC (both sum and individual task scores of the AIMS) remained within the normal scoring error reported for this tool [22].
Rogers2020|3.3;Rogers 2020;Setting;Diskussion;;3;ZG:Bewegungsqualität;3;29;0;B1;;B1;B1;Conversely, athletes who engaged in moderate levels of F2F sessions (see Figure 2, black bars), improved MC scores across most of the four athletic preparation tasks in 16 weeks.
Rogers2020|3.4;Rogers 2020;Setting;Diskussion;;3;ZG:Bewegungsqualität;4;21;1;E2;H2;E2;E2+H2;It is well accepted that responses to training are influenced by the intensity, frequency, and volume of training in youth [18].
Rogers2020|3.5;Rogers 2020;Setting;Diskussion;;3;ZG:Bewegungsqualität;5;33;0;B2;M2;B2+M2;B2+M2;Across the current intervention, the percent change from five commonly employed physical capacity assessments (detailed in Sections 2.2.3–2.2.7) were inconclusive, as the majority of individuals change scores sat within the SWC (Figure 4).
Rogers2020|3.6;Rogers 2020;Setting;Diskussion;;3;ZG:Bewegungsqualität;6;45;0;E2;;E2;E2;This could be explained as a result of the intervention focus being on the acquisition and practising of correct movement techniques, rather than amassing the higher training volumes and intensity levels, the latter of which may be required to elicit improvements across muscular fitness qualities.
Rogers2020|3.7;Rogers 2020;Setting;Diskussion;;3;ZG:Bewegungsqualität;7;37;0;M1;E2;M1;M1+E2;As the present intervention had an experimental group who only had access to video demonstrations of prescribed exercises (i.e., self-coached), sessions were set at safe levels of difficulty based on observed low levels of competency at baseline.
Rogers2020|3.8;Rogers 2020;Setting;Diskussion;;3;ZG:Bewegungsqualität;8;35;1;M1;H2;M1;M1+H2;This follows the recommendations of Myer, Faigenbaum, Ford, Best, Bergeron and Hewett [3] who noted the initial volume should be low, allowing an athlete to learn the skill to perform each task with proper technique.
Rogers2020|4.1;Rogers 2020;Setting;Diskussion;;4;ZG:Umsetzung;1;23;0;B2;P2;B2+P2;B2+P2;A key finding of this study was that compliance with online training sessions was generally low, regardless of the intervention group (Figure 2).
Rogers2020|4.2;Rogers 2020;Setting;Diskussion;;4;ZG:Umsetzung;2;14;0;B1;E2;B1;B1+E2;Interviews revealed that compliance was closely linked to enjoyment and novelty of the program.
Rogers2020|4.3;Rogers 2020;Setting;Diskussion;;4;ZG:Umsetzung;3;32;1;V3;;V3;V3;In another study of high-school students, Lubans, Sheaman and Callister [14] investigated training modalities to improve muscular fitness and body composition (resistance bands compared to free weight training and a control group).
Rogers2020|4.4;Rogers 2020;Setting;Diskussion;;4;ZG:Umsetzung;4;27;0;V3;;V3;V3;Across their two intervention groups, the authors reported 73–79% attendance rates and cited additional academic and extra-curricular commitments as potential reasons for failing to attend lunchtime sessions.
Rogers2020|4.5;Rogers 2020;Setting;Diskussion;;4;ZG:Umsetzung;5;29;1;L3;M1;L3;L3+M1;However, in the present study, we expanded on the hypothesised reasons offered by Lubans et al. [14], and collated, via interviews, participants’ reasons for their overall lack of adherence.
Rogers2020|5.1;Rogers 2020;Setting;Diskussion;;5;QS:Umsetzung;1;20;0;L1;E2;L1;L1+E2;In our study, it was not possible to set-up the F2F group with training scheduled during a dedicated class period.
Rogers2020|5.2;Rogers 2020;Setting;Diskussion;;5;QS:Umsetzung;2;32;0;M1;;M1;M1;While all sessions were noted in the information to participants and parents as voluntary, the coordinating teacher and lead researcher provided regular session reminders and encouragement via both student and parent email.
Rogers2020|5.3;Rogers 2020;Setting;Diskussion;;5;QS:Umsetzung;3;17;0;B1;;B1;B1;From the interviews, we found a number of comments relating to the low or non-compliance of participants.
Rogers2020|5.4;Rogers 2020;Setting;Diskussion;;5;QS:Umsetzung;4;21;0;B1;;B1;B1;In particular, their perceived lack of time to complete the sessions each week, was common regardless of the delivery method allocation.
Rogers2020|5.5;Rogers 2020;Setting;Diskussion;;5;QS:Umsetzung;5;28;0;B1;;B1;B1;These comments regarding time pressures were supported by relatively high hours of the participants self-reported sporting commitments, which were recorded at the commencement of the study (Table 1).
Rogers2020|5.6;Rogers 2020;Setting;Diskussion;;5;QS:Umsetzung;6;19;0;B1;;B1;B1;Potentially aligned with the lack of time to dedicate to physical preparation training, were participants’ perceptions following the study.
Rogers2020|5.7;Rogers 2020;Setting;Diskussion;;5;QS:Umsetzung;7;13;0;B1;;B1;B1;These included lacking motivation and/or enjoyment during self-directed sessions over the school sessions.
Rogers2020|5.8;Rogers 2020;Setting;Diskussion;;5;QS:Umsetzung;8;24;0;B1;P2;B1;B1+P2;Ultimately, it appeared that the majority of students who attempted to attend the at-school training when possible, did enjoy the face-to-face sessions on offer.
Rogers2020|5.9;Rogers 2020;Setting;Diskussion;;5;QS:Umsetzung;9;16;0;B1;P2;B1;B1+P2;When asked, many athletes stated that they would like more of coach-led sessions in future programs.
Rogers2020|5.10;Rogers 2020;Setting;Diskussion;;5;QS:Umsetzung;10;40;0;B1;P2;B1+P2;B1+P2;A noteworthy finding from this pilot study was that some participants reported positive perceptions to the OL self-directed delivery, such as flexibility to fit in at a suitable time, and the ability to incorporate the training into family gym sessions.
Rogers2020|6.1;Rogers 2020;Setting;Diskussion;;6;QS:Umsetzung;1;17;1;H2;;H2;H2;The importance of ‘buy-in’ of physical preparation programs was discussed within the Positive Youth Development framework [37].
Rogers2020|6.2;Rogers 2020;Setting;Diskussion;;6;QS:Umsetzung;2;22;0;H2;;H2;H2;Athlete experiences are enhanced when they trust that the methods used by a coach will support them to achieve their sporting ambitions.
Rogers2020|6.3;Rogers 2020;Setting;Diskussion;;6;QS:Umsetzung;3;14;1;V1;A1+P1;V1+P1;V1+A1;Our recommendations to improve adherence, align with those suggested by Lubans et al. [14].
Rogers2020|6.4;Rogers 2020;Setting;Diskussion;;6;QS:Umsetzung;4;37;0;A1;;A1;A1;That is, future studies should include goal setting principles, innovative session reminder strategies such as mobile phone notifications, enhanced social support (e.g., structure and deliberate parental involvement), and targeted education around how physical preparation transfers to sport.
Rogers2020|6.5;Rogers 2020;Setting;Diskussion;;6;QS:Umsetzung;5;26;0;E2;B1;E2;B1+E2;It is possible that only some participants felt performing the prescribed training was transferable to supporting their sporting performance, as few mentioned of this in exit-interviews.
Rogers2020|6.6;Rogers 2020;Setting;Diskussion;;6;QS:Umsetzung;6;26;0;P1;P2;P1;P1+P2;We propose, therefore, that including the athlete’s sport-specific coach into the delivery of physical preparation (rather than external providers) may enhance buy-in and, ultimately, athlete adherence.
Rogers2020|6.7;Rogers 2020;Setting;Diskussion;;6;QS:Umsetzung;7;31;1;H2;;H2;H2;Sports coaches may be the most influential contributor to youth sporting environments and have been acknowledged as one of the most influential adults in a child’s life after their parents [38].
Rogers2020|6.8;Rogers 2020;Setting;Diskussion;;6;QS:Umsetzung;8;26;0;A1;P1;A1;A1+P1;Accordingly, delivery methods for youth physical training should continue to be explored regarding how MC skills can be packaged and delivered by more youth sport coaches.
Rogers2020|6.9;Rogers 2020;Setting;Diskussion;;6;QS:Umsetzung;9;21;0;P1;;P1;P1;By providing these coaches with best-practice MC session templates and appropriate progressions, athlete exposure to adequate physical preparation can be maximised.
Rogers2020|6.10;Rogers 2020;Setting;Diskussion;;6;QS:Umsetzung;10;48;1;H2;E2;H2;H2+E2;Notably, coaches who hold a positive attitude towards injury prevention, have been reported to deliver an injury prevention strategy (inclusive of improving movement competency and neuromuscular capacity), and this may be a crucial aspect to athlete compliance and ultimately the success of a programme in youth sports [39].
Rogers2020|6.11;Rogers 2020;Setting;Diskussion;;6;QS:Umsetzung;11;49;0;E2;;E2;E2;The context of the present lunchtime training program (led by a researcher external to the athlete’s sports coach or team), could be a factor underlying the low compliance, wherein the athletes were from a mixture of sports, and the program was not lead nor requested by their sports coach.
Rogers2020|7.1;Rogers 2020;Setting;Diskussion;;7;QS:Vermittlung;1;23;0;E1;;H2;E1;Learning a new skill involves athletes exploring a range of strategies for achieving the required body positions and movement sequences of a task.
Rogers2020|7.2;Rogers 2020;Setting;Diskussion;;7;QS:Vermittlung;2;14;1;H2;E1;H2;H2+E1;Within skill acquisition literature, this is known as the cognitive or coordination stage [40].
Rogers2020|7.3;Rogers 2020;Setting;Diskussion;;7;QS:Vermittlung;3;45;0;E1;;H2;E1;As a novice athlete puts together a mental model of a task (e.g., sequencing of the hip hinge in a squat), and while in the early phases of learning, they are required to pay a significant level of attention to this deliberate and step-by-step process.
Rogers2020|7.4;Rogers 2020;Setting;Diskussion;;7;QS:Vermittlung;4;40;1;E1;;H2;E1;There are typically many movement errors at this initial stage, and importantly the novice and/or younger athlete [41] may require substantial feedback from demonstrations, along with appropriate and short cue words to progress to their next stage of improved movement.
Rogers2020|7.5;Rogers 2020;Setting;Diskussion;;7;QS:Vermittlung;5;20;0;B1;;B1;B1;Across our post-study interviews, several participants mentioned their desire for this form of feedback as part of the training process.
Rogers2020|7.6;Rogers 2020;Setting;Diskussion;;7;QS:Vermittlung;6;23;0;M1;E2;M1;M1+E2;In the current study, demonstrations of the physical preparation and MC skills were provided as two-dimensional videos with text-based cues for online training.
Rogers2020|7.7;Rogers 2020;Setting;Diskussion;;7;QS:Vermittlung;7;42;0;E2;L1+M1;E2+L1;E2+M1;"Videos did not have a coach voice-over or auditory cue for athletes to use; thus an absence of concurrent cues being delivered during the learning phase, in addition to a lack of coach feedback, could be a disadvantage of this delivery method."
Rogers2020|7.8;Rogers 2020;Setting;Diskussion;;7;QS:Vermittlung;8;17;0;E2;B2;E2;E2+B2;This may offer a further explanation for the lack of positive improvement in MC for OL participants.
Rogers2020|7.9;Rogers 2020;Setting;Diskussion;;7;QS:Vermittlung;9;30;0;A1;B1;A1;A1+B1;While the videos in the present study did have some positive feedback comments from participants, the design and teaching principals of video-based coaching is an area worthy of further consideration.
Rogers2020|8.1;Rogers 2020;Setting;Diskussion;;8;AU;1;43;0;H2;;H2;Z0+H2;While a large body of literature has discussed physical capacity and performance improvements following neuromuscular training in youth athletes, seldom is there inclusion of developmentally appropriate measures of MC, or reporting on the technical assessment of the skill required to perform movements safely.
Rogers2020|8.2;Rogers 2020;Setting;Diskussion;;8;AU;2;20;0;E2;B1;E2;B1+E2;We speculate that the acquisition of movement techniques may be effectively influenced by relatively brief training exposure and low-intensity training.
Rogers2020|8.3;Rogers 2020;Setting;Diskussion;;8;AU;3;33;0;B1;;B1;B1;From several of the individual responses to the AIMS in the current study, some individuals who only attended a small number of sessions were nevertheless, able to make meaningful improvements in selected MCs.
Rogers2020|8.4;Rogers 2020;Setting;Diskussion;;8;AU;4;21;0;A1;;A1;A1;This study should encourage future researchers to include a ‘learning phase’ for MCs required as part of a physical preparation strategy.
Rogers2020|8.5;Rogers 2020;Setting;Diskussion;;8;AU;5;28;0;A1;;A1;A1;This could include a measurement tool such as the AIMS to assess MC during a lead-in or baseline period prior to more complex training stimuli (i.e., external loading).
Rogers2020|8.6;Rogers 2020;Setting;Diskussion;;8;AU;6;34;0;A1;;A1;A1;Such a lead period could be performed in conjunction with familiarisation of other performance tests (often maximal) and allow for a more robust understanding of changes that occur as a result of an intervention.
Rogers2020|8.7;Rogers 2020;Setting;Diskussion;;8;AU;7;17;0;A1;;A1;A1;Future studies may also look to explore ways to improve adherence to non-sport specific physical preparation programs.
Rogers2020|8.8;Rogers 2020;Setting;Diskussion;;8;AU;8;27;0;A1;;A1;A1;For example, exploring the influence of delivery personnel on MC outcomes (e.g., sport coach, strength and conditioning coach or parent followings instructional training to supported remote athletes).
Rogers2020|8.9;Rogers 2020;Setting;Diskussion;;8;AU;9;35;0;A1;;A1;A1;Finally, future work in this area may look to incorporate the use of novel tools to track compliance and provide regular updates to the athlete’s themselves or their stakeholders such as parents, teachers or coaches.
Rogers2020|9.1;Rogers 2020;Setting;Diskussion;;9;LI;1;15;0;L0;;L0;L0;The following limitations, however, need to be considered within the outcomes of this pilot study.
Rogers2020|9.2;Rogers 2020;Setting;Diskussion;;9;LI;2;45;0;L1;;L1;L1;First, while groups were initially formed based on pair-matching of MC scores at baseline, the mean baseline scores of the two groups who continued to study to completion (Table 3), were greater than the initial between group baseline differences that were reported in Section 3.1.
Rogers2020|9.3;Rogers 2020;Setting;Diskussion;;9;LI;3;22;0;A1;L2;A1+L2;A1+L2;Therefore, future studies require greater emphasis on participant continuity from pre- to post-testing when researchers are not embedded within the high-school cohort.
Rogers2020|9.4;Rogers 2020;Setting;Diskussion;;9;LI;4;49;0;L1;E3;L1+E3;L1+E3;Second, while we attempted to standardise the workloads of each training session with the 16-week program, there were periods where, due to maturation and gender differences, some athletes were able to progress their learning and practicing of MC tasks with external load (dumbbells and light barbells) sooner than others.
Rogers2020|9.5;Rogers 2020;Setting;Diskussion;;9;LI;5;39;0;L1;;L1;L1;Furthermore, the current study took place over the competitive season for the participants from mixture of sports (e.g., Australian football, field hockey, netball, soccer, swimming), and thus the differences in sports-specific training stimuli outside of the study prescription varied.
Rogers2020|9.6;Rogers 2020;Setting;Diskussion;;9;LI;6;24;0;A1;L2;A1+L2;A1+L2;Future work could attempt to minimise this limitation by focusing within a single sport cohort who train under the same sport-specific routine and personal.
Rogers2020|9.7;Rogers 2020;Setting;Diskussion;;9;LI;7;32;1;L1;M1;L1;L1+M1;While we collated the self-reported sports participation data in line with other established research protocols (see [42,43]) we acknowledge the limitation of participants potential over- or under-estimation of exposure hours via self-report.
Rogers2020|9.8;Rogers 2020;Setting;Diskussion;;9;LI;8;41;0;A1;L3;L1+A1;A1+L3;Finally, while this pilot work has added novel insights from high school athlete perceptions via our semi-structured interview analysis, one area to improve these insights in future work could be to corroborate the adherence challenges noted by athletes with parent/guardian feedback.
Rogers2020|9.9;Rogers 2020;Setting;Diskussion;;9;LI;9;26;0;A1;;L2;A1;With participants instructed to complete sessions at home, parents/guardians may have offered insightful first-hand observations from observing their children attempt to improve MC and physical capacities.
Rogers2020|10.1;Rogers 2020;Setting;Schluss;;10;SR;1;20;0;L3;;L3;L3;Through this pilot study, we have presented novel insights that explore how high-school athletes can improve MCs with appropriate training.
Rogers2020|10.2;Rogers 2020;Setting;Schluss;;10;SR;2;15;0;Z2;;Z2;Z2;Improvement in MC was seen in a 16-week program for those who attended face-to-face training.
Rogers2020|10.3;Rogers 2020;Setting;Schluss;;10;SR;3;29;0;Z2;P2;Z2+P2;Z2;Compliance across both F2F and OL groups appeared aligned to MC changes, with face-to-face delivery offering clear advantages in terms of both increased compliance and improvements in movement skill.
Rogers2020|10.4;Rogers 2020;Setting;Schluss;;10;SR;4;16;0;E2;;E2;E2;This may be linked to F2F athletes receiving technical feedback during key learning phases of movement.
Rogers2020|10.5;Rogers 2020;Setting;Schluss;;10;SR;5;36;0;Z2;B2+E2;Z2+B2;Z2+B2+E2;Regardless of the delivery group, physical capacities outside of MC scores were not affected with the current program, likely because of low training intensities, owing to the technical focus of the sessions and overall poor compliance.
Rogers2020|10.6;Rogers 2020;Setting;Schluss;;10;SR;6;21;0;F1;P2;F1;F1+P2;Thus, the self-directed training intervention approach has limitations related to athlete motivation and the lack of feedback during the learning process.
Rogers2020|10.7;Rogers 2020;Setting;Schluss;;10;SR;7;23;0;L3;A1+P1;P1;L3+A1+P1;Findings from the current qualitative responses, allow researchers and practitioners to consider perceived barriers to training programs in future work with high-school athletes.
Rogers2020|10.8;Rogers 2020;Setting;Schluss;;10;SR;8;42;0;P1;;P1;P1;Youth sports practitioners and sporting organisations, therefore, may benefit from prioritising face-to-face coaching delivery during the early phases of acquiring competency in strength training techniques, while continuing to record and reflect on the thoughts of the participants after such physical preparation interventions.
Veith2021|1.1;Veith 2021;Setting;Diskussion;;1;ER;1;44;0;L3;Z2;L3+Z2;L3+Z2;For the first time, the present study provides evidence to show that male elite academy footballers can complete Part 2 of the 11 + programme outside of the training environment without compromising important physical performance adaptions for eccentric hamstring strength and lower limb power.
Veith2021|1.2;Veith 2021;Setting;Diskussion;;1;ER;2;16;0;Z2;;Z2;Z2;Specifically, EH-S and CMJ-H improved regardless of performing Part 2 at home or supervised at training.
Veith2021|1.3;Veith 2021;Setting;Diskussion;;1;ER;3;40;0;Z2;L2;Z2+L2;Z2+L2;Although the data can only be considered preliminary due to the low number of injuries observed, the results suggest that rescheduling Part 2 does not increase injury risks, as no difference in injury incidence or burden was observed between groups.
Veith2021|2.1;Veith 2021;Setting;Diskussion;Eccentric hamstring strength;2;ZG:Kraft;1;28;0;B1;;B1;B1;EH-S increased significantly in both groups over the course of the season, with the greatest improvements in EH-S observed in the first 13 weeks of the experimental intervention.
Veith2021|2.2;Veith 2021;Setting;Diskussion;Eccentric hamstring strength;2;ZG:Kraft;2;32;1;M1;E3;M1+E3;M1;"Herein, ROG and ROB were examined and included where significance was observed in betweengroup analysis to normalise for changes in growth or body mass. (Rossler et al. 2016; Zarei et al. 2018)"
Veith2021|2.3;Veith 2021;Setting;Diskussion;Eccentric hamstring strength;2;ZG:Kraft;3;45;1;V2;B1;V2;V2+B1;"However, in contrast to previous research highlighting EH-S gains in youth footballers almost exclusively within the first four to 6 weeks of Nordic hamstring training, (Freeman et al. 2018; Lacome et al. 2019) the gains observed in this study occurred after a 9-week familiarisation period."
Veith2021|2.4;Veith 2021;Setting;Diskussion;Eccentric hamstring strength;2;ZG:Kraft;4;63;3;E2;E1;E2;E2+E1;"The progressive increase in exercise loading over the whole season in the current study compared to a 4-week period (Freeman et al. 2018) may thus have continued to stimulate neural adaptations in subjects accustomed to exercise (Sampson et al. 2013) and structural adaptions such as increases in the muscle’s physiological cross-sectional area and fascicle length. (Legerlotz et al. 2016; Cuthbert et al. 2020)"
Veith2021|2.5;Veith 2021;Setting;Diskussion;Eccentric hamstring strength;2;ZG:Kraft;5;21;0;B2;;B1;B2;Interestingly, the EH-S gains observed in the TG were greater than the HG during the initial 13 weeks of the intervention.
Veith2021|2.6;Veith 2021;Setting;Diskussion;Eccentric hamstring strength;2;ZG:Kraft;6;38;1;E1;E2;E1;E1+E2;It is possible that the HG may have increased hamstring strength via greater structural adaptation due to additional metabolic fatigue and increased mechanical tension when completing the eccentric hamstring exercise directly after football training. (Lovell et al. 2018a)
Veith2021|2.7;Veith 2021;Setting;Diskussion;Eccentric hamstring strength;2;ZG:Kraft;7;43;0;B1;;B1;B1;The HG, however, showed a significant increase in strength from test 1 to test 3 (1.9 kg in the HG compared to 1.4 kg in the TG) such that the total EH-S gain between groups was similar over the course of the season.
Veith2021|2.8;Veith 2021;Setting;Diskussion;Eccentric hamstring strength;2;ZG:Kraft;8;43;1;P1;H1;P1;P1+H1;This suggests that during the initial phase of a season, the 11+ hamstring exercise could be performed after training and then transitioned to be completed at home to maximise strength gains, which has been associated with reduced injury risk. (Lauersen et al. 2018)
Veith2021|3.1;Veith 2021;Setting;Diskussion;Countermovement jump height;3;ZG:Sprung;1;39;1;V1;B1+B2;V1+B2;V1+B2+B1;"Increases in CMJ-H were not evident in the current study until the final testing session (week 45); however, the overall improvements were similar to previous reports in youths performing the 11+ throughout a football season. (Zarei et al. 2018)"
Veith2021|3.2;Veith 2021;Setting;Diskussion;Countermovement jump height;3;ZG:Sprung;2;30;0;E2;E1;E2;E2+E1;It is possible that neural adaptations during the familiarisation period prior to baseline testing may have occurred, dampening any of the measured effects during the initial part of the season.
Veith2021|3.3;Veith 2021;Setting;Diskussion;Countermovement jump height;3;ZG:Sprung;3;11;0;L1;L2;L1;L1+L2;This cannot be confirmed, though, as no pre-familiarisation testing took place.
Veith2021|3.4;Veith 2021;Setting;Diskussion;Countermovement jump height;3;ZG:Sprung;4;52;2;E2;;E2;E2;Of note, lateral jumps (Part 2, Level 2) performed between baseline testing and test 2 likely did not induce specific adaptations measured by the countermovement jump test, (Meylan et al. 2010) compared to box jumps (Part 2, Level 3), which were performed between testing sessions 2 and 3. (Hewit et al. 2012)
Veith2021|3.5;Veith 2021;Setting;Diskussion;Countermovement jump height;3;ZG:Sprung;5;25;0;P1;;P1;P1;Our results may therefore question whether the 11+ jumping exercises may need to be changed if the aim is to improve vertical lower limb power.
Veith2021|3.6;Veith 2021;Setting;Diskussion;Countermovement jump height;3;ZG:Sprung;6;41;2;P1;H2;P1;P1+H2;Lateral jumps may be better suited as a balance exercise progression as the impact on reducing injuries due to improved knee stability during single-leg landing, (Petushek et al. 2019) especially during physical maturation, (Read et al. 2018) should not be disregarded.
Veith2021|4.1;Veith 2021;Setting;Diskussion;Time to stabilisation;4;ZG:Balance;1;23;1;B2;;B2;B2;No improvement in knee and ankle stability during single-leg landing assessed via TTS (Gribble and Robinson 2009) was observed in TG or HG.
Veith2021|4.2;Veith 2021;Setting;Diskussion;Time to stabilisation;4;ZG:Balance;2;24;1;E3;E1;E3;E3+E1;Neurological development, changes in the proprioceptive system and physical growth due to maturation might have influenced the results found in this study. (Ricotti 2011)
Veith2021|4.3;Veith 2021;Setting;Diskussion;Time to stabilisation;4;ZG:Balance;3;18;1;V3;;V3;V3;Previously, balance improvements have been observed in similar-aged football players following injury prevention programmes. (Faude et al. 2017)
Veith2021|4.4;Veith 2021;Setting;Diskussion;Time to stabilisation;4;ZG:Balance;4;22;0;E2;H2;H2;E2+H2;However, with regards to balance performance, a larger cohort of elite players performing the 11+ regularly has not been investigated to date.
Veith2021|4.5;Veith 2021;Setting;Diskussion;Time to stabilisation;4;ZG:Balance;5;31;1;E2;P1;E2;E2+P1;Therefore, it may be considered that the 11+ exercises may be insufficient to improve balance in elite adolescent players and that more advanced exercises may be required. (O’Brien et al. 2017b)
Veith2021|4.6;Veith 2021;Setting;Diskussion;Time to stabilisation;4;ZG:Balance;6;16;0;A1;;A1;A1;Future research including more tests investigating the effects of the 11+ exercises on balance is required.
Veith2021|5.1;Veith 2021;Setting;Diskussion;Strengths and limitations;5;LI;1;34;0;L3;E2+P2;L3;E2+L3+P2;A key feature of this intervention’s success is likely a consequence of the high compliance rate of the HG which was close to 3 ×/week with individual exercises only missed 13% of the time.
Veith2021|5.2;Veith 2021;Setting;Diskussion;Strengths and limitations;5;LI;2;41;2;L3;M1;L3;L3+M1;"Moreover, assessments of strength, power and balance were included to draw conclusions on programme effectiveness, (Christou et al. 2006; Gribble et al. 2012; Fernandes et al. 2019) given that the number of injuries alone were considered insufficient. (Bahr and Holme 2003)"
Veith2021|5.3;Veith 2021;Setting;Diskussion;Strengths and limitations;5;LI;3;43;0;A1;B1;E2;A1+B1;Similar injury rates likely reflect the comparable improvements observed across the exercise assessments in HG and TG, however further research is required to investigate the true injury reduction effects in elite adolescent footballers when Part 2 of the 11+ is performed at home.
Veith2021|5.4;Veith 2021;Setting;Diskussion;Strengths and limitations;5;LI;4;32;0;L1;L2;L1+L2;L1+L2;As no control group was included, this research cannot confirm an injury reduction effect per se, and no clear conclusions can be drawn on the magnitude of change regarding any performance outcome.
Veith2021|5.5;Veith 2021;Setting;Diskussion;Strengths and limitations;5;LI;5;23;0;L1;;L1;L1;"Additionally, TG players were instructed not to perform additional 11 + exercises at home; however, this was not monitored and cannot be excluded."
Veith2021|5.6;Veith 2021;Setting;Diskussion;Strengths and limitations;5;LI;6;16;0;L1;;L1;L1;Moreover, no intra-subject reliability testing was performed, and no testing was performed prior to baseline testing.
Veith2021|5.7;Veith 2021;Setting;Diskussion;Strengths and limitations;5;LI;7;31;1;L2;E2;L2;L2+E2;But whilst any differences between groups at this stage may have been attenuated by the extended familiarisation period, the three-week break (weeks 6–8) likely minimised these effects. (Hakkinen et al. 1985)
Veith2021|5.8;Veith 2021;Setting;Diskussion;Strengths and limitations;5;LI;8;27;0;L1;M1;L1;L1+M1;"Furthermore, peak height velocity estimates may have been more appropriate as covariates than ROG or ROB; however, there were insufficient seated height measurements in the data set."
Veith2021|5.9;Veith 2021;Setting;Diskussion;Strengths and limitations;5;LI;9;26;0;L1;;L1;L1;Finally, exercise exposure of the TG was not collected on an individual player level to provide a better comparison to the HG due to time restrictions.
Veith2021|5.10;Veith 2021;Setting;Diskussion;Strengths and limitations;5;LI;10;28;0;L1;L2;L1+L2;L1;The trial protocol was not pre-registered but can be accessed via the ethics application (2018/445) approved by the UOW & ISLHD Health and Medical Human Research Ethics Committee.
Veith2021|5.11;Veith 2021;Setting;Diskussion;Strengths and limitations;5;LI;11;7;0;P2;B1;B1+P2;P2+B1;No harms or unintended effects were reported.
Veith2021|6.1;Veith 2021;Setting;Schluss;Practical implications;6;SR;1;45;3;Z0;P2;P2;Z0+P2;"Although the 11+ has shown to increase performance parameters (Zarei et al. 2018; Akbari et al. 2018) and decrease injuries (Owoeye et al. 2014) in adolescent footballers, time availability at training remains one of the major barriers to programme implementation. (Silvers- Granelli et al. 2018)"
Veith2021|6.2;Veith 2021;Setting;Schluss;Practical implications;6;SR;2;45;0;P1;F1+Z2;P1+F1;P1+Z2;This study shows that rescheduling Part 2 of the 11+ programme outside of the training environment elicits similar performance improvements without effecting injury rates negatively and can therefore be recommended in adolescent male elite footballers to maintain player availability and participation in training and games.
Veith2021|6.3;Veith 2021;Setting;Schluss;Practical implications;6;SR;3;21;0;P2;;P2;P2;Such rescheduling directly reduces the time required to complete a season-long injury reduction programme at training and may increase programme adoption.
PadronCabo2025|1.1;Padrón-Cabo 2025;Ergänzung;Diskussion;;1;ER;1;34;0;Z1;;Z1;Z1;The aim of this study was to examine the effects of a short-term inseason detraining period on the neuromuscular (i.e., linear sprint, vertical jump, and COD) and endurance performance in elite youth soccer players.
PadronCabo2025|1.2;Padrón-Cabo 2025;Ergänzung;Diskussion;;1;ER;2;33;0;L3;;L3;L3;To our knowledge, this is the first detraining study design that compares the effects of the in-season detraining period in 2 different age groups (i.e., U15 and U17) in elite youth soccer players.
PadronCabo2025|1.3;Padrón-Cabo 2025;Ergänzung;Diskussion;;1;ER;3;55;0;Z2;B2;Z2+B2;Z2+B2;"The main findings of this study suggest that (a) U17 soccer players experienced a greater impairment in 5-m and 10-m sprint performance; (b) both groups presented a decrease in vertical jump performance, (c) both groups did not show any significant change in COD ability; (d) both groups experienced a similar decline in their VIFT values."
PadronCabo2025|2.1;Padrón-Cabo 2025;Ergänzung;Diskussion;;2;ZG:Sprint;1;14;1;H1;;H1;H1;In soccer, sprinting is considered a key capability for performance and injury prevention (12,22).
PadronCabo2025|2.2;Padrón-Cabo 2025;Ergänzung;Diskussion;;2;ZG:Sprint;2;29;1;V3;;V3;V3;Recent systematic reviews and metaanalyses (10,35) concluded that a period of training cessation has a small to moderate detrimental effect (d 5 0.52–0.80) on sprint performance in soccer players.
PadronCabo2025|2.3;Padrón-Cabo 2025;Ergänzung;Diskussion;;2;ZG:Sprint;3;32;0;B1;;B1;B1;In this sense, our results showed a moderate to very large significant decline (d 5 0.64–2.21) in sprint performance after 2 weeks of training cessation in U15 and U17 elite soccer players.
PadronCabo2025|2.4;Padrón-Cabo 2025;Ergänzung;Diskussion;;2;ZG:Sprint;4;45;0;B1;;B1;B1;Specifically, the U17 age group presented greater sprint performance levels before the detraining period compared with the U15 age group but also experienced more pronounced reductions in sprint performance for all distances compared with the U15 age group, especially in 5-m and 10-m split times.
PadronCabo2025|2.5;Padrón-Cabo 2025;Ergänzung;Diskussion;;2;ZG:Sprint;5;23;1;V1;B1;V1;V1+B1;These findings are consistent with Rodr´ıguez-Fern´andez et al. (32), who reported that the fastest senior professional soccer players showed greater short-term detraining effects.
PadronCabo2025|2.6;Padrón-Cabo 2025;Ergänzung;Diskussion;;2;ZG:Sprint;6;28;1;M2;H2;M2;M2+H2;Furthermore, the small worthwhile change (SWC) has been established at approximately 1.5% for 5-m sprints and approximately 1% for 10- to 40-m sprints in team sports athletes (14).
PadronCabo2025|2.7;Padrón-Cabo 2025;Ergänzung;Diskussion;;2;ZG:Sprint;7;39;1;M2;B1;V4+M2;M2+B1;In this study, the results showed a greater decrease (ranging from 9.72 to 2.90%) than the reported measurement error (ranging from 1.48 to 0.83% CV for sprint time tests) and the SWC previously defined for team sports athletes (14).
PadronCabo2025|2.8;Padrón-Cabo 2025;Ergänzung;Diskussion;;2;ZG:Sprint;8;45;1;E1;;E1;E1;From a physiological standpoint, the sprint performance deterioration in elite youth soccer players (i.e., U15 and U17) could be related to the negative effects on fast-twitch fibers, the reduction in the cross-sectional area of muscle fibers, and the ability to use ATP and phosphocreatine (25).
PadronCabo2025|2.9;Padrón-Cabo 2025;Ergänzung;Diskussion;;2;ZG:Sprint;9;68;1;E3;E1;E3;E3+E1;In addition, the lower decline after the detraining period in U15 soccer players may be related to peak gains in sprint performance around the time of peak height velocity associated with an increase in circulating androgenic hormones (testosterone and growth hormone), anthropometric factors (i.e., stature and muscle mass), development of kinetic (i.e., step length) and kinematic factors (i.e., vertical and horizontal force, power), and intrinsic muscle-tendon properties (23,24,27,30).
PadronCabo2025|2.10;Padrón-Cabo 2025;Ergänzung;Diskussion;;2;ZG:Sprint;10;44;1;P1;;P1;P1;Consequently, strength and conditioning coaches should be aware of the negative effects on linear sprint performance and incorporate sprint training at specific distances and near maximal sprinting speed (.90%) into their specific training program during short-term in-season breaks in elite youth soccer players (7,10,12).
PadronCabo2025|3.1;Padrón-Cabo 2025;Ergänzung;Diskussion;;3;ZG:Sprung;1;13;1;H1;;H2;H1;Recent research has established a close relationship between jumping and sprinting abilities (11,20).
PadronCabo2025|3.2;Padrón-Cabo 2025;Ergänzung;Diskussion;;3;ZG:Sprung;2;38;0;B1;;B1;B1;After a short-term detraining period, both U15 and U17 soccer players showed a significant decrease in SJ (d 5 0.21 to 0.46) and CMJ (d 5 0.30 to 0.63) performance, similar to the observed impairment in sprint performance.
PadronCabo2025|3.3;Padrón-Cabo 2025;Ergänzung;Diskussion;;3;ZG:Sprung;3;25;1;V2;B1;V2;V2+B1;In contrast to our results, Pereira et al. (29) found a significant increase in CMJ in young elite soccer players after 26 days of detraining.
PadronCabo2025|3.4;Padrón-Cabo 2025;Ergänzung;Diskussion;;3;ZG:Sprung;4;22;1;V3;;V3;V3;Furthermore, Loturco et al. (19) found no significant differences in the CMJ in highly trained soccer players after a 4-week detraining period.
PadronCabo2025|3.5;Padrón-Cabo 2025;Ergänzung;Diskussion;;3;ZG:Sprung;5;17;1;E2;E1;E2;E1+E2;Accordingly, the fitness fatigue paradigm could potentially explain the discrepancies between previous detraining research in soccer (16).
PadronCabo2025|3.6;Padrón-Cabo 2025;Ergänzung;Diskussion;;3;ZG:Sprung;6;25;1;E2;E1;E2;E1+H2;Indeed, it has been suggested that accumulated fatigue and previous training load may influence jumping performance (36), but fatigue status has not been previously quantified.
PadronCabo2025|4.1;Padrón-Cabo 2025;Ergänzung;Diskussion;;4;ZG:Ausdauer;1;35;1;H1;;H1;H1;Given the competitive demands of soccer, the ability to perform intermittent high-intensity actions (i.e., high-intensity running, sprinting, jumping, and COD) has played a crucial role in successful participation at the individual and team levels (2,13).
PadronCabo2025|4.2;Padrón-Cabo 2025;Ergänzung;Diskussion;;4;ZG:Ausdauer;2;17;1;M2;H2;M1;M2+H2;More recently, the 30-15IFT has been extensively used to evaluate athlete’ ability to perform high-intensity efforts (4).
PadronCabo2025|4.3;Padrón-Cabo 2025;Ergänzung;Diskussion;;4;ZG:Ausdauer;3;46;1;H1;;H1;H1;In this regard, Malone et al. (21) concluded that soccer players with higher VIFT were able to cover more weekly distance with a lower risk of injury during highintensity running and sprinting compared with players with lower VIFT values (odds ratio ranging from 2.15 to 3.19).
PadronCabo2025|4.4;Padrón-Cabo 2025;Ergänzung;Diskussion;;4;ZG:Ausdauer;4;26;0;B1;;B1;B1;In this study, the short-term detraining period induced similar significant impairments in 30-15IFT performance in U15 (d 5 1.39) and U17 (d 5 1.24) soccer players.
PadronCabo2025|4.5;Padrón-Cabo 2025;Ergänzung;Diskussion;;4;ZG:Ausdauer;5;28;0;L3;E2;L3;L3+E2;To date, this is the first study analyzing the effects of the detraining period on 30-15IFT performance, so a direct comparison with previous scientific evidence is not possible.
PadronCabo2025|4.6;Padrón-Cabo 2025;Ergänzung;Diskussion;;4;ZG:Ausdauer;6;22;1;V1;B1;V1;V1+B1;Nevertheless, it should be noted that the current findings are consistent with previous studies analyzing the effects on soccer-specific endurance tests (9,18,26,31,32,37).
PadronCabo2025|4.7;Padrón-Cabo 2025;Ergänzung;Diskussion;;4;ZG:Ausdauer;7;22;1;M2;H2;M2;M2+H2;Importantly, Buchheit et al. (4) found that changes between 1 and 1.5 km/h could be considered meaningful at the individual performance level.
PadronCabo2025|4.8;Padrón-Cabo 2025;Ergänzung;Diskussion;;4;ZG:Ausdauer;8;25;0;B1;M2;V4;B1+M2;Specifically, both U15 and U17 players experienced a decline in the VIFT values after the detraining period, ranging from approximately 1.2 to approximately 1.3 km/h.
PadronCabo2025|4.9;Padrón-Cabo 2025;Ergänzung;Diskussion;;4;ZG:Ausdauer;9;30;2;E1;;E1;E1;Overall, the reduction in VIFT could be related to several factors, such as reduced muscle oxidative capacity, impaired mechanical ventilation, decreased maximal oxygen uptake (1,9,25), and reduced neuromuscular performance (5).
PadronCabo2025|5.1;Padrón-Cabo 2025;Ergänzung;Diskussion;;5;ZG:Richtungswechsel;1;18;1;H1;;H1;H1;Change of direction ability has been identified as a pivotal physical quality required in multidirectional team sports (28).
PadronCabo2025|5.2;Padrón-Cabo 2025;Ergänzung;Diskussion;;5;ZG:Richtungswechsel;2;18;1;H2;;H2;H2;In relation to COD ability, the short-term detraining effects have been scarcely studied in elite soccer players (19).
PadronCabo2025|5.3;Padrón-Cabo 2025;Ergänzung;Diskussion;;5;ZG:Richtungswechsel;3;19;1;V1;B2;V1+B2;V1+B2;In that vein, our findings align with previous short-term detraining studies (17–19), showing a nonsignificant decline in COD ability.
PadronCabo2025|5.4;Padrón-Cabo 2025;Ergänzung;Diskussion;;5;ZG:Richtungswechsel;4;25;0;E2;;E2;E2;Perhaps, the length of training cessation period (i.e., short term vs. long term) could be a factor that might influence the impairment of COD ability.
PadronCabo2025|5.5;Padrón-Cabo 2025;Ergänzung;Diskussion;;5;ZG:Richtungswechsel;5;28;1;E2;V3;V3;E2+V3;In fact, Caldwell et al. (8) observed that a long-term detraining period (i.e., 12 weeks) significantly reduced off-season performance on the Illinois agility test in semiprofessional soccer players.
PadronCabo2025|5.6;Padrón-Cabo 2025;Ergänzung;Diskussion;;5;ZG:Richtungswechsel;6;43;0;A1;E2;A1;A1+E2;However, further research is needed to contrast or confirm these findings due to the limited scientific literature and testing heterogeneity (i.e., different angles and entry velocities, number of CODs, total test time) used to assess the effects of short-term detraining on COD performance.
PadronCabo2025|6.1;Padrón-Cabo 2025;Ergänzung;Diskussion;;6;LI;1;8;0;L0;;L0;L0;This study has limitations that must be acknowledged.
PadronCabo2025|6.2;Padrón-Cabo 2025;Ergänzung;Diskussion;;6;LI;2;23;0;L1;L2;L1+L2;L1+L2;First, the small sample size of each age group may limit the statistical power of the between-subjects factor analysis (i.e., U15 vs. U17).
PadronCabo2025|6.3;Padrón-Cabo 2025;Ergänzung;Diskussion;;6;LI;3;27;0;L1;L2;L1+L2;L1+L2;Second, the sample was recruited from an elite Spanish soccer academy, so the current results may not be generalizable to other soccer backgrounds, leagues, or competitive levels.
PadronCabo2025|6.4;Padrón-Cabo 2025;Ergänzung;Diskussion;;6;LI;4;30;0;L1;;L1;L1;Third, including the horizontal force-velocity profile would provide a deeper understanding of the impairment of mechanical capabilities of the neuromuscular system during linear sprint performance in elite youth soccer players.
PadronCabo2025|6.5;Padrón-Cabo 2025;Ergänzung;Diskussion;;6;LI;5;22;0;L1;;L1;L1;Finally, the physical activity patterns of the players were not collected or monitored during these 2 weeks of in-season training cessation period.
PadronCabo2025|6.6;Padrón-Cabo 2025;Ergänzung;Diskussion;;6;LI;6;45;0;A1;L2;A1;A1+L2;Future studies should include a larger sample size for each age group, different competitive levels, and comprehensive monitoring of physical activity patterns (e.g., wearable wristbands, heart rate variability) and other neuromuscular parameters (e.g., horizontal and vertical force-velocity profiles) to better understand short-term in-season detraining effects.
PadronCabo2025|7.1;Padrón-Cabo 2025;Ergänzung;Schluss;;7;SR;1;25;0;L3;;L3;L3;The results of this study provide valuable insight into the effects of short-term in-season detraining on neuromuscular and endurance performance in elite youth soccer players.
PadronCabo2025|7.2;Padrón-Cabo 2025;Ergänzung;Schluss;;7;SR;2;25;0;L3;;L3;L3;The study’s comparison of 2 different age groups (U15 and U17) adds to the existing literature by highlighting age-specific responses to detraining in this population.
PadronCabo2025|7.3;Padrón-Cabo 2025;Ergänzung;Schluss;;7;SR;3;24;0;P1;Z2;P1;P1+Z2;The significant decline in linear sprint performance, particularly in the U17 age group, underscores the importance of maintaining sprinting ability during short-term detraining periods.
PadronCabo2025|7.4;Padrón-Cabo 2025;Ergänzung;Schluss;;7;SR;4;33;0;P1;Z2;P1;P1+Z2;In addition, the observed decline in vertical jump and 30-15IFT performance highlights the need for targeted interventions to mitigate the effects of detraining on neuromuscular and endurance performance in elite youth soccer players.
PadronCabo2025|7.5;Padrón-Cabo 2025;Ergänzung;Schluss;;7;SR;5;32;0;P1;;P1;P1;These findings have practical implications for strength and conditioning coaches, suggesting the incorporation of specific sprint training and the maintenance of neuromuscular performance during short-term in-season detraining in elite youth soccer players.
PadronCabo2025|7.6;Padrón-Cabo 2025;Ergänzung;Schluss;;7;SR;6;37;0;A1;;A1;A1;Future research should further investigate the physiological mechanisms underlying the observed performance declines and consider comprehensive monitoring of physical activity patterns and other neuromuscular parameters to better understand the effects of short-term in-season detraining in this population.
Asimakidis2022|1.1;Asimakidis 2022;Ergänzung;Diskussion;;1;ER;1;29;0;Z1;;Z1;Z1;The aim of this study was to examine the effect of biological maturation on selected neuromuscular performance indicators in young soccer players in the absence of any training stimulus.
Asimakidis2022|1.2;Asimakidis 2022;Ergänzung;Diskussion;;1;ER;2;46;0;Z2;E3;Z2+E3;Z2+E3;Change of direction ability, 10 m and 20 m sprint, and CMJ were all significantly improved after the training cessation period, implying that maturation-related adaptations can lead to enhanced neuromuscular performance, even in the absence of exposure to sufficient levels of exercise in young soccer players.
Asimakidis2022|2.1;Asimakidis 2022;Ergänzung;Diskussion;;2;ZG:Richtungswechsel;1;31;0;B1;;B1;B1;The results of the 505 COD test showed a significant improvement in COD ability for both limbs (5.43% and 5.22% for the right and left limb, respectively) after the confinement period.
Asimakidis2022|2.2;Asimakidis 2022;Ergänzung;Diskussion;;2;ZG:Richtungswechsel;2;27;0;L3;;L3;L3;To the best of our knowledge, this is the first study to examine the effects of a COVID-19 lockdown period on COD ability in young soccer players.
Asimakidis2022|2.3;Asimakidis 2022;Ergänzung;Diskussion;;2;ZG:Richtungswechsel;3;31;1;E3;;E3;E3;Previous research on young soccer players has demonstrated that COD ability reaches its peak development at the age of 13 to 14 years old, which is consistent with the PHV [8,32].
Asimakidis2022|2.4;Asimakidis 2022;Ergänzung;Diskussion;;2;ZG:Richtungswechsel;4;24;1;E3;E1;E3;E1+E3;Circumpubertal and post-pubertal adaptations are likely mediated by increases in sex androgen concentrations such as testosterone, growth hormone, and an insulin-like growth factor [33].
Asimakidis2022|2.5;Asimakidis 2022;Ergänzung;Diskussion;;2;ZG:Richtungswechsel;5;30;1;E3;E1;E3;E1+E3;Such hormonal changes produce an increased force-generating capacity that results from continued neural development as well as increases in muscle cross-sectional area, muscle pennation angle, and continued fiber-type differentiation [32].
Asimakidis2022|2.6;Asimakidis 2022;Ergänzung;Diskussion;;2;ZG:Richtungswechsel;6;27;1;E1;;E1;E1;According to Young et al. [34] force-generating capacity is associated with COD performance, potentially explaining the underlying mechanisms that resulted in the improvements observed in our study.
Asimakidis2022|3.1;Asimakidis 2022;Ergänzung;Diskussion;;3;ZG:Sprint;1;24;0;B1;;B1;B1;Regarding the linear sprint performance, 10 m and 20 m sprint times were significantly improved by 7.85% and 3.73%, respectively, after the confinement period.
Asimakidis2022|3.2;Asimakidis 2022;Ergänzung;Diskussion;;3;ZG:Sprint;2;30;2;V2;B1;V2;V2+B1;These findings are in contrast to the results of similar studies that also investigated the effects of the COVID- 19 lockdown on sprint performance in soccer [21,23,24] and futsal [35].
Asimakidis2022|3.3;Asimakidis 2022;Ergänzung;Diskussion;;3;ZG:Sprint;3;48;2;V3;;V3;V3;More specifically, Alvurdu et al. [21] reported significant decrements in 30 m sprint performance after 109 days of training cessation, whereas, similarly, Grazioli et al. [23] showed that 63 days of home confinement led to a reduced 10 m and 20 m sprint performance in professional soccer players.
Asimakidis2022|3.4;Asimakidis 2022;Ergänzung;Diskussion;;3;ZG:Sprint;4;28;1;V3;;V3;V3;In the study by Spyrou et al. [35] the same results were observed in elite futsal players, as 70 days of reduced training impaired 10 m sprint performance.
Asimakidis2022|3.5;Asimakidis 2022;Ergänzung;Diskussion;;3;ZG:Sprint;5;51;1;E2;V3;V3+E2;E2+V3;"By contrast, the study conducted by Korkmaz et al. [24] examined the effect of 89 days of detraining due to the COVID-19 confinement period in semi-professional soccer players, demonstrating no significant differences in 30 m sprint performance; therefore, pre-detraining status may impact the magnitude effect of a long-term training cessation period."
Asimakidis2022|3.6;Asimakidis 2022;Ergänzung;Diskussion;;3;ZG:Sprint;6;79;2;E3;E1;E3;E3+E1;Moreover, taking into account the fact that the maturity stage of our sample was very close to the emergence of PHV (−0.1 years before PHV), it may be suggested that the different results presented here could be a consequence of the adolescent growth spurt, as sprinting ability reaches its peak development at PHV as previously shown [8], possibly due to an increase in stride length due to greater propulsive forces and leg stiffness [36], both stemming from maturation-related adaptations.
Asimakidis2022|4.1;Asimakidis 2022;Ergänzung;Diskussion;;4;ZG:Sprung;1;13;0;B1;;B1;B1;Jumping ability, assessed through the CMJ performance, also showed a significant increase (4.96%).
Asimakidis2022|4.2;Asimakidis 2022;Ergänzung;Diskussion;;4;ZG:Sprung;2;21;1;V3;;V3;V3;Previous research attempting to investigate the effects of the COVID-19 confinement period on vertical jumping performance has yielded equivocal results [23,35,37–40].
Asimakidis2022|4.3;Asimakidis 2022;Ergänzung;Diskussion;;4;ZG:Sprung;3;36;2;V3;;V3;V3;In the studies by Spyrou et al. [35] and Cohen et al. [37] in elite futsal and soccer players, respectively, CMJ height values remained unchanged, yet differences in eccentric and landing phase kinetic variables were observed.
Asimakidis2022|4.4;Asimakidis 2022;Ergänzung;Diskussion;;4;ZG:Sprung;4;27;1;V3;;V3;V3;Additionally, in a soccer study [40], no differences in CMJ height values were noted, although decreased peak CMJ power output values in elite soccer players were observed.
Asimakidis2022|4.5;Asimakidis 2022;Ergänzung;Diskussion;;4;ZG:Sprung;5;64;3;V1;E2+V2;V1+V2;V1+E2;"On the contrary, Grazioli et al. [23] demonstrated decreased CMJ height values in professional soccer players, whereas Parpa and Michaelides [38] and Pucsok et al. [39] reported similar results to those presented here in professional and adolescent soccer players, respectively; however, both studies employed a home training protocol consisting of bodyweight exercises (including plyometric exercises), thus potentially masking the net effects of training cessation."
Asimakidis2022|4.6;Asimakidis 2022;Ergänzung;Diskussion;;4;ZG:Sprung;6;38;1;E3;E1;E3;E3+E1;Moreover, changes in the neuromuscular system during growth and maturation (specifically, increases in muscle size, pennation angle, fascicle length, tendon stiffness, and motor unit recruitment) have been reported to lead to enhanced performance related to explosive actions [41].
Asimakidis2022|4.7;Asimakidis 2022;Ergänzung;Diskussion;;4;ZG:Sprung;7;45;2;A1;M2;M2;A1+M2;The inclusion of an additional CMJ variables assessment should probably also be investigated, as variables other than CMJ height are more sensitive to changes (e.g., eccentric and concentric phase duration) [42], a finding that has also been confirmed in some of the abovementioned studies [34,37,40].
Asimakidis2022|5.1;Asimakidis 2022;Ergänzung;Diskussion;;5;QS:Individuelle Reaktionen;1;20;1;M2;H2;M2;M2+H2;Identifying individual responses to training or detraining is of great importance in sports [30], especially when young athletes are involved.
Asimakidis2022|5.2;Asimakidis 2022;Ergänzung;Diskussion;;5;QS:Individuelle Reaktionen;2;38;1;M2;H2;M2;M2+H2;The smallest worthwhile change, a statistical value calculated by multiplying the between–subject SD value by 0.2 for team sports [31], indicates meaningful or a “real” performance improvement related to game situations (e.g., two players through a sprint duel).
Asimakidis2022|5.3;Asimakidis 2022;Ergänzung;Diskussion;;5;QS:Individuelle Reaktionen;3;37;1;M2;H2;M2;M2+H2;To monitor individual responses in team sports, pre-defined values corresponding to ~1.0% (0.04 s to 0.06 s) for 10 m to 40 m sprints and ~2.5% (1.0 cm) for the CMJ height have been previously suggested [43,44].
Asimakidis2022|5.4;Asimakidis 2022;Ergänzung;Diskussion;;5;QS:Individuelle Reaktionen;4;33;0;B1;M2;B1+M2;B1+M2;In this sense, for the entire group of participants, regarding the 505 change of direction test, 22 participants demonstrated a meaningful performance enhancement for the right leg, and 19 for the left leg.
Asimakidis2022|5.5;Asimakidis 2022;Ergänzung;Diskussion;;5;QS:Individuelle Reaktionen;5;19;0;B1;;B1;B1;For the 10 m and 20 m linear sprint performance, 27 and 21 participants demonstrated a “real” improvement, respectively.
Asimakidis2022|5.6;Asimakidis 2022;Ergänzung;Diskussion;;5;QS:Individuelle Reaktionen;6;8;0;B1;;B1;B1;Finally, 11 participants showed a meaningful CMJ improvement.
Asimakidis2022|6.1;Asimakidis 2022;Ergänzung;Diskussion;;6;PR;1;50;1;P1;H2;P1;P1+H2;"According to the youth physical development model [6], COD ability, linear speed, and muscle strength are trainable throughout adolescence; therefore, it is recommended that practitioners should be aware of the “windows of opportunity” that enable them to take advantage of the trainability of these physical components due to maturation-related adaptations."
Asimakidis2022|6.2;Asimakidis 2022;Ergänzung;Diskussion;;6;PR;2;27;0;H2;E3;H2;H2+E3;More specifically, a key period for the development of muscle strength is the onset of adolescence, a period in which androgen concentrations, and consequently muscle mass, increase.
Asimakidis2022|6.3;Asimakidis 2022;Ergänzung;Diskussion;;6;PR;3;36;0;P1;H2;P1;P1+H2;Concerning linear speed, the training focus for preadolescent athletes should be high neural activation (plyometrics and sprinting), whereas, for adolescent athletes, neural and structural development (i.e., strength and plyometrics) should represent the primary emphasis of training.
Asimakidis2022|6.4;Asimakidis 2022;Ergänzung;Diskussion;;6;PR;4;46;1;P1;H2;P1;P1+H2;Ultimately, as force-generating capacity and linear speed are associated with COD ability [33], prepubertal athletes should focus on taking advantage of neural adaptations that contribute to the development of sprint speed, whereas adolescent athletes should aim to capitalize on the increases that occur in peak force.
Asimakidis2022|6.5;Asimakidis 2022;Ergänzung;Diskussion;;6;PR;5;32;1;A1;H2;A1;A1+H2;Although a recent review has questioned the potential usefulness of the windows of opportunity to optimize training adaptations in young athletes [45], it seems that more research is required in this field.
Asimakidis2022|7.1;Asimakidis 2022;Ergänzung;Diskussion;;7;LI;1;12;0;L0;;L0;L0;Some limitations should be noted when interpreting the results of this study.
Asimakidis2022|7.2;Asimakidis 2022;Ergänzung;Diskussion;;7;LI;2;41;0;L1;;L1;L1;A sample including an additional group of more “mature” players (i.e., post-PHV) might have provided useful information on how the training cessation period affected maturing soccer players and might have allowed a comparison between two different maturity groups (pre-PHV vs. post-PHV).
Asimakidis2022|7.3;Asimakidis 2022;Ergänzung;Diskussion;;7;LI;3;32;0;L1;L2;L1;L1+L2;In addition, some more “sensitive” CMJ variables (e.g., time of flight to contraction time) would have allowed a more holistic interpretation of the effects of the COVID-19 confinement period on CMJ performance.
Asimakidis2022|8.1;Asimakidis 2022;Ergänzung;Diskussion;;8;ZS;1;38;0;Z3;B2+Z2;F1+Z3;Z3+Z2+B2;Based on our results, a long-term (32 weeks) training cessation period due to COVID- 19 quarantine not only failed to impair explosive performance as initially hypothesized, but, on the contrary, resulted in improvements in selected neuromuscular performance indicators.
Asimakidis2022|8.2;Asimakidis 2022;Ergänzung;Diskussion;;8;ZS;2;40;0;Z2;P1;B1;Z2+P1;"Importantly, homogeneous results regarding the individual responses were obtained, since the majority of the participants exhibited a higher performance, especially during the linear sprint tests; hence, certain important practical recommendations can be derived for practitioners working with young soccer players."
Asimakidis2022|8.3;Asimakidis 2022;Ergänzung;Diskussion;;8;ZS;3;80;0;P1;M2;P1;P1+M2;"Firstly, after a longterm training cessation, other physical performance indicators (e.g., cardiorespiratory endurance) should be assessed and trained, besides those evaluated here; however, given the marginal improvements observed in CMJ height after the training cessation, it would be prudent to include some supplementary assessments (i.e., CMJ kinetic variables) to determine that vertical jump performance has indeed improved, as well as to obtain a more holistic view of the effects of long-term training cessation on vertical jump performance in developmental athletes."
Asimakidis2022|8.4;Asimakidis 2022;Ergänzung;Diskussion;;8;ZS;4;34;0;P1;E3;P1+E3;P1+E3;Secondly, practitioners should anticipate that improvements in neuromuscular performance in athletes undergoing the adolescent growth spurt may result solely from maturation-related adaptations, leading to ambiguity as to whether their training intervention is considered successful.
Asimakidis2022|8.5;Asimakidis 2022;Ergänzung;Diskussion;;8;ZS;5;22;0;P1;;P1;P1;They should therefore plan and implement training programs that are favorable to this stage of maturation, to capitalize on the synergistic adaptation.
Asimakidis2022|8.6;Asimakidis 2022;Ergänzung;Diskussion;;8;ZS;6;43;0;P1;E3;P1;P1+E3;Importantly, the increase of androgens, such as testosterone, at this stage of development, could allow practitioners to employ more advanced methods of strength training (e.g., combined training), always backed up with the relevant assessment of technical competency in order to promote further adaptations.
Asimakidis2022|9.1;Asimakidis 2022;Ergänzung;Schluss;;9;SR;1;37;0;Z2;F1;Z2;Z2+F1;In summary, a 32-week period of training cessation resulted in significant improvements in COD, 10 m and 20 m sprint, and CMJ values in young male soccer players around the age of the peak pubertal growth spurt.
Asimakidis2022|9.2;Asimakidis 2022;Ergänzung;Schluss;;9;SR;2;23;0;F1;E3;F1+E3;F1+E3;This may suggest that even in the absence of an adequate training stimulus, maturation-related adaptations are capable of enhancing exercise performance-related neuromuscular performance.
Asimakidis2022|9.3;Asimakidis 2022;Ergänzung;Schluss;;9;SR;3;53;0;F1;E3+L3;F1;F1+L3+E3;The information presented here could provide practitioners and sports scientists with clear evidence, suggesting that a long period of training cessation close to the adolescent growth spurt may not necessarily result in reductions in selected performance indicators, and any exercise performance improvements during the developmental years may be solely attributed to maturation-related adaptations.
