kennung,schritt,groesse,ziel,zeit,menge,variante,einheit,beschreibung,status,spielermenge,umfang_N4,ort_oder_grund_N4
S01.N.X.X.ALL.X,S01,N,X,X,ALL,X,1,"Zahl der Spieler in den Personendaten, Menge ALL",Plan 12.09.,,I,"Strukturprüfung, Zählkontrolle"
S01.N.X.X.IG.X,S01,N,X,X,IG,X,1,"Zahl der Spieler in den Personendaten, Menge IG",Plan 12.09.,,I,"Strukturprüfung, Zählkontrolle"
S01.N.X.X.KG.X,S01,N,X,X,KG,X,1,"Zahl der Spieler in den Personendaten, Menge KG",Plan 12.09.,,I,"Strukturprüfung, Zählkontrolle"
S01.N.X.X.VA.X,S01,N,X,X,VA,X,1,"Zahl der Spieler in den Personendaten, Menge VA",Plan 12.09.,,I,"Strukturprüfung, Zählkontrolle"
S01.N.X.X.VB.X,S01,N,X,X,VB,X,1,"Zahl der Spieler in den Personendaten, Menge VB",Plan 12.09.,,I,"Strukturprüfung, Zählkontrolle"
S01.N.X.X.VC.X,S01,N,X,X,VC,X,1,"Zahl der Spieler in den Personendaten, Menge VC",Plan 12.09.,,I,"Strukturprüfung, Zählkontrolle"
S01.NZEIL.X.X.ALL.X,S01,NZEIL,X,X,ALL,X,1,Zeilen der Versuchsdaten,Plan 12.09.,,I,"Strukturprüfung, Zählkontrolle"
S01.NMELD.FB.X.ALL.X,S01,NMELD,FB,X,ALL,X,1,Zeilen des Fragebogen-Rohexports,Plan 12.09.,,I,"Strukturprüfung, Zählkontrolle"
S02.NAUSL.X.PRE.ALL.X,S02,NAUSL,X,PRE,ALL,X,1,Zahl auslösegestörter Sprintläufe,"Plan 12.09., K4 nachträglich",,I,"Strukturprüfung, Zählkontrolle"
S02.NAUSL.X.POST.ALL.X,S02,NAUSL,X,POST,ALL,X,1,Zahl auslösegestörter Sprintläufe,"Plan 12.09., K4 nachträglich",,I,"Strukturprüfung, Zählkontrolle"
S02.NGUELT.Z05.PRE.ALL.X,S02,NGUELT,Z05,PRE,ALL,X,1,"Zahl gültiger Versuche, Sprint 5 m",Plan 12.09.,,I,"Strukturprüfung, Zählkontrolle"
S02.NGUELT.Z05.POST.ALL.X,S02,NGUELT,Z05,POST,ALL,X,1,"Zahl gültiger Versuche, Sprint 5 m",Plan 12.09.,,I,"Strukturprüfung, Zählkontrolle"
S02.NGUELT.Z10.PRE.ALL.X,S02,NGUELT,Z10,PRE,ALL,X,1,"Zahl gültiger Versuche, Sprint 10 m",Plan 12.09.,,I,"Strukturprüfung, Zählkontrolle"
S02.NGUELT.Z10.POST.ALL.X,S02,NGUELT,Z10,POST,ALL,X,1,"Zahl gültiger Versuche, Sprint 10 m",Plan 12.09.,,I,"Strukturprüfung, Zählkontrolle"
S02.NGUELT.Z30.PRE.ALL.X,S02,NGUELT,Z30,PRE,ALL,X,1,"Zahl gültiger Versuche, Sprint 30 m",Plan 12.09.,,I,"Strukturprüfung, Zählkontrolle"
S02.NGUELT.Z30.POST.ALL.X,S02,NGUELT,Z30,POST,ALL,X,1,"Zahl gültiger Versuche, Sprint 30 m",Plan 12.09.,,I,"Strukturprüfung, Zählkontrolle"
S02.NGUELT.SBJ.PRE.ALL.X,S02,NGUELT,SBJ,PRE,ALL,X,1,"Zahl gültiger Versuche, Standweitsprung",Plan 12.09.,,I,"Strukturprüfung, Zählkontrolle"
S02.NGUELT.SBJ.POST.ALL.X,S02,NGUELT,SBJ,POST,ALL,X,1,"Zahl gültiger Versuche, Standweitsprung",Plan 12.09.,,I,"Strukturprüfung, Zählkontrolle"
S02.NGUELT.CL.PRE.ALL.X,S02,NGUELT,CL,PRE,ALL,X,1,"Zahl gültiger Versuche, 505 links",Plan 12.09.,,I,"Strukturprüfung, Zählkontrolle"
S02.NGUELT.CL.POST.ALL.X,S02,NGUELT,CL,POST,ALL,X,1,"Zahl gültiger Versuche, 505 links",Plan 12.09.,,I,"Strukturprüfung, Zählkontrolle"
S02.NGUELT.CR.PRE.ALL.X,S02,NGUELT,CR,PRE,ALL,X,1,"Zahl gültiger Versuche, 505 rechts",Plan 12.09.,,I,"Strukturprüfung, Zählkontrolle"
S02.NGUELT.CR.POST.ALL.X,S02,NGUELT,CR,POST,ALL,X,1,"Zahl gültiger Versuche, 505 rechts",Plan 12.09.,,I,"Strukturprüfung, Zählkontrolle"
S03.NKAT.Z05.PRE.IG.TECH,S03,NKAT,Z05,PRE,IG,TECH,1,"Zahl ungültiger Versuchszeilen der Kategorie TECH, Sprint 5 m","Plan 12.09., K5 nachträglich",,A,Tab. H1 Ausfallmechanismen
S03.NKAT.Z05.PRE.IG.ZEIT,S03,NKAT,Z05,PRE,IG,ZEIT,1,"Zahl ungültiger Versuchszeilen der Kategorie ZEIT, Sprint 5 m","Plan 12.09., K5 nachträglich",,A,Tab. H1 Ausfallmechanismen
S03.NKAT.Z05.PRE.IG.FEHL,S03,NKAT,Z05,PRE,IG,FEHL,1,"Zahl ungültiger Versuchszeilen der Kategorie FEHL, Sprint 5 m","Plan 12.09., K5 nachträglich",,A,Tab. H1 Ausfallmechanismen
S03.NKAT.Z05.PRE.IG.FALSCH,S03,NKAT,Z05,PRE,IG,FALSCH,1,"Zahl ungültiger Versuchszeilen der Kategorie FALSCH, Sprint 5 m","Plan 12.09., K5 nachträglich",,A,Tab. H1 Ausfallmechanismen
S03.NKAT.Z05.PRE.IG.AUSL,S03,NKAT,Z05,PRE,IG,AUSL,1,"Zahl ungültiger Versuchszeilen der Kategorie AUSL, Sprint 5 m","Plan 12.09., K5 nachträglich",,A,Tab. H1 Ausfallmechanismen
S03.NKAT.Z05.PRE.KG.TECH,S03,NKAT,Z05,PRE,KG,TECH,1,"Zahl ungültiger Versuchszeilen der Kategorie TECH, Sprint 5 m","Plan 12.09., K5 nachträglich",,A,Tab. H1 Ausfallmechanismen
S03.NKAT.Z05.PRE.KG.ZEIT,S03,NKAT,Z05,PRE,KG,ZEIT,1,"Zahl ungültiger Versuchszeilen der Kategorie ZEIT, Sprint 5 m","Plan 12.09., K5 nachträglich",,A,Tab. H1 Ausfallmechanismen
S03.NKAT.Z05.PRE.KG.FEHL,S03,NKAT,Z05,PRE,KG,FEHL,1,"Zahl ungültiger Versuchszeilen der Kategorie FEHL, Sprint 5 m","Plan 12.09., K5 nachträglich",,A,Tab. H1 Ausfallmechanismen
S03.NKAT.Z05.PRE.KG.FALSCH,S03,NKAT,Z05,PRE,KG,FALSCH,1,"Zahl ungültiger Versuchszeilen der Kategorie FALSCH, Sprint 5 m","Plan 12.09., K5 nachträglich",,A,Tab. H1 Ausfallmechanismen
S03.NKAT.Z05.PRE.KG.AUSL,S03,NKAT,Z05,PRE,KG,AUSL,1,"Zahl ungültiger Versuchszeilen der Kategorie AUSL, Sprint 5 m","Plan 12.09., K5 nachträglich",,A,Tab. H1 Ausfallmechanismen
S03.NKAT.Z05.POST.IG.TECH,S03,NKAT,Z05,POST,IG,TECH,1,"Zahl ungültiger Versuchszeilen der Kategorie TECH, Sprint 5 m","Plan 12.09., K5 nachträglich",,A,Tab. H1 Ausfallmechanismen
S03.NKAT.Z05.POST.IG.ZEIT,S03,NKAT,Z05,POST,IG,ZEIT,1,"Zahl ungültiger Versuchszeilen der Kategorie ZEIT, Sprint 5 m","Plan 12.09., K5 nachträglich",,A,Tab. H1 Ausfallmechanismen
S03.NKAT.Z05.POST.IG.FEHL,S03,NKAT,Z05,POST,IG,FEHL,1,"Zahl ungültiger Versuchszeilen der Kategorie FEHL, Sprint 5 m","Plan 12.09., K5 nachträglich",,A,Tab. H1 Ausfallmechanismen
S03.NKAT.Z05.POST.IG.FALSCH,S03,NKAT,Z05,POST,IG,FALSCH,1,"Zahl ungültiger Versuchszeilen der Kategorie FALSCH, Sprint 5 m","Plan 12.09., K5 nachträglich",,A,Tab. H1 Ausfallmechanismen
S03.NKAT.Z05.POST.IG.NANG,S03,NKAT,Z05,POST,IG,NANG,1,"Zahl ungültiger Versuchszeilen der Kategorie NANG, Sprint 5 m","Plan 12.09., K5 nachträglich",,A,Tab. H1 Ausfallmechanismen
S03.NKAT.Z05.POST.IG.AUSL,S03,NKAT,Z05,POST,IG,AUSL,1,"Zahl ungültiger Versuchszeilen der Kategorie AUSL, Sprint 5 m","Plan 12.09., K5 nachträglich",,A,Tab. H1 Ausfallmechanismen
S03.NKAT.Z05.POST.KG.TECH,S03,NKAT,Z05,POST,KG,TECH,1,"Zahl ungültiger Versuchszeilen der Kategorie TECH, Sprint 5 m","Plan 12.09., K5 nachträglich",,A,Tab. H1 Ausfallmechanismen
S03.NKAT.Z05.POST.KG.ZEIT,S03,NKAT,Z05,POST,KG,ZEIT,1,"Zahl ungültiger Versuchszeilen der Kategorie ZEIT, Sprint 5 m","Plan 12.09., K5 nachträglich",,A,Tab. H1 Ausfallmechanismen
S03.NKAT.Z05.POST.KG.FEHL,S03,NKAT,Z05,POST,KG,FEHL,1,"Zahl ungültiger Versuchszeilen der Kategorie FEHL, Sprint 5 m","Plan 12.09., K5 nachträglich",,A,Tab. H1 Ausfallmechanismen
S03.NKAT.Z05.POST.KG.FALSCH,S03,NKAT,Z05,POST,KG,FALSCH,1,"Zahl ungültiger Versuchszeilen der Kategorie FALSCH, Sprint 5 m","Plan 12.09., K5 nachträglich",,A,Tab. H1 Ausfallmechanismen
S03.NKAT.Z05.POST.KG.NANG,S03,NKAT,Z05,POST,KG,NANG,1,"Zahl ungültiger Versuchszeilen der Kategorie NANG, Sprint 5 m","Plan 12.09., K5 nachträglich",,A,Tab. H1 Ausfallmechanismen
S03.NKAT.Z05.POST.KG.AUSL,S03,NKAT,Z05,POST,KG,AUSL,1,"Zahl ungültiger Versuchszeilen der Kategorie AUSL, Sprint 5 m","Plan 12.09., K5 nachträglich",,A,Tab. H1 Ausfallmechanismen
S03.NKAT.Z10.PRE.IG.TECH,S03,NKAT,Z10,PRE,IG,TECH,1,"Zahl ungültiger Versuchszeilen der Kategorie TECH, Sprint 10 m","Plan 12.09., K5 nachträglich",,A,Tab. H1 Ausfallmechanismen
S03.NKAT.Z10.PRE.IG.ZEIT,S03,NKAT,Z10,PRE,IG,ZEIT,1,"Zahl ungültiger Versuchszeilen der Kategorie ZEIT, Sprint 10 m","Plan 12.09., K5 nachträglich",,A,Tab. H1 Ausfallmechanismen
S03.NKAT.Z10.PRE.IG.FEHL,S03,NKAT,Z10,PRE,IG,FEHL,1,"Zahl ungültiger Versuchszeilen der Kategorie FEHL, Sprint 10 m","Plan 12.09., K5 nachträglich",,A,Tab. H1 Ausfallmechanismen
S03.NKAT.Z10.PRE.IG.FALSCH,S03,NKAT,Z10,PRE,IG,FALSCH,1,"Zahl ungültiger Versuchszeilen der Kategorie FALSCH, Sprint 10 m","Plan 12.09., K5 nachträglich",,A,Tab. H1 Ausfallmechanismen
S03.NKAT.Z10.PRE.IG.AUSL,S03,NKAT,Z10,PRE,IG,AUSL,1,"Zahl ungültiger Versuchszeilen der Kategorie AUSL, Sprint 10 m","Plan 12.09., K5 nachträglich",,A,Tab. H1 Ausfallmechanismen
S03.NKAT.Z10.PRE.KG.TECH,S03,NKAT,Z10,PRE,KG,TECH,1,"Zahl ungültiger Versuchszeilen der Kategorie TECH, Sprint 10 m","Plan 12.09., K5 nachträglich",,A,Tab. H1 Ausfallmechanismen
S03.NKAT.Z10.PRE.KG.ZEIT,S03,NKAT,Z10,PRE,KG,ZEIT,1,"Zahl ungültiger Versuchszeilen der Kategorie ZEIT, Sprint 10 m","Plan 12.09., K5 nachträglich",,A,Tab. H1 Ausfallmechanismen
S03.NKAT.Z10.PRE.KG.FEHL,S03,NKAT,Z10,PRE,KG,FEHL,1,"Zahl ungültiger Versuchszeilen der Kategorie FEHL, Sprint 10 m","Plan 12.09., K5 nachträglich",,A,Tab. H1 Ausfallmechanismen
S03.NKAT.Z10.PRE.KG.FALSCH,S03,NKAT,Z10,PRE,KG,FALSCH,1,"Zahl ungültiger Versuchszeilen der Kategorie FALSCH, Sprint 10 m","Plan 12.09., K5 nachträglich",,A,Tab. H1 Ausfallmechanismen
S03.NKAT.Z10.PRE.KG.AUSL,S03,NKAT,Z10,PRE,KG,AUSL,1,"Zahl ungültiger Versuchszeilen der Kategorie AUSL, Sprint 10 m","Plan 12.09., K5 nachträglich",,A,Tab. H1 Ausfallmechanismen
S03.NKAT.Z10.POST.IG.TECH,S03,NKAT,Z10,POST,IG,TECH,1,"Zahl ungültiger Versuchszeilen der Kategorie TECH, Sprint 10 m","Plan 12.09., K5 nachträglich",,A,Tab. H1 Ausfallmechanismen
S03.NKAT.Z10.POST.IG.ZEIT,S03,NKAT,Z10,POST,IG,ZEIT,1,"Zahl ungültiger Versuchszeilen der Kategorie ZEIT, Sprint 10 m","Plan 12.09., K5 nachträglich",,A,Tab. H1 Ausfallmechanismen
S03.NKAT.Z10.POST.IG.FEHL,S03,NKAT,Z10,POST,IG,FEHL,1,"Zahl ungültiger Versuchszeilen der Kategorie FEHL, Sprint 10 m","Plan 12.09., K5 nachträglich",,A,Tab. H1 Ausfallmechanismen
S03.NKAT.Z10.POST.IG.FALSCH,S03,NKAT,Z10,POST,IG,FALSCH,1,"Zahl ungültiger Versuchszeilen der Kategorie FALSCH, Sprint 10 m","Plan 12.09., K5 nachträglich",,A,Tab. H1 Ausfallmechanismen
S03.NKAT.Z10.POST.IG.NANG,S03,NKAT,Z10,POST,IG,NANG,1,"Zahl ungültiger Versuchszeilen der Kategorie NANG, Sprint 10 m","Plan 12.09., K5 nachträglich",,A,Tab. H1 Ausfallmechanismen
S03.NKAT.Z10.POST.IG.AUSL,S03,NKAT,Z10,POST,IG,AUSL,1,"Zahl ungültiger Versuchszeilen der Kategorie AUSL, Sprint 10 m","Plan 12.09., K5 nachträglich",,A,Tab. H1 Ausfallmechanismen
S03.NKAT.Z10.POST.KG.TECH,S03,NKAT,Z10,POST,KG,TECH,1,"Zahl ungültiger Versuchszeilen der Kategorie TECH, Sprint 10 m","Plan 12.09., K5 nachträglich",,A,Tab. H1 Ausfallmechanismen
S03.NKAT.Z10.POST.KG.ZEIT,S03,NKAT,Z10,POST,KG,ZEIT,1,"Zahl ungültiger Versuchszeilen der Kategorie ZEIT, Sprint 10 m","Plan 12.09., K5 nachträglich",,A,Tab. H1 Ausfallmechanismen
S03.NKAT.Z10.POST.KG.FEHL,S03,NKAT,Z10,POST,KG,FEHL,1,"Zahl ungültiger Versuchszeilen der Kategorie FEHL, Sprint 10 m","Plan 12.09., K5 nachträglich",,A,Tab. H1 Ausfallmechanismen
S03.NKAT.Z10.POST.KG.FALSCH,S03,NKAT,Z10,POST,KG,FALSCH,1,"Zahl ungültiger Versuchszeilen der Kategorie FALSCH, Sprint 10 m","Plan 12.09., K5 nachträglich",,A,Tab. H1 Ausfallmechanismen
S03.NKAT.Z10.POST.KG.NANG,S03,NKAT,Z10,POST,KG,NANG,1,"Zahl ungültiger Versuchszeilen der Kategorie NANG, Sprint 10 m","Plan 12.09., K5 nachträglich",,A,Tab. H1 Ausfallmechanismen
S03.NKAT.Z10.POST.KG.AUSL,S03,NKAT,Z10,POST,KG,AUSL,1,"Zahl ungültiger Versuchszeilen der Kategorie AUSL, Sprint 10 m","Plan 12.09., K5 nachträglich",,A,Tab. H1 Ausfallmechanismen
S03.NKAT.Z30.PRE.IG.TECH,S03,NKAT,Z30,PRE,IG,TECH,1,"Zahl ungültiger Versuchszeilen der Kategorie TECH, Sprint 30 m","Plan 12.09., K5 nachträglich",,A,Tab. H1 Ausfallmechanismen
S03.NKAT.Z30.PRE.IG.ZEIT,S03,NKAT,Z30,PRE,IG,ZEIT,1,"Zahl ungültiger Versuchszeilen der Kategorie ZEIT, Sprint 30 m","Plan 12.09., K5 nachträglich",,A,Tab. H1 Ausfallmechanismen
S03.NKAT.Z30.PRE.IG.FEHL,S03,NKAT,Z30,PRE,IG,FEHL,1,"Zahl ungültiger Versuchszeilen der Kategorie FEHL, Sprint 30 m","Plan 12.09., K5 nachträglich",,A,Tab. H1 Ausfallmechanismen
S03.NKAT.Z30.PRE.IG.FALSCH,S03,NKAT,Z30,PRE,IG,FALSCH,1,"Zahl ungültiger Versuchszeilen der Kategorie FALSCH, Sprint 30 m","Plan 12.09., K5 nachträglich",,A,Tab. H1 Ausfallmechanismen
S03.NKAT.Z30.PRE.IG.AUSL,S03,NKAT,Z30,PRE,IG,AUSL,1,"Zahl ungültiger Versuchszeilen der Kategorie AUSL, Sprint 30 m","Plan 12.09., K5 nachträglich",,A,Tab. H1 Ausfallmechanismen
S03.NKAT.Z30.PRE.KG.TECH,S03,NKAT,Z30,PRE,KG,TECH,1,"Zahl ungültiger Versuchszeilen der Kategorie TECH, Sprint 30 m","Plan 12.09., K5 nachträglich",,A,Tab. H1 Ausfallmechanismen
S03.NKAT.Z30.PRE.KG.ZEIT,S03,NKAT,Z30,PRE,KG,ZEIT,1,"Zahl ungültiger Versuchszeilen der Kategorie ZEIT, Sprint 30 m","Plan 12.09., K5 nachträglich",,A,Tab. H1 Ausfallmechanismen
S03.NKAT.Z30.PRE.KG.FEHL,S03,NKAT,Z30,PRE,KG,FEHL,1,"Zahl ungültiger Versuchszeilen der Kategorie FEHL, Sprint 30 m","Plan 12.09., K5 nachträglich",,A,Tab. H1 Ausfallmechanismen
S03.NKAT.Z30.PRE.KG.FALSCH,S03,NKAT,Z30,PRE,KG,FALSCH,1,"Zahl ungültiger Versuchszeilen der Kategorie FALSCH, Sprint 30 m","Plan 12.09., K5 nachträglich",,A,Tab. H1 Ausfallmechanismen
S03.NKAT.Z30.PRE.KG.AUSL,S03,NKAT,Z30,PRE,KG,AUSL,1,"Zahl ungültiger Versuchszeilen der Kategorie AUSL, Sprint 30 m","Plan 12.09., K5 nachträglich",,A,Tab. H1 Ausfallmechanismen
S03.NKAT.Z30.POST.IG.TECH,S03,NKAT,Z30,POST,IG,TECH,1,"Zahl ungültiger Versuchszeilen der Kategorie TECH, Sprint 30 m","Plan 12.09., K5 nachträglich",,A,Tab. H1 Ausfallmechanismen
S03.NKAT.Z30.POST.IG.ZEIT,S03,NKAT,Z30,POST,IG,ZEIT,1,"Zahl ungültiger Versuchszeilen der Kategorie ZEIT, Sprint 30 m","Plan 12.09., K5 nachträglich",,A,Tab. H1 Ausfallmechanismen
S03.NKAT.Z30.POST.IG.FEHL,S03,NKAT,Z30,POST,IG,FEHL,1,"Zahl ungültiger Versuchszeilen der Kategorie FEHL, Sprint 30 m","Plan 12.09., K5 nachträglich",,A,Tab. H1 Ausfallmechanismen
S03.NKAT.Z30.POST.IG.FALSCH,S03,NKAT,Z30,POST,IG,FALSCH,1,"Zahl ungültiger Versuchszeilen der Kategorie FALSCH, Sprint 30 m","Plan 12.09., K5 nachträglich",,A,Tab. H1 Ausfallmechanismen
S03.NKAT.Z30.POST.IG.NANG,S03,NKAT,Z30,POST,IG,NANG,1,"Zahl ungültiger Versuchszeilen der Kategorie NANG, Sprint 30 m","Plan 12.09., K5 nachträglich",,A,Tab. H1 Ausfallmechanismen
S03.NKAT.Z30.POST.IG.AUSL,S03,NKAT,Z30,POST,IG,AUSL,1,"Zahl ungültiger Versuchszeilen der Kategorie AUSL, Sprint 30 m","Plan 12.09., K5 nachträglich",,A,Tab. H1 Ausfallmechanismen
S03.NKAT.Z30.POST.KG.TECH,S03,NKAT,Z30,POST,KG,TECH,1,"Zahl ungültiger Versuchszeilen der Kategorie TECH, Sprint 30 m","Plan 12.09., K5 nachträglich",,A,Tab. H1 Ausfallmechanismen
S03.NKAT.Z30.POST.KG.ZEIT,S03,NKAT,Z30,POST,KG,ZEIT,1,"Zahl ungültiger Versuchszeilen der Kategorie ZEIT, Sprint 30 m","Plan 12.09., K5 nachträglich",,A,Tab. H1 Ausfallmechanismen
S03.NKAT.Z30.POST.KG.FEHL,S03,NKAT,Z30,POST,KG,FEHL,1,"Zahl ungültiger Versuchszeilen der Kategorie FEHL, Sprint 30 m","Plan 12.09., K5 nachträglich",,A,Tab. H1 Ausfallmechanismen
S03.NKAT.Z30.POST.KG.FALSCH,S03,NKAT,Z30,POST,KG,FALSCH,1,"Zahl ungültiger Versuchszeilen der Kategorie FALSCH, Sprint 30 m","Plan 12.09., K5 nachträglich",,A,Tab. H1 Ausfallmechanismen
S03.NKAT.Z30.POST.KG.NANG,S03,NKAT,Z30,POST,KG,NANG,1,"Zahl ungültiger Versuchszeilen der Kategorie NANG, Sprint 30 m","Plan 12.09., K5 nachträglich",,A,Tab. H1 Ausfallmechanismen
S03.NKAT.Z30.POST.KG.AUSL,S03,NKAT,Z30,POST,KG,AUSL,1,"Zahl ungültiger Versuchszeilen der Kategorie AUSL, Sprint 30 m","Plan 12.09., K5 nachträglich",,A,Tab. H1 Ausfallmechanismen
S03.NKAT.SBJ.PRE.IG.TECH,S03,NKAT,SBJ,PRE,IG,TECH,1,"Zahl ungültiger Versuchszeilen der Kategorie TECH, Standweitsprung","Plan 12.09., K5 nachträglich",,A,Tab. H1 Ausfallmechanismen
S03.NKAT.SBJ.PRE.IG.ZEIT,S03,NKAT,SBJ,PRE,IG,ZEIT,1,"Zahl ungültiger Versuchszeilen der Kategorie ZEIT, Standweitsprung","Plan 12.09., K5 nachträglich",,A,Tab. H1 Ausfallmechanismen
S03.NKAT.SBJ.PRE.IG.FEHL,S03,NKAT,SBJ,PRE,IG,FEHL,1,"Zahl ungültiger Versuchszeilen der Kategorie FEHL, Standweitsprung","Plan 12.09., K5 nachträglich",,A,Tab. H1 Ausfallmechanismen
S03.NKAT.SBJ.PRE.IG.FALSCH,S03,NKAT,SBJ,PRE,IG,FALSCH,1,"Zahl ungültiger Versuchszeilen der Kategorie FALSCH, Standweitsprung","Plan 12.09., K5 nachträglich",,A,Tab. H1 Ausfallmechanismen
S03.NKAT.SBJ.PRE.IG.AUSL,S03,NKAT,SBJ,PRE,IG,AUSL,1,"Zahl ungültiger Versuchszeilen der Kategorie AUSL, Standweitsprung","Plan 12.09., K5 nachträglich",,A,Tab. H1 Ausfallmechanismen
S03.NKAT.SBJ.PRE.KG.TECH,S03,NKAT,SBJ,PRE,KG,TECH,1,"Zahl ungültiger Versuchszeilen der Kategorie TECH, Standweitsprung","Plan 12.09., K5 nachträglich",,A,Tab. H1 Ausfallmechanismen
S03.NKAT.SBJ.PRE.KG.ZEIT,S03,NKAT,SBJ,PRE,KG,ZEIT,1,"Zahl ungültiger Versuchszeilen der Kategorie ZEIT, Standweitsprung","Plan 12.09., K5 nachträglich",,A,Tab. H1 Ausfallmechanismen
S03.NKAT.SBJ.PRE.KG.FEHL,S03,NKAT,SBJ,PRE,KG,FEHL,1,"Zahl ungültiger Versuchszeilen der Kategorie FEHL, Standweitsprung","Plan 12.09., K5 nachträglich",,A,Tab. H1 Ausfallmechanismen
S03.NKAT.SBJ.PRE.KG.FALSCH,S03,NKAT,SBJ,PRE,KG,FALSCH,1,"Zahl ungültiger Versuchszeilen der Kategorie FALSCH, Standweitsprung","Plan 12.09., K5 nachträglich",,A,Tab. H1 Ausfallmechanismen
S03.NKAT.SBJ.PRE.KG.AUSL,S03,NKAT,SBJ,PRE,KG,AUSL,1,"Zahl ungültiger Versuchszeilen der Kategorie AUSL, Standweitsprung","Plan 12.09., K5 nachträglich",,A,Tab. H1 Ausfallmechanismen
S03.NKAT.SBJ.POST.IG.TECH,S03,NKAT,SBJ,POST,IG,TECH,1,"Zahl ungültiger Versuchszeilen der Kategorie TECH, Standweitsprung","Plan 12.09., K5 nachträglich",,A,Tab. H1 Ausfallmechanismen
S03.NKAT.SBJ.POST.IG.ZEIT,S03,NKAT,SBJ,POST,IG,ZEIT,1,"Zahl ungültiger Versuchszeilen der Kategorie ZEIT, Standweitsprung","Plan 12.09., K5 nachträglich",,A,Tab. H1 Ausfallmechanismen
S03.NKAT.SBJ.POST.IG.FEHL,S03,NKAT,SBJ,POST,IG,FEHL,1,"Zahl ungültiger Versuchszeilen der Kategorie FEHL, Standweitsprung","Plan 12.09., K5 nachträglich",,A,Tab. H1 Ausfallmechanismen
S03.NKAT.SBJ.POST.IG.FALSCH,S03,NKAT,SBJ,POST,IG,FALSCH,1,"Zahl ungültiger Versuchszeilen der Kategorie FALSCH, Standweitsprung","Plan 12.09., K5 nachträglich",,A,Tab. H1 Ausfallmechanismen
S03.NKAT.SBJ.POST.IG.NANG,S03,NKAT,SBJ,POST,IG,NANG,1,"Zahl ungültiger Versuchszeilen der Kategorie NANG, Standweitsprung","Plan 12.09., K5 nachträglich",,A,Tab. H1 Ausfallmechanismen
S03.NKAT.SBJ.POST.IG.AUSL,S03,NKAT,SBJ,POST,IG,AUSL,1,"Zahl ungültiger Versuchszeilen der Kategorie AUSL, Standweitsprung","Plan 12.09., K5 nachträglich",,A,Tab. H1 Ausfallmechanismen
S03.NKAT.SBJ.POST.KG.TECH,S03,NKAT,SBJ,POST,KG,TECH,1,"Zahl ungültiger Versuchszeilen der Kategorie TECH, Standweitsprung","Plan 12.09., K5 nachträglich",,A,Tab. H1 Ausfallmechanismen
S03.NKAT.SBJ.POST.KG.ZEIT,S03,NKAT,SBJ,POST,KG,ZEIT,1,"Zahl ungültiger Versuchszeilen der Kategorie ZEIT, Standweitsprung","Plan 12.09., K5 nachträglich",,A,Tab. H1 Ausfallmechanismen
S03.NKAT.SBJ.POST.KG.FEHL,S03,NKAT,SBJ,POST,KG,FEHL,1,"Zahl ungültiger Versuchszeilen der Kategorie FEHL, Standweitsprung","Plan 12.09., K5 nachträglich",,A,Tab. H1 Ausfallmechanismen
S03.NKAT.SBJ.POST.KG.FALSCH,S03,NKAT,SBJ,POST,KG,FALSCH,1,"Zahl ungültiger Versuchszeilen der Kategorie FALSCH, Standweitsprung","Plan 12.09., K5 nachträglich",,A,Tab. H1 Ausfallmechanismen
S03.NKAT.SBJ.POST.KG.NANG,S03,NKAT,SBJ,POST,KG,NANG,1,"Zahl ungültiger Versuchszeilen der Kategorie NANG, Standweitsprung","Plan 12.09., K5 nachträglich",,A,Tab. H1 Ausfallmechanismen
S03.NKAT.SBJ.POST.KG.AUSL,S03,NKAT,SBJ,POST,KG,AUSL,1,"Zahl ungültiger Versuchszeilen der Kategorie AUSL, Standweitsprung","Plan 12.09., K5 nachträglich",,A,Tab. H1 Ausfallmechanismen
S03.NKAT.CL.PRE.IG.TECH,S03,NKAT,CL,PRE,IG,TECH,1,"Zahl ungültiger Versuchszeilen der Kategorie TECH, 505 links","Plan 12.09., K5 nachträglich",,A,Tab. H1 Ausfallmechanismen
S03.NKAT.CL.PRE.IG.ZEIT,S03,NKAT,CL,PRE,IG,ZEIT,1,"Zahl ungültiger Versuchszeilen der Kategorie ZEIT, 505 links","Plan 12.09., K5 nachträglich",,A,Tab. H1 Ausfallmechanismen
S03.NKAT.CL.PRE.IG.FEHL,S03,NKAT,CL,PRE,IG,FEHL,1,"Zahl ungültiger Versuchszeilen der Kategorie FEHL, 505 links","Plan 12.09., K5 nachträglich",,A,Tab. H1 Ausfallmechanismen
S03.NKAT.CL.PRE.IG.FALSCH,S03,NKAT,CL,PRE,IG,FALSCH,1,"Zahl ungültiger Versuchszeilen der Kategorie FALSCH, 505 links","Plan 12.09., K5 nachträglich",,A,Tab. H1 Ausfallmechanismen
S03.NKAT.CL.PRE.IG.AUSL,S03,NKAT,CL,PRE,IG,AUSL,1,"Zahl ungültiger Versuchszeilen der Kategorie AUSL, 505 links","Plan 12.09., K5 nachträglich",,A,Tab. H1 Ausfallmechanismen
S03.NKAT.CL.PRE.KG.TECH,S03,NKAT,CL,PRE,KG,TECH,1,"Zahl ungültiger Versuchszeilen der Kategorie TECH, 505 links","Plan 12.09., K5 nachträglich",,A,Tab. H1 Ausfallmechanismen
S03.NKAT.CL.PRE.KG.ZEIT,S03,NKAT,CL,PRE,KG,ZEIT,1,"Zahl ungültiger Versuchszeilen der Kategorie ZEIT, 505 links","Plan 12.09., K5 nachträglich",,A,Tab. H1 Ausfallmechanismen
S03.NKAT.CL.PRE.KG.FEHL,S03,NKAT,CL,PRE,KG,FEHL,1,"Zahl ungültiger Versuchszeilen der Kategorie FEHL, 505 links","Plan 12.09., K5 nachträglich",,A,Tab. H1 Ausfallmechanismen
S03.NKAT.CL.PRE.KG.FALSCH,S03,NKAT,CL,PRE,KG,FALSCH,1,"Zahl ungültiger Versuchszeilen der Kategorie FALSCH, 505 links","Plan 12.09., K5 nachträglich",,A,Tab. H1 Ausfallmechanismen
S03.NKAT.CL.PRE.KG.AUSL,S03,NKAT,CL,PRE,KG,AUSL,1,"Zahl ungültiger Versuchszeilen der Kategorie AUSL, 505 links","Plan 12.09., K5 nachträglich",,A,Tab. H1 Ausfallmechanismen
S03.NKAT.CL.POST.IG.TECH,S03,NKAT,CL,POST,IG,TECH,1,"Zahl ungültiger Versuchszeilen der Kategorie TECH, 505 links","Plan 12.09., K5 nachträglich",,A,Tab. H1 Ausfallmechanismen
S03.NKAT.CL.POST.IG.ZEIT,S03,NKAT,CL,POST,IG,ZEIT,1,"Zahl ungültiger Versuchszeilen der Kategorie ZEIT, 505 links","Plan 12.09., K5 nachträglich",,A,Tab. H1 Ausfallmechanismen
S03.NKAT.CL.POST.IG.FEHL,S03,NKAT,CL,POST,IG,FEHL,1,"Zahl ungültiger Versuchszeilen der Kategorie FEHL, 505 links","Plan 12.09., K5 nachträglich",,A,Tab. H1 Ausfallmechanismen
S03.NKAT.CL.POST.IG.FALSCH,S03,NKAT,CL,POST,IG,FALSCH,1,"Zahl ungültiger Versuchszeilen der Kategorie FALSCH, 505 links","Plan 12.09., K5 nachträglich",,A,Tab. H1 Ausfallmechanismen
S03.NKAT.CL.POST.IG.NANG,S03,NKAT,CL,POST,IG,NANG,1,"Zahl ungültiger Versuchszeilen der Kategorie NANG, 505 links","Plan 12.09., K5 nachträglich",,A,Tab. H1 Ausfallmechanismen
S03.NKAT.CL.POST.IG.AUSL,S03,NKAT,CL,POST,IG,AUSL,1,"Zahl ungültiger Versuchszeilen der Kategorie AUSL, 505 links","Plan 12.09., K5 nachträglich",,A,Tab. H1 Ausfallmechanismen
S03.NKAT.CL.POST.KG.TECH,S03,NKAT,CL,POST,KG,TECH,1,"Zahl ungültiger Versuchszeilen der Kategorie TECH, 505 links","Plan 12.09., K5 nachträglich",,A,Tab. H1 Ausfallmechanismen
S03.NKAT.CL.POST.KG.ZEIT,S03,NKAT,CL,POST,KG,ZEIT,1,"Zahl ungültiger Versuchszeilen der Kategorie ZEIT, 505 links","Plan 12.09., K5 nachträglich",,A,Tab. H1 Ausfallmechanismen
S03.NKAT.CL.POST.KG.FEHL,S03,NKAT,CL,POST,KG,FEHL,1,"Zahl ungültiger Versuchszeilen der Kategorie FEHL, 505 links","Plan 12.09., K5 nachträglich",,A,Tab. H1 Ausfallmechanismen
S03.NKAT.CL.POST.KG.FALSCH,S03,NKAT,CL,POST,KG,FALSCH,1,"Zahl ungültiger Versuchszeilen der Kategorie FALSCH, 505 links","Plan 12.09., K5 nachträglich",,A,Tab. H1 Ausfallmechanismen
S03.NKAT.CL.POST.KG.NANG,S03,NKAT,CL,POST,KG,NANG,1,"Zahl ungültiger Versuchszeilen der Kategorie NANG, 505 links","Plan 12.09., K5 nachträglich",,A,Tab. H1 Ausfallmechanismen
S03.NKAT.CL.POST.KG.AUSL,S03,NKAT,CL,POST,KG,AUSL,1,"Zahl ungültiger Versuchszeilen der Kategorie AUSL, 505 links","Plan 12.09., K5 nachträglich",,A,Tab. H1 Ausfallmechanismen
S03.NKAT.CR.PRE.IG.TECH,S03,NKAT,CR,PRE,IG,TECH,1,"Zahl ungültiger Versuchszeilen der Kategorie TECH, 505 rechts","Plan 12.09., K5 nachträglich",,A,Tab. H1 Ausfallmechanismen
S03.NKAT.CR.PRE.IG.ZEIT,S03,NKAT,CR,PRE,IG,ZEIT,1,"Zahl ungültiger Versuchszeilen der Kategorie ZEIT, 505 rechts","Plan 12.09., K5 nachträglich",,A,Tab. H1 Ausfallmechanismen
S03.NKAT.CR.PRE.IG.FEHL,S03,NKAT,CR,PRE,IG,FEHL,1,"Zahl ungültiger Versuchszeilen der Kategorie FEHL, 505 rechts","Plan 12.09., K5 nachträglich",,A,Tab. H1 Ausfallmechanismen
S03.NKAT.CR.PRE.IG.FALSCH,S03,NKAT,CR,PRE,IG,FALSCH,1,"Zahl ungültiger Versuchszeilen der Kategorie FALSCH, 505 rechts","Plan 12.09., K5 nachträglich",,A,Tab. H1 Ausfallmechanismen
S03.NKAT.CR.PRE.IG.AUSL,S03,NKAT,CR,PRE,IG,AUSL,1,"Zahl ungültiger Versuchszeilen der Kategorie AUSL, 505 rechts","Plan 12.09., K5 nachträglich",,A,Tab. H1 Ausfallmechanismen
S03.NKAT.CR.PRE.KG.TECH,S03,NKAT,CR,PRE,KG,TECH,1,"Zahl ungültiger Versuchszeilen der Kategorie TECH, 505 rechts","Plan 12.09., K5 nachträglich",,A,Tab. H1 Ausfallmechanismen
S03.NKAT.CR.PRE.KG.ZEIT,S03,NKAT,CR,PRE,KG,ZEIT,1,"Zahl ungültiger Versuchszeilen der Kategorie ZEIT, 505 rechts","Plan 12.09., K5 nachträglich",,A,Tab. H1 Ausfallmechanismen
S03.NKAT.CR.PRE.KG.FEHL,S03,NKAT,CR,PRE,KG,FEHL,1,"Zahl ungültiger Versuchszeilen der Kategorie FEHL, 505 rechts","Plan 12.09., K5 nachträglich",,A,Tab. H1 Ausfallmechanismen
S03.NKAT.CR.PRE.KG.FALSCH,S03,NKAT,CR,PRE,KG,FALSCH,1,"Zahl ungültiger Versuchszeilen der Kategorie FALSCH, 505 rechts","Plan 12.09., K5 nachträglich",,A,Tab. H1 Ausfallmechanismen
S03.NKAT.CR.PRE.KG.AUSL,S03,NKAT,CR,PRE,KG,AUSL,1,"Zahl ungültiger Versuchszeilen der Kategorie AUSL, 505 rechts","Plan 12.09., K5 nachträglich",,A,Tab. H1 Ausfallmechanismen
S03.NKAT.CR.POST.IG.TECH,S03,NKAT,CR,POST,IG,TECH,1,"Zahl ungültiger Versuchszeilen der Kategorie TECH, 505 rechts","Plan 12.09., K5 nachträglich",,A,Tab. H1 Ausfallmechanismen
S03.NKAT.CR.POST.IG.ZEIT,S03,NKAT,CR,POST,IG,ZEIT,1,"Zahl ungültiger Versuchszeilen der Kategorie ZEIT, 505 rechts","Plan 12.09., K5 nachträglich",,A,Tab. H1 Ausfallmechanismen
S03.NKAT.CR.POST.IG.FEHL,S03,NKAT,CR,POST,IG,FEHL,1,"Zahl ungültiger Versuchszeilen der Kategorie FEHL, 505 rechts","Plan 12.09., K5 nachträglich",,A,Tab. H1 Ausfallmechanismen
S03.NKAT.CR.POST.IG.FALSCH,S03,NKAT,CR,POST,IG,FALSCH,1,"Zahl ungültiger Versuchszeilen der Kategorie FALSCH, 505 rechts","Plan 12.09., K5 nachträglich",,A,Tab. H1 Ausfallmechanismen
S03.NKAT.CR.POST.IG.NANG,S03,NKAT,CR,POST,IG,NANG,1,"Zahl ungültiger Versuchszeilen der Kategorie NANG, 505 rechts","Plan 12.09., K5 nachträglich",,A,Tab. H1 Ausfallmechanismen
S03.NKAT.CR.POST.IG.AUSL,S03,NKAT,CR,POST,IG,AUSL,1,"Zahl ungültiger Versuchszeilen der Kategorie AUSL, 505 rechts","Plan 12.09., K5 nachträglich",,A,Tab. H1 Ausfallmechanismen
S03.NKAT.CR.POST.KG.TECH,S03,NKAT,CR,POST,KG,TECH,1,"Zahl ungültiger Versuchszeilen der Kategorie TECH, 505 rechts","Plan 12.09., K5 nachträglich",,A,Tab. H1 Ausfallmechanismen
S03.NKAT.CR.POST.KG.ZEIT,S03,NKAT,CR,POST,KG,ZEIT,1,"Zahl ungültiger Versuchszeilen der Kategorie ZEIT, 505 rechts","Plan 12.09., K5 nachträglich",,A,Tab. H1 Ausfallmechanismen
S03.NKAT.CR.POST.KG.FEHL,S03,NKAT,CR,POST,KG,FEHL,1,"Zahl ungültiger Versuchszeilen der Kategorie FEHL, 505 rechts","Plan 12.09., K5 nachträglich",,A,Tab. H1 Ausfallmechanismen
S03.NKAT.CR.POST.KG.FALSCH,S03,NKAT,CR,POST,KG,FALSCH,1,"Zahl ungültiger Versuchszeilen der Kategorie FALSCH, 505 rechts","Plan 12.09., K5 nachträglich",,A,Tab. H1 Ausfallmechanismen
S03.NKAT.CR.POST.KG.NANG,S03,NKAT,CR,POST,KG,NANG,1,"Zahl ungültiger Versuchszeilen der Kategorie NANG, 505 rechts","Plan 12.09., K5 nachträglich",,A,Tab. H1 Ausfallmechanismen
S03.NKAT.CR.POST.KG.AUSL,S03,NKAT,CR,POST,KG,AUSL,1,"Zahl ungültiger Versuchszeilen der Kategorie AUSL, 505 rechts","Plan 12.09., K5 nachträglich",,A,Tab. H1 Ausfallmechanismen
S04.K.Z05.PRE.P<Code>.X,S04,K,Z05,PRE,P<Code>,X,1,"Zahl gültiger Versuche je Spieler, Sprint 5 m",Plan 12.09.,ALLE,I,Zwischenwert je Spieler
S04.K.Z05.POST.P<Code>.X,S04,K,Z05,POST,P<Code>,X,1,"Zahl gültiger Versuche je Spieler, Sprint 5 m",Plan 12.09.,ALLE,I,Zwischenwert je Spieler
S04.K.Z10.PRE.P<Code>.X,S04,K,Z10,PRE,P<Code>,X,1,"Zahl gültiger Versuche je Spieler, Sprint 10 m",Plan 12.09.,ALLE,I,Zwischenwert je Spieler
S04.K.Z10.POST.P<Code>.X,S04,K,Z10,POST,P<Code>,X,1,"Zahl gültiger Versuche je Spieler, Sprint 10 m",Plan 12.09.,ALLE,I,Zwischenwert je Spieler
S04.K.Z30.PRE.P<Code>.X,S04,K,Z30,PRE,P<Code>,X,1,"Zahl gültiger Versuche je Spieler, Sprint 30 m",Plan 12.09.,ALLE,I,Zwischenwert je Spieler
S04.K.Z30.POST.P<Code>.X,S04,K,Z30,POST,P<Code>,X,1,"Zahl gültiger Versuche je Spieler, Sprint 30 m",Plan 12.09.,ALLE,I,Zwischenwert je Spieler
S04.K.SBJ.PRE.P<Code>.X,S04,K,SBJ,PRE,P<Code>,X,1,"Zahl gültiger Versuche je Spieler, Standweitsprung",Plan 12.09.,ALLE,I,Zwischenwert je Spieler
S04.K.SBJ.POST.P<Code>.X,S04,K,SBJ,POST,P<Code>,X,1,"Zahl gültiger Versuche je Spieler, Standweitsprung",Plan 12.09.,ALLE,I,Zwischenwert je Spieler
S04.K.CL.PRE.P<Code>.X,S04,K,CL,PRE,P<Code>,X,1,"Zahl gültiger Versuche je Spieler, 505 links",Plan 12.09.,ALLE,I,Zwischenwert je Spieler
S04.K.CL.POST.P<Code>.X,S04,K,CL,POST,P<Code>,X,1,"Zahl gültiger Versuche je Spieler, 505 links",Plan 12.09.,ALLE,I,Zwischenwert je Spieler
S04.K.CR.PRE.P<Code>.X,S04,K,CR,PRE,P<Code>,X,1,"Zahl gültiger Versuche je Spieler, 505 rechts",Plan 12.09.,ALLE,I,Zwischenwert je Spieler
S04.K.CR.POST.P<Code>.X,S04,K,CR,POST,P<Code>,X,1,"Zahl gültiger Versuche je Spieler, 505 rechts",Plan 12.09.,ALLE,I,Zwischenwert je Spieler
S04.BEST.Z05.PRE.P<Code>.X,S04,BEST,Z05,PRE,P<Code>,X,s,"Bestwert je Spieler, Sprint 5 m","Antrag, Plan 12.09.",ALLE,I,Zwischenwert je Spieler
S04.BEST.Z05.POST.P<Code>.X,S04,BEST,Z05,POST,P<Code>,X,s,"Bestwert je Spieler, Sprint 5 m","Antrag, Plan 12.09.",ALLE,I,Zwischenwert je Spieler
S04.BEST.Z10.PRE.P<Code>.X,S04,BEST,Z10,PRE,P<Code>,X,s,"Bestwert je Spieler, Sprint 10 m","Antrag, Plan 12.09.",ALLE,I,Zwischenwert je Spieler
S04.BEST.Z10.POST.P<Code>.X,S04,BEST,Z10,POST,P<Code>,X,s,"Bestwert je Spieler, Sprint 10 m","Antrag, Plan 12.09.",ALLE,I,Zwischenwert je Spieler
S04.BEST.Z30.PRE.P<Code>.X,S04,BEST,Z30,PRE,P<Code>,X,s,"Bestwert je Spieler, Sprint 30 m","Antrag, Plan 12.09.",ALLE,T,Abb. 2 Einzelpunkte und Eingang S13
S04.BEST.Z30.POST.P<Code>.X,S04,BEST,Z30,POST,P<Code>,X,s,"Bestwert je Spieler, Sprint 30 m","Antrag, Plan 12.09.",ALLE,T,Abb. 2 Einzelpunkte und Eingang S13
S04.BEST.SBJ.PRE.P<Code>.X,S04,BEST,SBJ,PRE,P<Code>,X,cm,"Bestwert je Spieler, Standweitsprung","Antrag, Plan 12.09.",ALLE,T,Abb. 2 Einzelpunkte und Eingang S13
S04.BEST.SBJ.POST.P<Code>.X,S04,BEST,SBJ,POST,P<Code>,X,cm,"Bestwert je Spieler, Standweitsprung","Antrag, Plan 12.09.",ALLE,T,Abb. 2 Einzelpunkte und Eingang S13
S04.BEST.CL.PRE.P<Code>.X,S04,BEST,CL,PRE,P<Code>,X,s,"Bestwert je Spieler, 505 links","Antrag, Plan 12.09.",ALLE,I,Zwischenwert je Spieler
S04.BEST.CL.POST.P<Code>.X,S04,BEST,CL,POST,P<Code>,X,s,"Bestwert je Spieler, 505 links","Antrag, Plan 12.09.",ALLE,I,Zwischenwert je Spieler
S04.BEST.CR.PRE.P<Code>.X,S04,BEST,CR,PRE,P<Code>,X,s,"Bestwert je Spieler, 505 rechts","Antrag, Plan 12.09.",ALLE,I,Zwischenwert je Spieler
S04.BEST.CR.POST.P<Code>.X,S04,BEST,CR,POST,P<Code>,X,s,"Bestwert je Spieler, 505 rechts","Antrag, Plan 12.09.",ALLE,I,Zwischenwert je Spieler
S04.BEST.CM.PRE.P<Code>.X,S04,BEST,CM,PRE,P<Code>,X,s,"Bestwert je Spieler, 505 Seitenmittel","Antrag, Plan 12.09.",ALLE,T,Abb. 2 Einzelpunkte und Eingang S13
S04.BEST.CM.POST.P<Code>.X,S04,BEST,CM,POST,P<Code>,X,s,"Bestwert je Spieler, 505 Seitenmittel","Antrag, Plan 12.09.",ALLE,T,Abb. 2 Einzelpunkte und Eingang S13
S04.MEAN.Z05.PRE.P<Code>.X,S04,MEAN,Z05,PRE,P<Code>,X,s,"Mittelwert der gültigen Versuche je Spieler, Sprint 5 m",Plan 12.09.,ALLE,I,Zwischenwert je Spieler
S04.MEAN.Z05.POST.P<Code>.X,S04,MEAN,Z05,POST,P<Code>,X,s,"Mittelwert der gültigen Versuche je Spieler, Sprint 5 m",Plan 12.09.,ALLE,I,Zwischenwert je Spieler
S04.MEAN.Z10.PRE.P<Code>.X,S04,MEAN,Z10,PRE,P<Code>,X,s,"Mittelwert der gültigen Versuche je Spieler, Sprint 10 m",Plan 12.09.,ALLE,I,Zwischenwert je Spieler
S04.MEAN.Z10.POST.P<Code>.X,S04,MEAN,Z10,POST,P<Code>,X,s,"Mittelwert der gültigen Versuche je Spieler, Sprint 10 m",Plan 12.09.,ALLE,I,Zwischenwert je Spieler
S04.MEAN.Z30.PRE.P<Code>.X,S04,MEAN,Z30,PRE,P<Code>,X,s,"Mittelwert der gültigen Versuche je Spieler, Sprint 30 m",Plan 12.09.,ALLE,I,Zwischenwert je Spieler
S04.MEAN.Z30.POST.P<Code>.X,S04,MEAN,Z30,POST,P<Code>,X,s,"Mittelwert der gültigen Versuche je Spieler, Sprint 30 m",Plan 12.09.,ALLE,I,Zwischenwert je Spieler
S04.MEAN.SBJ.PRE.P<Code>.X,S04,MEAN,SBJ,PRE,P<Code>,X,cm,"Mittelwert der gültigen Versuche je Spieler, Standweitsprung",Plan 12.09.,ALLE,I,Zwischenwert je Spieler
S04.MEAN.SBJ.POST.P<Code>.X,S04,MEAN,SBJ,POST,P<Code>,X,cm,"Mittelwert der gültigen Versuche je Spieler, Standweitsprung",Plan 12.09.,ALLE,I,Zwischenwert je Spieler
S04.MEAN.CL.PRE.P<Code>.X,S04,MEAN,CL,PRE,P<Code>,X,s,"Mittelwert der gültigen Versuche je Spieler, 505 links",Plan 12.09.,ALLE,I,Zwischenwert je Spieler
S04.MEAN.CL.POST.P<Code>.X,S04,MEAN,CL,POST,P<Code>,X,s,"Mittelwert der gültigen Versuche je Spieler, 505 links",Plan 12.09.,ALLE,I,Zwischenwert je Spieler
S04.MEAN.CR.PRE.P<Code>.X,S04,MEAN,CR,PRE,P<Code>,X,s,"Mittelwert der gültigen Versuche je Spieler, 505 rechts",Plan 12.09.,ALLE,I,Zwischenwert je Spieler
S04.MEAN.CR.POST.P<Code>.X,S04,MEAN,CR,POST,P<Code>,X,s,"Mittelwert der gültigen Versuche je Spieler, 505 rechts",Plan 12.09.,ALLE,I,Zwischenwert je Spieler
S04.MEAN.CM.PRE.P<Code>.X,S04,MEAN,CM,PRE,P<Code>,X,s,"Mittelwert der gültigen Versuche je Spieler, 505 Seitenmittel",Plan 12.09.,ALLE,I,Zwischenwert je Spieler
S04.MEAN.CM.POST.P<Code>.X,S04,MEAN,CM,POST,P<Code>,X,s,"Mittelwert der gültigen Versuche je Spieler, 505 Seitenmittel",Plan 12.09.,ALLE,I,Zwischenwert je Spieler
S05.MP.PAH.PRE.P<Code>.X,S05,MP,PAH,PRE,P<Code>,X,in,Mittlere Elterngröße je Spieler,"Antrag, K3 nachträglich",ALLE,I,"Zwischenwert je Spieler, Kovariate"
S05.PAS.PAH.PRE.P<Code>.X,S05,PAS,PAH,PRE,P<Code>,X,in,Vorhergesagte Erwachsenengröße je Spieler,"Antrag, O1 O2 nachträglich",ALLE,I,"Zwischenwert je Spieler, Kovariate"
S05.PAH.PAH.PRE.P<Code>.X,S05,PAH,PAH,PRE,P<Code>,X,%,%PAH je Spieler,"Antrag, O1 O2 K1 bis K3 nachträglich",ALLE,I,"Zwischenwert je Spieler, Kovariate"
S05.NPAH.PAH.PRE.IG.X,S05,NPAH,PAH,PRE,IG,X,1,Zahl der Spieler mit %PAH,Antrag,,I,"Zwischenwert je Spieler, Kovariate"
S05.NPAH.PAH.PRE.KG.X,S05,NPAH,PAH,PRE,KG,X,1,Zahl der Spieler mit %PAH,Antrag,,I,"Zwischenwert je Spieler, Kovariate"
S06.NMELD.FB.X.ALL.X,S06,NMELD,FB,X,ALL,X,1,Zahl der zugeordneten Meldungen,Plan 12.09.,,A,Tab. H2 Anmerkung
S06.NMELD.FB.X.P<Code>.X,S06,NMELD,FB,X,P<Code>,X,1,Zahl der zugeordneten Meldungen je IG-Spieler (0 ohne Meldung oder ohne Listenplatz),Plan 12.09.,IG,I,Zuordnungskontrolle
S06.NKORR.FB.X.ALL.X,S06,NKORR,FB,X,ALL,X,1,Zahl der Meldungen mit Fallkorrektur,Plan 12.09.,,I,Zuordnungskontrolle
S06.NDUBL.FB.X.ALL.X,S06,NDUBL,FB,X,ALL,X,1,Zahl der Dublettenpaare,"Plan 12.09., K7 nachträglich",,I,Zuordnungskontrolle
S06.NSAMM.FB.X.ALL.X,S06,NSAMM,FB,X,ALL,X,1,Zahl der Sammelmeldungspaare,Plan 12.09.,,I,Zuordnungskontrolle
S06.NSTAT.FB.X.IG.GANZ,S06,NSTAT,FB,X,IG,GANZ,1,"Zahl der Meldungen mit Status GANZ, Menge IG",Plan 12.09.,,T,5.1 Status der Meldungen
S06.NSTAT.FB.X.IG.TEILW,S06,NSTAT,FB,X,IG,TEILW,1,"Zahl der Meldungen mit Status TEILW, Menge IG",Plan 12.09.,,T,5.1 Status der Meldungen
S06.NSTAT.FB.X.IG.GARN,S06,NSTAT,FB,X,IG,GARN,1,"Zahl der Meldungen mit Status GARN, Menge IG",Plan 12.09.,,T,5.1 Status der Meldungen
S06.NSTAT.FB.X.VA.GANZ,S06,NSTAT,FB,X,VA,GANZ,1,"Zahl der Meldungen mit Status GANZ, Menge VA",Plan 12.09.,,X,Aufschlüsselung je Verein ohne Aussage
S06.NSTAT.FB.X.VA.TEILW,S06,NSTAT,FB,X,VA,TEILW,1,"Zahl der Meldungen mit Status TEILW, Menge VA",Plan 12.09.,,X,Aufschlüsselung je Verein ohne Aussage
S06.NSTAT.FB.X.VA.GARN,S06,NSTAT,FB,X,VA,GARN,1,"Zahl der Meldungen mit Status GARN, Menge VA",Plan 12.09.,,X,Aufschlüsselung je Verein ohne Aussage
S06.NSTAT.FB.X.VB.GANZ,S06,NSTAT,FB,X,VB,GANZ,1,"Zahl der Meldungen mit Status GANZ, Menge VB",Plan 12.09.,,X,Aufschlüsselung je Verein ohne Aussage
S06.NSTAT.FB.X.VB.TEILW,S06,NSTAT,FB,X,VB,TEILW,1,"Zahl der Meldungen mit Status TEILW, Menge VB",Plan 12.09.,,X,Aufschlüsselung je Verein ohne Aussage
S06.NSTAT.FB.X.VB.GARN,S06,NSTAT,FB,X,VB,GARN,1,"Zahl der Meldungen mit Status GARN, Menge VB",Plan 12.09.,,X,Aufschlüsselung je Verein ohne Aussage
S07.ADH.ADH.X.P<Code>.GANZ,S07,ADH,ADH,X,P<Code>,GANZ,Einheiten,"Adhärenz je IG-Spieler, Zählung GANZ","Antrag, Plan 12.09., K9 nachträglich",IG,A,Tab. H2 je Spieler
S07.ADH.ADH.X.P<Code>.GT,S07,ADH,ADH,X,P<Code>,GT,Einheiten,"Adhärenz je IG-Spieler, Zählung GT","Antrag, Plan 12.09., K9 nachträglich",IG,X,Beteiligung je Spieler nicht berichtet
S07.ADH.ADH.X.P<Code>.WOCAP,S07,ADH,ADH,X,P<Code>,WOCAP,Einheiten,"Adhärenz je IG-Spieler, Zählung WOCAP","Antrag, Plan 12.09., K9 nachträglich",IG,A,Tab. H2 je Spieler
S07.ADH.ADH.X.P<Code>.GTWOCAP,S07,ADH,ADH,X,P<Code>,GTWOCAP,Einheiten,"Adhärenz je IG-Spieler, Zählung GTWOCAP","Antrag, Plan 12.09., K9 nachträglich",IG,X,Beteiligung je Spieler nicht berichtet
S07.ADH.ADH.X.P<Code>.DIST,S07,ADH,ADH,X,P<Code>,DIST,Einheiten,"Adhärenz je IG-Spieler, Zählung DIST","Antrag, Plan 12.09., K9 nachträglich",IG,A,Tab. H2 je Spieler
S07.ADH.ADH.X.P<Code>.GTDIST,S07,ADH,ADH,X,P<Code>,GTDIST,Einheiten,"Adhärenz je IG-Spieler, Zählung GTDIST","Antrag, Plan 12.09., K9 nachträglich",IG,X,Beteiligung je Spieler nicht berichtet
S07.NZUG.ADH.X.IG.X,S07,NZUG,ADH,X,IG,X,1,"Zahl der zugeteilten Spieler, Menge IG",Plan 12.09.,,T,5.1 Nenner
S07.NZUG.ADH.X.VA.X,S07,NZUG,ADH,X,VA,X,1,"Zahl der zugeteilten Spieler, Menge VA",Plan 12.09.,,X,je Verein
S07.NZUG.ADH.X.VB.X,S07,NZUG,ADH,X,VB,X,1,"Zahl der zugeteilten Spieler, Menge VB",Plan 12.09.,,X,je Verein
S07.SUMME.ADH.X.IG.GANZ,S07,SUMME,ADH,X,IG,GANZ,Einheiten,"Summe der Einheiten, Zählung GANZ, Menge IG","Plan 12.09., K9 nachträglich",,T,5.1 Umsetzungs- und Beteiligungsrate
S07.SUMME.ADH.X.IG.GT,S07,SUMME,ADH,X,IG,GT,Einheiten,"Summe der Einheiten, Zählung GT, Menge IG","Plan 12.09., K9 nachträglich",,T,5.1 Umsetzungs- und Beteiligungsrate
S07.SUMME.ADH.X.IG.WOCAP,S07,SUMME,ADH,X,IG,WOCAP,Einheiten,"Summe der Einheiten, Zählung WOCAP, Menge IG","Plan 12.09., K9 nachträglich",,A,Tab. H2 Untergrenzen
S07.SUMME.ADH.X.IG.GTWOCAP,S07,SUMME,ADH,X,IG,GTWOCAP,Einheiten,"Summe der Einheiten, Zählung GTWOCAP, Menge IG","Plan 12.09., K9 nachträglich",,X,Beteiligung mit Deckel/Nummern ohne Aussage
S07.SUMME.ADH.X.IG.DIST,S07,SUMME,ADH,X,IG,DIST,Einheiten,"Summe der Einheiten, Zählung DIST, Menge IG","Plan 12.09., K9 nachträglich",,A,Tab. H2 Untergrenzen
S07.SUMME.ADH.X.IG.GTDIST,S07,SUMME,ADH,X,IG,GTDIST,Einheiten,"Summe der Einheiten, Zählung GTDIST, Menge IG","Plan 12.09., K9 nachträglich",,X,Beteiligung mit Deckel/Nummern ohne Aussage
S07.SUMME.ADH.X.VA.GANZ,S07,SUMME,ADH,X,VA,GANZ,Einheiten,"Summe der Einheiten, Zählung GANZ, Menge VA","Plan 12.09., K9 nachträglich",,X,je Verein
S07.SUMME.ADH.X.VA.GT,S07,SUMME,ADH,X,VA,GT,Einheiten,"Summe der Einheiten, Zählung GT, Menge VA","Plan 12.09., K9 nachträglich",,X,je Verein
S07.SUMME.ADH.X.VA.WOCAP,S07,SUMME,ADH,X,VA,WOCAP,Einheiten,"Summe der Einheiten, Zählung WOCAP, Menge VA","Plan 12.09., K9 nachträglich",,X,je Verein
S07.SUMME.ADH.X.VA.GTWOCAP,S07,SUMME,ADH,X,VA,GTWOCAP,Einheiten,"Summe der Einheiten, Zählung GTWOCAP, Menge VA","Plan 12.09., K9 nachträglich",,X,je Verein
S07.SUMME.ADH.X.VA.DIST,S07,SUMME,ADH,X,VA,DIST,Einheiten,"Summe der Einheiten, Zählung DIST, Menge VA","Plan 12.09., K9 nachträglich",,X,je Verein
S07.SUMME.ADH.X.VA.GTDIST,S07,SUMME,ADH,X,VA,GTDIST,Einheiten,"Summe der Einheiten, Zählung GTDIST, Menge VA","Plan 12.09., K9 nachträglich",,X,je Verein
S07.SUMME.ADH.X.VB.GANZ,S07,SUMME,ADH,X,VB,GANZ,Einheiten,"Summe der Einheiten, Zählung GANZ, Menge VB","Plan 12.09., K9 nachträglich",,X,je Verein
S07.SUMME.ADH.X.VB.GT,S07,SUMME,ADH,X,VB,GT,Einheiten,"Summe der Einheiten, Zählung GT, Menge VB","Plan 12.09., K9 nachträglich",,X,je Verein
S07.SUMME.ADH.X.VB.WOCAP,S07,SUMME,ADH,X,VB,WOCAP,Einheiten,"Summe der Einheiten, Zählung WOCAP, Menge VB","Plan 12.09., K9 nachträglich",,X,je Verein
S07.SUMME.ADH.X.VB.GTWOCAP,S07,SUMME,ADH,X,VB,GTWOCAP,Einheiten,"Summe der Einheiten, Zählung GTWOCAP, Menge VB","Plan 12.09., K9 nachträglich",,X,je Verein
S07.SUMME.ADH.X.VB.DIST,S07,SUMME,ADH,X,VB,DIST,Einheiten,"Summe der Einheiten, Zählung DIST, Menge VB","Plan 12.09., K9 nachträglich",,X,je Verein
S07.SUMME.ADH.X.VB.GTDIST,S07,SUMME,ADH,X,VB,GTDIST,Einheiten,"Summe der Einheiten, Zählung GTDIST, Menge VB","Plan 12.09., K9 nachträglich",,X,je Verein
S07.RATE.ADH.X.IG.GANZ,S07,RATE,ADH,X,IG,GANZ,1,"Umsetzungsrate, Summe / (12 · zugeteilte Spieler), Zählung GANZ, Menge IG","Plan 12.09., K9 nachträglich",,T,5.1 Umsetzungs- und Beteiligungsrate
S07.RATE.ADH.X.IG.GT,S07,RATE,ADH,X,IG,GT,1,"Umsetzungsrate, Summe / (12 · zugeteilte Spieler), Zählung GT, Menge IG","Plan 12.09., K9 nachträglich",,T,5.1 Umsetzungs- und Beteiligungsrate
S07.RATE.ADH.X.IG.WOCAP,S07,RATE,ADH,X,IG,WOCAP,1,"Umsetzungsrate, Summe / (12 · zugeteilte Spieler), Zählung WOCAP, Menge IG","Plan 12.09., K9 nachträglich",,A,Tab. H2 Untergrenzen
S07.RATE.ADH.X.IG.GTWOCAP,S07,RATE,ADH,X,IG,GTWOCAP,1,"Umsetzungsrate, Summe / (12 · zugeteilte Spieler), Zählung GTWOCAP, Menge IG","Plan 12.09., K9 nachträglich",,X,Beteiligung mit Deckel/Nummern ohne Aussage
S07.RATE.ADH.X.IG.DIST,S07,RATE,ADH,X,IG,DIST,1,"Umsetzungsrate, Summe / (12 · zugeteilte Spieler), Zählung DIST, Menge IG","Plan 12.09., K9 nachträglich",,A,Tab. H2 Untergrenzen
S07.RATE.ADH.X.IG.GTDIST,S07,RATE,ADH,X,IG,GTDIST,1,"Umsetzungsrate, Summe / (12 · zugeteilte Spieler), Zählung GTDIST, Menge IG","Plan 12.09., K9 nachträglich",,X,Beteiligung mit Deckel/Nummern ohne Aussage
S07.RATE.ADH.X.VA.GANZ,S07,RATE,ADH,X,VA,GANZ,1,"Umsetzungsrate, Summe / (12 · zugeteilte Spieler), Zählung GANZ, Menge VA","Plan 12.09., K9 nachträglich",,X,je Verein
S07.RATE.ADH.X.VA.GT,S07,RATE,ADH,X,VA,GT,1,"Umsetzungsrate, Summe / (12 · zugeteilte Spieler), Zählung GT, Menge VA","Plan 12.09., K9 nachträglich",,X,je Verein
S07.RATE.ADH.X.VA.WOCAP,S07,RATE,ADH,X,VA,WOCAP,1,"Umsetzungsrate, Summe / (12 · zugeteilte Spieler), Zählung WOCAP, Menge VA","Plan 12.09., K9 nachträglich",,X,je Verein
S07.RATE.ADH.X.VA.GTWOCAP,S07,RATE,ADH,X,VA,GTWOCAP,1,"Umsetzungsrate, Summe / (12 · zugeteilte Spieler), Zählung GTWOCAP, Menge VA","Plan 12.09., K9 nachträglich",,X,je Verein
S07.RATE.ADH.X.VA.DIST,S07,RATE,ADH,X,VA,DIST,1,"Umsetzungsrate, Summe / (12 · zugeteilte Spieler), Zählung DIST, Menge VA","Plan 12.09., K9 nachträglich",,X,je Verein
S07.RATE.ADH.X.VA.GTDIST,S07,RATE,ADH,X,VA,GTDIST,1,"Umsetzungsrate, Summe / (12 · zugeteilte Spieler), Zählung GTDIST, Menge VA","Plan 12.09., K9 nachträglich",,X,je Verein
S07.RATE.ADH.X.VB.GANZ,S07,RATE,ADH,X,VB,GANZ,1,"Umsetzungsrate, Summe / (12 · zugeteilte Spieler), Zählung GANZ, Menge VB","Plan 12.09., K9 nachträglich",,X,je Verein
S07.RATE.ADH.X.VB.GT,S07,RATE,ADH,X,VB,GT,1,"Umsetzungsrate, Summe / (12 · zugeteilte Spieler), Zählung GT, Menge VB","Plan 12.09., K9 nachträglich",,X,je Verein
S07.RATE.ADH.X.VB.WOCAP,S07,RATE,ADH,X,VB,WOCAP,1,"Umsetzungsrate, Summe / (12 · zugeteilte Spieler), Zählung WOCAP, Menge VB","Plan 12.09., K9 nachträglich",,X,je Verein
S07.RATE.ADH.X.VB.GTWOCAP,S07,RATE,ADH,X,VB,GTWOCAP,1,"Umsetzungsrate, Summe / (12 · zugeteilte Spieler), Zählung GTWOCAP, Menge VB","Plan 12.09., K9 nachträglich",,X,je Verein
S07.RATE.ADH.X.VB.DIST,S07,RATE,ADH,X,VB,DIST,1,"Umsetzungsrate, Summe / (12 · zugeteilte Spieler), Zählung DIST, Menge VB","Plan 12.09., K9 nachträglich",,X,je Verein
S07.RATE.ADH.X.VB.GTDIST,S07,RATE,ADH,X,VB,GTDIST,1,"Umsetzungsrate, Summe / (12 · zugeteilte Spieler), Zählung GTDIST, Menge VB","Plan 12.09., K9 nachträglich",,X,je Verein
S07.V00.ADH.X.IG.GANZ,S07,V00,ADH,X,IG,GANZ,1,"Zahl der Spieler mit genau 0 Einheiten, Zählung GANZ","Plan 12.09., K9 nachträglich",,A,Tab. H2 Verteilung
S07.V00.ADH.X.IG.GT,S07,V00,ADH,X,IG,GT,1,"Zahl der Spieler mit genau 0 Einheiten, Zählung GT","Plan 12.09., K9 nachträglich",,X,Verteilung der Nebenzählungen
S07.V00.ADH.X.IG.WOCAP,S07,V00,ADH,X,IG,WOCAP,1,"Zahl der Spieler mit genau 0 Einheiten, Zählung WOCAP","Plan 12.09., K9 nachträglich",,X,Verteilung der Nebenzählungen
S07.V00.ADH.X.IG.GTWOCAP,S07,V00,ADH,X,IG,GTWOCAP,1,"Zahl der Spieler mit genau 0 Einheiten, Zählung GTWOCAP","Plan 12.09., K9 nachträglich",,X,Verteilung der Nebenzählungen
S07.V00.ADH.X.IG.DIST,S07,V00,ADH,X,IG,DIST,1,"Zahl der Spieler mit genau 0 Einheiten, Zählung DIST","Plan 12.09., K9 nachträglich",,X,Verteilung der Nebenzählungen
S07.V00.ADH.X.IG.GTDIST,S07,V00,ADH,X,IG,GTDIST,1,"Zahl der Spieler mit genau 0 Einheiten, Zählung GTDIST","Plan 12.09., K9 nachträglich",,X,Verteilung der Nebenzählungen
S07.V01.ADH.X.IG.GANZ,S07,V01,ADH,X,IG,GANZ,1,"Zahl der Spieler mit genau 1 Einheiten, Zählung GANZ","Plan 12.09., K9 nachträglich",,A,Tab. H2 Verteilung
S07.V01.ADH.X.IG.GT,S07,V01,ADH,X,IG,GT,1,"Zahl der Spieler mit genau 1 Einheiten, Zählung GT","Plan 12.09., K9 nachträglich",,X,Verteilung der Nebenzählungen
S07.V01.ADH.X.IG.WOCAP,S07,V01,ADH,X,IG,WOCAP,1,"Zahl der Spieler mit genau 1 Einheiten, Zählung WOCAP","Plan 12.09., K9 nachträglich",,X,Verteilung der Nebenzählungen
S07.V01.ADH.X.IG.GTWOCAP,S07,V01,ADH,X,IG,GTWOCAP,1,"Zahl der Spieler mit genau 1 Einheiten, Zählung GTWOCAP","Plan 12.09., K9 nachträglich",,X,Verteilung der Nebenzählungen
S07.V01.ADH.X.IG.DIST,S07,V01,ADH,X,IG,DIST,1,"Zahl der Spieler mit genau 1 Einheiten, Zählung DIST","Plan 12.09., K9 nachträglich",,X,Verteilung der Nebenzählungen
S07.V01.ADH.X.IG.GTDIST,S07,V01,ADH,X,IG,GTDIST,1,"Zahl der Spieler mit genau 1 Einheiten, Zählung GTDIST","Plan 12.09., K9 nachträglich",,X,Verteilung der Nebenzählungen
S07.V02.ADH.X.IG.GANZ,S07,V02,ADH,X,IG,GANZ,1,"Zahl der Spieler mit genau 2 Einheiten, Zählung GANZ","Plan 12.09., K9 nachträglich",,A,Tab. H2 Verteilung
S07.V02.ADH.X.IG.GT,S07,V02,ADH,X,IG,GT,1,"Zahl der Spieler mit genau 2 Einheiten, Zählung GT","Plan 12.09., K9 nachträglich",,X,Verteilung der Nebenzählungen
S07.V02.ADH.X.IG.WOCAP,S07,V02,ADH,X,IG,WOCAP,1,"Zahl der Spieler mit genau 2 Einheiten, Zählung WOCAP","Plan 12.09., K9 nachträglich",,X,Verteilung der Nebenzählungen
S07.V02.ADH.X.IG.GTWOCAP,S07,V02,ADH,X,IG,GTWOCAP,1,"Zahl der Spieler mit genau 2 Einheiten, Zählung GTWOCAP","Plan 12.09., K9 nachträglich",,X,Verteilung der Nebenzählungen
S07.V02.ADH.X.IG.DIST,S07,V02,ADH,X,IG,DIST,1,"Zahl der Spieler mit genau 2 Einheiten, Zählung DIST","Plan 12.09., K9 nachträglich",,X,Verteilung der Nebenzählungen
S07.V02.ADH.X.IG.GTDIST,S07,V02,ADH,X,IG,GTDIST,1,"Zahl der Spieler mit genau 2 Einheiten, Zählung GTDIST","Plan 12.09., K9 nachträglich",,X,Verteilung der Nebenzählungen
S07.V03.ADH.X.IG.GANZ,S07,V03,ADH,X,IG,GANZ,1,"Zahl der Spieler mit genau 3 Einheiten, Zählung GANZ","Plan 12.09., K9 nachträglich",,A,Tab. H2 Verteilung
S07.V03.ADH.X.IG.GT,S07,V03,ADH,X,IG,GT,1,"Zahl der Spieler mit genau 3 Einheiten, Zählung GT","Plan 12.09., K9 nachträglich",,X,Verteilung der Nebenzählungen
S07.V03.ADH.X.IG.WOCAP,S07,V03,ADH,X,IG,WOCAP,1,"Zahl der Spieler mit genau 3 Einheiten, Zählung WOCAP","Plan 12.09., K9 nachträglich",,X,Verteilung der Nebenzählungen
S07.V03.ADH.X.IG.GTWOCAP,S07,V03,ADH,X,IG,GTWOCAP,1,"Zahl der Spieler mit genau 3 Einheiten, Zählung GTWOCAP","Plan 12.09., K9 nachträglich",,X,Verteilung der Nebenzählungen
S07.V03.ADH.X.IG.DIST,S07,V03,ADH,X,IG,DIST,1,"Zahl der Spieler mit genau 3 Einheiten, Zählung DIST","Plan 12.09., K9 nachträglich",,X,Verteilung der Nebenzählungen
S07.V03.ADH.X.IG.GTDIST,S07,V03,ADH,X,IG,GTDIST,1,"Zahl der Spieler mit genau 3 Einheiten, Zählung GTDIST","Plan 12.09., K9 nachträglich",,X,Verteilung der Nebenzählungen
S07.V04.ADH.X.IG.GANZ,S07,V04,ADH,X,IG,GANZ,1,"Zahl der Spieler mit genau 4 Einheiten, Zählung GANZ","Plan 12.09., K9 nachträglich",,A,Tab. H2 Verteilung
S07.V04.ADH.X.IG.GT,S07,V04,ADH,X,IG,GT,1,"Zahl der Spieler mit genau 4 Einheiten, Zählung GT","Plan 12.09., K9 nachträglich",,X,Verteilung der Nebenzählungen
S07.V04.ADH.X.IG.WOCAP,S07,V04,ADH,X,IG,WOCAP,1,"Zahl der Spieler mit genau 4 Einheiten, Zählung WOCAP","Plan 12.09., K9 nachträglich",,X,Verteilung der Nebenzählungen
S07.V04.ADH.X.IG.GTWOCAP,S07,V04,ADH,X,IG,GTWOCAP,1,"Zahl der Spieler mit genau 4 Einheiten, Zählung GTWOCAP","Plan 12.09., K9 nachträglich",,X,Verteilung der Nebenzählungen
S07.V04.ADH.X.IG.DIST,S07,V04,ADH,X,IG,DIST,1,"Zahl der Spieler mit genau 4 Einheiten, Zählung DIST","Plan 12.09., K9 nachträglich",,X,Verteilung der Nebenzählungen
S07.V04.ADH.X.IG.GTDIST,S07,V04,ADH,X,IG,GTDIST,1,"Zahl der Spieler mit genau 4 Einheiten, Zählung GTDIST","Plan 12.09., K9 nachträglich",,X,Verteilung der Nebenzählungen
S07.V05.ADH.X.IG.GANZ,S07,V05,ADH,X,IG,GANZ,1,"Zahl der Spieler mit genau 5 Einheiten, Zählung GANZ","Plan 12.09., K9 nachträglich",,A,Tab. H2 Verteilung
S07.V05.ADH.X.IG.GT,S07,V05,ADH,X,IG,GT,1,"Zahl der Spieler mit genau 5 Einheiten, Zählung GT","Plan 12.09., K9 nachträglich",,X,Verteilung der Nebenzählungen
S07.V05.ADH.X.IG.WOCAP,S07,V05,ADH,X,IG,WOCAP,1,"Zahl der Spieler mit genau 5 Einheiten, Zählung WOCAP","Plan 12.09., K9 nachträglich",,X,Verteilung der Nebenzählungen
S07.V05.ADH.X.IG.GTWOCAP,S07,V05,ADH,X,IG,GTWOCAP,1,"Zahl der Spieler mit genau 5 Einheiten, Zählung GTWOCAP","Plan 12.09., K9 nachträglich",,X,Verteilung der Nebenzählungen
S07.V05.ADH.X.IG.DIST,S07,V05,ADH,X,IG,DIST,1,"Zahl der Spieler mit genau 5 Einheiten, Zählung DIST","Plan 12.09., K9 nachträglich",,X,Verteilung der Nebenzählungen
S07.V05.ADH.X.IG.GTDIST,S07,V05,ADH,X,IG,GTDIST,1,"Zahl der Spieler mit genau 5 Einheiten, Zählung GTDIST","Plan 12.09., K9 nachträglich",,X,Verteilung der Nebenzählungen
S07.V06.ADH.X.IG.GANZ,S07,V06,ADH,X,IG,GANZ,1,"Zahl der Spieler mit genau 6 Einheiten, Zählung GANZ","Plan 12.09., K9 nachträglich",,A,Tab. H2 Verteilung
S07.V06.ADH.X.IG.GT,S07,V06,ADH,X,IG,GT,1,"Zahl der Spieler mit genau 6 Einheiten, Zählung GT","Plan 12.09., K9 nachträglich",,X,Verteilung der Nebenzählungen
S07.V06.ADH.X.IG.WOCAP,S07,V06,ADH,X,IG,WOCAP,1,"Zahl der Spieler mit genau 6 Einheiten, Zählung WOCAP","Plan 12.09., K9 nachträglich",,X,Verteilung der Nebenzählungen
S07.V06.ADH.X.IG.GTWOCAP,S07,V06,ADH,X,IG,GTWOCAP,1,"Zahl der Spieler mit genau 6 Einheiten, Zählung GTWOCAP","Plan 12.09., K9 nachträglich",,X,Verteilung der Nebenzählungen
S07.V06.ADH.X.IG.DIST,S07,V06,ADH,X,IG,DIST,1,"Zahl der Spieler mit genau 6 Einheiten, Zählung DIST","Plan 12.09., K9 nachträglich",,X,Verteilung der Nebenzählungen
S07.V06.ADH.X.IG.GTDIST,S07,V06,ADH,X,IG,GTDIST,1,"Zahl der Spieler mit genau 6 Einheiten, Zählung GTDIST","Plan 12.09., K9 nachträglich",,X,Verteilung der Nebenzählungen
S07.V07.ADH.X.IG.GANZ,S07,V07,ADH,X,IG,GANZ,1,"Zahl der Spieler mit genau 7 Einheiten, Zählung GANZ","Plan 12.09., K9 nachträglich",,A,Tab. H2 Verteilung
S07.V07.ADH.X.IG.GT,S07,V07,ADH,X,IG,GT,1,"Zahl der Spieler mit genau 7 Einheiten, Zählung GT","Plan 12.09., K9 nachträglich",,X,Verteilung der Nebenzählungen
S07.V07.ADH.X.IG.WOCAP,S07,V07,ADH,X,IG,WOCAP,1,"Zahl der Spieler mit genau 7 Einheiten, Zählung WOCAP","Plan 12.09., K9 nachträglich",,X,Verteilung der Nebenzählungen
S07.V07.ADH.X.IG.GTWOCAP,S07,V07,ADH,X,IG,GTWOCAP,1,"Zahl der Spieler mit genau 7 Einheiten, Zählung GTWOCAP","Plan 12.09., K9 nachträglich",,X,Verteilung der Nebenzählungen
S07.V07.ADH.X.IG.DIST,S07,V07,ADH,X,IG,DIST,1,"Zahl der Spieler mit genau 7 Einheiten, Zählung DIST","Plan 12.09., K9 nachträglich",,X,Verteilung der Nebenzählungen
S07.V07.ADH.X.IG.GTDIST,S07,V07,ADH,X,IG,GTDIST,1,"Zahl der Spieler mit genau 7 Einheiten, Zählung GTDIST","Plan 12.09., K9 nachträglich",,X,Verteilung der Nebenzählungen
S07.V08.ADH.X.IG.GANZ,S07,V08,ADH,X,IG,GANZ,1,"Zahl der Spieler mit genau 8 Einheiten, Zählung GANZ","Plan 12.09., K9 nachträglich",,A,Tab. H2 Verteilung
S07.V08.ADH.X.IG.GT,S07,V08,ADH,X,IG,GT,1,"Zahl der Spieler mit genau 8 Einheiten, Zählung GT","Plan 12.09., K9 nachträglich",,X,Verteilung der Nebenzählungen
S07.V08.ADH.X.IG.WOCAP,S07,V08,ADH,X,IG,WOCAP,1,"Zahl der Spieler mit genau 8 Einheiten, Zählung WOCAP","Plan 12.09., K9 nachträglich",,X,Verteilung der Nebenzählungen
S07.V08.ADH.X.IG.GTWOCAP,S07,V08,ADH,X,IG,GTWOCAP,1,"Zahl der Spieler mit genau 8 Einheiten, Zählung GTWOCAP","Plan 12.09., K9 nachträglich",,X,Verteilung der Nebenzählungen
S07.V08.ADH.X.IG.DIST,S07,V08,ADH,X,IG,DIST,1,"Zahl der Spieler mit genau 8 Einheiten, Zählung DIST","Plan 12.09., K9 nachträglich",,X,Verteilung der Nebenzählungen
S07.V08.ADH.X.IG.GTDIST,S07,V08,ADH,X,IG,GTDIST,1,"Zahl der Spieler mit genau 8 Einheiten, Zählung GTDIST","Plan 12.09., K9 nachträglich",,X,Verteilung der Nebenzählungen
S07.V09.ADH.X.IG.GANZ,S07,V09,ADH,X,IG,GANZ,1,"Zahl der Spieler mit genau 9 Einheiten, Zählung GANZ","Plan 12.09., K9 nachträglich",,A,Tab. H2 Verteilung
S07.V09.ADH.X.IG.GT,S07,V09,ADH,X,IG,GT,1,"Zahl der Spieler mit genau 9 Einheiten, Zählung GT","Plan 12.09., K9 nachträglich",,X,Verteilung der Nebenzählungen
S07.V09.ADH.X.IG.WOCAP,S07,V09,ADH,X,IG,WOCAP,1,"Zahl der Spieler mit genau 9 Einheiten, Zählung WOCAP","Plan 12.09., K9 nachträglich",,X,Verteilung der Nebenzählungen
S07.V09.ADH.X.IG.GTWOCAP,S07,V09,ADH,X,IG,GTWOCAP,1,"Zahl der Spieler mit genau 9 Einheiten, Zählung GTWOCAP","Plan 12.09., K9 nachträglich",,X,Verteilung der Nebenzählungen
S07.V09.ADH.X.IG.DIST,S07,V09,ADH,X,IG,DIST,1,"Zahl der Spieler mit genau 9 Einheiten, Zählung DIST","Plan 12.09., K9 nachträglich",,X,Verteilung der Nebenzählungen
S07.V09.ADH.X.IG.GTDIST,S07,V09,ADH,X,IG,GTDIST,1,"Zahl der Spieler mit genau 9 Einheiten, Zählung GTDIST","Plan 12.09., K9 nachträglich",,X,Verteilung der Nebenzählungen
S07.V10.ADH.X.IG.GANZ,S07,V10,ADH,X,IG,GANZ,1,"Zahl der Spieler mit genau 10 Einheiten, Zählung GANZ","Plan 12.09., K9 nachträglich",,A,Tab. H2 Verteilung
S07.V10.ADH.X.IG.GT,S07,V10,ADH,X,IG,GT,1,"Zahl der Spieler mit genau 10 Einheiten, Zählung GT","Plan 12.09., K9 nachträglich",,X,Verteilung der Nebenzählungen
S07.V10.ADH.X.IG.WOCAP,S07,V10,ADH,X,IG,WOCAP,1,"Zahl der Spieler mit genau 10 Einheiten, Zählung WOCAP","Plan 12.09., K9 nachträglich",,X,Verteilung der Nebenzählungen
S07.V10.ADH.X.IG.GTWOCAP,S07,V10,ADH,X,IG,GTWOCAP,1,"Zahl der Spieler mit genau 10 Einheiten, Zählung GTWOCAP","Plan 12.09., K9 nachträglich",,X,Verteilung der Nebenzählungen
S07.V10.ADH.X.IG.DIST,S07,V10,ADH,X,IG,DIST,1,"Zahl der Spieler mit genau 10 Einheiten, Zählung DIST","Plan 12.09., K9 nachträglich",,X,Verteilung der Nebenzählungen
S07.V10.ADH.X.IG.GTDIST,S07,V10,ADH,X,IG,GTDIST,1,"Zahl der Spieler mit genau 10 Einheiten, Zählung GTDIST","Plan 12.09., K9 nachträglich",,X,Verteilung der Nebenzählungen
S07.V11.ADH.X.IG.GANZ,S07,V11,ADH,X,IG,GANZ,1,"Zahl der Spieler mit genau 11 Einheiten, Zählung GANZ","Plan 12.09., K9 nachträglich",,A,Tab. H2 Verteilung
S07.V11.ADH.X.IG.GT,S07,V11,ADH,X,IG,GT,1,"Zahl der Spieler mit genau 11 Einheiten, Zählung GT","Plan 12.09., K9 nachträglich",,X,Verteilung der Nebenzählungen
S07.V11.ADH.X.IG.WOCAP,S07,V11,ADH,X,IG,WOCAP,1,"Zahl der Spieler mit genau 11 Einheiten, Zählung WOCAP","Plan 12.09., K9 nachträglich",,X,Verteilung der Nebenzählungen
S07.V11.ADH.X.IG.GTWOCAP,S07,V11,ADH,X,IG,GTWOCAP,1,"Zahl der Spieler mit genau 11 Einheiten, Zählung GTWOCAP","Plan 12.09., K9 nachträglich",,X,Verteilung der Nebenzählungen
S07.V11.ADH.X.IG.DIST,S07,V11,ADH,X,IG,DIST,1,"Zahl der Spieler mit genau 11 Einheiten, Zählung DIST","Plan 12.09., K9 nachträglich",,X,Verteilung der Nebenzählungen
S07.V11.ADH.X.IG.GTDIST,S07,V11,ADH,X,IG,GTDIST,1,"Zahl der Spieler mit genau 11 Einheiten, Zählung GTDIST","Plan 12.09., K9 nachträglich",,X,Verteilung der Nebenzählungen
S07.V12.ADH.X.IG.GANZ,S07,V12,ADH,X,IG,GANZ,1,"Zahl der Spieler mit genau 12 Einheiten, Zählung GANZ","Plan 12.09., K9 nachträglich",,A,Tab. H2 Verteilung
S07.V12.ADH.X.IG.GT,S07,V12,ADH,X,IG,GT,1,"Zahl der Spieler mit genau 12 Einheiten, Zählung GT","Plan 12.09., K9 nachträglich",,X,Verteilung der Nebenzählungen
S07.V12.ADH.X.IG.WOCAP,S07,V12,ADH,X,IG,WOCAP,1,"Zahl der Spieler mit genau 12 Einheiten, Zählung WOCAP","Plan 12.09., K9 nachträglich",,X,Verteilung der Nebenzählungen
S07.V12.ADH.X.IG.GTWOCAP,S07,V12,ADH,X,IG,GTWOCAP,1,"Zahl der Spieler mit genau 12 Einheiten, Zählung GTWOCAP","Plan 12.09., K9 nachträglich",,X,Verteilung der Nebenzählungen
S07.V12.ADH.X.IG.DIST,S07,V12,ADH,X,IG,DIST,1,"Zahl der Spieler mit genau 12 Einheiten, Zählung DIST","Plan 12.09., K9 nachträglich",,X,Verteilung der Nebenzählungen
S07.V12.ADH.X.IG.GTDIST,S07,V12,ADH,X,IG,GTDIST,1,"Zahl der Spieler mit genau 12 Einheiten, Zählung GTDIST","Plan 12.09., K9 nachträglich",,X,Verteilung der Nebenzählungen
S07.GE01.ADH.X.IG.GANZ,S07,GE01,ADH,X,IG,GANZ,1,"Zahl der Spieler mit mindestens 1 Einheiten, Zählung GANZ","Plan 12.09., K9 nachträglich",,T,Abb. 1 Intervention erhalten (CONSORT 13a)
S07.GE01.ADH.X.IG.GT,S07,GE01,ADH,X,IG,GT,1,"Zahl der Spieler mit mindestens 1 Einheiten, Zählung GT","Plan 12.09., K9 nachträglich",,X,Schwellen der Nebenzählungen
S07.GE01.ADH.X.IG.WOCAP,S07,GE01,ADH,X,IG,WOCAP,1,"Zahl der Spieler mit mindestens 1 Einheiten, Zählung WOCAP","Plan 12.09., K9 nachträglich",,X,Schwellen der Nebenzählungen
S07.GE01.ADH.X.IG.GTWOCAP,S07,GE01,ADH,X,IG,GTWOCAP,1,"Zahl der Spieler mit mindestens 1 Einheiten, Zählung GTWOCAP","Plan 12.09., K9 nachträglich",,X,Schwellen der Nebenzählungen
S07.GE01.ADH.X.IG.DIST,S07,GE01,ADH,X,IG,DIST,1,"Zahl der Spieler mit mindestens 1 Einheiten, Zählung DIST","Plan 12.09., K9 nachträglich",,X,Schwellen der Nebenzählungen
S07.GE01.ADH.X.IG.GTDIST,S07,GE01,ADH,X,IG,GTDIST,1,"Zahl der Spieler mit mindestens 1 Einheiten, Zählung GTDIST","Plan 12.09., K9 nachträglich",,X,Schwellen der Nebenzählungen
S07.GE02.ADH.X.IG.GANZ,S07,GE02,ADH,X,IG,GANZ,1,"Zahl der Spieler mit mindestens 2 Einheiten, Zählung GANZ","Plan 12.09., K9 nachträglich",,A,Tab. H5 Schwellenlandschaft
S07.GE02.ADH.X.IG.GT,S07,GE02,ADH,X,IG,GT,1,"Zahl der Spieler mit mindestens 2 Einheiten, Zählung GT","Plan 12.09., K9 nachträglich",,X,Schwellen der Nebenzählungen
S07.GE02.ADH.X.IG.WOCAP,S07,GE02,ADH,X,IG,WOCAP,1,"Zahl der Spieler mit mindestens 2 Einheiten, Zählung WOCAP","Plan 12.09., K9 nachträglich",,X,Schwellen der Nebenzählungen
S07.GE02.ADH.X.IG.GTWOCAP,S07,GE02,ADH,X,IG,GTWOCAP,1,"Zahl der Spieler mit mindestens 2 Einheiten, Zählung GTWOCAP","Plan 12.09., K9 nachträglich",,X,Schwellen der Nebenzählungen
S07.GE02.ADH.X.IG.DIST,S07,GE02,ADH,X,IG,DIST,1,"Zahl der Spieler mit mindestens 2 Einheiten, Zählung DIST","Plan 12.09., K9 nachträglich",,X,Schwellen der Nebenzählungen
S07.GE02.ADH.X.IG.GTDIST,S07,GE02,ADH,X,IG,GTDIST,1,"Zahl der Spieler mit mindestens 2 Einheiten, Zählung GTDIST","Plan 12.09., K9 nachträglich",,X,Schwellen der Nebenzählungen
S07.GE03.ADH.X.IG.GANZ,S07,GE03,ADH,X,IG,GANZ,1,"Zahl der Spieler mit mindestens 3 Einheiten, Zählung GANZ","Plan 12.09., K9 nachträglich",,A,Tab. H5 Schwellenlandschaft
S07.GE03.ADH.X.IG.GT,S07,GE03,ADH,X,IG,GT,1,"Zahl der Spieler mit mindestens 3 Einheiten, Zählung GT","Plan 12.09., K9 nachträglich",,X,Schwellen der Nebenzählungen
S07.GE03.ADH.X.IG.WOCAP,S07,GE03,ADH,X,IG,WOCAP,1,"Zahl der Spieler mit mindestens 3 Einheiten, Zählung WOCAP","Plan 12.09., K9 nachträglich",,X,Schwellen der Nebenzählungen
S07.GE03.ADH.X.IG.GTWOCAP,S07,GE03,ADH,X,IG,GTWOCAP,1,"Zahl der Spieler mit mindestens 3 Einheiten, Zählung GTWOCAP","Plan 12.09., K9 nachträglich",,X,Schwellen der Nebenzählungen
S07.GE03.ADH.X.IG.DIST,S07,GE03,ADH,X,IG,DIST,1,"Zahl der Spieler mit mindestens 3 Einheiten, Zählung DIST","Plan 12.09., K9 nachträglich",,X,Schwellen der Nebenzählungen
S07.GE03.ADH.X.IG.GTDIST,S07,GE03,ADH,X,IG,GTDIST,1,"Zahl der Spieler mit mindestens 3 Einheiten, Zählung GTDIST","Plan 12.09., K9 nachträglich",,X,Schwellen der Nebenzählungen
S07.GE04.ADH.X.IG.GANZ,S07,GE04,ADH,X,IG,GANZ,1,"Zahl der Spieler mit mindestens 4 Einheiten, Zählung GANZ","Plan 12.09., K9 nachträglich",,A,Tab. H5 Schwellenlandschaft
S07.GE04.ADH.X.IG.GT,S07,GE04,ADH,X,IG,GT,1,"Zahl der Spieler mit mindestens 4 Einheiten, Zählung GT","Plan 12.09., K9 nachträglich",,X,Schwellen der Nebenzählungen
S07.GE04.ADH.X.IG.WOCAP,S07,GE04,ADH,X,IG,WOCAP,1,"Zahl der Spieler mit mindestens 4 Einheiten, Zählung WOCAP","Plan 12.09., K9 nachträglich",,X,Schwellen der Nebenzählungen
S07.GE04.ADH.X.IG.GTWOCAP,S07,GE04,ADH,X,IG,GTWOCAP,1,"Zahl der Spieler mit mindestens 4 Einheiten, Zählung GTWOCAP","Plan 12.09., K9 nachträglich",,X,Schwellen der Nebenzählungen
S07.GE04.ADH.X.IG.DIST,S07,GE04,ADH,X,IG,DIST,1,"Zahl der Spieler mit mindestens 4 Einheiten, Zählung DIST","Plan 12.09., K9 nachträglich",,X,Schwellen der Nebenzählungen
S07.GE04.ADH.X.IG.GTDIST,S07,GE04,ADH,X,IG,GTDIST,1,"Zahl der Spieler mit mindestens 4 Einheiten, Zählung GTDIST","Plan 12.09., K9 nachträglich",,X,Schwellen der Nebenzählungen
S07.GE05.ADH.X.IG.GANZ,S07,GE05,ADH,X,IG,GANZ,1,"Zahl der Spieler mit mindestens 5 Einheiten, Zählung GANZ","Plan 12.09., K9 nachträglich",,A,Tab. H5 Schwellenlandschaft
S07.GE05.ADH.X.IG.GT,S07,GE05,ADH,X,IG,GT,1,"Zahl der Spieler mit mindestens 5 Einheiten, Zählung GT","Plan 12.09., K9 nachträglich",,X,Schwellen der Nebenzählungen
S07.GE05.ADH.X.IG.WOCAP,S07,GE05,ADH,X,IG,WOCAP,1,"Zahl der Spieler mit mindestens 5 Einheiten, Zählung WOCAP","Plan 12.09., K9 nachträglich",,X,Schwellen der Nebenzählungen
S07.GE05.ADH.X.IG.GTWOCAP,S07,GE05,ADH,X,IG,GTWOCAP,1,"Zahl der Spieler mit mindestens 5 Einheiten, Zählung GTWOCAP","Plan 12.09., K9 nachträglich",,X,Schwellen der Nebenzählungen
S07.GE05.ADH.X.IG.DIST,S07,GE05,ADH,X,IG,DIST,1,"Zahl der Spieler mit mindestens 5 Einheiten, Zählung DIST","Plan 12.09., K9 nachträglich",,X,Schwellen der Nebenzählungen
S07.GE05.ADH.X.IG.GTDIST,S07,GE05,ADH,X,IG,GTDIST,1,"Zahl der Spieler mit mindestens 5 Einheiten, Zählung GTDIST","Plan 12.09., K9 nachträglich",,X,Schwellen der Nebenzählungen
S07.GE06.ADH.X.IG.GANZ,S07,GE06,ADH,X,IG,GANZ,1,"Zahl der Spieler mit mindestens 6 Einheiten, Zählung GANZ","Plan 12.09., K9 nachträglich",,A,Tab. H5 Schwellenlandschaft
S07.GE06.ADH.X.IG.GT,S07,GE06,ADH,X,IG,GT,1,"Zahl der Spieler mit mindestens 6 Einheiten, Zählung GT","Plan 12.09., K9 nachträglich",,X,Schwellen der Nebenzählungen
S07.GE06.ADH.X.IG.WOCAP,S07,GE06,ADH,X,IG,WOCAP,1,"Zahl der Spieler mit mindestens 6 Einheiten, Zählung WOCAP","Plan 12.09., K9 nachträglich",,T,5.1 Untergrenzen ≥ 6 und ≥ 9
S07.GE06.ADH.X.IG.GTWOCAP,S07,GE06,ADH,X,IG,GTWOCAP,1,"Zahl der Spieler mit mindestens 6 Einheiten, Zählung GTWOCAP","Plan 12.09., K9 nachträglich",,X,Schwellen der Nebenzählungen
S07.GE06.ADH.X.IG.DIST,S07,GE06,ADH,X,IG,DIST,1,"Zahl der Spieler mit mindestens 6 Einheiten, Zählung DIST","Plan 12.09., K9 nachträglich",,T,5.1 Untergrenzen ≥ 6 und ≥ 9
S07.GE06.ADH.X.IG.GTDIST,S07,GE06,ADH,X,IG,GTDIST,1,"Zahl der Spieler mit mindestens 6 Einheiten, Zählung GTDIST","Plan 12.09., K9 nachträglich",,X,Schwellen der Nebenzählungen
S07.GE07.ADH.X.IG.GANZ,S07,GE07,ADH,X,IG,GANZ,1,"Zahl der Spieler mit mindestens 7 Einheiten, Zählung GANZ","Plan 12.09., K9 nachträglich",,A,Tab. H5 Schwellenlandschaft
S07.GE07.ADH.X.IG.GT,S07,GE07,ADH,X,IG,GT,1,"Zahl der Spieler mit mindestens 7 Einheiten, Zählung GT","Plan 12.09., K9 nachträglich",,X,Schwellen der Nebenzählungen
S07.GE07.ADH.X.IG.WOCAP,S07,GE07,ADH,X,IG,WOCAP,1,"Zahl der Spieler mit mindestens 7 Einheiten, Zählung WOCAP","Plan 12.09., K9 nachträglich",,X,Schwellen der Nebenzählungen
S07.GE07.ADH.X.IG.GTWOCAP,S07,GE07,ADH,X,IG,GTWOCAP,1,"Zahl der Spieler mit mindestens 7 Einheiten, Zählung GTWOCAP","Plan 12.09., K9 nachträglich",,X,Schwellen der Nebenzählungen
S07.GE07.ADH.X.IG.DIST,S07,GE07,ADH,X,IG,DIST,1,"Zahl der Spieler mit mindestens 7 Einheiten, Zählung DIST","Plan 12.09., K9 nachträglich",,X,Schwellen der Nebenzählungen
S07.GE07.ADH.X.IG.GTDIST,S07,GE07,ADH,X,IG,GTDIST,1,"Zahl der Spieler mit mindestens 7 Einheiten, Zählung GTDIST","Plan 12.09., K9 nachträglich",,X,Schwellen der Nebenzählungen
S07.GE08.ADH.X.IG.GANZ,S07,GE08,ADH,X,IG,GANZ,1,"Zahl der Spieler mit mindestens 8 Einheiten, Zählung GANZ","Plan 12.09., K9 nachträglich",,A,Tab. H5 Schwellenlandschaft
S07.GE08.ADH.X.IG.GT,S07,GE08,ADH,X,IG,GT,1,"Zahl der Spieler mit mindestens 8 Einheiten, Zählung GT","Plan 12.09., K9 nachträglich",,X,Schwellen der Nebenzählungen
S07.GE08.ADH.X.IG.WOCAP,S07,GE08,ADH,X,IG,WOCAP,1,"Zahl der Spieler mit mindestens 8 Einheiten, Zählung WOCAP","Plan 12.09., K9 nachträglich",,X,Schwellen der Nebenzählungen
S07.GE08.ADH.X.IG.GTWOCAP,S07,GE08,ADH,X,IG,GTWOCAP,1,"Zahl der Spieler mit mindestens 8 Einheiten, Zählung GTWOCAP","Plan 12.09., K9 nachträglich",,X,Schwellen der Nebenzählungen
S07.GE08.ADH.X.IG.DIST,S07,GE08,ADH,X,IG,DIST,1,"Zahl der Spieler mit mindestens 8 Einheiten, Zählung DIST","Plan 12.09., K9 nachträglich",,X,Schwellen der Nebenzählungen
S07.GE08.ADH.X.IG.GTDIST,S07,GE08,ADH,X,IG,GTDIST,1,"Zahl der Spieler mit mindestens 8 Einheiten, Zählung GTDIST","Plan 12.09., K9 nachträglich",,X,Schwellen der Nebenzählungen
S07.GE09.ADH.X.IG.GANZ,S07,GE09,ADH,X,IG,GANZ,1,"Zahl der Spieler mit mindestens 9 Einheiten, Zählung GANZ","Plan 12.09., K9 nachträglich",,A,Tab. H5 Schwellenlandschaft
S07.GE09.ADH.X.IG.GT,S07,GE09,ADH,X,IG,GT,1,"Zahl der Spieler mit mindestens 9 Einheiten, Zählung GT","Plan 12.09., K9 nachträglich",,X,Schwellen der Nebenzählungen
S07.GE09.ADH.X.IG.WOCAP,S07,GE09,ADH,X,IG,WOCAP,1,"Zahl der Spieler mit mindestens 9 Einheiten, Zählung WOCAP","Plan 12.09., K9 nachträglich",,T,5.1 Untergrenzen ≥ 6 und ≥ 9
S07.GE09.ADH.X.IG.GTWOCAP,S07,GE09,ADH,X,IG,GTWOCAP,1,"Zahl der Spieler mit mindestens 9 Einheiten, Zählung GTWOCAP","Plan 12.09., K9 nachträglich",,X,Schwellen der Nebenzählungen
S07.GE09.ADH.X.IG.DIST,S07,GE09,ADH,X,IG,DIST,1,"Zahl der Spieler mit mindestens 9 Einheiten, Zählung DIST","Plan 12.09., K9 nachträglich",,T,5.1 Untergrenzen ≥ 6 und ≥ 9
S07.GE09.ADH.X.IG.GTDIST,S07,GE09,ADH,X,IG,GTDIST,1,"Zahl der Spieler mit mindestens 9 Einheiten, Zählung GTDIST","Plan 12.09., K9 nachträglich",,X,Schwellen der Nebenzählungen
S07.GE10.ADH.X.IG.GANZ,S07,GE10,ADH,X,IG,GANZ,1,"Zahl der Spieler mit mindestens 10 Einheiten, Zählung GANZ","Plan 12.09., K9 nachträglich",,A,Tab. H5 Schwellenlandschaft
S07.GE10.ADH.X.IG.GT,S07,GE10,ADH,X,IG,GT,1,"Zahl der Spieler mit mindestens 10 Einheiten, Zählung GT","Plan 12.09., K9 nachträglich",,X,Schwellen der Nebenzählungen
S07.GE10.ADH.X.IG.WOCAP,S07,GE10,ADH,X,IG,WOCAP,1,"Zahl der Spieler mit mindestens 10 Einheiten, Zählung WOCAP","Plan 12.09., K9 nachträglich",,X,Schwellen der Nebenzählungen
S07.GE10.ADH.X.IG.GTWOCAP,S07,GE10,ADH,X,IG,GTWOCAP,1,"Zahl der Spieler mit mindestens 10 Einheiten, Zählung GTWOCAP","Plan 12.09., K9 nachträglich",,X,Schwellen der Nebenzählungen
S07.GE10.ADH.X.IG.DIST,S07,GE10,ADH,X,IG,DIST,1,"Zahl der Spieler mit mindestens 10 Einheiten, Zählung DIST","Plan 12.09., K9 nachträglich",,X,Schwellen der Nebenzählungen
S07.GE10.ADH.X.IG.GTDIST,S07,GE10,ADH,X,IG,GTDIST,1,"Zahl der Spieler mit mindestens 10 Einheiten, Zählung GTDIST","Plan 12.09., K9 nachträglich",,X,Schwellen der Nebenzählungen
S07.GE11.ADH.X.IG.GANZ,S07,GE11,ADH,X,IG,GANZ,1,"Zahl der Spieler mit mindestens 11 Einheiten, Zählung GANZ","Plan 12.09., K9 nachträglich",,A,Tab. H5 Schwellenlandschaft
S07.GE11.ADH.X.IG.GT,S07,GE11,ADH,X,IG,GT,1,"Zahl der Spieler mit mindestens 11 Einheiten, Zählung GT","Plan 12.09., K9 nachträglich",,X,Schwellen der Nebenzählungen
S07.GE11.ADH.X.IG.WOCAP,S07,GE11,ADH,X,IG,WOCAP,1,"Zahl der Spieler mit mindestens 11 Einheiten, Zählung WOCAP","Plan 12.09., K9 nachträglich",,X,Schwellen der Nebenzählungen
S07.GE11.ADH.X.IG.GTWOCAP,S07,GE11,ADH,X,IG,GTWOCAP,1,"Zahl der Spieler mit mindestens 11 Einheiten, Zählung GTWOCAP","Plan 12.09., K9 nachträglich",,X,Schwellen der Nebenzählungen
S07.GE11.ADH.X.IG.DIST,S07,GE11,ADH,X,IG,DIST,1,"Zahl der Spieler mit mindestens 11 Einheiten, Zählung DIST","Plan 12.09., K9 nachträglich",,X,Schwellen der Nebenzählungen
S07.GE11.ADH.X.IG.GTDIST,S07,GE11,ADH,X,IG,GTDIST,1,"Zahl der Spieler mit mindestens 11 Einheiten, Zählung GTDIST","Plan 12.09., K9 nachträglich",,X,Schwellen der Nebenzählungen
S07.GE12.ADH.X.IG.GANZ,S07,GE12,ADH,X,IG,GANZ,1,"Zahl der Spieler mit mindestens 12 Einheiten, Zählung GANZ","Plan 12.09., K9 nachträglich",,A,Tab. H5 Schwellenlandschaft
S07.GE12.ADH.X.IG.GT,S07,GE12,ADH,X,IG,GT,1,"Zahl der Spieler mit mindestens 12 Einheiten, Zählung GT","Plan 12.09., K9 nachträglich",,X,Schwellen der Nebenzählungen
S07.GE12.ADH.X.IG.WOCAP,S07,GE12,ADH,X,IG,WOCAP,1,"Zahl der Spieler mit mindestens 12 Einheiten, Zählung WOCAP","Plan 12.09., K9 nachträglich",,X,Schwellen der Nebenzählungen
S07.GE12.ADH.X.IG.GTWOCAP,S07,GE12,ADH,X,IG,GTWOCAP,1,"Zahl der Spieler mit mindestens 12 Einheiten, Zählung GTWOCAP","Plan 12.09., K9 nachträglich",,X,Schwellen der Nebenzählungen
S07.GE12.ADH.X.IG.DIST,S07,GE12,ADH,X,IG,DIST,1,"Zahl der Spieler mit mindestens 12 Einheiten, Zählung DIST","Plan 12.09., K9 nachträglich",,X,Schwellen der Nebenzählungen
S07.GE12.ADH.X.IG.GTDIST,S07,GE12,ADH,X,IG,GTDIST,1,"Zahl der Spieler mit mindestens 12 Einheiten, Zählung GTDIST","Plan 12.09., K9 nachträglich",,X,Schwellen der Nebenzählungen
S07.MED.ADH.X.IG.GANZ,S07,MED,ADH,X,IG,GANZ,Einheiten,"Median je zugeteiltem Spieler, Zählung GANZ","Plan 12.09., K9 nachträglich",,T,5.1 Median je Spieler
S07.MED.ADH.X.IG.GT,S07,MED,ADH,X,IG,GT,Einheiten,"Median je zugeteiltem Spieler, Zählung GT","Plan 12.09., K9 nachträglich",,X,Lagemaß der Nebenzählungen
S07.MED.ADH.X.IG.WOCAP,S07,MED,ADH,X,IG,WOCAP,Einheiten,"Median je zugeteiltem Spieler, Zählung WOCAP","Plan 12.09., K9 nachträglich",,X,Lagemaß der Nebenzählungen
S07.MED.ADH.X.IG.GTWOCAP,S07,MED,ADH,X,IG,GTWOCAP,Einheiten,"Median je zugeteiltem Spieler, Zählung GTWOCAP","Plan 12.09., K9 nachträglich",,X,Lagemaß der Nebenzählungen
S07.MED.ADH.X.IG.DIST,S07,MED,ADH,X,IG,DIST,Einheiten,"Median je zugeteiltem Spieler, Zählung DIST","Plan 12.09., K9 nachträglich",,X,Lagemaß der Nebenzählungen
S07.MED.ADH.X.IG.GTDIST,S07,MED,ADH,X,IG,GTDIST,Einheiten,"Median je zugeteiltem Spieler, Zählung GTDIST","Plan 12.09., K9 nachträglich",,X,Lagemaß der Nebenzählungen
S07.MITT.ADH.X.IG.GANZ,S07,MITT,ADH,X,IG,GANZ,Einheiten,"Mittel je zugeteiltem Spieler, Zählung GANZ","Plan 12.09., K9 nachträglich",,T,5.1 Median je Spieler
S07.MITT.ADH.X.IG.GT,S07,MITT,ADH,X,IG,GT,Einheiten,"Mittel je zugeteiltem Spieler, Zählung GT","Plan 12.09., K9 nachträglich",,X,Lagemaß der Nebenzählungen
S07.MITT.ADH.X.IG.WOCAP,S07,MITT,ADH,X,IG,WOCAP,Einheiten,"Mittel je zugeteiltem Spieler, Zählung WOCAP","Plan 12.09., K9 nachträglich",,X,Lagemaß der Nebenzählungen
S07.MITT.ADH.X.IG.GTWOCAP,S07,MITT,ADH,X,IG,GTWOCAP,Einheiten,"Mittel je zugeteiltem Spieler, Zählung GTWOCAP","Plan 12.09., K9 nachträglich",,X,Lagemaß der Nebenzählungen
S07.MITT.ADH.X.IG.DIST,S07,MITT,ADH,X,IG,DIST,Einheiten,"Mittel je zugeteiltem Spieler, Zählung DIST","Plan 12.09., K9 nachträglich",,X,Lagemaß der Nebenzählungen
S07.MITT.ADH.X.IG.GTDIST,S07,MITT,ADH,X,IG,GTDIST,Einheiten,"Mittel je zugeteiltem Spieler, Zählung GTDIST","Plan 12.09., K9 nachträglich",,X,Lagemaß der Nebenzählungen
S07.MEDM.ADH.X.IG.GANZ,S07,MEDM,ADH,X,IG,GANZ,Einheiten,"Median über Spieler mit mindestens einer Meldung, Zählung GANZ",Plan 12.09.,,X,Lagemaß nur über Melder
S07.MEDM.ADH.X.IG.GT,S07,MEDM,ADH,X,IG,GT,Einheiten,"Median über Spieler mit mindestens einer Meldung, Zählung GT",Plan 12.09.,,X,Lagemaß nur über Melder
S07.MEDM.ADH.X.IG.WOCAP,S07,MEDM,ADH,X,IG,WOCAP,Einheiten,"Median über Spieler mit mindestens einer Meldung, Zählung WOCAP",Plan 12.09.,,X,Lagemaß nur über Melder
S07.MEDM.ADH.X.IG.GTWOCAP,S07,MEDM,ADH,X,IG,GTWOCAP,Einheiten,"Median über Spieler mit mindestens einer Meldung, Zählung GTWOCAP",Plan 12.09.,,X,Lagemaß nur über Melder
S07.MEDM.ADH.X.IG.DIST,S07,MEDM,ADH,X,IG,DIST,Einheiten,"Median über Spieler mit mindestens einer Meldung, Zählung DIST",Plan 12.09.,,X,Lagemaß nur über Melder
S07.MEDM.ADH.X.IG.GTDIST,S07,MEDM,ADH,X,IG,GTDIST,Einheiten,"Median über Spieler mit mindestens einer Meldung, Zählung GTDIST",Plan 12.09.,,X,Lagemaß nur über Melder
S07.MITTM.ADH.X.IG.GANZ,S07,MITTM,ADH,X,IG,GANZ,Einheiten,"Mittel über Spieler mit mindestens einer Meldung, Zählung GANZ",Plan 12.09.,,X,Lagemaß nur über Melder
S07.MITTM.ADH.X.IG.GT,S07,MITTM,ADH,X,IG,GT,Einheiten,"Mittel über Spieler mit mindestens einer Meldung, Zählung GT",Plan 12.09.,,X,Lagemaß nur über Melder
S07.MITTM.ADH.X.IG.WOCAP,S07,MITTM,ADH,X,IG,WOCAP,Einheiten,"Mittel über Spieler mit mindestens einer Meldung, Zählung WOCAP",Plan 12.09.,,X,Lagemaß nur über Melder
S07.MITTM.ADH.X.IG.GTWOCAP,S07,MITTM,ADH,X,IG,GTWOCAP,Einheiten,"Mittel über Spieler mit mindestens einer Meldung, Zählung GTWOCAP",Plan 12.09.,,X,Lagemaß nur über Melder
S07.MITTM.ADH.X.IG.DIST,S07,MITTM,ADH,X,IG,DIST,Einheiten,"Mittel über Spieler mit mindestens einer Meldung, Zählung DIST",Plan 12.09.,,X,Lagemaß nur über Melder
S07.MITTM.ADH.X.IG.GTDIST,S07,MITTM,ADH,X,IG,GTDIST,Einheiten,"Mittel über Spieler mit mindestens einer Meldung, Zählung GTDIST",Plan 12.09.,,X,Lagemaß nur über Melder
S07.NMELDSP.ADH.X.IG.X,S07,NMELDSP,ADH,X,IG,X,1,Zahl der IG-Spieler mit mindestens einer Meldung,Plan 12.09.,,A,Tab. H2 Anmerkung
S07.NMELDW.FB.W1.IG.ALLE,S07,NMELDW,FB,W1,IG,ALLE,1,"Meldungen der Programmwoche (Kalenderregel), Status ALLE, Menge IG",Plan 12.09.,,X,"Wochen-, Fenster- und Blockzählungen ohne Aussage"
S07.NMELDW.FB.W1.IG.GANZ,S07,NMELDW,FB,W1,IG,GANZ,1,"Meldungen der Programmwoche (Kalenderregel), Status GANZ, Menge IG",Plan 12.09.,,X,"Wochen-, Fenster- und Blockzählungen ohne Aussage"
S07.NMELDW.FB.W1.IG.TEILW,S07,NMELDW,FB,W1,IG,TEILW,1,"Meldungen der Programmwoche (Kalenderregel), Status TEILW, Menge IG",Plan 12.09.,,X,"Wochen-, Fenster- und Blockzählungen ohne Aussage"
S07.NMELDW.FB.W1.IG.GARN,S07,NMELDW,FB,W1,IG,GARN,1,"Meldungen der Programmwoche (Kalenderregel), Status GARN, Menge IG",Plan 12.09.,,X,"Wochen-, Fenster- und Blockzählungen ohne Aussage"
S07.NMELDW.FB.W1.IG.GT,S07,NMELDW,FB,W1,IG,GT,1,"Meldungen der Programmwoche (Kalenderregel), Status GT, Menge IG",Plan 12.09.,,X,"Wochen-, Fenster- und Blockzählungen ohne Aussage"
S07.NMELDW.FB.W1.VA.ALLE,S07,NMELDW,FB,W1,VA,ALLE,1,"Meldungen der Programmwoche (Kalenderregel), Status ALLE, Menge VA",Plan 12.09.,,X,"Wochen-, Fenster- und Blockzählungen ohne Aussage"
S07.NMELDW.FB.W1.VA.GANZ,S07,NMELDW,FB,W1,VA,GANZ,1,"Meldungen der Programmwoche (Kalenderregel), Status GANZ, Menge VA",Plan 12.09.,,X,"Wochen-, Fenster- und Blockzählungen ohne Aussage"
S07.NMELDW.FB.W1.VA.TEILW,S07,NMELDW,FB,W1,VA,TEILW,1,"Meldungen der Programmwoche (Kalenderregel), Status TEILW, Menge VA",Plan 12.09.,,X,"Wochen-, Fenster- und Blockzählungen ohne Aussage"
S07.NMELDW.FB.W1.VA.GARN,S07,NMELDW,FB,W1,VA,GARN,1,"Meldungen der Programmwoche (Kalenderregel), Status GARN, Menge VA",Plan 12.09.,,X,"Wochen-, Fenster- und Blockzählungen ohne Aussage"
S07.NMELDW.FB.W1.VA.GT,S07,NMELDW,FB,W1,VA,GT,1,"Meldungen der Programmwoche (Kalenderregel), Status GT, Menge VA",Plan 12.09.,,X,"Wochen-, Fenster- und Blockzählungen ohne Aussage"
S07.NMELDW.FB.W1.VB.ALLE,S07,NMELDW,FB,W1,VB,ALLE,1,"Meldungen der Programmwoche (Kalenderregel), Status ALLE, Menge VB",Plan 12.09.,,X,"Wochen-, Fenster- und Blockzählungen ohne Aussage"
S07.NMELDW.FB.W1.VB.GANZ,S07,NMELDW,FB,W1,VB,GANZ,1,"Meldungen der Programmwoche (Kalenderregel), Status GANZ, Menge VB",Plan 12.09.,,X,"Wochen-, Fenster- und Blockzählungen ohne Aussage"
S07.NMELDW.FB.W1.VB.TEILW,S07,NMELDW,FB,W1,VB,TEILW,1,"Meldungen der Programmwoche (Kalenderregel), Status TEILW, Menge VB",Plan 12.09.,,X,"Wochen-, Fenster- und Blockzählungen ohne Aussage"
S07.NMELDW.FB.W1.VB.GARN,S07,NMELDW,FB,W1,VB,GARN,1,"Meldungen der Programmwoche (Kalenderregel), Status GARN, Menge VB",Plan 12.09.,,X,"Wochen-, Fenster- und Blockzählungen ohne Aussage"
S07.NMELDW.FB.W1.VB.GT,S07,NMELDW,FB,W1,VB,GT,1,"Meldungen der Programmwoche (Kalenderregel), Status GT, Menge VB",Plan 12.09.,,X,"Wochen-, Fenster- und Blockzählungen ohne Aussage"
S07.NMELDW.FB.W2.IG.ALLE,S07,NMELDW,FB,W2,IG,ALLE,1,"Meldungen der Programmwoche (Kalenderregel), Status ALLE, Menge IG",Plan 12.09.,,X,"Wochen-, Fenster- und Blockzählungen ohne Aussage"
S07.NMELDW.FB.W2.IG.GANZ,S07,NMELDW,FB,W2,IG,GANZ,1,"Meldungen der Programmwoche (Kalenderregel), Status GANZ, Menge IG",Plan 12.09.,,X,"Wochen-, Fenster- und Blockzählungen ohne Aussage"
S07.NMELDW.FB.W2.IG.TEILW,S07,NMELDW,FB,W2,IG,TEILW,1,"Meldungen der Programmwoche (Kalenderregel), Status TEILW, Menge IG",Plan 12.09.,,X,"Wochen-, Fenster- und Blockzählungen ohne Aussage"
S07.NMELDW.FB.W2.IG.GARN,S07,NMELDW,FB,W2,IG,GARN,1,"Meldungen der Programmwoche (Kalenderregel), Status GARN, Menge IG",Plan 12.09.,,X,"Wochen-, Fenster- und Blockzählungen ohne Aussage"
S07.NMELDW.FB.W2.IG.GT,S07,NMELDW,FB,W2,IG,GT,1,"Meldungen der Programmwoche (Kalenderregel), Status GT, Menge IG",Plan 12.09.,,X,"Wochen-, Fenster- und Blockzählungen ohne Aussage"
S07.NMELDW.FB.W2.VA.ALLE,S07,NMELDW,FB,W2,VA,ALLE,1,"Meldungen der Programmwoche (Kalenderregel), Status ALLE, Menge VA",Plan 12.09.,,X,"Wochen-, Fenster- und Blockzählungen ohne Aussage"
S07.NMELDW.FB.W2.VA.GANZ,S07,NMELDW,FB,W2,VA,GANZ,1,"Meldungen der Programmwoche (Kalenderregel), Status GANZ, Menge VA",Plan 12.09.,,X,"Wochen-, Fenster- und Blockzählungen ohne Aussage"
S07.NMELDW.FB.W2.VA.TEILW,S07,NMELDW,FB,W2,VA,TEILW,1,"Meldungen der Programmwoche (Kalenderregel), Status TEILW, Menge VA",Plan 12.09.,,X,"Wochen-, Fenster- und Blockzählungen ohne Aussage"
S07.NMELDW.FB.W2.VA.GARN,S07,NMELDW,FB,W2,VA,GARN,1,"Meldungen der Programmwoche (Kalenderregel), Status GARN, Menge VA",Plan 12.09.,,X,"Wochen-, Fenster- und Blockzählungen ohne Aussage"
S07.NMELDW.FB.W2.VA.GT,S07,NMELDW,FB,W2,VA,GT,1,"Meldungen der Programmwoche (Kalenderregel), Status GT, Menge VA",Plan 12.09.,,X,"Wochen-, Fenster- und Blockzählungen ohne Aussage"
S07.NMELDW.FB.W2.VB.ALLE,S07,NMELDW,FB,W2,VB,ALLE,1,"Meldungen der Programmwoche (Kalenderregel), Status ALLE, Menge VB",Plan 12.09.,,X,"Wochen-, Fenster- und Blockzählungen ohne Aussage"
S07.NMELDW.FB.W2.VB.GANZ,S07,NMELDW,FB,W2,VB,GANZ,1,"Meldungen der Programmwoche (Kalenderregel), Status GANZ, Menge VB",Plan 12.09.,,X,"Wochen-, Fenster- und Blockzählungen ohne Aussage"
S07.NMELDW.FB.W2.VB.TEILW,S07,NMELDW,FB,W2,VB,TEILW,1,"Meldungen der Programmwoche (Kalenderregel), Status TEILW, Menge VB",Plan 12.09.,,X,"Wochen-, Fenster- und Blockzählungen ohne Aussage"
S07.NMELDW.FB.W2.VB.GARN,S07,NMELDW,FB,W2,VB,GARN,1,"Meldungen der Programmwoche (Kalenderregel), Status GARN, Menge VB",Plan 12.09.,,X,"Wochen-, Fenster- und Blockzählungen ohne Aussage"
S07.NMELDW.FB.W2.VB.GT,S07,NMELDW,FB,W2,VB,GT,1,"Meldungen der Programmwoche (Kalenderregel), Status GT, Menge VB",Plan 12.09.,,X,"Wochen-, Fenster- und Blockzählungen ohne Aussage"
S07.NMELDW.FB.W3.IG.ALLE,S07,NMELDW,FB,W3,IG,ALLE,1,"Meldungen der Programmwoche (Kalenderregel), Status ALLE, Menge IG",Plan 12.09.,,X,"Wochen-, Fenster- und Blockzählungen ohne Aussage"
S07.NMELDW.FB.W3.IG.GANZ,S07,NMELDW,FB,W3,IG,GANZ,1,"Meldungen der Programmwoche (Kalenderregel), Status GANZ, Menge IG",Plan 12.09.,,X,"Wochen-, Fenster- und Blockzählungen ohne Aussage"
S07.NMELDW.FB.W3.IG.TEILW,S07,NMELDW,FB,W3,IG,TEILW,1,"Meldungen der Programmwoche (Kalenderregel), Status TEILW, Menge IG",Plan 12.09.,,X,"Wochen-, Fenster- und Blockzählungen ohne Aussage"
S07.NMELDW.FB.W3.IG.GARN,S07,NMELDW,FB,W3,IG,GARN,1,"Meldungen der Programmwoche (Kalenderregel), Status GARN, Menge IG",Plan 12.09.,,X,"Wochen-, Fenster- und Blockzählungen ohne Aussage"
S07.NMELDW.FB.W3.IG.GT,S07,NMELDW,FB,W3,IG,GT,1,"Meldungen der Programmwoche (Kalenderregel), Status GT, Menge IG",Plan 12.09.,,X,"Wochen-, Fenster- und Blockzählungen ohne Aussage"
S07.NMELDW.FB.W3.VA.ALLE,S07,NMELDW,FB,W3,VA,ALLE,1,"Meldungen der Programmwoche (Kalenderregel), Status ALLE, Menge VA",Plan 12.09.,,X,"Wochen-, Fenster- und Blockzählungen ohne Aussage"
S07.NMELDW.FB.W3.VA.GANZ,S07,NMELDW,FB,W3,VA,GANZ,1,"Meldungen der Programmwoche (Kalenderregel), Status GANZ, Menge VA",Plan 12.09.,,X,"Wochen-, Fenster- und Blockzählungen ohne Aussage"
S07.NMELDW.FB.W3.VA.TEILW,S07,NMELDW,FB,W3,VA,TEILW,1,"Meldungen der Programmwoche (Kalenderregel), Status TEILW, Menge VA",Plan 12.09.,,X,"Wochen-, Fenster- und Blockzählungen ohne Aussage"
S07.NMELDW.FB.W3.VA.GARN,S07,NMELDW,FB,W3,VA,GARN,1,"Meldungen der Programmwoche (Kalenderregel), Status GARN, Menge VA",Plan 12.09.,,X,"Wochen-, Fenster- und Blockzählungen ohne Aussage"
S07.NMELDW.FB.W3.VA.GT,S07,NMELDW,FB,W3,VA,GT,1,"Meldungen der Programmwoche (Kalenderregel), Status GT, Menge VA",Plan 12.09.,,X,"Wochen-, Fenster- und Blockzählungen ohne Aussage"
S07.NMELDW.FB.W3.VB.ALLE,S07,NMELDW,FB,W3,VB,ALLE,1,"Meldungen der Programmwoche (Kalenderregel), Status ALLE, Menge VB",Plan 12.09.,,X,"Wochen-, Fenster- und Blockzählungen ohne Aussage"
S07.NMELDW.FB.W3.VB.GANZ,S07,NMELDW,FB,W3,VB,GANZ,1,"Meldungen der Programmwoche (Kalenderregel), Status GANZ, Menge VB",Plan 12.09.,,X,"Wochen-, Fenster- und Blockzählungen ohne Aussage"
S07.NMELDW.FB.W3.VB.TEILW,S07,NMELDW,FB,W3,VB,TEILW,1,"Meldungen der Programmwoche (Kalenderregel), Status TEILW, Menge VB",Plan 12.09.,,X,"Wochen-, Fenster- und Blockzählungen ohne Aussage"
S07.NMELDW.FB.W3.VB.GARN,S07,NMELDW,FB,W3,VB,GARN,1,"Meldungen der Programmwoche (Kalenderregel), Status GARN, Menge VB",Plan 12.09.,,X,"Wochen-, Fenster- und Blockzählungen ohne Aussage"
S07.NMELDW.FB.W3.VB.GT,S07,NMELDW,FB,W3,VB,GT,1,"Meldungen der Programmwoche (Kalenderregel), Status GT, Menge VB",Plan 12.09.,,X,"Wochen-, Fenster- und Blockzählungen ohne Aussage"
S07.NMELDW.FB.W4.IG.ALLE,S07,NMELDW,FB,W4,IG,ALLE,1,"Meldungen der Programmwoche (Kalenderregel), Status ALLE, Menge IG",Plan 12.09.,,X,"Wochen-, Fenster- und Blockzählungen ohne Aussage"
S07.NMELDW.FB.W4.IG.GANZ,S07,NMELDW,FB,W4,IG,GANZ,1,"Meldungen der Programmwoche (Kalenderregel), Status GANZ, Menge IG",Plan 12.09.,,X,"Wochen-, Fenster- und Blockzählungen ohne Aussage"
S07.NMELDW.FB.W4.IG.TEILW,S07,NMELDW,FB,W4,IG,TEILW,1,"Meldungen der Programmwoche (Kalenderregel), Status TEILW, Menge IG",Plan 12.09.,,X,"Wochen-, Fenster- und Blockzählungen ohne Aussage"
S07.NMELDW.FB.W4.IG.GARN,S07,NMELDW,FB,W4,IG,GARN,1,"Meldungen der Programmwoche (Kalenderregel), Status GARN, Menge IG",Plan 12.09.,,X,"Wochen-, Fenster- und Blockzählungen ohne Aussage"
S07.NMELDW.FB.W4.IG.GT,S07,NMELDW,FB,W4,IG,GT,1,"Meldungen der Programmwoche (Kalenderregel), Status GT, Menge IG",Plan 12.09.,,X,"Wochen-, Fenster- und Blockzählungen ohne Aussage"
S07.NMELDW.FB.W4.VA.ALLE,S07,NMELDW,FB,W4,VA,ALLE,1,"Meldungen der Programmwoche (Kalenderregel), Status ALLE, Menge VA",Plan 12.09.,,X,"Wochen-, Fenster- und Blockzählungen ohne Aussage"
S07.NMELDW.FB.W4.VA.GANZ,S07,NMELDW,FB,W4,VA,GANZ,1,"Meldungen der Programmwoche (Kalenderregel), Status GANZ, Menge VA",Plan 12.09.,,X,"Wochen-, Fenster- und Blockzählungen ohne Aussage"
S07.NMELDW.FB.W4.VA.TEILW,S07,NMELDW,FB,W4,VA,TEILW,1,"Meldungen der Programmwoche (Kalenderregel), Status TEILW, Menge VA",Plan 12.09.,,X,"Wochen-, Fenster- und Blockzählungen ohne Aussage"
S07.NMELDW.FB.W4.VA.GARN,S07,NMELDW,FB,W4,VA,GARN,1,"Meldungen der Programmwoche (Kalenderregel), Status GARN, Menge VA",Plan 12.09.,,X,"Wochen-, Fenster- und Blockzählungen ohne Aussage"
S07.NMELDW.FB.W4.VA.GT,S07,NMELDW,FB,W4,VA,GT,1,"Meldungen der Programmwoche (Kalenderregel), Status GT, Menge VA",Plan 12.09.,,X,"Wochen-, Fenster- und Blockzählungen ohne Aussage"
S07.NMELDW.FB.W4.VB.ALLE,S07,NMELDW,FB,W4,VB,ALLE,1,"Meldungen der Programmwoche (Kalenderregel), Status ALLE, Menge VB",Plan 12.09.,,X,"Wochen-, Fenster- und Blockzählungen ohne Aussage"
S07.NMELDW.FB.W4.VB.GANZ,S07,NMELDW,FB,W4,VB,GANZ,1,"Meldungen der Programmwoche (Kalenderregel), Status GANZ, Menge VB",Plan 12.09.,,X,"Wochen-, Fenster- und Blockzählungen ohne Aussage"
S07.NMELDW.FB.W4.VB.TEILW,S07,NMELDW,FB,W4,VB,TEILW,1,"Meldungen der Programmwoche (Kalenderregel), Status TEILW, Menge VB",Plan 12.09.,,X,"Wochen-, Fenster- und Blockzählungen ohne Aussage"
S07.NMELDW.FB.W4.VB.GARN,S07,NMELDW,FB,W4,VB,GARN,1,"Meldungen der Programmwoche (Kalenderregel), Status GARN, Menge VB",Plan 12.09.,,X,"Wochen-, Fenster- und Blockzählungen ohne Aussage"
S07.NMELDW.FB.W4.VB.GT,S07,NMELDW,FB,W4,VB,GT,1,"Meldungen der Programmwoche (Kalenderregel), Status GT, Menge VB",Plan 12.09.,,X,"Wochen-, Fenster- und Blockzählungen ohne Aussage"
S07.NMELDW.FB.W5.IG.ALLE,S07,NMELDW,FB,W5,IG,ALLE,1,"Meldungen der Programmwoche (Kalenderregel), Status ALLE, Menge IG",Plan 12.09.,,X,"Wochen-, Fenster- und Blockzählungen ohne Aussage"
S07.NMELDW.FB.W5.IG.GANZ,S07,NMELDW,FB,W5,IG,GANZ,1,"Meldungen der Programmwoche (Kalenderregel), Status GANZ, Menge IG",Plan 12.09.,,X,"Wochen-, Fenster- und Blockzählungen ohne Aussage"
S07.NMELDW.FB.W5.IG.TEILW,S07,NMELDW,FB,W5,IG,TEILW,1,"Meldungen der Programmwoche (Kalenderregel), Status TEILW, Menge IG",Plan 12.09.,,X,"Wochen-, Fenster- und Blockzählungen ohne Aussage"
S07.NMELDW.FB.W5.IG.GARN,S07,NMELDW,FB,W5,IG,GARN,1,"Meldungen der Programmwoche (Kalenderregel), Status GARN, Menge IG",Plan 12.09.,,X,"Wochen-, Fenster- und Blockzählungen ohne Aussage"
S07.NMELDW.FB.W5.IG.GT,S07,NMELDW,FB,W5,IG,GT,1,"Meldungen der Programmwoche (Kalenderregel), Status GT, Menge IG",Plan 12.09.,,X,"Wochen-, Fenster- und Blockzählungen ohne Aussage"
S07.NMELDW.FB.W5.VA.ALLE,S07,NMELDW,FB,W5,VA,ALLE,1,"Meldungen der Programmwoche (Kalenderregel), Status ALLE, Menge VA",Plan 12.09.,,X,"Wochen-, Fenster- und Blockzählungen ohne Aussage"
S07.NMELDW.FB.W5.VA.GANZ,S07,NMELDW,FB,W5,VA,GANZ,1,"Meldungen der Programmwoche (Kalenderregel), Status GANZ, Menge VA",Plan 12.09.,,X,"Wochen-, Fenster- und Blockzählungen ohne Aussage"
S07.NMELDW.FB.W5.VA.TEILW,S07,NMELDW,FB,W5,VA,TEILW,1,"Meldungen der Programmwoche (Kalenderregel), Status TEILW, Menge VA",Plan 12.09.,,X,"Wochen-, Fenster- und Blockzählungen ohne Aussage"
S07.NMELDW.FB.W5.VA.GARN,S07,NMELDW,FB,W5,VA,GARN,1,"Meldungen der Programmwoche (Kalenderregel), Status GARN, Menge VA",Plan 12.09.,,X,"Wochen-, Fenster- und Blockzählungen ohne Aussage"
S07.NMELDW.FB.W5.VA.GT,S07,NMELDW,FB,W5,VA,GT,1,"Meldungen der Programmwoche (Kalenderregel), Status GT, Menge VA",Plan 12.09.,,X,"Wochen-, Fenster- und Blockzählungen ohne Aussage"
S07.NMELDW.FB.W5.VB.ALLE,S07,NMELDW,FB,W5,VB,ALLE,1,"Meldungen der Programmwoche (Kalenderregel), Status ALLE, Menge VB",Plan 12.09.,,X,"Wochen-, Fenster- und Blockzählungen ohne Aussage"
S07.NMELDW.FB.W5.VB.GANZ,S07,NMELDW,FB,W5,VB,GANZ,1,"Meldungen der Programmwoche (Kalenderregel), Status GANZ, Menge VB",Plan 12.09.,,X,"Wochen-, Fenster- und Blockzählungen ohne Aussage"
S07.NMELDW.FB.W5.VB.TEILW,S07,NMELDW,FB,W5,VB,TEILW,1,"Meldungen der Programmwoche (Kalenderregel), Status TEILW, Menge VB",Plan 12.09.,,X,"Wochen-, Fenster- und Blockzählungen ohne Aussage"
S07.NMELDW.FB.W5.VB.GARN,S07,NMELDW,FB,W5,VB,GARN,1,"Meldungen der Programmwoche (Kalenderregel), Status GARN, Menge VB",Plan 12.09.,,X,"Wochen-, Fenster- und Blockzählungen ohne Aussage"
S07.NMELDW.FB.W5.VB.GT,S07,NMELDW,FB,W5,VB,GT,1,"Meldungen der Programmwoche (Kalenderregel), Status GT, Menge VB",Plan 12.09.,,X,"Wochen-, Fenster- und Blockzählungen ohne Aussage"
S07.NMELDW.FB.W6.IG.ALLE,S07,NMELDW,FB,W6,IG,ALLE,1,"Meldungen der Programmwoche (Kalenderregel), Status ALLE, Menge IG",Plan 12.09.,,X,"Wochen-, Fenster- und Blockzählungen ohne Aussage"
S07.NMELDW.FB.W6.IG.GANZ,S07,NMELDW,FB,W6,IG,GANZ,1,"Meldungen der Programmwoche (Kalenderregel), Status GANZ, Menge IG",Plan 12.09.,,X,"Wochen-, Fenster- und Blockzählungen ohne Aussage"
S07.NMELDW.FB.W6.IG.TEILW,S07,NMELDW,FB,W6,IG,TEILW,1,"Meldungen der Programmwoche (Kalenderregel), Status TEILW, Menge IG",Plan 12.09.,,X,"Wochen-, Fenster- und Blockzählungen ohne Aussage"
S07.NMELDW.FB.W6.IG.GARN,S07,NMELDW,FB,W6,IG,GARN,1,"Meldungen der Programmwoche (Kalenderregel), Status GARN, Menge IG",Plan 12.09.,,X,"Wochen-, Fenster- und Blockzählungen ohne Aussage"
S07.NMELDW.FB.W6.IG.GT,S07,NMELDW,FB,W6,IG,GT,1,"Meldungen der Programmwoche (Kalenderregel), Status GT, Menge IG",Plan 12.09.,,X,"Wochen-, Fenster- und Blockzählungen ohne Aussage"
S07.NMELDW.FB.W6.VA.ALLE,S07,NMELDW,FB,W6,VA,ALLE,1,"Meldungen der Programmwoche (Kalenderregel), Status ALLE, Menge VA",Plan 12.09.,,X,"Wochen-, Fenster- und Blockzählungen ohne Aussage"
S07.NMELDW.FB.W6.VA.GANZ,S07,NMELDW,FB,W6,VA,GANZ,1,"Meldungen der Programmwoche (Kalenderregel), Status GANZ, Menge VA",Plan 12.09.,,X,"Wochen-, Fenster- und Blockzählungen ohne Aussage"
S07.NMELDW.FB.W6.VA.TEILW,S07,NMELDW,FB,W6,VA,TEILW,1,"Meldungen der Programmwoche (Kalenderregel), Status TEILW, Menge VA",Plan 12.09.,,X,"Wochen-, Fenster- und Blockzählungen ohne Aussage"
S07.NMELDW.FB.W6.VA.GARN,S07,NMELDW,FB,W6,VA,GARN,1,"Meldungen der Programmwoche (Kalenderregel), Status GARN, Menge VA",Plan 12.09.,,X,"Wochen-, Fenster- und Blockzählungen ohne Aussage"
S07.NMELDW.FB.W6.VA.GT,S07,NMELDW,FB,W6,VA,GT,1,"Meldungen der Programmwoche (Kalenderregel), Status GT, Menge VA",Plan 12.09.,,X,"Wochen-, Fenster- und Blockzählungen ohne Aussage"
S07.NMELDW.FB.W6.VB.ALLE,S07,NMELDW,FB,W6,VB,ALLE,1,"Meldungen der Programmwoche (Kalenderregel), Status ALLE, Menge VB",Plan 12.09.,,X,"Wochen-, Fenster- und Blockzählungen ohne Aussage"
S07.NMELDW.FB.W6.VB.GANZ,S07,NMELDW,FB,W6,VB,GANZ,1,"Meldungen der Programmwoche (Kalenderregel), Status GANZ, Menge VB",Plan 12.09.,,X,"Wochen-, Fenster- und Blockzählungen ohne Aussage"
S07.NMELDW.FB.W6.VB.TEILW,S07,NMELDW,FB,W6,VB,TEILW,1,"Meldungen der Programmwoche (Kalenderregel), Status TEILW, Menge VB",Plan 12.09.,,X,"Wochen-, Fenster- und Blockzählungen ohne Aussage"
S07.NMELDW.FB.W6.VB.GARN,S07,NMELDW,FB,W6,VB,GARN,1,"Meldungen der Programmwoche (Kalenderregel), Status GARN, Menge VB",Plan 12.09.,,X,"Wochen-, Fenster- und Blockzählungen ohne Aussage"
S07.NMELDW.FB.W6.VB.GT,S07,NMELDW,FB,W6,VB,GT,1,"Meldungen der Programmwoche (Kalenderregel), Status GT, Menge VB",Plan 12.09.,,X,"Wochen-, Fenster- und Blockzählungen ohne Aussage"
S07.NSPW.FB.W1.IG.X,S07,NSPW,FB,W1,IG,X,1,"Spieler mit mindestens einer Meldung in der Programmwoche, Menge IG",Plan 12.09.,,X,"Wochen-, Fenster- und Blockzählungen ohne Aussage"
S07.NSPW.FB.W1.VA.X,S07,NSPW,FB,W1,VA,X,1,"Spieler mit mindestens einer Meldung in der Programmwoche, Menge VA",Plan 12.09.,,X,"Wochen-, Fenster- und Blockzählungen ohne Aussage"
S07.NSPW.FB.W1.VB.X,S07,NSPW,FB,W1,VB,X,1,"Spieler mit mindestens einer Meldung in der Programmwoche, Menge VB",Plan 12.09.,,X,"Wochen-, Fenster- und Blockzählungen ohne Aussage"
S07.NSPW.FB.W2.IG.X,S07,NSPW,FB,W2,IG,X,1,"Spieler mit mindestens einer Meldung in der Programmwoche, Menge IG",Plan 12.09.,,X,"Wochen-, Fenster- und Blockzählungen ohne Aussage"
S07.NSPW.FB.W2.VA.X,S07,NSPW,FB,W2,VA,X,1,"Spieler mit mindestens einer Meldung in der Programmwoche, Menge VA",Plan 12.09.,,X,"Wochen-, Fenster- und Blockzählungen ohne Aussage"
S07.NSPW.FB.W2.VB.X,S07,NSPW,FB,W2,VB,X,1,"Spieler mit mindestens einer Meldung in der Programmwoche, Menge VB",Plan 12.09.,,X,"Wochen-, Fenster- und Blockzählungen ohne Aussage"
S07.NSPW.FB.W3.IG.X,S07,NSPW,FB,W3,IG,X,1,"Spieler mit mindestens einer Meldung in der Programmwoche, Menge IG",Plan 12.09.,,X,"Wochen-, Fenster- und Blockzählungen ohne Aussage"
S07.NSPW.FB.W3.VA.X,S07,NSPW,FB,W3,VA,X,1,"Spieler mit mindestens einer Meldung in der Programmwoche, Menge VA",Plan 12.09.,,X,"Wochen-, Fenster- und Blockzählungen ohne Aussage"
S07.NSPW.FB.W3.VB.X,S07,NSPW,FB,W3,VB,X,1,"Spieler mit mindestens einer Meldung in der Programmwoche, Menge VB",Plan 12.09.,,X,"Wochen-, Fenster- und Blockzählungen ohne Aussage"
S07.NSPW.FB.W4.IG.X,S07,NSPW,FB,W4,IG,X,1,"Spieler mit mindestens einer Meldung in der Programmwoche, Menge IG",Plan 12.09.,,X,"Wochen-, Fenster- und Blockzählungen ohne Aussage"
S07.NSPW.FB.W4.VA.X,S07,NSPW,FB,W4,VA,X,1,"Spieler mit mindestens einer Meldung in der Programmwoche, Menge VA",Plan 12.09.,,X,"Wochen-, Fenster- und Blockzählungen ohne Aussage"
S07.NSPW.FB.W4.VB.X,S07,NSPW,FB,W4,VB,X,1,"Spieler mit mindestens einer Meldung in der Programmwoche, Menge VB",Plan 12.09.,,X,"Wochen-, Fenster- und Blockzählungen ohne Aussage"
S07.NSPW.FB.W5.IG.X,S07,NSPW,FB,W5,IG,X,1,"Spieler mit mindestens einer Meldung in der Programmwoche, Menge IG",Plan 12.09.,,X,"Wochen-, Fenster- und Blockzählungen ohne Aussage"
S07.NSPW.FB.W5.VA.X,S07,NSPW,FB,W5,VA,X,1,"Spieler mit mindestens einer Meldung in der Programmwoche, Menge VA",Plan 12.09.,,X,"Wochen-, Fenster- und Blockzählungen ohne Aussage"
S07.NSPW.FB.W5.VB.X,S07,NSPW,FB,W5,VB,X,1,"Spieler mit mindestens einer Meldung in der Programmwoche, Menge VB",Plan 12.09.,,X,"Wochen-, Fenster- und Blockzählungen ohne Aussage"
S07.NSPW.FB.W6.IG.X,S07,NSPW,FB,W6,IG,X,1,"Spieler mit mindestens einer Meldung in der Programmwoche, Menge IG",Plan 12.09.,,X,"Wochen-, Fenster- und Blockzählungen ohne Aussage"
S07.NSPW.FB.W6.VA.X,S07,NSPW,FB,W6,VA,X,1,"Spieler mit mindestens einer Meldung in der Programmwoche, Menge VA",Plan 12.09.,,X,"Wochen-, Fenster- und Blockzählungen ohne Aussage"
S07.NSPW.FB.W6.VB.X,S07,NSPW,FB,W6,VB,X,1,"Spieler mit mindestens einer Meldung in der Programmwoche, Menge VB",Plan 12.09.,,X,"Wochen-, Fenster- und Blockzählungen ohne Aussage"
S07.ANTW.ADH.W1.IG.GANZ,S07,ANTW,ADH,W1,IG,GANZ,1,"Meldungen ganz der Woche / (2 · zugeteilte Spieler), Menge IG","Plan 12.09., P4 nachträglich",,A,Tab. H2 Verlauf je Woche
S07.ANTW.ADH.W1.VA.GANZ,S07,ANTW,ADH,W1,VA,GANZ,1,"Meldungen ganz der Woche / (2 · zugeteilte Spieler), Menge VA","Plan 12.09., P4 nachträglich",,X,je Verein
S07.ANTW.ADH.W1.VB.GANZ,S07,ANTW,ADH,W1,VB,GANZ,1,"Meldungen ganz der Woche / (2 · zugeteilte Spieler), Menge VB","Plan 12.09., P4 nachträglich",,X,je Verein
S07.ANTW.ADH.W2.IG.GANZ,S07,ANTW,ADH,W2,IG,GANZ,1,"Meldungen ganz der Woche / (2 · zugeteilte Spieler), Menge IG","Plan 12.09., P4 nachträglich",,A,Tab. H2 Verlauf je Woche
S07.ANTW.ADH.W2.VA.GANZ,S07,ANTW,ADH,W2,VA,GANZ,1,"Meldungen ganz der Woche / (2 · zugeteilte Spieler), Menge VA","Plan 12.09., P4 nachträglich",,X,je Verein
S07.ANTW.ADH.W2.VB.GANZ,S07,ANTW,ADH,W2,VB,GANZ,1,"Meldungen ganz der Woche / (2 · zugeteilte Spieler), Menge VB","Plan 12.09., P4 nachträglich",,X,je Verein
S07.ANTW.ADH.W3.IG.GANZ,S07,ANTW,ADH,W3,IG,GANZ,1,"Meldungen ganz der Woche / (2 · zugeteilte Spieler), Menge IG","Plan 12.09., P4 nachträglich",,A,Tab. H2 Verlauf je Woche
S07.ANTW.ADH.W3.VA.GANZ,S07,ANTW,ADH,W3,VA,GANZ,1,"Meldungen ganz der Woche / (2 · zugeteilte Spieler), Menge VA","Plan 12.09., P4 nachträglich",,X,je Verein
S07.ANTW.ADH.W3.VB.GANZ,S07,ANTW,ADH,W3,VB,GANZ,1,"Meldungen ganz der Woche / (2 · zugeteilte Spieler), Menge VB","Plan 12.09., P4 nachträglich",,X,je Verein
S07.ANTW.ADH.W4.IG.GANZ,S07,ANTW,ADH,W4,IG,GANZ,1,"Meldungen ganz der Woche / (2 · zugeteilte Spieler), Menge IG","Plan 12.09., P4 nachträglich",,A,Tab. H2 Verlauf je Woche
S07.ANTW.ADH.W4.VA.GANZ,S07,ANTW,ADH,W4,VA,GANZ,1,"Meldungen ganz der Woche / (2 · zugeteilte Spieler), Menge VA","Plan 12.09., P4 nachträglich",,X,je Verein
S07.ANTW.ADH.W4.VB.GANZ,S07,ANTW,ADH,W4,VB,GANZ,1,"Meldungen ganz der Woche / (2 · zugeteilte Spieler), Menge VB","Plan 12.09., P4 nachträglich",,X,je Verein
S07.ANTW.ADH.W5.IG.GANZ,S07,ANTW,ADH,W5,IG,GANZ,1,"Meldungen ganz der Woche / (2 · zugeteilte Spieler), Menge IG","Plan 12.09., P4 nachträglich",,A,Tab. H2 Verlauf je Woche
S07.ANTW.ADH.W5.VA.GANZ,S07,ANTW,ADH,W5,VA,GANZ,1,"Meldungen ganz der Woche / (2 · zugeteilte Spieler), Menge VA","Plan 12.09., P4 nachträglich",,X,je Verein
S07.ANTW.ADH.W5.VB.GANZ,S07,ANTW,ADH,W5,VB,GANZ,1,"Meldungen ganz der Woche / (2 · zugeteilte Spieler), Menge VB","Plan 12.09., P4 nachträglich",,X,je Verein
S07.ANTW.ADH.W6.IG.GANZ,S07,ANTW,ADH,W6,IG,GANZ,1,"Meldungen ganz der Woche / (2 · zugeteilte Spieler), Menge IG","Plan 12.09., P4 nachträglich",,A,Tab. H2 Verlauf je Woche
S07.ANTW.ADH.W6.VA.GANZ,S07,ANTW,ADH,W6,VA,GANZ,1,"Meldungen ganz der Woche / (2 · zugeteilte Spieler), Menge VA","Plan 12.09., P4 nachträglich",,X,je Verein
S07.ANTW.ADH.W6.VB.GANZ,S07,ANTW,ADH,W6,VB,GANZ,1,"Meldungen ganz der Woche / (2 · zugeteilte Spieler), Menge VB","Plan 12.09., P4 nachträglich",,X,je Verein
S07.ANTB.ADH.VOR.VA.GANZ,S07,ANTB,ADH,VOR,VA,GANZ,1,"Blockanteil vor Beginn des Mannschaftstrainings, Meldungen ganz / (2 · Wochen · zugeteilte Spieler), Verein A","Plan 12.09., P4 nachträglich",,X,"Wochen-, Fenster- und Blockzählungen ohne Aussage"
S07.ANTB.ADH.VOR.VB.GANZ,S07,ANTB,ADH,VOR,VB,GANZ,1,"Blockanteil vor Beginn des Mannschaftstrainings, Meldungen ganz / (2 · Wochen · zugeteilte Spieler), Verein B","Plan 12.09., P4 nachträglich",,X,"Wochen-, Fenster- und Blockzählungen ohne Aussage"
S07.ANTB.ADH.AB.VA.GANZ,S07,ANTB,ADH,AB,VA,GANZ,1,"Blockanteil ab Beginn des Mannschaftstrainings, Meldungen ganz / (2 · Wochen · zugeteilte Spieler), Verein A","Plan 12.09., P4 nachträglich",,X,"Wochen-, Fenster- und Blockzählungen ohne Aussage"
S07.ANTB.ADH.AB.VB.GANZ,S07,ANTB,ADH,AB,VB,GANZ,1,"Blockanteil ab Beginn des Mannschaftstrainings, Meldungen ganz / (2 · Wochen · zugeteilte Spieler), Verein B","Plan 12.09., P4 nachträglich",,X,"Wochen-, Fenster- und Blockzählungen ohne Aussage"
S07.NMELDF.FB.W1.IG.X,S07,NMELDF,FB,W1,IG,X,1,"Meldungen je Woche nach Fensterregel, alle Status",Plan 12.09.,,X,"Wochen-, Fenster- und Blockzählungen ohne Aussage"
S07.NMELDF.FB.W2.IG.X,S07,NMELDF,FB,W2,IG,X,1,"Meldungen je Woche nach Fensterregel, alle Status",Plan 12.09.,,X,"Wochen-, Fenster- und Blockzählungen ohne Aussage"
S07.NMELDF.FB.W3.IG.X,S07,NMELDF,FB,W3,IG,X,1,"Meldungen je Woche nach Fensterregel, alle Status",Plan 12.09.,,X,"Wochen-, Fenster- und Blockzählungen ohne Aussage"
S07.NMELDF.FB.W4.IG.X,S07,NMELDF,FB,W4,IG,X,1,"Meldungen je Woche nach Fensterregel, alle Status",Plan 12.09.,,X,"Wochen-, Fenster- und Blockzählungen ohne Aussage"
S07.NMELDF.FB.W5.IG.X,S07,NMELDF,FB,W5,IG,X,1,"Meldungen je Woche nach Fensterregel, alle Status",Plan 12.09.,,X,"Wochen-, Fenster- und Blockzählungen ohne Aussage"
S07.NMELDF.FB.W6.IG.X,S07,NMELDF,FB,W6,IG,X,1,"Meldungen je Woche nach Fensterregel, alle Status",Plan 12.09.,,X,"Wochen-, Fenster- und Blockzählungen ohne Aussage"
S07.NMELDF.FB.W7.IG.X,S07,NMELDF,FB,W7,IG,X,1,"Meldungen je Woche nach Fensterregel, alle Status",Plan 12.09.,,X,"Wochen-, Fenster- und Blockzählungen ohne Aussage"
S07.N.CR10.X.IG.GANZ,S07,N,CR10,X,IG,GANZ,1,"n der CR-10-Werte, Status ganz, Menge IG","Antrag, Plan 12.09.",,T,5.1 Beanspruchung (Antrag § 3)
S07.N.CR10.X.VA.GANZ,S07,N,CR10,X,VA,GANZ,1,"n der CR-10-Werte, Status ganz, Menge VA","Antrag, Plan 12.09.",,X,"CR-10 je Spieler, je Verein, teilweise"
S07.N.CR10.X.VB.GANZ,S07,N,CR10,X,VB,GANZ,1,"n der CR-10-Werte, Status ganz, Menge VB","Antrag, Plan 12.09.",,X,"CR-10 je Spieler, je Verein, teilweise"
S07.M.CR10.X.IG.GANZ,S07,M,CR10,X,IG,GANZ,1,"Mittel der CR-10-Werte, Status ganz, Menge IG","Antrag, Plan 12.09.",,T,5.1 Beanspruchung (Antrag § 3)
S07.M.CR10.X.VA.GANZ,S07,M,CR10,X,VA,GANZ,1,"Mittel der CR-10-Werte, Status ganz, Menge VA","Antrag, Plan 12.09.",,X,"CR-10 je Spieler, je Verein, teilweise"
S07.M.CR10.X.VB.GANZ,S07,M,CR10,X,VB,GANZ,1,"Mittel der CR-10-Werte, Status ganz, Menge VB","Antrag, Plan 12.09.",,X,"CR-10 je Spieler, je Verein, teilweise"
S07.SD.CR10.X.IG.GANZ,S07,SD,CR10,X,IG,GANZ,1,"SD der CR-10-Werte, Status ganz, Menge IG","Antrag, Plan 12.09.",,T,5.1 Beanspruchung (Antrag § 3)
S07.SD.CR10.X.VA.GANZ,S07,SD,CR10,X,VA,GANZ,1,"SD der CR-10-Werte, Status ganz, Menge VA","Antrag, Plan 12.09.",,X,"CR-10 je Spieler, je Verein, teilweise"
S07.SD.CR10.X.VB.GANZ,S07,SD,CR10,X,VB,GANZ,1,"SD der CR-10-Werte, Status ganz, Menge VB","Antrag, Plan 12.09.",,X,"CR-10 je Spieler, je Verein, teilweise"
S07.MED.CR10.X.IG.GANZ,S07,MED,CR10,X,IG,GANZ,1,"Median der CR-10-Werte, Status ganz, Menge IG","Antrag, Plan 12.09.",,T,5.1 Beanspruchung (Antrag § 3)
S07.MED.CR10.X.VA.GANZ,S07,MED,CR10,X,VA,GANZ,1,"Median der CR-10-Werte, Status ganz, Menge VA","Antrag, Plan 12.09.",,X,"CR-10 je Spieler, je Verein, teilweise"
S07.MED.CR10.X.VB.GANZ,S07,MED,CR10,X,VB,GANZ,1,"Median der CR-10-Werte, Status ganz, Menge VB","Antrag, Plan 12.09.",,X,"CR-10 je Spieler, je Verein, teilweise"
S07.MIN.CR10.X.IG.GANZ,S07,MIN,CR10,X,IG,GANZ,1,"Minimum der CR-10-Werte, Status ganz, Menge IG","Antrag, Plan 12.09.",,T,5.1 Beanspruchung (Antrag § 3)
S07.MIN.CR10.X.VA.GANZ,S07,MIN,CR10,X,VA,GANZ,1,"Minimum der CR-10-Werte, Status ganz, Menge VA","Antrag, Plan 12.09.",,X,"CR-10 je Spieler, je Verein, teilweise"
S07.MIN.CR10.X.VB.GANZ,S07,MIN,CR10,X,VB,GANZ,1,"Minimum der CR-10-Werte, Status ganz, Menge VB","Antrag, Plan 12.09.",,X,"CR-10 je Spieler, je Verein, teilweise"
S07.MAX.CR10.X.IG.GANZ,S07,MAX,CR10,X,IG,GANZ,1,"Maximum der CR-10-Werte, Status ganz, Menge IG","Antrag, Plan 12.09.",,T,5.1 Beanspruchung (Antrag § 3)
S07.MAX.CR10.X.VA.GANZ,S07,MAX,CR10,X,VA,GANZ,1,"Maximum der CR-10-Werte, Status ganz, Menge VA","Antrag, Plan 12.09.",,X,"CR-10 je Spieler, je Verein, teilweise"
S07.MAX.CR10.X.VB.GANZ,S07,MAX,CR10,X,VB,GANZ,1,"Maximum der CR-10-Werte, Status ganz, Menge VB","Antrag, Plan 12.09.",,X,"CR-10 je Spieler, je Verein, teilweise"
S07.N.CR10.W1.IG.GANZ,S07,N,CR10,W1,IG,GANZ,1,"n der CR-10-Werte je Programmwoche, Status ganz, Menge IG",Plan 12.09.,,A,Tab. H2 Verlauf je Woche
S07.N.CR10.W1.VA.GANZ,S07,N,CR10,W1,VA,GANZ,1,"n der CR-10-Werte je Programmwoche, Status ganz, Menge VA",Plan 12.09.,,X,"CR-10 je Spieler, je Verein, teilweise"
S07.N.CR10.W1.VB.GANZ,S07,N,CR10,W1,VB,GANZ,1,"n der CR-10-Werte je Programmwoche, Status ganz, Menge VB",Plan 12.09.,,X,"CR-10 je Spieler, je Verein, teilweise"
S07.N.CR10.W2.IG.GANZ,S07,N,CR10,W2,IG,GANZ,1,"n der CR-10-Werte je Programmwoche, Status ganz, Menge IG",Plan 12.09.,,A,Tab. H2 Verlauf je Woche
S07.N.CR10.W2.VA.GANZ,S07,N,CR10,W2,VA,GANZ,1,"n der CR-10-Werte je Programmwoche, Status ganz, Menge VA",Plan 12.09.,,X,"CR-10 je Spieler, je Verein, teilweise"
S07.N.CR10.W2.VB.GANZ,S07,N,CR10,W2,VB,GANZ,1,"n der CR-10-Werte je Programmwoche, Status ganz, Menge VB",Plan 12.09.,,X,"CR-10 je Spieler, je Verein, teilweise"
S07.N.CR10.W3.IG.GANZ,S07,N,CR10,W3,IG,GANZ,1,"n der CR-10-Werte je Programmwoche, Status ganz, Menge IG",Plan 12.09.,,A,Tab. H2 Verlauf je Woche
S07.N.CR10.W3.VA.GANZ,S07,N,CR10,W3,VA,GANZ,1,"n der CR-10-Werte je Programmwoche, Status ganz, Menge VA",Plan 12.09.,,X,"CR-10 je Spieler, je Verein, teilweise"
S07.N.CR10.W3.VB.GANZ,S07,N,CR10,W3,VB,GANZ,1,"n der CR-10-Werte je Programmwoche, Status ganz, Menge VB",Plan 12.09.,,X,"CR-10 je Spieler, je Verein, teilweise"
S07.N.CR10.W4.IG.GANZ,S07,N,CR10,W4,IG,GANZ,1,"n der CR-10-Werte je Programmwoche, Status ganz, Menge IG",Plan 12.09.,,A,Tab. H2 Verlauf je Woche
S07.N.CR10.W4.VA.GANZ,S07,N,CR10,W4,VA,GANZ,1,"n der CR-10-Werte je Programmwoche, Status ganz, Menge VA",Plan 12.09.,,X,"CR-10 je Spieler, je Verein, teilweise"
S07.N.CR10.W4.VB.GANZ,S07,N,CR10,W4,VB,GANZ,1,"n der CR-10-Werte je Programmwoche, Status ganz, Menge VB",Plan 12.09.,,X,"CR-10 je Spieler, je Verein, teilweise"
S07.N.CR10.W5.IG.GANZ,S07,N,CR10,W5,IG,GANZ,1,"n der CR-10-Werte je Programmwoche, Status ganz, Menge IG",Plan 12.09.,,A,Tab. H2 Verlauf je Woche
S07.N.CR10.W5.VA.GANZ,S07,N,CR10,W5,VA,GANZ,1,"n der CR-10-Werte je Programmwoche, Status ganz, Menge VA",Plan 12.09.,,X,"CR-10 je Spieler, je Verein, teilweise"
S07.N.CR10.W5.VB.GANZ,S07,N,CR10,W5,VB,GANZ,1,"n der CR-10-Werte je Programmwoche, Status ganz, Menge VB",Plan 12.09.,,X,"CR-10 je Spieler, je Verein, teilweise"
S07.N.CR10.W6.IG.GANZ,S07,N,CR10,W6,IG,GANZ,1,"n der CR-10-Werte je Programmwoche, Status ganz, Menge IG",Plan 12.09.,,A,Tab. H2 Verlauf je Woche
S07.N.CR10.W6.VA.GANZ,S07,N,CR10,W6,VA,GANZ,1,"n der CR-10-Werte je Programmwoche, Status ganz, Menge VA",Plan 12.09.,,X,"CR-10 je Spieler, je Verein, teilweise"
S07.N.CR10.W6.VB.GANZ,S07,N,CR10,W6,VB,GANZ,1,"n der CR-10-Werte je Programmwoche, Status ganz, Menge VB",Plan 12.09.,,X,"CR-10 je Spieler, je Verein, teilweise"
S07.M.CR10.W1.IG.GANZ,S07,M,CR10,W1,IG,GANZ,1,"Mittel der CR-10-Werte je Programmwoche, Status ganz, Menge IG",Plan 12.09.,,A,Tab. H2 Verlauf je Woche
S07.M.CR10.W1.VA.GANZ,S07,M,CR10,W1,VA,GANZ,1,"Mittel der CR-10-Werte je Programmwoche, Status ganz, Menge VA",Plan 12.09.,,X,"CR-10 je Spieler, je Verein, teilweise"
S07.M.CR10.W1.VB.GANZ,S07,M,CR10,W1,VB,GANZ,1,"Mittel der CR-10-Werte je Programmwoche, Status ganz, Menge VB",Plan 12.09.,,X,"CR-10 je Spieler, je Verein, teilweise"
S07.M.CR10.W2.IG.GANZ,S07,M,CR10,W2,IG,GANZ,1,"Mittel der CR-10-Werte je Programmwoche, Status ganz, Menge IG",Plan 12.09.,,A,Tab. H2 Verlauf je Woche
S07.M.CR10.W2.VA.GANZ,S07,M,CR10,W2,VA,GANZ,1,"Mittel der CR-10-Werte je Programmwoche, Status ganz, Menge VA",Plan 12.09.,,X,"CR-10 je Spieler, je Verein, teilweise"
S07.M.CR10.W2.VB.GANZ,S07,M,CR10,W2,VB,GANZ,1,"Mittel der CR-10-Werte je Programmwoche, Status ganz, Menge VB",Plan 12.09.,,X,"CR-10 je Spieler, je Verein, teilweise"
S07.M.CR10.W3.IG.GANZ,S07,M,CR10,W3,IG,GANZ,1,"Mittel der CR-10-Werte je Programmwoche, Status ganz, Menge IG",Plan 12.09.,,A,Tab. H2 Verlauf je Woche
S07.M.CR10.W3.VA.GANZ,S07,M,CR10,W3,VA,GANZ,1,"Mittel der CR-10-Werte je Programmwoche, Status ganz, Menge VA",Plan 12.09.,,X,"CR-10 je Spieler, je Verein, teilweise"
S07.M.CR10.W3.VB.GANZ,S07,M,CR10,W3,VB,GANZ,1,"Mittel der CR-10-Werte je Programmwoche, Status ganz, Menge VB",Plan 12.09.,,X,"CR-10 je Spieler, je Verein, teilweise"
S07.M.CR10.W4.IG.GANZ,S07,M,CR10,W4,IG,GANZ,1,"Mittel der CR-10-Werte je Programmwoche, Status ganz, Menge IG",Plan 12.09.,,A,Tab. H2 Verlauf je Woche
S07.M.CR10.W4.VA.GANZ,S07,M,CR10,W4,VA,GANZ,1,"Mittel der CR-10-Werte je Programmwoche, Status ganz, Menge VA",Plan 12.09.,,X,"CR-10 je Spieler, je Verein, teilweise"
S07.M.CR10.W4.VB.GANZ,S07,M,CR10,W4,VB,GANZ,1,"Mittel der CR-10-Werte je Programmwoche, Status ganz, Menge VB",Plan 12.09.,,X,"CR-10 je Spieler, je Verein, teilweise"
S07.M.CR10.W5.IG.GANZ,S07,M,CR10,W5,IG,GANZ,1,"Mittel der CR-10-Werte je Programmwoche, Status ganz, Menge IG",Plan 12.09.,,A,Tab. H2 Verlauf je Woche
S07.M.CR10.W5.VA.GANZ,S07,M,CR10,W5,VA,GANZ,1,"Mittel der CR-10-Werte je Programmwoche, Status ganz, Menge VA",Plan 12.09.,,X,"CR-10 je Spieler, je Verein, teilweise"
S07.M.CR10.W5.VB.GANZ,S07,M,CR10,W5,VB,GANZ,1,"Mittel der CR-10-Werte je Programmwoche, Status ganz, Menge VB",Plan 12.09.,,X,"CR-10 je Spieler, je Verein, teilweise"
S07.M.CR10.W6.IG.GANZ,S07,M,CR10,W6,IG,GANZ,1,"Mittel der CR-10-Werte je Programmwoche, Status ganz, Menge IG",Plan 12.09.,,A,Tab. H2 Verlauf je Woche
S07.M.CR10.W6.VA.GANZ,S07,M,CR10,W6,VA,GANZ,1,"Mittel der CR-10-Werte je Programmwoche, Status ganz, Menge VA",Plan 12.09.,,X,"CR-10 je Spieler, je Verein, teilweise"
S07.M.CR10.W6.VB.GANZ,S07,M,CR10,W6,VB,GANZ,1,"Mittel der CR-10-Werte je Programmwoche, Status ganz, Menge VB",Plan 12.09.,,X,"CR-10 je Spieler, je Verein, teilweise"
S07.SD.CR10.W1.IG.GANZ,S07,SD,CR10,W1,IG,GANZ,1,"SD der CR-10-Werte je Programmwoche, Status ganz, Menge IG",Plan 12.09.,,A,Tab. H2 Verlauf je Woche
S07.SD.CR10.W1.VA.GANZ,S07,SD,CR10,W1,VA,GANZ,1,"SD der CR-10-Werte je Programmwoche, Status ganz, Menge VA",Plan 12.09.,,X,"CR-10 je Spieler, je Verein, teilweise"
S07.SD.CR10.W1.VB.GANZ,S07,SD,CR10,W1,VB,GANZ,1,"SD der CR-10-Werte je Programmwoche, Status ganz, Menge VB",Plan 12.09.,,X,"CR-10 je Spieler, je Verein, teilweise"
S07.SD.CR10.W2.IG.GANZ,S07,SD,CR10,W2,IG,GANZ,1,"SD der CR-10-Werte je Programmwoche, Status ganz, Menge IG",Plan 12.09.,,A,Tab. H2 Verlauf je Woche
S07.SD.CR10.W2.VA.GANZ,S07,SD,CR10,W2,VA,GANZ,1,"SD der CR-10-Werte je Programmwoche, Status ganz, Menge VA",Plan 12.09.,,X,"CR-10 je Spieler, je Verein, teilweise"
S07.SD.CR10.W2.VB.GANZ,S07,SD,CR10,W2,VB,GANZ,1,"SD der CR-10-Werte je Programmwoche, Status ganz, Menge VB",Plan 12.09.,,X,"CR-10 je Spieler, je Verein, teilweise"
S07.SD.CR10.W3.IG.GANZ,S07,SD,CR10,W3,IG,GANZ,1,"SD der CR-10-Werte je Programmwoche, Status ganz, Menge IG",Plan 12.09.,,A,Tab. H2 Verlauf je Woche
S07.SD.CR10.W3.VA.GANZ,S07,SD,CR10,W3,VA,GANZ,1,"SD der CR-10-Werte je Programmwoche, Status ganz, Menge VA",Plan 12.09.,,X,"CR-10 je Spieler, je Verein, teilweise"
S07.SD.CR10.W3.VB.GANZ,S07,SD,CR10,W3,VB,GANZ,1,"SD der CR-10-Werte je Programmwoche, Status ganz, Menge VB",Plan 12.09.,,X,"CR-10 je Spieler, je Verein, teilweise"
S07.SD.CR10.W4.IG.GANZ,S07,SD,CR10,W4,IG,GANZ,1,"SD der CR-10-Werte je Programmwoche, Status ganz, Menge IG",Plan 12.09.,,A,Tab. H2 Verlauf je Woche
S07.SD.CR10.W4.VA.GANZ,S07,SD,CR10,W4,VA,GANZ,1,"SD der CR-10-Werte je Programmwoche, Status ganz, Menge VA",Plan 12.09.,,X,"CR-10 je Spieler, je Verein, teilweise"
S07.SD.CR10.W4.VB.GANZ,S07,SD,CR10,W4,VB,GANZ,1,"SD der CR-10-Werte je Programmwoche, Status ganz, Menge VB",Plan 12.09.,,X,"CR-10 je Spieler, je Verein, teilweise"
S07.SD.CR10.W5.IG.GANZ,S07,SD,CR10,W5,IG,GANZ,1,"SD der CR-10-Werte je Programmwoche, Status ganz, Menge IG",Plan 12.09.,,A,Tab. H2 Verlauf je Woche
S07.SD.CR10.W5.VA.GANZ,S07,SD,CR10,W5,VA,GANZ,1,"SD der CR-10-Werte je Programmwoche, Status ganz, Menge VA",Plan 12.09.,,X,"CR-10 je Spieler, je Verein, teilweise"
S07.SD.CR10.W5.VB.GANZ,S07,SD,CR10,W5,VB,GANZ,1,"SD der CR-10-Werte je Programmwoche, Status ganz, Menge VB",Plan 12.09.,,X,"CR-10 je Spieler, je Verein, teilweise"
S07.SD.CR10.W6.IG.GANZ,S07,SD,CR10,W6,IG,GANZ,1,"SD der CR-10-Werte je Programmwoche, Status ganz, Menge IG",Plan 12.09.,,A,Tab. H2 Verlauf je Woche
S07.SD.CR10.W6.VA.GANZ,S07,SD,CR10,W6,VA,GANZ,1,"SD der CR-10-Werte je Programmwoche, Status ganz, Menge VA",Plan 12.09.,,X,"CR-10 je Spieler, je Verein, teilweise"
S07.SD.CR10.W6.VB.GANZ,S07,SD,CR10,W6,VB,GANZ,1,"SD der CR-10-Werte je Programmwoche, Status ganz, Menge VB",Plan 12.09.,,X,"CR-10 je Spieler, je Verein, teilweise"
S07.MED.CR10.W1.IG.GANZ,S07,MED,CR10,W1,IG,GANZ,1,"Median der CR-10-Werte je Programmwoche, Status ganz, Menge IG",Plan 12.09.,,X,"CR-10 je Spieler, je Verein, teilweise"
S07.MED.CR10.W1.VA.GANZ,S07,MED,CR10,W1,VA,GANZ,1,"Median der CR-10-Werte je Programmwoche, Status ganz, Menge VA",Plan 12.09.,,X,"CR-10 je Spieler, je Verein, teilweise"
S07.MED.CR10.W1.VB.GANZ,S07,MED,CR10,W1,VB,GANZ,1,"Median der CR-10-Werte je Programmwoche, Status ganz, Menge VB",Plan 12.09.,,X,"CR-10 je Spieler, je Verein, teilweise"
S07.MED.CR10.W2.IG.GANZ,S07,MED,CR10,W2,IG,GANZ,1,"Median der CR-10-Werte je Programmwoche, Status ganz, Menge IG",Plan 12.09.,,X,"CR-10 je Spieler, je Verein, teilweise"
S07.MED.CR10.W2.VA.GANZ,S07,MED,CR10,W2,VA,GANZ,1,"Median der CR-10-Werte je Programmwoche, Status ganz, Menge VA",Plan 12.09.,,X,"CR-10 je Spieler, je Verein, teilweise"
S07.MED.CR10.W2.VB.GANZ,S07,MED,CR10,W2,VB,GANZ,1,"Median der CR-10-Werte je Programmwoche, Status ganz, Menge VB",Plan 12.09.,,X,"CR-10 je Spieler, je Verein, teilweise"
S07.MED.CR10.W3.IG.GANZ,S07,MED,CR10,W3,IG,GANZ,1,"Median der CR-10-Werte je Programmwoche, Status ganz, Menge IG",Plan 12.09.,,X,"CR-10 je Spieler, je Verein, teilweise"
S07.MED.CR10.W3.VA.GANZ,S07,MED,CR10,W3,VA,GANZ,1,"Median der CR-10-Werte je Programmwoche, Status ganz, Menge VA",Plan 12.09.,,X,"CR-10 je Spieler, je Verein, teilweise"
S07.MED.CR10.W3.VB.GANZ,S07,MED,CR10,W3,VB,GANZ,1,"Median der CR-10-Werte je Programmwoche, Status ganz, Menge VB",Plan 12.09.,,X,"CR-10 je Spieler, je Verein, teilweise"
S07.MED.CR10.W4.IG.GANZ,S07,MED,CR10,W4,IG,GANZ,1,"Median der CR-10-Werte je Programmwoche, Status ganz, Menge IG",Plan 12.09.,,X,"CR-10 je Spieler, je Verein, teilweise"
S07.MED.CR10.W4.VA.GANZ,S07,MED,CR10,W4,VA,GANZ,1,"Median der CR-10-Werte je Programmwoche, Status ganz, Menge VA",Plan 12.09.,,X,"CR-10 je Spieler, je Verein, teilweise"
S07.MED.CR10.W4.VB.GANZ,S07,MED,CR10,W4,VB,GANZ,1,"Median der CR-10-Werte je Programmwoche, Status ganz, Menge VB",Plan 12.09.,,X,"CR-10 je Spieler, je Verein, teilweise"
S07.MED.CR10.W5.IG.GANZ,S07,MED,CR10,W5,IG,GANZ,1,"Median der CR-10-Werte je Programmwoche, Status ganz, Menge IG",Plan 12.09.,,X,"CR-10 je Spieler, je Verein, teilweise"
S07.MED.CR10.W5.VA.GANZ,S07,MED,CR10,W5,VA,GANZ,1,"Median der CR-10-Werte je Programmwoche, Status ganz, Menge VA",Plan 12.09.,,X,"CR-10 je Spieler, je Verein, teilweise"
S07.MED.CR10.W5.VB.GANZ,S07,MED,CR10,W5,VB,GANZ,1,"Median der CR-10-Werte je Programmwoche, Status ganz, Menge VB",Plan 12.09.,,X,"CR-10 je Spieler, je Verein, teilweise"
S07.MED.CR10.W6.IG.GANZ,S07,MED,CR10,W6,IG,GANZ,1,"Median der CR-10-Werte je Programmwoche, Status ganz, Menge IG",Plan 12.09.,,X,"CR-10 je Spieler, je Verein, teilweise"
S07.MED.CR10.W6.VA.GANZ,S07,MED,CR10,W6,VA,GANZ,1,"Median der CR-10-Werte je Programmwoche, Status ganz, Menge VA",Plan 12.09.,,X,"CR-10 je Spieler, je Verein, teilweise"
S07.MED.CR10.W6.VB.GANZ,S07,MED,CR10,W6,VB,GANZ,1,"Median der CR-10-Werte je Programmwoche, Status ganz, Menge VB",Plan 12.09.,,X,"CR-10 je Spieler, je Verein, teilweise"
S07.MIN.CR10.W1.IG.GANZ,S07,MIN,CR10,W1,IG,GANZ,1,"Minimum der CR-10-Werte je Programmwoche, Status ganz, Menge IG",Plan 12.09.,,X,"CR-10 je Spieler, je Verein, teilweise"
S07.MIN.CR10.W1.VA.GANZ,S07,MIN,CR10,W1,VA,GANZ,1,"Minimum der CR-10-Werte je Programmwoche, Status ganz, Menge VA",Plan 12.09.,,X,"CR-10 je Spieler, je Verein, teilweise"
S07.MIN.CR10.W1.VB.GANZ,S07,MIN,CR10,W1,VB,GANZ,1,"Minimum der CR-10-Werte je Programmwoche, Status ganz, Menge VB",Plan 12.09.,,X,"CR-10 je Spieler, je Verein, teilweise"
S07.MIN.CR10.W2.IG.GANZ,S07,MIN,CR10,W2,IG,GANZ,1,"Minimum der CR-10-Werte je Programmwoche, Status ganz, Menge IG",Plan 12.09.,,X,"CR-10 je Spieler, je Verein, teilweise"
S07.MIN.CR10.W2.VA.GANZ,S07,MIN,CR10,W2,VA,GANZ,1,"Minimum der CR-10-Werte je Programmwoche, Status ganz, Menge VA",Plan 12.09.,,X,"CR-10 je Spieler, je Verein, teilweise"
S07.MIN.CR10.W2.VB.GANZ,S07,MIN,CR10,W2,VB,GANZ,1,"Minimum der CR-10-Werte je Programmwoche, Status ganz, Menge VB",Plan 12.09.,,X,"CR-10 je Spieler, je Verein, teilweise"
S07.MIN.CR10.W3.IG.GANZ,S07,MIN,CR10,W3,IG,GANZ,1,"Minimum der CR-10-Werte je Programmwoche, Status ganz, Menge IG",Plan 12.09.,,X,"CR-10 je Spieler, je Verein, teilweise"
S07.MIN.CR10.W3.VA.GANZ,S07,MIN,CR10,W3,VA,GANZ,1,"Minimum der CR-10-Werte je Programmwoche, Status ganz, Menge VA",Plan 12.09.,,X,"CR-10 je Spieler, je Verein, teilweise"
S07.MIN.CR10.W3.VB.GANZ,S07,MIN,CR10,W3,VB,GANZ,1,"Minimum der CR-10-Werte je Programmwoche, Status ganz, Menge VB",Plan 12.09.,,X,"CR-10 je Spieler, je Verein, teilweise"
S07.MIN.CR10.W4.IG.GANZ,S07,MIN,CR10,W4,IG,GANZ,1,"Minimum der CR-10-Werte je Programmwoche, Status ganz, Menge IG",Plan 12.09.,,X,"CR-10 je Spieler, je Verein, teilweise"
S07.MIN.CR10.W4.VA.GANZ,S07,MIN,CR10,W4,VA,GANZ,1,"Minimum der CR-10-Werte je Programmwoche, Status ganz, Menge VA",Plan 12.09.,,X,"CR-10 je Spieler, je Verein, teilweise"
S07.MIN.CR10.W4.VB.GANZ,S07,MIN,CR10,W4,VB,GANZ,1,"Minimum der CR-10-Werte je Programmwoche, Status ganz, Menge VB",Plan 12.09.,,X,"CR-10 je Spieler, je Verein, teilweise"
S07.MIN.CR10.W5.IG.GANZ,S07,MIN,CR10,W5,IG,GANZ,1,"Minimum der CR-10-Werte je Programmwoche, Status ganz, Menge IG",Plan 12.09.,,X,"CR-10 je Spieler, je Verein, teilweise"
S07.MIN.CR10.W5.VA.GANZ,S07,MIN,CR10,W5,VA,GANZ,1,"Minimum der CR-10-Werte je Programmwoche, Status ganz, Menge VA",Plan 12.09.,,X,"CR-10 je Spieler, je Verein, teilweise"
S07.MIN.CR10.W5.VB.GANZ,S07,MIN,CR10,W5,VB,GANZ,1,"Minimum der CR-10-Werte je Programmwoche, Status ganz, Menge VB",Plan 12.09.,,X,"CR-10 je Spieler, je Verein, teilweise"
S07.MIN.CR10.W6.IG.GANZ,S07,MIN,CR10,W6,IG,GANZ,1,"Minimum der CR-10-Werte je Programmwoche, Status ganz, Menge IG",Plan 12.09.,,X,"CR-10 je Spieler, je Verein, teilweise"
S07.MIN.CR10.W6.VA.GANZ,S07,MIN,CR10,W6,VA,GANZ,1,"Minimum der CR-10-Werte je Programmwoche, Status ganz, Menge VA",Plan 12.09.,,X,"CR-10 je Spieler, je Verein, teilweise"
S07.MIN.CR10.W6.VB.GANZ,S07,MIN,CR10,W6,VB,GANZ,1,"Minimum der CR-10-Werte je Programmwoche, Status ganz, Menge VB",Plan 12.09.,,X,"CR-10 je Spieler, je Verein, teilweise"
S07.MAX.CR10.W1.IG.GANZ,S07,MAX,CR10,W1,IG,GANZ,1,"Maximum der CR-10-Werte je Programmwoche, Status ganz, Menge IG",Plan 12.09.,,X,"CR-10 je Spieler, je Verein, teilweise"
S07.MAX.CR10.W1.VA.GANZ,S07,MAX,CR10,W1,VA,GANZ,1,"Maximum der CR-10-Werte je Programmwoche, Status ganz, Menge VA",Plan 12.09.,,X,"CR-10 je Spieler, je Verein, teilweise"
S07.MAX.CR10.W1.VB.GANZ,S07,MAX,CR10,W1,VB,GANZ,1,"Maximum der CR-10-Werte je Programmwoche, Status ganz, Menge VB",Plan 12.09.,,X,"CR-10 je Spieler, je Verein, teilweise"
S07.MAX.CR10.W2.IG.GANZ,S07,MAX,CR10,W2,IG,GANZ,1,"Maximum der CR-10-Werte je Programmwoche, Status ganz, Menge IG",Plan 12.09.,,X,"CR-10 je Spieler, je Verein, teilweise"
S07.MAX.CR10.W2.VA.GANZ,S07,MAX,CR10,W2,VA,GANZ,1,"Maximum der CR-10-Werte je Programmwoche, Status ganz, Menge VA",Plan 12.09.,,X,"CR-10 je Spieler, je Verein, teilweise"
S07.MAX.CR10.W2.VB.GANZ,S07,MAX,CR10,W2,VB,GANZ,1,"Maximum der CR-10-Werte je Programmwoche, Status ganz, Menge VB",Plan 12.09.,,X,"CR-10 je Spieler, je Verein, teilweise"
S07.MAX.CR10.W3.IG.GANZ,S07,MAX,CR10,W3,IG,GANZ,1,"Maximum der CR-10-Werte je Programmwoche, Status ganz, Menge IG",Plan 12.09.,,X,"CR-10 je Spieler, je Verein, teilweise"
S07.MAX.CR10.W3.VA.GANZ,S07,MAX,CR10,W3,VA,GANZ,1,"Maximum der CR-10-Werte je Programmwoche, Status ganz, Menge VA",Plan 12.09.,,X,"CR-10 je Spieler, je Verein, teilweise"
S07.MAX.CR10.W3.VB.GANZ,S07,MAX,CR10,W3,VB,GANZ,1,"Maximum der CR-10-Werte je Programmwoche, Status ganz, Menge VB",Plan 12.09.,,X,"CR-10 je Spieler, je Verein, teilweise"
S07.MAX.CR10.W4.IG.GANZ,S07,MAX,CR10,W4,IG,GANZ,1,"Maximum der CR-10-Werte je Programmwoche, Status ganz, Menge IG",Plan 12.09.,,X,"CR-10 je Spieler, je Verein, teilweise"
S07.MAX.CR10.W4.VA.GANZ,S07,MAX,CR10,W4,VA,GANZ,1,"Maximum der CR-10-Werte je Programmwoche, Status ganz, Menge VA",Plan 12.09.,,X,"CR-10 je Spieler, je Verein, teilweise"
S07.MAX.CR10.W4.VB.GANZ,S07,MAX,CR10,W4,VB,GANZ,1,"Maximum der CR-10-Werte je Programmwoche, Status ganz, Menge VB",Plan 12.09.,,X,"CR-10 je Spieler, je Verein, teilweise"
S07.MAX.CR10.W5.IG.GANZ,S07,MAX,CR10,W5,IG,GANZ,1,"Maximum der CR-10-Werte je Programmwoche, Status ganz, Menge IG",Plan 12.09.,,X,"CR-10 je Spieler, je Verein, teilweise"
S07.MAX.CR10.W5.VA.GANZ,S07,MAX,CR10,W5,VA,GANZ,1,"Maximum der CR-10-Werte je Programmwoche, Status ganz, Menge VA",Plan 12.09.,,X,"CR-10 je Spieler, je Verein, teilweise"
S07.MAX.CR10.W5.VB.GANZ,S07,MAX,CR10,W5,VB,GANZ,1,"Maximum der CR-10-Werte je Programmwoche, Status ganz, Menge VB",Plan 12.09.,,X,"CR-10 je Spieler, je Verein, teilweise"
S07.MAX.CR10.W6.IG.GANZ,S07,MAX,CR10,W6,IG,GANZ,1,"Maximum der CR-10-Werte je Programmwoche, Status ganz, Menge IG",Plan 12.09.,,X,"CR-10 je Spieler, je Verein, teilweise"
S07.MAX.CR10.W6.VA.GANZ,S07,MAX,CR10,W6,VA,GANZ,1,"Maximum der CR-10-Werte je Programmwoche, Status ganz, Menge VA",Plan 12.09.,,X,"CR-10 je Spieler, je Verein, teilweise"
S07.MAX.CR10.W6.VB.GANZ,S07,MAX,CR10,W6,VB,GANZ,1,"Maximum der CR-10-Werte je Programmwoche, Status ganz, Menge VB",Plan 12.09.,,X,"CR-10 je Spieler, je Verein, teilweise"
S07.N.CR10.X.P<Code>.GANZ,S07,N,CR10,X,P<Code>,GANZ,1,"n der CR-10-Werte je Spieler, Status ganz",Plan 12.09.,IG,X,"CR-10 je Spieler, je Verein, teilweise"
S07.M.CR10.X.P<Code>.GANZ,S07,M,CR10,X,P<Code>,GANZ,1,"Mittel der CR-10-Werte je Spieler, Status ganz",Plan 12.09.,IG,X,"CR-10 je Spieler, je Verein, teilweise"
S07.SD.CR10.X.P<Code>.GANZ,S07,SD,CR10,X,P<Code>,GANZ,1,"SD der CR-10-Werte je Spieler, Status ganz",Plan 12.09.,IG,X,"CR-10 je Spieler, je Verein, teilweise"
S07.MED.CR10.X.P<Code>.GANZ,S07,MED,CR10,X,P<Code>,GANZ,1,"Median der CR-10-Werte je Spieler, Status ganz",Plan 12.09.,IG,X,"CR-10 je Spieler, je Verein, teilweise"
S07.MIN.CR10.X.P<Code>.GANZ,S07,MIN,CR10,X,P<Code>,GANZ,1,"Minimum der CR-10-Werte je Spieler, Status ganz",Plan 12.09.,IG,X,"CR-10 je Spieler, je Verein, teilweise"
S07.MAX.CR10.X.P<Code>.GANZ,S07,MAX,CR10,X,P<Code>,GANZ,1,"Maximum der CR-10-Werte je Spieler, Status ganz",Plan 12.09.,IG,X,"CR-10 je Spieler, je Verein, teilweise"
S07.N.CR10.X.IG.TEILW,S07,N,CR10,X,IG,TEILW,1,"n der CR-10-Werte, Status TEILW",Plan 12.09.,,X,"CR-10 je Spieler, je Verein, teilweise"
S07.N.CR10.X.IG.GT,S07,N,CR10,X,IG,GT,1,"n der CR-10-Werte, Status GT",Plan 12.09.,,X,"CR-10 je Spieler, je Verein, teilweise"
S07.M.CR10.X.IG.TEILW,S07,M,CR10,X,IG,TEILW,1,"Mittel der CR-10-Werte, Status TEILW",Plan 12.09.,,X,"CR-10 je Spieler, je Verein, teilweise"
S07.M.CR10.X.IG.GT,S07,M,CR10,X,IG,GT,1,"Mittel der CR-10-Werte, Status GT",Plan 12.09.,,X,"CR-10 je Spieler, je Verein, teilweise"
S07.SD.CR10.X.IG.TEILW,S07,SD,CR10,X,IG,TEILW,1,"SD der CR-10-Werte, Status TEILW",Plan 12.09.,,X,"CR-10 je Spieler, je Verein, teilweise"
S07.SD.CR10.X.IG.GT,S07,SD,CR10,X,IG,GT,1,"SD der CR-10-Werte, Status GT",Plan 12.09.,,X,"CR-10 je Spieler, je Verein, teilweise"
S07.MED.CR10.X.IG.TEILW,S07,MED,CR10,X,IG,TEILW,1,"Median der CR-10-Werte, Status TEILW",Plan 12.09.,,X,"CR-10 je Spieler, je Verein, teilweise"
S07.MED.CR10.X.IG.GT,S07,MED,CR10,X,IG,GT,1,"Median der CR-10-Werte, Status GT",Plan 12.09.,,X,"CR-10 je Spieler, je Verein, teilweise"
S07.MIN.CR10.X.IG.TEILW,S07,MIN,CR10,X,IG,TEILW,1,"Minimum der CR-10-Werte, Status TEILW",Plan 12.09.,,X,"CR-10 je Spieler, je Verein, teilweise"
S07.MIN.CR10.X.IG.GT,S07,MIN,CR10,X,IG,GT,1,"Minimum der CR-10-Werte, Status GT",Plan 12.09.,,X,"CR-10 je Spieler, je Verein, teilweise"
S07.MAX.CR10.X.IG.TEILW,S07,MAX,CR10,X,IG,TEILW,1,"Maximum der CR-10-Werte, Status TEILW",Plan 12.09.,,X,"CR-10 je Spieler, je Verein, teilweise"
S07.MAX.CR10.X.IG.GT,S07,MAX,CR10,X,IG,GT,1,"Maximum der CR-10-Werte, Status GT",Plan 12.09.,,X,"CR-10 je Spieler, je Verein, teilweise"
S07.NCR00.CR10.X.IG.GANZ,S07,NCR00,CR10,X,IG,GANZ,1,Zahl der Meldungen ganz mit CR-10 = 0,Plan 12.09.,,X,Stufenverteilung
S07.NCR01.CR10.X.IG.GANZ,S07,NCR01,CR10,X,IG,GANZ,1,Zahl der Meldungen ganz mit CR-10 = 1,Plan 12.09.,,X,Stufenverteilung
S07.NCR02.CR10.X.IG.GANZ,S07,NCR02,CR10,X,IG,GANZ,1,Zahl der Meldungen ganz mit CR-10 = 2,Plan 12.09.,,X,Stufenverteilung
S07.NCR03.CR10.X.IG.GANZ,S07,NCR03,CR10,X,IG,GANZ,1,Zahl der Meldungen ganz mit CR-10 = 3,Plan 12.09.,,X,Stufenverteilung
S07.NCR04.CR10.X.IG.GANZ,S07,NCR04,CR10,X,IG,GANZ,1,Zahl der Meldungen ganz mit CR-10 = 4,Plan 12.09.,,X,Stufenverteilung
S07.NCR05.CR10.X.IG.GANZ,S07,NCR05,CR10,X,IG,GANZ,1,Zahl der Meldungen ganz mit CR-10 = 5,Plan 12.09.,,X,Stufenverteilung
S07.NCR06.CR10.X.IG.GANZ,S07,NCR06,CR10,X,IG,GANZ,1,Zahl der Meldungen ganz mit CR-10 = 6,Plan 12.09.,,X,Stufenverteilung
S07.NCR07.CR10.X.IG.GANZ,S07,NCR07,CR10,X,IG,GANZ,1,Zahl der Meldungen ganz mit CR-10 = 7,Plan 12.09.,,X,Stufenverteilung
S07.NCR08.CR10.X.IG.GANZ,S07,NCR08,CR10,X,IG,GANZ,1,Zahl der Meldungen ganz mit CR-10 = 8,Plan 12.09.,,X,Stufenverteilung
S07.NCR09.CR10.X.IG.GANZ,S07,NCR09,CR10,X,IG,GANZ,1,Zahl der Meldungen ganz mit CR-10 = 9,Plan 12.09.,,X,Stufenverteilung
S07.NCR10.CR10.X.IG.GANZ,S07,NCR10,CR10,X,IG,GANZ,1,Zahl der Meldungen ganz mit CR-10 = 10,Plan 12.09.,,X,Stufenverteilung
S07.SUM.LOAD.X.IG.GANZ,S07,SUM,LOAD,X,IG,GANZ,AU,"Summe des sRPE-Load, Status ganz, Menge IG","Plan 12.09., K10 nachträglich",,X,Summe hängt an der Zahl der Meldungen
S07.SUM.LOAD.X.VA.GANZ,S07,SUM,LOAD,X,VA,GANZ,AU,"Summe des sRPE-Load, Status ganz, Menge VA","Plan 12.09., K10 nachträglich",,X,Summe hängt an der Zahl der Meldungen
S07.SUM.LOAD.X.VB.GANZ,S07,SUM,LOAD,X,VB,GANZ,AU,"Summe des sRPE-Load, Status ganz, Menge VB","Plan 12.09., K10 nachträglich",,X,Summe hängt an der Zahl der Meldungen
S07.N.LOAD.X.IG.GANZ,S07,N,LOAD,X,IG,GANZ,1,"n des sRPE-Load, Status ganz, Menge IG","Plan 12.09., K10 nachträglich",,T,"5.1 Beanspruchung, sRPE-Load mit Solldauer (Verfasser 24.09.)"
S07.N.LOAD.X.VA.GANZ,S07,N,LOAD,X,VA,GANZ,1,"n des sRPE-Load, Status ganz, Menge VA","Plan 12.09., K10 nachträglich",,X,"sRPE-Load je Spieler, je Verein, Wochen-Median, -Minimum und -Maximum"
S07.N.LOAD.X.VB.GANZ,S07,N,LOAD,X,VB,GANZ,1,"n des sRPE-Load, Status ganz, Menge VB","Plan 12.09., K10 nachträglich",,X,"sRPE-Load je Spieler, je Verein, Wochen-Median, -Minimum und -Maximum"
S07.M.LOAD.X.IG.GANZ,S07,M,LOAD,X,IG,GANZ,AU,"Mittel des sRPE-Load, Status ganz, Menge IG","Plan 12.09., K10 nachträglich",,T,"5.1 Beanspruchung, sRPE-Load mit Solldauer (Verfasser 24.09.)"
S07.M.LOAD.X.VA.GANZ,S07,M,LOAD,X,VA,GANZ,AU,"Mittel des sRPE-Load, Status ganz, Menge VA","Plan 12.09., K10 nachträglich",,X,"sRPE-Load je Spieler, je Verein, Wochen-Median, -Minimum und -Maximum"
S07.M.LOAD.X.VB.GANZ,S07,M,LOAD,X,VB,GANZ,AU,"Mittel des sRPE-Load, Status ganz, Menge VB","Plan 12.09., K10 nachträglich",,X,"sRPE-Load je Spieler, je Verein, Wochen-Median, -Minimum und -Maximum"
S07.SD.LOAD.X.IG.GANZ,S07,SD,LOAD,X,IG,GANZ,AU,"SD des sRPE-Load, Status ganz, Menge IG","Plan 12.09., K10 nachträglich",,T,"5.1 Beanspruchung, sRPE-Load mit Solldauer (Verfasser 24.09.)"
S07.SD.LOAD.X.VA.GANZ,S07,SD,LOAD,X,VA,GANZ,AU,"SD des sRPE-Load, Status ganz, Menge VA","Plan 12.09., K10 nachträglich",,X,"sRPE-Load je Spieler, je Verein, Wochen-Median, -Minimum und -Maximum"
S07.SD.LOAD.X.VB.GANZ,S07,SD,LOAD,X,VB,GANZ,AU,"SD des sRPE-Load, Status ganz, Menge VB","Plan 12.09., K10 nachträglich",,X,"sRPE-Load je Spieler, je Verein, Wochen-Median, -Minimum und -Maximum"
S07.MED.LOAD.X.IG.GANZ,S07,MED,LOAD,X,IG,GANZ,AU,"Median des sRPE-Load, Status ganz, Menge IG","Plan 12.09., K10 nachträglich",,T,"5.1 Beanspruchung, sRPE-Load mit Solldauer (Verfasser 24.09.)"
S07.MED.LOAD.X.VA.GANZ,S07,MED,LOAD,X,VA,GANZ,AU,"Median des sRPE-Load, Status ganz, Menge VA","Plan 12.09., K10 nachträglich",,X,"sRPE-Load je Spieler, je Verein, Wochen-Median, -Minimum und -Maximum"
S07.MED.LOAD.X.VB.GANZ,S07,MED,LOAD,X,VB,GANZ,AU,"Median des sRPE-Load, Status ganz, Menge VB","Plan 12.09., K10 nachträglich",,X,"sRPE-Load je Spieler, je Verein, Wochen-Median, -Minimum und -Maximum"
S07.MIN.LOAD.X.IG.GANZ,S07,MIN,LOAD,X,IG,GANZ,AU,"Minimum des sRPE-Load, Status ganz, Menge IG","Plan 12.09., K10 nachträglich",,T,"5.1 Beanspruchung, sRPE-Load mit Solldauer (Verfasser 24.09.)"
S07.MIN.LOAD.X.VA.GANZ,S07,MIN,LOAD,X,VA,GANZ,AU,"Minimum des sRPE-Load, Status ganz, Menge VA","Plan 12.09., K10 nachträglich",,X,"sRPE-Load je Spieler, je Verein, Wochen-Median, -Minimum und -Maximum"
S07.MIN.LOAD.X.VB.GANZ,S07,MIN,LOAD,X,VB,GANZ,AU,"Minimum des sRPE-Load, Status ganz, Menge VB","Plan 12.09., K10 nachträglich",,X,"sRPE-Load je Spieler, je Verein, Wochen-Median, -Minimum und -Maximum"
S07.MAX.LOAD.X.IG.GANZ,S07,MAX,LOAD,X,IG,GANZ,AU,"Maximum des sRPE-Load, Status ganz, Menge IG","Plan 12.09., K10 nachträglich",,T,"5.1 Beanspruchung, sRPE-Load mit Solldauer (Verfasser 24.09.)"
S07.MAX.LOAD.X.VA.GANZ,S07,MAX,LOAD,X,VA,GANZ,AU,"Maximum des sRPE-Load, Status ganz, Menge VA","Plan 12.09., K10 nachträglich",,X,"sRPE-Load je Spieler, je Verein, Wochen-Median, -Minimum und -Maximum"
S07.MAX.LOAD.X.VB.GANZ,S07,MAX,LOAD,X,VB,GANZ,AU,"Maximum des sRPE-Load, Status ganz, Menge VB","Plan 12.09., K10 nachträglich",,X,"sRPE-Load je Spieler, je Verein, Wochen-Median, -Minimum und -Maximum"
S07.SUM.LOAD.W1.IG.GANZ,S07,SUM,LOAD,W1,IG,GANZ,AU,Summe des sRPE-Load je Programmwoche,"Plan 12.09., K10 nachträglich",,X,Summe hängt an der Zahl der Meldungen
S07.SUM.LOAD.W2.IG.GANZ,S07,SUM,LOAD,W2,IG,GANZ,AU,Summe des sRPE-Load je Programmwoche,"Plan 12.09., K10 nachträglich",,X,Summe hängt an der Zahl der Meldungen
S07.SUM.LOAD.W3.IG.GANZ,S07,SUM,LOAD,W3,IG,GANZ,AU,Summe des sRPE-Load je Programmwoche,"Plan 12.09., K10 nachträglich",,X,Summe hängt an der Zahl der Meldungen
S07.SUM.LOAD.W4.IG.GANZ,S07,SUM,LOAD,W4,IG,GANZ,AU,Summe des sRPE-Load je Programmwoche,"Plan 12.09., K10 nachträglich",,X,Summe hängt an der Zahl der Meldungen
S07.SUM.LOAD.W5.IG.GANZ,S07,SUM,LOAD,W5,IG,GANZ,AU,Summe des sRPE-Load je Programmwoche,"Plan 12.09., K10 nachträglich",,X,Summe hängt an der Zahl der Meldungen
S07.SUM.LOAD.W6.IG.GANZ,S07,SUM,LOAD,W6,IG,GANZ,AU,Summe des sRPE-Load je Programmwoche,"Plan 12.09., K10 nachträglich",,X,Summe hängt an der Zahl der Meldungen
S07.N.LOAD.W1.IG.GANZ,S07,N,LOAD,W1,IG,GANZ,1,n des sRPE-Load je Programmwoche,"Plan 12.09., K10 nachträglich",,A,Tab. H2 Verlauf je Woche
S07.N.LOAD.W2.IG.GANZ,S07,N,LOAD,W2,IG,GANZ,1,n des sRPE-Load je Programmwoche,"Plan 12.09., K10 nachträglich",,A,Tab. H2 Verlauf je Woche
S07.N.LOAD.W3.IG.GANZ,S07,N,LOAD,W3,IG,GANZ,1,n des sRPE-Load je Programmwoche,"Plan 12.09., K10 nachträglich",,A,Tab. H2 Verlauf je Woche
S07.N.LOAD.W4.IG.GANZ,S07,N,LOAD,W4,IG,GANZ,1,n des sRPE-Load je Programmwoche,"Plan 12.09., K10 nachträglich",,A,Tab. H2 Verlauf je Woche
S07.N.LOAD.W5.IG.GANZ,S07,N,LOAD,W5,IG,GANZ,1,n des sRPE-Load je Programmwoche,"Plan 12.09., K10 nachträglich",,A,Tab. H2 Verlauf je Woche
S07.N.LOAD.W6.IG.GANZ,S07,N,LOAD,W6,IG,GANZ,1,n des sRPE-Load je Programmwoche,"Plan 12.09., K10 nachträglich",,A,Tab. H2 Verlauf je Woche
S07.M.LOAD.W1.IG.GANZ,S07,M,LOAD,W1,IG,GANZ,AU,Mittel des sRPE-Load je Programmwoche,"Plan 12.09., K10 nachträglich",,A,Tab. H2 Verlauf je Woche
S07.M.LOAD.W2.IG.GANZ,S07,M,LOAD,W2,IG,GANZ,AU,Mittel des sRPE-Load je Programmwoche,"Plan 12.09., K10 nachträglich",,A,Tab. H2 Verlauf je Woche
S07.M.LOAD.W3.IG.GANZ,S07,M,LOAD,W3,IG,GANZ,AU,Mittel des sRPE-Load je Programmwoche,"Plan 12.09., K10 nachträglich",,A,Tab. H2 Verlauf je Woche
S07.M.LOAD.W4.IG.GANZ,S07,M,LOAD,W4,IG,GANZ,AU,Mittel des sRPE-Load je Programmwoche,"Plan 12.09., K10 nachträglich",,A,Tab. H2 Verlauf je Woche
S07.M.LOAD.W5.IG.GANZ,S07,M,LOAD,W5,IG,GANZ,AU,Mittel des sRPE-Load je Programmwoche,"Plan 12.09., K10 nachträglich",,A,Tab. H2 Verlauf je Woche
S07.M.LOAD.W6.IG.GANZ,S07,M,LOAD,W6,IG,GANZ,AU,Mittel des sRPE-Load je Programmwoche,"Plan 12.09., K10 nachträglich",,A,Tab. H2 Verlauf je Woche
S07.SD.LOAD.W1.IG.GANZ,S07,SD,LOAD,W1,IG,GANZ,AU,SD des sRPE-Load je Programmwoche,"Plan 12.09., K10 nachträglich",,A,Tab. H2 Verlauf je Woche
S07.SD.LOAD.W2.IG.GANZ,S07,SD,LOAD,W2,IG,GANZ,AU,SD des sRPE-Load je Programmwoche,"Plan 12.09., K10 nachträglich",,A,Tab. H2 Verlauf je Woche
S07.SD.LOAD.W3.IG.GANZ,S07,SD,LOAD,W3,IG,GANZ,AU,SD des sRPE-Load je Programmwoche,"Plan 12.09., K10 nachträglich",,A,Tab. H2 Verlauf je Woche
S07.SD.LOAD.W4.IG.GANZ,S07,SD,LOAD,W4,IG,GANZ,AU,SD des sRPE-Load je Programmwoche,"Plan 12.09., K10 nachträglich",,A,Tab. H2 Verlauf je Woche
S07.SD.LOAD.W5.IG.GANZ,S07,SD,LOAD,W5,IG,GANZ,AU,SD des sRPE-Load je Programmwoche,"Plan 12.09., K10 nachträglich",,A,Tab. H2 Verlauf je Woche
S07.SD.LOAD.W6.IG.GANZ,S07,SD,LOAD,W6,IG,GANZ,AU,SD des sRPE-Load je Programmwoche,"Plan 12.09., K10 nachträglich",,A,Tab. H2 Verlauf je Woche
S07.MED.LOAD.W1.IG.GANZ,S07,MED,LOAD,W1,IG,GANZ,AU,Median des sRPE-Load je Programmwoche,"Plan 12.09., K10 nachträglich",,X,"sRPE-Load je Spieler, je Verein, Wochen-Median, -Minimum und -Maximum"
S07.MED.LOAD.W2.IG.GANZ,S07,MED,LOAD,W2,IG,GANZ,AU,Median des sRPE-Load je Programmwoche,"Plan 12.09., K10 nachträglich",,X,"sRPE-Load je Spieler, je Verein, Wochen-Median, -Minimum und -Maximum"
S07.MED.LOAD.W3.IG.GANZ,S07,MED,LOAD,W3,IG,GANZ,AU,Median des sRPE-Load je Programmwoche,"Plan 12.09., K10 nachträglich",,X,"sRPE-Load je Spieler, je Verein, Wochen-Median, -Minimum und -Maximum"
S07.MED.LOAD.W4.IG.GANZ,S07,MED,LOAD,W4,IG,GANZ,AU,Median des sRPE-Load je Programmwoche,"Plan 12.09., K10 nachträglich",,X,"sRPE-Load je Spieler, je Verein, Wochen-Median, -Minimum und -Maximum"
S07.MED.LOAD.W5.IG.GANZ,S07,MED,LOAD,W5,IG,GANZ,AU,Median des sRPE-Load je Programmwoche,"Plan 12.09., K10 nachträglich",,X,"sRPE-Load je Spieler, je Verein, Wochen-Median, -Minimum und -Maximum"
S07.MED.LOAD.W6.IG.GANZ,S07,MED,LOAD,W6,IG,GANZ,AU,Median des sRPE-Load je Programmwoche,"Plan 12.09., K10 nachträglich",,X,"sRPE-Load je Spieler, je Verein, Wochen-Median, -Minimum und -Maximum"
S07.MIN.LOAD.W1.IG.GANZ,S07,MIN,LOAD,W1,IG,GANZ,AU,Minimum des sRPE-Load je Programmwoche,"Plan 12.09., K10 nachträglich",,X,"sRPE-Load je Spieler, je Verein, Wochen-Median, -Minimum und -Maximum"
S07.MIN.LOAD.W2.IG.GANZ,S07,MIN,LOAD,W2,IG,GANZ,AU,Minimum des sRPE-Load je Programmwoche,"Plan 12.09., K10 nachträglich",,X,"sRPE-Load je Spieler, je Verein, Wochen-Median, -Minimum und -Maximum"
S07.MIN.LOAD.W3.IG.GANZ,S07,MIN,LOAD,W3,IG,GANZ,AU,Minimum des sRPE-Load je Programmwoche,"Plan 12.09., K10 nachträglich",,X,"sRPE-Load je Spieler, je Verein, Wochen-Median, -Minimum und -Maximum"
S07.MIN.LOAD.W4.IG.GANZ,S07,MIN,LOAD,W4,IG,GANZ,AU,Minimum des sRPE-Load je Programmwoche,"Plan 12.09., K10 nachträglich",,X,"sRPE-Load je Spieler, je Verein, Wochen-Median, -Minimum und -Maximum"
S07.MIN.LOAD.W5.IG.GANZ,S07,MIN,LOAD,W5,IG,GANZ,AU,Minimum des sRPE-Load je Programmwoche,"Plan 12.09., K10 nachträglich",,X,"sRPE-Load je Spieler, je Verein, Wochen-Median, -Minimum und -Maximum"
S07.MIN.LOAD.W6.IG.GANZ,S07,MIN,LOAD,W6,IG,GANZ,AU,Minimum des sRPE-Load je Programmwoche,"Plan 12.09., K10 nachträglich",,X,"sRPE-Load je Spieler, je Verein, Wochen-Median, -Minimum und -Maximum"
S07.MAX.LOAD.W1.IG.GANZ,S07,MAX,LOAD,W1,IG,GANZ,AU,Maximum des sRPE-Load je Programmwoche,"Plan 12.09., K10 nachträglich",,X,"sRPE-Load je Spieler, je Verein, Wochen-Median, -Minimum und -Maximum"
S07.MAX.LOAD.W2.IG.GANZ,S07,MAX,LOAD,W2,IG,GANZ,AU,Maximum des sRPE-Load je Programmwoche,"Plan 12.09., K10 nachträglich",,X,"sRPE-Load je Spieler, je Verein, Wochen-Median, -Minimum und -Maximum"
S07.MAX.LOAD.W3.IG.GANZ,S07,MAX,LOAD,W3,IG,GANZ,AU,Maximum des sRPE-Load je Programmwoche,"Plan 12.09., K10 nachträglich",,X,"sRPE-Load je Spieler, je Verein, Wochen-Median, -Minimum und -Maximum"
S07.MAX.LOAD.W4.IG.GANZ,S07,MAX,LOAD,W4,IG,GANZ,AU,Maximum des sRPE-Load je Programmwoche,"Plan 12.09., K10 nachträglich",,X,"sRPE-Load je Spieler, je Verein, Wochen-Median, -Minimum und -Maximum"
S07.MAX.LOAD.W5.IG.GANZ,S07,MAX,LOAD,W5,IG,GANZ,AU,Maximum des sRPE-Load je Programmwoche,"Plan 12.09., K10 nachträglich",,X,"sRPE-Load je Spieler, je Verein, Wochen-Median, -Minimum und -Maximum"
S07.MAX.LOAD.W6.IG.GANZ,S07,MAX,LOAD,W6,IG,GANZ,AU,Maximum des sRPE-Load je Programmwoche,"Plan 12.09., K10 nachträglich",,X,"sRPE-Load je Spieler, je Verein, Wochen-Median, -Minimum und -Maximum"
S07.SUM.LOAD.X.P<Code>.GANZ,S07,SUM,LOAD,X,P<Code>,GANZ,AU,Summe des sRPE-Load je Spieler,"Plan 12.09., K10 nachträglich",IG,X,Summe hängt an der Zahl der Meldungen
S07.N.LOAD.X.P<Code>.GANZ,S07,N,LOAD,X,P<Code>,GANZ,1,n des sRPE-Load je Spieler,"Plan 12.09., K10 nachträglich",IG,X,"sRPE-Load je Spieler, je Verein, Wochen-Median, -Minimum und -Maximum"
S07.M.LOAD.X.P<Code>.GANZ,S07,M,LOAD,X,P<Code>,GANZ,AU,Mittel des sRPE-Load je Spieler,"Plan 12.09., K10 nachträglich",IG,X,"sRPE-Load je Spieler, je Verein, Wochen-Median, -Minimum und -Maximum"
S07.UE.FB.X.IG.X,S07,UE,FB,X,IG,X,1,Meldungen mit Schmerzen oder Problemen (H007 = 1),Plan 12.09.,,T,5.1 unerwünschte Ereignisse (CONSORT 19)
S07.UE.FB.X.IG.GANZ,S07,UE,FB,X,IG,GANZ,1,"Meldungen mit H007 = 1, Status GANZ",Plan 12.09.,,T,5.1 unerwünschte Ereignisse (CONSORT 19)
S07.UE.FB.X.IG.TEILW,S07,UE,FB,X,IG,TEILW,1,"Meldungen mit H007 = 1, Status TEILW",Plan 12.09.,,T,5.1 unerwünschte Ereignisse (CONSORT 19)
S07.UE.FB.X.IG.GARN,S07,UE,FB,X,IG,GARN,1,"Meldungen mit H007 = 1, Status GARN",Plan 12.09.,,T,5.1 unerwünschte Ereignisse (CONSORT 19)
S07.UE.FB.W1.IG.X,S07,UE,FB,W1,IG,X,1,Meldungen mit H007 = 1 je Programmwoche,Plan 12.09.,,X,"je Woche, je Verein"
S07.UE.FB.W2.IG.X,S07,UE,FB,W2,IG,X,1,Meldungen mit H007 = 1 je Programmwoche,Plan 12.09.,,X,"je Woche, je Verein"
S07.UE.FB.W3.IG.X,S07,UE,FB,W3,IG,X,1,Meldungen mit H007 = 1 je Programmwoche,Plan 12.09.,,X,"je Woche, je Verein"
S07.UE.FB.W4.IG.X,S07,UE,FB,W4,IG,X,1,Meldungen mit H007 = 1 je Programmwoche,Plan 12.09.,,X,"je Woche, je Verein"
S07.UE.FB.W5.IG.X,S07,UE,FB,W5,IG,X,1,Meldungen mit H007 = 1 je Programmwoche,Plan 12.09.,,X,"je Woche, je Verein"
S07.UE.FB.W6.IG.X,S07,UE,FB,W6,IG,X,1,Meldungen mit H007 = 1 je Programmwoche,Plan 12.09.,,X,"je Woche, je Verein"
S07.UE.FB.X.VA.X,S07,UE,FB,X,VA,X,1,"Meldungen mit H007 = 1, Verein A",Plan 12.09.,,X,"je Woche, je Verein"
S07.UE.FB.X.VB.X,S07,UE,FB,X,VB,X,1,"Meldungen mit H007 = 1, Verein B",Plan 12.09.,,X,"je Woche, je Verein"
S07.UESP.FB.X.IG.X,S07,UESP,FB,X,IG,X,1,Spieler mit mindestens einer Meldung H007 = 1,Plan 12.09.,,T,5.1 unerwünschte Ereignisse (CONSORT 19)
S07.H006C1.FB.X.IG.GT,S07,H006C1,FB,X,IG,GT,1,"Meldungen ganz oder teilweise mit H006 = 1 (Rasen/Wiese), Menge IG",Plan 12.09.,,X,"Untergrund, Videopausen, Fremdtraining nicht ausgewertet"
S07.H006C1.FB.X.VA.GT,S07,H006C1,FB,X,VA,GT,1,"Meldungen ganz oder teilweise mit H006 = 1 (Rasen/Wiese), Menge VA",Plan 12.09.,,X,"Untergrund, Videopausen, Fremdtraining nicht ausgewertet"
S07.H006C1.FB.X.VB.GT,S07,H006C1,FB,X,VB,GT,1,"Meldungen ganz oder teilweise mit H006 = 1 (Rasen/Wiese), Menge VB",Plan 12.09.,,X,"Untergrund, Videopausen, Fremdtraining nicht ausgewertet"
S07.H006C2.FB.X.IG.GT,S07,H006C2,FB,X,IG,GT,1,"Meldungen ganz oder teilweise mit H006 = 2 (Kunstrasen), Menge IG",Plan 12.09.,,X,"Untergrund, Videopausen, Fremdtraining nicht ausgewertet"
S07.H006C2.FB.X.VA.GT,S07,H006C2,FB,X,VA,GT,1,"Meldungen ganz oder teilweise mit H006 = 2 (Kunstrasen), Menge VA",Plan 12.09.,,X,"Untergrund, Videopausen, Fremdtraining nicht ausgewertet"
S07.H006C2.FB.X.VB.GT,S07,H006C2,FB,X,VB,GT,1,"Meldungen ganz oder teilweise mit H006 = 2 (Kunstrasen), Menge VB",Plan 12.09.,,X,"Untergrund, Videopausen, Fremdtraining nicht ausgewertet"
S07.H006C3.FB.X.IG.GT,S07,H006C3,FB,X,IG,GT,1,"Meldungen ganz oder teilweise mit H006 = 3 (Hartplatz/Asphalt), Menge IG",Plan 12.09.,,X,"Untergrund, Videopausen, Fremdtraining nicht ausgewertet"
S07.H006C3.FB.X.VA.GT,S07,H006C3,FB,X,VA,GT,1,"Meldungen ganz oder teilweise mit H006 = 3 (Hartplatz/Asphalt), Menge VA",Plan 12.09.,,X,"Untergrund, Videopausen, Fremdtraining nicht ausgewertet"
S07.H006C3.FB.X.VB.GT,S07,H006C3,FB,X,VB,GT,1,"Meldungen ganz oder teilweise mit H006 = 3 (Hartplatz/Asphalt), Menge VB",Plan 12.09.,,X,"Untergrund, Videopausen, Fremdtraining nicht ausgewertet"
S07.H006C4.FB.X.IG.GT,S07,H006C4,FB,X,IG,GT,1,"Meldungen ganz oder teilweise mit H006 = 4 (Drinnen), Menge IG",Plan 12.09.,,X,"Untergrund, Videopausen, Fremdtraining nicht ausgewertet"
S07.H006C4.FB.X.VA.GT,S07,H006C4,FB,X,VA,GT,1,"Meldungen ganz oder teilweise mit H006 = 4 (Drinnen), Menge VA",Plan 12.09.,,X,"Untergrund, Videopausen, Fremdtraining nicht ausgewertet"
S07.H006C4.FB.X.VB.GT,S07,H006C4,FB,X,VB,GT,1,"Meldungen ganz oder teilweise mit H006 = 4 (Drinnen), Menge VB",Plan 12.09.,,X,"Untergrund, Videopausen, Fremdtraining nicht ausgewertet"
S07.H006C5.FB.X.IG.GT,S07,H006C5,FB,X,IG,GT,1,"Meldungen ganz oder teilweise mit H006 = 5 (Anderes), Menge IG",Plan 12.09.,,X,"Untergrund, Videopausen, Fremdtraining nicht ausgewertet"
S07.H006C5.FB.X.VA.GT,S07,H006C5,FB,X,VA,GT,1,"Meldungen ganz oder teilweise mit H006 = 5 (Anderes), Menge VA",Plan 12.09.,,X,"Untergrund, Videopausen, Fremdtraining nicht ausgewertet"
S07.H006C5.FB.X.VB.GT,S07,H006C5,FB,X,VB,GT,1,"Meldungen ganz oder teilweise mit H006 = 5 (Anderes), Menge VB",Plan 12.09.,,X,"Untergrund, Videopausen, Fremdtraining nicht ausgewertet"
S07.H008J.FB.X.IG.X,S07,H008J,FB,X,IG,X,1,"Meldungen mit H008 = 1 (Videopause oder Wiederholung), alle Status, Menge IG",Plan 12.09.,,X,"Untergrund, Videopausen, Fremdtraining nicht ausgewertet"
S07.H008J.FB.X.VA.X,S07,H008J,FB,X,VA,X,1,"Meldungen mit H008 = 1 (Videopause oder Wiederholung), alle Status, Menge VA",Plan 12.09.,,X,"Untergrund, Videopausen, Fremdtraining nicht ausgewertet"
S07.H008J.FB.X.VB.X,S07,H008J,FB,X,VB,X,1,"Meldungen mit H008 = 1 (Videopause oder Wiederholung), alle Status, Menge VB",Plan 12.09.,,X,"Untergrund, Videopausen, Fremdtraining nicht ausgewertet"
S07.H008J.FB.W1.IG.X,S07,H008J,FB,W1,IG,X,1,"Meldungen mit H008 = 1 je Programmwoche, alle Status, Menge IG",Plan 12.09.,,X,"Untergrund, Videopausen, Fremdtraining nicht ausgewertet"
S07.H008J.FB.W1.VA.X,S07,H008J,FB,W1,VA,X,1,"Meldungen mit H008 = 1 je Programmwoche, alle Status, Menge VA",Plan 12.09.,,X,"Untergrund, Videopausen, Fremdtraining nicht ausgewertet"
S07.H008J.FB.W1.VB.X,S07,H008J,FB,W1,VB,X,1,"Meldungen mit H008 = 1 je Programmwoche, alle Status, Menge VB",Plan 12.09.,,X,"Untergrund, Videopausen, Fremdtraining nicht ausgewertet"
S07.H008J.FB.W2.IG.X,S07,H008J,FB,W2,IG,X,1,"Meldungen mit H008 = 1 je Programmwoche, alle Status, Menge IG",Plan 12.09.,,X,"Untergrund, Videopausen, Fremdtraining nicht ausgewertet"
S07.H008J.FB.W2.VA.X,S07,H008J,FB,W2,VA,X,1,"Meldungen mit H008 = 1 je Programmwoche, alle Status, Menge VA",Plan 12.09.,,X,"Untergrund, Videopausen, Fremdtraining nicht ausgewertet"
S07.H008J.FB.W2.VB.X,S07,H008J,FB,W2,VB,X,1,"Meldungen mit H008 = 1 je Programmwoche, alle Status, Menge VB",Plan 12.09.,,X,"Untergrund, Videopausen, Fremdtraining nicht ausgewertet"
S07.H008J.FB.W3.IG.X,S07,H008J,FB,W3,IG,X,1,"Meldungen mit H008 = 1 je Programmwoche, alle Status, Menge IG",Plan 12.09.,,X,"Untergrund, Videopausen, Fremdtraining nicht ausgewertet"
S07.H008J.FB.W3.VA.X,S07,H008J,FB,W3,VA,X,1,"Meldungen mit H008 = 1 je Programmwoche, alle Status, Menge VA",Plan 12.09.,,X,"Untergrund, Videopausen, Fremdtraining nicht ausgewertet"
S07.H008J.FB.W3.VB.X,S07,H008J,FB,W3,VB,X,1,"Meldungen mit H008 = 1 je Programmwoche, alle Status, Menge VB",Plan 12.09.,,X,"Untergrund, Videopausen, Fremdtraining nicht ausgewertet"
S07.H008J.FB.W4.IG.X,S07,H008J,FB,W4,IG,X,1,"Meldungen mit H008 = 1 je Programmwoche, alle Status, Menge IG",Plan 12.09.,,X,"Untergrund, Videopausen, Fremdtraining nicht ausgewertet"
S07.H008J.FB.W4.VA.X,S07,H008J,FB,W4,VA,X,1,"Meldungen mit H008 = 1 je Programmwoche, alle Status, Menge VA",Plan 12.09.,,X,"Untergrund, Videopausen, Fremdtraining nicht ausgewertet"
S07.H008J.FB.W4.VB.X,S07,H008J,FB,W4,VB,X,1,"Meldungen mit H008 = 1 je Programmwoche, alle Status, Menge VB",Plan 12.09.,,X,"Untergrund, Videopausen, Fremdtraining nicht ausgewertet"
S07.H008J.FB.W5.IG.X,S07,H008J,FB,W5,IG,X,1,"Meldungen mit H008 = 1 je Programmwoche, alle Status, Menge IG",Plan 12.09.,,X,"Untergrund, Videopausen, Fremdtraining nicht ausgewertet"
S07.H008J.FB.W5.VA.X,S07,H008J,FB,W5,VA,X,1,"Meldungen mit H008 = 1 je Programmwoche, alle Status, Menge VA",Plan 12.09.,,X,"Untergrund, Videopausen, Fremdtraining nicht ausgewertet"
S07.H008J.FB.W5.VB.X,S07,H008J,FB,W5,VB,X,1,"Meldungen mit H008 = 1 je Programmwoche, alle Status, Menge VB",Plan 12.09.,,X,"Untergrund, Videopausen, Fremdtraining nicht ausgewertet"
S07.H008J.FB.W6.IG.X,S07,H008J,FB,W6,IG,X,1,"Meldungen mit H008 = 1 je Programmwoche, alle Status, Menge IG",Plan 12.09.,,X,"Untergrund, Videopausen, Fremdtraining nicht ausgewertet"
S07.H008J.FB.W6.VA.X,S07,H008J,FB,W6,VA,X,1,"Meldungen mit H008 = 1 je Programmwoche, alle Status, Menge VA",Plan 12.09.,,X,"Untergrund, Videopausen, Fremdtraining nicht ausgewertet"
S07.H008J.FB.W6.VB.X,S07,H008J,FB,W6,VB,X,1,"Meldungen mit H008 = 1 je Programmwoche, alle Status, Menge VB",Plan 12.09.,,X,"Untergrund, Videopausen, Fremdtraining nicht ausgewertet"
S07.H008J.FB.X.P<Code>.X,S07,H008J,FB,X,P<Code>,X,1,Meldungen mit H008 = 1 je IG-Spieler (0 ohne Meldung),Plan 12.09.,IG,X,"Untergrund, Videopausen, Fremdtraining nicht ausgewertet"
S07.H008SP.FB.X.IG.X,S07,H008SP,FB,X,IG,X,1,Spieler mit mindestens einer Meldung H008 = 1,Plan 12.09.,,X,"Untergrund, Videopausen, Fremdtraining nicht ausgewertet"
S07.H009J.FB.X.IG.X,S07,H009J,FB,X,IG,X,1,"Meldungen mit H009 = 1 (Fremdtraining), alle Status, Menge IG",Plan 12.09.,,X,"Untergrund, Videopausen, Fremdtraining nicht ausgewertet"
S07.H009J.FB.X.VA.X,S07,H009J,FB,X,VA,X,1,"Meldungen mit H009 = 1 (Fremdtraining), alle Status, Menge VA",Plan 12.09.,,X,"Untergrund, Videopausen, Fremdtraining nicht ausgewertet"
S07.H009J.FB.X.VB.X,S07,H009J,FB,X,VB,X,1,"Meldungen mit H009 = 1 (Fremdtraining), alle Status, Menge VB",Plan 12.09.,,X,"Untergrund, Videopausen, Fremdtraining nicht ausgewertet"
S07.H009J.FB.W1.IG.X,S07,H009J,FB,W1,IG,X,1,"Meldungen mit H009 = 1 je Programmwoche, alle Status, Menge IG",Plan 12.09.,,X,"Untergrund, Videopausen, Fremdtraining nicht ausgewertet"
S07.H009J.FB.W1.VA.X,S07,H009J,FB,W1,VA,X,1,"Meldungen mit H009 = 1 je Programmwoche, alle Status, Menge VA",Plan 12.09.,,X,"Untergrund, Videopausen, Fremdtraining nicht ausgewertet"
S07.H009J.FB.W1.VB.X,S07,H009J,FB,W1,VB,X,1,"Meldungen mit H009 = 1 je Programmwoche, alle Status, Menge VB",Plan 12.09.,,X,"Untergrund, Videopausen, Fremdtraining nicht ausgewertet"
S07.H009J.FB.W2.IG.X,S07,H009J,FB,W2,IG,X,1,"Meldungen mit H009 = 1 je Programmwoche, alle Status, Menge IG",Plan 12.09.,,X,"Untergrund, Videopausen, Fremdtraining nicht ausgewertet"
S07.H009J.FB.W2.VA.X,S07,H009J,FB,W2,VA,X,1,"Meldungen mit H009 = 1 je Programmwoche, alle Status, Menge VA",Plan 12.09.,,X,"Untergrund, Videopausen, Fremdtraining nicht ausgewertet"
S07.H009J.FB.W2.VB.X,S07,H009J,FB,W2,VB,X,1,"Meldungen mit H009 = 1 je Programmwoche, alle Status, Menge VB",Plan 12.09.,,X,"Untergrund, Videopausen, Fremdtraining nicht ausgewertet"
S07.H009J.FB.W3.IG.X,S07,H009J,FB,W3,IG,X,1,"Meldungen mit H009 = 1 je Programmwoche, alle Status, Menge IG",Plan 12.09.,,X,"Untergrund, Videopausen, Fremdtraining nicht ausgewertet"
S07.H009J.FB.W3.VA.X,S07,H009J,FB,W3,VA,X,1,"Meldungen mit H009 = 1 je Programmwoche, alle Status, Menge VA",Plan 12.09.,,X,"Untergrund, Videopausen, Fremdtraining nicht ausgewertet"
S07.H009J.FB.W3.VB.X,S07,H009J,FB,W3,VB,X,1,"Meldungen mit H009 = 1 je Programmwoche, alle Status, Menge VB",Plan 12.09.,,X,"Untergrund, Videopausen, Fremdtraining nicht ausgewertet"
S07.H009J.FB.W4.IG.X,S07,H009J,FB,W4,IG,X,1,"Meldungen mit H009 = 1 je Programmwoche, alle Status, Menge IG",Plan 12.09.,,X,"Untergrund, Videopausen, Fremdtraining nicht ausgewertet"
S07.H009J.FB.W4.VA.X,S07,H009J,FB,W4,VA,X,1,"Meldungen mit H009 = 1 je Programmwoche, alle Status, Menge VA",Plan 12.09.,,X,"Untergrund, Videopausen, Fremdtraining nicht ausgewertet"
S07.H009J.FB.W4.VB.X,S07,H009J,FB,W4,VB,X,1,"Meldungen mit H009 = 1 je Programmwoche, alle Status, Menge VB",Plan 12.09.,,X,"Untergrund, Videopausen, Fremdtraining nicht ausgewertet"
S07.H009J.FB.W5.IG.X,S07,H009J,FB,W5,IG,X,1,"Meldungen mit H009 = 1 je Programmwoche, alle Status, Menge IG",Plan 12.09.,,X,"Untergrund, Videopausen, Fremdtraining nicht ausgewertet"
S07.H009J.FB.W5.VA.X,S07,H009J,FB,W5,VA,X,1,"Meldungen mit H009 = 1 je Programmwoche, alle Status, Menge VA",Plan 12.09.,,X,"Untergrund, Videopausen, Fremdtraining nicht ausgewertet"
S07.H009J.FB.W5.VB.X,S07,H009J,FB,W5,VB,X,1,"Meldungen mit H009 = 1 je Programmwoche, alle Status, Menge VB",Plan 12.09.,,X,"Untergrund, Videopausen, Fremdtraining nicht ausgewertet"
S07.H009J.FB.W6.IG.X,S07,H009J,FB,W6,IG,X,1,"Meldungen mit H009 = 1 je Programmwoche, alle Status, Menge IG",Plan 12.09.,,X,"Untergrund, Videopausen, Fremdtraining nicht ausgewertet"
S07.H009J.FB.W6.VA.X,S07,H009J,FB,W6,VA,X,1,"Meldungen mit H009 = 1 je Programmwoche, alle Status, Menge VA",Plan 12.09.,,X,"Untergrund, Videopausen, Fremdtraining nicht ausgewertet"
S07.H009J.FB.W6.VB.X,S07,H009J,FB,W6,VB,X,1,"Meldungen mit H009 = 1 je Programmwoche, alle Status, Menge VB",Plan 12.09.,,X,"Untergrund, Videopausen, Fremdtraining nicht ausgewertet"
S07.H009J.FB.X.P<Code>.X,S07,H009J,FB,X,P<Code>,X,1,Meldungen mit H009 = 1 je IG-Spieler (0 ohne Meldung),Plan 12.09.,IG,X,"Untergrund, Videopausen, Fremdtraining nicht ausgewertet"
S07.H009SP.FB.X.IG.X,S07,H009SP,FB,X,IG,X,1,Spieler mit mindestens einer Meldung H009 = 1,Plan 12.09.,,X,"Untergrund, Videopausen, Fremdtraining nicht ausgewertet"
S07.H008J.FB.X.IG.GT,S07,H008J,FB,X,IG,GT,1,Meldungen ganz oder teilweise mit H008 = 1,Plan 12.09.,,X,"Untergrund, Videopausen, Fremdtraining nicht ausgewertet"
S07.INTN.FB.X.IG.X,S07,INTN,FB,X,IG,X,1,"Zahl der Meldeintervalle, alle Meldungen",Plan 12.09.,,X,Instrumentkennwerte ohne Aussage
S07.INTN.FB.X.IG.GT,S07,INTN,FB,X,IG,GT,1,"Zahl der Meldeintervalle, nur Meldungen ganz oder teilweise",Plan 12.09.,,X,Instrumentkennwerte ohne Aussage
S07.INTMED.FB.X.IG.X,S07,INTMED,FB,X,IG,X,h,"Median der Meldeintervalle, alle Meldungen",Plan 12.09.,,X,Instrumentkennwerte ohne Aussage
S07.INTMED.FB.X.IG.GT,S07,INTMED,FB,X,IG,GT,h,"Median der Meldeintervalle, nur Meldungen ganz oder teilweise",Plan 12.09.,,X,Instrumentkennwerte ohne Aussage
S07.INTMIN.FB.X.IG.X,S07,INTMIN,FB,X,IG,X,h,"kürzestes Meldeintervall, alle Meldungen",Plan 12.09.,,X,Instrumentkennwerte ohne Aussage
S07.INTMIN.FB.X.IG.GT,S07,INTMIN,FB,X,IG,GT,h,"kürzestes Meldeintervall, nur Meldungen ganz oder teilweise",Plan 12.09.,,X,Instrumentkennwerte ohne Aussage
S07.INTMAX.FB.X.IG.X,S07,INTMAX,FB,X,IG,X,h,"längstes Meldeintervall, alle Meldungen",Plan 12.09.,,X,Instrumentkennwerte ohne Aussage
S07.INTMAX.FB.X.IG.GT,S07,INTMAX,FB,X,IG,GT,h,"längstes Meldeintervall, nur Meldungen ganz oder teilweise",Plan 12.09.,,X,Instrumentkennwerte ohne Aussage
S07.INTLT24.FB.X.IG.X,S07,INTLT24,FB,X,IG,X,1,"Intervalle unter 24 h, alle Meldungen",Plan 12.09.,,X,Instrumentkennwerte ohne Aussage
S07.INTLT24.FB.X.IG.GT,S07,INTLT24,FB,X,IG,GT,1,"Intervalle unter 24 h, nur Meldungen ganz oder teilweise",Plan 12.09.,,X,Instrumentkennwerte ohne Aussage
S07.INT2448.FB.X.IG.X,S07,INT2448,FB,X,IG,X,1,"Intervalle von 24 h bis unter 48 h, alle Meldungen",Plan 12.09.,,X,Instrumentkennwerte ohne Aussage
S07.INT2448.FB.X.IG.GT,S07,INT2448,FB,X,IG,GT,1,"Intervalle von 24 h bis unter 48 h, nur Meldungen ganz oder teilweise",Plan 12.09.,,X,Instrumentkennwerte ohne Aussage
S07.INTGE48.FB.X.IG.X,S07,INTGE48,FB,X,IG,X,1,"Intervalle ab 48 h, alle Meldungen",Plan 12.09.,,X,Instrumentkennwerte ohne Aussage
S07.INTGE48.FB.X.IG.GT,S07,INTGE48,FB,X,IG,GT,1,"Intervalle ab 48 h, nur Meldungen ganz oder teilweise",Plan 12.09.,,X,Instrumentkennwerte ohne Aussage
S07.INTTAG.FB.X.IG.X,S07,INTTAG,FB,X,IG,X,1,"taggleiche Meldungspaare, alle Meldungen",Plan 12.09.,,X,Instrumentkennwerte ohne Aussage
S07.INTTAG.FB.X.IG.GT,S07,INTTAG,FB,X,IG,GT,1,"taggleiche Meldungspaare, nur Meldungen ganz oder teilweise",Plan 12.09.,,X,Instrumentkennwerte ohne Aussage
S07.VOEMED.FB.X.IG.X,S07,VOEMED,FB,X,IG,X,Tage,Median des Abstands zur Veröffentlichung des Wochenvideos,"Plan 12.09., P3 nachträglich",,X,Instrumentkennwerte ohne Aussage
S07.VOEQ1.FB.X.IG.X,S07,VOEQ1,FB,X,IG,X,Tage,erstes Quartil des Abstands zur Veröffentlichung des Wochenvideos,"Plan 12.09., P3 nachträglich",,X,Instrumentkennwerte ohne Aussage
S07.VOEQ3.FB.X.IG.X,S07,VOEQ3,FB,X,IG,X,Tage,drittes Quartil des Abstands zur Veröffentlichung des Wochenvideos,"Plan 12.09., P3 nachträglich",,X,Instrumentkennwerte ohne Aussage
S07.TSMED.FB.X.IG.X,S07,TSMED,FB,X,IG,X,s,Median TIME_SUM,Plan 12.09.,,X,Instrumentkennwerte ohne Aussage
S07.TSQ1.FB.X.IG.X,S07,TSQ1,FB,X,IG,X,s,erstes Quartil TIME_SUM,Plan 12.09.,,X,Instrumentkennwerte ohne Aussage
S07.TSQ3.FB.X.IG.X,S07,TSQ3,FB,X,IG,X,s,drittes Quartil TIME_SUM,Plan 12.09.,,X,Instrumentkennwerte ohne Aussage
S07.TSMIN.FB.X.IG.X,S07,TSMIN,FB,X,IG,X,s,Minimum TIME_SUM,Plan 12.09.,,X,Instrumentkennwerte ohne Aussage
S07.TSMAX.FB.X.IG.X,S07,TSMAX,FB,X,IG,X,s,Maximum TIME_SUM,Plan 12.09.,,X,Instrumentkennwerte ohne Aussage
S07.TSLT30.FB.X.IG.X,S07,TSLT30,FB,X,IG,X,1,Meldungen mit TIME_SUM unter 30 s,Plan 12.09.,,X,Instrumentkennwerte ohne Aussage
S07.WTAG1.FB.X.IG.X,S07,WTAG1,FB,X,IG,X,1,Meldungen am Wochentag 1 (1 Montag bis 7 Sonntag),Plan 12.09.,,X,Instrumentkennwerte ohne Aussage
S07.WTAG2.FB.X.IG.X,S07,WTAG2,FB,X,IG,X,1,Meldungen am Wochentag 2 (1 Montag bis 7 Sonntag),Plan 12.09.,,X,Instrumentkennwerte ohne Aussage
S07.WTAG3.FB.X.IG.X,S07,WTAG3,FB,X,IG,X,1,Meldungen am Wochentag 3 (1 Montag bis 7 Sonntag),Plan 12.09.,,X,Instrumentkennwerte ohne Aussage
S07.WTAG4.FB.X.IG.X,S07,WTAG4,FB,X,IG,X,1,Meldungen am Wochentag 4 (1 Montag bis 7 Sonntag),Plan 12.09.,,X,Instrumentkennwerte ohne Aussage
S07.WTAG5.FB.X.IG.X,S07,WTAG5,FB,X,IG,X,1,Meldungen am Wochentag 5 (1 Montag bis 7 Sonntag),Plan 12.09.,,X,Instrumentkennwerte ohne Aussage
S07.WTAG6.FB.X.IG.X,S07,WTAG6,FB,X,IG,X,1,Meldungen am Wochentag 6 (1 Montag bis 7 Sonntag),Plan 12.09.,,X,Instrumentkennwerte ohne Aussage
S07.WTAG7.FB.X.IG.X,S07,WTAG7,FB,X,IG,X,1,Meldungen am Wochentag 7 (1 Montag bis 7 Sonntag),Plan 12.09.,,X,Instrumentkennwerte ohne Aussage
S07.TZ1.FB.X.IG.X,S07,TZ1,FB,X,IG,X,1,"Meldungen im Tageszeitband 1 (1 00:00 bis 05:59, 2 06:00 bis 11:59, 3 12:00 bis 17:59, 4 18:00 bis 23:59)",Plan 12.09.,,X,Instrumentkennwerte ohne Aussage
S07.TZ2.FB.X.IG.X,S07,TZ2,FB,X,IG,X,1,"Meldungen im Tageszeitband 2 (1 00:00 bis 05:59, 2 06:00 bis 11:59, 3 12:00 bis 17:59, 4 18:00 bis 23:59)",Plan 12.09.,,X,Instrumentkennwerte ohne Aussage
S07.TZ3.FB.X.IG.X,S07,TZ3,FB,X,IG,X,1,"Meldungen im Tageszeitband 3 (1 00:00 bis 05:59, 2 06:00 bis 11:59, 3 12:00 bis 17:59, 4 18:00 bis 23:59)",Plan 12.09.,,X,Instrumentkennwerte ohne Aussage
S07.TZ4.FB.X.IG.X,S07,TZ4,FB,X,IG,X,1,"Meldungen im Tageszeitband 4 (1 00:00 bis 05:59, 2 06:00 bis 11:59, 3 12:00 bis 17:59, 4 18:00 bis 23:59)",Plan 12.09.,,X,Instrumentkennwerte ohne Aussage
S07.KONKM5.FB.X.IG.X,S07,KONKM5,FB,X,IG,X,1,Meldungen mit Differenz H003-Woche minus Programmwoche = −5,Plan 12.09.,,X,Instrumentkennwerte ohne Aussage
S07.KONKM4.FB.X.IG.X,S07,KONKM4,FB,X,IG,X,1,Meldungen mit Differenz H003-Woche minus Programmwoche = −4,Plan 12.09.,,X,Instrumentkennwerte ohne Aussage
S07.KONKM3.FB.X.IG.X,S07,KONKM3,FB,X,IG,X,1,Meldungen mit Differenz H003-Woche minus Programmwoche = −3,Plan 12.09.,,X,Instrumentkennwerte ohne Aussage
S07.KONKM2.FB.X.IG.X,S07,KONKM2,FB,X,IG,X,1,Meldungen mit Differenz H003-Woche minus Programmwoche = −2,Plan 12.09.,,X,Instrumentkennwerte ohne Aussage
S07.KONKM1.FB.X.IG.X,S07,KONKM1,FB,X,IG,X,1,Meldungen mit Differenz H003-Woche minus Programmwoche = −1,Plan 12.09.,,X,Instrumentkennwerte ohne Aussage
S07.KONK0.FB.X.IG.X,S07,KONK0,FB,X,IG,X,1,Meldungen mit Differenz H003-Woche minus Programmwoche = 0,Plan 12.09.,,X,Instrumentkennwerte ohne Aussage
S07.KONKP1.FB.X.IG.X,S07,KONKP1,FB,X,IG,X,1,Meldungen mit Differenz H003-Woche minus Programmwoche = +1,Plan 12.09.,,X,Instrumentkennwerte ohne Aussage
S07.KONKP2.FB.X.IG.X,S07,KONKP2,FB,X,IG,X,1,Meldungen mit Differenz H003-Woche minus Programmwoche = +2,Plan 12.09.,,X,Instrumentkennwerte ohne Aussage
S07.KONKP3.FB.X.IG.X,S07,KONKP3,FB,X,IG,X,1,Meldungen mit Differenz H003-Woche minus Programmwoche = +3,Plan 12.09.,,X,Instrumentkennwerte ohne Aussage
S07.KONKP4.FB.X.IG.X,S07,KONKP4,FB,X,IG,X,1,Meldungen mit Differenz H003-Woche minus Programmwoche = +4,Plan 12.09.,,X,Instrumentkennwerte ohne Aussage
S07.KONKP5.FB.X.IG.X,S07,KONKP5,FB,X,IG,X,1,Meldungen mit Differenz H003-Woche minus Programmwoche = +5,Plan 12.09.,,X,Instrumentkennwerte ohne Aussage
S07.REKGL.FB.X.IG.X,S07,REKGL,FB,X,IG,X,1,Rekonstruktion: gleiche Nummer wie H003,"Plan 12.09., P2 nachträglich",,X,Instrumentkennwerte ohne Aussage
S07.REKWO.FB.X.IG.X,S07,REKWO,FB,X,IG,X,1,"Rekonstruktion: gleiche Woche, andere Nummer","Plan 12.09., P2 nachträglich",,X,Instrumentkennwerte ohne Aussage
S07.REKAW.FB.X.IG.X,S07,REKAW,FB,X,IG,X,1,Rekonstruktion: andere Woche,"Plan 12.09., P2 nachträglich",,X,Instrumentkennwerte ohne Aussage
S07.REKUS.FB.X.IG.X,S07,REKUS,FB,X,IG,X,1,Meldungen ganz oder teilweise über Soll (dritte oder spätere der Woche),"Plan 12.09., P2 nachträglich",,X,Instrumentkennwerte ohne Aussage
S07.R.Z05.PRE.IG.EXP1,S07,R,Z05,PRE,IG,EXP1,1,"Pearson r Adhärenz (GANZ) gegen BEST prä Sprint 5 m, Variante EXP1","Plan 12.09., P1 nachträglich",,X,explorative Korrelationen
S07.R.Z05.PRE.IG.EXP2,S07,R,Z05,PRE,IG,EXP2,1,"Pearson r Adhärenz (GANZ) gegen BEST prä Sprint 5 m, Variante EXP2","Plan 12.09., P1 nachträglich",,X,explorative Korrelationen
S07.R.Z10.PRE.IG.EXP1,S07,R,Z10,PRE,IG,EXP1,1,"Pearson r Adhärenz (GANZ) gegen BEST prä Sprint 10 m, Variante EXP1","Plan 12.09., P1 nachträglich",,X,explorative Korrelationen
S07.R.Z10.PRE.IG.EXP2,S07,R,Z10,PRE,IG,EXP2,1,"Pearson r Adhärenz (GANZ) gegen BEST prä Sprint 10 m, Variante EXP2","Plan 12.09., P1 nachträglich",,X,explorative Korrelationen
S07.R.Z30.PRE.IG.EXP1,S07,R,Z30,PRE,IG,EXP1,1,"Pearson r Adhärenz (GANZ) gegen BEST prä Sprint 30 m, Variante EXP1","Plan 12.09., P1 nachträglich",,X,explorative Korrelationen
S07.R.Z30.PRE.IG.EXP2,S07,R,Z30,PRE,IG,EXP2,1,"Pearson r Adhärenz (GANZ) gegen BEST prä Sprint 30 m, Variante EXP2","Plan 12.09., P1 nachträglich",,X,explorative Korrelationen
S07.R.CM.PRE.IG.EXP1,S07,R,CM,PRE,IG,EXP1,1,"Pearson r Adhärenz (GANZ) gegen BEST prä 505 Seitenmittel, Variante EXP1","Plan 12.09., P1 nachträglich",,X,explorative Korrelationen
S07.R.CM.PRE.IG.EXP2,S07,R,CM,PRE,IG,EXP2,1,"Pearson r Adhärenz (GANZ) gegen BEST prä 505 Seitenmittel, Variante EXP2","Plan 12.09., P1 nachträglich",,X,explorative Korrelationen
S07.R.SBJ.PRE.IG.EXP1,S07,R,SBJ,PRE,IG,EXP1,1,"Pearson r Adhärenz (GANZ) gegen BEST prä Standweitsprung, Variante EXP1","Plan 12.09., P1 nachträglich",,X,explorative Korrelationen
S07.R.SBJ.PRE.IG.EXP2,S07,R,SBJ,PRE,IG,EXP2,1,"Pearson r Adhärenz (GANZ) gegen BEST prä Standweitsprung, Variante EXP2","Plan 12.09., P1 nachträglich",,X,explorative Korrelationen
S07.R.PAH.PRE.IG.EXP1,S07,R,PAH,PRE,IG,EXP1,1,"Pearson r Adhärenz (GANZ) gegen %PAH, Variante EXP1","Plan 12.09., P1 nachträglich",,X,explorative Korrelationen
S07.R.PAH.PRE.IG.EXP2,S07,R,PAH,PRE,IG,EXP2,1,"Pearson r Adhärenz (GANZ) gegen %PAH, Variante EXP2","Plan 12.09., P1 nachträglich",,X,explorative Korrelationen
S07.RKIU.Z05.PRE.IG.EXP1,S07,RKIU,Z05,PRE,IG,EXP1,1,"untere Fisher-KI-Grenze von r, Adhärenz gegen BEST prä Sprint 5 m, Variante EXP1","Plan 12.09., P1 nachträglich",,X,explorative Korrelationen
S07.RKIU.Z05.PRE.IG.EXP2,S07,RKIU,Z05,PRE,IG,EXP2,1,"untere Fisher-KI-Grenze von r, Adhärenz gegen BEST prä Sprint 5 m, Variante EXP2","Plan 12.09., P1 nachträglich",,X,explorative Korrelationen
S07.RKIU.Z10.PRE.IG.EXP1,S07,RKIU,Z10,PRE,IG,EXP1,1,"untere Fisher-KI-Grenze von r, Adhärenz gegen BEST prä Sprint 10 m, Variante EXP1","Plan 12.09., P1 nachträglich",,X,explorative Korrelationen
S07.RKIU.Z10.PRE.IG.EXP2,S07,RKIU,Z10,PRE,IG,EXP2,1,"untere Fisher-KI-Grenze von r, Adhärenz gegen BEST prä Sprint 10 m, Variante EXP2","Plan 12.09., P1 nachträglich",,X,explorative Korrelationen
S07.RKIU.Z30.PRE.IG.EXP1,S07,RKIU,Z30,PRE,IG,EXP1,1,"untere Fisher-KI-Grenze von r, Adhärenz gegen BEST prä Sprint 30 m, Variante EXP1","Plan 12.09., P1 nachträglich",,X,explorative Korrelationen
S07.RKIU.Z30.PRE.IG.EXP2,S07,RKIU,Z30,PRE,IG,EXP2,1,"untere Fisher-KI-Grenze von r, Adhärenz gegen BEST prä Sprint 30 m, Variante EXP2","Plan 12.09., P1 nachträglich",,X,explorative Korrelationen
S07.RKIU.CM.PRE.IG.EXP1,S07,RKIU,CM,PRE,IG,EXP1,1,"untere Fisher-KI-Grenze von r, Adhärenz gegen BEST prä 505 Seitenmittel, Variante EXP1","Plan 12.09., P1 nachträglich",,X,explorative Korrelationen
S07.RKIU.CM.PRE.IG.EXP2,S07,RKIU,CM,PRE,IG,EXP2,1,"untere Fisher-KI-Grenze von r, Adhärenz gegen BEST prä 505 Seitenmittel, Variante EXP2","Plan 12.09., P1 nachträglich",,X,explorative Korrelationen
S07.RKIU.SBJ.PRE.IG.EXP1,S07,RKIU,SBJ,PRE,IG,EXP1,1,"untere Fisher-KI-Grenze von r, Adhärenz gegen BEST prä Standweitsprung, Variante EXP1","Plan 12.09., P1 nachträglich",,X,explorative Korrelationen
S07.RKIU.SBJ.PRE.IG.EXP2,S07,RKIU,SBJ,PRE,IG,EXP2,1,"untere Fisher-KI-Grenze von r, Adhärenz gegen BEST prä Standweitsprung, Variante EXP2","Plan 12.09., P1 nachträglich",,X,explorative Korrelationen
S07.RKIU.PAH.PRE.IG.EXP1,S07,RKIU,PAH,PRE,IG,EXP1,1,"untere Fisher-KI-Grenze von r, Adhärenz gegen %PAH, Variante EXP1","Plan 12.09., P1 nachträglich",,X,explorative Korrelationen
S07.RKIU.PAH.PRE.IG.EXP2,S07,RKIU,PAH,PRE,IG,EXP2,1,"untere Fisher-KI-Grenze von r, Adhärenz gegen %PAH, Variante EXP2","Plan 12.09., P1 nachträglich",,X,explorative Korrelationen
S07.RKIO.Z05.PRE.IG.EXP1,S07,RKIO,Z05,PRE,IG,EXP1,1,"obere Fisher-KI-Grenze von r, Adhärenz gegen BEST prä Sprint 5 m, Variante EXP1","Plan 12.09., P1 nachträglich",,X,explorative Korrelationen
S07.RKIO.Z05.PRE.IG.EXP2,S07,RKIO,Z05,PRE,IG,EXP2,1,"obere Fisher-KI-Grenze von r, Adhärenz gegen BEST prä Sprint 5 m, Variante EXP2","Plan 12.09., P1 nachträglich",,X,explorative Korrelationen
S07.RKIO.Z10.PRE.IG.EXP1,S07,RKIO,Z10,PRE,IG,EXP1,1,"obere Fisher-KI-Grenze von r, Adhärenz gegen BEST prä Sprint 10 m, Variante EXP1","Plan 12.09., P1 nachträglich",,X,explorative Korrelationen
S07.RKIO.Z10.PRE.IG.EXP2,S07,RKIO,Z10,PRE,IG,EXP2,1,"obere Fisher-KI-Grenze von r, Adhärenz gegen BEST prä Sprint 10 m, Variante EXP2","Plan 12.09., P1 nachträglich",,X,explorative Korrelationen
S07.RKIO.Z30.PRE.IG.EXP1,S07,RKIO,Z30,PRE,IG,EXP1,1,"obere Fisher-KI-Grenze von r, Adhärenz gegen BEST prä Sprint 30 m, Variante EXP1","Plan 12.09., P1 nachträglich",,X,explorative Korrelationen
S07.RKIO.Z30.PRE.IG.EXP2,S07,RKIO,Z30,PRE,IG,EXP2,1,"obere Fisher-KI-Grenze von r, Adhärenz gegen BEST prä Sprint 30 m, Variante EXP2","Plan 12.09., P1 nachträglich",,X,explorative Korrelationen
S07.RKIO.CM.PRE.IG.EXP1,S07,RKIO,CM,PRE,IG,EXP1,1,"obere Fisher-KI-Grenze von r, Adhärenz gegen BEST prä 505 Seitenmittel, Variante EXP1","Plan 12.09., P1 nachträglich",,X,explorative Korrelationen
S07.RKIO.CM.PRE.IG.EXP2,S07,RKIO,CM,PRE,IG,EXP2,1,"obere Fisher-KI-Grenze von r, Adhärenz gegen BEST prä 505 Seitenmittel, Variante EXP2","Plan 12.09., P1 nachträglich",,X,explorative Korrelationen
S07.RKIO.SBJ.PRE.IG.EXP1,S07,RKIO,SBJ,PRE,IG,EXP1,1,"obere Fisher-KI-Grenze von r, Adhärenz gegen BEST prä Standweitsprung, Variante EXP1","Plan 12.09., P1 nachträglich",,X,explorative Korrelationen
S07.RKIO.SBJ.PRE.IG.EXP2,S07,RKIO,SBJ,PRE,IG,EXP2,1,"obere Fisher-KI-Grenze von r, Adhärenz gegen BEST prä Standweitsprung, Variante EXP2","Plan 12.09., P1 nachträglich",,X,explorative Korrelationen
S07.RKIO.PAH.PRE.IG.EXP1,S07,RKIO,PAH,PRE,IG,EXP1,1,"obere Fisher-KI-Grenze von r, Adhärenz gegen %PAH, Variante EXP1","Plan 12.09., P1 nachträglich",,X,explorative Korrelationen
S07.RKIO.PAH.PRE.IG.EXP2,S07,RKIO,PAH,PRE,IG,EXP2,1,"obere Fisher-KI-Grenze von r, Adhärenz gegen %PAH, Variante EXP2","Plan 12.09., P1 nachträglich",,X,explorative Korrelationen
S07.NR.Z05.PRE.IG.EXP1,S07,NR,Z05,PRE,IG,EXP1,1,"n zu r, Adhärenz gegen BEST prä Sprint 5 m, Variante EXP1","Plan 12.09., P1 nachträglich",,X,explorative Korrelationen
S07.NR.Z05.PRE.IG.EXP2,S07,NR,Z05,PRE,IG,EXP2,1,"n zu r, Adhärenz gegen BEST prä Sprint 5 m, Variante EXP2","Plan 12.09., P1 nachträglich",,X,explorative Korrelationen
S07.NR.Z10.PRE.IG.EXP1,S07,NR,Z10,PRE,IG,EXP1,1,"n zu r, Adhärenz gegen BEST prä Sprint 10 m, Variante EXP1","Plan 12.09., P1 nachträglich",,X,explorative Korrelationen
S07.NR.Z10.PRE.IG.EXP2,S07,NR,Z10,PRE,IG,EXP2,1,"n zu r, Adhärenz gegen BEST prä Sprint 10 m, Variante EXP2","Plan 12.09., P1 nachträglich",,X,explorative Korrelationen
S07.NR.Z30.PRE.IG.EXP1,S07,NR,Z30,PRE,IG,EXP1,1,"n zu r, Adhärenz gegen BEST prä Sprint 30 m, Variante EXP1","Plan 12.09., P1 nachträglich",,X,explorative Korrelationen
S07.NR.Z30.PRE.IG.EXP2,S07,NR,Z30,PRE,IG,EXP2,1,"n zu r, Adhärenz gegen BEST prä Sprint 30 m, Variante EXP2","Plan 12.09., P1 nachträglich",,X,explorative Korrelationen
S07.NR.CM.PRE.IG.EXP1,S07,NR,CM,PRE,IG,EXP1,1,"n zu r, Adhärenz gegen BEST prä 505 Seitenmittel, Variante EXP1","Plan 12.09., P1 nachträglich",,X,explorative Korrelationen
S07.NR.CM.PRE.IG.EXP2,S07,NR,CM,PRE,IG,EXP2,1,"n zu r, Adhärenz gegen BEST prä 505 Seitenmittel, Variante EXP2","Plan 12.09., P1 nachträglich",,X,explorative Korrelationen
S07.NR.SBJ.PRE.IG.EXP1,S07,NR,SBJ,PRE,IG,EXP1,1,"n zu r, Adhärenz gegen BEST prä Standweitsprung, Variante EXP1","Plan 12.09., P1 nachträglich",,X,explorative Korrelationen
S07.NR.SBJ.PRE.IG.EXP2,S07,NR,SBJ,PRE,IG,EXP2,1,"n zu r, Adhärenz gegen BEST prä Standweitsprung, Variante EXP2","Plan 12.09., P1 nachträglich",,X,explorative Korrelationen
S07.NR.PAH.PRE.IG.EXP1,S07,NR,PAH,PRE,IG,EXP1,1,"n zu r, Adhärenz gegen %PAH, Variante EXP1","Plan 12.09., P1 nachträglich",,X,explorative Korrelationen
S07.NR.PAH.PRE.IG.EXP2,S07,NR,PAH,PRE,IG,EXP2,1,"n zu r, Adhärenz gegen %PAH, Variante EXP2","Plan 12.09., P1 nachträglich",,X,explorative Korrelationen
S07.N.Z05.PRE.LT6.EXP1,S07,N,Z05,PRE,LT6,EXP1,1,"n BEST prä Sprint 5 m bei Adhärenz unter 6, Variante EXP1",Plan 12.09.,,X,explorative Korrelationen
S07.N.Z05.PRE.LT6.EXP2,S07,N,Z05,PRE,LT6,EXP2,1,"n BEST prä Sprint 5 m bei Adhärenz unter 6, Variante EXP2",Plan 12.09.,,X,explorative Korrelationen
S07.N.Z05.PRE.GE6.EXP1,S07,N,Z05,PRE,GE6,EXP1,1,"n BEST prä Sprint 5 m bei Adhärenz ab 6, Variante EXP1",Plan 12.09.,,X,explorative Korrelationen
S07.N.Z05.PRE.GE6.EXP2,S07,N,Z05,PRE,GE6,EXP2,1,"n BEST prä Sprint 5 m bei Adhärenz ab 6, Variante EXP2",Plan 12.09.,,X,explorative Korrelationen
S07.N.Z10.PRE.LT6.EXP1,S07,N,Z10,PRE,LT6,EXP1,1,"n BEST prä Sprint 10 m bei Adhärenz unter 6, Variante EXP1",Plan 12.09.,,X,explorative Korrelationen
S07.N.Z10.PRE.LT6.EXP2,S07,N,Z10,PRE,LT6,EXP2,1,"n BEST prä Sprint 10 m bei Adhärenz unter 6, Variante EXP2",Plan 12.09.,,X,explorative Korrelationen
S07.N.Z10.PRE.GE6.EXP1,S07,N,Z10,PRE,GE6,EXP1,1,"n BEST prä Sprint 10 m bei Adhärenz ab 6, Variante EXP1",Plan 12.09.,,X,explorative Korrelationen
S07.N.Z10.PRE.GE6.EXP2,S07,N,Z10,PRE,GE6,EXP2,1,"n BEST prä Sprint 10 m bei Adhärenz ab 6, Variante EXP2",Plan 12.09.,,X,explorative Korrelationen
S07.N.Z30.PRE.LT6.EXP1,S07,N,Z30,PRE,LT6,EXP1,1,"n BEST prä Sprint 30 m bei Adhärenz unter 6, Variante EXP1",Plan 12.09.,,X,explorative Korrelationen
S07.N.Z30.PRE.LT6.EXP2,S07,N,Z30,PRE,LT6,EXP2,1,"n BEST prä Sprint 30 m bei Adhärenz unter 6, Variante EXP2",Plan 12.09.,,X,explorative Korrelationen
S07.N.Z30.PRE.GE6.EXP1,S07,N,Z30,PRE,GE6,EXP1,1,"n BEST prä Sprint 30 m bei Adhärenz ab 6, Variante EXP1",Plan 12.09.,,X,explorative Korrelationen
S07.N.Z30.PRE.GE6.EXP2,S07,N,Z30,PRE,GE6,EXP2,1,"n BEST prä Sprint 30 m bei Adhärenz ab 6, Variante EXP2",Plan 12.09.,,X,explorative Korrelationen
S07.N.CM.PRE.LT6.EXP1,S07,N,CM,PRE,LT6,EXP1,1,"n BEST prä 505 Seitenmittel bei Adhärenz unter 6, Variante EXP1",Plan 12.09.,,X,explorative Korrelationen
S07.N.CM.PRE.LT6.EXP2,S07,N,CM,PRE,LT6,EXP2,1,"n BEST prä 505 Seitenmittel bei Adhärenz unter 6, Variante EXP2",Plan 12.09.,,X,explorative Korrelationen
S07.N.CM.PRE.GE6.EXP1,S07,N,CM,PRE,GE6,EXP1,1,"n BEST prä 505 Seitenmittel bei Adhärenz ab 6, Variante EXP1",Plan 12.09.,,X,explorative Korrelationen
S07.N.CM.PRE.GE6.EXP2,S07,N,CM,PRE,GE6,EXP2,1,"n BEST prä 505 Seitenmittel bei Adhärenz ab 6, Variante EXP2",Plan 12.09.,,X,explorative Korrelationen
S07.N.SBJ.PRE.LT6.EXP1,S07,N,SBJ,PRE,LT6,EXP1,1,"n BEST prä Standweitsprung bei Adhärenz unter 6, Variante EXP1",Plan 12.09.,,X,explorative Korrelationen
S07.N.SBJ.PRE.LT6.EXP2,S07,N,SBJ,PRE,LT6,EXP2,1,"n BEST prä Standweitsprung bei Adhärenz unter 6, Variante EXP2",Plan 12.09.,,X,explorative Korrelationen
S07.N.SBJ.PRE.GE6.EXP1,S07,N,SBJ,PRE,GE6,EXP1,1,"n BEST prä Standweitsprung bei Adhärenz ab 6, Variante EXP1",Plan 12.09.,,X,explorative Korrelationen
S07.N.SBJ.PRE.GE6.EXP2,S07,N,SBJ,PRE,GE6,EXP2,1,"n BEST prä Standweitsprung bei Adhärenz ab 6, Variante EXP2",Plan 12.09.,,X,explorative Korrelationen
S07.N.PAH.PRE.LT6.EXP1,S07,N,PAH,PRE,LT6,EXP1,1,"n %PAH bei Adhärenz unter 6, Variante EXP1",Plan 12.09.,,X,explorative Korrelationen
S07.N.PAH.PRE.LT6.EXP2,S07,N,PAH,PRE,LT6,EXP2,1,"n %PAH bei Adhärenz unter 6, Variante EXP2",Plan 12.09.,,X,explorative Korrelationen
S07.N.PAH.PRE.GE6.EXP1,S07,N,PAH,PRE,GE6,EXP1,1,"n %PAH bei Adhärenz ab 6, Variante EXP1",Plan 12.09.,,X,explorative Korrelationen
S07.N.PAH.PRE.GE6.EXP2,S07,N,PAH,PRE,GE6,EXP2,1,"n %PAH bei Adhärenz ab 6, Variante EXP2",Plan 12.09.,,X,explorative Korrelationen
S07.M.Z05.PRE.LT6.EXP1,S07,M,Z05,PRE,LT6,EXP1,s,"Mittel BEST prä Sprint 5 m bei Adhärenz unter 6, Variante EXP1",Plan 12.09.,,X,explorative Korrelationen
S07.M.Z05.PRE.LT6.EXP2,S07,M,Z05,PRE,LT6,EXP2,s,"Mittel BEST prä Sprint 5 m bei Adhärenz unter 6, Variante EXP2",Plan 12.09.,,X,explorative Korrelationen
S07.M.Z05.PRE.GE6.EXP1,S07,M,Z05,PRE,GE6,EXP1,s,"Mittel BEST prä Sprint 5 m bei Adhärenz ab 6, Variante EXP1",Plan 12.09.,,X,explorative Korrelationen
S07.M.Z05.PRE.GE6.EXP2,S07,M,Z05,PRE,GE6,EXP2,s,"Mittel BEST prä Sprint 5 m bei Adhärenz ab 6, Variante EXP2",Plan 12.09.,,X,explorative Korrelationen
S07.M.Z10.PRE.LT6.EXP1,S07,M,Z10,PRE,LT6,EXP1,s,"Mittel BEST prä Sprint 10 m bei Adhärenz unter 6, Variante EXP1",Plan 12.09.,,X,explorative Korrelationen
S07.M.Z10.PRE.LT6.EXP2,S07,M,Z10,PRE,LT6,EXP2,s,"Mittel BEST prä Sprint 10 m bei Adhärenz unter 6, Variante EXP2",Plan 12.09.,,X,explorative Korrelationen
S07.M.Z10.PRE.GE6.EXP1,S07,M,Z10,PRE,GE6,EXP1,s,"Mittel BEST prä Sprint 10 m bei Adhärenz ab 6, Variante EXP1",Plan 12.09.,,X,explorative Korrelationen
S07.M.Z10.PRE.GE6.EXP2,S07,M,Z10,PRE,GE6,EXP2,s,"Mittel BEST prä Sprint 10 m bei Adhärenz ab 6, Variante EXP2",Plan 12.09.,,X,explorative Korrelationen
S07.M.Z30.PRE.LT6.EXP1,S07,M,Z30,PRE,LT6,EXP1,s,"Mittel BEST prä Sprint 30 m bei Adhärenz unter 6, Variante EXP1",Plan 12.09.,,X,explorative Korrelationen
S07.M.Z30.PRE.LT6.EXP2,S07,M,Z30,PRE,LT6,EXP2,s,"Mittel BEST prä Sprint 30 m bei Adhärenz unter 6, Variante EXP2",Plan 12.09.,,X,explorative Korrelationen
S07.M.Z30.PRE.GE6.EXP1,S07,M,Z30,PRE,GE6,EXP1,s,"Mittel BEST prä Sprint 30 m bei Adhärenz ab 6, Variante EXP1",Plan 12.09.,,X,explorative Korrelationen
S07.M.Z30.PRE.GE6.EXP2,S07,M,Z30,PRE,GE6,EXP2,s,"Mittel BEST prä Sprint 30 m bei Adhärenz ab 6, Variante EXP2",Plan 12.09.,,X,explorative Korrelationen
S07.M.CM.PRE.LT6.EXP1,S07,M,CM,PRE,LT6,EXP1,s,"Mittel BEST prä 505 Seitenmittel bei Adhärenz unter 6, Variante EXP1",Plan 12.09.,,X,explorative Korrelationen
S07.M.CM.PRE.LT6.EXP2,S07,M,CM,PRE,LT6,EXP2,s,"Mittel BEST prä 505 Seitenmittel bei Adhärenz unter 6, Variante EXP2",Plan 12.09.,,X,explorative Korrelationen
S07.M.CM.PRE.GE6.EXP1,S07,M,CM,PRE,GE6,EXP1,s,"Mittel BEST prä 505 Seitenmittel bei Adhärenz ab 6, Variante EXP1",Plan 12.09.,,X,explorative Korrelationen
S07.M.CM.PRE.GE6.EXP2,S07,M,CM,PRE,GE6,EXP2,s,"Mittel BEST prä 505 Seitenmittel bei Adhärenz ab 6, Variante EXP2",Plan 12.09.,,X,explorative Korrelationen
S07.M.SBJ.PRE.LT6.EXP1,S07,M,SBJ,PRE,LT6,EXP1,cm,"Mittel BEST prä Standweitsprung bei Adhärenz unter 6, Variante EXP1",Plan 12.09.,,X,explorative Korrelationen
S07.M.SBJ.PRE.LT6.EXP2,S07,M,SBJ,PRE,LT6,EXP2,cm,"Mittel BEST prä Standweitsprung bei Adhärenz unter 6, Variante EXP2",Plan 12.09.,,X,explorative Korrelationen
S07.M.SBJ.PRE.GE6.EXP1,S07,M,SBJ,PRE,GE6,EXP1,cm,"Mittel BEST prä Standweitsprung bei Adhärenz ab 6, Variante EXP1",Plan 12.09.,,X,explorative Korrelationen
S07.M.SBJ.PRE.GE6.EXP2,S07,M,SBJ,PRE,GE6,EXP2,cm,"Mittel BEST prä Standweitsprung bei Adhärenz ab 6, Variante EXP2",Plan 12.09.,,X,explorative Korrelationen
S07.M.PAH.PRE.LT6.EXP1,S07,M,PAH,PRE,LT6,EXP1,%,"Mittel %PAH bei Adhärenz unter 6, Variante EXP1",Plan 12.09.,,X,explorative Korrelationen
S07.M.PAH.PRE.LT6.EXP2,S07,M,PAH,PRE,LT6,EXP2,%,"Mittel %PAH bei Adhärenz unter 6, Variante EXP2",Plan 12.09.,,X,explorative Korrelationen
S07.M.PAH.PRE.GE6.EXP1,S07,M,PAH,PRE,GE6,EXP1,%,"Mittel %PAH bei Adhärenz ab 6, Variante EXP1",Plan 12.09.,,X,explorative Korrelationen
S07.M.PAH.PRE.GE6.EXP2,S07,M,PAH,PRE,GE6,EXP2,%,"Mittel %PAH bei Adhärenz ab 6, Variante EXP2",Plan 12.09.,,X,explorative Korrelationen
S07.SD.Z05.PRE.LT6.EXP1,S07,SD,Z05,PRE,LT6,EXP1,s,"SD BEST prä Sprint 5 m bei Adhärenz unter 6, Variante EXP1",Plan 12.09.,,X,explorative Korrelationen
S07.SD.Z05.PRE.LT6.EXP2,S07,SD,Z05,PRE,LT6,EXP2,s,"SD BEST prä Sprint 5 m bei Adhärenz unter 6, Variante EXP2",Plan 12.09.,,X,explorative Korrelationen
S07.SD.Z05.PRE.GE6.EXP1,S07,SD,Z05,PRE,GE6,EXP1,s,"SD BEST prä Sprint 5 m bei Adhärenz ab 6, Variante EXP1",Plan 12.09.,,X,explorative Korrelationen
S07.SD.Z05.PRE.GE6.EXP2,S07,SD,Z05,PRE,GE6,EXP2,s,"SD BEST prä Sprint 5 m bei Adhärenz ab 6, Variante EXP2",Plan 12.09.,,X,explorative Korrelationen
S07.SD.Z10.PRE.LT6.EXP1,S07,SD,Z10,PRE,LT6,EXP1,s,"SD BEST prä Sprint 10 m bei Adhärenz unter 6, Variante EXP1",Plan 12.09.,,X,explorative Korrelationen
S07.SD.Z10.PRE.LT6.EXP2,S07,SD,Z10,PRE,LT6,EXP2,s,"SD BEST prä Sprint 10 m bei Adhärenz unter 6, Variante EXP2",Plan 12.09.,,X,explorative Korrelationen
S07.SD.Z10.PRE.GE6.EXP1,S07,SD,Z10,PRE,GE6,EXP1,s,"SD BEST prä Sprint 10 m bei Adhärenz ab 6, Variante EXP1",Plan 12.09.,,X,explorative Korrelationen
S07.SD.Z10.PRE.GE6.EXP2,S07,SD,Z10,PRE,GE6,EXP2,s,"SD BEST prä Sprint 10 m bei Adhärenz ab 6, Variante EXP2",Plan 12.09.,,X,explorative Korrelationen
S07.SD.Z30.PRE.LT6.EXP1,S07,SD,Z30,PRE,LT6,EXP1,s,"SD BEST prä Sprint 30 m bei Adhärenz unter 6, Variante EXP1",Plan 12.09.,,X,explorative Korrelationen
S07.SD.Z30.PRE.LT6.EXP2,S07,SD,Z30,PRE,LT6,EXP2,s,"SD BEST prä Sprint 30 m bei Adhärenz unter 6, Variante EXP2",Plan 12.09.,,X,explorative Korrelationen
S07.SD.Z30.PRE.GE6.EXP1,S07,SD,Z30,PRE,GE6,EXP1,s,"SD BEST prä Sprint 30 m bei Adhärenz ab 6, Variante EXP1",Plan 12.09.,,X,explorative Korrelationen
S07.SD.Z30.PRE.GE6.EXP2,S07,SD,Z30,PRE,GE6,EXP2,s,"SD BEST prä Sprint 30 m bei Adhärenz ab 6, Variante EXP2",Plan 12.09.,,X,explorative Korrelationen
S07.SD.CM.PRE.LT6.EXP1,S07,SD,CM,PRE,LT6,EXP1,s,"SD BEST prä 505 Seitenmittel bei Adhärenz unter 6, Variante EXP1",Plan 12.09.,,X,explorative Korrelationen
S07.SD.CM.PRE.LT6.EXP2,S07,SD,CM,PRE,LT6,EXP2,s,"SD BEST prä 505 Seitenmittel bei Adhärenz unter 6, Variante EXP2",Plan 12.09.,,X,explorative Korrelationen
S07.SD.CM.PRE.GE6.EXP1,S07,SD,CM,PRE,GE6,EXP1,s,"SD BEST prä 505 Seitenmittel bei Adhärenz ab 6, Variante EXP1",Plan 12.09.,,X,explorative Korrelationen
S07.SD.CM.PRE.GE6.EXP2,S07,SD,CM,PRE,GE6,EXP2,s,"SD BEST prä 505 Seitenmittel bei Adhärenz ab 6, Variante EXP2",Plan 12.09.,,X,explorative Korrelationen
S07.SD.SBJ.PRE.LT6.EXP1,S07,SD,SBJ,PRE,LT6,EXP1,cm,"SD BEST prä Standweitsprung bei Adhärenz unter 6, Variante EXP1",Plan 12.09.,,X,explorative Korrelationen
S07.SD.SBJ.PRE.LT6.EXP2,S07,SD,SBJ,PRE,LT6,EXP2,cm,"SD BEST prä Standweitsprung bei Adhärenz unter 6, Variante EXP2",Plan 12.09.,,X,explorative Korrelationen
S07.SD.SBJ.PRE.GE6.EXP1,S07,SD,SBJ,PRE,GE6,EXP1,cm,"SD BEST prä Standweitsprung bei Adhärenz ab 6, Variante EXP1",Plan 12.09.,,X,explorative Korrelationen
S07.SD.SBJ.PRE.GE6.EXP2,S07,SD,SBJ,PRE,GE6,EXP2,cm,"SD BEST prä Standweitsprung bei Adhärenz ab 6, Variante EXP2",Plan 12.09.,,X,explorative Korrelationen
S07.SD.PAH.PRE.LT6.EXP1,S07,SD,PAH,PRE,LT6,EXP1,%,"SD %PAH bei Adhärenz unter 6, Variante EXP1",Plan 12.09.,,X,explorative Korrelationen
S07.SD.PAH.PRE.LT6.EXP2,S07,SD,PAH,PRE,LT6,EXP2,%,"SD %PAH bei Adhärenz unter 6, Variante EXP2",Plan 12.09.,,X,explorative Korrelationen
S07.SD.PAH.PRE.GE6.EXP1,S07,SD,PAH,PRE,GE6,EXP1,%,"SD %PAH bei Adhärenz ab 6, Variante EXP1",Plan 12.09.,,X,explorative Korrelationen
S07.SD.PAH.PRE.GE6.EXP2,S07,SD,PAH,PRE,GE6,EXP2,%,"SD %PAH bei Adhärenz ab 6, Variante EXP2",Plan 12.09.,,X,explorative Korrelationen
S08.N.Z05.X.ITTIG.X,S08,N,Z05,X,ITTIG,X,1,"Zahl der Spieler im Set ITTIG, Sprint 5 m",Plan 12.09.,,T,"Tab. 2, Tab. 3 Nenner (CONSORT 16)"
S08.N.Z05.X.ITTKG.X,S08,N,Z05,X,ITTKG,X,1,"Zahl der Spieler im Set ITTKG, Sprint 5 m",Plan 12.09.,,T,"Tab. 2, Tab. 3 Nenner (CONSORT 16)"
S08.N.Z10.X.ITTIG.X,S08,N,Z10,X,ITTIG,X,1,"Zahl der Spieler im Set ITTIG, Sprint 10 m",Plan 12.09.,,T,"Tab. 2, Tab. 3 Nenner (CONSORT 16)"
S08.N.Z10.X.ITTKG.X,S08,N,Z10,X,ITTKG,X,1,"Zahl der Spieler im Set ITTKG, Sprint 10 m",Plan 12.09.,,T,"Tab. 2, Tab. 3 Nenner (CONSORT 16)"
S08.N.Z30.X.ITTIG.X,S08,N,Z30,X,ITTIG,X,1,"Zahl der Spieler im Set ITTIG, Sprint 30 m",Plan 12.09.,,T,"Tab. 2, Tab. 3 Nenner (CONSORT 16)"
S08.N.Z30.X.ITTKG.X,S08,N,Z30,X,ITTKG,X,1,"Zahl der Spieler im Set ITTKG, Sprint 30 m",Plan 12.09.,,T,"Tab. 2, Tab. 3 Nenner (CONSORT 16)"
S08.N.SBJ.X.ITTIG.X,S08,N,SBJ,X,ITTIG,X,1,"Zahl der Spieler im Set ITTIG, Standweitsprung",Plan 12.09.,,T,"Tab. 2, Tab. 3 Nenner (CONSORT 16)"
S08.N.SBJ.X.ITTKG.X,S08,N,SBJ,X,ITTKG,X,1,"Zahl der Spieler im Set ITTKG, Standweitsprung",Plan 12.09.,,T,"Tab. 2, Tab. 3 Nenner (CONSORT 16)"
S08.N.CL.X.ITTIG.X,S08,N,CL,X,ITTIG,X,1,"Zahl der Spieler im Set ITTIG, 505 links",Plan 12.09.,,T,"Tab. 2, Tab. 3 Nenner (CONSORT 16)"
S08.N.CL.X.ITTKG.X,S08,N,CL,X,ITTKG,X,1,"Zahl der Spieler im Set ITTKG, 505 links",Plan 12.09.,,T,"Tab. 2, Tab. 3 Nenner (CONSORT 16)"
S08.N.CR.X.ITTIG.X,S08,N,CR,X,ITTIG,X,1,"Zahl der Spieler im Set ITTIG, 505 rechts",Plan 12.09.,,T,"Tab. 2, Tab. 3 Nenner (CONSORT 16)"
S08.N.CR.X.ITTKG.X,S08,N,CR,X,ITTKG,X,1,"Zahl der Spieler im Set ITTKG, 505 rechts",Plan 12.09.,,T,"Tab. 2, Tab. 3 Nenner (CONSORT 16)"
S08.N.CM.X.ITTIG.X,S08,N,CM,X,ITTIG,X,1,"Zahl der Spieler im Set ITTIG, 505 Seitenmittel",Plan 12.09.,,T,"Tab. 2, Tab. 3 Nenner (CONSORT 16)"
S08.N.CM.X.ITTKG.X,S08,N,CM,X,ITTKG,X,1,"Zahl der Spieler im Set ITTKG, 505 Seitenmittel",Plan 12.09.,,T,"Tab. 2, Tab. 3 Nenner (CONSORT 16)"
S08.N.Z30.X.PP5IG.X,S08,N,Z30,X,PP5IG,X,1,"Zahl der Spieler im Set PP5IG, Sprint 30 m",Plan 12.09.,,A,Tab. H4
S08.N.Z30.X.PP6IG.X,S08,N,Z30,X,PP6IG,X,1,"Zahl der Spieler im Set PP6IG, Sprint 30 m",Plan 12.09.,,T,5.2 Satz
S08.N.Z30.X.PP7IG.X,S08,N,Z30,X,PP7IG,X,1,"Zahl der Spieler im Set PP7IG, Sprint 30 m",Plan 12.09.,,A,Tab. H4
S08.N.Z30.X.AK9IG.X,S08,N,Z30,X,AK9IG,X,1,"Zahl der Spieler im Set AK9IG, Sprint 30 m",Plan 12.09.,,T,5.2 Satz
S08.N.Z30.X.FAMSIG.X,S08,N,Z30,X,FAMSIG,X,1,"Zahl der Spieler im Set FAMSIG, Sprint 30 m",Plan 12.09.,,A,Tab. H4
S08.N.Z30.X.FAMSKG.X,S08,N,Z30,X,FAMSKG,X,1,"Zahl der Spieler im Set FAMSKG, Sprint 30 m",Plan 12.09.,,A,Tab. H4
S08.N.CM.X.PP5IG.X,S08,N,CM,X,PP5IG,X,1,"Zahl der Spieler im Set PP5IG, 505 Seitenmittel",Plan 12.09.,,A,Tab. H4
S08.N.CM.X.PP6IG.X,S08,N,CM,X,PP6IG,X,1,"Zahl der Spieler im Set PP6IG, 505 Seitenmittel",Plan 12.09.,,T,5.2 Satz
S08.N.CM.X.PP7IG.X,S08,N,CM,X,PP7IG,X,1,"Zahl der Spieler im Set PP7IG, 505 Seitenmittel",Plan 12.09.,,A,Tab. H4
S08.N.CM.X.AK9IG.X,S08,N,CM,X,AK9IG,X,1,"Zahl der Spieler im Set AK9IG, 505 Seitenmittel",Plan 12.09.,,T,5.2 Satz
S08.N.CM.X.FAMSIG.X,S08,N,CM,X,FAMSIG,X,1,"Zahl der Spieler im Set FAMSIG, 505 Seitenmittel",Plan 12.09.,,A,Tab. H4
S08.N.CM.X.FAMSKG.X,S08,N,CM,X,FAMSKG,X,1,"Zahl der Spieler im Set FAMSKG, 505 Seitenmittel",Plan 12.09.,,A,Tab. H4
S08.N.SBJ.X.PP5IG.X,S08,N,SBJ,X,PP5IG,X,1,"Zahl der Spieler im Set PP5IG, Standweitsprung",Plan 12.09.,,A,Tab. H4
S08.N.SBJ.X.PP6IG.X,S08,N,SBJ,X,PP6IG,X,1,"Zahl der Spieler im Set PP6IG, Standweitsprung",Plan 12.09.,,T,5.2 Satz
S08.N.SBJ.X.PP7IG.X,S08,N,SBJ,X,PP7IG,X,1,"Zahl der Spieler im Set PP7IG, Standweitsprung",Plan 12.09.,,A,Tab. H4
S08.N.SBJ.X.AK9IG.X,S08,N,SBJ,X,AK9IG,X,1,"Zahl der Spieler im Set AK9IG, Standweitsprung",Plan 12.09.,,T,5.2 Satz
S08.N.SBJ.X.FAMSIG.X,S08,N,SBJ,X,FAMSIG,X,1,"Zahl der Spieler im Set FAMSIG, Standweitsprung",Plan 12.09.,,A,Tab. H4
S08.N.SBJ.X.FAMSKG.X,S08,N,SBJ,X,FAMSKG,X,1,"Zahl der Spieler im Set FAMSKG, Standweitsprung",Plan 12.09.,,A,Tab. H4
S08.INF.Z30.X.ITT.X,S08,INF,Z30,X,ITT,X,1,"Merkmal inferenzfähig (Fallzahlregel), Set ITT, Sprint 30 m",Plan 12.09.,,I,Steuerung der Analysen
S08.INF.Z30.X.PP5.X,S08,INF,Z30,X,PP5,X,1,"Merkmal inferenzfähig (Fallzahlregel), Set PP5, Sprint 30 m",Plan 12.09.,,I,Steuerung der Analysen
S08.INF.Z30.X.PP6.X,S08,INF,Z30,X,PP6,X,1,"Merkmal inferenzfähig (Fallzahlregel), Set PP6, Sprint 30 m",Plan 12.09.,,I,Steuerung der Analysen
S08.INF.Z30.X.PP7.X,S08,INF,Z30,X,PP7,X,1,"Merkmal inferenzfähig (Fallzahlregel), Set PP7, Sprint 30 m",Plan 12.09.,,I,Steuerung der Analysen
S08.INF.Z30.X.FAMS.X,S08,INF,Z30,X,FAMS,X,1,"Merkmal inferenzfähig (Fallzahlregel), Set FAMS, Sprint 30 m",Plan 12.09.,,I,Steuerung der Analysen
S08.INF.CM.X.ITT.X,S08,INF,CM,X,ITT,X,1,"Merkmal inferenzfähig (Fallzahlregel), Set ITT, 505 Seitenmittel",Plan 12.09.,,I,Steuerung der Analysen
S08.INF.CM.X.PP5.X,S08,INF,CM,X,PP5,X,1,"Merkmal inferenzfähig (Fallzahlregel), Set PP5, 505 Seitenmittel",Plan 12.09.,,I,Steuerung der Analysen
S08.INF.CM.X.PP6.X,S08,INF,CM,X,PP6,X,1,"Merkmal inferenzfähig (Fallzahlregel), Set PP6, 505 Seitenmittel",Plan 12.09.,,I,Steuerung der Analysen
S08.INF.CM.X.PP7.X,S08,INF,CM,X,PP7,X,1,"Merkmal inferenzfähig (Fallzahlregel), Set PP7, 505 Seitenmittel",Plan 12.09.,,I,Steuerung der Analysen
S08.INF.CM.X.FAMS.X,S08,INF,CM,X,FAMS,X,1,"Merkmal inferenzfähig (Fallzahlregel), Set FAMS, 505 Seitenmittel",Plan 12.09.,,I,Steuerung der Analysen
S08.INF.SBJ.X.ITT.X,S08,INF,SBJ,X,ITT,X,1,"Merkmal inferenzfähig (Fallzahlregel), Set ITT, Standweitsprung",Plan 12.09.,,I,Steuerung der Analysen
S08.INF.SBJ.X.PP5.X,S08,INF,SBJ,X,PP5,X,1,"Merkmal inferenzfähig (Fallzahlregel), Set PP5, Standweitsprung",Plan 12.09.,,I,Steuerung der Analysen
S08.INF.SBJ.X.PP6.X,S08,INF,SBJ,X,PP6,X,1,"Merkmal inferenzfähig (Fallzahlregel), Set PP6, Standweitsprung",Plan 12.09.,,I,Steuerung der Analysen
S08.INF.SBJ.X.PP7.X,S08,INF,SBJ,X,PP7,X,1,"Merkmal inferenzfähig (Fallzahlregel), Set PP7, Standweitsprung",Plan 12.09.,,I,Steuerung der Analysen
S08.INF.SBJ.X.FAMS.X,S08,INF,SBJ,X,FAMS,X,1,"Merkmal inferenzfähig (Fallzahlregel), Set FAMS, Standweitsprung",Plan 12.09.,,I,Steuerung der Analysen
S08.MITGL.Z05.X.P<Code>.ITT,S08,MITGL,Z05,X,P<Code>,ITT,1,"Mitgliedschaft im ITT-Set, Sprint 5 m",Plan 12.09.,ALLE,I,Steuerung der Analysen
S08.MITGL.Z10.X.P<Code>.ITT,S08,MITGL,Z10,X,P<Code>,ITT,1,"Mitgliedschaft im ITT-Set, Sprint 10 m",Plan 12.09.,ALLE,I,Steuerung der Analysen
S08.MITGL.Z30.X.P<Code>.ITT,S08,MITGL,Z30,X,P<Code>,ITT,1,"Mitgliedschaft im ITT-Set, Sprint 30 m",Plan 12.09.,ALLE,I,Steuerung der Analysen
S08.MITGL.SBJ.X.P<Code>.ITT,S08,MITGL,SBJ,X,P<Code>,ITT,1,"Mitgliedschaft im ITT-Set, Standweitsprung",Plan 12.09.,ALLE,I,Steuerung der Analysen
S08.MITGL.CL.X.P<Code>.ITT,S08,MITGL,CL,X,P<Code>,ITT,1,"Mitgliedschaft im ITT-Set, 505 links",Plan 12.09.,ALLE,I,Steuerung der Analysen
S08.MITGL.CR.X.P<Code>.ITT,S08,MITGL,CR,X,P<Code>,ITT,1,"Mitgliedschaft im ITT-Set, 505 rechts",Plan 12.09.,ALLE,I,Steuerung der Analysen
S08.MITGL.CM.X.P<Code>.ITT,S08,MITGL,CM,X,P<Code>,ITT,1,"Mitgliedschaft im ITT-Set, 505 Seitenmittel",Plan 12.09.,ALLE,I,Steuerung der Analysen
S08.MITGL.Z30.X.P<Code>.PP5,S08,MITGL,Z30,X,P<Code>,PP5,1,"Mitgliedschaft im Set PP5, Sprint 30 m",Plan 12.09.,ALLE,I,Steuerung der Analysen
S08.MITGL.Z30.X.P<Code>.PP6,S08,MITGL,Z30,X,P<Code>,PP6,1,"Mitgliedschaft im Set PP6, Sprint 30 m",Plan 12.09.,ALLE,I,Steuerung der Analysen
S08.MITGL.Z30.X.P<Code>.PP7,S08,MITGL,Z30,X,P<Code>,PP7,1,"Mitgliedschaft im Set PP7, Sprint 30 m",Plan 12.09.,ALLE,I,Steuerung der Analysen
S08.MITGL.Z30.X.P<Code>.AK9,S08,MITGL,Z30,X,P<Code>,AK9,1,"Mitgliedschaft im Set AK9, Sprint 30 m",Plan 12.09.,ALLE,I,Steuerung der Analysen
S08.MITGL.Z30.X.P<Code>.FAMS,S08,MITGL,Z30,X,P<Code>,FAMS,1,"Mitgliedschaft im Set FAMS, Sprint 30 m",Plan 12.09.,ALLE,I,Steuerung der Analysen
S08.MITGL.CM.X.P<Code>.PP5,S08,MITGL,CM,X,P<Code>,PP5,1,"Mitgliedschaft im Set PP5, 505 Seitenmittel",Plan 12.09.,ALLE,I,Steuerung der Analysen
S08.MITGL.CM.X.P<Code>.PP6,S08,MITGL,CM,X,P<Code>,PP6,1,"Mitgliedschaft im Set PP6, 505 Seitenmittel",Plan 12.09.,ALLE,I,Steuerung der Analysen
S08.MITGL.CM.X.P<Code>.PP7,S08,MITGL,CM,X,P<Code>,PP7,1,"Mitgliedschaft im Set PP7, 505 Seitenmittel",Plan 12.09.,ALLE,I,Steuerung der Analysen
S08.MITGL.CM.X.P<Code>.AK9,S08,MITGL,CM,X,P<Code>,AK9,1,"Mitgliedschaft im Set AK9, 505 Seitenmittel",Plan 12.09.,ALLE,I,Steuerung der Analysen
S08.MITGL.CM.X.P<Code>.FAMS,S08,MITGL,CM,X,P<Code>,FAMS,1,"Mitgliedschaft im Set FAMS, 505 Seitenmittel",Plan 12.09.,ALLE,I,Steuerung der Analysen
S08.MITGL.SBJ.X.P<Code>.PP5,S08,MITGL,SBJ,X,P<Code>,PP5,1,"Mitgliedschaft im Set PP5, Standweitsprung",Plan 12.09.,ALLE,I,Steuerung der Analysen
S08.MITGL.SBJ.X.P<Code>.PP6,S08,MITGL,SBJ,X,P<Code>,PP6,1,"Mitgliedschaft im Set PP6, Standweitsprung",Plan 12.09.,ALLE,I,Steuerung der Analysen
S08.MITGL.SBJ.X.P<Code>.PP7,S08,MITGL,SBJ,X,P<Code>,PP7,1,"Mitgliedschaft im Set PP7, Standweitsprung",Plan 12.09.,ALLE,I,Steuerung der Analysen
S08.MITGL.SBJ.X.P<Code>.AK9,S08,MITGL,SBJ,X,P<Code>,AK9,1,"Mitgliedschaft im Set AK9, Standweitsprung",Plan 12.09.,ALLE,I,Steuerung der Analysen
S08.MITGL.SBJ.X.P<Code>.FAMS,S08,MITGL,SBJ,X,P<Code>,FAMS,1,"Mitgliedschaft im Set FAMS, Standweitsprung",Plan 12.09.,ALLE,I,Steuerung der Analysen
S08.FLZUG.X.X.IG.X,S08,FLZUG,X,X,IG,X,1,"Teilnehmerfluss: zugeteilt, Menge IG",Plan 12.09.,,T,Abb. 1 Cluster- und Spielerebene
S08.FLZUG.X.X.KG.X,S08,FLZUG,X,X,KG,X,1,"Teilnehmerfluss: zugeteilt, Menge KG",Plan 12.09.,,T,Abb. 1 Cluster- und Spielerebene
S08.FLZUG.X.X.VA.X,S08,FLZUG,X,X,VA,X,1,"Teilnehmerfluss: zugeteilt, Menge VA",Plan 12.09.,,T,Abb. 1 Cluster- und Spielerebene
S08.FLZUG.X.X.VB.X,S08,FLZUG,X,X,VB,X,1,"Teilnehmerfluss: zugeteilt, Menge VB",Plan 12.09.,,T,Abb. 1 Cluster- und Spielerebene
S08.FLZUG.X.X.VC.X,S08,FLZUG,X,X,VC,X,1,"Teilnehmerfluss: zugeteilt, Menge VC",Plan 12.09.,,T,Abb. 1 Cluster- und Spielerebene
S08.FLPRE.X.X.IG.X,S08,FLPRE,X,X,IG,X,1,"Teilnehmerfluss: mit mindestens einem gültigen Prä-Versuch, Menge IG",Plan 12.09.,,T,Abb. 1 Cluster- und Spielerebene
S08.FLPRE.X.X.KG.X,S08,FLPRE,X,X,KG,X,1,"Teilnehmerfluss: mit mindestens einem gültigen Prä-Versuch, Menge KG",Plan 12.09.,,T,Abb. 1 Cluster- und Spielerebene
S08.FLPRE.X.X.VA.X,S08,FLPRE,X,X,VA,X,1,"Teilnehmerfluss: mit mindestens einem gültigen Prä-Versuch, Menge VA",Plan 12.09.,,T,Abb. 1 Cluster- und Spielerebene
S08.FLPRE.X.X.VB.X,S08,FLPRE,X,X,VB,X,1,"Teilnehmerfluss: mit mindestens einem gültigen Prä-Versuch, Menge VB",Plan 12.09.,,T,Abb. 1 Cluster- und Spielerebene
S08.FLPRE.X.X.VC.X,S08,FLPRE,X,X,VC,X,1,"Teilnehmerfluss: mit mindestens einem gültigen Prä-Versuch, Menge VC",Plan 12.09.,,T,Abb. 1 Cluster- und Spielerebene
S08.FLAUSG.X.X.IG.X,S08,FLAUSG,X,X,IG,X,1,"Teilnehmerfluss: Status ausgewertet, Menge IG",Plan 12.09.,,T,Abb. 1 Cluster- und Spielerebene
S08.FLAUSG.X.X.KG.X,S08,FLAUSG,X,X,KG,X,1,"Teilnehmerfluss: Status ausgewertet, Menge KG",Plan 12.09.,,T,Abb. 1 Cluster- und Spielerebene
S08.FLAUSG.X.X.VA.X,S08,FLAUSG,X,X,VA,X,1,"Teilnehmerfluss: Status ausgewertet, Menge VA",Plan 12.09.,,T,Abb. 1 Cluster- und Spielerebene
S08.FLAUSG.X.X.VB.X,S08,FLAUSG,X,X,VB,X,1,"Teilnehmerfluss: Status ausgewertet, Menge VB",Plan 12.09.,,T,Abb. 1 Cluster- und Spielerebene
S08.FLAUSG.X.X.VC.X,S08,FLAUSG,X,X,VC,X,1,"Teilnehmerfluss: Status ausgewertet, Menge VC",Plan 12.09.,,T,Abb. 1 Cluster- und Spielerebene
S08.FLNANG.X.X.IG.X,S08,FLNANG,X,X,IG,X,1,"Teilnehmerfluss: Status nicht angetreten, Menge IG",Plan 12.09.,,T,Abb. 1 Cluster- und Spielerebene
S08.FLNANG.X.X.KG.X,S08,FLNANG,X,X,KG,X,1,"Teilnehmerfluss: Status nicht angetreten, Menge KG",Plan 12.09.,,T,Abb. 1 Cluster- und Spielerebene
S08.FLNANG.X.X.VA.X,S08,FLNANG,X,X,VA,X,1,"Teilnehmerfluss: Status nicht angetreten, Menge VA",Plan 12.09.,,T,Abb. 1 Cluster- und Spielerebene
S08.FLNANG.X.X.VB.X,S08,FLNANG,X,X,VB,X,1,"Teilnehmerfluss: Status nicht angetreten, Menge VB",Plan 12.09.,,T,Abb. 1 Cluster- und Spielerebene
S08.FLNANG.X.X.VC.X,S08,FLNANG,X,X,VC,X,1,"Teilnehmerfluss: Status nicht angetreten, Menge VC",Plan 12.09.,,T,Abb. 1 Cluster- und Spielerebene
S08.FLITT.Z05.X.IG.X,S08,FLITT,Z05,X,IG,X,1,"Teilnehmerfluss: im ITT-Set, Sprint 5 m, Menge IG",Plan 12.09.,,I,identisch mit Setgröße
S08.FLITT.Z05.X.KG.X,S08,FLITT,Z05,X,KG,X,1,"Teilnehmerfluss: im ITT-Set, Sprint 5 m, Menge KG",Plan 12.09.,,I,identisch mit Setgröße
S08.FLITT.Z05.X.VA.X,S08,FLITT,Z05,X,VA,X,1,"Teilnehmerfluss: im ITT-Set, Sprint 5 m, Menge VA",Plan 12.09.,,X,je Verein
S08.FLITT.Z05.X.VB.X,S08,FLITT,Z05,X,VB,X,1,"Teilnehmerfluss: im ITT-Set, Sprint 5 m, Menge VB",Plan 12.09.,,X,je Verein
S08.FLITT.Z05.X.VC.X,S08,FLITT,Z05,X,VC,X,1,"Teilnehmerfluss: im ITT-Set, Sprint 5 m, Menge VC",Plan 12.09.,,X,je Verein
S08.FLITT.Z10.X.IG.X,S08,FLITT,Z10,X,IG,X,1,"Teilnehmerfluss: im ITT-Set, Sprint 10 m, Menge IG",Plan 12.09.,,I,identisch mit Setgröße
S08.FLITT.Z10.X.KG.X,S08,FLITT,Z10,X,KG,X,1,"Teilnehmerfluss: im ITT-Set, Sprint 10 m, Menge KG",Plan 12.09.,,I,identisch mit Setgröße
S08.FLITT.Z10.X.VA.X,S08,FLITT,Z10,X,VA,X,1,"Teilnehmerfluss: im ITT-Set, Sprint 10 m, Menge VA",Plan 12.09.,,X,je Verein
S08.FLITT.Z10.X.VB.X,S08,FLITT,Z10,X,VB,X,1,"Teilnehmerfluss: im ITT-Set, Sprint 10 m, Menge VB",Plan 12.09.,,X,je Verein
S08.FLITT.Z10.X.VC.X,S08,FLITT,Z10,X,VC,X,1,"Teilnehmerfluss: im ITT-Set, Sprint 10 m, Menge VC",Plan 12.09.,,X,je Verein
S08.FLITT.Z30.X.IG.X,S08,FLITT,Z30,X,IG,X,1,"Teilnehmerfluss: im ITT-Set, Sprint 30 m, Menge IG",Plan 12.09.,,I,identisch mit Setgröße
S08.FLITT.Z30.X.KG.X,S08,FLITT,Z30,X,KG,X,1,"Teilnehmerfluss: im ITT-Set, Sprint 30 m, Menge KG",Plan 12.09.,,I,identisch mit Setgröße
S08.FLITT.Z30.X.VA.X,S08,FLITT,Z30,X,VA,X,1,"Teilnehmerfluss: im ITT-Set, Sprint 30 m, Menge VA",Plan 12.09.,,X,je Verein
S08.FLITT.Z30.X.VB.X,S08,FLITT,Z30,X,VB,X,1,"Teilnehmerfluss: im ITT-Set, Sprint 30 m, Menge VB",Plan 12.09.,,X,je Verein
S08.FLITT.Z30.X.VC.X,S08,FLITT,Z30,X,VC,X,1,"Teilnehmerfluss: im ITT-Set, Sprint 30 m, Menge VC",Plan 12.09.,,X,je Verein
S08.FLITT.SBJ.X.IG.X,S08,FLITT,SBJ,X,IG,X,1,"Teilnehmerfluss: im ITT-Set, Standweitsprung, Menge IG",Plan 12.09.,,I,identisch mit Setgröße
S08.FLITT.SBJ.X.KG.X,S08,FLITT,SBJ,X,KG,X,1,"Teilnehmerfluss: im ITT-Set, Standweitsprung, Menge KG",Plan 12.09.,,I,identisch mit Setgröße
S08.FLITT.SBJ.X.VA.X,S08,FLITT,SBJ,X,VA,X,1,"Teilnehmerfluss: im ITT-Set, Standweitsprung, Menge VA",Plan 12.09.,,X,je Verein
S08.FLITT.SBJ.X.VB.X,S08,FLITT,SBJ,X,VB,X,1,"Teilnehmerfluss: im ITT-Set, Standweitsprung, Menge VB",Plan 12.09.,,X,je Verein
S08.FLITT.SBJ.X.VC.X,S08,FLITT,SBJ,X,VC,X,1,"Teilnehmerfluss: im ITT-Set, Standweitsprung, Menge VC",Plan 12.09.,,X,je Verein
S08.FLITT.CL.X.IG.X,S08,FLITT,CL,X,IG,X,1,"Teilnehmerfluss: im ITT-Set, 505 links, Menge IG",Plan 12.09.,,I,identisch mit Setgröße
S08.FLITT.CL.X.KG.X,S08,FLITT,CL,X,KG,X,1,"Teilnehmerfluss: im ITT-Set, 505 links, Menge KG",Plan 12.09.,,I,identisch mit Setgröße
S08.FLITT.CL.X.VA.X,S08,FLITT,CL,X,VA,X,1,"Teilnehmerfluss: im ITT-Set, 505 links, Menge VA",Plan 12.09.,,X,je Verein
S08.FLITT.CL.X.VB.X,S08,FLITT,CL,X,VB,X,1,"Teilnehmerfluss: im ITT-Set, 505 links, Menge VB",Plan 12.09.,,X,je Verein
S08.FLITT.CL.X.VC.X,S08,FLITT,CL,X,VC,X,1,"Teilnehmerfluss: im ITT-Set, 505 links, Menge VC",Plan 12.09.,,X,je Verein
S08.FLITT.CR.X.IG.X,S08,FLITT,CR,X,IG,X,1,"Teilnehmerfluss: im ITT-Set, 505 rechts, Menge IG",Plan 12.09.,,I,identisch mit Setgröße
S08.FLITT.CR.X.KG.X,S08,FLITT,CR,X,KG,X,1,"Teilnehmerfluss: im ITT-Set, 505 rechts, Menge KG",Plan 12.09.,,I,identisch mit Setgröße
S08.FLITT.CR.X.VA.X,S08,FLITT,CR,X,VA,X,1,"Teilnehmerfluss: im ITT-Set, 505 rechts, Menge VA",Plan 12.09.,,X,je Verein
S08.FLITT.CR.X.VB.X,S08,FLITT,CR,X,VB,X,1,"Teilnehmerfluss: im ITT-Set, 505 rechts, Menge VB",Plan 12.09.,,X,je Verein
S08.FLITT.CR.X.VC.X,S08,FLITT,CR,X,VC,X,1,"Teilnehmerfluss: im ITT-Set, 505 rechts, Menge VC",Plan 12.09.,,X,je Verein
S08.FLITT.CM.X.IG.X,S08,FLITT,CM,X,IG,X,1,"Teilnehmerfluss: im ITT-Set, 505 Seitenmittel, Menge IG",Plan 12.09.,,I,identisch mit Setgröße
S08.FLITT.CM.X.KG.X,S08,FLITT,CM,X,KG,X,1,"Teilnehmerfluss: im ITT-Set, 505 Seitenmittel, Menge KG",Plan 12.09.,,I,identisch mit Setgröße
S08.FLITT.CM.X.VA.X,S08,FLITT,CM,X,VA,X,1,"Teilnehmerfluss: im ITT-Set, 505 Seitenmittel, Menge VA",Plan 12.09.,,X,je Verein
S08.FLITT.CM.X.VB.X,S08,FLITT,CM,X,VB,X,1,"Teilnehmerfluss: im ITT-Set, 505 Seitenmittel, Menge VB",Plan 12.09.,,X,je Verein
S08.FLITT.CM.X.VC.X,S08,FLITT,CM,X,VC,X,1,"Teilnehmerfluss: im ITT-Set, 505 Seitenmittel, Menge VC",Plan 12.09.,,X,je Verein
S08.FLOPRE.Z05.X.IG.X,S08,FLOPRE,Z05,X,IG,X,1,"Teilnehmerfluss: ohne BEST prä, Sprint 5 m, Menge IG",Plan 12.09.,,A,Tab. H1 Gründe je Zielgröße
S08.FLOPRE.Z05.X.KG.X,S08,FLOPRE,Z05,X,KG,X,1,"Teilnehmerfluss: ohne BEST prä, Sprint 5 m, Menge KG",Plan 12.09.,,A,Tab. H1 Gründe je Zielgröße
S08.FLOPRE.Z05.X.VA.X,S08,FLOPRE,Z05,X,VA,X,1,"Teilnehmerfluss: ohne BEST prä, Sprint 5 m, Menge VA",Plan 12.09.,,X,je Verein
S08.FLOPRE.Z05.X.VB.X,S08,FLOPRE,Z05,X,VB,X,1,"Teilnehmerfluss: ohne BEST prä, Sprint 5 m, Menge VB",Plan 12.09.,,X,je Verein
S08.FLOPRE.Z05.X.VC.X,S08,FLOPRE,Z05,X,VC,X,1,"Teilnehmerfluss: ohne BEST prä, Sprint 5 m, Menge VC",Plan 12.09.,,X,je Verein
S08.FLOPRE.Z10.X.IG.X,S08,FLOPRE,Z10,X,IG,X,1,"Teilnehmerfluss: ohne BEST prä, Sprint 10 m, Menge IG",Plan 12.09.,,A,Tab. H1 Gründe je Zielgröße
S08.FLOPRE.Z10.X.KG.X,S08,FLOPRE,Z10,X,KG,X,1,"Teilnehmerfluss: ohne BEST prä, Sprint 10 m, Menge KG",Plan 12.09.,,A,Tab. H1 Gründe je Zielgröße
S08.FLOPRE.Z10.X.VA.X,S08,FLOPRE,Z10,X,VA,X,1,"Teilnehmerfluss: ohne BEST prä, Sprint 10 m, Menge VA",Plan 12.09.,,X,je Verein
S08.FLOPRE.Z10.X.VB.X,S08,FLOPRE,Z10,X,VB,X,1,"Teilnehmerfluss: ohne BEST prä, Sprint 10 m, Menge VB",Plan 12.09.,,X,je Verein
S08.FLOPRE.Z10.X.VC.X,S08,FLOPRE,Z10,X,VC,X,1,"Teilnehmerfluss: ohne BEST prä, Sprint 10 m, Menge VC",Plan 12.09.,,X,je Verein
S08.FLOPRE.Z30.X.IG.X,S08,FLOPRE,Z30,X,IG,X,1,"Teilnehmerfluss: ohne BEST prä, Sprint 30 m, Menge IG",Plan 12.09.,,A,Tab. H1 Gründe je Zielgröße
S08.FLOPRE.Z30.X.KG.X,S08,FLOPRE,Z30,X,KG,X,1,"Teilnehmerfluss: ohne BEST prä, Sprint 30 m, Menge KG",Plan 12.09.,,A,Tab. H1 Gründe je Zielgröße
S08.FLOPRE.Z30.X.VA.X,S08,FLOPRE,Z30,X,VA,X,1,"Teilnehmerfluss: ohne BEST prä, Sprint 30 m, Menge VA",Plan 12.09.,,X,je Verein
S08.FLOPRE.Z30.X.VB.X,S08,FLOPRE,Z30,X,VB,X,1,"Teilnehmerfluss: ohne BEST prä, Sprint 30 m, Menge VB",Plan 12.09.,,X,je Verein
S08.FLOPRE.Z30.X.VC.X,S08,FLOPRE,Z30,X,VC,X,1,"Teilnehmerfluss: ohne BEST prä, Sprint 30 m, Menge VC",Plan 12.09.,,X,je Verein
S08.FLOPRE.SBJ.X.IG.X,S08,FLOPRE,SBJ,X,IG,X,1,"Teilnehmerfluss: ohne BEST prä, Standweitsprung, Menge IG",Plan 12.09.,,A,Tab. H1 Gründe je Zielgröße
S08.FLOPRE.SBJ.X.KG.X,S08,FLOPRE,SBJ,X,KG,X,1,"Teilnehmerfluss: ohne BEST prä, Standweitsprung, Menge KG",Plan 12.09.,,A,Tab. H1 Gründe je Zielgröße
S08.FLOPRE.SBJ.X.VA.X,S08,FLOPRE,SBJ,X,VA,X,1,"Teilnehmerfluss: ohne BEST prä, Standweitsprung, Menge VA",Plan 12.09.,,X,je Verein
S08.FLOPRE.SBJ.X.VB.X,S08,FLOPRE,SBJ,X,VB,X,1,"Teilnehmerfluss: ohne BEST prä, Standweitsprung, Menge VB",Plan 12.09.,,X,je Verein
S08.FLOPRE.SBJ.X.VC.X,S08,FLOPRE,SBJ,X,VC,X,1,"Teilnehmerfluss: ohne BEST prä, Standweitsprung, Menge VC",Plan 12.09.,,X,je Verein
S08.FLOPRE.CL.X.IG.X,S08,FLOPRE,CL,X,IG,X,1,"Teilnehmerfluss: ohne BEST prä, 505 links, Menge IG",Plan 12.09.,,A,Tab. H1 Gründe je Zielgröße
S08.FLOPRE.CL.X.KG.X,S08,FLOPRE,CL,X,KG,X,1,"Teilnehmerfluss: ohne BEST prä, 505 links, Menge KG",Plan 12.09.,,A,Tab. H1 Gründe je Zielgröße
S08.FLOPRE.CL.X.VA.X,S08,FLOPRE,CL,X,VA,X,1,"Teilnehmerfluss: ohne BEST prä, 505 links, Menge VA",Plan 12.09.,,X,je Verein
S08.FLOPRE.CL.X.VB.X,S08,FLOPRE,CL,X,VB,X,1,"Teilnehmerfluss: ohne BEST prä, 505 links, Menge VB",Plan 12.09.,,X,je Verein
S08.FLOPRE.CL.X.VC.X,S08,FLOPRE,CL,X,VC,X,1,"Teilnehmerfluss: ohne BEST prä, 505 links, Menge VC",Plan 12.09.,,X,je Verein
S08.FLOPRE.CR.X.IG.X,S08,FLOPRE,CR,X,IG,X,1,"Teilnehmerfluss: ohne BEST prä, 505 rechts, Menge IG",Plan 12.09.,,A,Tab. H1 Gründe je Zielgröße
S08.FLOPRE.CR.X.KG.X,S08,FLOPRE,CR,X,KG,X,1,"Teilnehmerfluss: ohne BEST prä, 505 rechts, Menge KG",Plan 12.09.,,A,Tab. H1 Gründe je Zielgröße
S08.FLOPRE.CR.X.VA.X,S08,FLOPRE,CR,X,VA,X,1,"Teilnehmerfluss: ohne BEST prä, 505 rechts, Menge VA",Plan 12.09.,,X,je Verein
S08.FLOPRE.CR.X.VB.X,S08,FLOPRE,CR,X,VB,X,1,"Teilnehmerfluss: ohne BEST prä, 505 rechts, Menge VB",Plan 12.09.,,X,je Verein
S08.FLOPRE.CR.X.VC.X,S08,FLOPRE,CR,X,VC,X,1,"Teilnehmerfluss: ohne BEST prä, 505 rechts, Menge VC",Plan 12.09.,,X,je Verein
S08.FLOPRE.CM.X.IG.X,S08,FLOPRE,CM,X,IG,X,1,"Teilnehmerfluss: ohne BEST prä, 505 Seitenmittel, Menge IG",Plan 12.09.,,A,Tab. H1 Gründe je Zielgröße
S08.FLOPRE.CM.X.KG.X,S08,FLOPRE,CM,X,KG,X,1,"Teilnehmerfluss: ohne BEST prä, 505 Seitenmittel, Menge KG",Plan 12.09.,,A,Tab. H1 Gründe je Zielgröße
S08.FLOPRE.CM.X.VA.X,S08,FLOPRE,CM,X,VA,X,1,"Teilnehmerfluss: ohne BEST prä, 505 Seitenmittel, Menge VA",Plan 12.09.,,X,je Verein
S08.FLOPRE.CM.X.VB.X,S08,FLOPRE,CM,X,VB,X,1,"Teilnehmerfluss: ohne BEST prä, 505 Seitenmittel, Menge VB",Plan 12.09.,,X,je Verein
S08.FLOPRE.CM.X.VC.X,S08,FLOPRE,CM,X,VC,X,1,"Teilnehmerfluss: ohne BEST prä, 505 Seitenmittel, Menge VC",Plan 12.09.,,X,je Verein
S08.FLOPOST.Z05.X.IG.X,S08,FLOPOST,Z05,X,IG,X,1,"Teilnehmerfluss: ohne BEST post, Sprint 5 m, Menge IG",Plan 12.09.,,A,Tab. H1 Gründe je Zielgröße
S08.FLOPOST.Z05.X.KG.X,S08,FLOPOST,Z05,X,KG,X,1,"Teilnehmerfluss: ohne BEST post, Sprint 5 m, Menge KG",Plan 12.09.,,A,Tab. H1 Gründe je Zielgröße
S08.FLOPOST.Z05.X.VA.X,S08,FLOPOST,Z05,X,VA,X,1,"Teilnehmerfluss: ohne BEST post, Sprint 5 m, Menge VA",Plan 12.09.,,X,je Verein
S08.FLOPOST.Z05.X.VB.X,S08,FLOPOST,Z05,X,VB,X,1,"Teilnehmerfluss: ohne BEST post, Sprint 5 m, Menge VB",Plan 12.09.,,X,je Verein
S08.FLOPOST.Z05.X.VC.X,S08,FLOPOST,Z05,X,VC,X,1,"Teilnehmerfluss: ohne BEST post, Sprint 5 m, Menge VC",Plan 12.09.,,X,je Verein
S08.FLOPOST.Z10.X.IG.X,S08,FLOPOST,Z10,X,IG,X,1,"Teilnehmerfluss: ohne BEST post, Sprint 10 m, Menge IG",Plan 12.09.,,A,Tab. H1 Gründe je Zielgröße
S08.FLOPOST.Z10.X.KG.X,S08,FLOPOST,Z10,X,KG,X,1,"Teilnehmerfluss: ohne BEST post, Sprint 10 m, Menge KG",Plan 12.09.,,A,Tab. H1 Gründe je Zielgröße
S08.FLOPOST.Z10.X.VA.X,S08,FLOPOST,Z10,X,VA,X,1,"Teilnehmerfluss: ohne BEST post, Sprint 10 m, Menge VA",Plan 12.09.,,X,je Verein
S08.FLOPOST.Z10.X.VB.X,S08,FLOPOST,Z10,X,VB,X,1,"Teilnehmerfluss: ohne BEST post, Sprint 10 m, Menge VB",Plan 12.09.,,X,je Verein
S08.FLOPOST.Z10.X.VC.X,S08,FLOPOST,Z10,X,VC,X,1,"Teilnehmerfluss: ohne BEST post, Sprint 10 m, Menge VC",Plan 12.09.,,X,je Verein
S08.FLOPOST.Z30.X.IG.X,S08,FLOPOST,Z30,X,IG,X,1,"Teilnehmerfluss: ohne BEST post, Sprint 30 m, Menge IG",Plan 12.09.,,A,Tab. H1 Gründe je Zielgröße
S08.FLOPOST.Z30.X.KG.X,S08,FLOPOST,Z30,X,KG,X,1,"Teilnehmerfluss: ohne BEST post, Sprint 30 m, Menge KG",Plan 12.09.,,A,Tab. H1 Gründe je Zielgröße
S08.FLOPOST.Z30.X.VA.X,S08,FLOPOST,Z30,X,VA,X,1,"Teilnehmerfluss: ohne BEST post, Sprint 30 m, Menge VA",Plan 12.09.,,X,je Verein
S08.FLOPOST.Z30.X.VB.X,S08,FLOPOST,Z30,X,VB,X,1,"Teilnehmerfluss: ohne BEST post, Sprint 30 m, Menge VB",Plan 12.09.,,X,je Verein
S08.FLOPOST.Z30.X.VC.X,S08,FLOPOST,Z30,X,VC,X,1,"Teilnehmerfluss: ohne BEST post, Sprint 30 m, Menge VC",Plan 12.09.,,X,je Verein
S08.FLOPOST.SBJ.X.IG.X,S08,FLOPOST,SBJ,X,IG,X,1,"Teilnehmerfluss: ohne BEST post, Standweitsprung, Menge IG",Plan 12.09.,,A,Tab. H1 Gründe je Zielgröße
S08.FLOPOST.SBJ.X.KG.X,S08,FLOPOST,SBJ,X,KG,X,1,"Teilnehmerfluss: ohne BEST post, Standweitsprung, Menge KG",Plan 12.09.,,A,Tab. H1 Gründe je Zielgröße
S08.FLOPOST.SBJ.X.VA.X,S08,FLOPOST,SBJ,X,VA,X,1,"Teilnehmerfluss: ohne BEST post, Standweitsprung, Menge VA",Plan 12.09.,,X,je Verein
S08.FLOPOST.SBJ.X.VB.X,S08,FLOPOST,SBJ,X,VB,X,1,"Teilnehmerfluss: ohne BEST post, Standweitsprung, Menge VB",Plan 12.09.,,X,je Verein
S08.FLOPOST.SBJ.X.VC.X,S08,FLOPOST,SBJ,X,VC,X,1,"Teilnehmerfluss: ohne BEST post, Standweitsprung, Menge VC",Plan 12.09.,,X,je Verein
S08.FLOPOST.CL.X.IG.X,S08,FLOPOST,CL,X,IG,X,1,"Teilnehmerfluss: ohne BEST post, 505 links, Menge IG",Plan 12.09.,,A,Tab. H1 Gründe je Zielgröße
S08.FLOPOST.CL.X.KG.X,S08,FLOPOST,CL,X,KG,X,1,"Teilnehmerfluss: ohne BEST post, 505 links, Menge KG",Plan 12.09.,,A,Tab. H1 Gründe je Zielgröße
S08.FLOPOST.CL.X.VA.X,S08,FLOPOST,CL,X,VA,X,1,"Teilnehmerfluss: ohne BEST post, 505 links, Menge VA",Plan 12.09.,,X,je Verein
S08.FLOPOST.CL.X.VB.X,S08,FLOPOST,CL,X,VB,X,1,"Teilnehmerfluss: ohne BEST post, 505 links, Menge VB",Plan 12.09.,,X,je Verein
S08.FLOPOST.CL.X.VC.X,S08,FLOPOST,CL,X,VC,X,1,"Teilnehmerfluss: ohne BEST post, 505 links, Menge VC",Plan 12.09.,,X,je Verein
S08.FLOPOST.CR.X.IG.X,S08,FLOPOST,CR,X,IG,X,1,"Teilnehmerfluss: ohne BEST post, 505 rechts, Menge IG",Plan 12.09.,,A,Tab. H1 Gründe je Zielgröße
S08.FLOPOST.CR.X.KG.X,S08,FLOPOST,CR,X,KG,X,1,"Teilnehmerfluss: ohne BEST post, 505 rechts, Menge KG",Plan 12.09.,,A,Tab. H1 Gründe je Zielgröße
S08.FLOPOST.CR.X.VA.X,S08,FLOPOST,CR,X,VA,X,1,"Teilnehmerfluss: ohne BEST post, 505 rechts, Menge VA",Plan 12.09.,,X,je Verein
S08.FLOPOST.CR.X.VB.X,S08,FLOPOST,CR,X,VB,X,1,"Teilnehmerfluss: ohne BEST post, 505 rechts, Menge VB",Plan 12.09.,,X,je Verein
S08.FLOPOST.CR.X.VC.X,S08,FLOPOST,CR,X,VC,X,1,"Teilnehmerfluss: ohne BEST post, 505 rechts, Menge VC",Plan 12.09.,,X,je Verein
S08.FLOPOST.CM.X.IG.X,S08,FLOPOST,CM,X,IG,X,1,"Teilnehmerfluss: ohne BEST post, 505 Seitenmittel, Menge IG",Plan 12.09.,,A,Tab. H1 Gründe je Zielgröße
S08.FLOPOST.CM.X.KG.X,S08,FLOPOST,CM,X,KG,X,1,"Teilnehmerfluss: ohne BEST post, 505 Seitenmittel, Menge KG",Plan 12.09.,,A,Tab. H1 Gründe je Zielgröße
S08.FLOPOST.CM.X.VA.X,S08,FLOPOST,CM,X,VA,X,1,"Teilnehmerfluss: ohne BEST post, 505 Seitenmittel, Menge VA",Plan 12.09.,,X,je Verein
S08.FLOPOST.CM.X.VB.X,S08,FLOPOST,CM,X,VB,X,1,"Teilnehmerfluss: ohne BEST post, 505 Seitenmittel, Menge VB",Plan 12.09.,,X,je Verein
S08.FLOPOST.CM.X.VC.X,S08,FLOPOST,CM,X,VC,X,1,"Teilnehmerfluss: ohne BEST post, 505 Seitenmittel, Menge VC",Plan 12.09.,,X,je Verein
S08.FLOPAH.PAH.X.IG.X,S08,FLOPAH,PAH,X,IG,X,1,"Teilnehmerfluss: ohne %PAH, Menge IG",Plan 12.09.,,T,Abb. 1
S08.FLOPAH.PAH.X.KG.X,S08,FLOPAH,PAH,X,KG,X,1,"Teilnehmerfluss: ohne %PAH, Menge KG",Plan 12.09.,,T,Abb. 1
S08.FLOPAH.PAH.X.VA.X,S08,FLOPAH,PAH,X,VA,X,1,"Teilnehmerfluss: ohne %PAH, Menge VA",Plan 12.09.,,X,je Verein
S08.FLOPAH.PAH.X.VB.X,S08,FLOPAH,PAH,X,VB,X,1,"Teilnehmerfluss: ohne %PAH, Menge VB",Plan 12.09.,,X,je Verein
S08.FLOPAH.PAH.X.VC.X,S08,FLOPAH,PAH,X,VC,X,1,"Teilnehmerfluss: ohne %PAH, Menge VC",Plan 12.09.,,X,je Verein
S08.B6NE.X.X.IG.X,S08,B6NE,X,X,IG,X,1,"Box 6: Nichteinhaltung (GANZ < 6, einschließlich 0)",Plan 12.09.,,T,"Abb. 1, 4.7 (Box 6)"
S08.B6NEKM.X.X.IG.X,S08,B6NEKM,X,X,IG,X,1,Box 6: davon ohne jede Meldung,Plan 12.09.,,T,"Abb. 1, 4.7 (Box 6)"
S08.B6IF.X.X.IG.X,S08,B6IF,X,X,IG,X,1,Box 6: Instrumentenfehler (kein Listenplatz),Plan 12.09.,,T,"Abb. 1, 4.7 (Box 6)"
S08.B6FK.X.X.IG.X,S08,B6FK,X,X,IG,X,1,"Box 6: fehlende Kovariate, Menge IG",Plan 12.09.,,T,"Abb. 1, 4.7 (Box 6)"
S08.B6FK.X.X.KG.X,S08,B6FK,X,X,KG,X,1,"Box 6: fehlende Kovariate, Menge KG",Plan 12.09.,,T,"Abb. 1, 4.7 (Box 6)"
S08.B6NA.X.X.IG.X,S08,B6NA,X,X,IG,X,1,"Box 6: nicht angetreten, Menge IG",Plan 12.09.,,T,"Abb. 1, 4.7 (Box 6)"
S08.B6NA.X.X.KG.X,S08,B6NA,X,X,KG,X,1,"Box 6: nicht angetreten, Menge KG",Plan 12.09.,,T,"Abb. 1, 4.7 (Box 6)"
S08.ANT.Z05.X.IG.X,S08,ANT,Z05,X,IG,X,1,"Anteil mit BEST prä und post an den Zugeteilten, Sprint 5 m, Menge IG",K27 nachträglich,,T,6.3 Attrition je Zielgröße (TESTEX 6)
S08.ANT.Z05.X.KG.X,S08,ANT,Z05,X,KG,X,1,"Anteil mit BEST prä und post an den Zugeteilten, Sprint 5 m, Menge KG",K27 nachträglich,,T,6.3 Attrition je Zielgröße (TESTEX 6)
S08.ANT.Z05.X.ALL.X,S08,ANT,Z05,X,ALL,X,1,"Anteil mit BEST prä und post an den Zugeteilten, Sprint 5 m, Menge ALL",K27 nachträglich,,T,6.3 Attrition je Zielgröße (TESTEX 6)
S08.ANT.Z10.X.IG.X,S08,ANT,Z10,X,IG,X,1,"Anteil mit BEST prä und post an den Zugeteilten, Sprint 10 m, Menge IG",K27 nachträglich,,T,6.3 Attrition je Zielgröße (TESTEX 6)
S08.ANT.Z10.X.KG.X,S08,ANT,Z10,X,KG,X,1,"Anteil mit BEST prä und post an den Zugeteilten, Sprint 10 m, Menge KG",K27 nachträglich,,T,6.3 Attrition je Zielgröße (TESTEX 6)
S08.ANT.Z10.X.ALL.X,S08,ANT,Z10,X,ALL,X,1,"Anteil mit BEST prä und post an den Zugeteilten, Sprint 10 m, Menge ALL",K27 nachträglich,,T,6.3 Attrition je Zielgröße (TESTEX 6)
S08.ANT.Z30.X.IG.X,S08,ANT,Z30,X,IG,X,1,"Anteil mit BEST prä und post an den Zugeteilten, Sprint 30 m, Menge IG",K27 nachträglich,,T,6.3 Attrition je Zielgröße (TESTEX 6)
S08.ANT.Z30.X.KG.X,S08,ANT,Z30,X,KG,X,1,"Anteil mit BEST prä und post an den Zugeteilten, Sprint 30 m, Menge KG",K27 nachträglich,,T,6.3 Attrition je Zielgröße (TESTEX 6)
S08.ANT.Z30.X.ALL.X,S08,ANT,Z30,X,ALL,X,1,"Anteil mit BEST prä und post an den Zugeteilten, Sprint 30 m, Menge ALL",K27 nachträglich,,T,6.3 Attrition je Zielgröße (TESTEX 6)
S08.ANT.SBJ.X.IG.X,S08,ANT,SBJ,X,IG,X,1,"Anteil mit BEST prä und post an den Zugeteilten, Standweitsprung, Menge IG",K27 nachträglich,,T,6.3 Attrition je Zielgröße (TESTEX 6)
S08.ANT.SBJ.X.KG.X,S08,ANT,SBJ,X,KG,X,1,"Anteil mit BEST prä und post an den Zugeteilten, Standweitsprung, Menge KG",K27 nachträglich,,T,6.3 Attrition je Zielgröße (TESTEX 6)
S08.ANT.SBJ.X.ALL.X,S08,ANT,SBJ,X,ALL,X,1,"Anteil mit BEST prä und post an den Zugeteilten, Standweitsprung, Menge ALL",K27 nachträglich,,T,6.3 Attrition je Zielgröße (TESTEX 6)
S08.ANT.CL.X.IG.X,S08,ANT,CL,X,IG,X,1,"Anteil mit BEST prä und post an den Zugeteilten, 505 links, Menge IG",K27 nachträglich,,T,6.3 Attrition je Zielgröße (TESTEX 6)
S08.ANT.CL.X.KG.X,S08,ANT,CL,X,KG,X,1,"Anteil mit BEST prä und post an den Zugeteilten, 505 links, Menge KG",K27 nachträglich,,T,6.3 Attrition je Zielgröße (TESTEX 6)
S08.ANT.CL.X.ALL.X,S08,ANT,CL,X,ALL,X,1,"Anteil mit BEST prä und post an den Zugeteilten, 505 links, Menge ALL",K27 nachträglich,,T,6.3 Attrition je Zielgröße (TESTEX 6)
S08.ANT.CR.X.IG.X,S08,ANT,CR,X,IG,X,1,"Anteil mit BEST prä und post an den Zugeteilten, 505 rechts, Menge IG",K27 nachträglich,,T,6.3 Attrition je Zielgröße (TESTEX 6)
S08.ANT.CR.X.KG.X,S08,ANT,CR,X,KG,X,1,"Anteil mit BEST prä und post an den Zugeteilten, 505 rechts, Menge KG",K27 nachträglich,,T,6.3 Attrition je Zielgröße (TESTEX 6)
S08.ANT.CR.X.ALL.X,S08,ANT,CR,X,ALL,X,1,"Anteil mit BEST prä und post an den Zugeteilten, 505 rechts, Menge ALL",K27 nachträglich,,T,6.3 Attrition je Zielgröße (TESTEX 6)
S08.ANT.CM.X.IG.X,S08,ANT,CM,X,IG,X,1,"Anteil mit BEST prä und post an den Zugeteilten, 505 Seitenmittel, Menge IG",K27 nachträglich,,T,6.3 Attrition je Zielgröße (TESTEX 6)
S08.ANT.CM.X.KG.X,S08,ANT,CM,X,KG,X,1,"Anteil mit BEST prä und post an den Zugeteilten, 505 Seitenmittel, Menge KG",K27 nachträglich,,T,6.3 Attrition je Zielgröße (TESTEX 6)
S08.ANT.CM.X.ALL.X,S08,ANT,CM,X,ALL,X,1,"Anteil mit BEST prä und post an den Zugeteilten, 505 Seitenmittel, Menge ALL",K27 nachträglich,,T,6.3 Attrition je Zielgröße (TESTEX 6)
S08.ANTTN.X.X.IG.X,S08,ANTTN,X,X,IG,X,1,"Anteil Status ausgewertet an den Zugeteilten, Menge IG",K27 nachträglich,,T,6.3 Attrition je Zielgröße (TESTEX 6)
S08.ANTTN.X.X.KG.X,S08,ANTTN,X,X,KG,X,1,"Anteil Status ausgewertet an den Zugeteilten, Menge KG",K27 nachträglich,,T,6.3 Attrition je Zielgröße (TESTEX 6)
S08.ANTTN.X.X.ALL.X,S08,ANTTN,X,X,ALL,X,1,"Anteil Status ausgewertet an den Zugeteilten, Menge ALL",K27 nachträglich,,T,6.3 Attrition je Zielgröße (TESTEX 6)
S09.KMEAN.Z05.PRE.IG.X,S09,KMEAN,Z05,PRE,IG,X,1,"mittlere Zahl gültiger Versuche, Sprint 5 m, Menge IG",Plan 12.09.,,A,Tab. H1 gültige Versuche
S09.KMEAN.Z05.PRE.KG.X,S09,KMEAN,Z05,PRE,KG,X,1,"mittlere Zahl gültiger Versuche, Sprint 5 m, Menge KG",Plan 12.09.,,A,Tab. H1 gültige Versuche
S09.KMEAN.Z05.PRE.VA.X,S09,KMEAN,Z05,PRE,VA,X,1,"mittlere Zahl gültiger Versuche, Sprint 5 m, Menge VA",Plan 12.09.,,X,je Verein
S09.KMEAN.Z05.PRE.VB.X,S09,KMEAN,Z05,PRE,VB,X,1,"mittlere Zahl gültiger Versuche, Sprint 5 m, Menge VB",Plan 12.09.,,X,je Verein
S09.KMEAN.Z05.PRE.VC.X,S09,KMEAN,Z05,PRE,VC,X,1,"mittlere Zahl gültiger Versuche, Sprint 5 m, Menge VC",Plan 12.09.,,X,je Verein
S09.KMEAN.Z05.POST.IG.X,S09,KMEAN,Z05,POST,IG,X,1,"mittlere Zahl gültiger Versuche, Sprint 5 m, Menge IG",Plan 12.09.,,A,Tab. H1 gültige Versuche
S09.KMEAN.Z05.POST.KG.X,S09,KMEAN,Z05,POST,KG,X,1,"mittlere Zahl gültiger Versuche, Sprint 5 m, Menge KG",Plan 12.09.,,A,Tab. H1 gültige Versuche
S09.KMEAN.Z05.POST.VA.X,S09,KMEAN,Z05,POST,VA,X,1,"mittlere Zahl gültiger Versuche, Sprint 5 m, Menge VA",Plan 12.09.,,X,je Verein
S09.KMEAN.Z05.POST.VB.X,S09,KMEAN,Z05,POST,VB,X,1,"mittlere Zahl gültiger Versuche, Sprint 5 m, Menge VB",Plan 12.09.,,X,je Verein
S09.KMEAN.Z05.POST.VC.X,S09,KMEAN,Z05,POST,VC,X,1,"mittlere Zahl gültiger Versuche, Sprint 5 m, Menge VC",Plan 12.09.,,X,je Verein
S09.KMEAN.Z10.PRE.IG.X,S09,KMEAN,Z10,PRE,IG,X,1,"mittlere Zahl gültiger Versuche, Sprint 10 m, Menge IG",Plan 12.09.,,A,Tab. H1 gültige Versuche
S09.KMEAN.Z10.PRE.KG.X,S09,KMEAN,Z10,PRE,KG,X,1,"mittlere Zahl gültiger Versuche, Sprint 10 m, Menge KG",Plan 12.09.,,A,Tab. H1 gültige Versuche
S09.KMEAN.Z10.PRE.VA.X,S09,KMEAN,Z10,PRE,VA,X,1,"mittlere Zahl gültiger Versuche, Sprint 10 m, Menge VA",Plan 12.09.,,X,je Verein
S09.KMEAN.Z10.PRE.VB.X,S09,KMEAN,Z10,PRE,VB,X,1,"mittlere Zahl gültiger Versuche, Sprint 10 m, Menge VB",Plan 12.09.,,X,je Verein
S09.KMEAN.Z10.PRE.VC.X,S09,KMEAN,Z10,PRE,VC,X,1,"mittlere Zahl gültiger Versuche, Sprint 10 m, Menge VC",Plan 12.09.,,X,je Verein
S09.KMEAN.Z10.POST.IG.X,S09,KMEAN,Z10,POST,IG,X,1,"mittlere Zahl gültiger Versuche, Sprint 10 m, Menge IG",Plan 12.09.,,A,Tab. H1 gültige Versuche
S09.KMEAN.Z10.POST.KG.X,S09,KMEAN,Z10,POST,KG,X,1,"mittlere Zahl gültiger Versuche, Sprint 10 m, Menge KG",Plan 12.09.,,A,Tab. H1 gültige Versuche
S09.KMEAN.Z10.POST.VA.X,S09,KMEAN,Z10,POST,VA,X,1,"mittlere Zahl gültiger Versuche, Sprint 10 m, Menge VA",Plan 12.09.,,X,je Verein
S09.KMEAN.Z10.POST.VB.X,S09,KMEAN,Z10,POST,VB,X,1,"mittlere Zahl gültiger Versuche, Sprint 10 m, Menge VB",Plan 12.09.,,X,je Verein
S09.KMEAN.Z10.POST.VC.X,S09,KMEAN,Z10,POST,VC,X,1,"mittlere Zahl gültiger Versuche, Sprint 10 m, Menge VC",Plan 12.09.,,X,je Verein
S09.KMEAN.Z30.PRE.IG.X,S09,KMEAN,Z30,PRE,IG,X,1,"mittlere Zahl gültiger Versuche, Sprint 30 m, Menge IG",Plan 12.09.,,A,Tab. H1 gültige Versuche
S09.KMEAN.Z30.PRE.KG.X,S09,KMEAN,Z30,PRE,KG,X,1,"mittlere Zahl gültiger Versuche, Sprint 30 m, Menge KG",Plan 12.09.,,A,Tab. H1 gültige Versuche
S09.KMEAN.Z30.PRE.VA.X,S09,KMEAN,Z30,PRE,VA,X,1,"mittlere Zahl gültiger Versuche, Sprint 30 m, Menge VA",Plan 12.09.,,X,je Verein
S09.KMEAN.Z30.PRE.VB.X,S09,KMEAN,Z30,PRE,VB,X,1,"mittlere Zahl gültiger Versuche, Sprint 30 m, Menge VB",Plan 12.09.,,X,je Verein
S09.KMEAN.Z30.PRE.VC.X,S09,KMEAN,Z30,PRE,VC,X,1,"mittlere Zahl gültiger Versuche, Sprint 30 m, Menge VC",Plan 12.09.,,X,je Verein
S09.KMEAN.Z30.POST.IG.X,S09,KMEAN,Z30,POST,IG,X,1,"mittlere Zahl gültiger Versuche, Sprint 30 m, Menge IG",Plan 12.09.,,A,Tab. H1 gültige Versuche
S09.KMEAN.Z30.POST.KG.X,S09,KMEAN,Z30,POST,KG,X,1,"mittlere Zahl gültiger Versuche, Sprint 30 m, Menge KG",Plan 12.09.,,A,Tab. H1 gültige Versuche
S09.KMEAN.Z30.POST.VA.X,S09,KMEAN,Z30,POST,VA,X,1,"mittlere Zahl gültiger Versuche, Sprint 30 m, Menge VA",Plan 12.09.,,X,je Verein
S09.KMEAN.Z30.POST.VB.X,S09,KMEAN,Z30,POST,VB,X,1,"mittlere Zahl gültiger Versuche, Sprint 30 m, Menge VB",Plan 12.09.,,X,je Verein
S09.KMEAN.Z30.POST.VC.X,S09,KMEAN,Z30,POST,VC,X,1,"mittlere Zahl gültiger Versuche, Sprint 30 m, Menge VC",Plan 12.09.,,X,je Verein
S09.KMEAN.SBJ.PRE.IG.X,S09,KMEAN,SBJ,PRE,IG,X,1,"mittlere Zahl gültiger Versuche, Standweitsprung, Menge IG",Plan 12.09.,,A,Tab. H1 gültige Versuche
S09.KMEAN.SBJ.PRE.KG.X,S09,KMEAN,SBJ,PRE,KG,X,1,"mittlere Zahl gültiger Versuche, Standweitsprung, Menge KG",Plan 12.09.,,A,Tab. H1 gültige Versuche
S09.KMEAN.SBJ.PRE.VA.X,S09,KMEAN,SBJ,PRE,VA,X,1,"mittlere Zahl gültiger Versuche, Standweitsprung, Menge VA",Plan 12.09.,,X,je Verein
S09.KMEAN.SBJ.PRE.VB.X,S09,KMEAN,SBJ,PRE,VB,X,1,"mittlere Zahl gültiger Versuche, Standweitsprung, Menge VB",Plan 12.09.,,X,je Verein
S09.KMEAN.SBJ.PRE.VC.X,S09,KMEAN,SBJ,PRE,VC,X,1,"mittlere Zahl gültiger Versuche, Standweitsprung, Menge VC",Plan 12.09.,,X,je Verein
S09.KMEAN.SBJ.POST.IG.X,S09,KMEAN,SBJ,POST,IG,X,1,"mittlere Zahl gültiger Versuche, Standweitsprung, Menge IG",Plan 12.09.,,A,Tab. H1 gültige Versuche
S09.KMEAN.SBJ.POST.KG.X,S09,KMEAN,SBJ,POST,KG,X,1,"mittlere Zahl gültiger Versuche, Standweitsprung, Menge KG",Plan 12.09.,,A,Tab. H1 gültige Versuche
S09.KMEAN.SBJ.POST.VA.X,S09,KMEAN,SBJ,POST,VA,X,1,"mittlere Zahl gültiger Versuche, Standweitsprung, Menge VA",Plan 12.09.,,X,je Verein
S09.KMEAN.SBJ.POST.VB.X,S09,KMEAN,SBJ,POST,VB,X,1,"mittlere Zahl gültiger Versuche, Standweitsprung, Menge VB",Plan 12.09.,,X,je Verein
S09.KMEAN.SBJ.POST.VC.X,S09,KMEAN,SBJ,POST,VC,X,1,"mittlere Zahl gültiger Versuche, Standweitsprung, Menge VC",Plan 12.09.,,X,je Verein
S09.KMEAN.CL.PRE.IG.X,S09,KMEAN,CL,PRE,IG,X,1,"mittlere Zahl gültiger Versuche, 505 links, Menge IG",Plan 12.09.,,A,Tab. H1 gültige Versuche
S09.KMEAN.CL.PRE.KG.X,S09,KMEAN,CL,PRE,KG,X,1,"mittlere Zahl gültiger Versuche, 505 links, Menge KG",Plan 12.09.,,A,Tab. H1 gültige Versuche
S09.KMEAN.CL.PRE.VA.X,S09,KMEAN,CL,PRE,VA,X,1,"mittlere Zahl gültiger Versuche, 505 links, Menge VA",Plan 12.09.,,X,je Verein
S09.KMEAN.CL.PRE.VB.X,S09,KMEAN,CL,PRE,VB,X,1,"mittlere Zahl gültiger Versuche, 505 links, Menge VB",Plan 12.09.,,X,je Verein
S09.KMEAN.CL.PRE.VC.X,S09,KMEAN,CL,PRE,VC,X,1,"mittlere Zahl gültiger Versuche, 505 links, Menge VC",Plan 12.09.,,X,je Verein
S09.KMEAN.CL.POST.IG.X,S09,KMEAN,CL,POST,IG,X,1,"mittlere Zahl gültiger Versuche, 505 links, Menge IG",Plan 12.09.,,A,Tab. H1 gültige Versuche
S09.KMEAN.CL.POST.KG.X,S09,KMEAN,CL,POST,KG,X,1,"mittlere Zahl gültiger Versuche, 505 links, Menge KG",Plan 12.09.,,A,Tab. H1 gültige Versuche
S09.KMEAN.CL.POST.VA.X,S09,KMEAN,CL,POST,VA,X,1,"mittlere Zahl gültiger Versuche, 505 links, Menge VA",Plan 12.09.,,X,je Verein
S09.KMEAN.CL.POST.VB.X,S09,KMEAN,CL,POST,VB,X,1,"mittlere Zahl gültiger Versuche, 505 links, Menge VB",Plan 12.09.,,X,je Verein
S09.KMEAN.CL.POST.VC.X,S09,KMEAN,CL,POST,VC,X,1,"mittlere Zahl gültiger Versuche, 505 links, Menge VC",Plan 12.09.,,X,je Verein
S09.KMEAN.CR.PRE.IG.X,S09,KMEAN,CR,PRE,IG,X,1,"mittlere Zahl gültiger Versuche, 505 rechts, Menge IG",Plan 12.09.,,A,Tab. H1 gültige Versuche
S09.KMEAN.CR.PRE.KG.X,S09,KMEAN,CR,PRE,KG,X,1,"mittlere Zahl gültiger Versuche, 505 rechts, Menge KG",Plan 12.09.,,A,Tab. H1 gültige Versuche
S09.KMEAN.CR.PRE.VA.X,S09,KMEAN,CR,PRE,VA,X,1,"mittlere Zahl gültiger Versuche, 505 rechts, Menge VA",Plan 12.09.,,X,je Verein
S09.KMEAN.CR.PRE.VB.X,S09,KMEAN,CR,PRE,VB,X,1,"mittlere Zahl gültiger Versuche, 505 rechts, Menge VB",Plan 12.09.,,X,je Verein
S09.KMEAN.CR.PRE.VC.X,S09,KMEAN,CR,PRE,VC,X,1,"mittlere Zahl gültiger Versuche, 505 rechts, Menge VC",Plan 12.09.,,X,je Verein
S09.KMEAN.CR.POST.IG.X,S09,KMEAN,CR,POST,IG,X,1,"mittlere Zahl gültiger Versuche, 505 rechts, Menge IG",Plan 12.09.,,A,Tab. H1 gültige Versuche
S09.KMEAN.CR.POST.KG.X,S09,KMEAN,CR,POST,KG,X,1,"mittlere Zahl gültiger Versuche, 505 rechts, Menge KG",Plan 12.09.,,A,Tab. H1 gültige Versuche
S09.KMEAN.CR.POST.VA.X,S09,KMEAN,CR,POST,VA,X,1,"mittlere Zahl gültiger Versuche, 505 rechts, Menge VA",Plan 12.09.,,X,je Verein
S09.KMEAN.CR.POST.VB.X,S09,KMEAN,CR,POST,VB,X,1,"mittlere Zahl gültiger Versuche, 505 rechts, Menge VB",Plan 12.09.,,X,je Verein
S09.KMEAN.CR.POST.VC.X,S09,KMEAN,CR,POST,VC,X,1,"mittlere Zahl gültiger Versuche, 505 rechts, Menge VC",Plan 12.09.,,X,je Verein
S09.NK0.Z05.PRE.IG.X,S09,NK0,Z05,PRE,IG,X,1,"Zahl der Spieler mit k = 0, Sprint 5 m, Menge IG",Plan 12.09.,,X,"Verteilung k, Raten, Korrelationen ohne tragfähige Aussage"
S09.NK0.Z05.PRE.KG.X,S09,NK0,Z05,PRE,KG,X,1,"Zahl der Spieler mit k = 0, Sprint 5 m, Menge KG",Plan 12.09.,,X,"Verteilung k, Raten, Korrelationen ohne tragfähige Aussage"
S09.NK0.Z05.POST.IG.X,S09,NK0,Z05,POST,IG,X,1,"Zahl der Spieler mit k = 0, Sprint 5 m, Menge IG",Plan 12.09.,,X,"Verteilung k, Raten, Korrelationen ohne tragfähige Aussage"
S09.NK0.Z05.POST.KG.X,S09,NK0,Z05,POST,KG,X,1,"Zahl der Spieler mit k = 0, Sprint 5 m, Menge KG",Plan 12.09.,,X,"Verteilung k, Raten, Korrelationen ohne tragfähige Aussage"
S09.NK0.Z10.PRE.IG.X,S09,NK0,Z10,PRE,IG,X,1,"Zahl der Spieler mit k = 0, Sprint 10 m, Menge IG",Plan 12.09.,,X,"Verteilung k, Raten, Korrelationen ohne tragfähige Aussage"
S09.NK0.Z10.PRE.KG.X,S09,NK0,Z10,PRE,KG,X,1,"Zahl der Spieler mit k = 0, Sprint 10 m, Menge KG",Plan 12.09.,,X,"Verteilung k, Raten, Korrelationen ohne tragfähige Aussage"
S09.NK0.Z10.POST.IG.X,S09,NK0,Z10,POST,IG,X,1,"Zahl der Spieler mit k = 0, Sprint 10 m, Menge IG",Plan 12.09.,,X,"Verteilung k, Raten, Korrelationen ohne tragfähige Aussage"
S09.NK0.Z10.POST.KG.X,S09,NK0,Z10,POST,KG,X,1,"Zahl der Spieler mit k = 0, Sprint 10 m, Menge KG",Plan 12.09.,,X,"Verteilung k, Raten, Korrelationen ohne tragfähige Aussage"
S09.NK0.Z30.PRE.IG.X,S09,NK0,Z30,PRE,IG,X,1,"Zahl der Spieler mit k = 0, Sprint 30 m, Menge IG",Plan 12.09.,,X,"Verteilung k, Raten, Korrelationen ohne tragfähige Aussage"
S09.NK0.Z30.PRE.KG.X,S09,NK0,Z30,PRE,KG,X,1,"Zahl der Spieler mit k = 0, Sprint 30 m, Menge KG",Plan 12.09.,,X,"Verteilung k, Raten, Korrelationen ohne tragfähige Aussage"
S09.NK0.Z30.POST.IG.X,S09,NK0,Z30,POST,IG,X,1,"Zahl der Spieler mit k = 0, Sprint 30 m, Menge IG",Plan 12.09.,,X,"Verteilung k, Raten, Korrelationen ohne tragfähige Aussage"
S09.NK0.Z30.POST.KG.X,S09,NK0,Z30,POST,KG,X,1,"Zahl der Spieler mit k = 0, Sprint 30 m, Menge KG",Plan 12.09.,,X,"Verteilung k, Raten, Korrelationen ohne tragfähige Aussage"
S09.NK0.SBJ.PRE.IG.X,S09,NK0,SBJ,PRE,IG,X,1,"Zahl der Spieler mit k = 0, Standweitsprung, Menge IG",Plan 12.09.,,X,"Verteilung k, Raten, Korrelationen ohne tragfähige Aussage"
S09.NK0.SBJ.PRE.KG.X,S09,NK0,SBJ,PRE,KG,X,1,"Zahl der Spieler mit k = 0, Standweitsprung, Menge KG",Plan 12.09.,,X,"Verteilung k, Raten, Korrelationen ohne tragfähige Aussage"
S09.NK0.SBJ.POST.IG.X,S09,NK0,SBJ,POST,IG,X,1,"Zahl der Spieler mit k = 0, Standweitsprung, Menge IG",Plan 12.09.,,X,"Verteilung k, Raten, Korrelationen ohne tragfähige Aussage"
S09.NK0.SBJ.POST.KG.X,S09,NK0,SBJ,POST,KG,X,1,"Zahl der Spieler mit k = 0, Standweitsprung, Menge KG",Plan 12.09.,,X,"Verteilung k, Raten, Korrelationen ohne tragfähige Aussage"
S09.NK0.CL.PRE.IG.X,S09,NK0,CL,PRE,IG,X,1,"Zahl der Spieler mit k = 0, 505 links, Menge IG",Plan 12.09.,,X,"Verteilung k, Raten, Korrelationen ohne tragfähige Aussage"
S09.NK0.CL.PRE.KG.X,S09,NK0,CL,PRE,KG,X,1,"Zahl der Spieler mit k = 0, 505 links, Menge KG",Plan 12.09.,,X,"Verteilung k, Raten, Korrelationen ohne tragfähige Aussage"
S09.NK0.CL.POST.IG.X,S09,NK0,CL,POST,IG,X,1,"Zahl der Spieler mit k = 0, 505 links, Menge IG",Plan 12.09.,,X,"Verteilung k, Raten, Korrelationen ohne tragfähige Aussage"
S09.NK0.CL.POST.KG.X,S09,NK0,CL,POST,KG,X,1,"Zahl der Spieler mit k = 0, 505 links, Menge KG",Plan 12.09.,,X,"Verteilung k, Raten, Korrelationen ohne tragfähige Aussage"
S09.NK0.CR.PRE.IG.X,S09,NK0,CR,PRE,IG,X,1,"Zahl der Spieler mit k = 0, 505 rechts, Menge IG",Plan 12.09.,,X,"Verteilung k, Raten, Korrelationen ohne tragfähige Aussage"
S09.NK0.CR.PRE.KG.X,S09,NK0,CR,PRE,KG,X,1,"Zahl der Spieler mit k = 0, 505 rechts, Menge KG",Plan 12.09.,,X,"Verteilung k, Raten, Korrelationen ohne tragfähige Aussage"
S09.NK0.CR.POST.IG.X,S09,NK0,CR,POST,IG,X,1,"Zahl der Spieler mit k = 0, 505 rechts, Menge IG",Plan 12.09.,,X,"Verteilung k, Raten, Korrelationen ohne tragfähige Aussage"
S09.NK0.CR.POST.KG.X,S09,NK0,CR,POST,KG,X,1,"Zahl der Spieler mit k = 0, 505 rechts, Menge KG",Plan 12.09.,,X,"Verteilung k, Raten, Korrelationen ohne tragfähige Aussage"
S09.NK1.Z05.PRE.IG.X,S09,NK1,Z05,PRE,IG,X,1,"Zahl der Spieler mit k = 1, Sprint 5 m, Menge IG",Plan 12.09.,,X,"Verteilung k, Raten, Korrelationen ohne tragfähige Aussage"
S09.NK1.Z05.PRE.KG.X,S09,NK1,Z05,PRE,KG,X,1,"Zahl der Spieler mit k = 1, Sprint 5 m, Menge KG",Plan 12.09.,,X,"Verteilung k, Raten, Korrelationen ohne tragfähige Aussage"
S09.NK1.Z05.POST.IG.X,S09,NK1,Z05,POST,IG,X,1,"Zahl der Spieler mit k = 1, Sprint 5 m, Menge IG",Plan 12.09.,,X,"Verteilung k, Raten, Korrelationen ohne tragfähige Aussage"
S09.NK1.Z05.POST.KG.X,S09,NK1,Z05,POST,KG,X,1,"Zahl der Spieler mit k = 1, Sprint 5 m, Menge KG",Plan 12.09.,,X,"Verteilung k, Raten, Korrelationen ohne tragfähige Aussage"
S09.NK1.Z10.PRE.IG.X,S09,NK1,Z10,PRE,IG,X,1,"Zahl der Spieler mit k = 1, Sprint 10 m, Menge IG",Plan 12.09.,,X,"Verteilung k, Raten, Korrelationen ohne tragfähige Aussage"
S09.NK1.Z10.PRE.KG.X,S09,NK1,Z10,PRE,KG,X,1,"Zahl der Spieler mit k = 1, Sprint 10 m, Menge KG",Plan 12.09.,,X,"Verteilung k, Raten, Korrelationen ohne tragfähige Aussage"
S09.NK1.Z10.POST.IG.X,S09,NK1,Z10,POST,IG,X,1,"Zahl der Spieler mit k = 1, Sprint 10 m, Menge IG",Plan 12.09.,,X,"Verteilung k, Raten, Korrelationen ohne tragfähige Aussage"
S09.NK1.Z10.POST.KG.X,S09,NK1,Z10,POST,KG,X,1,"Zahl der Spieler mit k = 1, Sprint 10 m, Menge KG",Plan 12.09.,,X,"Verteilung k, Raten, Korrelationen ohne tragfähige Aussage"
S09.NK1.Z30.PRE.IG.X,S09,NK1,Z30,PRE,IG,X,1,"Zahl der Spieler mit k = 1, Sprint 30 m, Menge IG",Plan 12.09.,,X,"Verteilung k, Raten, Korrelationen ohne tragfähige Aussage"
S09.NK1.Z30.PRE.KG.X,S09,NK1,Z30,PRE,KG,X,1,"Zahl der Spieler mit k = 1, Sprint 30 m, Menge KG",Plan 12.09.,,X,"Verteilung k, Raten, Korrelationen ohne tragfähige Aussage"
S09.NK1.Z30.POST.IG.X,S09,NK1,Z30,POST,IG,X,1,"Zahl der Spieler mit k = 1, Sprint 30 m, Menge IG",Plan 12.09.,,X,"Verteilung k, Raten, Korrelationen ohne tragfähige Aussage"
S09.NK1.Z30.POST.KG.X,S09,NK1,Z30,POST,KG,X,1,"Zahl der Spieler mit k = 1, Sprint 30 m, Menge KG",Plan 12.09.,,X,"Verteilung k, Raten, Korrelationen ohne tragfähige Aussage"
S09.NK1.SBJ.PRE.IG.X,S09,NK1,SBJ,PRE,IG,X,1,"Zahl der Spieler mit k = 1, Standweitsprung, Menge IG",Plan 12.09.,,X,"Verteilung k, Raten, Korrelationen ohne tragfähige Aussage"
S09.NK1.SBJ.PRE.KG.X,S09,NK1,SBJ,PRE,KG,X,1,"Zahl der Spieler mit k = 1, Standweitsprung, Menge KG",Plan 12.09.,,X,"Verteilung k, Raten, Korrelationen ohne tragfähige Aussage"
S09.NK1.SBJ.POST.IG.X,S09,NK1,SBJ,POST,IG,X,1,"Zahl der Spieler mit k = 1, Standweitsprung, Menge IG",Plan 12.09.,,X,"Verteilung k, Raten, Korrelationen ohne tragfähige Aussage"
S09.NK1.SBJ.POST.KG.X,S09,NK1,SBJ,POST,KG,X,1,"Zahl der Spieler mit k = 1, Standweitsprung, Menge KG",Plan 12.09.,,X,"Verteilung k, Raten, Korrelationen ohne tragfähige Aussage"
S09.NK1.CL.PRE.IG.X,S09,NK1,CL,PRE,IG,X,1,"Zahl der Spieler mit k = 1, 505 links, Menge IG",Plan 12.09.,,X,"Verteilung k, Raten, Korrelationen ohne tragfähige Aussage"
S09.NK1.CL.PRE.KG.X,S09,NK1,CL,PRE,KG,X,1,"Zahl der Spieler mit k = 1, 505 links, Menge KG",Plan 12.09.,,X,"Verteilung k, Raten, Korrelationen ohne tragfähige Aussage"
S09.NK1.CL.POST.IG.X,S09,NK1,CL,POST,IG,X,1,"Zahl der Spieler mit k = 1, 505 links, Menge IG",Plan 12.09.,,X,"Verteilung k, Raten, Korrelationen ohne tragfähige Aussage"
S09.NK1.CL.POST.KG.X,S09,NK1,CL,POST,KG,X,1,"Zahl der Spieler mit k = 1, 505 links, Menge KG",Plan 12.09.,,X,"Verteilung k, Raten, Korrelationen ohne tragfähige Aussage"
S09.NK1.CR.PRE.IG.X,S09,NK1,CR,PRE,IG,X,1,"Zahl der Spieler mit k = 1, 505 rechts, Menge IG",Plan 12.09.,,X,"Verteilung k, Raten, Korrelationen ohne tragfähige Aussage"
S09.NK1.CR.PRE.KG.X,S09,NK1,CR,PRE,KG,X,1,"Zahl der Spieler mit k = 1, 505 rechts, Menge KG",Plan 12.09.,,X,"Verteilung k, Raten, Korrelationen ohne tragfähige Aussage"
S09.NK1.CR.POST.IG.X,S09,NK1,CR,POST,IG,X,1,"Zahl der Spieler mit k = 1, 505 rechts, Menge IG",Plan 12.09.,,X,"Verteilung k, Raten, Korrelationen ohne tragfähige Aussage"
S09.NK1.CR.POST.KG.X,S09,NK1,CR,POST,KG,X,1,"Zahl der Spieler mit k = 1, 505 rechts, Menge KG",Plan 12.09.,,X,"Verteilung k, Raten, Korrelationen ohne tragfähige Aussage"
S09.NK2.Z05.PRE.IG.X,S09,NK2,Z05,PRE,IG,X,1,"Zahl der Spieler mit k = 2, Sprint 5 m, Menge IG",Plan 12.09.,,X,"Verteilung k, Raten, Korrelationen ohne tragfähige Aussage"
S09.NK2.Z05.PRE.KG.X,S09,NK2,Z05,PRE,KG,X,1,"Zahl der Spieler mit k = 2, Sprint 5 m, Menge KG",Plan 12.09.,,X,"Verteilung k, Raten, Korrelationen ohne tragfähige Aussage"
S09.NK2.Z05.POST.IG.X,S09,NK2,Z05,POST,IG,X,1,"Zahl der Spieler mit k = 2, Sprint 5 m, Menge IG",Plan 12.09.,,X,"Verteilung k, Raten, Korrelationen ohne tragfähige Aussage"
S09.NK2.Z05.POST.KG.X,S09,NK2,Z05,POST,KG,X,1,"Zahl der Spieler mit k = 2, Sprint 5 m, Menge KG",Plan 12.09.,,X,"Verteilung k, Raten, Korrelationen ohne tragfähige Aussage"
S09.NK2.Z10.PRE.IG.X,S09,NK2,Z10,PRE,IG,X,1,"Zahl der Spieler mit k = 2, Sprint 10 m, Menge IG",Plan 12.09.,,X,"Verteilung k, Raten, Korrelationen ohne tragfähige Aussage"
S09.NK2.Z10.PRE.KG.X,S09,NK2,Z10,PRE,KG,X,1,"Zahl der Spieler mit k = 2, Sprint 10 m, Menge KG",Plan 12.09.,,X,"Verteilung k, Raten, Korrelationen ohne tragfähige Aussage"
S09.NK2.Z10.POST.IG.X,S09,NK2,Z10,POST,IG,X,1,"Zahl der Spieler mit k = 2, Sprint 10 m, Menge IG",Plan 12.09.,,X,"Verteilung k, Raten, Korrelationen ohne tragfähige Aussage"
S09.NK2.Z10.POST.KG.X,S09,NK2,Z10,POST,KG,X,1,"Zahl der Spieler mit k = 2, Sprint 10 m, Menge KG",Plan 12.09.,,X,"Verteilung k, Raten, Korrelationen ohne tragfähige Aussage"
S09.NK2.Z30.PRE.IG.X,S09,NK2,Z30,PRE,IG,X,1,"Zahl der Spieler mit k = 2, Sprint 30 m, Menge IG",Plan 12.09.,,X,"Verteilung k, Raten, Korrelationen ohne tragfähige Aussage"
S09.NK2.Z30.PRE.KG.X,S09,NK2,Z30,PRE,KG,X,1,"Zahl der Spieler mit k = 2, Sprint 30 m, Menge KG",Plan 12.09.,,X,"Verteilung k, Raten, Korrelationen ohne tragfähige Aussage"
S09.NK2.Z30.POST.IG.X,S09,NK2,Z30,POST,IG,X,1,"Zahl der Spieler mit k = 2, Sprint 30 m, Menge IG",Plan 12.09.,,X,"Verteilung k, Raten, Korrelationen ohne tragfähige Aussage"
S09.NK2.Z30.POST.KG.X,S09,NK2,Z30,POST,KG,X,1,"Zahl der Spieler mit k = 2, Sprint 30 m, Menge KG",Plan 12.09.,,X,"Verteilung k, Raten, Korrelationen ohne tragfähige Aussage"
S09.NK2.SBJ.PRE.IG.X,S09,NK2,SBJ,PRE,IG,X,1,"Zahl der Spieler mit k = 2, Standweitsprung, Menge IG",Plan 12.09.,,X,"Verteilung k, Raten, Korrelationen ohne tragfähige Aussage"
S09.NK2.SBJ.PRE.KG.X,S09,NK2,SBJ,PRE,KG,X,1,"Zahl der Spieler mit k = 2, Standweitsprung, Menge KG",Plan 12.09.,,X,"Verteilung k, Raten, Korrelationen ohne tragfähige Aussage"
S09.NK2.SBJ.POST.IG.X,S09,NK2,SBJ,POST,IG,X,1,"Zahl der Spieler mit k = 2, Standweitsprung, Menge IG",Plan 12.09.,,X,"Verteilung k, Raten, Korrelationen ohne tragfähige Aussage"
S09.NK2.SBJ.POST.KG.X,S09,NK2,SBJ,POST,KG,X,1,"Zahl der Spieler mit k = 2, Standweitsprung, Menge KG",Plan 12.09.,,X,"Verteilung k, Raten, Korrelationen ohne tragfähige Aussage"
S09.NK2.CL.PRE.IG.X,S09,NK2,CL,PRE,IG,X,1,"Zahl der Spieler mit k = 2, 505 links, Menge IG",Plan 12.09.,,X,"Verteilung k, Raten, Korrelationen ohne tragfähige Aussage"
S09.NK2.CL.PRE.KG.X,S09,NK2,CL,PRE,KG,X,1,"Zahl der Spieler mit k = 2, 505 links, Menge KG",Plan 12.09.,,X,"Verteilung k, Raten, Korrelationen ohne tragfähige Aussage"
S09.NK2.CL.POST.IG.X,S09,NK2,CL,POST,IG,X,1,"Zahl der Spieler mit k = 2, 505 links, Menge IG",Plan 12.09.,,X,"Verteilung k, Raten, Korrelationen ohne tragfähige Aussage"
S09.NK2.CL.POST.KG.X,S09,NK2,CL,POST,KG,X,1,"Zahl der Spieler mit k = 2, 505 links, Menge KG",Plan 12.09.,,X,"Verteilung k, Raten, Korrelationen ohne tragfähige Aussage"
S09.NK2.CR.PRE.IG.X,S09,NK2,CR,PRE,IG,X,1,"Zahl der Spieler mit k = 2, 505 rechts, Menge IG",Plan 12.09.,,X,"Verteilung k, Raten, Korrelationen ohne tragfähige Aussage"
S09.NK2.CR.PRE.KG.X,S09,NK2,CR,PRE,KG,X,1,"Zahl der Spieler mit k = 2, 505 rechts, Menge KG",Plan 12.09.,,X,"Verteilung k, Raten, Korrelationen ohne tragfähige Aussage"
S09.NK2.CR.POST.IG.X,S09,NK2,CR,POST,IG,X,1,"Zahl der Spieler mit k = 2, 505 rechts, Menge IG",Plan 12.09.,,X,"Verteilung k, Raten, Korrelationen ohne tragfähige Aussage"
S09.NK2.CR.POST.KG.X,S09,NK2,CR,POST,KG,X,1,"Zahl der Spieler mit k = 2, 505 rechts, Menge KG",Plan 12.09.,,X,"Verteilung k, Raten, Korrelationen ohne tragfähige Aussage"
S09.NK3.Z05.PRE.IG.X,S09,NK3,Z05,PRE,IG,X,1,"Zahl der Spieler mit k = 3, Sprint 5 m, Menge IG",Plan 12.09.,,X,"Verteilung k, Raten, Korrelationen ohne tragfähige Aussage"
S09.NK3.Z05.PRE.KG.X,S09,NK3,Z05,PRE,KG,X,1,"Zahl der Spieler mit k = 3, Sprint 5 m, Menge KG",Plan 12.09.,,X,"Verteilung k, Raten, Korrelationen ohne tragfähige Aussage"
S09.NK3.Z05.POST.IG.X,S09,NK3,Z05,POST,IG,X,1,"Zahl der Spieler mit k = 3, Sprint 5 m, Menge IG",Plan 12.09.,,X,"Verteilung k, Raten, Korrelationen ohne tragfähige Aussage"
S09.NK3.Z05.POST.KG.X,S09,NK3,Z05,POST,KG,X,1,"Zahl der Spieler mit k = 3, Sprint 5 m, Menge KG",Plan 12.09.,,X,"Verteilung k, Raten, Korrelationen ohne tragfähige Aussage"
S09.NK3.Z10.PRE.IG.X,S09,NK3,Z10,PRE,IG,X,1,"Zahl der Spieler mit k = 3, Sprint 10 m, Menge IG",Plan 12.09.,,X,"Verteilung k, Raten, Korrelationen ohne tragfähige Aussage"
S09.NK3.Z10.PRE.KG.X,S09,NK3,Z10,PRE,KG,X,1,"Zahl der Spieler mit k = 3, Sprint 10 m, Menge KG",Plan 12.09.,,X,"Verteilung k, Raten, Korrelationen ohne tragfähige Aussage"
S09.NK3.Z10.POST.IG.X,S09,NK3,Z10,POST,IG,X,1,"Zahl der Spieler mit k = 3, Sprint 10 m, Menge IG",Plan 12.09.,,X,"Verteilung k, Raten, Korrelationen ohne tragfähige Aussage"
S09.NK3.Z10.POST.KG.X,S09,NK3,Z10,POST,KG,X,1,"Zahl der Spieler mit k = 3, Sprint 10 m, Menge KG",Plan 12.09.,,X,"Verteilung k, Raten, Korrelationen ohne tragfähige Aussage"
S09.NK3.Z30.PRE.IG.X,S09,NK3,Z30,PRE,IG,X,1,"Zahl der Spieler mit k = 3, Sprint 30 m, Menge IG",Plan 12.09.,,X,"Verteilung k, Raten, Korrelationen ohne tragfähige Aussage"
S09.NK3.Z30.PRE.KG.X,S09,NK3,Z30,PRE,KG,X,1,"Zahl der Spieler mit k = 3, Sprint 30 m, Menge KG",Plan 12.09.,,X,"Verteilung k, Raten, Korrelationen ohne tragfähige Aussage"
S09.NK3.Z30.POST.IG.X,S09,NK3,Z30,POST,IG,X,1,"Zahl der Spieler mit k = 3, Sprint 30 m, Menge IG",Plan 12.09.,,X,"Verteilung k, Raten, Korrelationen ohne tragfähige Aussage"
S09.NK3.Z30.POST.KG.X,S09,NK3,Z30,POST,KG,X,1,"Zahl der Spieler mit k = 3, Sprint 30 m, Menge KG",Plan 12.09.,,X,"Verteilung k, Raten, Korrelationen ohne tragfähige Aussage"
S09.NK3.SBJ.PRE.IG.X,S09,NK3,SBJ,PRE,IG,X,1,"Zahl der Spieler mit k = 3, Standweitsprung, Menge IG",Plan 12.09.,,X,"Verteilung k, Raten, Korrelationen ohne tragfähige Aussage"
S09.NK3.SBJ.PRE.KG.X,S09,NK3,SBJ,PRE,KG,X,1,"Zahl der Spieler mit k = 3, Standweitsprung, Menge KG",Plan 12.09.,,X,"Verteilung k, Raten, Korrelationen ohne tragfähige Aussage"
S09.NK3.SBJ.POST.IG.X,S09,NK3,SBJ,POST,IG,X,1,"Zahl der Spieler mit k = 3, Standweitsprung, Menge IG",Plan 12.09.,,X,"Verteilung k, Raten, Korrelationen ohne tragfähige Aussage"
S09.NK3.SBJ.POST.KG.X,S09,NK3,SBJ,POST,KG,X,1,"Zahl der Spieler mit k = 3, Standweitsprung, Menge KG",Plan 12.09.,,X,"Verteilung k, Raten, Korrelationen ohne tragfähige Aussage"
S09.NK3.CL.PRE.IG.X,S09,NK3,CL,PRE,IG,X,1,"Zahl der Spieler mit k = 3, 505 links, Menge IG",Plan 12.09.,,X,"Verteilung k, Raten, Korrelationen ohne tragfähige Aussage"
S09.NK3.CL.PRE.KG.X,S09,NK3,CL,PRE,KG,X,1,"Zahl der Spieler mit k = 3, 505 links, Menge KG",Plan 12.09.,,X,"Verteilung k, Raten, Korrelationen ohne tragfähige Aussage"
S09.NK3.CL.POST.IG.X,S09,NK3,CL,POST,IG,X,1,"Zahl der Spieler mit k = 3, 505 links, Menge IG",Plan 12.09.,,X,"Verteilung k, Raten, Korrelationen ohne tragfähige Aussage"
S09.NK3.CL.POST.KG.X,S09,NK3,CL,POST,KG,X,1,"Zahl der Spieler mit k = 3, 505 links, Menge KG",Plan 12.09.,,X,"Verteilung k, Raten, Korrelationen ohne tragfähige Aussage"
S09.NK3.CR.PRE.IG.X,S09,NK3,CR,PRE,IG,X,1,"Zahl der Spieler mit k = 3, 505 rechts, Menge IG",Plan 12.09.,,X,"Verteilung k, Raten, Korrelationen ohne tragfähige Aussage"
S09.NK3.CR.PRE.KG.X,S09,NK3,CR,PRE,KG,X,1,"Zahl der Spieler mit k = 3, 505 rechts, Menge KG",Plan 12.09.,,X,"Verteilung k, Raten, Korrelationen ohne tragfähige Aussage"
S09.NK3.CR.POST.IG.X,S09,NK3,CR,POST,IG,X,1,"Zahl der Spieler mit k = 3, 505 rechts, Menge IG",Plan 12.09.,,X,"Verteilung k, Raten, Korrelationen ohne tragfähige Aussage"
S09.NK3.CR.POST.KG.X,S09,NK3,CR,POST,KG,X,1,"Zahl der Spieler mit k = 3, 505 rechts, Menge KG",Plan 12.09.,,X,"Verteilung k, Raten, Korrelationen ohne tragfähige Aussage"
S09.RKAT.Z05.PRE.IG.TECH,S09,RKAT,Z05,PRE,IG,TECH,1,"ungültige Versuche der Kategorie TECH je Spieler der Bezugsmenge, Sprint 5 m, Menge IG",Plan 12.09.,,X,"Verteilung k, Raten, Korrelationen ohne tragfähige Aussage"
S09.RKAT.Z05.PRE.IG.ZEIT,S09,RKAT,Z05,PRE,IG,ZEIT,1,"ungültige Versuche der Kategorie ZEIT je Spieler der Bezugsmenge, Sprint 5 m, Menge IG",Plan 12.09.,,X,"Verteilung k, Raten, Korrelationen ohne tragfähige Aussage"
S09.RKAT.Z05.PRE.IG.FEHL,S09,RKAT,Z05,PRE,IG,FEHL,1,"ungültige Versuche der Kategorie FEHL je Spieler der Bezugsmenge, Sprint 5 m, Menge IG",Plan 12.09.,,X,"Verteilung k, Raten, Korrelationen ohne tragfähige Aussage"
S09.RKAT.Z05.PRE.IG.FALSCH,S09,RKAT,Z05,PRE,IG,FALSCH,1,"ungültige Versuche der Kategorie FALSCH je Spieler der Bezugsmenge, Sprint 5 m, Menge IG",Plan 12.09.,,X,"Verteilung k, Raten, Korrelationen ohne tragfähige Aussage"
S09.RKAT.Z05.PRE.IG.AUSL,S09,RKAT,Z05,PRE,IG,AUSL,1,"ungültige Versuche der Kategorie AUSL je Spieler der Bezugsmenge, Sprint 5 m, Menge IG",Plan 12.09.,,X,"Verteilung k, Raten, Korrelationen ohne tragfähige Aussage"
S09.RKAT.Z05.PRE.KG.TECH,S09,RKAT,Z05,PRE,KG,TECH,1,"ungültige Versuche der Kategorie TECH je Spieler der Bezugsmenge, Sprint 5 m, Menge KG",Plan 12.09.,,X,"Verteilung k, Raten, Korrelationen ohne tragfähige Aussage"
S09.RKAT.Z05.PRE.KG.ZEIT,S09,RKAT,Z05,PRE,KG,ZEIT,1,"ungültige Versuche der Kategorie ZEIT je Spieler der Bezugsmenge, Sprint 5 m, Menge KG",Plan 12.09.,,X,"Verteilung k, Raten, Korrelationen ohne tragfähige Aussage"
S09.RKAT.Z05.PRE.KG.FEHL,S09,RKAT,Z05,PRE,KG,FEHL,1,"ungültige Versuche der Kategorie FEHL je Spieler der Bezugsmenge, Sprint 5 m, Menge KG",Plan 12.09.,,X,"Verteilung k, Raten, Korrelationen ohne tragfähige Aussage"
S09.RKAT.Z05.PRE.KG.FALSCH,S09,RKAT,Z05,PRE,KG,FALSCH,1,"ungültige Versuche der Kategorie FALSCH je Spieler der Bezugsmenge, Sprint 5 m, Menge KG",Plan 12.09.,,X,"Verteilung k, Raten, Korrelationen ohne tragfähige Aussage"
S09.RKAT.Z05.PRE.KG.AUSL,S09,RKAT,Z05,PRE,KG,AUSL,1,"ungültige Versuche der Kategorie AUSL je Spieler der Bezugsmenge, Sprint 5 m, Menge KG",Plan 12.09.,,X,"Verteilung k, Raten, Korrelationen ohne tragfähige Aussage"
S09.RKAT.Z05.POST.IG.TECH,S09,RKAT,Z05,POST,IG,TECH,1,"ungültige Versuche der Kategorie TECH je Spieler der Bezugsmenge, Sprint 5 m, Menge IG",Plan 12.09.,,X,"Verteilung k, Raten, Korrelationen ohne tragfähige Aussage"
S09.RKAT.Z05.POST.IG.ZEIT,S09,RKAT,Z05,POST,IG,ZEIT,1,"ungültige Versuche der Kategorie ZEIT je Spieler der Bezugsmenge, Sprint 5 m, Menge IG",Plan 12.09.,,X,"Verteilung k, Raten, Korrelationen ohne tragfähige Aussage"
S09.RKAT.Z05.POST.IG.FEHL,S09,RKAT,Z05,POST,IG,FEHL,1,"ungültige Versuche der Kategorie FEHL je Spieler der Bezugsmenge, Sprint 5 m, Menge IG",Plan 12.09.,,X,"Verteilung k, Raten, Korrelationen ohne tragfähige Aussage"
S09.RKAT.Z05.POST.IG.FALSCH,S09,RKAT,Z05,POST,IG,FALSCH,1,"ungültige Versuche der Kategorie FALSCH je Spieler der Bezugsmenge, Sprint 5 m, Menge IG",Plan 12.09.,,X,"Verteilung k, Raten, Korrelationen ohne tragfähige Aussage"
S09.RKAT.Z05.POST.IG.AUSL,S09,RKAT,Z05,POST,IG,AUSL,1,"ungültige Versuche der Kategorie AUSL je Spieler der Bezugsmenge, Sprint 5 m, Menge IG",Plan 12.09.,,X,"Verteilung k, Raten, Korrelationen ohne tragfähige Aussage"
S09.RKAT.Z05.POST.KG.TECH,S09,RKAT,Z05,POST,KG,TECH,1,"ungültige Versuche der Kategorie TECH je Spieler der Bezugsmenge, Sprint 5 m, Menge KG",Plan 12.09.,,X,"Verteilung k, Raten, Korrelationen ohne tragfähige Aussage"
S09.RKAT.Z05.POST.KG.ZEIT,S09,RKAT,Z05,POST,KG,ZEIT,1,"ungültige Versuche der Kategorie ZEIT je Spieler der Bezugsmenge, Sprint 5 m, Menge KG",Plan 12.09.,,X,"Verteilung k, Raten, Korrelationen ohne tragfähige Aussage"
S09.RKAT.Z05.POST.KG.FEHL,S09,RKAT,Z05,POST,KG,FEHL,1,"ungültige Versuche der Kategorie FEHL je Spieler der Bezugsmenge, Sprint 5 m, Menge KG",Plan 12.09.,,X,"Verteilung k, Raten, Korrelationen ohne tragfähige Aussage"
S09.RKAT.Z05.POST.KG.FALSCH,S09,RKAT,Z05,POST,KG,FALSCH,1,"ungültige Versuche der Kategorie FALSCH je Spieler der Bezugsmenge, Sprint 5 m, Menge KG",Plan 12.09.,,X,"Verteilung k, Raten, Korrelationen ohne tragfähige Aussage"
S09.RKAT.Z05.POST.KG.AUSL,S09,RKAT,Z05,POST,KG,AUSL,1,"ungültige Versuche der Kategorie AUSL je Spieler der Bezugsmenge, Sprint 5 m, Menge KG",Plan 12.09.,,X,"Verteilung k, Raten, Korrelationen ohne tragfähige Aussage"
S09.RKAT.Z10.PRE.IG.TECH,S09,RKAT,Z10,PRE,IG,TECH,1,"ungültige Versuche der Kategorie TECH je Spieler der Bezugsmenge, Sprint 10 m, Menge IG",Plan 12.09.,,X,"Verteilung k, Raten, Korrelationen ohne tragfähige Aussage"
S09.RKAT.Z10.PRE.IG.ZEIT,S09,RKAT,Z10,PRE,IG,ZEIT,1,"ungültige Versuche der Kategorie ZEIT je Spieler der Bezugsmenge, Sprint 10 m, Menge IG",Plan 12.09.,,X,"Verteilung k, Raten, Korrelationen ohne tragfähige Aussage"
S09.RKAT.Z10.PRE.IG.FEHL,S09,RKAT,Z10,PRE,IG,FEHL,1,"ungültige Versuche der Kategorie FEHL je Spieler der Bezugsmenge, Sprint 10 m, Menge IG",Plan 12.09.,,X,"Verteilung k, Raten, Korrelationen ohne tragfähige Aussage"
S09.RKAT.Z10.PRE.IG.FALSCH,S09,RKAT,Z10,PRE,IG,FALSCH,1,"ungültige Versuche der Kategorie FALSCH je Spieler der Bezugsmenge, Sprint 10 m, Menge IG",Plan 12.09.,,X,"Verteilung k, Raten, Korrelationen ohne tragfähige Aussage"
S09.RKAT.Z10.PRE.IG.AUSL,S09,RKAT,Z10,PRE,IG,AUSL,1,"ungültige Versuche der Kategorie AUSL je Spieler der Bezugsmenge, Sprint 10 m, Menge IG",Plan 12.09.,,X,"Verteilung k, Raten, Korrelationen ohne tragfähige Aussage"
S09.RKAT.Z10.PRE.KG.TECH,S09,RKAT,Z10,PRE,KG,TECH,1,"ungültige Versuche der Kategorie TECH je Spieler der Bezugsmenge, Sprint 10 m, Menge KG",Plan 12.09.,,X,"Verteilung k, Raten, Korrelationen ohne tragfähige Aussage"
S09.RKAT.Z10.PRE.KG.ZEIT,S09,RKAT,Z10,PRE,KG,ZEIT,1,"ungültige Versuche der Kategorie ZEIT je Spieler der Bezugsmenge, Sprint 10 m, Menge KG",Plan 12.09.,,X,"Verteilung k, Raten, Korrelationen ohne tragfähige Aussage"
S09.RKAT.Z10.PRE.KG.FEHL,S09,RKAT,Z10,PRE,KG,FEHL,1,"ungültige Versuche der Kategorie FEHL je Spieler der Bezugsmenge, Sprint 10 m, Menge KG",Plan 12.09.,,X,"Verteilung k, Raten, Korrelationen ohne tragfähige Aussage"
S09.RKAT.Z10.PRE.KG.FALSCH,S09,RKAT,Z10,PRE,KG,FALSCH,1,"ungültige Versuche der Kategorie FALSCH je Spieler der Bezugsmenge, Sprint 10 m, Menge KG",Plan 12.09.,,X,"Verteilung k, Raten, Korrelationen ohne tragfähige Aussage"
S09.RKAT.Z10.PRE.KG.AUSL,S09,RKAT,Z10,PRE,KG,AUSL,1,"ungültige Versuche der Kategorie AUSL je Spieler der Bezugsmenge, Sprint 10 m, Menge KG",Plan 12.09.,,X,"Verteilung k, Raten, Korrelationen ohne tragfähige Aussage"
S09.RKAT.Z10.POST.IG.TECH,S09,RKAT,Z10,POST,IG,TECH,1,"ungültige Versuche der Kategorie TECH je Spieler der Bezugsmenge, Sprint 10 m, Menge IG",Plan 12.09.,,X,"Verteilung k, Raten, Korrelationen ohne tragfähige Aussage"
S09.RKAT.Z10.POST.IG.ZEIT,S09,RKAT,Z10,POST,IG,ZEIT,1,"ungültige Versuche der Kategorie ZEIT je Spieler der Bezugsmenge, Sprint 10 m, Menge IG",Plan 12.09.,,X,"Verteilung k, Raten, Korrelationen ohne tragfähige Aussage"
S09.RKAT.Z10.POST.IG.FEHL,S09,RKAT,Z10,POST,IG,FEHL,1,"ungültige Versuche der Kategorie FEHL je Spieler der Bezugsmenge, Sprint 10 m, Menge IG",Plan 12.09.,,X,"Verteilung k, Raten, Korrelationen ohne tragfähige Aussage"
S09.RKAT.Z10.POST.IG.FALSCH,S09,RKAT,Z10,POST,IG,FALSCH,1,"ungültige Versuche der Kategorie FALSCH je Spieler der Bezugsmenge, Sprint 10 m, Menge IG",Plan 12.09.,,X,"Verteilung k, Raten, Korrelationen ohne tragfähige Aussage"
S09.RKAT.Z10.POST.IG.AUSL,S09,RKAT,Z10,POST,IG,AUSL,1,"ungültige Versuche der Kategorie AUSL je Spieler der Bezugsmenge, Sprint 10 m, Menge IG",Plan 12.09.,,X,"Verteilung k, Raten, Korrelationen ohne tragfähige Aussage"
S09.RKAT.Z10.POST.KG.TECH,S09,RKAT,Z10,POST,KG,TECH,1,"ungültige Versuche der Kategorie TECH je Spieler der Bezugsmenge, Sprint 10 m, Menge KG",Plan 12.09.,,X,"Verteilung k, Raten, Korrelationen ohne tragfähige Aussage"
S09.RKAT.Z10.POST.KG.ZEIT,S09,RKAT,Z10,POST,KG,ZEIT,1,"ungültige Versuche der Kategorie ZEIT je Spieler der Bezugsmenge, Sprint 10 m, Menge KG",Plan 12.09.,,X,"Verteilung k, Raten, Korrelationen ohne tragfähige Aussage"
S09.RKAT.Z10.POST.KG.FEHL,S09,RKAT,Z10,POST,KG,FEHL,1,"ungültige Versuche der Kategorie FEHL je Spieler der Bezugsmenge, Sprint 10 m, Menge KG",Plan 12.09.,,X,"Verteilung k, Raten, Korrelationen ohne tragfähige Aussage"
S09.RKAT.Z10.POST.KG.FALSCH,S09,RKAT,Z10,POST,KG,FALSCH,1,"ungültige Versuche der Kategorie FALSCH je Spieler der Bezugsmenge, Sprint 10 m, Menge KG",Plan 12.09.,,X,"Verteilung k, Raten, Korrelationen ohne tragfähige Aussage"
S09.RKAT.Z10.POST.KG.AUSL,S09,RKAT,Z10,POST,KG,AUSL,1,"ungültige Versuche der Kategorie AUSL je Spieler der Bezugsmenge, Sprint 10 m, Menge KG",Plan 12.09.,,X,"Verteilung k, Raten, Korrelationen ohne tragfähige Aussage"
S09.RKAT.Z30.PRE.IG.TECH,S09,RKAT,Z30,PRE,IG,TECH,1,"ungültige Versuche der Kategorie TECH je Spieler der Bezugsmenge, Sprint 30 m, Menge IG",Plan 12.09.,,X,"Verteilung k, Raten, Korrelationen ohne tragfähige Aussage"
S09.RKAT.Z30.PRE.IG.ZEIT,S09,RKAT,Z30,PRE,IG,ZEIT,1,"ungültige Versuche der Kategorie ZEIT je Spieler der Bezugsmenge, Sprint 30 m, Menge IG",Plan 12.09.,,X,"Verteilung k, Raten, Korrelationen ohne tragfähige Aussage"
S09.RKAT.Z30.PRE.IG.FEHL,S09,RKAT,Z30,PRE,IG,FEHL,1,"ungültige Versuche der Kategorie FEHL je Spieler der Bezugsmenge, Sprint 30 m, Menge IG",Plan 12.09.,,X,"Verteilung k, Raten, Korrelationen ohne tragfähige Aussage"
S09.RKAT.Z30.PRE.IG.FALSCH,S09,RKAT,Z30,PRE,IG,FALSCH,1,"ungültige Versuche der Kategorie FALSCH je Spieler der Bezugsmenge, Sprint 30 m, Menge IG",Plan 12.09.,,X,"Verteilung k, Raten, Korrelationen ohne tragfähige Aussage"
S09.RKAT.Z30.PRE.IG.AUSL,S09,RKAT,Z30,PRE,IG,AUSL,1,"ungültige Versuche der Kategorie AUSL je Spieler der Bezugsmenge, Sprint 30 m, Menge IG",Plan 12.09.,,X,"Verteilung k, Raten, Korrelationen ohne tragfähige Aussage"
S09.RKAT.Z30.PRE.KG.TECH,S09,RKAT,Z30,PRE,KG,TECH,1,"ungültige Versuche der Kategorie TECH je Spieler der Bezugsmenge, Sprint 30 m, Menge KG",Plan 12.09.,,X,"Verteilung k, Raten, Korrelationen ohne tragfähige Aussage"
S09.RKAT.Z30.PRE.KG.ZEIT,S09,RKAT,Z30,PRE,KG,ZEIT,1,"ungültige Versuche der Kategorie ZEIT je Spieler der Bezugsmenge, Sprint 30 m, Menge KG",Plan 12.09.,,X,"Verteilung k, Raten, Korrelationen ohne tragfähige Aussage"
S09.RKAT.Z30.PRE.KG.FEHL,S09,RKAT,Z30,PRE,KG,FEHL,1,"ungültige Versuche der Kategorie FEHL je Spieler der Bezugsmenge, Sprint 30 m, Menge KG",Plan 12.09.,,X,"Verteilung k, Raten, Korrelationen ohne tragfähige Aussage"
S09.RKAT.Z30.PRE.KG.FALSCH,S09,RKAT,Z30,PRE,KG,FALSCH,1,"ungültige Versuche der Kategorie FALSCH je Spieler der Bezugsmenge, Sprint 30 m, Menge KG",Plan 12.09.,,X,"Verteilung k, Raten, Korrelationen ohne tragfähige Aussage"
S09.RKAT.Z30.PRE.KG.AUSL,S09,RKAT,Z30,PRE,KG,AUSL,1,"ungültige Versuche der Kategorie AUSL je Spieler der Bezugsmenge, Sprint 30 m, Menge KG",Plan 12.09.,,X,"Verteilung k, Raten, Korrelationen ohne tragfähige Aussage"
S09.RKAT.Z30.POST.IG.TECH,S09,RKAT,Z30,POST,IG,TECH,1,"ungültige Versuche der Kategorie TECH je Spieler der Bezugsmenge, Sprint 30 m, Menge IG",Plan 12.09.,,X,"Verteilung k, Raten, Korrelationen ohne tragfähige Aussage"
S09.RKAT.Z30.POST.IG.ZEIT,S09,RKAT,Z30,POST,IG,ZEIT,1,"ungültige Versuche der Kategorie ZEIT je Spieler der Bezugsmenge, Sprint 30 m, Menge IG",Plan 12.09.,,X,"Verteilung k, Raten, Korrelationen ohne tragfähige Aussage"
S09.RKAT.Z30.POST.IG.FEHL,S09,RKAT,Z30,POST,IG,FEHL,1,"ungültige Versuche der Kategorie FEHL je Spieler der Bezugsmenge, Sprint 30 m, Menge IG",Plan 12.09.,,X,"Verteilung k, Raten, Korrelationen ohne tragfähige Aussage"
S09.RKAT.Z30.POST.IG.FALSCH,S09,RKAT,Z30,POST,IG,FALSCH,1,"ungültige Versuche der Kategorie FALSCH je Spieler der Bezugsmenge, Sprint 30 m, Menge IG",Plan 12.09.,,X,"Verteilung k, Raten, Korrelationen ohne tragfähige Aussage"
S09.RKAT.Z30.POST.IG.AUSL,S09,RKAT,Z30,POST,IG,AUSL,1,"ungültige Versuche der Kategorie AUSL je Spieler der Bezugsmenge, Sprint 30 m, Menge IG",Plan 12.09.,,X,"Verteilung k, Raten, Korrelationen ohne tragfähige Aussage"
S09.RKAT.Z30.POST.KG.TECH,S09,RKAT,Z30,POST,KG,TECH,1,"ungültige Versuche der Kategorie TECH je Spieler der Bezugsmenge, Sprint 30 m, Menge KG",Plan 12.09.,,X,"Verteilung k, Raten, Korrelationen ohne tragfähige Aussage"
S09.RKAT.Z30.POST.KG.ZEIT,S09,RKAT,Z30,POST,KG,ZEIT,1,"ungültige Versuche der Kategorie ZEIT je Spieler der Bezugsmenge, Sprint 30 m, Menge KG",Plan 12.09.,,X,"Verteilung k, Raten, Korrelationen ohne tragfähige Aussage"
S09.RKAT.Z30.POST.KG.FEHL,S09,RKAT,Z30,POST,KG,FEHL,1,"ungültige Versuche der Kategorie FEHL je Spieler der Bezugsmenge, Sprint 30 m, Menge KG",Plan 12.09.,,X,"Verteilung k, Raten, Korrelationen ohne tragfähige Aussage"
S09.RKAT.Z30.POST.KG.FALSCH,S09,RKAT,Z30,POST,KG,FALSCH,1,"ungültige Versuche der Kategorie FALSCH je Spieler der Bezugsmenge, Sprint 30 m, Menge KG",Plan 12.09.,,X,"Verteilung k, Raten, Korrelationen ohne tragfähige Aussage"
S09.RKAT.Z30.POST.KG.AUSL,S09,RKAT,Z30,POST,KG,AUSL,1,"ungültige Versuche der Kategorie AUSL je Spieler der Bezugsmenge, Sprint 30 m, Menge KG",Plan 12.09.,,X,"Verteilung k, Raten, Korrelationen ohne tragfähige Aussage"
S09.RKAT.SBJ.PRE.IG.TECH,S09,RKAT,SBJ,PRE,IG,TECH,1,"ungültige Versuche der Kategorie TECH je Spieler der Bezugsmenge, Standweitsprung, Menge IG",Plan 12.09.,,X,"Verteilung k, Raten, Korrelationen ohne tragfähige Aussage"
S09.RKAT.SBJ.PRE.IG.ZEIT,S09,RKAT,SBJ,PRE,IG,ZEIT,1,"ungültige Versuche der Kategorie ZEIT je Spieler der Bezugsmenge, Standweitsprung, Menge IG",Plan 12.09.,,X,"Verteilung k, Raten, Korrelationen ohne tragfähige Aussage"
S09.RKAT.SBJ.PRE.IG.FEHL,S09,RKAT,SBJ,PRE,IG,FEHL,1,"ungültige Versuche der Kategorie FEHL je Spieler der Bezugsmenge, Standweitsprung, Menge IG",Plan 12.09.,,X,"Verteilung k, Raten, Korrelationen ohne tragfähige Aussage"
S09.RKAT.SBJ.PRE.IG.FALSCH,S09,RKAT,SBJ,PRE,IG,FALSCH,1,"ungültige Versuche der Kategorie FALSCH je Spieler der Bezugsmenge, Standweitsprung, Menge IG",Plan 12.09.,,X,"Verteilung k, Raten, Korrelationen ohne tragfähige Aussage"
S09.RKAT.SBJ.PRE.IG.AUSL,S09,RKAT,SBJ,PRE,IG,AUSL,1,"ungültige Versuche der Kategorie AUSL je Spieler der Bezugsmenge, Standweitsprung, Menge IG",Plan 12.09.,,X,"Verteilung k, Raten, Korrelationen ohne tragfähige Aussage"
S09.RKAT.SBJ.PRE.KG.TECH,S09,RKAT,SBJ,PRE,KG,TECH,1,"ungültige Versuche der Kategorie TECH je Spieler der Bezugsmenge, Standweitsprung, Menge KG",Plan 12.09.,,X,"Verteilung k, Raten, Korrelationen ohne tragfähige Aussage"
S09.RKAT.SBJ.PRE.KG.ZEIT,S09,RKAT,SBJ,PRE,KG,ZEIT,1,"ungültige Versuche der Kategorie ZEIT je Spieler der Bezugsmenge, Standweitsprung, Menge KG",Plan 12.09.,,X,"Verteilung k, Raten, Korrelationen ohne tragfähige Aussage"
S09.RKAT.SBJ.PRE.KG.FEHL,S09,RKAT,SBJ,PRE,KG,FEHL,1,"ungültige Versuche der Kategorie FEHL je Spieler der Bezugsmenge, Standweitsprung, Menge KG",Plan 12.09.,,X,"Verteilung k, Raten, Korrelationen ohne tragfähige Aussage"
S09.RKAT.SBJ.PRE.KG.FALSCH,S09,RKAT,SBJ,PRE,KG,FALSCH,1,"ungültige Versuche der Kategorie FALSCH je Spieler der Bezugsmenge, Standweitsprung, Menge KG",Plan 12.09.,,X,"Verteilung k, Raten, Korrelationen ohne tragfähige Aussage"
S09.RKAT.SBJ.PRE.KG.AUSL,S09,RKAT,SBJ,PRE,KG,AUSL,1,"ungültige Versuche der Kategorie AUSL je Spieler der Bezugsmenge, Standweitsprung, Menge KG",Plan 12.09.,,X,"Verteilung k, Raten, Korrelationen ohne tragfähige Aussage"
S09.RKAT.SBJ.POST.IG.TECH,S09,RKAT,SBJ,POST,IG,TECH,1,"ungültige Versuche der Kategorie TECH je Spieler der Bezugsmenge, Standweitsprung, Menge IG",Plan 12.09.,,X,"Verteilung k, Raten, Korrelationen ohne tragfähige Aussage"
S09.RKAT.SBJ.POST.IG.ZEIT,S09,RKAT,SBJ,POST,IG,ZEIT,1,"ungültige Versuche der Kategorie ZEIT je Spieler der Bezugsmenge, Standweitsprung, Menge IG",Plan 12.09.,,X,"Verteilung k, Raten, Korrelationen ohne tragfähige Aussage"
S09.RKAT.SBJ.POST.IG.FEHL,S09,RKAT,SBJ,POST,IG,FEHL,1,"ungültige Versuche der Kategorie FEHL je Spieler der Bezugsmenge, Standweitsprung, Menge IG",Plan 12.09.,,X,"Verteilung k, Raten, Korrelationen ohne tragfähige Aussage"
S09.RKAT.SBJ.POST.IG.FALSCH,S09,RKAT,SBJ,POST,IG,FALSCH,1,"ungültige Versuche der Kategorie FALSCH je Spieler der Bezugsmenge, Standweitsprung, Menge IG",Plan 12.09.,,X,"Verteilung k, Raten, Korrelationen ohne tragfähige Aussage"
S09.RKAT.SBJ.POST.IG.AUSL,S09,RKAT,SBJ,POST,IG,AUSL,1,"ungültige Versuche der Kategorie AUSL je Spieler der Bezugsmenge, Standweitsprung, Menge IG",Plan 12.09.,,X,"Verteilung k, Raten, Korrelationen ohne tragfähige Aussage"
S09.RKAT.SBJ.POST.KG.TECH,S09,RKAT,SBJ,POST,KG,TECH,1,"ungültige Versuche der Kategorie TECH je Spieler der Bezugsmenge, Standweitsprung, Menge KG",Plan 12.09.,,X,"Verteilung k, Raten, Korrelationen ohne tragfähige Aussage"
S09.RKAT.SBJ.POST.KG.ZEIT,S09,RKAT,SBJ,POST,KG,ZEIT,1,"ungültige Versuche der Kategorie ZEIT je Spieler der Bezugsmenge, Standweitsprung, Menge KG",Plan 12.09.,,X,"Verteilung k, Raten, Korrelationen ohne tragfähige Aussage"
S09.RKAT.SBJ.POST.KG.FEHL,S09,RKAT,SBJ,POST,KG,FEHL,1,"ungültige Versuche der Kategorie FEHL je Spieler der Bezugsmenge, Standweitsprung, Menge KG",Plan 12.09.,,X,"Verteilung k, Raten, Korrelationen ohne tragfähige Aussage"
S09.RKAT.SBJ.POST.KG.FALSCH,S09,RKAT,SBJ,POST,KG,FALSCH,1,"ungültige Versuche der Kategorie FALSCH je Spieler der Bezugsmenge, Standweitsprung, Menge KG",Plan 12.09.,,X,"Verteilung k, Raten, Korrelationen ohne tragfähige Aussage"
S09.RKAT.SBJ.POST.KG.AUSL,S09,RKAT,SBJ,POST,KG,AUSL,1,"ungültige Versuche der Kategorie AUSL je Spieler der Bezugsmenge, Standweitsprung, Menge KG",Plan 12.09.,,X,"Verteilung k, Raten, Korrelationen ohne tragfähige Aussage"
S09.RKAT.CL.PRE.IG.TECH,S09,RKAT,CL,PRE,IG,TECH,1,"ungültige Versuche der Kategorie TECH je Spieler der Bezugsmenge, 505 links, Menge IG",Plan 12.09.,,X,"Verteilung k, Raten, Korrelationen ohne tragfähige Aussage"
S09.RKAT.CL.PRE.IG.ZEIT,S09,RKAT,CL,PRE,IG,ZEIT,1,"ungültige Versuche der Kategorie ZEIT je Spieler der Bezugsmenge, 505 links, Menge IG",Plan 12.09.,,X,"Verteilung k, Raten, Korrelationen ohne tragfähige Aussage"
S09.RKAT.CL.PRE.IG.FEHL,S09,RKAT,CL,PRE,IG,FEHL,1,"ungültige Versuche der Kategorie FEHL je Spieler der Bezugsmenge, 505 links, Menge IG",Plan 12.09.,,X,"Verteilung k, Raten, Korrelationen ohne tragfähige Aussage"
S09.RKAT.CL.PRE.IG.FALSCH,S09,RKAT,CL,PRE,IG,FALSCH,1,"ungültige Versuche der Kategorie FALSCH je Spieler der Bezugsmenge, 505 links, Menge IG",Plan 12.09.,,X,"Verteilung k, Raten, Korrelationen ohne tragfähige Aussage"
S09.RKAT.CL.PRE.IG.AUSL,S09,RKAT,CL,PRE,IG,AUSL,1,"ungültige Versuche der Kategorie AUSL je Spieler der Bezugsmenge, 505 links, Menge IG",Plan 12.09.,,X,"Verteilung k, Raten, Korrelationen ohne tragfähige Aussage"
S09.RKAT.CL.PRE.KG.TECH,S09,RKAT,CL,PRE,KG,TECH,1,"ungültige Versuche der Kategorie TECH je Spieler der Bezugsmenge, 505 links, Menge KG",Plan 12.09.,,X,"Verteilung k, Raten, Korrelationen ohne tragfähige Aussage"
S09.RKAT.CL.PRE.KG.ZEIT,S09,RKAT,CL,PRE,KG,ZEIT,1,"ungültige Versuche der Kategorie ZEIT je Spieler der Bezugsmenge, 505 links, Menge KG",Plan 12.09.,,X,"Verteilung k, Raten, Korrelationen ohne tragfähige Aussage"
S09.RKAT.CL.PRE.KG.FEHL,S09,RKAT,CL,PRE,KG,FEHL,1,"ungültige Versuche der Kategorie FEHL je Spieler der Bezugsmenge, 505 links, Menge KG",Plan 12.09.,,X,"Verteilung k, Raten, Korrelationen ohne tragfähige Aussage"
S09.RKAT.CL.PRE.KG.FALSCH,S09,RKAT,CL,PRE,KG,FALSCH,1,"ungültige Versuche der Kategorie FALSCH je Spieler der Bezugsmenge, 505 links, Menge KG",Plan 12.09.,,X,"Verteilung k, Raten, Korrelationen ohne tragfähige Aussage"
S09.RKAT.CL.PRE.KG.AUSL,S09,RKAT,CL,PRE,KG,AUSL,1,"ungültige Versuche der Kategorie AUSL je Spieler der Bezugsmenge, 505 links, Menge KG",Plan 12.09.,,X,"Verteilung k, Raten, Korrelationen ohne tragfähige Aussage"
S09.RKAT.CL.POST.IG.TECH,S09,RKAT,CL,POST,IG,TECH,1,"ungültige Versuche der Kategorie TECH je Spieler der Bezugsmenge, 505 links, Menge IG",Plan 12.09.,,X,"Verteilung k, Raten, Korrelationen ohne tragfähige Aussage"
S09.RKAT.CL.POST.IG.ZEIT,S09,RKAT,CL,POST,IG,ZEIT,1,"ungültige Versuche der Kategorie ZEIT je Spieler der Bezugsmenge, 505 links, Menge IG",Plan 12.09.,,X,"Verteilung k, Raten, Korrelationen ohne tragfähige Aussage"
S09.RKAT.CL.POST.IG.FEHL,S09,RKAT,CL,POST,IG,FEHL,1,"ungültige Versuche der Kategorie FEHL je Spieler der Bezugsmenge, 505 links, Menge IG",Plan 12.09.,,X,"Verteilung k, Raten, Korrelationen ohne tragfähige Aussage"
S09.RKAT.CL.POST.IG.FALSCH,S09,RKAT,CL,POST,IG,FALSCH,1,"ungültige Versuche der Kategorie FALSCH je Spieler der Bezugsmenge, 505 links, Menge IG",Plan 12.09.,,X,"Verteilung k, Raten, Korrelationen ohne tragfähige Aussage"
S09.RKAT.CL.POST.IG.AUSL,S09,RKAT,CL,POST,IG,AUSL,1,"ungültige Versuche der Kategorie AUSL je Spieler der Bezugsmenge, 505 links, Menge IG",Plan 12.09.,,X,"Verteilung k, Raten, Korrelationen ohne tragfähige Aussage"
S09.RKAT.CL.POST.KG.TECH,S09,RKAT,CL,POST,KG,TECH,1,"ungültige Versuche der Kategorie TECH je Spieler der Bezugsmenge, 505 links, Menge KG",Plan 12.09.,,X,"Verteilung k, Raten, Korrelationen ohne tragfähige Aussage"
S09.RKAT.CL.POST.KG.ZEIT,S09,RKAT,CL,POST,KG,ZEIT,1,"ungültige Versuche der Kategorie ZEIT je Spieler der Bezugsmenge, 505 links, Menge KG",Plan 12.09.,,X,"Verteilung k, Raten, Korrelationen ohne tragfähige Aussage"
S09.RKAT.CL.POST.KG.FEHL,S09,RKAT,CL,POST,KG,FEHL,1,"ungültige Versuche der Kategorie FEHL je Spieler der Bezugsmenge, 505 links, Menge KG",Plan 12.09.,,X,"Verteilung k, Raten, Korrelationen ohne tragfähige Aussage"
S09.RKAT.CL.POST.KG.FALSCH,S09,RKAT,CL,POST,KG,FALSCH,1,"ungültige Versuche der Kategorie FALSCH je Spieler der Bezugsmenge, 505 links, Menge KG",Plan 12.09.,,X,"Verteilung k, Raten, Korrelationen ohne tragfähige Aussage"
S09.RKAT.CL.POST.KG.AUSL,S09,RKAT,CL,POST,KG,AUSL,1,"ungültige Versuche der Kategorie AUSL je Spieler der Bezugsmenge, 505 links, Menge KG",Plan 12.09.,,X,"Verteilung k, Raten, Korrelationen ohne tragfähige Aussage"
S09.RKAT.CR.PRE.IG.TECH,S09,RKAT,CR,PRE,IG,TECH,1,"ungültige Versuche der Kategorie TECH je Spieler der Bezugsmenge, 505 rechts, Menge IG",Plan 12.09.,,X,"Verteilung k, Raten, Korrelationen ohne tragfähige Aussage"
S09.RKAT.CR.PRE.IG.ZEIT,S09,RKAT,CR,PRE,IG,ZEIT,1,"ungültige Versuche der Kategorie ZEIT je Spieler der Bezugsmenge, 505 rechts, Menge IG",Plan 12.09.,,X,"Verteilung k, Raten, Korrelationen ohne tragfähige Aussage"
S09.RKAT.CR.PRE.IG.FEHL,S09,RKAT,CR,PRE,IG,FEHL,1,"ungültige Versuche der Kategorie FEHL je Spieler der Bezugsmenge, 505 rechts, Menge IG",Plan 12.09.,,X,"Verteilung k, Raten, Korrelationen ohne tragfähige Aussage"
S09.RKAT.CR.PRE.IG.FALSCH,S09,RKAT,CR,PRE,IG,FALSCH,1,"ungültige Versuche der Kategorie FALSCH je Spieler der Bezugsmenge, 505 rechts, Menge IG",Plan 12.09.,,X,"Verteilung k, Raten, Korrelationen ohne tragfähige Aussage"
S09.RKAT.CR.PRE.IG.AUSL,S09,RKAT,CR,PRE,IG,AUSL,1,"ungültige Versuche der Kategorie AUSL je Spieler der Bezugsmenge, 505 rechts, Menge IG",Plan 12.09.,,X,"Verteilung k, Raten, Korrelationen ohne tragfähige Aussage"
S09.RKAT.CR.PRE.KG.TECH,S09,RKAT,CR,PRE,KG,TECH,1,"ungültige Versuche der Kategorie TECH je Spieler der Bezugsmenge, 505 rechts, Menge KG",Plan 12.09.,,X,"Verteilung k, Raten, Korrelationen ohne tragfähige Aussage"
S09.RKAT.CR.PRE.KG.ZEIT,S09,RKAT,CR,PRE,KG,ZEIT,1,"ungültige Versuche der Kategorie ZEIT je Spieler der Bezugsmenge, 505 rechts, Menge KG",Plan 12.09.,,X,"Verteilung k, Raten, Korrelationen ohne tragfähige Aussage"
S09.RKAT.CR.PRE.KG.FEHL,S09,RKAT,CR,PRE,KG,FEHL,1,"ungültige Versuche der Kategorie FEHL je Spieler der Bezugsmenge, 505 rechts, Menge KG",Plan 12.09.,,X,"Verteilung k, Raten, Korrelationen ohne tragfähige Aussage"
S09.RKAT.CR.PRE.KG.FALSCH,S09,RKAT,CR,PRE,KG,FALSCH,1,"ungültige Versuche der Kategorie FALSCH je Spieler der Bezugsmenge, 505 rechts, Menge KG",Plan 12.09.,,X,"Verteilung k, Raten, Korrelationen ohne tragfähige Aussage"
S09.RKAT.CR.PRE.KG.AUSL,S09,RKAT,CR,PRE,KG,AUSL,1,"ungültige Versuche der Kategorie AUSL je Spieler der Bezugsmenge, 505 rechts, Menge KG",Plan 12.09.,,X,"Verteilung k, Raten, Korrelationen ohne tragfähige Aussage"
S09.RKAT.CR.POST.IG.TECH,S09,RKAT,CR,POST,IG,TECH,1,"ungültige Versuche der Kategorie TECH je Spieler der Bezugsmenge, 505 rechts, Menge IG",Plan 12.09.,,X,"Verteilung k, Raten, Korrelationen ohne tragfähige Aussage"
S09.RKAT.CR.POST.IG.ZEIT,S09,RKAT,CR,POST,IG,ZEIT,1,"ungültige Versuche der Kategorie ZEIT je Spieler der Bezugsmenge, 505 rechts, Menge IG",Plan 12.09.,,X,"Verteilung k, Raten, Korrelationen ohne tragfähige Aussage"
S09.RKAT.CR.POST.IG.FEHL,S09,RKAT,CR,POST,IG,FEHL,1,"ungültige Versuche der Kategorie FEHL je Spieler der Bezugsmenge, 505 rechts, Menge IG",Plan 12.09.,,X,"Verteilung k, Raten, Korrelationen ohne tragfähige Aussage"
S09.RKAT.CR.POST.IG.FALSCH,S09,RKAT,CR,POST,IG,FALSCH,1,"ungültige Versuche der Kategorie FALSCH je Spieler der Bezugsmenge, 505 rechts, Menge IG",Plan 12.09.,,X,"Verteilung k, Raten, Korrelationen ohne tragfähige Aussage"
S09.RKAT.CR.POST.IG.AUSL,S09,RKAT,CR,POST,IG,AUSL,1,"ungültige Versuche der Kategorie AUSL je Spieler der Bezugsmenge, 505 rechts, Menge IG",Plan 12.09.,,X,"Verteilung k, Raten, Korrelationen ohne tragfähige Aussage"
S09.RKAT.CR.POST.KG.TECH,S09,RKAT,CR,POST,KG,TECH,1,"ungültige Versuche der Kategorie TECH je Spieler der Bezugsmenge, 505 rechts, Menge KG",Plan 12.09.,,X,"Verteilung k, Raten, Korrelationen ohne tragfähige Aussage"
S09.RKAT.CR.POST.KG.ZEIT,S09,RKAT,CR,POST,KG,ZEIT,1,"ungültige Versuche der Kategorie ZEIT je Spieler der Bezugsmenge, 505 rechts, Menge KG",Plan 12.09.,,X,"Verteilung k, Raten, Korrelationen ohne tragfähige Aussage"
S09.RKAT.CR.POST.KG.FEHL,S09,RKAT,CR,POST,KG,FEHL,1,"ungültige Versuche der Kategorie FEHL je Spieler der Bezugsmenge, 505 rechts, Menge KG",Plan 12.09.,,X,"Verteilung k, Raten, Korrelationen ohne tragfähige Aussage"
S09.RKAT.CR.POST.KG.FALSCH,S09,RKAT,CR,POST,KG,FALSCH,1,"ungültige Versuche der Kategorie FALSCH je Spieler der Bezugsmenge, 505 rechts, Menge KG",Plan 12.09.,,X,"Verteilung k, Raten, Korrelationen ohne tragfähige Aussage"
S09.RKAT.CR.POST.KG.AUSL,S09,RKAT,CR,POST,KG,AUSL,1,"ungültige Versuche der Kategorie AUSL je Spieler der Bezugsmenge, 505 rechts, Menge KG",Plan 12.09.,,X,"Verteilung k, Raten, Korrelationen ohne tragfähige Aussage"
S09.R.Z05.PRE.ALL.TECH,S09,R,Z05,PRE,ALL,TECH,1,"Pearson r technische Ausfälle gegen BEST prä, Sprint 5 m, Menge ALL","Plan 12.09., K28 nachträglich",,X,"Verteilung k, Raten, Korrelationen ohne tragfähige Aussage"
S09.R.Z05.PRE.VA.TECH,S09,R,Z05,PRE,VA,TECH,1,"Pearson r technische Ausfälle gegen BEST prä, Sprint 5 m, Menge VA","Plan 12.09., K28 nachträglich",,X,"Verteilung k, Raten, Korrelationen ohne tragfähige Aussage"
S09.R.Z05.PRE.VB.TECH,S09,R,Z05,PRE,VB,TECH,1,"Pearson r technische Ausfälle gegen BEST prä, Sprint 5 m, Menge VB","Plan 12.09., K28 nachträglich",,X,"Verteilung k, Raten, Korrelationen ohne tragfähige Aussage"
S09.R.Z05.PRE.VC.TECH,S09,R,Z05,PRE,VC,TECH,1,"Pearson r technische Ausfälle gegen BEST prä, Sprint 5 m, Menge VC","Plan 12.09., K28 nachträglich",,X,"Verteilung k, Raten, Korrelationen ohne tragfähige Aussage"
S09.R.Z10.PRE.ALL.TECH,S09,R,Z10,PRE,ALL,TECH,1,"Pearson r technische Ausfälle gegen BEST prä, Sprint 10 m, Menge ALL","Plan 12.09., K28 nachträglich",,X,"Verteilung k, Raten, Korrelationen ohne tragfähige Aussage"
S09.R.Z10.PRE.VA.TECH,S09,R,Z10,PRE,VA,TECH,1,"Pearson r technische Ausfälle gegen BEST prä, Sprint 10 m, Menge VA","Plan 12.09., K28 nachträglich",,X,"Verteilung k, Raten, Korrelationen ohne tragfähige Aussage"
S09.R.Z10.PRE.VB.TECH,S09,R,Z10,PRE,VB,TECH,1,"Pearson r technische Ausfälle gegen BEST prä, Sprint 10 m, Menge VB","Plan 12.09., K28 nachträglich",,X,"Verteilung k, Raten, Korrelationen ohne tragfähige Aussage"
S09.R.Z10.PRE.VC.TECH,S09,R,Z10,PRE,VC,TECH,1,"Pearson r technische Ausfälle gegen BEST prä, Sprint 10 m, Menge VC","Plan 12.09., K28 nachträglich",,X,"Verteilung k, Raten, Korrelationen ohne tragfähige Aussage"
S09.R.Z30.PRE.ALL.TECH,S09,R,Z30,PRE,ALL,TECH,1,"Pearson r technische Ausfälle gegen BEST prä, Sprint 30 m, Menge ALL","Plan 12.09., K28 nachträglich",,X,"Verteilung k, Raten, Korrelationen ohne tragfähige Aussage"
S09.R.Z30.PRE.VA.TECH,S09,R,Z30,PRE,VA,TECH,1,"Pearson r technische Ausfälle gegen BEST prä, Sprint 30 m, Menge VA","Plan 12.09., K28 nachträglich",,X,"Verteilung k, Raten, Korrelationen ohne tragfähige Aussage"
S09.R.Z30.PRE.VB.TECH,S09,R,Z30,PRE,VB,TECH,1,"Pearson r technische Ausfälle gegen BEST prä, Sprint 30 m, Menge VB","Plan 12.09., K28 nachträglich",,X,"Verteilung k, Raten, Korrelationen ohne tragfähige Aussage"
S09.R.Z30.PRE.VC.TECH,S09,R,Z30,PRE,VC,TECH,1,"Pearson r technische Ausfälle gegen BEST prä, Sprint 30 m, Menge VC","Plan 12.09., K28 nachträglich",,X,"Verteilung k, Raten, Korrelationen ohne tragfähige Aussage"
S09.R.SBJ.PRE.ALL.TECH,S09,R,SBJ,PRE,ALL,TECH,1,"Pearson r technische Ausfälle gegen BEST prä, Standweitsprung, Menge ALL","Plan 12.09., K28 nachträglich",,X,"Verteilung k, Raten, Korrelationen ohne tragfähige Aussage"
S09.R.SBJ.PRE.VA.TECH,S09,R,SBJ,PRE,VA,TECH,1,"Pearson r technische Ausfälle gegen BEST prä, Standweitsprung, Menge VA","Plan 12.09., K28 nachträglich",,X,"Verteilung k, Raten, Korrelationen ohne tragfähige Aussage"
S09.R.SBJ.PRE.VB.TECH,S09,R,SBJ,PRE,VB,TECH,1,"Pearson r technische Ausfälle gegen BEST prä, Standweitsprung, Menge VB","Plan 12.09., K28 nachträglich",,X,"Verteilung k, Raten, Korrelationen ohne tragfähige Aussage"
S09.R.SBJ.PRE.VC.TECH,S09,R,SBJ,PRE,VC,TECH,1,"Pearson r technische Ausfälle gegen BEST prä, Standweitsprung, Menge VC","Plan 12.09., K28 nachträglich",,X,"Verteilung k, Raten, Korrelationen ohne tragfähige Aussage"
S09.R.CL.PRE.ALL.TECH,S09,R,CL,PRE,ALL,TECH,1,"Pearson r technische Ausfälle gegen BEST prä, 505 links, Menge ALL","Plan 12.09., K28 nachträglich",,X,"Verteilung k, Raten, Korrelationen ohne tragfähige Aussage"
S09.R.CL.PRE.VA.TECH,S09,R,CL,PRE,VA,TECH,1,"Pearson r technische Ausfälle gegen BEST prä, 505 links, Menge VA","Plan 12.09., K28 nachträglich",,X,"Verteilung k, Raten, Korrelationen ohne tragfähige Aussage"
S09.R.CL.PRE.VB.TECH,S09,R,CL,PRE,VB,TECH,1,"Pearson r technische Ausfälle gegen BEST prä, 505 links, Menge VB","Plan 12.09., K28 nachträglich",,X,"Verteilung k, Raten, Korrelationen ohne tragfähige Aussage"
S09.R.CL.PRE.VC.TECH,S09,R,CL,PRE,VC,TECH,1,"Pearson r technische Ausfälle gegen BEST prä, 505 links, Menge VC","Plan 12.09., K28 nachträglich",,X,"Verteilung k, Raten, Korrelationen ohne tragfähige Aussage"
S09.R.CR.PRE.ALL.TECH,S09,R,CR,PRE,ALL,TECH,1,"Pearson r technische Ausfälle gegen BEST prä, 505 rechts, Menge ALL","Plan 12.09., K28 nachträglich",,X,"Verteilung k, Raten, Korrelationen ohne tragfähige Aussage"
S09.R.CR.PRE.VA.TECH,S09,R,CR,PRE,VA,TECH,1,"Pearson r technische Ausfälle gegen BEST prä, 505 rechts, Menge VA","Plan 12.09., K28 nachträglich",,X,"Verteilung k, Raten, Korrelationen ohne tragfähige Aussage"
S09.R.CR.PRE.VB.TECH,S09,R,CR,PRE,VB,TECH,1,"Pearson r technische Ausfälle gegen BEST prä, 505 rechts, Menge VB","Plan 12.09., K28 nachträglich",,X,"Verteilung k, Raten, Korrelationen ohne tragfähige Aussage"
S09.R.CR.PRE.VC.TECH,S09,R,CR,PRE,VC,TECH,1,"Pearson r technische Ausfälle gegen BEST prä, 505 rechts, Menge VC","Plan 12.09., K28 nachträglich",,X,"Verteilung k, Raten, Korrelationen ohne tragfähige Aussage"
S09.P.Z05.PRE.ALL.TECH,S09,P,Z05,PRE,ALL,TECH,1,"p-Wert zu r, Sprint 5 m, Menge ALL","Plan 12.09., K28 nachträglich",,X,"Verteilung k, Raten, Korrelationen ohne tragfähige Aussage"
S09.P.Z05.PRE.VA.TECH,S09,P,Z05,PRE,VA,TECH,1,"p-Wert zu r, Sprint 5 m, Menge VA","Plan 12.09., K28 nachträglich",,X,"Verteilung k, Raten, Korrelationen ohne tragfähige Aussage"
S09.P.Z05.PRE.VB.TECH,S09,P,Z05,PRE,VB,TECH,1,"p-Wert zu r, Sprint 5 m, Menge VB","Plan 12.09., K28 nachträglich",,X,"Verteilung k, Raten, Korrelationen ohne tragfähige Aussage"
S09.P.Z05.PRE.VC.TECH,S09,P,Z05,PRE,VC,TECH,1,"p-Wert zu r, Sprint 5 m, Menge VC","Plan 12.09., K28 nachträglich",,X,"Verteilung k, Raten, Korrelationen ohne tragfähige Aussage"
S09.P.Z10.PRE.ALL.TECH,S09,P,Z10,PRE,ALL,TECH,1,"p-Wert zu r, Sprint 10 m, Menge ALL","Plan 12.09., K28 nachträglich",,X,"Verteilung k, Raten, Korrelationen ohne tragfähige Aussage"
S09.P.Z10.PRE.VA.TECH,S09,P,Z10,PRE,VA,TECH,1,"p-Wert zu r, Sprint 10 m, Menge VA","Plan 12.09., K28 nachträglich",,X,"Verteilung k, Raten, Korrelationen ohne tragfähige Aussage"
S09.P.Z10.PRE.VB.TECH,S09,P,Z10,PRE,VB,TECH,1,"p-Wert zu r, Sprint 10 m, Menge VB","Plan 12.09., K28 nachträglich",,X,"Verteilung k, Raten, Korrelationen ohne tragfähige Aussage"
S09.P.Z10.PRE.VC.TECH,S09,P,Z10,PRE,VC,TECH,1,"p-Wert zu r, Sprint 10 m, Menge VC","Plan 12.09., K28 nachträglich",,X,"Verteilung k, Raten, Korrelationen ohne tragfähige Aussage"
S09.P.Z30.PRE.ALL.TECH,S09,P,Z30,PRE,ALL,TECH,1,"p-Wert zu r, Sprint 30 m, Menge ALL","Plan 12.09., K28 nachträglich",,X,"Verteilung k, Raten, Korrelationen ohne tragfähige Aussage"
S09.P.Z30.PRE.VA.TECH,S09,P,Z30,PRE,VA,TECH,1,"p-Wert zu r, Sprint 30 m, Menge VA","Plan 12.09., K28 nachträglich",,X,"Verteilung k, Raten, Korrelationen ohne tragfähige Aussage"
S09.P.Z30.PRE.VB.TECH,S09,P,Z30,PRE,VB,TECH,1,"p-Wert zu r, Sprint 30 m, Menge VB","Plan 12.09., K28 nachträglich",,X,"Verteilung k, Raten, Korrelationen ohne tragfähige Aussage"
S09.P.Z30.PRE.VC.TECH,S09,P,Z30,PRE,VC,TECH,1,"p-Wert zu r, Sprint 30 m, Menge VC","Plan 12.09., K28 nachträglich",,X,"Verteilung k, Raten, Korrelationen ohne tragfähige Aussage"
S09.P.SBJ.PRE.ALL.TECH,S09,P,SBJ,PRE,ALL,TECH,1,"p-Wert zu r, Standweitsprung, Menge ALL","Plan 12.09., K28 nachträglich",,X,"Verteilung k, Raten, Korrelationen ohne tragfähige Aussage"
S09.P.SBJ.PRE.VA.TECH,S09,P,SBJ,PRE,VA,TECH,1,"p-Wert zu r, Standweitsprung, Menge VA","Plan 12.09., K28 nachträglich",,X,"Verteilung k, Raten, Korrelationen ohne tragfähige Aussage"
S09.P.SBJ.PRE.VB.TECH,S09,P,SBJ,PRE,VB,TECH,1,"p-Wert zu r, Standweitsprung, Menge VB","Plan 12.09., K28 nachträglich",,X,"Verteilung k, Raten, Korrelationen ohne tragfähige Aussage"
S09.P.SBJ.PRE.VC.TECH,S09,P,SBJ,PRE,VC,TECH,1,"p-Wert zu r, Standweitsprung, Menge VC","Plan 12.09., K28 nachträglich",,X,"Verteilung k, Raten, Korrelationen ohne tragfähige Aussage"
S09.P.CL.PRE.ALL.TECH,S09,P,CL,PRE,ALL,TECH,1,"p-Wert zu r, 505 links, Menge ALL","Plan 12.09., K28 nachträglich",,X,"Verteilung k, Raten, Korrelationen ohne tragfähige Aussage"
S09.P.CL.PRE.VA.TECH,S09,P,CL,PRE,VA,TECH,1,"p-Wert zu r, 505 links, Menge VA","Plan 12.09., K28 nachträglich",,X,"Verteilung k, Raten, Korrelationen ohne tragfähige Aussage"
S09.P.CL.PRE.VB.TECH,S09,P,CL,PRE,VB,TECH,1,"p-Wert zu r, 505 links, Menge VB","Plan 12.09., K28 nachträglich",,X,"Verteilung k, Raten, Korrelationen ohne tragfähige Aussage"
S09.P.CL.PRE.VC.TECH,S09,P,CL,PRE,VC,TECH,1,"p-Wert zu r, 505 links, Menge VC","Plan 12.09., K28 nachträglich",,X,"Verteilung k, Raten, Korrelationen ohne tragfähige Aussage"
S09.P.CR.PRE.ALL.TECH,S09,P,CR,PRE,ALL,TECH,1,"p-Wert zu r, 505 rechts, Menge ALL","Plan 12.09., K28 nachträglich",,X,"Verteilung k, Raten, Korrelationen ohne tragfähige Aussage"
S09.P.CR.PRE.VA.TECH,S09,P,CR,PRE,VA,TECH,1,"p-Wert zu r, 505 rechts, Menge VA","Plan 12.09., K28 nachträglich",,X,"Verteilung k, Raten, Korrelationen ohne tragfähige Aussage"
S09.P.CR.PRE.VB.TECH,S09,P,CR,PRE,VB,TECH,1,"p-Wert zu r, 505 rechts, Menge VB","Plan 12.09., K28 nachträglich",,X,"Verteilung k, Raten, Korrelationen ohne tragfähige Aussage"
S09.P.CR.PRE.VC.TECH,S09,P,CR,PRE,VC,TECH,1,"p-Wert zu r, 505 rechts, Menge VC","Plan 12.09., K28 nachträglich",,X,"Verteilung k, Raten, Korrelationen ohne tragfähige Aussage"
S09.NR.Z05.PRE.ALL.TECH,S09,NR,Z05,PRE,ALL,TECH,1,"n zu r, Sprint 5 m, Menge ALL","Plan 12.09., K28 nachträglich",,X,"Verteilung k, Raten, Korrelationen ohne tragfähige Aussage"
S09.NR.Z05.PRE.VA.TECH,S09,NR,Z05,PRE,VA,TECH,1,"n zu r, Sprint 5 m, Menge VA","Plan 12.09., K28 nachträglich",,X,"Verteilung k, Raten, Korrelationen ohne tragfähige Aussage"
S09.NR.Z05.PRE.VB.TECH,S09,NR,Z05,PRE,VB,TECH,1,"n zu r, Sprint 5 m, Menge VB","Plan 12.09., K28 nachträglich",,X,"Verteilung k, Raten, Korrelationen ohne tragfähige Aussage"
S09.NR.Z05.PRE.VC.TECH,S09,NR,Z05,PRE,VC,TECH,1,"n zu r, Sprint 5 m, Menge VC","Plan 12.09., K28 nachträglich",,X,"Verteilung k, Raten, Korrelationen ohne tragfähige Aussage"
S09.NR.Z10.PRE.ALL.TECH,S09,NR,Z10,PRE,ALL,TECH,1,"n zu r, Sprint 10 m, Menge ALL","Plan 12.09., K28 nachträglich",,X,"Verteilung k, Raten, Korrelationen ohne tragfähige Aussage"
S09.NR.Z10.PRE.VA.TECH,S09,NR,Z10,PRE,VA,TECH,1,"n zu r, Sprint 10 m, Menge VA","Plan 12.09., K28 nachträglich",,X,"Verteilung k, Raten, Korrelationen ohne tragfähige Aussage"
S09.NR.Z10.PRE.VB.TECH,S09,NR,Z10,PRE,VB,TECH,1,"n zu r, Sprint 10 m, Menge VB","Plan 12.09., K28 nachträglich",,X,"Verteilung k, Raten, Korrelationen ohne tragfähige Aussage"
S09.NR.Z10.PRE.VC.TECH,S09,NR,Z10,PRE,VC,TECH,1,"n zu r, Sprint 10 m, Menge VC","Plan 12.09., K28 nachträglich",,X,"Verteilung k, Raten, Korrelationen ohne tragfähige Aussage"
S09.NR.Z30.PRE.ALL.TECH,S09,NR,Z30,PRE,ALL,TECH,1,"n zu r, Sprint 30 m, Menge ALL","Plan 12.09., K28 nachträglich",,X,"Verteilung k, Raten, Korrelationen ohne tragfähige Aussage"
S09.NR.Z30.PRE.VA.TECH,S09,NR,Z30,PRE,VA,TECH,1,"n zu r, Sprint 30 m, Menge VA","Plan 12.09., K28 nachträglich",,X,"Verteilung k, Raten, Korrelationen ohne tragfähige Aussage"
S09.NR.Z30.PRE.VB.TECH,S09,NR,Z30,PRE,VB,TECH,1,"n zu r, Sprint 30 m, Menge VB","Plan 12.09., K28 nachträglich",,X,"Verteilung k, Raten, Korrelationen ohne tragfähige Aussage"
S09.NR.Z30.PRE.VC.TECH,S09,NR,Z30,PRE,VC,TECH,1,"n zu r, Sprint 30 m, Menge VC","Plan 12.09., K28 nachträglich",,X,"Verteilung k, Raten, Korrelationen ohne tragfähige Aussage"
S09.NR.SBJ.PRE.ALL.TECH,S09,NR,SBJ,PRE,ALL,TECH,1,"n zu r, Standweitsprung, Menge ALL","Plan 12.09., K28 nachträglich",,X,"Verteilung k, Raten, Korrelationen ohne tragfähige Aussage"
S09.NR.SBJ.PRE.VA.TECH,S09,NR,SBJ,PRE,VA,TECH,1,"n zu r, Standweitsprung, Menge VA","Plan 12.09., K28 nachträglich",,X,"Verteilung k, Raten, Korrelationen ohne tragfähige Aussage"
S09.NR.SBJ.PRE.VB.TECH,S09,NR,SBJ,PRE,VB,TECH,1,"n zu r, Standweitsprung, Menge VB","Plan 12.09., K28 nachträglich",,X,"Verteilung k, Raten, Korrelationen ohne tragfähige Aussage"
S09.NR.SBJ.PRE.VC.TECH,S09,NR,SBJ,PRE,VC,TECH,1,"n zu r, Standweitsprung, Menge VC","Plan 12.09., K28 nachträglich",,X,"Verteilung k, Raten, Korrelationen ohne tragfähige Aussage"
S09.NR.CL.PRE.ALL.TECH,S09,NR,CL,PRE,ALL,TECH,1,"n zu r, 505 links, Menge ALL","Plan 12.09., K28 nachträglich",,X,"Verteilung k, Raten, Korrelationen ohne tragfähige Aussage"
S09.NR.CL.PRE.VA.TECH,S09,NR,CL,PRE,VA,TECH,1,"n zu r, 505 links, Menge VA","Plan 12.09., K28 nachträglich",,X,"Verteilung k, Raten, Korrelationen ohne tragfähige Aussage"
S09.NR.CL.PRE.VB.TECH,S09,NR,CL,PRE,VB,TECH,1,"n zu r, 505 links, Menge VB","Plan 12.09., K28 nachträglich",,X,"Verteilung k, Raten, Korrelationen ohne tragfähige Aussage"
S09.NR.CL.PRE.VC.TECH,S09,NR,CL,PRE,VC,TECH,1,"n zu r, 505 links, Menge VC","Plan 12.09., K28 nachträglich",,X,"Verteilung k, Raten, Korrelationen ohne tragfähige Aussage"
S09.NR.CR.PRE.ALL.TECH,S09,NR,CR,PRE,ALL,TECH,1,"n zu r, 505 rechts, Menge ALL","Plan 12.09., K28 nachträglich",,X,"Verteilung k, Raten, Korrelationen ohne tragfähige Aussage"
S09.NR.CR.PRE.VA.TECH,S09,NR,CR,PRE,VA,TECH,1,"n zu r, 505 rechts, Menge VA","Plan 12.09., K28 nachträglich",,X,"Verteilung k, Raten, Korrelationen ohne tragfähige Aussage"
S09.NR.CR.PRE.VB.TECH,S09,NR,CR,PRE,VB,TECH,1,"n zu r, 505 rechts, Menge VB","Plan 12.09., K28 nachträglich",,X,"Verteilung k, Raten, Korrelationen ohne tragfähige Aussage"
S09.NR.CR.PRE.VC.TECH,S09,NR,CR,PRE,VC,TECH,1,"n zu r, 505 rechts, Menge VC","Plan 12.09., K28 nachträglich",,X,"Verteilung k, Raten, Korrelationen ohne tragfähige Aussage"
S10.TE.Z05.PRE.ALL.X,S10,TE,Z05,PRE,ALL,X,s,"typischer Messfehler, Sprint 5 m","Plan 12.09., O5 O6 K12 bis K16 nachträglich",,T,Tab. 1
S10.TE.Z05.POST.ALL.X,S10,TE,Z05,POST,ALL,X,s,"typischer Messfehler, Sprint 5 m","Plan 12.09., O5 O6 K12 bis K16 nachträglich",,T,"Tab. 1 Spalte TE post mit KI, n in der Anmerkung"
S10.TE.Z10.PRE.ALL.X,S10,TE,Z10,PRE,ALL,X,s,"typischer Messfehler, Sprint 10 m","Plan 12.09., O5 O6 K12 bis K16 nachträglich",,T,Tab. 1
S10.TE.Z10.POST.ALL.X,S10,TE,Z10,POST,ALL,X,s,"typischer Messfehler, Sprint 10 m","Plan 12.09., O5 O6 K12 bis K16 nachträglich",,T,"Tab. 1 Spalte TE post mit KI, n in der Anmerkung"
S10.TE.Z30.PRE.ALL.X,S10,TE,Z30,PRE,ALL,X,s,"typischer Messfehler, Sprint 30 m","Plan 12.09., O5 O6 K12 bis K16 nachträglich",,T,Tab. 1
S10.TE.Z30.POST.ALL.X,S10,TE,Z30,POST,ALL,X,s,"typischer Messfehler, Sprint 30 m","Plan 12.09., O5 O6 K12 bis K16 nachträglich",,T,"Tab. 1 Spalte TE post mit KI, n in der Anmerkung"
S10.TE.SBJ.PRE.ALL.X,S10,TE,SBJ,PRE,ALL,X,cm,"typischer Messfehler, Standweitsprung","Plan 12.09., O5 O6 K12 bis K16 nachträglich",,T,Tab. 1
S10.TE.SBJ.POST.ALL.X,S10,TE,SBJ,POST,ALL,X,cm,"typischer Messfehler, Standweitsprung","Plan 12.09., O5 O6 K12 bis K16 nachträglich",,T,"Tab. 1 Spalte TE post mit KI, n in der Anmerkung"
S10.TE.CL.PRE.ALL.X,S10,TE,CL,PRE,ALL,X,s,"typischer Messfehler, 505 links","Plan 12.09., O5 O6 K12 bis K16 nachträglich",,T,Tab. 1
S10.TE.CL.POST.ALL.X,S10,TE,CL,POST,ALL,X,s,"typischer Messfehler, 505 links","Plan 12.09., O5 O6 K12 bis K16 nachträglich",,T,"Tab. 1 Spalte TE post mit KI, n in der Anmerkung"
S10.TE.CR.PRE.ALL.X,S10,TE,CR,PRE,ALL,X,s,"typischer Messfehler, 505 rechts","Plan 12.09., O5 O6 K12 bis K16 nachträglich",,T,Tab. 1
S10.TE.CR.POST.ALL.X,S10,TE,CR,POST,ALL,X,s,"typischer Messfehler, 505 rechts","Plan 12.09., O5 O6 K12 bis K16 nachträglich",,T,"Tab. 1 Spalte TE post mit KI, n in der Anmerkung"
S10.TE.CM.PRE.ALL.X,S10,TE,CM,PRE,ALL,X,s,"typischer Messfehler, 505 Seitenmittel","Plan 12.09., O5 O6 K12 bis K16 nachträglich",,T,Tab. 1
S10.TE.CM.POST.ALL.X,S10,TE,CM,POST,ALL,X,s,"typischer Messfehler, 505 Seitenmittel","Plan 12.09., O5 O6 K12 bis K16 nachträglich",,T,"Tab. 1 Spalte TE post mit KI, n in der Anmerkung"
S10.TELO.Z05.PRE.ALL.X,S10,TELO,Z05,PRE,ALL,X,s,"untere 95-%-KI-Grenze TE, Sprint 5 m","Plan 12.09., O5 O6 K12 bis K16 nachträglich",,T,Tab. 1
S10.TELO.Z05.POST.ALL.X,S10,TELO,Z05,POST,ALL,X,s,"untere 95-%-KI-Grenze TE, Sprint 5 m","Plan 12.09., O5 O6 K12 bis K16 nachträglich",,T,"Tab. 1 Spalte TE post mit KI, n in der Anmerkung"
S10.TELO.Z10.PRE.ALL.X,S10,TELO,Z10,PRE,ALL,X,s,"untere 95-%-KI-Grenze TE, Sprint 10 m","Plan 12.09., O5 O6 K12 bis K16 nachträglich",,T,Tab. 1
S10.TELO.Z10.POST.ALL.X,S10,TELO,Z10,POST,ALL,X,s,"untere 95-%-KI-Grenze TE, Sprint 10 m","Plan 12.09., O5 O6 K12 bis K16 nachträglich",,T,"Tab. 1 Spalte TE post mit KI, n in der Anmerkung"
S10.TELO.Z30.PRE.ALL.X,S10,TELO,Z30,PRE,ALL,X,s,"untere 95-%-KI-Grenze TE, Sprint 30 m","Plan 12.09., O5 O6 K12 bis K16 nachträglich",,T,Tab. 1
S10.TELO.Z30.POST.ALL.X,S10,TELO,Z30,POST,ALL,X,s,"untere 95-%-KI-Grenze TE, Sprint 30 m","Plan 12.09., O5 O6 K12 bis K16 nachträglich",,T,"Tab. 1 Spalte TE post mit KI, n in der Anmerkung"
S10.TELO.SBJ.PRE.ALL.X,S10,TELO,SBJ,PRE,ALL,X,cm,"untere 95-%-KI-Grenze TE, Standweitsprung","Plan 12.09., O5 O6 K12 bis K16 nachträglich",,T,Tab. 1
S10.TELO.SBJ.POST.ALL.X,S10,TELO,SBJ,POST,ALL,X,cm,"untere 95-%-KI-Grenze TE, Standweitsprung","Plan 12.09., O5 O6 K12 bis K16 nachträglich",,T,"Tab. 1 Spalte TE post mit KI, n in der Anmerkung"
S10.TELO.CL.PRE.ALL.X,S10,TELO,CL,PRE,ALL,X,s,"untere 95-%-KI-Grenze TE, 505 links","Plan 12.09., O5 O6 K12 bis K16 nachträglich",,T,Tab. 1
S10.TELO.CL.POST.ALL.X,S10,TELO,CL,POST,ALL,X,s,"untere 95-%-KI-Grenze TE, 505 links","Plan 12.09., O5 O6 K12 bis K16 nachträglich",,T,"Tab. 1 Spalte TE post mit KI, n in der Anmerkung"
S10.TELO.CR.PRE.ALL.X,S10,TELO,CR,PRE,ALL,X,s,"untere 95-%-KI-Grenze TE, 505 rechts","Plan 12.09., O5 O6 K12 bis K16 nachträglich",,T,Tab. 1
S10.TELO.CR.POST.ALL.X,S10,TELO,CR,POST,ALL,X,s,"untere 95-%-KI-Grenze TE, 505 rechts","Plan 12.09., O5 O6 K12 bis K16 nachträglich",,T,"Tab. 1 Spalte TE post mit KI, n in der Anmerkung"
S10.TELO.CM.PRE.ALL.X,S10,TELO,CM,PRE,ALL,X,s,"untere 95-%-KI-Grenze TE, 505 Seitenmittel","Plan 12.09., O5 O6 K12 bis K16 nachträglich",,T,Tab. 1
S10.TELO.CM.POST.ALL.X,S10,TELO,CM,POST,ALL,X,s,"untere 95-%-KI-Grenze TE, 505 Seitenmittel","Plan 12.09., O5 O6 K12 bis K16 nachträglich",,T,"Tab. 1 Spalte TE post mit KI, n in der Anmerkung"
S10.TEHI.Z05.PRE.ALL.X,S10,TEHI,Z05,PRE,ALL,X,s,"obere 95-%-KI-Grenze TE, Sprint 5 m","Plan 12.09., O5 O6 K12 bis K16 nachträglich",,T,Tab. 1
S10.TEHI.Z05.POST.ALL.X,S10,TEHI,Z05,POST,ALL,X,s,"obere 95-%-KI-Grenze TE, Sprint 5 m","Plan 12.09., O5 O6 K12 bis K16 nachträglich",,T,"Tab. 1 Spalte TE post mit KI, n in der Anmerkung"
S10.TEHI.Z10.PRE.ALL.X,S10,TEHI,Z10,PRE,ALL,X,s,"obere 95-%-KI-Grenze TE, Sprint 10 m","Plan 12.09., O5 O6 K12 bis K16 nachträglich",,T,Tab. 1
S10.TEHI.Z10.POST.ALL.X,S10,TEHI,Z10,POST,ALL,X,s,"obere 95-%-KI-Grenze TE, Sprint 10 m","Plan 12.09., O5 O6 K12 bis K16 nachträglich",,T,"Tab. 1 Spalte TE post mit KI, n in der Anmerkung"
S10.TEHI.Z30.PRE.ALL.X,S10,TEHI,Z30,PRE,ALL,X,s,"obere 95-%-KI-Grenze TE, Sprint 30 m","Plan 12.09., O5 O6 K12 bis K16 nachträglich",,T,Tab. 1
S10.TEHI.Z30.POST.ALL.X,S10,TEHI,Z30,POST,ALL,X,s,"obere 95-%-KI-Grenze TE, Sprint 30 m","Plan 12.09., O5 O6 K12 bis K16 nachträglich",,T,"Tab. 1 Spalte TE post mit KI, n in der Anmerkung"
S10.TEHI.SBJ.PRE.ALL.X,S10,TEHI,SBJ,PRE,ALL,X,cm,"obere 95-%-KI-Grenze TE, Standweitsprung","Plan 12.09., O5 O6 K12 bis K16 nachträglich",,T,Tab. 1
S10.TEHI.SBJ.POST.ALL.X,S10,TEHI,SBJ,POST,ALL,X,cm,"obere 95-%-KI-Grenze TE, Standweitsprung","Plan 12.09., O5 O6 K12 bis K16 nachträglich",,T,"Tab. 1 Spalte TE post mit KI, n in der Anmerkung"
S10.TEHI.CL.PRE.ALL.X,S10,TEHI,CL,PRE,ALL,X,s,"obere 95-%-KI-Grenze TE, 505 links","Plan 12.09., O5 O6 K12 bis K16 nachträglich",,T,Tab. 1
S10.TEHI.CL.POST.ALL.X,S10,TEHI,CL,POST,ALL,X,s,"obere 95-%-KI-Grenze TE, 505 links","Plan 12.09., O5 O6 K12 bis K16 nachträglich",,T,"Tab. 1 Spalte TE post mit KI, n in der Anmerkung"
S10.TEHI.CR.PRE.ALL.X,S10,TEHI,CR,PRE,ALL,X,s,"obere 95-%-KI-Grenze TE, 505 rechts","Plan 12.09., O5 O6 K12 bis K16 nachträglich",,T,Tab. 1
S10.TEHI.CR.POST.ALL.X,S10,TEHI,CR,POST,ALL,X,s,"obere 95-%-KI-Grenze TE, 505 rechts","Plan 12.09., O5 O6 K12 bis K16 nachträglich",,T,"Tab. 1 Spalte TE post mit KI, n in der Anmerkung"
S10.TEHI.CM.PRE.ALL.X,S10,TEHI,CM,PRE,ALL,X,s,"obere 95-%-KI-Grenze TE, 505 Seitenmittel","Plan 12.09., O5 O6 K12 bis K16 nachträglich",,T,Tab. 1
S10.TEHI.CM.POST.ALL.X,S10,TEHI,CM,POST,ALL,X,s,"obere 95-%-KI-Grenze TE, 505 Seitenmittel","Plan 12.09., O5 O6 K12 bis K16 nachträglich",,T,"Tab. 1 Spalte TE post mit KI, n in der Anmerkung"
S10.DFTE.Z05.PRE.ALL.X,S10,DFTE,Z05,PRE,ALL,X,1,"Freiheitsgrade TE, Sprint 5 m","Plan 12.09., O5 O6 K12 bis K16 nachträglich",,I,Zwischenwert
S10.DFTE.Z05.POST.ALL.X,S10,DFTE,Z05,POST,ALL,X,1,"Freiheitsgrade TE, Sprint 5 m","Plan 12.09., O5 O6 K12 bis K16 nachträglich",,I,Zwischenwert
S10.DFTE.Z10.PRE.ALL.X,S10,DFTE,Z10,PRE,ALL,X,1,"Freiheitsgrade TE, Sprint 10 m","Plan 12.09., O5 O6 K12 bis K16 nachträglich",,I,Zwischenwert
S10.DFTE.Z10.POST.ALL.X,S10,DFTE,Z10,POST,ALL,X,1,"Freiheitsgrade TE, Sprint 10 m","Plan 12.09., O5 O6 K12 bis K16 nachträglich",,I,Zwischenwert
S10.DFTE.Z30.PRE.ALL.X,S10,DFTE,Z30,PRE,ALL,X,1,"Freiheitsgrade TE, Sprint 30 m","Plan 12.09., O5 O6 K12 bis K16 nachträglich",,I,Zwischenwert
S10.DFTE.Z30.POST.ALL.X,S10,DFTE,Z30,POST,ALL,X,1,"Freiheitsgrade TE, Sprint 30 m","Plan 12.09., O5 O6 K12 bis K16 nachträglich",,I,Zwischenwert
S10.DFTE.SBJ.PRE.ALL.X,S10,DFTE,SBJ,PRE,ALL,X,1,"Freiheitsgrade TE, Standweitsprung","Plan 12.09., O5 O6 K12 bis K16 nachträglich",,I,Zwischenwert
S10.DFTE.SBJ.POST.ALL.X,S10,DFTE,SBJ,POST,ALL,X,1,"Freiheitsgrade TE, Standweitsprung","Plan 12.09., O5 O6 K12 bis K16 nachträglich",,I,Zwischenwert
S10.DFTE.CL.PRE.ALL.X,S10,DFTE,CL,PRE,ALL,X,1,"Freiheitsgrade TE, 505 links","Plan 12.09., O5 O6 K12 bis K16 nachträglich",,I,Zwischenwert
S10.DFTE.CL.POST.ALL.X,S10,DFTE,CL,POST,ALL,X,1,"Freiheitsgrade TE, 505 links","Plan 12.09., O5 O6 K12 bis K16 nachträglich",,I,Zwischenwert
S10.DFTE.CR.PRE.ALL.X,S10,DFTE,CR,PRE,ALL,X,1,"Freiheitsgrade TE, 505 rechts","Plan 12.09., O5 O6 K12 bis K16 nachträglich",,I,Zwischenwert
S10.DFTE.CR.POST.ALL.X,S10,DFTE,CR,POST,ALL,X,1,"Freiheitsgrade TE, 505 rechts","Plan 12.09., O5 O6 K12 bis K16 nachträglich",,I,Zwischenwert
S10.DFTE.CM.PRE.ALL.X,S10,DFTE,CM,PRE,ALL,X,1,"Freiheitsgrade TE, 505 Seitenmittel","Plan 12.09., O5 O6 K12 bis K16 nachträglich",,I,Zwischenwert
S10.DFTE.CM.POST.ALL.X,S10,DFTE,CM,POST,ALL,X,1,"Freiheitsgrade TE, 505 Seitenmittel","Plan 12.09., O5 O6 K12 bis K16 nachträglich",,I,Zwischenwert
S10.NTE.Z05.PRE.ALL.X,S10,NTE,Z05,PRE,ALL,X,1,"Spieler der TE-Menge, Sprint 5 m","Plan 12.09., O5 O6 K12 bis K16 nachträglich",,T,Tab. 1
S10.NTE.Z05.POST.ALL.X,S10,NTE,Z05,POST,ALL,X,1,"Spieler der TE-Menge, Sprint 5 m","Plan 12.09., O5 O6 K12 bis K16 nachträglich",,T,"Tab. 1 Spalte TE post mit KI, n in der Anmerkung"
S10.NTE.Z10.PRE.ALL.X,S10,NTE,Z10,PRE,ALL,X,1,"Spieler der TE-Menge, Sprint 10 m","Plan 12.09., O5 O6 K12 bis K16 nachträglich",,T,Tab. 1
S10.NTE.Z10.POST.ALL.X,S10,NTE,Z10,POST,ALL,X,1,"Spieler der TE-Menge, Sprint 10 m","Plan 12.09., O5 O6 K12 bis K16 nachträglich",,T,"Tab. 1 Spalte TE post mit KI, n in der Anmerkung"
S10.NTE.Z30.PRE.ALL.X,S10,NTE,Z30,PRE,ALL,X,1,"Spieler der TE-Menge, Sprint 30 m","Plan 12.09., O5 O6 K12 bis K16 nachträglich",,T,Tab. 1
S10.NTE.Z30.POST.ALL.X,S10,NTE,Z30,POST,ALL,X,1,"Spieler der TE-Menge, Sprint 30 m","Plan 12.09., O5 O6 K12 bis K16 nachträglich",,T,"Tab. 1 Spalte TE post mit KI, n in der Anmerkung"
S10.NTE.SBJ.PRE.ALL.X,S10,NTE,SBJ,PRE,ALL,X,1,"Spieler der TE-Menge, Standweitsprung","Plan 12.09., O5 O6 K12 bis K16 nachträglich",,T,Tab. 1
S10.NTE.SBJ.POST.ALL.X,S10,NTE,SBJ,POST,ALL,X,1,"Spieler der TE-Menge, Standweitsprung","Plan 12.09., O5 O6 K12 bis K16 nachträglich",,T,"Tab. 1 Spalte TE post mit KI, n in der Anmerkung"
S10.NTE.CL.PRE.ALL.X,S10,NTE,CL,PRE,ALL,X,1,"Spieler der TE-Menge, 505 links","Plan 12.09., O5 O6 K12 bis K16 nachträglich",,T,Tab. 1
S10.NTE.CL.POST.ALL.X,S10,NTE,CL,POST,ALL,X,1,"Spieler der TE-Menge, 505 links","Plan 12.09., O5 O6 K12 bis K16 nachträglich",,T,"Tab. 1 Spalte TE post mit KI, n in der Anmerkung"
S10.NTE.CR.PRE.ALL.X,S10,NTE,CR,PRE,ALL,X,1,"Spieler der TE-Menge, 505 rechts","Plan 12.09., O5 O6 K12 bis K16 nachträglich",,T,Tab. 1
S10.NTE.CR.POST.ALL.X,S10,NTE,CR,POST,ALL,X,1,"Spieler der TE-Menge, 505 rechts","Plan 12.09., O5 O6 K12 bis K16 nachträglich",,T,"Tab. 1 Spalte TE post mit KI, n in der Anmerkung"
S10.NTE.CM.PRE.ALL.X,S10,NTE,CM,PRE,ALL,X,1,"Spieler der TE-Menge, 505 Seitenmittel","Plan 12.09., O5 O6 K12 bis K16 nachträglich",,T,Tab. 1
S10.NTE.CM.POST.ALL.X,S10,NTE,CM,POST,ALL,X,1,"Spieler der TE-Menge, 505 Seitenmittel","Plan 12.09., O5 O6 K12 bis K16 nachträglich",,T,"Tab. 1 Spalte TE post mit KI, n in der Anmerkung"
S10.CV.Z05.PRE.ALL.X,S10,CV,Z05,PRE,ALL,X,%,"Variationskoeffizient, Sprint 5 m","Plan 12.09., O5 O6 K12 bis K16 nachträglich",,T,Tab. 1
S10.CV.Z05.POST.ALL.X,S10,CV,Z05,POST,ALL,X,%,"Variationskoeffizient, Sprint 5 m","Plan 12.09., O5 O6 K12 bis K16 nachträglich",,X,Messgüte post nur als TE mit KI
S10.CV.Z10.PRE.ALL.X,S10,CV,Z10,PRE,ALL,X,%,"Variationskoeffizient, Sprint 10 m","Plan 12.09., O5 O6 K12 bis K16 nachträglich",,T,Tab. 1
S10.CV.Z10.POST.ALL.X,S10,CV,Z10,POST,ALL,X,%,"Variationskoeffizient, Sprint 10 m","Plan 12.09., O5 O6 K12 bis K16 nachträglich",,X,Messgüte post nur als TE mit KI
S10.CV.Z30.PRE.ALL.X,S10,CV,Z30,PRE,ALL,X,%,"Variationskoeffizient, Sprint 30 m","Plan 12.09., O5 O6 K12 bis K16 nachträglich",,T,Tab. 1
S10.CV.Z30.POST.ALL.X,S10,CV,Z30,POST,ALL,X,%,"Variationskoeffizient, Sprint 30 m","Plan 12.09., O5 O6 K12 bis K16 nachträglich",,X,Messgüte post nur als TE mit KI
S10.CV.SBJ.PRE.ALL.X,S10,CV,SBJ,PRE,ALL,X,%,"Variationskoeffizient, Standweitsprung","Plan 12.09., O5 O6 K12 bis K16 nachträglich",,T,Tab. 1
S10.CV.SBJ.POST.ALL.X,S10,CV,SBJ,POST,ALL,X,%,"Variationskoeffizient, Standweitsprung","Plan 12.09., O5 O6 K12 bis K16 nachträglich",,X,Messgüte post nur als TE mit KI
S10.CV.CL.PRE.ALL.X,S10,CV,CL,PRE,ALL,X,%,"Variationskoeffizient, 505 links","Plan 12.09., O5 O6 K12 bis K16 nachträglich",,T,Tab. 1
S10.CV.CL.POST.ALL.X,S10,CV,CL,POST,ALL,X,%,"Variationskoeffizient, 505 links","Plan 12.09., O5 O6 K12 bis K16 nachträglich",,X,Messgüte post nur als TE mit KI
S10.CV.CR.PRE.ALL.X,S10,CV,CR,PRE,ALL,X,%,"Variationskoeffizient, 505 rechts","Plan 12.09., O5 O6 K12 bis K16 nachträglich",,T,Tab. 1
S10.CV.CR.POST.ALL.X,S10,CV,CR,POST,ALL,X,%,"Variationskoeffizient, 505 rechts","Plan 12.09., O5 O6 K12 bis K16 nachträglich",,X,Messgüte post nur als TE mit KI
S10.CV.CM.PRE.ALL.X,S10,CV,CM,PRE,ALL,X,%,"Variationskoeffizient, 505 Seitenmittel","Plan 12.09., O5 O6 K12 bis K16 nachträglich",,T,Tab. 1
S10.CV.CM.POST.ALL.X,S10,CV,CM,POST,ALL,X,%,"Variationskoeffizient, 505 Seitenmittel","Plan 12.09., O5 O6 K12 bis K16 nachträglich",,X,Messgüte post nur als TE mit KI
S10.MS.Z05.PRE.ALL.X,S10,MS,Z05,PRE,ALL,X,s,"Mittel der Bestwerte (S-Menge), Sprint 5 m","Plan 12.09., O5 O6 K12 bis K16 nachträglich",,X,"MDC, SESOI_T, TE/√n, Mittel"
S10.MS.Z05.POST.ALL.X,S10,MS,Z05,POST,ALL,X,s,"Mittel der Bestwerte (S-Menge), Sprint 5 m","Plan 12.09., O5 O6 K12 bis K16 nachträglich",,X,Messgüte post nur als TE mit KI
S10.MS.Z10.PRE.ALL.X,S10,MS,Z10,PRE,ALL,X,s,"Mittel der Bestwerte (S-Menge), Sprint 10 m","Plan 12.09., O5 O6 K12 bis K16 nachträglich",,X,"MDC, SESOI_T, TE/√n, Mittel"
S10.MS.Z10.POST.ALL.X,S10,MS,Z10,POST,ALL,X,s,"Mittel der Bestwerte (S-Menge), Sprint 10 m","Plan 12.09., O5 O6 K12 bis K16 nachträglich",,X,Messgüte post nur als TE mit KI
S10.MS.Z30.PRE.ALL.X,S10,MS,Z30,PRE,ALL,X,s,"Mittel der Bestwerte (S-Menge), Sprint 30 m","Plan 12.09., O5 O6 K12 bis K16 nachträglich",,X,"MDC, SESOI_T, TE/√n, Mittel"
S10.MS.Z30.POST.ALL.X,S10,MS,Z30,POST,ALL,X,s,"Mittel der Bestwerte (S-Menge), Sprint 30 m","Plan 12.09., O5 O6 K12 bis K16 nachträglich",,X,Messgüte post nur als TE mit KI
S10.MS.SBJ.PRE.ALL.X,S10,MS,SBJ,PRE,ALL,X,cm,"Mittel der Bestwerte (S-Menge), Standweitsprung","Plan 12.09., O5 O6 K12 bis K16 nachträglich",,X,"MDC, SESOI_T, TE/√n, Mittel"
S10.MS.SBJ.POST.ALL.X,S10,MS,SBJ,POST,ALL,X,cm,"Mittel der Bestwerte (S-Menge), Standweitsprung","Plan 12.09., O5 O6 K12 bis K16 nachträglich",,X,Messgüte post nur als TE mit KI
S10.MS.CL.PRE.ALL.X,S10,MS,CL,PRE,ALL,X,s,"Mittel der Bestwerte (S-Menge), 505 links","Plan 12.09., O5 O6 K12 bis K16 nachträglich",,X,"MDC, SESOI_T, TE/√n, Mittel"
S10.MS.CL.POST.ALL.X,S10,MS,CL,POST,ALL,X,s,"Mittel der Bestwerte (S-Menge), 505 links","Plan 12.09., O5 O6 K12 bis K16 nachträglich",,X,Messgüte post nur als TE mit KI
S10.MS.CR.PRE.ALL.X,S10,MS,CR,PRE,ALL,X,s,"Mittel der Bestwerte (S-Menge), 505 rechts","Plan 12.09., O5 O6 K12 bis K16 nachträglich",,X,"MDC, SESOI_T, TE/√n, Mittel"
S10.MS.CR.POST.ALL.X,S10,MS,CR,POST,ALL,X,s,"Mittel der Bestwerte (S-Menge), 505 rechts","Plan 12.09., O5 O6 K12 bis K16 nachträglich",,X,Messgüte post nur als TE mit KI
S10.MS.CM.PRE.ALL.X,S10,MS,CM,PRE,ALL,X,s,"Mittel der Bestwerte (S-Menge), 505 Seitenmittel","Plan 12.09., O5 O6 K12 bis K16 nachträglich",,X,"MDC, SESOI_T, TE/√n, Mittel"
S10.MS.CM.POST.ALL.X,S10,MS,CM,POST,ALL,X,s,"Mittel der Bestwerte (S-Menge), 505 Seitenmittel","Plan 12.09., O5 O6 K12 bis K16 nachträglich",,X,Messgüte post nur als TE mit KI
S10.SB.Z05.PRE.ALL.X,S10,SB,Z05,PRE,ALL,X,s,"Zwischen-Athleten-SD S, Sprint 5 m","Plan 12.09., O5 O6 K12 bis K16 nachträglich",,I,Zwischenwert
S10.SB.Z05.POST.ALL.X,S10,SB,Z05,POST,ALL,X,s,"Zwischen-Athleten-SD S, Sprint 5 m","Plan 12.09., O5 O6 K12 bis K16 nachträglich",,X,Messgüte post nur als TE mit KI
S10.SB.Z10.PRE.ALL.X,S10,SB,Z10,PRE,ALL,X,s,"Zwischen-Athleten-SD S, Sprint 10 m","Plan 12.09., O5 O6 K12 bis K16 nachträglich",,I,Zwischenwert
S10.SB.Z10.POST.ALL.X,S10,SB,Z10,POST,ALL,X,s,"Zwischen-Athleten-SD S, Sprint 10 m","Plan 12.09., O5 O6 K12 bis K16 nachträglich",,X,Messgüte post nur als TE mit KI
S10.SB.Z30.PRE.ALL.X,S10,SB,Z30,PRE,ALL,X,s,"Zwischen-Athleten-SD S, Sprint 30 m","Plan 12.09., O5 O6 K12 bis K16 nachträglich",,I,Zwischenwert
S10.SB.Z30.POST.ALL.X,S10,SB,Z30,POST,ALL,X,s,"Zwischen-Athleten-SD S, Sprint 30 m","Plan 12.09., O5 O6 K12 bis K16 nachträglich",,X,Messgüte post nur als TE mit KI
S10.SB.SBJ.PRE.ALL.X,S10,SB,SBJ,PRE,ALL,X,cm,"Zwischen-Athleten-SD S, Standweitsprung","Plan 12.09., O5 O6 K12 bis K16 nachträglich",,I,Zwischenwert
S10.SB.SBJ.POST.ALL.X,S10,SB,SBJ,POST,ALL,X,cm,"Zwischen-Athleten-SD S, Standweitsprung","Plan 12.09., O5 O6 K12 bis K16 nachträglich",,X,Messgüte post nur als TE mit KI
S10.SB.CL.PRE.ALL.X,S10,SB,CL,PRE,ALL,X,s,"Zwischen-Athleten-SD S, 505 links","Plan 12.09., O5 O6 K12 bis K16 nachträglich",,I,Zwischenwert
S10.SB.CL.POST.ALL.X,S10,SB,CL,POST,ALL,X,s,"Zwischen-Athleten-SD S, 505 links","Plan 12.09., O5 O6 K12 bis K16 nachträglich",,X,Messgüte post nur als TE mit KI
S10.SB.CR.PRE.ALL.X,S10,SB,CR,PRE,ALL,X,s,"Zwischen-Athleten-SD S, 505 rechts","Plan 12.09., O5 O6 K12 bis K16 nachträglich",,I,Zwischenwert
S10.SB.CR.POST.ALL.X,S10,SB,CR,POST,ALL,X,s,"Zwischen-Athleten-SD S, 505 rechts","Plan 12.09., O5 O6 K12 bis K16 nachträglich",,X,Messgüte post nur als TE mit KI
S10.SB.CM.PRE.ALL.X,S10,SB,CM,PRE,ALL,X,s,"Zwischen-Athleten-SD S, 505 Seitenmittel","Plan 12.09., O5 O6 K12 bis K16 nachträglich",,I,Zwischenwert
S10.SB.CM.POST.ALL.X,S10,SB,CM,POST,ALL,X,s,"Zwischen-Athleten-SD S, 505 Seitenmittel","Plan 12.09., O5 O6 K12 bis K16 nachträglich",,X,Messgüte post nur als TE mit KI
S10.NSB.Z05.PRE.ALL.X,S10,NSB,Z05,PRE,ALL,X,1,"Spieler der S-Menge, Sprint 5 m","Plan 12.09., O5 O6 K12 bis K16 nachträglich",,I,Zwischenwert
S10.NSB.Z05.POST.ALL.X,S10,NSB,Z05,POST,ALL,X,1,"Spieler der S-Menge, Sprint 5 m","Plan 12.09., O5 O6 K12 bis K16 nachträglich",,X,Messgüte post nur als TE mit KI
S10.NSB.Z10.PRE.ALL.X,S10,NSB,Z10,PRE,ALL,X,1,"Spieler der S-Menge, Sprint 10 m","Plan 12.09., O5 O6 K12 bis K16 nachträglich",,I,Zwischenwert
S10.NSB.Z10.POST.ALL.X,S10,NSB,Z10,POST,ALL,X,1,"Spieler der S-Menge, Sprint 10 m","Plan 12.09., O5 O6 K12 bis K16 nachträglich",,X,Messgüte post nur als TE mit KI
S10.NSB.Z30.PRE.ALL.X,S10,NSB,Z30,PRE,ALL,X,1,"Spieler der S-Menge, Sprint 30 m","Plan 12.09., O5 O6 K12 bis K16 nachträglich",,I,Zwischenwert
S10.NSB.Z30.POST.ALL.X,S10,NSB,Z30,POST,ALL,X,1,"Spieler der S-Menge, Sprint 30 m","Plan 12.09., O5 O6 K12 bis K16 nachträglich",,X,Messgüte post nur als TE mit KI
S10.NSB.SBJ.PRE.ALL.X,S10,NSB,SBJ,PRE,ALL,X,1,"Spieler der S-Menge, Standweitsprung","Plan 12.09., O5 O6 K12 bis K16 nachträglich",,I,Zwischenwert
S10.NSB.SBJ.POST.ALL.X,S10,NSB,SBJ,POST,ALL,X,1,"Spieler der S-Menge, Standweitsprung","Plan 12.09., O5 O6 K12 bis K16 nachträglich",,X,Messgüte post nur als TE mit KI
S10.NSB.CL.PRE.ALL.X,S10,NSB,CL,PRE,ALL,X,1,"Spieler der S-Menge, 505 links","Plan 12.09., O5 O6 K12 bis K16 nachträglich",,I,Zwischenwert
S10.NSB.CL.POST.ALL.X,S10,NSB,CL,POST,ALL,X,1,"Spieler der S-Menge, 505 links","Plan 12.09., O5 O6 K12 bis K16 nachträglich",,X,Messgüte post nur als TE mit KI
S10.NSB.CR.PRE.ALL.X,S10,NSB,CR,PRE,ALL,X,1,"Spieler der S-Menge, 505 rechts","Plan 12.09., O5 O6 K12 bis K16 nachträglich",,I,Zwischenwert
S10.NSB.CR.POST.ALL.X,S10,NSB,CR,POST,ALL,X,1,"Spieler der S-Menge, 505 rechts","Plan 12.09., O5 O6 K12 bis K16 nachträglich",,X,Messgüte post nur als TE mit KI
S10.NSB.CM.PRE.ALL.X,S10,NSB,CM,PRE,ALL,X,1,"Spieler der S-Menge, 505 Seitenmittel","Plan 12.09., O5 O6 K12 bis K16 nachträglich",,I,Zwischenwert
S10.NSB.CM.POST.ALL.X,S10,NSB,CM,POST,ALL,X,1,"Spieler der S-Menge, 505 Seitenmittel","Plan 12.09., O5 O6 K12 bis K16 nachträglich",,X,Messgüte post nur als TE mit KI
S10.SESOI.Z05.PRE.ALL.X,S10,SESOI,Z05,PRE,ALL,X,s,"SESOI = 0,2 · S, Sprint 5 m","Plan 12.09., O5 O6 K12 bis K16 nachträglich",,T,Tab. 1
S10.SESOI.Z05.POST.ALL.X,S10,SESOI,Z05,POST,ALL,X,s,"SESOI = 0,2 · S, Sprint 5 m","Plan 12.09., O5 O6 K12 bis K16 nachträglich",,X,Messgüte post nur als TE mit KI
S10.SESOI.Z10.PRE.ALL.X,S10,SESOI,Z10,PRE,ALL,X,s,"SESOI = 0,2 · S, Sprint 10 m","Plan 12.09., O5 O6 K12 bis K16 nachträglich",,T,Tab. 1
S10.SESOI.Z10.POST.ALL.X,S10,SESOI,Z10,POST,ALL,X,s,"SESOI = 0,2 · S, Sprint 10 m","Plan 12.09., O5 O6 K12 bis K16 nachträglich",,X,Messgüte post nur als TE mit KI
S10.SESOI.Z30.PRE.ALL.X,S10,SESOI,Z30,PRE,ALL,X,s,"SESOI = 0,2 · S, Sprint 30 m","Plan 12.09., O5 O6 K12 bis K16 nachträglich",,T,Tab. 1
S10.SESOI.Z30.POST.ALL.X,S10,SESOI,Z30,POST,ALL,X,s,"SESOI = 0,2 · S, Sprint 30 m","Plan 12.09., O5 O6 K12 bis K16 nachträglich",,X,Messgüte post nur als TE mit KI
S10.SESOI.SBJ.PRE.ALL.X,S10,SESOI,SBJ,PRE,ALL,X,cm,"SESOI = 0,2 · S, Standweitsprung","Plan 12.09., O5 O6 K12 bis K16 nachträglich",,T,Tab. 1
S10.SESOI.SBJ.POST.ALL.X,S10,SESOI,SBJ,POST,ALL,X,cm,"SESOI = 0,2 · S, Standweitsprung","Plan 12.09., O5 O6 K12 bis K16 nachträglich",,X,Messgüte post nur als TE mit KI
S10.SESOI.CL.PRE.ALL.X,S10,SESOI,CL,PRE,ALL,X,s,"SESOI = 0,2 · S, 505 links","Plan 12.09., O5 O6 K12 bis K16 nachträglich",,T,Tab. 1
S10.SESOI.CL.POST.ALL.X,S10,SESOI,CL,POST,ALL,X,s,"SESOI = 0,2 · S, 505 links","Plan 12.09., O5 O6 K12 bis K16 nachträglich",,X,Messgüte post nur als TE mit KI
S10.SESOI.CR.PRE.ALL.X,S10,SESOI,CR,PRE,ALL,X,s,"SESOI = 0,2 · S, 505 rechts","Plan 12.09., O5 O6 K12 bis K16 nachträglich",,T,Tab. 1
S10.SESOI.CR.POST.ALL.X,S10,SESOI,CR,POST,ALL,X,s,"SESOI = 0,2 · S, 505 rechts","Plan 12.09., O5 O6 K12 bis K16 nachträglich",,X,Messgüte post nur als TE mit KI
S10.SESOI.CM.PRE.ALL.X,S10,SESOI,CM,PRE,ALL,X,s,"SESOI = 0,2 · S, 505 Seitenmittel","Plan 12.09., O5 O6 K12 bis K16 nachträglich",,T,Tab. 1
S10.SESOI.CM.POST.ALL.X,S10,SESOI,CM,POST,ALL,X,s,"SESOI = 0,2 · S, 505 Seitenmittel","Plan 12.09., O5 O6 K12 bis K16 nachträglich",,X,Messgüte post nur als TE mit KI
S10.SESOIT.Z05.PRE.ALL.X,S10,SESOIT,Z05,PRE,ALL,X,s,"SESOI_T = 0,2 · √(S² − TE²), Sprint 5 m","Plan 12.09., O5 O6 K12 bis K16 nachträglich",,X,"MDC, SESOI_T, TE/√n, Mittel"
S10.SESOIT.Z05.POST.ALL.X,S10,SESOIT,Z05,POST,ALL,X,s,"SESOI_T = 0,2 · √(S² − TE²), Sprint 5 m","Plan 12.09., O5 O6 K12 bis K16 nachträglich",,X,Messgüte post nur als TE mit KI
S10.SESOIT.Z10.PRE.ALL.X,S10,SESOIT,Z10,PRE,ALL,X,s,"SESOI_T = 0,2 · √(S² − TE²), Sprint 10 m","Plan 12.09., O5 O6 K12 bis K16 nachträglich",,X,"MDC, SESOI_T, TE/√n, Mittel"
S10.SESOIT.Z10.POST.ALL.X,S10,SESOIT,Z10,POST,ALL,X,s,"SESOI_T = 0,2 · √(S² − TE²), Sprint 10 m","Plan 12.09., O5 O6 K12 bis K16 nachträglich",,X,Messgüte post nur als TE mit KI
S10.SESOIT.Z30.PRE.ALL.X,S10,SESOIT,Z30,PRE,ALL,X,s,"SESOI_T = 0,2 · √(S² − TE²), Sprint 30 m","Plan 12.09., O5 O6 K12 bis K16 nachträglich",,X,"MDC, SESOI_T, TE/√n, Mittel"
S10.SESOIT.Z30.POST.ALL.X,S10,SESOIT,Z30,POST,ALL,X,s,"SESOI_T = 0,2 · √(S² − TE²), Sprint 30 m","Plan 12.09., O5 O6 K12 bis K16 nachträglich",,X,Messgüte post nur als TE mit KI
S10.SESOIT.SBJ.PRE.ALL.X,S10,SESOIT,SBJ,PRE,ALL,X,cm,"SESOI_T = 0,2 · √(S² − TE²), Standweitsprung","Plan 12.09., O5 O6 K12 bis K16 nachträglich",,X,"MDC, SESOI_T, TE/√n, Mittel"
S10.SESOIT.SBJ.POST.ALL.X,S10,SESOIT,SBJ,POST,ALL,X,cm,"SESOI_T = 0,2 · √(S² − TE²), Standweitsprung","Plan 12.09., O5 O6 K12 bis K16 nachträglich",,X,Messgüte post nur als TE mit KI
S10.SESOIT.CL.PRE.ALL.X,S10,SESOIT,CL,PRE,ALL,X,s,"SESOI_T = 0,2 · √(S² − TE²), 505 links","Plan 12.09., O5 O6 K12 bis K16 nachträglich",,X,"MDC, SESOI_T, TE/√n, Mittel"
S10.SESOIT.CL.POST.ALL.X,S10,SESOIT,CL,POST,ALL,X,s,"SESOI_T = 0,2 · √(S² − TE²), 505 links","Plan 12.09., O5 O6 K12 bis K16 nachträglich",,X,Messgüte post nur als TE mit KI
S10.SESOIT.CR.PRE.ALL.X,S10,SESOIT,CR,PRE,ALL,X,s,"SESOI_T = 0,2 · √(S² − TE²), 505 rechts","Plan 12.09., O5 O6 K12 bis K16 nachträglich",,X,"MDC, SESOI_T, TE/√n, Mittel"
S10.SESOIT.CR.POST.ALL.X,S10,SESOIT,CR,POST,ALL,X,s,"SESOI_T = 0,2 · √(S² − TE²), 505 rechts","Plan 12.09., O5 O6 K12 bis K16 nachträglich",,X,Messgüte post nur als TE mit KI
S10.SESOIT.CM.PRE.ALL.X,S10,SESOIT,CM,PRE,ALL,X,s,"SESOI_T = 0,2 · √(S² − TE²), 505 Seitenmittel","Plan 12.09., O5 O6 K12 bis K16 nachträglich",,X,"MDC, SESOI_T, TE/√n, Mittel"
S10.SESOIT.CM.POST.ALL.X,S10,SESOIT,CM,POST,ALL,X,s,"SESOI_T = 0,2 · √(S² − TE²), 505 Seitenmittel","Plan 12.09., O5 O6 K12 bis K16 nachträglich",,X,Messgüte post nur als TE mit KI
S10.MDC.Z05.PRE.ALL.X,S10,MDC,Z05,PRE,ALL,X,s,"MDC = TE · 1,96 · √2, Sprint 5 m","Plan 12.09., O5 O6 K12 bis K16 nachträglich",,X,"MDC, SESOI_T, TE/√n, Mittel"
S10.MDC.Z05.POST.ALL.X,S10,MDC,Z05,POST,ALL,X,s,"MDC = TE · 1,96 · √2, Sprint 5 m","Plan 12.09., O5 O6 K12 bis K16 nachträglich",,X,Messgüte post nur als TE mit KI
S10.MDC.Z10.PRE.ALL.X,S10,MDC,Z10,PRE,ALL,X,s,"MDC = TE · 1,96 · √2, Sprint 10 m","Plan 12.09., O5 O6 K12 bis K16 nachträglich",,X,"MDC, SESOI_T, TE/√n, Mittel"
S10.MDC.Z10.POST.ALL.X,S10,MDC,Z10,POST,ALL,X,s,"MDC = TE · 1,96 · √2, Sprint 10 m","Plan 12.09., O5 O6 K12 bis K16 nachträglich",,X,Messgüte post nur als TE mit KI
S10.MDC.Z30.PRE.ALL.X,S10,MDC,Z30,PRE,ALL,X,s,"MDC = TE · 1,96 · √2, Sprint 30 m","Plan 12.09., O5 O6 K12 bis K16 nachträglich",,X,"MDC, SESOI_T, TE/√n, Mittel"
S10.MDC.Z30.POST.ALL.X,S10,MDC,Z30,POST,ALL,X,s,"MDC = TE · 1,96 · √2, Sprint 30 m","Plan 12.09., O5 O6 K12 bis K16 nachträglich",,X,Messgüte post nur als TE mit KI
S10.MDC.SBJ.PRE.ALL.X,S10,MDC,SBJ,PRE,ALL,X,cm,"MDC = TE · 1,96 · √2, Standweitsprung","Plan 12.09., O5 O6 K12 bis K16 nachträglich",,X,"MDC, SESOI_T, TE/√n, Mittel"
S10.MDC.SBJ.POST.ALL.X,S10,MDC,SBJ,POST,ALL,X,cm,"MDC = TE · 1,96 · √2, Standweitsprung","Plan 12.09., O5 O6 K12 bis K16 nachträglich",,X,Messgüte post nur als TE mit KI
S10.MDC.CL.PRE.ALL.X,S10,MDC,CL,PRE,ALL,X,s,"MDC = TE · 1,96 · √2, 505 links","Plan 12.09., O5 O6 K12 bis K16 nachträglich",,X,"MDC, SESOI_T, TE/√n, Mittel"
S10.MDC.CL.POST.ALL.X,S10,MDC,CL,POST,ALL,X,s,"MDC = TE · 1,96 · √2, 505 links","Plan 12.09., O5 O6 K12 bis K16 nachträglich",,X,Messgüte post nur als TE mit KI
S10.MDC.CR.PRE.ALL.X,S10,MDC,CR,PRE,ALL,X,s,"MDC = TE · 1,96 · √2, 505 rechts","Plan 12.09., O5 O6 K12 bis K16 nachträglich",,X,"MDC, SESOI_T, TE/√n, Mittel"
S10.MDC.CR.POST.ALL.X,S10,MDC,CR,POST,ALL,X,s,"MDC = TE · 1,96 · √2, 505 rechts","Plan 12.09., O5 O6 K12 bis K16 nachträglich",,X,Messgüte post nur als TE mit KI
S10.MDC.CM.PRE.ALL.X,S10,MDC,CM,PRE,ALL,X,s,"MDC = TE · 1,96 · √2, 505 Seitenmittel","Plan 12.09., O5 O6 K12 bis K16 nachträglich",,X,"MDC, SESOI_T, TE/√n, Mittel"
S10.MDC.CM.POST.ALL.X,S10,MDC,CM,POST,ALL,X,s,"MDC = TE · 1,96 · √2, 505 Seitenmittel","Plan 12.09., O5 O6 K12 bis K16 nachträglich",,X,Messgüte post nur als TE mit KI
S10.RTS.Z05.PRE.ALL.X,S10,RTS,Z05,PRE,ALL,X,1,"TE / SESOI, Sprint 5 m","Plan 12.09., O5 O6 K12 bis K16 nachträglich",,T,Tab. 1
S10.RTS.Z05.POST.ALL.X,S10,RTS,Z05,POST,ALL,X,1,"TE / SESOI, Sprint 5 m","Plan 12.09., O5 O6 K12 bis K16 nachträglich",,X,Messgüte post nur als TE mit KI
S10.RTS.Z10.PRE.ALL.X,S10,RTS,Z10,PRE,ALL,X,1,"TE / SESOI, Sprint 10 m","Plan 12.09., O5 O6 K12 bis K16 nachträglich",,T,Tab. 1
S10.RTS.Z10.POST.ALL.X,S10,RTS,Z10,POST,ALL,X,1,"TE / SESOI, Sprint 10 m","Plan 12.09., O5 O6 K12 bis K16 nachträglich",,X,Messgüte post nur als TE mit KI
S10.RTS.Z30.PRE.ALL.X,S10,RTS,Z30,PRE,ALL,X,1,"TE / SESOI, Sprint 30 m","Plan 12.09., O5 O6 K12 bis K16 nachträglich",,T,Tab. 1
S10.RTS.Z30.POST.ALL.X,S10,RTS,Z30,POST,ALL,X,1,"TE / SESOI, Sprint 30 m","Plan 12.09., O5 O6 K12 bis K16 nachträglich",,X,Messgüte post nur als TE mit KI
S10.RTS.SBJ.PRE.ALL.X,S10,RTS,SBJ,PRE,ALL,X,1,"TE / SESOI, Standweitsprung","Plan 12.09., O5 O6 K12 bis K16 nachträglich",,T,Tab. 1
S10.RTS.SBJ.POST.ALL.X,S10,RTS,SBJ,POST,ALL,X,1,"TE / SESOI, Standweitsprung","Plan 12.09., O5 O6 K12 bis K16 nachträglich",,X,Messgüte post nur als TE mit KI
S10.RTS.CL.PRE.ALL.X,S10,RTS,CL,PRE,ALL,X,1,"TE / SESOI, 505 links","Plan 12.09., O5 O6 K12 bis K16 nachträglich",,T,Tab. 1
S10.RTS.CL.POST.ALL.X,S10,RTS,CL,POST,ALL,X,1,"TE / SESOI, 505 links","Plan 12.09., O5 O6 K12 bis K16 nachträglich",,X,Messgüte post nur als TE mit KI
S10.RTS.CR.PRE.ALL.X,S10,RTS,CR,PRE,ALL,X,1,"TE / SESOI, 505 rechts","Plan 12.09., O5 O6 K12 bis K16 nachträglich",,T,Tab. 1
S10.RTS.CR.POST.ALL.X,S10,RTS,CR,POST,ALL,X,1,"TE / SESOI, 505 rechts","Plan 12.09., O5 O6 K12 bis K16 nachträglich",,X,Messgüte post nur als TE mit KI
S10.RTS.CM.PRE.ALL.X,S10,RTS,CM,PRE,ALL,X,1,"TE / SESOI, 505 Seitenmittel","Plan 12.09., O5 O6 K12 bis K16 nachträglich",,T,Tab. 1
S10.RTS.CM.POST.ALL.X,S10,RTS,CM,POST,ALL,X,1,"TE / SESOI, 505 Seitenmittel","Plan 12.09., O5 O6 K12 bis K16 nachträglich",,X,Messgüte post nur als TE mit KI
S10.RTNS.Z05.PRE.ALL.X,S10,RTNS,Z05,PRE,ALL,X,1,"(TE / √n_S) / SESOI, Sprint 5 m","Plan 12.09., O5 O6 K12 bis K16 nachträglich",,X,"MDC, SESOI_T, TE/√n, Mittel"
S10.RTNS.Z05.POST.ALL.X,S10,RTNS,Z05,POST,ALL,X,1,"(TE / √n_S) / SESOI, Sprint 5 m","Plan 12.09., O5 O6 K12 bis K16 nachträglich",,X,Messgüte post nur als TE mit KI
S10.RTNS.Z10.PRE.ALL.X,S10,RTNS,Z10,PRE,ALL,X,1,"(TE / √n_S) / SESOI, Sprint 10 m","Plan 12.09., O5 O6 K12 bis K16 nachträglich",,X,"MDC, SESOI_T, TE/√n, Mittel"
S10.RTNS.Z10.POST.ALL.X,S10,RTNS,Z10,POST,ALL,X,1,"(TE / √n_S) / SESOI, Sprint 10 m","Plan 12.09., O5 O6 K12 bis K16 nachträglich",,X,Messgüte post nur als TE mit KI
S10.RTNS.Z30.PRE.ALL.X,S10,RTNS,Z30,PRE,ALL,X,1,"(TE / √n_S) / SESOI, Sprint 30 m","Plan 12.09., O5 O6 K12 bis K16 nachträglich",,X,"MDC, SESOI_T, TE/√n, Mittel"
S10.RTNS.Z30.POST.ALL.X,S10,RTNS,Z30,POST,ALL,X,1,"(TE / √n_S) / SESOI, Sprint 30 m","Plan 12.09., O5 O6 K12 bis K16 nachträglich",,X,Messgüte post nur als TE mit KI
S10.RTNS.SBJ.PRE.ALL.X,S10,RTNS,SBJ,PRE,ALL,X,1,"(TE / √n_S) / SESOI, Standweitsprung","Plan 12.09., O5 O6 K12 bis K16 nachträglich",,X,"MDC, SESOI_T, TE/√n, Mittel"
S10.RTNS.SBJ.POST.ALL.X,S10,RTNS,SBJ,POST,ALL,X,1,"(TE / √n_S) / SESOI, Standweitsprung","Plan 12.09., O5 O6 K12 bis K16 nachträglich",,X,Messgüte post nur als TE mit KI
S10.RTNS.CL.PRE.ALL.X,S10,RTNS,CL,PRE,ALL,X,1,"(TE / √n_S) / SESOI, 505 links","Plan 12.09., O5 O6 K12 bis K16 nachträglich",,X,"MDC, SESOI_T, TE/√n, Mittel"
S10.RTNS.CL.POST.ALL.X,S10,RTNS,CL,POST,ALL,X,1,"(TE / √n_S) / SESOI, 505 links","Plan 12.09., O5 O6 K12 bis K16 nachträglich",,X,Messgüte post nur als TE mit KI
S10.RTNS.CR.PRE.ALL.X,S10,RTNS,CR,PRE,ALL,X,1,"(TE / √n_S) / SESOI, 505 rechts","Plan 12.09., O5 O6 K12 bis K16 nachträglich",,X,"MDC, SESOI_T, TE/√n, Mittel"
S10.RTNS.CR.POST.ALL.X,S10,RTNS,CR,POST,ALL,X,1,"(TE / √n_S) / SESOI, 505 rechts","Plan 12.09., O5 O6 K12 bis K16 nachträglich",,X,Messgüte post nur als TE mit KI
S10.RTNS.CM.PRE.ALL.X,S10,RTNS,CM,PRE,ALL,X,1,"(TE / √n_S) / SESOI, 505 Seitenmittel","Plan 12.09., O5 O6 K12 bis K16 nachträglich",,X,"MDC, SESOI_T, TE/√n, Mittel"
S10.RTNS.CM.POST.ALL.X,S10,RTNS,CM,POST,ALL,X,1,"(TE / √n_S) / SESOI, 505 Seitenmittel","Plan 12.09., O5 O6 K12 bis K16 nachträglich",,X,Messgüte post nur als TE mit KI
S10.FLEINZ.Z05.PRE.ALL.X,S10,FLEINZ,Z05,PRE,ALL,X,1,"Merkmal TE > SESOI, Sprint 5 m","Plan 12.09., O5 O6 K12 bis K16 nachträglich",,T,Tab. 1
S10.FLEINZ.Z05.POST.ALL.X,S10,FLEINZ,Z05,POST,ALL,X,1,"Merkmal TE > SESOI, Sprint 5 m","Plan 12.09., O5 O6 K12 bis K16 nachträglich",,X,Messgüte post nur als TE mit KI
S10.FLEINZ.Z10.PRE.ALL.X,S10,FLEINZ,Z10,PRE,ALL,X,1,"Merkmal TE > SESOI, Sprint 10 m","Plan 12.09., O5 O6 K12 bis K16 nachträglich",,T,Tab. 1
S10.FLEINZ.Z10.POST.ALL.X,S10,FLEINZ,Z10,POST,ALL,X,1,"Merkmal TE > SESOI, Sprint 10 m","Plan 12.09., O5 O6 K12 bis K16 nachträglich",,X,Messgüte post nur als TE mit KI
S10.FLEINZ.Z30.PRE.ALL.X,S10,FLEINZ,Z30,PRE,ALL,X,1,"Merkmal TE > SESOI, Sprint 30 m","Plan 12.09., O5 O6 K12 bis K16 nachträglich",,T,Tab. 1
S10.FLEINZ.Z30.POST.ALL.X,S10,FLEINZ,Z30,POST,ALL,X,1,"Merkmal TE > SESOI, Sprint 30 m","Plan 12.09., O5 O6 K12 bis K16 nachträglich",,X,Messgüte post nur als TE mit KI
S10.FLEINZ.SBJ.PRE.ALL.X,S10,FLEINZ,SBJ,PRE,ALL,X,1,"Merkmal TE > SESOI, Standweitsprung","Plan 12.09., O5 O6 K12 bis K16 nachträglich",,T,Tab. 1
S10.FLEINZ.SBJ.POST.ALL.X,S10,FLEINZ,SBJ,POST,ALL,X,1,"Merkmal TE > SESOI, Standweitsprung","Plan 12.09., O5 O6 K12 bis K16 nachträglich",,X,Messgüte post nur als TE mit KI
S10.FLEINZ.CL.PRE.ALL.X,S10,FLEINZ,CL,PRE,ALL,X,1,"Merkmal TE > SESOI, 505 links","Plan 12.09., O5 O6 K12 bis K16 nachträglich",,T,Tab. 1
S10.FLEINZ.CL.POST.ALL.X,S10,FLEINZ,CL,POST,ALL,X,1,"Merkmal TE > SESOI, 505 links","Plan 12.09., O5 O6 K12 bis K16 nachträglich",,X,Messgüte post nur als TE mit KI
S10.FLEINZ.CR.PRE.ALL.X,S10,FLEINZ,CR,PRE,ALL,X,1,"Merkmal TE > SESOI, 505 rechts","Plan 12.09., O5 O6 K12 bis K16 nachträglich",,T,Tab. 1
S10.FLEINZ.CR.POST.ALL.X,S10,FLEINZ,CR,POST,ALL,X,1,"Merkmal TE > SESOI, 505 rechts","Plan 12.09., O5 O6 K12 bis K16 nachträglich",,X,Messgüte post nur als TE mit KI
S10.FLEINZ.CM.PRE.ALL.X,S10,FLEINZ,CM,PRE,ALL,X,1,"Merkmal TE > SESOI, 505 Seitenmittel","Plan 12.09., O5 O6 K12 bis K16 nachträglich",,T,Tab. 1
S10.FLEINZ.CM.POST.ALL.X,S10,FLEINZ,CM,POST,ALL,X,1,"Merkmal TE > SESOI, 505 Seitenmittel","Plan 12.09., O5 O6 K12 bis K16 nachträglich",,X,Messgüte post nur als TE mit KI
S10.FLGRUP.Z05.PRE.ALL.X,S10,FLGRUP,Z05,PRE,ALL,X,1,"Merkmal TE/√n_S < SESOI, Sprint 5 m","Plan 12.09., O5 O6 K12 bis K16 nachträglich",,X,"MDC, SESOI_T, TE/√n, Mittel"
S10.FLGRUP.Z05.POST.ALL.X,S10,FLGRUP,Z05,POST,ALL,X,1,"Merkmal TE/√n_S < SESOI, Sprint 5 m","Plan 12.09., O5 O6 K12 bis K16 nachträglich",,X,Messgüte post nur als TE mit KI
S10.FLGRUP.Z10.PRE.ALL.X,S10,FLGRUP,Z10,PRE,ALL,X,1,"Merkmal TE/√n_S < SESOI, Sprint 10 m","Plan 12.09., O5 O6 K12 bis K16 nachträglich",,X,"MDC, SESOI_T, TE/√n, Mittel"
S10.FLGRUP.Z10.POST.ALL.X,S10,FLGRUP,Z10,POST,ALL,X,1,"Merkmal TE/√n_S < SESOI, Sprint 10 m","Plan 12.09., O5 O6 K12 bis K16 nachträglich",,X,Messgüte post nur als TE mit KI
S10.FLGRUP.Z30.PRE.ALL.X,S10,FLGRUP,Z30,PRE,ALL,X,1,"Merkmal TE/√n_S < SESOI, Sprint 30 m","Plan 12.09., O5 O6 K12 bis K16 nachträglich",,X,"MDC, SESOI_T, TE/√n, Mittel"
S10.FLGRUP.Z30.POST.ALL.X,S10,FLGRUP,Z30,POST,ALL,X,1,"Merkmal TE/√n_S < SESOI, Sprint 30 m","Plan 12.09., O5 O6 K12 bis K16 nachträglich",,X,Messgüte post nur als TE mit KI
S10.FLGRUP.SBJ.PRE.ALL.X,S10,FLGRUP,SBJ,PRE,ALL,X,1,"Merkmal TE/√n_S < SESOI, Standweitsprung","Plan 12.09., O5 O6 K12 bis K16 nachträglich",,X,"MDC, SESOI_T, TE/√n, Mittel"
S10.FLGRUP.SBJ.POST.ALL.X,S10,FLGRUP,SBJ,POST,ALL,X,1,"Merkmal TE/√n_S < SESOI, Standweitsprung","Plan 12.09., O5 O6 K12 bis K16 nachträglich",,X,Messgüte post nur als TE mit KI
S10.FLGRUP.CL.PRE.ALL.X,S10,FLGRUP,CL,PRE,ALL,X,1,"Merkmal TE/√n_S < SESOI, 505 links","Plan 12.09., O5 O6 K12 bis K16 nachträglich",,X,"MDC, SESOI_T, TE/√n, Mittel"
S10.FLGRUP.CL.POST.ALL.X,S10,FLGRUP,CL,POST,ALL,X,1,"Merkmal TE/√n_S < SESOI, 505 links","Plan 12.09., O5 O6 K12 bis K16 nachträglich",,X,Messgüte post nur als TE mit KI
S10.FLGRUP.CR.PRE.ALL.X,S10,FLGRUP,CR,PRE,ALL,X,1,"Merkmal TE/√n_S < SESOI, 505 rechts","Plan 12.09., O5 O6 K12 bis K16 nachträglich",,X,"MDC, SESOI_T, TE/√n, Mittel"
S10.FLGRUP.CR.POST.ALL.X,S10,FLGRUP,CR,POST,ALL,X,1,"Merkmal TE/√n_S < SESOI, 505 rechts","Plan 12.09., O5 O6 K12 bis K16 nachträglich",,X,Messgüte post nur als TE mit KI
S10.FLGRUP.CM.PRE.ALL.X,S10,FLGRUP,CM,PRE,ALL,X,1,"Merkmal TE/√n_S < SESOI, 505 Seitenmittel","Plan 12.09., O5 O6 K12 bis K16 nachträglich",,X,"MDC, SESOI_T, TE/√n, Mittel"
S10.FLGRUP.CM.POST.ALL.X,S10,FLGRUP,CM,POST,ALL,X,1,"Merkmal TE/√n_S < SESOI, 505 Seitenmittel","Plan 12.09., O5 O6 K12 bis K16 nachträglich",,X,Messgüte post nur als TE mit KI
S10.TEMOD.CM.PRE.ALL.X,S10,TEMOD,CM,PRE,ALL,X,s,Modellwert √(TE_CL² + TE_CR²)/2,Plan 12.09.,,X,Modellwert nur Gegenprobe
S10.TEMOD.CM.POST.ALL.X,S10,TEMOD,CM,POST,ALL,X,s,Modellwert √(TE_CL² + TE_CR²)/2,Plan 12.09.,,X,Modellwert nur Gegenprobe
S10.TE.Z05.PRE.VA.X,S10,TE,Z05,PRE,VA,X,s,"typischer Messfehler je Verein, Sprint 5 m, Verein A",Plan 12.09.,,A,Tab. H1 Messgüte je Verein
S10.TE.Z05.PRE.VB.X,S10,TE,Z05,PRE,VB,X,s,"typischer Messfehler je Verein, Sprint 5 m, Verein B",Plan 12.09.,,A,Tab. H1 Messgüte je Verein
S10.TE.Z05.PRE.VC.X,S10,TE,Z05,PRE,VC,X,s,"typischer Messfehler je Verein, Sprint 5 m, Verein C",Plan 12.09.,,A,Tab. H1 Messgüte je Verein
S10.TE.Z05.POST.VA.X,S10,TE,Z05,POST,VA,X,s,"typischer Messfehler je Verein, Sprint 5 m, Verein A",Plan 12.09.,,A,Tab. H1 Messgüte je Verein
S10.TE.Z05.POST.VB.X,S10,TE,Z05,POST,VB,X,s,"typischer Messfehler je Verein, Sprint 5 m, Verein B",Plan 12.09.,,A,Tab. H1 Messgüte je Verein
S10.TE.Z05.POST.VC.X,S10,TE,Z05,POST,VC,X,s,"typischer Messfehler je Verein, Sprint 5 m, Verein C",Plan 12.09.,,A,Tab. H1 Messgüte je Verein
S10.TE.Z10.PRE.VA.X,S10,TE,Z10,PRE,VA,X,s,"typischer Messfehler je Verein, Sprint 10 m, Verein A",Plan 12.09.,,A,Tab. H1 Messgüte je Verein
S10.TE.Z10.PRE.VB.X,S10,TE,Z10,PRE,VB,X,s,"typischer Messfehler je Verein, Sprint 10 m, Verein B",Plan 12.09.,,A,Tab. H1 Messgüte je Verein
S10.TE.Z10.PRE.VC.X,S10,TE,Z10,PRE,VC,X,s,"typischer Messfehler je Verein, Sprint 10 m, Verein C",Plan 12.09.,,A,Tab. H1 Messgüte je Verein
S10.TE.Z10.POST.VA.X,S10,TE,Z10,POST,VA,X,s,"typischer Messfehler je Verein, Sprint 10 m, Verein A",Plan 12.09.,,A,Tab. H1 Messgüte je Verein
S10.TE.Z10.POST.VB.X,S10,TE,Z10,POST,VB,X,s,"typischer Messfehler je Verein, Sprint 10 m, Verein B",Plan 12.09.,,A,Tab. H1 Messgüte je Verein
S10.TE.Z10.POST.VC.X,S10,TE,Z10,POST,VC,X,s,"typischer Messfehler je Verein, Sprint 10 m, Verein C",Plan 12.09.,,A,Tab. H1 Messgüte je Verein
S10.TE.Z30.PRE.VA.X,S10,TE,Z30,PRE,VA,X,s,"typischer Messfehler je Verein, Sprint 30 m, Verein A",Plan 12.09.,,A,Tab. H1 Messgüte je Verein
S10.TE.Z30.PRE.VB.X,S10,TE,Z30,PRE,VB,X,s,"typischer Messfehler je Verein, Sprint 30 m, Verein B",Plan 12.09.,,A,Tab. H1 Messgüte je Verein
S10.TE.Z30.PRE.VC.X,S10,TE,Z30,PRE,VC,X,s,"typischer Messfehler je Verein, Sprint 30 m, Verein C",Plan 12.09.,,A,Tab. H1 Messgüte je Verein
S10.TE.Z30.POST.VA.X,S10,TE,Z30,POST,VA,X,s,"typischer Messfehler je Verein, Sprint 30 m, Verein A",Plan 12.09.,,A,Tab. H1 Messgüte je Verein
S10.TE.Z30.POST.VB.X,S10,TE,Z30,POST,VB,X,s,"typischer Messfehler je Verein, Sprint 30 m, Verein B",Plan 12.09.,,A,Tab. H1 Messgüte je Verein
S10.TE.Z30.POST.VC.X,S10,TE,Z30,POST,VC,X,s,"typischer Messfehler je Verein, Sprint 30 m, Verein C",Plan 12.09.,,A,Tab. H1 Messgüte je Verein
S10.TE.SBJ.PRE.VA.X,S10,TE,SBJ,PRE,VA,X,cm,"typischer Messfehler je Verein, Standweitsprung, Verein A",Plan 12.09.,,A,Tab. H1 Messgüte je Verein
S10.TE.SBJ.PRE.VB.X,S10,TE,SBJ,PRE,VB,X,cm,"typischer Messfehler je Verein, Standweitsprung, Verein B",Plan 12.09.,,A,Tab. H1 Messgüte je Verein
S10.TE.SBJ.PRE.VC.X,S10,TE,SBJ,PRE,VC,X,cm,"typischer Messfehler je Verein, Standweitsprung, Verein C",Plan 12.09.,,A,Tab. H1 Messgüte je Verein
S10.TE.SBJ.POST.VA.X,S10,TE,SBJ,POST,VA,X,cm,"typischer Messfehler je Verein, Standweitsprung, Verein A",Plan 12.09.,,A,Tab. H1 Messgüte je Verein
S10.TE.SBJ.POST.VB.X,S10,TE,SBJ,POST,VB,X,cm,"typischer Messfehler je Verein, Standweitsprung, Verein B",Plan 12.09.,,A,Tab. H1 Messgüte je Verein
S10.TE.SBJ.POST.VC.X,S10,TE,SBJ,POST,VC,X,cm,"typischer Messfehler je Verein, Standweitsprung, Verein C",Plan 12.09.,,A,Tab. H1 Messgüte je Verein
S10.TE.CL.PRE.VA.X,S10,TE,CL,PRE,VA,X,s,"typischer Messfehler je Verein, 505 links, Verein A",Plan 12.09.,,A,Tab. H1 Messgüte je Verein
S10.TE.CL.PRE.VB.X,S10,TE,CL,PRE,VB,X,s,"typischer Messfehler je Verein, 505 links, Verein B",Plan 12.09.,,A,Tab. H1 Messgüte je Verein
S10.TE.CL.PRE.VC.X,S10,TE,CL,PRE,VC,X,s,"typischer Messfehler je Verein, 505 links, Verein C",Plan 12.09.,,A,Tab. H1 Messgüte je Verein
S10.TE.CL.POST.VA.X,S10,TE,CL,POST,VA,X,s,"typischer Messfehler je Verein, 505 links, Verein A",Plan 12.09.,,A,Tab. H1 Messgüte je Verein
S10.TE.CL.POST.VB.X,S10,TE,CL,POST,VB,X,s,"typischer Messfehler je Verein, 505 links, Verein B",Plan 12.09.,,A,Tab. H1 Messgüte je Verein
S10.TE.CL.POST.VC.X,S10,TE,CL,POST,VC,X,s,"typischer Messfehler je Verein, 505 links, Verein C",Plan 12.09.,,A,Tab. H1 Messgüte je Verein
S10.TE.CR.PRE.VA.X,S10,TE,CR,PRE,VA,X,s,"typischer Messfehler je Verein, 505 rechts, Verein A",Plan 12.09.,,A,Tab. H1 Messgüte je Verein
S10.TE.CR.PRE.VB.X,S10,TE,CR,PRE,VB,X,s,"typischer Messfehler je Verein, 505 rechts, Verein B",Plan 12.09.,,A,Tab. H1 Messgüte je Verein
S10.TE.CR.PRE.VC.X,S10,TE,CR,PRE,VC,X,s,"typischer Messfehler je Verein, 505 rechts, Verein C",Plan 12.09.,,A,Tab. H1 Messgüte je Verein
S10.TE.CR.POST.VA.X,S10,TE,CR,POST,VA,X,s,"typischer Messfehler je Verein, 505 rechts, Verein A",Plan 12.09.,,A,Tab. H1 Messgüte je Verein
S10.TE.CR.POST.VB.X,S10,TE,CR,POST,VB,X,s,"typischer Messfehler je Verein, 505 rechts, Verein B",Plan 12.09.,,A,Tab. H1 Messgüte je Verein
S10.TE.CR.POST.VC.X,S10,TE,CR,POST,VC,X,s,"typischer Messfehler je Verein, 505 rechts, Verein C",Plan 12.09.,,A,Tab. H1 Messgüte je Verein
S10.TE.CM.PRE.VA.X,S10,TE,CM,PRE,VA,X,s,"typischer Messfehler je Verein, 505 Seitenmittel, Verein A",Plan 12.09.,,A,Tab. H1 Messgüte je Verein
S10.TE.CM.PRE.VB.X,S10,TE,CM,PRE,VB,X,s,"typischer Messfehler je Verein, 505 Seitenmittel, Verein B",Plan 12.09.,,A,Tab. H1 Messgüte je Verein
S10.TE.CM.PRE.VC.X,S10,TE,CM,PRE,VC,X,s,"typischer Messfehler je Verein, 505 Seitenmittel, Verein C",Plan 12.09.,,A,Tab. H1 Messgüte je Verein
S10.TE.CM.POST.VA.X,S10,TE,CM,POST,VA,X,s,"typischer Messfehler je Verein, 505 Seitenmittel, Verein A",Plan 12.09.,,A,Tab. H1 Messgüte je Verein
S10.TE.CM.POST.VB.X,S10,TE,CM,POST,VB,X,s,"typischer Messfehler je Verein, 505 Seitenmittel, Verein B",Plan 12.09.,,A,Tab. H1 Messgüte je Verein
S10.TE.CM.POST.VC.X,S10,TE,CM,POST,VC,X,s,"typischer Messfehler je Verein, 505 Seitenmittel, Verein C",Plan 12.09.,,A,Tab. H1 Messgüte je Verein
S10.DFTE.Z05.PRE.VA.X,S10,DFTE,Z05,PRE,VA,X,1,"Freiheitsgrade TE je Verein, Sprint 5 m, Verein A",Plan 12.09.,,I,Zwischenwert
S10.DFTE.Z05.PRE.VB.X,S10,DFTE,Z05,PRE,VB,X,1,"Freiheitsgrade TE je Verein, Sprint 5 m, Verein B",Plan 12.09.,,I,Zwischenwert
S10.DFTE.Z05.PRE.VC.X,S10,DFTE,Z05,PRE,VC,X,1,"Freiheitsgrade TE je Verein, Sprint 5 m, Verein C",Plan 12.09.,,I,Zwischenwert
S10.DFTE.Z05.POST.VA.X,S10,DFTE,Z05,POST,VA,X,1,"Freiheitsgrade TE je Verein, Sprint 5 m, Verein A",Plan 12.09.,,I,Zwischenwert
S10.DFTE.Z05.POST.VB.X,S10,DFTE,Z05,POST,VB,X,1,"Freiheitsgrade TE je Verein, Sprint 5 m, Verein B",Plan 12.09.,,I,Zwischenwert
S10.DFTE.Z05.POST.VC.X,S10,DFTE,Z05,POST,VC,X,1,"Freiheitsgrade TE je Verein, Sprint 5 m, Verein C",Plan 12.09.,,I,Zwischenwert
S10.DFTE.Z10.PRE.VA.X,S10,DFTE,Z10,PRE,VA,X,1,"Freiheitsgrade TE je Verein, Sprint 10 m, Verein A",Plan 12.09.,,I,Zwischenwert
S10.DFTE.Z10.PRE.VB.X,S10,DFTE,Z10,PRE,VB,X,1,"Freiheitsgrade TE je Verein, Sprint 10 m, Verein B",Plan 12.09.,,I,Zwischenwert
S10.DFTE.Z10.PRE.VC.X,S10,DFTE,Z10,PRE,VC,X,1,"Freiheitsgrade TE je Verein, Sprint 10 m, Verein C",Plan 12.09.,,I,Zwischenwert
S10.DFTE.Z10.POST.VA.X,S10,DFTE,Z10,POST,VA,X,1,"Freiheitsgrade TE je Verein, Sprint 10 m, Verein A",Plan 12.09.,,I,Zwischenwert
S10.DFTE.Z10.POST.VB.X,S10,DFTE,Z10,POST,VB,X,1,"Freiheitsgrade TE je Verein, Sprint 10 m, Verein B",Plan 12.09.,,I,Zwischenwert
S10.DFTE.Z10.POST.VC.X,S10,DFTE,Z10,POST,VC,X,1,"Freiheitsgrade TE je Verein, Sprint 10 m, Verein C",Plan 12.09.,,I,Zwischenwert
S10.DFTE.Z30.PRE.VA.X,S10,DFTE,Z30,PRE,VA,X,1,"Freiheitsgrade TE je Verein, Sprint 30 m, Verein A",Plan 12.09.,,I,Zwischenwert
S10.DFTE.Z30.PRE.VB.X,S10,DFTE,Z30,PRE,VB,X,1,"Freiheitsgrade TE je Verein, Sprint 30 m, Verein B",Plan 12.09.,,I,Zwischenwert
S10.DFTE.Z30.PRE.VC.X,S10,DFTE,Z30,PRE,VC,X,1,"Freiheitsgrade TE je Verein, Sprint 30 m, Verein C",Plan 12.09.,,I,Zwischenwert
S10.DFTE.Z30.POST.VA.X,S10,DFTE,Z30,POST,VA,X,1,"Freiheitsgrade TE je Verein, Sprint 30 m, Verein A",Plan 12.09.,,I,Zwischenwert
S10.DFTE.Z30.POST.VB.X,S10,DFTE,Z30,POST,VB,X,1,"Freiheitsgrade TE je Verein, Sprint 30 m, Verein B",Plan 12.09.,,I,Zwischenwert
S10.DFTE.Z30.POST.VC.X,S10,DFTE,Z30,POST,VC,X,1,"Freiheitsgrade TE je Verein, Sprint 30 m, Verein C",Plan 12.09.,,I,Zwischenwert
S10.DFTE.SBJ.PRE.VA.X,S10,DFTE,SBJ,PRE,VA,X,1,"Freiheitsgrade TE je Verein, Standweitsprung, Verein A",Plan 12.09.,,I,Zwischenwert
S10.DFTE.SBJ.PRE.VB.X,S10,DFTE,SBJ,PRE,VB,X,1,"Freiheitsgrade TE je Verein, Standweitsprung, Verein B",Plan 12.09.,,I,Zwischenwert
S10.DFTE.SBJ.PRE.VC.X,S10,DFTE,SBJ,PRE,VC,X,1,"Freiheitsgrade TE je Verein, Standweitsprung, Verein C",Plan 12.09.,,I,Zwischenwert
S10.DFTE.SBJ.POST.VA.X,S10,DFTE,SBJ,POST,VA,X,1,"Freiheitsgrade TE je Verein, Standweitsprung, Verein A",Plan 12.09.,,I,Zwischenwert
S10.DFTE.SBJ.POST.VB.X,S10,DFTE,SBJ,POST,VB,X,1,"Freiheitsgrade TE je Verein, Standweitsprung, Verein B",Plan 12.09.,,I,Zwischenwert
S10.DFTE.SBJ.POST.VC.X,S10,DFTE,SBJ,POST,VC,X,1,"Freiheitsgrade TE je Verein, Standweitsprung, Verein C",Plan 12.09.,,I,Zwischenwert
S10.DFTE.CL.PRE.VA.X,S10,DFTE,CL,PRE,VA,X,1,"Freiheitsgrade TE je Verein, 505 links, Verein A",Plan 12.09.,,I,Zwischenwert
S10.DFTE.CL.PRE.VB.X,S10,DFTE,CL,PRE,VB,X,1,"Freiheitsgrade TE je Verein, 505 links, Verein B",Plan 12.09.,,I,Zwischenwert
S10.DFTE.CL.PRE.VC.X,S10,DFTE,CL,PRE,VC,X,1,"Freiheitsgrade TE je Verein, 505 links, Verein C",Plan 12.09.,,I,Zwischenwert
S10.DFTE.CL.POST.VA.X,S10,DFTE,CL,POST,VA,X,1,"Freiheitsgrade TE je Verein, 505 links, Verein A",Plan 12.09.,,I,Zwischenwert
S10.DFTE.CL.POST.VB.X,S10,DFTE,CL,POST,VB,X,1,"Freiheitsgrade TE je Verein, 505 links, Verein B",Plan 12.09.,,I,Zwischenwert
S10.DFTE.CL.POST.VC.X,S10,DFTE,CL,POST,VC,X,1,"Freiheitsgrade TE je Verein, 505 links, Verein C",Plan 12.09.,,I,Zwischenwert
S10.DFTE.CR.PRE.VA.X,S10,DFTE,CR,PRE,VA,X,1,"Freiheitsgrade TE je Verein, 505 rechts, Verein A",Plan 12.09.,,I,Zwischenwert
S10.DFTE.CR.PRE.VB.X,S10,DFTE,CR,PRE,VB,X,1,"Freiheitsgrade TE je Verein, 505 rechts, Verein B",Plan 12.09.,,I,Zwischenwert
S10.DFTE.CR.PRE.VC.X,S10,DFTE,CR,PRE,VC,X,1,"Freiheitsgrade TE je Verein, 505 rechts, Verein C",Plan 12.09.,,I,Zwischenwert
S10.DFTE.CR.POST.VA.X,S10,DFTE,CR,POST,VA,X,1,"Freiheitsgrade TE je Verein, 505 rechts, Verein A",Plan 12.09.,,I,Zwischenwert
S10.DFTE.CR.POST.VB.X,S10,DFTE,CR,POST,VB,X,1,"Freiheitsgrade TE je Verein, 505 rechts, Verein B",Plan 12.09.,,I,Zwischenwert
S10.DFTE.CR.POST.VC.X,S10,DFTE,CR,POST,VC,X,1,"Freiheitsgrade TE je Verein, 505 rechts, Verein C",Plan 12.09.,,I,Zwischenwert
S10.DFTE.CM.PRE.VA.X,S10,DFTE,CM,PRE,VA,X,1,"Freiheitsgrade TE je Verein, 505 Seitenmittel, Verein A",Plan 12.09.,,I,Zwischenwert
S10.DFTE.CM.PRE.VB.X,S10,DFTE,CM,PRE,VB,X,1,"Freiheitsgrade TE je Verein, 505 Seitenmittel, Verein B",Plan 12.09.,,I,Zwischenwert
S10.DFTE.CM.PRE.VC.X,S10,DFTE,CM,PRE,VC,X,1,"Freiheitsgrade TE je Verein, 505 Seitenmittel, Verein C",Plan 12.09.,,I,Zwischenwert
S10.DFTE.CM.POST.VA.X,S10,DFTE,CM,POST,VA,X,1,"Freiheitsgrade TE je Verein, 505 Seitenmittel, Verein A",Plan 12.09.,,I,Zwischenwert
S10.DFTE.CM.POST.VB.X,S10,DFTE,CM,POST,VB,X,1,"Freiheitsgrade TE je Verein, 505 Seitenmittel, Verein B",Plan 12.09.,,I,Zwischenwert
S10.DFTE.CM.POST.VC.X,S10,DFTE,CM,POST,VC,X,1,"Freiheitsgrade TE je Verein, 505 Seitenmittel, Verein C",Plan 12.09.,,I,Zwischenwert
S10.NTE.Z05.PRE.VA.X,S10,NTE,Z05,PRE,VA,X,1,"Spieler der TE-Menge je Verein, Sprint 5 m, Verein A",Plan 12.09.,,A,Tab. H1 Messgüte je Verein
S10.NTE.Z05.PRE.VB.X,S10,NTE,Z05,PRE,VB,X,1,"Spieler der TE-Menge je Verein, Sprint 5 m, Verein B",Plan 12.09.,,A,Tab. H1 Messgüte je Verein
S10.NTE.Z05.PRE.VC.X,S10,NTE,Z05,PRE,VC,X,1,"Spieler der TE-Menge je Verein, Sprint 5 m, Verein C",Plan 12.09.,,A,Tab. H1 Messgüte je Verein
S10.NTE.Z05.POST.VA.X,S10,NTE,Z05,POST,VA,X,1,"Spieler der TE-Menge je Verein, Sprint 5 m, Verein A",Plan 12.09.,,A,Tab. H1 Messgüte je Verein
S10.NTE.Z05.POST.VB.X,S10,NTE,Z05,POST,VB,X,1,"Spieler der TE-Menge je Verein, Sprint 5 m, Verein B",Plan 12.09.,,A,Tab. H1 Messgüte je Verein
S10.NTE.Z05.POST.VC.X,S10,NTE,Z05,POST,VC,X,1,"Spieler der TE-Menge je Verein, Sprint 5 m, Verein C",Plan 12.09.,,A,Tab. H1 Messgüte je Verein
S10.NTE.Z10.PRE.VA.X,S10,NTE,Z10,PRE,VA,X,1,"Spieler der TE-Menge je Verein, Sprint 10 m, Verein A",Plan 12.09.,,A,Tab. H1 Messgüte je Verein
S10.NTE.Z10.PRE.VB.X,S10,NTE,Z10,PRE,VB,X,1,"Spieler der TE-Menge je Verein, Sprint 10 m, Verein B",Plan 12.09.,,A,Tab. H1 Messgüte je Verein
S10.NTE.Z10.PRE.VC.X,S10,NTE,Z10,PRE,VC,X,1,"Spieler der TE-Menge je Verein, Sprint 10 m, Verein C",Plan 12.09.,,A,Tab. H1 Messgüte je Verein
S10.NTE.Z10.POST.VA.X,S10,NTE,Z10,POST,VA,X,1,"Spieler der TE-Menge je Verein, Sprint 10 m, Verein A",Plan 12.09.,,A,Tab. H1 Messgüte je Verein
S10.NTE.Z10.POST.VB.X,S10,NTE,Z10,POST,VB,X,1,"Spieler der TE-Menge je Verein, Sprint 10 m, Verein B",Plan 12.09.,,A,Tab. H1 Messgüte je Verein
S10.NTE.Z10.POST.VC.X,S10,NTE,Z10,POST,VC,X,1,"Spieler der TE-Menge je Verein, Sprint 10 m, Verein C",Plan 12.09.,,A,Tab. H1 Messgüte je Verein
S10.NTE.Z30.PRE.VA.X,S10,NTE,Z30,PRE,VA,X,1,"Spieler der TE-Menge je Verein, Sprint 30 m, Verein A",Plan 12.09.,,A,Tab. H1 Messgüte je Verein
S10.NTE.Z30.PRE.VB.X,S10,NTE,Z30,PRE,VB,X,1,"Spieler der TE-Menge je Verein, Sprint 30 m, Verein B",Plan 12.09.,,A,Tab. H1 Messgüte je Verein
S10.NTE.Z30.PRE.VC.X,S10,NTE,Z30,PRE,VC,X,1,"Spieler der TE-Menge je Verein, Sprint 30 m, Verein C",Plan 12.09.,,A,Tab. H1 Messgüte je Verein
S10.NTE.Z30.POST.VA.X,S10,NTE,Z30,POST,VA,X,1,"Spieler der TE-Menge je Verein, Sprint 30 m, Verein A",Plan 12.09.,,A,Tab. H1 Messgüte je Verein
S10.NTE.Z30.POST.VB.X,S10,NTE,Z30,POST,VB,X,1,"Spieler der TE-Menge je Verein, Sprint 30 m, Verein B",Plan 12.09.,,A,Tab. H1 Messgüte je Verein
S10.NTE.Z30.POST.VC.X,S10,NTE,Z30,POST,VC,X,1,"Spieler der TE-Menge je Verein, Sprint 30 m, Verein C",Plan 12.09.,,A,Tab. H1 Messgüte je Verein
S10.NTE.SBJ.PRE.VA.X,S10,NTE,SBJ,PRE,VA,X,1,"Spieler der TE-Menge je Verein, Standweitsprung, Verein A",Plan 12.09.,,A,Tab. H1 Messgüte je Verein
S10.NTE.SBJ.PRE.VB.X,S10,NTE,SBJ,PRE,VB,X,1,"Spieler der TE-Menge je Verein, Standweitsprung, Verein B",Plan 12.09.,,A,Tab. H1 Messgüte je Verein
S10.NTE.SBJ.PRE.VC.X,S10,NTE,SBJ,PRE,VC,X,1,"Spieler der TE-Menge je Verein, Standweitsprung, Verein C",Plan 12.09.,,A,Tab. H1 Messgüte je Verein
S10.NTE.SBJ.POST.VA.X,S10,NTE,SBJ,POST,VA,X,1,"Spieler der TE-Menge je Verein, Standweitsprung, Verein A",Plan 12.09.,,A,Tab. H1 Messgüte je Verein
S10.NTE.SBJ.POST.VB.X,S10,NTE,SBJ,POST,VB,X,1,"Spieler der TE-Menge je Verein, Standweitsprung, Verein B",Plan 12.09.,,A,Tab. H1 Messgüte je Verein
S10.NTE.SBJ.POST.VC.X,S10,NTE,SBJ,POST,VC,X,1,"Spieler der TE-Menge je Verein, Standweitsprung, Verein C",Plan 12.09.,,A,Tab. H1 Messgüte je Verein
S10.NTE.CL.PRE.VA.X,S10,NTE,CL,PRE,VA,X,1,"Spieler der TE-Menge je Verein, 505 links, Verein A",Plan 12.09.,,A,Tab. H1 Messgüte je Verein
S10.NTE.CL.PRE.VB.X,S10,NTE,CL,PRE,VB,X,1,"Spieler der TE-Menge je Verein, 505 links, Verein B",Plan 12.09.,,A,Tab. H1 Messgüte je Verein
S10.NTE.CL.PRE.VC.X,S10,NTE,CL,PRE,VC,X,1,"Spieler der TE-Menge je Verein, 505 links, Verein C",Plan 12.09.,,A,Tab. H1 Messgüte je Verein
S10.NTE.CL.POST.VA.X,S10,NTE,CL,POST,VA,X,1,"Spieler der TE-Menge je Verein, 505 links, Verein A",Plan 12.09.,,A,Tab. H1 Messgüte je Verein
S10.NTE.CL.POST.VB.X,S10,NTE,CL,POST,VB,X,1,"Spieler der TE-Menge je Verein, 505 links, Verein B",Plan 12.09.,,A,Tab. H1 Messgüte je Verein
S10.NTE.CL.POST.VC.X,S10,NTE,CL,POST,VC,X,1,"Spieler der TE-Menge je Verein, 505 links, Verein C",Plan 12.09.,,A,Tab. H1 Messgüte je Verein
S10.NTE.CR.PRE.VA.X,S10,NTE,CR,PRE,VA,X,1,"Spieler der TE-Menge je Verein, 505 rechts, Verein A",Plan 12.09.,,A,Tab. H1 Messgüte je Verein
S10.NTE.CR.PRE.VB.X,S10,NTE,CR,PRE,VB,X,1,"Spieler der TE-Menge je Verein, 505 rechts, Verein B",Plan 12.09.,,A,Tab. H1 Messgüte je Verein
S10.NTE.CR.PRE.VC.X,S10,NTE,CR,PRE,VC,X,1,"Spieler der TE-Menge je Verein, 505 rechts, Verein C",Plan 12.09.,,A,Tab. H1 Messgüte je Verein
S10.NTE.CR.POST.VA.X,S10,NTE,CR,POST,VA,X,1,"Spieler der TE-Menge je Verein, 505 rechts, Verein A",Plan 12.09.,,A,Tab. H1 Messgüte je Verein
S10.NTE.CR.POST.VB.X,S10,NTE,CR,POST,VB,X,1,"Spieler der TE-Menge je Verein, 505 rechts, Verein B",Plan 12.09.,,A,Tab. H1 Messgüte je Verein
S10.NTE.CR.POST.VC.X,S10,NTE,CR,POST,VC,X,1,"Spieler der TE-Menge je Verein, 505 rechts, Verein C",Plan 12.09.,,A,Tab. H1 Messgüte je Verein
S10.NTE.CM.PRE.VA.X,S10,NTE,CM,PRE,VA,X,1,"Spieler der TE-Menge je Verein, 505 Seitenmittel, Verein A",Plan 12.09.,,A,Tab. H1 Messgüte je Verein
S10.NTE.CM.PRE.VB.X,S10,NTE,CM,PRE,VB,X,1,"Spieler der TE-Menge je Verein, 505 Seitenmittel, Verein B",Plan 12.09.,,A,Tab. H1 Messgüte je Verein
S10.NTE.CM.PRE.VC.X,S10,NTE,CM,PRE,VC,X,1,"Spieler der TE-Menge je Verein, 505 Seitenmittel, Verein C",Plan 12.09.,,A,Tab. H1 Messgüte je Verein
S10.NTE.CM.POST.VA.X,S10,NTE,CM,POST,VA,X,1,"Spieler der TE-Menge je Verein, 505 Seitenmittel, Verein A",Plan 12.09.,,A,Tab. H1 Messgüte je Verein
S10.NTE.CM.POST.VB.X,S10,NTE,CM,POST,VB,X,1,"Spieler der TE-Menge je Verein, 505 Seitenmittel, Verein B",Plan 12.09.,,A,Tab. H1 Messgüte je Verein
S10.NTE.CM.POST.VC.X,S10,NTE,CM,POST,VC,X,1,"Spieler der TE-Menge je Verein, 505 Seitenmittel, Verein C",Plan 12.09.,,A,Tab. H1 Messgüte je Verein
S11.N.Z05.PRE.ALL.X,S11,N,Z05,PRE,ALL,X,1,"Spieler mit drei gültigen Versuchen, Sprint 5 m",Plan 12.09.,,A,Tab. H1 Bestwert-Bias
S11.N.Z05.POST.ALL.X,S11,N,Z05,POST,ALL,X,1,"Spieler mit drei gültigen Versuchen, Sprint 5 m",Plan 12.09.,,A,Tab. H1 Bestwert-Bias
S11.N.Z10.PRE.ALL.X,S11,N,Z10,PRE,ALL,X,1,"Spieler mit drei gültigen Versuchen, Sprint 10 m",Plan 12.09.,,A,Tab. H1 Bestwert-Bias
S11.N.Z10.POST.ALL.X,S11,N,Z10,POST,ALL,X,1,"Spieler mit drei gültigen Versuchen, Sprint 10 m",Plan 12.09.,,A,Tab. H1 Bestwert-Bias
S11.N.Z30.PRE.ALL.X,S11,N,Z30,PRE,ALL,X,1,"Spieler mit drei gültigen Versuchen, Sprint 30 m",Plan 12.09.,,A,Tab. H1 Bestwert-Bias
S11.N.Z30.POST.ALL.X,S11,N,Z30,POST,ALL,X,1,"Spieler mit drei gültigen Versuchen, Sprint 30 m",Plan 12.09.,,A,Tab. H1 Bestwert-Bias
S11.N.SBJ.PRE.ALL.X,S11,N,SBJ,PRE,ALL,X,1,"Spieler mit drei gültigen Versuchen, Standweitsprung",Plan 12.09.,,A,Tab. H1 Bestwert-Bias
S11.N.SBJ.POST.ALL.X,S11,N,SBJ,POST,ALL,X,1,"Spieler mit drei gültigen Versuchen, Standweitsprung",Plan 12.09.,,A,Tab. H1 Bestwert-Bias
S11.N.CL.PRE.ALL.X,S11,N,CL,PRE,ALL,X,1,"Spieler mit drei gültigen Versuchen, 505 links",Plan 12.09.,,A,Tab. H1 Bestwert-Bias
S11.N.CL.POST.ALL.X,S11,N,CL,POST,ALL,X,1,"Spieler mit drei gültigen Versuchen, 505 links",Plan 12.09.,,A,Tab. H1 Bestwert-Bias
S11.N.CR.PRE.ALL.X,S11,N,CR,PRE,ALL,X,1,"Spieler mit drei gültigen Versuchen, 505 rechts",Plan 12.09.,,A,Tab. H1 Bestwert-Bias
S11.N.CR.POST.ALL.X,S11,N,CR,POST,ALL,X,1,"Spieler mit drei gültigen Versuchen, 505 rechts",Plan 12.09.,,A,Tab. H1 Bestwert-Bias
S11.DMEAN.Z05.PRE.ALL.X,S11,DMEAN,Z05,PRE,ALL,X,s,"mittlerer Bestwert-Bias des dritten Versuchs, Sprint 5 m",Plan 12.09.,,A,Tab. H1 Bestwert-Bias
S11.DMEAN.Z05.POST.ALL.X,S11,DMEAN,Z05,POST,ALL,X,s,"mittlerer Bestwert-Bias des dritten Versuchs, Sprint 5 m",Plan 12.09.,,A,Tab. H1 Bestwert-Bias
S11.DMEAN.Z10.PRE.ALL.X,S11,DMEAN,Z10,PRE,ALL,X,s,"mittlerer Bestwert-Bias des dritten Versuchs, Sprint 10 m",Plan 12.09.,,A,Tab. H1 Bestwert-Bias
S11.DMEAN.Z10.POST.ALL.X,S11,DMEAN,Z10,POST,ALL,X,s,"mittlerer Bestwert-Bias des dritten Versuchs, Sprint 10 m",Plan 12.09.,,A,Tab. H1 Bestwert-Bias
S11.DMEAN.Z30.PRE.ALL.X,S11,DMEAN,Z30,PRE,ALL,X,s,"mittlerer Bestwert-Bias des dritten Versuchs, Sprint 30 m",Plan 12.09.,,A,Tab. H1 Bestwert-Bias
S11.DMEAN.Z30.POST.ALL.X,S11,DMEAN,Z30,POST,ALL,X,s,"mittlerer Bestwert-Bias des dritten Versuchs, Sprint 30 m",Plan 12.09.,,A,Tab. H1 Bestwert-Bias
S11.DMEAN.SBJ.PRE.ALL.X,S11,DMEAN,SBJ,PRE,ALL,X,cm,"mittlerer Bestwert-Bias des dritten Versuchs, Standweitsprung",Plan 12.09.,,A,Tab. H1 Bestwert-Bias
S11.DMEAN.SBJ.POST.ALL.X,S11,DMEAN,SBJ,POST,ALL,X,cm,"mittlerer Bestwert-Bias des dritten Versuchs, Standweitsprung",Plan 12.09.,,A,Tab. H1 Bestwert-Bias
S11.DMEAN.CL.PRE.ALL.X,S11,DMEAN,CL,PRE,ALL,X,s,"mittlerer Bestwert-Bias des dritten Versuchs, 505 links",Plan 12.09.,,A,Tab. H1 Bestwert-Bias
S11.DMEAN.CL.POST.ALL.X,S11,DMEAN,CL,POST,ALL,X,s,"mittlerer Bestwert-Bias des dritten Versuchs, 505 links",Plan 12.09.,,A,Tab. H1 Bestwert-Bias
S11.DMEAN.CR.PRE.ALL.X,S11,DMEAN,CR,PRE,ALL,X,s,"mittlerer Bestwert-Bias des dritten Versuchs, 505 rechts",Plan 12.09.,,A,Tab. H1 Bestwert-Bias
S11.DMEAN.CR.POST.ALL.X,S11,DMEAN,CR,POST,ALL,X,s,"mittlerer Bestwert-Bias des dritten Versuchs, 505 rechts",Plan 12.09.,,A,Tab. H1 Bestwert-Bias
S11.DSESOI.Z05.PRE.ALL.X,S11,DSESOI,Z05,PRE,ALL,X,1,"Bias geteilt durch SESOI, Sprint 5 m",Plan 12.09.,,A,Tab. H1 Bestwert-Bias
S11.DSESOI.Z05.POST.ALL.X,S11,DSESOI,Z05,POST,ALL,X,1,"Bias geteilt durch SESOI, Sprint 5 m",Plan 12.09.,,A,Tab. H1 Bestwert-Bias
S11.DSESOI.Z10.PRE.ALL.X,S11,DSESOI,Z10,PRE,ALL,X,1,"Bias geteilt durch SESOI, Sprint 10 m",Plan 12.09.,,A,Tab. H1 Bestwert-Bias
S11.DSESOI.Z10.POST.ALL.X,S11,DSESOI,Z10,POST,ALL,X,1,"Bias geteilt durch SESOI, Sprint 10 m",Plan 12.09.,,A,Tab. H1 Bestwert-Bias
S11.DSESOI.Z30.PRE.ALL.X,S11,DSESOI,Z30,PRE,ALL,X,1,"Bias geteilt durch SESOI, Sprint 30 m",Plan 12.09.,,A,Tab. H1 Bestwert-Bias
S11.DSESOI.Z30.POST.ALL.X,S11,DSESOI,Z30,POST,ALL,X,1,"Bias geteilt durch SESOI, Sprint 30 m",Plan 12.09.,,A,Tab. H1 Bestwert-Bias
S11.DSESOI.SBJ.PRE.ALL.X,S11,DSESOI,SBJ,PRE,ALL,X,1,"Bias geteilt durch SESOI, Standweitsprung",Plan 12.09.,,A,Tab. H1 Bestwert-Bias
S11.DSESOI.SBJ.POST.ALL.X,S11,DSESOI,SBJ,POST,ALL,X,1,"Bias geteilt durch SESOI, Standweitsprung",Plan 12.09.,,A,Tab. H1 Bestwert-Bias
S11.DSESOI.CL.PRE.ALL.X,S11,DSESOI,CL,PRE,ALL,X,1,"Bias geteilt durch SESOI, 505 links",Plan 12.09.,,A,Tab. H1 Bestwert-Bias
S11.DSESOI.CL.POST.ALL.X,S11,DSESOI,CL,POST,ALL,X,1,"Bias geteilt durch SESOI, 505 links",Plan 12.09.,,A,Tab. H1 Bestwert-Bias
S11.DSESOI.CR.PRE.ALL.X,S11,DSESOI,CR,PRE,ALL,X,1,"Bias geteilt durch SESOI, 505 rechts",Plan 12.09.,,A,Tab. H1 Bestwert-Bias
S11.DSESOI.CR.POST.ALL.X,S11,DSESOI,CR,POST,ALL,X,1,"Bias geteilt durch SESOI, 505 rechts",Plan 12.09.,,A,Tab. H1 Bestwert-Bias
S12.N.AGE.PRE.IG.X,S12,N,AGE,PRE,IG,X,1,"n Alter, Menge IG","Plan 12.09., K30 nachträglich für AUSG",,X,"ersetzt durch die Menge ANA (Analysepopulation, N4)"
S12.N.AGE.PRE.KG.X,S12,N,AGE,PRE,KG,X,1,"n Alter, Menge KG","Plan 12.09., K30 nachträglich für AUSG",,X,"ersetzt durch die Menge ANA (Analysepopulation, N4)"
S12.N.AGE.PRE.VA.X,S12,N,AGE,PRE,VA,X,1,"n Alter, Menge VA","Plan 12.09., K30 nachträglich für AUSG",,X,"ersetzt durch die Menge ANA (Analysepopulation, N4)"
S12.N.AGE.PRE.VB.X,S12,N,AGE,PRE,VB,X,1,"n Alter, Menge VB","Plan 12.09., K30 nachträglich für AUSG",,X,"ersetzt durch die Menge ANA (Analysepopulation, N4)"
S12.N.AGE.PRE.VC.X,S12,N,AGE,PRE,VC,X,1,"n Alter, Menge VC","Plan 12.09., K30 nachträglich für AUSG",,X,"ersetzt durch die Menge ANA (Analysepopulation, N4)"
S12.N.AGE.PRE.AUSGIG.X,S12,N,AGE,PRE,AUSGIG,X,1,"n Alter, Menge AUSGIG","Plan 12.09., K30 nachträglich für AUSG",,X,"ersetzt durch die Menge ANA (Analysepopulation, N4)"
S12.N.AGE.PRE.AUSGKG.X,S12,N,AGE,PRE,AUSGKG,X,1,"n Alter, Menge AUSGKG","Plan 12.09., K30 nachträglich für AUSG",,X,"ersetzt durch die Menge ANA (Analysepopulation, N4)"
S12.N.HGT.PRE.IG.X,S12,N,HGT,PRE,IG,X,1,"n Körperhöhe, Menge IG","Plan 12.09., K30 nachträglich für AUSG",,X,"ersetzt durch die Menge ANA (Analysepopulation, N4)"
S12.N.HGT.PRE.KG.X,S12,N,HGT,PRE,KG,X,1,"n Körperhöhe, Menge KG","Plan 12.09., K30 nachträglich für AUSG",,X,"ersetzt durch die Menge ANA (Analysepopulation, N4)"
S12.N.HGT.PRE.VA.X,S12,N,HGT,PRE,VA,X,1,"n Körperhöhe, Menge VA","Plan 12.09., K30 nachträglich für AUSG",,X,"ersetzt durch die Menge ANA (Analysepopulation, N4)"
S12.N.HGT.PRE.VB.X,S12,N,HGT,PRE,VB,X,1,"n Körperhöhe, Menge VB","Plan 12.09., K30 nachträglich für AUSG",,X,"ersetzt durch die Menge ANA (Analysepopulation, N4)"
S12.N.HGT.PRE.VC.X,S12,N,HGT,PRE,VC,X,1,"n Körperhöhe, Menge VC","Plan 12.09., K30 nachträglich für AUSG",,X,"ersetzt durch die Menge ANA (Analysepopulation, N4)"
S12.N.HGT.PRE.AUSGIG.X,S12,N,HGT,PRE,AUSGIG,X,1,"n Körperhöhe, Menge AUSGIG","Plan 12.09., K30 nachträglich für AUSG",,X,"ersetzt durch die Menge ANA (Analysepopulation, N4)"
S12.N.HGT.PRE.AUSGKG.X,S12,N,HGT,PRE,AUSGKG,X,1,"n Körperhöhe, Menge AUSGKG","Plan 12.09., K30 nachträglich für AUSG",,X,"ersetzt durch die Menge ANA (Analysepopulation, N4)"
S12.N.MASS.PRE.IG.X,S12,N,MASS,PRE,IG,X,1,"n Körpermasse, Menge IG","Plan 12.09., K30 nachträglich für AUSG",,X,"ersetzt durch die Menge ANA (Analysepopulation, N4)"
S12.N.MASS.PRE.KG.X,S12,N,MASS,PRE,KG,X,1,"n Körpermasse, Menge KG","Plan 12.09., K30 nachträglich für AUSG",,X,"ersetzt durch die Menge ANA (Analysepopulation, N4)"
S12.N.MASS.PRE.VA.X,S12,N,MASS,PRE,VA,X,1,"n Körpermasse, Menge VA","Plan 12.09., K30 nachträglich für AUSG",,X,"ersetzt durch die Menge ANA (Analysepopulation, N4)"
S12.N.MASS.PRE.VB.X,S12,N,MASS,PRE,VB,X,1,"n Körpermasse, Menge VB","Plan 12.09., K30 nachträglich für AUSG",,X,"ersetzt durch die Menge ANA (Analysepopulation, N4)"
S12.N.MASS.PRE.VC.X,S12,N,MASS,PRE,VC,X,1,"n Körpermasse, Menge VC","Plan 12.09., K30 nachträglich für AUSG",,X,"ersetzt durch die Menge ANA (Analysepopulation, N4)"
S12.N.MASS.PRE.AUSGIG.X,S12,N,MASS,PRE,AUSGIG,X,1,"n Körpermasse, Menge AUSGIG","Plan 12.09., K30 nachträglich für AUSG",,X,"ersetzt durch die Menge ANA (Analysepopulation, N4)"
S12.N.MASS.PRE.AUSGKG.X,S12,N,MASS,PRE,AUSGKG,X,1,"n Körpermasse, Menge AUSGKG","Plan 12.09., K30 nachträglich für AUSG",,X,"ersetzt durch die Menge ANA (Analysepopulation, N4)"
S12.N.PAH.PRE.IG.X,S12,N,PAH,PRE,IG,X,1,"n %PAH, Menge IG","Plan 12.09., K30 nachträglich für AUSG",,X,"ersetzt durch die Menge ANA (Analysepopulation, N4)"
S12.N.PAH.PRE.KG.X,S12,N,PAH,PRE,KG,X,1,"n %PAH, Menge KG","Plan 12.09., K30 nachträglich für AUSG",,X,"ersetzt durch die Menge ANA (Analysepopulation, N4)"
S12.N.PAH.PRE.VA.X,S12,N,PAH,PRE,VA,X,1,"n %PAH, Menge VA","Plan 12.09., K30 nachträglich für AUSG",,X,"ersetzt durch die Menge ANA (Analysepopulation, N4)"
S12.N.PAH.PRE.VB.X,S12,N,PAH,PRE,VB,X,1,"n %PAH, Menge VB","Plan 12.09., K30 nachträglich für AUSG",,X,"ersetzt durch die Menge ANA (Analysepopulation, N4)"
S12.N.PAH.PRE.VC.X,S12,N,PAH,PRE,VC,X,1,"n %PAH, Menge VC","Plan 12.09., K30 nachträglich für AUSG",,X,"ersetzt durch die Menge ANA (Analysepopulation, N4)"
S12.N.PAH.PRE.AUSGIG.X,S12,N,PAH,PRE,AUSGIG,X,1,"n %PAH, Menge AUSGIG","Plan 12.09., K30 nachträglich für AUSG",,X,"ersetzt durch die Menge ANA (Analysepopulation, N4)"
S12.N.PAH.PRE.AUSGKG.X,S12,N,PAH,PRE,AUSGKG,X,1,"n %PAH, Menge AUSGKG","Plan 12.09., K30 nachträglich für AUSG",,X,"ersetzt durch die Menge ANA (Analysepopulation, N4)"
S12.M.AGE.PRE.IG.X,S12,M,AGE,PRE,IG,X,Jahre,"Mittel Alter, Menge IG","Plan 12.09., K30 nachträglich für AUSG",,X,"ersetzt durch die Menge ANA (Analysepopulation, N4)"
S12.M.AGE.PRE.KG.X,S12,M,AGE,PRE,KG,X,Jahre,"Mittel Alter, Menge KG","Plan 12.09., K30 nachträglich für AUSG",,X,"ersetzt durch die Menge ANA (Analysepopulation, N4)"
S12.M.AGE.PRE.VA.X,S12,M,AGE,PRE,VA,X,Jahre,"Mittel Alter, Menge VA","Plan 12.09., K30 nachträglich für AUSG",,X,"ersetzt durch die Menge ANA (Analysepopulation, N4)"
S12.M.AGE.PRE.VB.X,S12,M,AGE,PRE,VB,X,Jahre,"Mittel Alter, Menge VB","Plan 12.09., K30 nachträglich für AUSG",,X,"ersetzt durch die Menge ANA (Analysepopulation, N4)"
S12.M.AGE.PRE.VC.X,S12,M,AGE,PRE,VC,X,Jahre,"Mittel Alter, Menge VC","Plan 12.09., K30 nachträglich für AUSG",,X,"ersetzt durch die Menge ANA (Analysepopulation, N4)"
S12.M.AGE.PRE.AUSGIG.X,S12,M,AGE,PRE,AUSGIG,X,Jahre,"Mittel Alter, Menge AUSGIG","Plan 12.09., K30 nachträglich für AUSG",,X,"ersetzt durch die Menge ANA (Analysepopulation, N4)"
S12.M.AGE.PRE.AUSGKG.X,S12,M,AGE,PRE,AUSGKG,X,Jahre,"Mittel Alter, Menge AUSGKG","Plan 12.09., K30 nachträglich für AUSG",,X,"ersetzt durch die Menge ANA (Analysepopulation, N4)"
S12.M.HGT.PRE.IG.X,S12,M,HGT,PRE,IG,X,cm,"Mittel Körperhöhe, Menge IG","Plan 12.09., K30 nachträglich für AUSG",,X,"ersetzt durch die Menge ANA (Analysepopulation, N4)"
S12.M.HGT.PRE.KG.X,S12,M,HGT,PRE,KG,X,cm,"Mittel Körperhöhe, Menge KG","Plan 12.09., K30 nachträglich für AUSG",,X,"ersetzt durch die Menge ANA (Analysepopulation, N4)"
S12.M.HGT.PRE.VA.X,S12,M,HGT,PRE,VA,X,cm,"Mittel Körperhöhe, Menge VA","Plan 12.09., K30 nachträglich für AUSG",,X,"ersetzt durch die Menge ANA (Analysepopulation, N4)"
S12.M.HGT.PRE.VB.X,S12,M,HGT,PRE,VB,X,cm,"Mittel Körperhöhe, Menge VB","Plan 12.09., K30 nachträglich für AUSG",,X,"ersetzt durch die Menge ANA (Analysepopulation, N4)"
S12.M.HGT.PRE.VC.X,S12,M,HGT,PRE,VC,X,cm,"Mittel Körperhöhe, Menge VC","Plan 12.09., K30 nachträglich für AUSG",,X,"ersetzt durch die Menge ANA (Analysepopulation, N4)"
S12.M.HGT.PRE.AUSGIG.X,S12,M,HGT,PRE,AUSGIG,X,cm,"Mittel Körperhöhe, Menge AUSGIG","Plan 12.09., K30 nachträglich für AUSG",,X,"ersetzt durch die Menge ANA (Analysepopulation, N4)"
S12.M.HGT.PRE.AUSGKG.X,S12,M,HGT,PRE,AUSGKG,X,cm,"Mittel Körperhöhe, Menge AUSGKG","Plan 12.09., K30 nachträglich für AUSG",,X,"ersetzt durch die Menge ANA (Analysepopulation, N4)"
S12.M.MASS.PRE.IG.X,S12,M,MASS,PRE,IG,X,kg,"Mittel Körpermasse, Menge IG","Plan 12.09., K30 nachträglich für AUSG",,X,"ersetzt durch die Menge ANA (Analysepopulation, N4)"
S12.M.MASS.PRE.KG.X,S12,M,MASS,PRE,KG,X,kg,"Mittel Körpermasse, Menge KG","Plan 12.09., K30 nachträglich für AUSG",,X,"ersetzt durch die Menge ANA (Analysepopulation, N4)"
S12.M.MASS.PRE.VA.X,S12,M,MASS,PRE,VA,X,kg,"Mittel Körpermasse, Menge VA","Plan 12.09., K30 nachträglich für AUSG",,X,"ersetzt durch die Menge ANA (Analysepopulation, N4)"
S12.M.MASS.PRE.VB.X,S12,M,MASS,PRE,VB,X,kg,"Mittel Körpermasse, Menge VB","Plan 12.09., K30 nachträglich für AUSG",,X,"ersetzt durch die Menge ANA (Analysepopulation, N4)"
S12.M.MASS.PRE.VC.X,S12,M,MASS,PRE,VC,X,kg,"Mittel Körpermasse, Menge VC","Plan 12.09., K30 nachträglich für AUSG",,X,"ersetzt durch die Menge ANA (Analysepopulation, N4)"
S12.M.MASS.PRE.AUSGIG.X,S12,M,MASS,PRE,AUSGIG,X,kg,"Mittel Körpermasse, Menge AUSGIG","Plan 12.09., K30 nachträglich für AUSG",,X,"ersetzt durch die Menge ANA (Analysepopulation, N4)"
S12.M.MASS.PRE.AUSGKG.X,S12,M,MASS,PRE,AUSGKG,X,kg,"Mittel Körpermasse, Menge AUSGKG","Plan 12.09., K30 nachträglich für AUSG",,X,"ersetzt durch die Menge ANA (Analysepopulation, N4)"
S12.M.PAH.PRE.IG.X,S12,M,PAH,PRE,IG,X,%,"Mittel %PAH, Menge IG","Plan 12.09., K30 nachträglich für AUSG",,X,"ersetzt durch die Menge ANA (Analysepopulation, N4)"
S12.M.PAH.PRE.KG.X,S12,M,PAH,PRE,KG,X,%,"Mittel %PAH, Menge KG","Plan 12.09., K30 nachträglich für AUSG",,X,"ersetzt durch die Menge ANA (Analysepopulation, N4)"
S12.M.PAH.PRE.VA.X,S12,M,PAH,PRE,VA,X,%,"Mittel %PAH, Menge VA","Plan 12.09., K30 nachträglich für AUSG",,X,"ersetzt durch die Menge ANA (Analysepopulation, N4)"
S12.M.PAH.PRE.VB.X,S12,M,PAH,PRE,VB,X,%,"Mittel %PAH, Menge VB","Plan 12.09., K30 nachträglich für AUSG",,X,"ersetzt durch die Menge ANA (Analysepopulation, N4)"
S12.M.PAH.PRE.VC.X,S12,M,PAH,PRE,VC,X,%,"Mittel %PAH, Menge VC","Plan 12.09., K30 nachträglich für AUSG",,X,"ersetzt durch die Menge ANA (Analysepopulation, N4)"
S12.M.PAH.PRE.AUSGIG.X,S12,M,PAH,PRE,AUSGIG,X,%,"Mittel %PAH, Menge AUSGIG","Plan 12.09., K30 nachträglich für AUSG",,X,"ersetzt durch die Menge ANA (Analysepopulation, N4)"
S12.M.PAH.PRE.AUSGKG.X,S12,M,PAH,PRE,AUSGKG,X,%,"Mittel %PAH, Menge AUSGKG","Plan 12.09., K30 nachträglich für AUSG",,X,"ersetzt durch die Menge ANA (Analysepopulation, N4)"
S12.SD.AGE.PRE.IG.X,S12,SD,AGE,PRE,IG,X,Jahre,"SD Alter, Menge IG","Plan 12.09., K30 nachträglich für AUSG",,X,"ersetzt durch die Menge ANA (Analysepopulation, N4)"
S12.SD.AGE.PRE.KG.X,S12,SD,AGE,PRE,KG,X,Jahre,"SD Alter, Menge KG","Plan 12.09., K30 nachträglich für AUSG",,X,"ersetzt durch die Menge ANA (Analysepopulation, N4)"
S12.SD.AGE.PRE.VA.X,S12,SD,AGE,PRE,VA,X,Jahre,"SD Alter, Menge VA","Plan 12.09., K30 nachträglich für AUSG",,X,"ersetzt durch die Menge ANA (Analysepopulation, N4)"
S12.SD.AGE.PRE.VB.X,S12,SD,AGE,PRE,VB,X,Jahre,"SD Alter, Menge VB","Plan 12.09., K30 nachträglich für AUSG",,X,"ersetzt durch die Menge ANA (Analysepopulation, N4)"
S12.SD.AGE.PRE.VC.X,S12,SD,AGE,PRE,VC,X,Jahre,"SD Alter, Menge VC","Plan 12.09., K30 nachträglich für AUSG",,X,"ersetzt durch die Menge ANA (Analysepopulation, N4)"
S12.SD.AGE.PRE.AUSGIG.X,S12,SD,AGE,PRE,AUSGIG,X,Jahre,"SD Alter, Menge AUSGIG","Plan 12.09., K30 nachträglich für AUSG",,X,"ersetzt durch die Menge ANA (Analysepopulation, N4)"
S12.SD.AGE.PRE.AUSGKG.X,S12,SD,AGE,PRE,AUSGKG,X,Jahre,"SD Alter, Menge AUSGKG","Plan 12.09., K30 nachträglich für AUSG",,X,"ersetzt durch die Menge ANA (Analysepopulation, N4)"
S12.SD.HGT.PRE.IG.X,S12,SD,HGT,PRE,IG,X,cm,"SD Körperhöhe, Menge IG","Plan 12.09., K30 nachträglich für AUSG",,X,"ersetzt durch die Menge ANA (Analysepopulation, N4)"
S12.SD.HGT.PRE.KG.X,S12,SD,HGT,PRE,KG,X,cm,"SD Körperhöhe, Menge KG","Plan 12.09., K30 nachträglich für AUSG",,X,"ersetzt durch die Menge ANA (Analysepopulation, N4)"
S12.SD.HGT.PRE.VA.X,S12,SD,HGT,PRE,VA,X,cm,"SD Körperhöhe, Menge VA","Plan 12.09., K30 nachträglich für AUSG",,X,"ersetzt durch die Menge ANA (Analysepopulation, N4)"
S12.SD.HGT.PRE.VB.X,S12,SD,HGT,PRE,VB,X,cm,"SD Körperhöhe, Menge VB","Plan 12.09., K30 nachträglich für AUSG",,X,"ersetzt durch die Menge ANA (Analysepopulation, N4)"
S12.SD.HGT.PRE.VC.X,S12,SD,HGT,PRE,VC,X,cm,"SD Körperhöhe, Menge VC","Plan 12.09., K30 nachträglich für AUSG",,X,"ersetzt durch die Menge ANA (Analysepopulation, N4)"
S12.SD.HGT.PRE.AUSGIG.X,S12,SD,HGT,PRE,AUSGIG,X,cm,"SD Körperhöhe, Menge AUSGIG","Plan 12.09., K30 nachträglich für AUSG",,X,"ersetzt durch die Menge ANA (Analysepopulation, N4)"
S12.SD.HGT.PRE.AUSGKG.X,S12,SD,HGT,PRE,AUSGKG,X,cm,"SD Körperhöhe, Menge AUSGKG","Plan 12.09., K30 nachträglich für AUSG",,X,"ersetzt durch die Menge ANA (Analysepopulation, N4)"
S12.SD.MASS.PRE.IG.X,S12,SD,MASS,PRE,IG,X,kg,"SD Körpermasse, Menge IG","Plan 12.09., K30 nachträglich für AUSG",,X,"ersetzt durch die Menge ANA (Analysepopulation, N4)"
S12.SD.MASS.PRE.KG.X,S12,SD,MASS,PRE,KG,X,kg,"SD Körpermasse, Menge KG","Plan 12.09., K30 nachträglich für AUSG",,X,"ersetzt durch die Menge ANA (Analysepopulation, N4)"
S12.SD.MASS.PRE.VA.X,S12,SD,MASS,PRE,VA,X,kg,"SD Körpermasse, Menge VA","Plan 12.09., K30 nachträglich für AUSG",,X,"ersetzt durch die Menge ANA (Analysepopulation, N4)"
S12.SD.MASS.PRE.VB.X,S12,SD,MASS,PRE,VB,X,kg,"SD Körpermasse, Menge VB","Plan 12.09., K30 nachträglich für AUSG",,X,"ersetzt durch die Menge ANA (Analysepopulation, N4)"
S12.SD.MASS.PRE.VC.X,S12,SD,MASS,PRE,VC,X,kg,"SD Körpermasse, Menge VC","Plan 12.09., K30 nachträglich für AUSG",,X,"ersetzt durch die Menge ANA (Analysepopulation, N4)"
S12.SD.MASS.PRE.AUSGIG.X,S12,SD,MASS,PRE,AUSGIG,X,kg,"SD Körpermasse, Menge AUSGIG","Plan 12.09., K30 nachträglich für AUSG",,X,"ersetzt durch die Menge ANA (Analysepopulation, N4)"
S12.SD.MASS.PRE.AUSGKG.X,S12,SD,MASS,PRE,AUSGKG,X,kg,"SD Körpermasse, Menge AUSGKG","Plan 12.09., K30 nachträglich für AUSG",,X,"ersetzt durch die Menge ANA (Analysepopulation, N4)"
S12.SD.PAH.PRE.IG.X,S12,SD,PAH,PRE,IG,X,%,"SD %PAH, Menge IG","Plan 12.09., K30 nachträglich für AUSG",,X,"ersetzt durch die Menge ANA (Analysepopulation, N4)"
S12.SD.PAH.PRE.KG.X,S12,SD,PAH,PRE,KG,X,%,"SD %PAH, Menge KG","Plan 12.09., K30 nachträglich für AUSG",,X,"ersetzt durch die Menge ANA (Analysepopulation, N4)"
S12.SD.PAH.PRE.VA.X,S12,SD,PAH,PRE,VA,X,%,"SD %PAH, Menge VA","Plan 12.09., K30 nachträglich für AUSG",,X,"ersetzt durch die Menge ANA (Analysepopulation, N4)"
S12.SD.PAH.PRE.VB.X,S12,SD,PAH,PRE,VB,X,%,"SD %PAH, Menge VB","Plan 12.09., K30 nachträglich für AUSG",,X,"ersetzt durch die Menge ANA (Analysepopulation, N4)"
S12.SD.PAH.PRE.VC.X,S12,SD,PAH,PRE,VC,X,%,"SD %PAH, Menge VC","Plan 12.09., K30 nachträglich für AUSG",,X,"ersetzt durch die Menge ANA (Analysepopulation, N4)"
S12.SD.PAH.PRE.AUSGIG.X,S12,SD,PAH,PRE,AUSGIG,X,%,"SD %PAH, Menge AUSGIG","Plan 12.09., K30 nachträglich für AUSG",,X,"ersetzt durch die Menge ANA (Analysepopulation, N4)"
S12.SD.PAH.PRE.AUSGKG.X,S12,SD,PAH,PRE,AUSGKG,X,%,"SD %PAH, Menge AUSGKG","Plan 12.09., K30 nachträglich für AUSG",,X,"ersetzt durch die Menge ANA (Analysepopulation, N4)"
S12.MIN.AGE.PRE.IG.X,S12,MIN,AGE,PRE,IG,X,Jahre,"Minimum Alter, Menge IG","Plan 12.09., K30 nachträglich für AUSG",,X,"ersetzt durch die Menge ANA (Analysepopulation, N4)"
S12.MIN.AGE.PRE.KG.X,S12,MIN,AGE,PRE,KG,X,Jahre,"Minimum Alter, Menge KG","Plan 12.09., K30 nachträglich für AUSG",,X,"ersetzt durch die Menge ANA (Analysepopulation, N4)"
S12.MIN.AGE.PRE.VA.X,S12,MIN,AGE,PRE,VA,X,Jahre,"Minimum Alter, Menge VA","Plan 12.09., K30 nachträglich für AUSG",,X,"ersetzt durch die Menge ANA (Analysepopulation, N4)"
S12.MIN.AGE.PRE.VB.X,S12,MIN,AGE,PRE,VB,X,Jahre,"Minimum Alter, Menge VB","Plan 12.09., K30 nachträglich für AUSG",,X,"ersetzt durch die Menge ANA (Analysepopulation, N4)"
S12.MIN.AGE.PRE.VC.X,S12,MIN,AGE,PRE,VC,X,Jahre,"Minimum Alter, Menge VC","Plan 12.09., K30 nachträglich für AUSG",,X,"ersetzt durch die Menge ANA (Analysepopulation, N4)"
S12.MIN.AGE.PRE.AUSGIG.X,S12,MIN,AGE,PRE,AUSGIG,X,Jahre,"Minimum Alter, Menge AUSGIG","Plan 12.09., K30 nachträglich für AUSG",,X,"ersetzt durch die Menge ANA (Analysepopulation, N4)"
S12.MIN.AGE.PRE.AUSGKG.X,S12,MIN,AGE,PRE,AUSGKG,X,Jahre,"Minimum Alter, Menge AUSGKG","Plan 12.09., K30 nachträglich für AUSG",,X,"ersetzt durch die Menge ANA (Analysepopulation, N4)"
S12.MIN.HGT.PRE.IG.X,S12,MIN,HGT,PRE,IG,X,cm,"Minimum Körperhöhe, Menge IG","Plan 12.09., K30 nachträglich für AUSG",,X,"ersetzt durch die Menge ANA (Analysepopulation, N4)"
S12.MIN.HGT.PRE.KG.X,S12,MIN,HGT,PRE,KG,X,cm,"Minimum Körperhöhe, Menge KG","Plan 12.09., K30 nachträglich für AUSG",,X,"ersetzt durch die Menge ANA (Analysepopulation, N4)"
S12.MIN.HGT.PRE.VA.X,S12,MIN,HGT,PRE,VA,X,cm,"Minimum Körperhöhe, Menge VA","Plan 12.09., K30 nachträglich für AUSG",,X,"ersetzt durch die Menge ANA (Analysepopulation, N4)"
S12.MIN.HGT.PRE.VB.X,S12,MIN,HGT,PRE,VB,X,cm,"Minimum Körperhöhe, Menge VB","Plan 12.09., K30 nachträglich für AUSG",,X,"ersetzt durch die Menge ANA (Analysepopulation, N4)"
S12.MIN.HGT.PRE.VC.X,S12,MIN,HGT,PRE,VC,X,cm,"Minimum Körperhöhe, Menge VC","Plan 12.09., K30 nachträglich für AUSG",,X,"ersetzt durch die Menge ANA (Analysepopulation, N4)"
S12.MIN.HGT.PRE.AUSGIG.X,S12,MIN,HGT,PRE,AUSGIG,X,cm,"Minimum Körperhöhe, Menge AUSGIG","Plan 12.09., K30 nachträglich für AUSG",,X,"ersetzt durch die Menge ANA (Analysepopulation, N4)"
S12.MIN.HGT.PRE.AUSGKG.X,S12,MIN,HGT,PRE,AUSGKG,X,cm,"Minimum Körperhöhe, Menge AUSGKG","Plan 12.09., K30 nachträglich für AUSG",,X,"ersetzt durch die Menge ANA (Analysepopulation, N4)"
S12.MIN.MASS.PRE.IG.X,S12,MIN,MASS,PRE,IG,X,kg,"Minimum Körpermasse, Menge IG","Plan 12.09., K30 nachträglich für AUSG",,X,"ersetzt durch die Menge ANA (Analysepopulation, N4)"
S12.MIN.MASS.PRE.KG.X,S12,MIN,MASS,PRE,KG,X,kg,"Minimum Körpermasse, Menge KG","Plan 12.09., K30 nachträglich für AUSG",,X,"ersetzt durch die Menge ANA (Analysepopulation, N4)"
S12.MIN.MASS.PRE.VA.X,S12,MIN,MASS,PRE,VA,X,kg,"Minimum Körpermasse, Menge VA","Plan 12.09., K30 nachträglich für AUSG",,X,"ersetzt durch die Menge ANA (Analysepopulation, N4)"
S12.MIN.MASS.PRE.VB.X,S12,MIN,MASS,PRE,VB,X,kg,"Minimum Körpermasse, Menge VB","Plan 12.09., K30 nachträglich für AUSG",,X,"ersetzt durch die Menge ANA (Analysepopulation, N4)"
S12.MIN.MASS.PRE.VC.X,S12,MIN,MASS,PRE,VC,X,kg,"Minimum Körpermasse, Menge VC","Plan 12.09., K30 nachträglich für AUSG",,X,"ersetzt durch die Menge ANA (Analysepopulation, N4)"
S12.MIN.MASS.PRE.AUSGIG.X,S12,MIN,MASS,PRE,AUSGIG,X,kg,"Minimum Körpermasse, Menge AUSGIG","Plan 12.09., K30 nachträglich für AUSG",,X,"ersetzt durch die Menge ANA (Analysepopulation, N4)"
S12.MIN.MASS.PRE.AUSGKG.X,S12,MIN,MASS,PRE,AUSGKG,X,kg,"Minimum Körpermasse, Menge AUSGKG","Plan 12.09., K30 nachträglich für AUSG",,X,"ersetzt durch die Menge ANA (Analysepopulation, N4)"
S12.MIN.PAH.PRE.IG.X,S12,MIN,PAH,PRE,IG,X,%,"Minimum %PAH, Menge IG","Plan 12.09., K30 nachträglich für AUSG",,X,"ersetzt durch die Menge ANA (Analysepopulation, N4)"
S12.MIN.PAH.PRE.KG.X,S12,MIN,PAH,PRE,KG,X,%,"Minimum %PAH, Menge KG","Plan 12.09., K30 nachträglich für AUSG",,X,"ersetzt durch die Menge ANA (Analysepopulation, N4)"
S12.MIN.PAH.PRE.VA.X,S12,MIN,PAH,PRE,VA,X,%,"Minimum %PAH, Menge VA","Plan 12.09., K30 nachträglich für AUSG",,X,"ersetzt durch die Menge ANA (Analysepopulation, N4)"
S12.MIN.PAH.PRE.VB.X,S12,MIN,PAH,PRE,VB,X,%,"Minimum %PAH, Menge VB","Plan 12.09., K30 nachträglich für AUSG",,X,"ersetzt durch die Menge ANA (Analysepopulation, N4)"
S12.MIN.PAH.PRE.VC.X,S12,MIN,PAH,PRE,VC,X,%,"Minimum %PAH, Menge VC","Plan 12.09., K30 nachträglich für AUSG",,X,"ersetzt durch die Menge ANA (Analysepopulation, N4)"
S12.MIN.PAH.PRE.AUSGIG.X,S12,MIN,PAH,PRE,AUSGIG,X,%,"Minimum %PAH, Menge AUSGIG","Plan 12.09., K30 nachträglich für AUSG",,X,"ersetzt durch die Menge ANA (Analysepopulation, N4)"
S12.MIN.PAH.PRE.AUSGKG.X,S12,MIN,PAH,PRE,AUSGKG,X,%,"Minimum %PAH, Menge AUSGKG","Plan 12.09., K30 nachträglich für AUSG",,X,"ersetzt durch die Menge ANA (Analysepopulation, N4)"
S12.MAX.AGE.PRE.IG.X,S12,MAX,AGE,PRE,IG,X,Jahre,"Maximum Alter, Menge IG","Plan 12.09., K30 nachträglich für AUSG",,X,"ersetzt durch die Menge ANA (Analysepopulation, N4)"
S12.MAX.AGE.PRE.KG.X,S12,MAX,AGE,PRE,KG,X,Jahre,"Maximum Alter, Menge KG","Plan 12.09., K30 nachträglich für AUSG",,X,"ersetzt durch die Menge ANA (Analysepopulation, N4)"
S12.MAX.AGE.PRE.VA.X,S12,MAX,AGE,PRE,VA,X,Jahre,"Maximum Alter, Menge VA","Plan 12.09., K30 nachträglich für AUSG",,X,"ersetzt durch die Menge ANA (Analysepopulation, N4)"
S12.MAX.AGE.PRE.VB.X,S12,MAX,AGE,PRE,VB,X,Jahre,"Maximum Alter, Menge VB","Plan 12.09., K30 nachträglich für AUSG",,X,"ersetzt durch die Menge ANA (Analysepopulation, N4)"
S12.MAX.AGE.PRE.VC.X,S12,MAX,AGE,PRE,VC,X,Jahre,"Maximum Alter, Menge VC","Plan 12.09., K30 nachträglich für AUSG",,X,"ersetzt durch die Menge ANA (Analysepopulation, N4)"
S12.MAX.AGE.PRE.AUSGIG.X,S12,MAX,AGE,PRE,AUSGIG,X,Jahre,"Maximum Alter, Menge AUSGIG","Plan 12.09., K30 nachträglich für AUSG",,X,"ersetzt durch die Menge ANA (Analysepopulation, N4)"
S12.MAX.AGE.PRE.AUSGKG.X,S12,MAX,AGE,PRE,AUSGKG,X,Jahre,"Maximum Alter, Menge AUSGKG","Plan 12.09., K30 nachträglich für AUSG",,X,"ersetzt durch die Menge ANA (Analysepopulation, N4)"
S12.MAX.HGT.PRE.IG.X,S12,MAX,HGT,PRE,IG,X,cm,"Maximum Körperhöhe, Menge IG","Plan 12.09., K30 nachträglich für AUSG",,X,"ersetzt durch die Menge ANA (Analysepopulation, N4)"
S12.MAX.HGT.PRE.KG.X,S12,MAX,HGT,PRE,KG,X,cm,"Maximum Körperhöhe, Menge KG","Plan 12.09., K30 nachträglich für AUSG",,X,"ersetzt durch die Menge ANA (Analysepopulation, N4)"
S12.MAX.HGT.PRE.VA.X,S12,MAX,HGT,PRE,VA,X,cm,"Maximum Körperhöhe, Menge VA","Plan 12.09., K30 nachträglich für AUSG",,X,"ersetzt durch die Menge ANA (Analysepopulation, N4)"
S12.MAX.HGT.PRE.VB.X,S12,MAX,HGT,PRE,VB,X,cm,"Maximum Körperhöhe, Menge VB","Plan 12.09., K30 nachträglich für AUSG",,X,"ersetzt durch die Menge ANA (Analysepopulation, N4)"
S12.MAX.HGT.PRE.VC.X,S12,MAX,HGT,PRE,VC,X,cm,"Maximum Körperhöhe, Menge VC","Plan 12.09., K30 nachträglich für AUSG",,X,"ersetzt durch die Menge ANA (Analysepopulation, N4)"
S12.MAX.HGT.PRE.AUSGIG.X,S12,MAX,HGT,PRE,AUSGIG,X,cm,"Maximum Körperhöhe, Menge AUSGIG","Plan 12.09., K30 nachträglich für AUSG",,X,"ersetzt durch die Menge ANA (Analysepopulation, N4)"
S12.MAX.HGT.PRE.AUSGKG.X,S12,MAX,HGT,PRE,AUSGKG,X,cm,"Maximum Körperhöhe, Menge AUSGKG","Plan 12.09., K30 nachträglich für AUSG",,X,"ersetzt durch die Menge ANA (Analysepopulation, N4)"
S12.MAX.MASS.PRE.IG.X,S12,MAX,MASS,PRE,IG,X,kg,"Maximum Körpermasse, Menge IG","Plan 12.09., K30 nachträglich für AUSG",,X,"ersetzt durch die Menge ANA (Analysepopulation, N4)"
S12.MAX.MASS.PRE.KG.X,S12,MAX,MASS,PRE,KG,X,kg,"Maximum Körpermasse, Menge KG","Plan 12.09., K30 nachträglich für AUSG",,X,"ersetzt durch die Menge ANA (Analysepopulation, N4)"
S12.MAX.MASS.PRE.VA.X,S12,MAX,MASS,PRE,VA,X,kg,"Maximum Körpermasse, Menge VA","Plan 12.09., K30 nachträglich für AUSG",,X,"ersetzt durch die Menge ANA (Analysepopulation, N4)"
S12.MAX.MASS.PRE.VB.X,S12,MAX,MASS,PRE,VB,X,kg,"Maximum Körpermasse, Menge VB","Plan 12.09., K30 nachträglich für AUSG",,X,"ersetzt durch die Menge ANA (Analysepopulation, N4)"
S12.MAX.MASS.PRE.VC.X,S12,MAX,MASS,PRE,VC,X,kg,"Maximum Körpermasse, Menge VC","Plan 12.09., K30 nachträglich für AUSG",,X,"ersetzt durch die Menge ANA (Analysepopulation, N4)"
S12.MAX.MASS.PRE.AUSGIG.X,S12,MAX,MASS,PRE,AUSGIG,X,kg,"Maximum Körpermasse, Menge AUSGIG","Plan 12.09., K30 nachträglich für AUSG",,X,"ersetzt durch die Menge ANA (Analysepopulation, N4)"
S12.MAX.MASS.PRE.AUSGKG.X,S12,MAX,MASS,PRE,AUSGKG,X,kg,"Maximum Körpermasse, Menge AUSGKG","Plan 12.09., K30 nachträglich für AUSG",,X,"ersetzt durch die Menge ANA (Analysepopulation, N4)"
S12.MAX.PAH.PRE.IG.X,S12,MAX,PAH,PRE,IG,X,%,"Maximum %PAH, Menge IG","Plan 12.09., K30 nachträglich für AUSG",,X,"ersetzt durch die Menge ANA (Analysepopulation, N4)"
S12.MAX.PAH.PRE.KG.X,S12,MAX,PAH,PRE,KG,X,%,"Maximum %PAH, Menge KG","Plan 12.09., K30 nachträglich für AUSG",,X,"ersetzt durch die Menge ANA (Analysepopulation, N4)"
S12.MAX.PAH.PRE.VA.X,S12,MAX,PAH,PRE,VA,X,%,"Maximum %PAH, Menge VA","Plan 12.09., K30 nachträglich für AUSG",,X,"ersetzt durch die Menge ANA (Analysepopulation, N4)"
S12.MAX.PAH.PRE.VB.X,S12,MAX,PAH,PRE,VB,X,%,"Maximum %PAH, Menge VB","Plan 12.09., K30 nachträglich für AUSG",,X,"ersetzt durch die Menge ANA (Analysepopulation, N4)"
S12.MAX.PAH.PRE.VC.X,S12,MAX,PAH,PRE,VC,X,%,"Maximum %PAH, Menge VC","Plan 12.09., K30 nachträglich für AUSG",,X,"ersetzt durch die Menge ANA (Analysepopulation, N4)"
S12.MAX.PAH.PRE.AUSGIG.X,S12,MAX,PAH,PRE,AUSGIG,X,%,"Maximum %PAH, Menge AUSGIG","Plan 12.09., K30 nachträglich für AUSG",,X,"ersetzt durch die Menge ANA (Analysepopulation, N4)"
S12.MAX.PAH.PRE.AUSGKG.X,S12,MAX,PAH,PRE,AUSGKG,X,%,"Maximum %PAH, Menge AUSGKG","Plan 12.09., K30 nachträglich für AUSG",,X,"ersetzt durch die Menge ANA (Analysepopulation, N4)"
S12.NFAM1.FAM.PRE.IG.X,S12,NFAM1,FAM,PRE,IG,X,1,"Spieler mit Familiarisierung 1, Menge IG",Plan 12.09.,,T,4.3 Familiarisierung
S12.NFAM1.FAM.PRE.KG.X,S12,NFAM1,FAM,PRE,KG,X,1,"Spieler mit Familiarisierung 1, Menge KG",Plan 12.09.,,T,4.3 Familiarisierung
S12.NFAM1.FAM.PRE.VA.X,S12,NFAM1,FAM,PRE,VA,X,1,"Spieler mit Familiarisierung 1, Menge VA",Plan 12.09.,,X,je Verein
S12.NFAM1.FAM.PRE.VB.X,S12,NFAM1,FAM,PRE,VB,X,1,"Spieler mit Familiarisierung 1, Menge VB",Plan 12.09.,,X,je Verein
S12.NFAM1.FAM.PRE.VC.X,S12,NFAM1,FAM,PRE,VC,X,1,"Spieler mit Familiarisierung 1, Menge VC",Plan 12.09.,,X,je Verein
S12.NFAM2.FAM.PRE.IG.X,S12,NFAM2,FAM,PRE,IG,X,1,"Spieler mit Familiarisierung 2, Menge IG",Plan 12.09.,,T,4.3 Familiarisierung
S12.NFAM2.FAM.PRE.KG.X,S12,NFAM2,FAM,PRE,KG,X,1,"Spieler mit Familiarisierung 2, Menge KG",Plan 12.09.,,T,4.3 Familiarisierung
S12.NFAM2.FAM.PRE.VA.X,S12,NFAM2,FAM,PRE,VA,X,1,"Spieler mit Familiarisierung 2, Menge VA",Plan 12.09.,,X,je Verein
S12.NFAM2.FAM.PRE.VB.X,S12,NFAM2,FAM,PRE,VB,X,1,"Spieler mit Familiarisierung 2, Menge VB",Plan 12.09.,,X,je Verein
S12.NFAM2.FAM.PRE.VC.X,S12,NFAM2,FAM,PRE,VC,X,1,"Spieler mit Familiarisierung 2, Menge VC",Plan 12.09.,,X,je Verein
S12.NFAMNA.FAM.PRE.IG.X,S12,NFAMNA,FAM,PRE,IG,X,1,"Spieler mit Familiarisierung fehlend, Menge IG",Plan 12.09.,,T,4.3 Familiarisierung
S12.NFAMNA.FAM.PRE.KG.X,S12,NFAMNA,FAM,PRE,KG,X,1,"Spieler mit Familiarisierung fehlend, Menge KG",Plan 12.09.,,T,4.3 Familiarisierung
S12.NFAMNA.FAM.PRE.VA.X,S12,NFAMNA,FAM,PRE,VA,X,1,"Spieler mit Familiarisierung fehlend, Menge VA",Plan 12.09.,,X,je Verein
S12.NFAMNA.FAM.PRE.VB.X,S12,NFAMNA,FAM,PRE,VB,X,1,"Spieler mit Familiarisierung fehlend, Menge VB",Plan 12.09.,,X,je Verein
S12.NFAMNA.FAM.PRE.VC.X,S12,NFAMNA,FAM,PRE,VC,X,1,"Spieler mit Familiarisierung fehlend, Menge VC",Plan 12.09.,,X,je Verein
S12.OVLIG.PAH.PRE.ALL.X,S12,OVLIG,PAH,PRE,ALL,X,1,"IG-Spieler im gemeinsamen Bereich, %PAH","Plan 12.09., K26 nachträglich",,X,"ersetzt durch die Menge ANA (Analysepopulation, N4)"
S12.OVLKG.PAH.PRE.ALL.X,S12,OVLKG,PAH,PRE,ALL,X,1,"KG-Spieler im gemeinsamen Bereich, %PAH","Plan 12.09., K26 nachträglich",,X,"ersetzt durch die Menge ANA (Analysepopulation, N4)"
S12.OVLL.PAH.PRE.ALL.X,S12,OVLL,PAH,PRE,ALL,X,%,"untere Grenze des gemeinsamen Bereichs, %PAH","Plan 12.09., K26 nachträglich",,X,"ersetzt durch die Menge ANA (Analysepopulation, N4)"
S12.OVLU.PAH.PRE.ALL.X,S12,OVLU,PAH,PRE,ALL,X,%,"obere Grenze des gemeinsamen Bereichs, %PAH","Plan 12.09., K26 nachträglich",,X,"ersetzt durch die Menge ANA (Analysepopulation, N4)"
S12.D.Z05.PRE.BASE.HAUPT,S12,D,Z05,PRE,BASE,HAUPT,1,"Ausgangsunterschied d ohne J, Menge BASE, Sprint 5 m","Plan 12.09., K26 nachträglich",,A,Tab. H3 alle eingangsgetesteten Spieler
S12.D.Z05.PRE.ITT.HAUPT,S12,D,Z05,PRE,ITT,HAUPT,1,"Ausgangsunterschied d ohne J, Menge ITT, Sprint 5 m","Plan 12.09., K26 nachträglich",,T,Tab. 2 d
S12.D.Z10.PRE.BASE.HAUPT,S12,D,Z10,PRE,BASE,HAUPT,1,"Ausgangsunterschied d ohne J, Menge BASE, Sprint 10 m","Plan 12.09., K26 nachträglich",,A,Tab. H3 alle eingangsgetesteten Spieler
S12.D.Z10.PRE.ITT.HAUPT,S12,D,Z10,PRE,ITT,HAUPT,1,"Ausgangsunterschied d ohne J, Menge ITT, Sprint 10 m","Plan 12.09., K26 nachträglich",,T,Tab. 2 d
S12.D.Z30.PRE.BASE.HAUPT,S12,D,Z30,PRE,BASE,HAUPT,1,"Ausgangsunterschied d ohne J, Menge BASE, Sprint 30 m","Plan 12.09., K26 nachträglich",,A,Tab. H3 alle eingangsgetesteten Spieler
S12.D.Z30.PRE.ITT.HAUPT,S12,D,Z30,PRE,ITT,HAUPT,1,"Ausgangsunterschied d ohne J, Menge ITT, Sprint 30 m","Plan 12.09., K26 nachträglich",,T,Tab. 2 d
S12.D.SBJ.PRE.BASE.HAUPT,S12,D,SBJ,PRE,BASE,HAUPT,1,"Ausgangsunterschied d ohne J, Menge BASE, Standweitsprung","Plan 12.09., K26 nachträglich",,A,Tab. H3 alle eingangsgetesteten Spieler
S12.D.SBJ.PRE.ITT.HAUPT,S12,D,SBJ,PRE,ITT,HAUPT,1,"Ausgangsunterschied d ohne J, Menge ITT, Standweitsprung","Plan 12.09., K26 nachträglich",,T,Tab. 2 d
S12.D.CL.PRE.BASE.HAUPT,S12,D,CL,PRE,BASE,HAUPT,1,"Ausgangsunterschied d ohne J, Menge BASE, 505 links","Plan 12.09., K26 nachträglich",,A,Tab. H3 alle eingangsgetesteten Spieler
S12.D.CL.PRE.ITT.HAUPT,S12,D,CL,PRE,ITT,HAUPT,1,"Ausgangsunterschied d ohne J, Menge ITT, 505 links","Plan 12.09., K26 nachträglich",,T,Tab. 2 d
S12.D.CR.PRE.BASE.HAUPT,S12,D,CR,PRE,BASE,HAUPT,1,"Ausgangsunterschied d ohne J, Menge BASE, 505 rechts","Plan 12.09., K26 nachträglich",,A,Tab. H3 alle eingangsgetesteten Spieler
S12.D.CR.PRE.ITT.HAUPT,S12,D,CR,PRE,ITT,HAUPT,1,"Ausgangsunterschied d ohne J, Menge ITT, 505 rechts","Plan 12.09., K26 nachträglich",,T,Tab. 2 d
S12.D.CM.PRE.BASE.HAUPT,S12,D,CM,PRE,BASE,HAUPT,1,"Ausgangsunterschied d ohne J, Menge BASE, 505 Seitenmittel","Plan 12.09., K26 nachträglich",,A,Tab. H3 alle eingangsgetesteten Spieler
S12.D.CM.PRE.ITT.HAUPT,S12,D,CM,PRE,ITT,HAUPT,1,"Ausgangsunterschied d ohne J, Menge ITT, 505 Seitenmittel","Plan 12.09., K26 nachträglich",,T,Tab. 2 d
S12.OVLIG.Z05.PRE.BASE.HAUPT,S12,OVLIG,Z05,PRE,BASE,HAUPT,1,"IG-Spieler im gemeinsamen Bereich der Prä-Werte, Sprint 5 m","Plan 12.09., K26 nachträglich",,X,"Überlappung in BASE, ersetzt durch S14 im Analyseset"
S12.OVLIG.Z10.PRE.BASE.HAUPT,S12,OVLIG,Z10,PRE,BASE,HAUPT,1,"IG-Spieler im gemeinsamen Bereich der Prä-Werte, Sprint 10 m","Plan 12.09., K26 nachträglich",,X,"Überlappung in BASE, ersetzt durch S14 im Analyseset"
S12.OVLIG.Z30.PRE.BASE.HAUPT,S12,OVLIG,Z30,PRE,BASE,HAUPT,1,"IG-Spieler im gemeinsamen Bereich der Prä-Werte, Sprint 30 m","Plan 12.09., K26 nachträglich",,X,"Überlappung in BASE, ersetzt durch S14 im Analyseset"
S12.OVLIG.SBJ.PRE.BASE.HAUPT,S12,OVLIG,SBJ,PRE,BASE,HAUPT,1,"IG-Spieler im gemeinsamen Bereich der Prä-Werte, Standweitsprung","Plan 12.09., K26 nachträglich",,X,"Überlappung in BASE, ersetzt durch S14 im Analyseset"
S12.OVLIG.CL.PRE.BASE.HAUPT,S12,OVLIG,CL,PRE,BASE,HAUPT,1,"IG-Spieler im gemeinsamen Bereich der Prä-Werte, 505 links","Plan 12.09., K26 nachträglich",,X,"Überlappung in BASE, ersetzt durch S14 im Analyseset"
S12.OVLIG.CR.PRE.BASE.HAUPT,S12,OVLIG,CR,PRE,BASE,HAUPT,1,"IG-Spieler im gemeinsamen Bereich der Prä-Werte, 505 rechts","Plan 12.09., K26 nachträglich",,X,"Überlappung in BASE, ersetzt durch S14 im Analyseset"
S12.OVLIG.CM.PRE.BASE.HAUPT,S12,OVLIG,CM,PRE,BASE,HAUPT,1,"IG-Spieler im gemeinsamen Bereich der Prä-Werte, 505 Seitenmittel","Plan 12.09., K26 nachträglich",,X,"Überlappung in BASE, ersetzt durch S14 im Analyseset"
S12.OVLKG.Z05.PRE.BASE.HAUPT,S12,OVLKG,Z05,PRE,BASE,HAUPT,1,"KG-Spieler im gemeinsamen Bereich der Prä-Werte, Sprint 5 m","Plan 12.09., K26 nachträglich",,X,"Überlappung in BASE, ersetzt durch S14 im Analyseset"
S12.OVLKG.Z10.PRE.BASE.HAUPT,S12,OVLKG,Z10,PRE,BASE,HAUPT,1,"KG-Spieler im gemeinsamen Bereich der Prä-Werte, Sprint 10 m","Plan 12.09., K26 nachträglich",,X,"Überlappung in BASE, ersetzt durch S14 im Analyseset"
S12.OVLKG.Z30.PRE.BASE.HAUPT,S12,OVLKG,Z30,PRE,BASE,HAUPT,1,"KG-Spieler im gemeinsamen Bereich der Prä-Werte, Sprint 30 m","Plan 12.09., K26 nachträglich",,X,"Überlappung in BASE, ersetzt durch S14 im Analyseset"
S12.OVLKG.SBJ.PRE.BASE.HAUPT,S12,OVLKG,SBJ,PRE,BASE,HAUPT,1,"KG-Spieler im gemeinsamen Bereich der Prä-Werte, Standweitsprung","Plan 12.09., K26 nachträglich",,X,"Überlappung in BASE, ersetzt durch S14 im Analyseset"
S12.OVLKG.CL.PRE.BASE.HAUPT,S12,OVLKG,CL,PRE,BASE,HAUPT,1,"KG-Spieler im gemeinsamen Bereich der Prä-Werte, 505 links","Plan 12.09., K26 nachträglich",,X,"Überlappung in BASE, ersetzt durch S14 im Analyseset"
S12.OVLKG.CR.PRE.BASE.HAUPT,S12,OVLKG,CR,PRE,BASE,HAUPT,1,"KG-Spieler im gemeinsamen Bereich der Prä-Werte, 505 rechts","Plan 12.09., K26 nachträglich",,X,"Überlappung in BASE, ersetzt durch S14 im Analyseset"
S12.OVLKG.CM.PRE.BASE.HAUPT,S12,OVLKG,CM,PRE,BASE,HAUPT,1,"KG-Spieler im gemeinsamen Bereich der Prä-Werte, 505 Seitenmittel","Plan 12.09., K26 nachträglich",,X,"Überlappung in BASE, ersetzt durch S14 im Analyseset"
S12.OVLL.Z05.PRE.BASE.HAUPT,S12,OVLL,Z05,PRE,BASE,HAUPT,s,"untere Grenze des gemeinsamen Bereichs der Prä-Werte, Sprint 5 m","Plan 12.09., K26 nachträglich",,X,"Überlappung in BASE, ersetzt durch S14 im Analyseset"
S12.OVLL.Z10.PRE.BASE.HAUPT,S12,OVLL,Z10,PRE,BASE,HAUPT,s,"untere Grenze des gemeinsamen Bereichs der Prä-Werte, Sprint 10 m","Plan 12.09., K26 nachträglich",,X,"Überlappung in BASE, ersetzt durch S14 im Analyseset"
S12.OVLL.Z30.PRE.BASE.HAUPT,S12,OVLL,Z30,PRE,BASE,HAUPT,s,"untere Grenze des gemeinsamen Bereichs der Prä-Werte, Sprint 30 m","Plan 12.09., K26 nachträglich",,X,"Überlappung in BASE, ersetzt durch S14 im Analyseset"
S12.OVLL.SBJ.PRE.BASE.HAUPT,S12,OVLL,SBJ,PRE,BASE,HAUPT,cm,"untere Grenze des gemeinsamen Bereichs der Prä-Werte, Standweitsprung","Plan 12.09., K26 nachträglich",,X,"Überlappung in BASE, ersetzt durch S14 im Analyseset"
S12.OVLL.CL.PRE.BASE.HAUPT,S12,OVLL,CL,PRE,BASE,HAUPT,s,"untere Grenze des gemeinsamen Bereichs der Prä-Werte, 505 links","Plan 12.09., K26 nachträglich",,X,"Überlappung in BASE, ersetzt durch S14 im Analyseset"
S12.OVLL.CR.PRE.BASE.HAUPT,S12,OVLL,CR,PRE,BASE,HAUPT,s,"untere Grenze des gemeinsamen Bereichs der Prä-Werte, 505 rechts","Plan 12.09., K26 nachträglich",,X,"Überlappung in BASE, ersetzt durch S14 im Analyseset"
S12.OVLL.CM.PRE.BASE.HAUPT,S12,OVLL,CM,PRE,BASE,HAUPT,s,"untere Grenze des gemeinsamen Bereichs der Prä-Werte, 505 Seitenmittel","Plan 12.09., K26 nachträglich",,X,"Überlappung in BASE, ersetzt durch S14 im Analyseset"
S12.OVLU.Z05.PRE.BASE.HAUPT,S12,OVLU,Z05,PRE,BASE,HAUPT,s,"obere Grenze des gemeinsamen Bereichs der Prä-Werte, Sprint 5 m","Plan 12.09., K26 nachträglich",,X,"Überlappung in BASE, ersetzt durch S14 im Analyseset"
S12.OVLU.Z10.PRE.BASE.HAUPT,S12,OVLU,Z10,PRE,BASE,HAUPT,s,"obere Grenze des gemeinsamen Bereichs der Prä-Werte, Sprint 10 m","Plan 12.09., K26 nachträglich",,X,"Überlappung in BASE, ersetzt durch S14 im Analyseset"
S12.OVLU.Z30.PRE.BASE.HAUPT,S12,OVLU,Z30,PRE,BASE,HAUPT,s,"obere Grenze des gemeinsamen Bereichs der Prä-Werte, Sprint 30 m","Plan 12.09., K26 nachträglich",,X,"Überlappung in BASE, ersetzt durch S14 im Analyseset"
S12.OVLU.SBJ.PRE.BASE.HAUPT,S12,OVLU,SBJ,PRE,BASE,HAUPT,cm,"obere Grenze des gemeinsamen Bereichs der Prä-Werte, Standweitsprung","Plan 12.09., K26 nachträglich",,X,"Überlappung in BASE, ersetzt durch S14 im Analyseset"
S12.OVLU.CL.PRE.BASE.HAUPT,S12,OVLU,CL,PRE,BASE,HAUPT,s,"obere Grenze des gemeinsamen Bereichs der Prä-Werte, 505 links","Plan 12.09., K26 nachträglich",,X,"Überlappung in BASE, ersetzt durch S14 im Analyseset"
S12.OVLU.CR.PRE.BASE.HAUPT,S12,OVLU,CR,PRE,BASE,HAUPT,s,"obere Grenze des gemeinsamen Bereichs der Prä-Werte, 505 rechts","Plan 12.09., K26 nachträglich",,X,"Überlappung in BASE, ersetzt durch S14 im Analyseset"
S12.OVLU.CM.PRE.BASE.HAUPT,S12,OVLU,CM,PRE,BASE,HAUPT,s,"obere Grenze des gemeinsamen Bereichs der Prä-Werte, 505 Seitenmittel","Plan 12.09., K26 nachträglich",,X,"Überlappung in BASE, ersetzt durch S14 im Analyseset"
S12.N.Z05.PRE.IG.HAUPT,S12,N,Z05,PRE,IG,HAUPT,1,"n BEST, alle Fälle der Zelle, Sprint 5 m, Menge IG",K29 nachträglich,,A,Tab. H3 alle eingangsgetesteten Spieler
S12.N.Z05.PRE.KG.HAUPT,S12,N,Z05,PRE,KG,HAUPT,1,"n BEST, alle Fälle der Zelle, Sprint 5 m, Menge KG",K29 nachträglich,,A,Tab. H3 alle eingangsgetesteten Spieler
S12.N.Z05.POST.IG.HAUPT,S12,N,Z05,POST,IG,HAUPT,1,"n BEST, alle Fälle der Zelle, Sprint 5 m, Menge IG",K29 nachträglich,,X,Post aller Fälle und Mittelwertaggregat
S12.N.Z05.POST.KG.HAUPT,S12,N,Z05,POST,KG,HAUPT,1,"n BEST, alle Fälle der Zelle, Sprint 5 m, Menge KG",K29 nachträglich,,X,Post aller Fälle und Mittelwertaggregat
S12.N.Z10.PRE.IG.HAUPT,S12,N,Z10,PRE,IG,HAUPT,1,"n BEST, alle Fälle der Zelle, Sprint 10 m, Menge IG",K29 nachträglich,,A,Tab. H3 alle eingangsgetesteten Spieler
S12.N.Z10.PRE.KG.HAUPT,S12,N,Z10,PRE,KG,HAUPT,1,"n BEST, alle Fälle der Zelle, Sprint 10 m, Menge KG",K29 nachträglich,,A,Tab. H3 alle eingangsgetesteten Spieler
S12.N.Z10.POST.IG.HAUPT,S12,N,Z10,POST,IG,HAUPT,1,"n BEST, alle Fälle der Zelle, Sprint 10 m, Menge IG",K29 nachträglich,,X,Post aller Fälle und Mittelwertaggregat
S12.N.Z10.POST.KG.HAUPT,S12,N,Z10,POST,KG,HAUPT,1,"n BEST, alle Fälle der Zelle, Sprint 10 m, Menge KG",K29 nachträglich,,X,Post aller Fälle und Mittelwertaggregat
S12.N.Z30.PRE.IG.HAUPT,S12,N,Z30,PRE,IG,HAUPT,1,"n BEST, alle Fälle der Zelle, Sprint 30 m, Menge IG",K29 nachträglich,,A,Tab. H3 alle eingangsgetesteten Spieler
S12.N.Z30.PRE.KG.HAUPT,S12,N,Z30,PRE,KG,HAUPT,1,"n BEST, alle Fälle der Zelle, Sprint 30 m, Menge KG",K29 nachträglich,,A,Tab. H3 alle eingangsgetesteten Spieler
S12.N.Z30.POST.IG.HAUPT,S12,N,Z30,POST,IG,HAUPT,1,"n BEST, alle Fälle der Zelle, Sprint 30 m, Menge IG",K29 nachträglich,,X,Post aller Fälle und Mittelwertaggregat
S12.N.Z30.POST.KG.HAUPT,S12,N,Z30,POST,KG,HAUPT,1,"n BEST, alle Fälle der Zelle, Sprint 30 m, Menge KG",K29 nachträglich,,X,Post aller Fälle und Mittelwertaggregat
S12.N.SBJ.PRE.IG.HAUPT,S12,N,SBJ,PRE,IG,HAUPT,1,"n BEST, alle Fälle der Zelle, Standweitsprung, Menge IG",K29 nachträglich,,A,Tab. H3 alle eingangsgetesteten Spieler
S12.N.SBJ.PRE.KG.HAUPT,S12,N,SBJ,PRE,KG,HAUPT,1,"n BEST, alle Fälle der Zelle, Standweitsprung, Menge KG",K29 nachträglich,,A,Tab. H3 alle eingangsgetesteten Spieler
S12.N.SBJ.POST.IG.HAUPT,S12,N,SBJ,POST,IG,HAUPT,1,"n BEST, alle Fälle der Zelle, Standweitsprung, Menge IG",K29 nachträglich,,X,Post aller Fälle und Mittelwertaggregat
S12.N.SBJ.POST.KG.HAUPT,S12,N,SBJ,POST,KG,HAUPT,1,"n BEST, alle Fälle der Zelle, Standweitsprung, Menge KG",K29 nachträglich,,X,Post aller Fälle und Mittelwertaggregat
S12.N.CL.PRE.IG.HAUPT,S12,N,CL,PRE,IG,HAUPT,1,"n BEST, alle Fälle der Zelle, 505 links, Menge IG",K29 nachträglich,,A,Tab. H3 alle eingangsgetesteten Spieler
S12.N.CL.PRE.KG.HAUPT,S12,N,CL,PRE,KG,HAUPT,1,"n BEST, alle Fälle der Zelle, 505 links, Menge KG",K29 nachträglich,,A,Tab. H3 alle eingangsgetesteten Spieler
S12.N.CL.POST.IG.HAUPT,S12,N,CL,POST,IG,HAUPT,1,"n BEST, alle Fälle der Zelle, 505 links, Menge IG",K29 nachträglich,,X,Post aller Fälle und Mittelwertaggregat
S12.N.CL.POST.KG.HAUPT,S12,N,CL,POST,KG,HAUPT,1,"n BEST, alle Fälle der Zelle, 505 links, Menge KG",K29 nachträglich,,X,Post aller Fälle und Mittelwertaggregat
S12.N.CR.PRE.IG.HAUPT,S12,N,CR,PRE,IG,HAUPT,1,"n BEST, alle Fälle der Zelle, 505 rechts, Menge IG",K29 nachträglich,,A,Tab. H3 alle eingangsgetesteten Spieler
S12.N.CR.PRE.KG.HAUPT,S12,N,CR,PRE,KG,HAUPT,1,"n BEST, alle Fälle der Zelle, 505 rechts, Menge KG",K29 nachträglich,,A,Tab. H3 alle eingangsgetesteten Spieler
S12.N.CR.POST.IG.HAUPT,S12,N,CR,POST,IG,HAUPT,1,"n BEST, alle Fälle der Zelle, 505 rechts, Menge IG",K29 nachträglich,,X,Post aller Fälle und Mittelwertaggregat
S12.N.CR.POST.KG.HAUPT,S12,N,CR,POST,KG,HAUPT,1,"n BEST, alle Fälle der Zelle, 505 rechts, Menge KG",K29 nachträglich,,X,Post aller Fälle und Mittelwertaggregat
S12.N.CM.PRE.IG.HAUPT,S12,N,CM,PRE,IG,HAUPT,1,"n BEST, alle Fälle der Zelle, 505 Seitenmittel, Menge IG",K29 nachträglich,,A,Tab. H3 alle eingangsgetesteten Spieler
S12.N.CM.PRE.KG.HAUPT,S12,N,CM,PRE,KG,HAUPT,1,"n BEST, alle Fälle der Zelle, 505 Seitenmittel, Menge KG",K29 nachträglich,,A,Tab. H3 alle eingangsgetesteten Spieler
S12.N.CM.POST.IG.HAUPT,S12,N,CM,POST,IG,HAUPT,1,"n BEST, alle Fälle der Zelle, 505 Seitenmittel, Menge IG",K29 nachträglich,,X,Post aller Fälle und Mittelwertaggregat
S12.N.CM.POST.KG.HAUPT,S12,N,CM,POST,KG,HAUPT,1,"n BEST, alle Fälle der Zelle, 505 Seitenmittel, Menge KG",K29 nachträglich,,X,Post aller Fälle und Mittelwertaggregat
S12.M.Z05.PRE.IG.HAUPT,S12,M,Z05,PRE,IG,HAUPT,s,"Mittel BEST, alle Fälle der Zelle, Sprint 5 m, Menge IG",K29 nachträglich,,A,Tab. H3 alle eingangsgetesteten Spieler
S12.M.Z05.PRE.KG.HAUPT,S12,M,Z05,PRE,KG,HAUPT,s,"Mittel BEST, alle Fälle der Zelle, Sprint 5 m, Menge KG",K29 nachträglich,,A,Tab. H3 alle eingangsgetesteten Spieler
S12.M.Z05.POST.IG.HAUPT,S12,M,Z05,POST,IG,HAUPT,s,"Mittel BEST, alle Fälle der Zelle, Sprint 5 m, Menge IG",K29 nachträglich,,X,Post aller Fälle und Mittelwertaggregat
S12.M.Z05.POST.KG.HAUPT,S12,M,Z05,POST,KG,HAUPT,s,"Mittel BEST, alle Fälle der Zelle, Sprint 5 m, Menge KG",K29 nachträglich,,X,Post aller Fälle und Mittelwertaggregat
S12.M.Z10.PRE.IG.HAUPT,S12,M,Z10,PRE,IG,HAUPT,s,"Mittel BEST, alle Fälle der Zelle, Sprint 10 m, Menge IG",K29 nachträglich,,A,Tab. H3 alle eingangsgetesteten Spieler
S12.M.Z10.PRE.KG.HAUPT,S12,M,Z10,PRE,KG,HAUPT,s,"Mittel BEST, alle Fälle der Zelle, Sprint 10 m, Menge KG",K29 nachträglich,,A,Tab. H3 alle eingangsgetesteten Spieler
S12.M.Z10.POST.IG.HAUPT,S12,M,Z10,POST,IG,HAUPT,s,"Mittel BEST, alle Fälle der Zelle, Sprint 10 m, Menge IG",K29 nachträglich,,X,Post aller Fälle und Mittelwertaggregat
S12.M.Z10.POST.KG.HAUPT,S12,M,Z10,POST,KG,HAUPT,s,"Mittel BEST, alle Fälle der Zelle, Sprint 10 m, Menge KG",K29 nachträglich,,X,Post aller Fälle und Mittelwertaggregat
S12.M.Z30.PRE.IG.HAUPT,S12,M,Z30,PRE,IG,HAUPT,s,"Mittel BEST, alle Fälle der Zelle, Sprint 30 m, Menge IG",K29 nachträglich,,A,Tab. H3 alle eingangsgetesteten Spieler
S12.M.Z30.PRE.KG.HAUPT,S12,M,Z30,PRE,KG,HAUPT,s,"Mittel BEST, alle Fälle der Zelle, Sprint 30 m, Menge KG",K29 nachträglich,,A,Tab. H3 alle eingangsgetesteten Spieler
S12.M.Z30.POST.IG.HAUPT,S12,M,Z30,POST,IG,HAUPT,s,"Mittel BEST, alle Fälle der Zelle, Sprint 30 m, Menge IG",K29 nachträglich,,X,Post aller Fälle und Mittelwertaggregat
S12.M.Z30.POST.KG.HAUPT,S12,M,Z30,POST,KG,HAUPT,s,"Mittel BEST, alle Fälle der Zelle, Sprint 30 m, Menge KG",K29 nachträglich,,X,Post aller Fälle und Mittelwertaggregat
S12.M.SBJ.PRE.IG.HAUPT,S12,M,SBJ,PRE,IG,HAUPT,cm,"Mittel BEST, alle Fälle der Zelle, Standweitsprung, Menge IG",K29 nachträglich,,A,Tab. H3 alle eingangsgetesteten Spieler
S12.M.SBJ.PRE.KG.HAUPT,S12,M,SBJ,PRE,KG,HAUPT,cm,"Mittel BEST, alle Fälle der Zelle, Standweitsprung, Menge KG",K29 nachträglich,,A,Tab. H3 alle eingangsgetesteten Spieler
S12.M.SBJ.POST.IG.HAUPT,S12,M,SBJ,POST,IG,HAUPT,cm,"Mittel BEST, alle Fälle der Zelle, Standweitsprung, Menge IG",K29 nachträglich,,X,Post aller Fälle und Mittelwertaggregat
S12.M.SBJ.POST.KG.HAUPT,S12,M,SBJ,POST,KG,HAUPT,cm,"Mittel BEST, alle Fälle der Zelle, Standweitsprung, Menge KG",K29 nachträglich,,X,Post aller Fälle und Mittelwertaggregat
S12.M.CL.PRE.IG.HAUPT,S12,M,CL,PRE,IG,HAUPT,s,"Mittel BEST, alle Fälle der Zelle, 505 links, Menge IG",K29 nachträglich,,A,Tab. H3 alle eingangsgetesteten Spieler
S12.M.CL.PRE.KG.HAUPT,S12,M,CL,PRE,KG,HAUPT,s,"Mittel BEST, alle Fälle der Zelle, 505 links, Menge KG",K29 nachträglich,,A,Tab. H3 alle eingangsgetesteten Spieler
S12.M.CL.POST.IG.HAUPT,S12,M,CL,POST,IG,HAUPT,s,"Mittel BEST, alle Fälle der Zelle, 505 links, Menge IG",K29 nachträglich,,X,Post aller Fälle und Mittelwertaggregat
S12.M.CL.POST.KG.HAUPT,S12,M,CL,POST,KG,HAUPT,s,"Mittel BEST, alle Fälle der Zelle, 505 links, Menge KG",K29 nachträglich,,X,Post aller Fälle und Mittelwertaggregat
S12.M.CR.PRE.IG.HAUPT,S12,M,CR,PRE,IG,HAUPT,s,"Mittel BEST, alle Fälle der Zelle, 505 rechts, Menge IG",K29 nachträglich,,A,Tab. H3 alle eingangsgetesteten Spieler
S12.M.CR.PRE.KG.HAUPT,S12,M,CR,PRE,KG,HAUPT,s,"Mittel BEST, alle Fälle der Zelle, 505 rechts, Menge KG",K29 nachträglich,,A,Tab. H3 alle eingangsgetesteten Spieler
S12.M.CR.POST.IG.HAUPT,S12,M,CR,POST,IG,HAUPT,s,"Mittel BEST, alle Fälle der Zelle, 505 rechts, Menge IG",K29 nachträglich,,X,Post aller Fälle und Mittelwertaggregat
S12.M.CR.POST.KG.HAUPT,S12,M,CR,POST,KG,HAUPT,s,"Mittel BEST, alle Fälle der Zelle, 505 rechts, Menge KG",K29 nachträglich,,X,Post aller Fälle und Mittelwertaggregat
S12.M.CM.PRE.IG.HAUPT,S12,M,CM,PRE,IG,HAUPT,s,"Mittel BEST, alle Fälle der Zelle, 505 Seitenmittel, Menge IG",K29 nachträglich,,A,Tab. H3 alle eingangsgetesteten Spieler
S12.M.CM.PRE.KG.HAUPT,S12,M,CM,PRE,KG,HAUPT,s,"Mittel BEST, alle Fälle der Zelle, 505 Seitenmittel, Menge KG",K29 nachträglich,,A,Tab. H3 alle eingangsgetesteten Spieler
S12.M.CM.POST.IG.HAUPT,S12,M,CM,POST,IG,HAUPT,s,"Mittel BEST, alle Fälle der Zelle, 505 Seitenmittel, Menge IG",K29 nachträglich,,X,Post aller Fälle und Mittelwertaggregat
S12.M.CM.POST.KG.HAUPT,S12,M,CM,POST,KG,HAUPT,s,"Mittel BEST, alle Fälle der Zelle, 505 Seitenmittel, Menge KG",K29 nachträglich,,X,Post aller Fälle und Mittelwertaggregat
S12.SD.Z05.PRE.IG.HAUPT,S12,SD,Z05,PRE,IG,HAUPT,s,"SD BEST, alle Fälle der Zelle, Sprint 5 m, Menge IG",K29 nachträglich,,A,Tab. H3 alle eingangsgetesteten Spieler
S12.SD.Z05.PRE.KG.HAUPT,S12,SD,Z05,PRE,KG,HAUPT,s,"SD BEST, alle Fälle der Zelle, Sprint 5 m, Menge KG",K29 nachträglich,,A,Tab. H3 alle eingangsgetesteten Spieler
S12.SD.Z05.POST.IG.HAUPT,S12,SD,Z05,POST,IG,HAUPT,s,"SD BEST, alle Fälle der Zelle, Sprint 5 m, Menge IG",K29 nachträglich,,X,Post aller Fälle und Mittelwertaggregat
S12.SD.Z05.POST.KG.HAUPT,S12,SD,Z05,POST,KG,HAUPT,s,"SD BEST, alle Fälle der Zelle, Sprint 5 m, Menge KG",K29 nachträglich,,X,Post aller Fälle und Mittelwertaggregat
S12.SD.Z10.PRE.IG.HAUPT,S12,SD,Z10,PRE,IG,HAUPT,s,"SD BEST, alle Fälle der Zelle, Sprint 10 m, Menge IG",K29 nachträglich,,A,Tab. H3 alle eingangsgetesteten Spieler
S12.SD.Z10.PRE.KG.HAUPT,S12,SD,Z10,PRE,KG,HAUPT,s,"SD BEST, alle Fälle der Zelle, Sprint 10 m, Menge KG",K29 nachträglich,,A,Tab. H3 alle eingangsgetesteten Spieler
S12.SD.Z10.POST.IG.HAUPT,S12,SD,Z10,POST,IG,HAUPT,s,"SD BEST, alle Fälle der Zelle, Sprint 10 m, Menge IG",K29 nachträglich,,X,Post aller Fälle und Mittelwertaggregat
S12.SD.Z10.POST.KG.HAUPT,S12,SD,Z10,POST,KG,HAUPT,s,"SD BEST, alle Fälle der Zelle, Sprint 10 m, Menge KG",K29 nachträglich,,X,Post aller Fälle und Mittelwertaggregat
S12.SD.Z30.PRE.IG.HAUPT,S12,SD,Z30,PRE,IG,HAUPT,s,"SD BEST, alle Fälle der Zelle, Sprint 30 m, Menge IG",K29 nachträglich,,A,Tab. H3 alle eingangsgetesteten Spieler
S12.SD.Z30.PRE.KG.HAUPT,S12,SD,Z30,PRE,KG,HAUPT,s,"SD BEST, alle Fälle der Zelle, Sprint 30 m, Menge KG",K29 nachträglich,,A,Tab. H3 alle eingangsgetesteten Spieler
S12.SD.Z30.POST.IG.HAUPT,S12,SD,Z30,POST,IG,HAUPT,s,"SD BEST, alle Fälle der Zelle, Sprint 30 m, Menge IG",K29 nachträglich,,X,Post aller Fälle und Mittelwertaggregat
S12.SD.Z30.POST.KG.HAUPT,S12,SD,Z30,POST,KG,HAUPT,s,"SD BEST, alle Fälle der Zelle, Sprint 30 m, Menge KG",K29 nachträglich,,X,Post aller Fälle und Mittelwertaggregat
S12.SD.SBJ.PRE.IG.HAUPT,S12,SD,SBJ,PRE,IG,HAUPT,cm,"SD BEST, alle Fälle der Zelle, Standweitsprung, Menge IG",K29 nachträglich,,A,Tab. H3 alle eingangsgetesteten Spieler
S12.SD.SBJ.PRE.KG.HAUPT,S12,SD,SBJ,PRE,KG,HAUPT,cm,"SD BEST, alle Fälle der Zelle, Standweitsprung, Menge KG",K29 nachträglich,,A,Tab. H3 alle eingangsgetesteten Spieler
S12.SD.SBJ.POST.IG.HAUPT,S12,SD,SBJ,POST,IG,HAUPT,cm,"SD BEST, alle Fälle der Zelle, Standweitsprung, Menge IG",K29 nachträglich,,X,Post aller Fälle und Mittelwertaggregat
S12.SD.SBJ.POST.KG.HAUPT,S12,SD,SBJ,POST,KG,HAUPT,cm,"SD BEST, alle Fälle der Zelle, Standweitsprung, Menge KG",K29 nachträglich,,X,Post aller Fälle und Mittelwertaggregat
S12.SD.CL.PRE.IG.HAUPT,S12,SD,CL,PRE,IG,HAUPT,s,"SD BEST, alle Fälle der Zelle, 505 links, Menge IG",K29 nachträglich,,A,Tab. H3 alle eingangsgetesteten Spieler
S12.SD.CL.PRE.KG.HAUPT,S12,SD,CL,PRE,KG,HAUPT,s,"SD BEST, alle Fälle der Zelle, 505 links, Menge KG",K29 nachträglich,,A,Tab. H3 alle eingangsgetesteten Spieler
S12.SD.CL.POST.IG.HAUPT,S12,SD,CL,POST,IG,HAUPT,s,"SD BEST, alle Fälle der Zelle, 505 links, Menge IG",K29 nachträglich,,X,Post aller Fälle und Mittelwertaggregat
S12.SD.CL.POST.KG.HAUPT,S12,SD,CL,POST,KG,HAUPT,s,"SD BEST, alle Fälle der Zelle, 505 links, Menge KG",K29 nachträglich,,X,Post aller Fälle und Mittelwertaggregat
S12.SD.CR.PRE.IG.HAUPT,S12,SD,CR,PRE,IG,HAUPT,s,"SD BEST, alle Fälle der Zelle, 505 rechts, Menge IG",K29 nachträglich,,A,Tab. H3 alle eingangsgetesteten Spieler
S12.SD.CR.PRE.KG.HAUPT,S12,SD,CR,PRE,KG,HAUPT,s,"SD BEST, alle Fälle der Zelle, 505 rechts, Menge KG",K29 nachträglich,,A,Tab. H3 alle eingangsgetesteten Spieler
S12.SD.CR.POST.IG.HAUPT,S12,SD,CR,POST,IG,HAUPT,s,"SD BEST, alle Fälle der Zelle, 505 rechts, Menge IG",K29 nachträglich,,X,Post aller Fälle und Mittelwertaggregat
S12.SD.CR.POST.KG.HAUPT,S12,SD,CR,POST,KG,HAUPT,s,"SD BEST, alle Fälle der Zelle, 505 rechts, Menge KG",K29 nachträglich,,X,Post aller Fälle und Mittelwertaggregat
S12.SD.CM.PRE.IG.HAUPT,S12,SD,CM,PRE,IG,HAUPT,s,"SD BEST, alle Fälle der Zelle, 505 Seitenmittel, Menge IG",K29 nachträglich,,A,Tab. H3 alle eingangsgetesteten Spieler
S12.SD.CM.PRE.KG.HAUPT,S12,SD,CM,PRE,KG,HAUPT,s,"SD BEST, alle Fälle der Zelle, 505 Seitenmittel, Menge KG",K29 nachträglich,,A,Tab. H3 alle eingangsgetesteten Spieler
S12.SD.CM.POST.IG.HAUPT,S12,SD,CM,POST,IG,HAUPT,s,"SD BEST, alle Fälle der Zelle, 505 Seitenmittel, Menge IG",K29 nachträglich,,X,Post aller Fälle und Mittelwertaggregat
S12.SD.CM.POST.KG.HAUPT,S12,SD,CM,POST,KG,HAUPT,s,"SD BEST, alle Fälle der Zelle, 505 Seitenmittel, Menge KG",K29 nachträglich,,X,Post aller Fälle und Mittelwertaggregat
S12.N.Z05.PRE.ITTIG.HAUPT,S12,N,Z05,PRE,ITTIG,HAUPT,1,"n BEST im ITT-Set, Sprint 5 m, Menge ITTIG",Plan 12.09.,,T,Tab. 2
S12.N.Z05.PRE.ITTIG.MW,S12,N,Z05,PRE,ITTIG,MW,1,"n MEAN im ITT-Set, Sprint 5 m, Menge ITTIG",Plan 12.09.,,X,Post aller Fälle und Mittelwertaggregat
S12.N.Z05.PRE.ITTKG.HAUPT,S12,N,Z05,PRE,ITTKG,HAUPT,1,"n BEST im ITT-Set, Sprint 5 m, Menge ITTKG",Plan 12.09.,,T,Tab. 2
S12.N.Z05.PRE.ITTKG.MW,S12,N,Z05,PRE,ITTKG,MW,1,"n MEAN im ITT-Set, Sprint 5 m, Menge ITTKG",Plan 12.09.,,X,Post aller Fälle und Mittelwertaggregat
S12.N.Z05.POST.ITTIG.HAUPT,S12,N,Z05,POST,ITTIG,HAUPT,1,"n BEST im ITT-Set, Sprint 5 m, Menge ITTIG",Plan 12.09.,,A,Tab. H3 deskriptive Zielgrößen
S12.N.Z05.POST.ITTIG.MW,S12,N,Z05,POST,ITTIG,MW,1,"n MEAN im ITT-Set, Sprint 5 m, Menge ITTIG",Plan 12.09.,,X,Post aller Fälle und Mittelwertaggregat
S12.N.Z05.POST.ITTKG.HAUPT,S12,N,Z05,POST,ITTKG,HAUPT,1,"n BEST im ITT-Set, Sprint 5 m, Menge ITTKG",Plan 12.09.,,A,Tab. H3 deskriptive Zielgrößen
S12.N.Z05.POST.ITTKG.MW,S12,N,Z05,POST,ITTKG,MW,1,"n MEAN im ITT-Set, Sprint 5 m, Menge ITTKG",Plan 12.09.,,X,Post aller Fälle und Mittelwertaggregat
S12.N.Z10.PRE.ITTIG.HAUPT,S12,N,Z10,PRE,ITTIG,HAUPT,1,"n BEST im ITT-Set, Sprint 10 m, Menge ITTIG",Plan 12.09.,,T,Tab. 2
S12.N.Z10.PRE.ITTIG.MW,S12,N,Z10,PRE,ITTIG,MW,1,"n MEAN im ITT-Set, Sprint 10 m, Menge ITTIG",Plan 12.09.,,X,Post aller Fälle und Mittelwertaggregat
S12.N.Z10.PRE.ITTKG.HAUPT,S12,N,Z10,PRE,ITTKG,HAUPT,1,"n BEST im ITT-Set, Sprint 10 m, Menge ITTKG",Plan 12.09.,,T,Tab. 2
S12.N.Z10.PRE.ITTKG.MW,S12,N,Z10,PRE,ITTKG,MW,1,"n MEAN im ITT-Set, Sprint 10 m, Menge ITTKG",Plan 12.09.,,X,Post aller Fälle und Mittelwertaggregat
S12.N.Z10.POST.ITTIG.HAUPT,S12,N,Z10,POST,ITTIG,HAUPT,1,"n BEST im ITT-Set, Sprint 10 m, Menge ITTIG",Plan 12.09.,,A,Tab. H3 deskriptive Zielgrößen
S12.N.Z10.POST.ITTIG.MW,S12,N,Z10,POST,ITTIG,MW,1,"n MEAN im ITT-Set, Sprint 10 m, Menge ITTIG",Plan 12.09.,,X,Post aller Fälle und Mittelwertaggregat
S12.N.Z10.POST.ITTKG.HAUPT,S12,N,Z10,POST,ITTKG,HAUPT,1,"n BEST im ITT-Set, Sprint 10 m, Menge ITTKG",Plan 12.09.,,A,Tab. H3 deskriptive Zielgrößen
S12.N.Z10.POST.ITTKG.MW,S12,N,Z10,POST,ITTKG,MW,1,"n MEAN im ITT-Set, Sprint 10 m, Menge ITTKG",Plan 12.09.,,X,Post aller Fälle und Mittelwertaggregat
S12.N.Z30.PRE.ITTIG.HAUPT,S12,N,Z30,PRE,ITTIG,HAUPT,1,"n BEST im ITT-Set, Sprint 30 m, Menge ITTIG",Plan 12.09.,,T,Tab. 2
S12.N.Z30.PRE.ITTIG.MW,S12,N,Z30,PRE,ITTIG,MW,1,"n MEAN im ITT-Set, Sprint 30 m, Menge ITTIG",Plan 12.09.,,X,Post aller Fälle und Mittelwertaggregat
S12.N.Z30.PRE.ITTKG.HAUPT,S12,N,Z30,PRE,ITTKG,HAUPT,1,"n BEST im ITT-Set, Sprint 30 m, Menge ITTKG",Plan 12.09.,,T,Tab. 2
S12.N.Z30.PRE.ITTKG.MW,S12,N,Z30,PRE,ITTKG,MW,1,"n MEAN im ITT-Set, Sprint 30 m, Menge ITTKG",Plan 12.09.,,X,Post aller Fälle und Mittelwertaggregat
S12.N.Z30.POST.ITTIG.HAUPT,S12,N,Z30,POST,ITTIG,HAUPT,1,"n BEST im ITT-Set, Sprint 30 m, Menge ITTIG",Plan 12.09.,,T,Tab. 3
S12.N.Z30.POST.ITTIG.MW,S12,N,Z30,POST,ITTIG,MW,1,"n MEAN im ITT-Set, Sprint 30 m, Menge ITTIG",Plan 12.09.,,X,Post aller Fälle und Mittelwertaggregat
S12.N.Z30.POST.ITTKG.HAUPT,S12,N,Z30,POST,ITTKG,HAUPT,1,"n BEST im ITT-Set, Sprint 30 m, Menge ITTKG",Plan 12.09.,,T,Tab. 3
S12.N.Z30.POST.ITTKG.MW,S12,N,Z30,POST,ITTKG,MW,1,"n MEAN im ITT-Set, Sprint 30 m, Menge ITTKG",Plan 12.09.,,X,Post aller Fälle und Mittelwertaggregat
S12.N.SBJ.PRE.ITTIG.HAUPT,S12,N,SBJ,PRE,ITTIG,HAUPT,1,"n BEST im ITT-Set, Standweitsprung, Menge ITTIG",Plan 12.09.,,T,Tab. 2
S12.N.SBJ.PRE.ITTIG.MW,S12,N,SBJ,PRE,ITTIG,MW,1,"n MEAN im ITT-Set, Standweitsprung, Menge ITTIG",Plan 12.09.,,X,Post aller Fälle und Mittelwertaggregat
S12.N.SBJ.PRE.ITTKG.HAUPT,S12,N,SBJ,PRE,ITTKG,HAUPT,1,"n BEST im ITT-Set, Standweitsprung, Menge ITTKG",Plan 12.09.,,T,Tab. 2
S12.N.SBJ.PRE.ITTKG.MW,S12,N,SBJ,PRE,ITTKG,MW,1,"n MEAN im ITT-Set, Standweitsprung, Menge ITTKG",Plan 12.09.,,X,Post aller Fälle und Mittelwertaggregat
S12.N.SBJ.POST.ITTIG.HAUPT,S12,N,SBJ,POST,ITTIG,HAUPT,1,"n BEST im ITT-Set, Standweitsprung, Menge ITTIG",Plan 12.09.,,T,Tab. 3
S12.N.SBJ.POST.ITTIG.MW,S12,N,SBJ,POST,ITTIG,MW,1,"n MEAN im ITT-Set, Standweitsprung, Menge ITTIG",Plan 12.09.,,X,Post aller Fälle und Mittelwertaggregat
S12.N.SBJ.POST.ITTKG.HAUPT,S12,N,SBJ,POST,ITTKG,HAUPT,1,"n BEST im ITT-Set, Standweitsprung, Menge ITTKG",Plan 12.09.,,T,Tab. 3
S12.N.SBJ.POST.ITTKG.MW,S12,N,SBJ,POST,ITTKG,MW,1,"n MEAN im ITT-Set, Standweitsprung, Menge ITTKG",Plan 12.09.,,X,Post aller Fälle und Mittelwertaggregat
S12.N.CL.PRE.ITTIG.HAUPT,S12,N,CL,PRE,ITTIG,HAUPT,1,"n BEST im ITT-Set, 505 links, Menge ITTIG",Plan 12.09.,,T,Tab. 2
S12.N.CL.PRE.ITTIG.MW,S12,N,CL,PRE,ITTIG,MW,1,"n MEAN im ITT-Set, 505 links, Menge ITTIG",Plan 12.09.,,X,Post aller Fälle und Mittelwertaggregat
S12.N.CL.PRE.ITTKG.HAUPT,S12,N,CL,PRE,ITTKG,HAUPT,1,"n BEST im ITT-Set, 505 links, Menge ITTKG",Plan 12.09.,,T,Tab. 2
S12.N.CL.PRE.ITTKG.MW,S12,N,CL,PRE,ITTKG,MW,1,"n MEAN im ITT-Set, 505 links, Menge ITTKG",Plan 12.09.,,X,Post aller Fälle und Mittelwertaggregat
S12.N.CL.POST.ITTIG.HAUPT,S12,N,CL,POST,ITTIG,HAUPT,1,"n BEST im ITT-Set, 505 links, Menge ITTIG",Plan 12.09.,,A,Tab. H3 deskriptive Zielgrößen
S12.N.CL.POST.ITTIG.MW,S12,N,CL,POST,ITTIG,MW,1,"n MEAN im ITT-Set, 505 links, Menge ITTIG",Plan 12.09.,,X,Post aller Fälle und Mittelwertaggregat
S12.N.CL.POST.ITTKG.HAUPT,S12,N,CL,POST,ITTKG,HAUPT,1,"n BEST im ITT-Set, 505 links, Menge ITTKG",Plan 12.09.,,A,Tab. H3 deskriptive Zielgrößen
S12.N.CL.POST.ITTKG.MW,S12,N,CL,POST,ITTKG,MW,1,"n MEAN im ITT-Set, 505 links, Menge ITTKG",Plan 12.09.,,X,Post aller Fälle und Mittelwertaggregat
S12.N.CR.PRE.ITTIG.HAUPT,S12,N,CR,PRE,ITTIG,HAUPT,1,"n BEST im ITT-Set, 505 rechts, Menge ITTIG",Plan 12.09.,,T,Tab. 2
S12.N.CR.PRE.ITTIG.MW,S12,N,CR,PRE,ITTIG,MW,1,"n MEAN im ITT-Set, 505 rechts, Menge ITTIG",Plan 12.09.,,X,Post aller Fälle und Mittelwertaggregat
S12.N.CR.PRE.ITTKG.HAUPT,S12,N,CR,PRE,ITTKG,HAUPT,1,"n BEST im ITT-Set, 505 rechts, Menge ITTKG",Plan 12.09.,,T,Tab. 2
S12.N.CR.PRE.ITTKG.MW,S12,N,CR,PRE,ITTKG,MW,1,"n MEAN im ITT-Set, 505 rechts, Menge ITTKG",Plan 12.09.,,X,Post aller Fälle und Mittelwertaggregat
S12.N.CR.POST.ITTIG.HAUPT,S12,N,CR,POST,ITTIG,HAUPT,1,"n BEST im ITT-Set, 505 rechts, Menge ITTIG",Plan 12.09.,,A,Tab. H3 deskriptive Zielgrößen
S12.N.CR.POST.ITTIG.MW,S12,N,CR,POST,ITTIG,MW,1,"n MEAN im ITT-Set, 505 rechts, Menge ITTIG",Plan 12.09.,,X,Post aller Fälle und Mittelwertaggregat
S12.N.CR.POST.ITTKG.HAUPT,S12,N,CR,POST,ITTKG,HAUPT,1,"n BEST im ITT-Set, 505 rechts, Menge ITTKG",Plan 12.09.,,A,Tab. H3 deskriptive Zielgrößen
S12.N.CR.POST.ITTKG.MW,S12,N,CR,POST,ITTKG,MW,1,"n MEAN im ITT-Set, 505 rechts, Menge ITTKG",Plan 12.09.,,X,Post aller Fälle und Mittelwertaggregat
S12.N.CM.PRE.ITTIG.HAUPT,S12,N,CM,PRE,ITTIG,HAUPT,1,"n BEST im ITT-Set, 505 Seitenmittel, Menge ITTIG",Plan 12.09.,,T,Tab. 2
S12.N.CM.PRE.ITTIG.MW,S12,N,CM,PRE,ITTIG,MW,1,"n MEAN im ITT-Set, 505 Seitenmittel, Menge ITTIG",Plan 12.09.,,X,Post aller Fälle und Mittelwertaggregat
S12.N.CM.PRE.ITTKG.HAUPT,S12,N,CM,PRE,ITTKG,HAUPT,1,"n BEST im ITT-Set, 505 Seitenmittel, Menge ITTKG",Plan 12.09.,,T,Tab. 2
S12.N.CM.PRE.ITTKG.MW,S12,N,CM,PRE,ITTKG,MW,1,"n MEAN im ITT-Set, 505 Seitenmittel, Menge ITTKG",Plan 12.09.,,X,Post aller Fälle und Mittelwertaggregat
S12.N.CM.POST.ITTIG.HAUPT,S12,N,CM,POST,ITTIG,HAUPT,1,"n BEST im ITT-Set, 505 Seitenmittel, Menge ITTIG",Plan 12.09.,,T,Tab. 3
S12.N.CM.POST.ITTIG.MW,S12,N,CM,POST,ITTIG,MW,1,"n MEAN im ITT-Set, 505 Seitenmittel, Menge ITTIG",Plan 12.09.,,X,Post aller Fälle und Mittelwertaggregat
S12.N.CM.POST.ITTKG.HAUPT,S12,N,CM,POST,ITTKG,HAUPT,1,"n BEST im ITT-Set, 505 Seitenmittel, Menge ITTKG",Plan 12.09.,,T,Tab. 3
S12.N.CM.POST.ITTKG.MW,S12,N,CM,POST,ITTKG,MW,1,"n MEAN im ITT-Set, 505 Seitenmittel, Menge ITTKG",Plan 12.09.,,X,Post aller Fälle und Mittelwertaggregat
S12.M.Z05.PRE.ITTIG.HAUPT,S12,M,Z05,PRE,ITTIG,HAUPT,s,"Mittel BEST im ITT-Set, Sprint 5 m, Menge ITTIG",Plan 12.09.,,T,Tab. 2
S12.M.Z05.PRE.ITTIG.MW,S12,M,Z05,PRE,ITTIG,MW,s,"Mittel MEAN im ITT-Set, Sprint 5 m, Menge ITTIG",Plan 12.09.,,X,Post aller Fälle und Mittelwertaggregat
S12.M.Z05.PRE.ITTKG.HAUPT,S12,M,Z05,PRE,ITTKG,HAUPT,s,"Mittel BEST im ITT-Set, Sprint 5 m, Menge ITTKG",Plan 12.09.,,T,Tab. 2
S12.M.Z05.PRE.ITTKG.MW,S12,M,Z05,PRE,ITTKG,MW,s,"Mittel MEAN im ITT-Set, Sprint 5 m, Menge ITTKG",Plan 12.09.,,X,Post aller Fälle und Mittelwertaggregat
S12.M.Z05.POST.ITTIG.HAUPT,S12,M,Z05,POST,ITTIG,HAUPT,s,"Mittel BEST im ITT-Set, Sprint 5 m, Menge ITTIG",Plan 12.09.,,A,Tab. H3 deskriptive Zielgrößen
S12.M.Z05.POST.ITTIG.MW,S12,M,Z05,POST,ITTIG,MW,s,"Mittel MEAN im ITT-Set, Sprint 5 m, Menge ITTIG",Plan 12.09.,,X,Post aller Fälle und Mittelwertaggregat
S12.M.Z05.POST.ITTKG.HAUPT,S12,M,Z05,POST,ITTKG,HAUPT,s,"Mittel BEST im ITT-Set, Sprint 5 m, Menge ITTKG",Plan 12.09.,,A,Tab. H3 deskriptive Zielgrößen
S12.M.Z05.POST.ITTKG.MW,S12,M,Z05,POST,ITTKG,MW,s,"Mittel MEAN im ITT-Set, Sprint 5 m, Menge ITTKG",Plan 12.09.,,X,Post aller Fälle und Mittelwertaggregat
S12.M.Z10.PRE.ITTIG.HAUPT,S12,M,Z10,PRE,ITTIG,HAUPT,s,"Mittel BEST im ITT-Set, Sprint 10 m, Menge ITTIG",Plan 12.09.,,T,Tab. 2
S12.M.Z10.PRE.ITTIG.MW,S12,M,Z10,PRE,ITTIG,MW,s,"Mittel MEAN im ITT-Set, Sprint 10 m, Menge ITTIG",Plan 12.09.,,X,Post aller Fälle und Mittelwertaggregat
S12.M.Z10.PRE.ITTKG.HAUPT,S12,M,Z10,PRE,ITTKG,HAUPT,s,"Mittel BEST im ITT-Set, Sprint 10 m, Menge ITTKG",Plan 12.09.,,T,Tab. 2
S12.M.Z10.PRE.ITTKG.MW,S12,M,Z10,PRE,ITTKG,MW,s,"Mittel MEAN im ITT-Set, Sprint 10 m, Menge ITTKG",Plan 12.09.,,X,Post aller Fälle und Mittelwertaggregat
S12.M.Z10.POST.ITTIG.HAUPT,S12,M,Z10,POST,ITTIG,HAUPT,s,"Mittel BEST im ITT-Set, Sprint 10 m, Menge ITTIG",Plan 12.09.,,A,Tab. H3 deskriptive Zielgrößen
S12.M.Z10.POST.ITTIG.MW,S12,M,Z10,POST,ITTIG,MW,s,"Mittel MEAN im ITT-Set, Sprint 10 m, Menge ITTIG",Plan 12.09.,,X,Post aller Fälle und Mittelwertaggregat
S12.M.Z10.POST.ITTKG.HAUPT,S12,M,Z10,POST,ITTKG,HAUPT,s,"Mittel BEST im ITT-Set, Sprint 10 m, Menge ITTKG",Plan 12.09.,,A,Tab. H3 deskriptive Zielgrößen
S12.M.Z10.POST.ITTKG.MW,S12,M,Z10,POST,ITTKG,MW,s,"Mittel MEAN im ITT-Set, Sprint 10 m, Menge ITTKG",Plan 12.09.,,X,Post aller Fälle und Mittelwertaggregat
S12.M.Z30.PRE.ITTIG.HAUPT,S12,M,Z30,PRE,ITTIG,HAUPT,s,"Mittel BEST im ITT-Set, Sprint 30 m, Menge ITTIG",Plan 12.09.,,T,Tab. 2
S12.M.Z30.PRE.ITTIG.MW,S12,M,Z30,PRE,ITTIG,MW,s,"Mittel MEAN im ITT-Set, Sprint 30 m, Menge ITTIG",Plan 12.09.,,X,Post aller Fälle und Mittelwertaggregat
S12.M.Z30.PRE.ITTKG.HAUPT,S12,M,Z30,PRE,ITTKG,HAUPT,s,"Mittel BEST im ITT-Set, Sprint 30 m, Menge ITTKG",Plan 12.09.,,T,Tab. 2
S12.M.Z30.PRE.ITTKG.MW,S12,M,Z30,PRE,ITTKG,MW,s,"Mittel MEAN im ITT-Set, Sprint 30 m, Menge ITTKG",Plan 12.09.,,X,Post aller Fälle und Mittelwertaggregat
S12.M.Z30.POST.ITTIG.HAUPT,S12,M,Z30,POST,ITTIG,HAUPT,s,"Mittel BEST im ITT-Set, Sprint 30 m, Menge ITTIG",Plan 12.09.,,T,Tab. 3
S12.M.Z30.POST.ITTIG.MW,S12,M,Z30,POST,ITTIG,MW,s,"Mittel MEAN im ITT-Set, Sprint 30 m, Menge ITTIG",Plan 12.09.,,X,Post aller Fälle und Mittelwertaggregat
S12.M.Z30.POST.ITTKG.HAUPT,S12,M,Z30,POST,ITTKG,HAUPT,s,"Mittel BEST im ITT-Set, Sprint 30 m, Menge ITTKG",Plan 12.09.,,T,Tab. 3
S12.M.Z30.POST.ITTKG.MW,S12,M,Z30,POST,ITTKG,MW,s,"Mittel MEAN im ITT-Set, Sprint 30 m, Menge ITTKG",Plan 12.09.,,X,Post aller Fälle und Mittelwertaggregat
S12.M.SBJ.PRE.ITTIG.HAUPT,S12,M,SBJ,PRE,ITTIG,HAUPT,cm,"Mittel BEST im ITT-Set, Standweitsprung, Menge ITTIG",Plan 12.09.,,T,Tab. 2
S12.M.SBJ.PRE.ITTIG.MW,S12,M,SBJ,PRE,ITTIG,MW,cm,"Mittel MEAN im ITT-Set, Standweitsprung, Menge ITTIG",Plan 12.09.,,X,Post aller Fälle und Mittelwertaggregat
S12.M.SBJ.PRE.ITTKG.HAUPT,S12,M,SBJ,PRE,ITTKG,HAUPT,cm,"Mittel BEST im ITT-Set, Standweitsprung, Menge ITTKG",Plan 12.09.,,T,Tab. 2
S12.M.SBJ.PRE.ITTKG.MW,S12,M,SBJ,PRE,ITTKG,MW,cm,"Mittel MEAN im ITT-Set, Standweitsprung, Menge ITTKG",Plan 12.09.,,X,Post aller Fälle und Mittelwertaggregat
S12.M.SBJ.POST.ITTIG.HAUPT,S12,M,SBJ,POST,ITTIG,HAUPT,cm,"Mittel BEST im ITT-Set, Standweitsprung, Menge ITTIG",Plan 12.09.,,T,Tab. 3
S12.M.SBJ.POST.ITTIG.MW,S12,M,SBJ,POST,ITTIG,MW,cm,"Mittel MEAN im ITT-Set, Standweitsprung, Menge ITTIG",Plan 12.09.,,X,Post aller Fälle und Mittelwertaggregat
S12.M.SBJ.POST.ITTKG.HAUPT,S12,M,SBJ,POST,ITTKG,HAUPT,cm,"Mittel BEST im ITT-Set, Standweitsprung, Menge ITTKG",Plan 12.09.,,T,Tab. 3
S12.M.SBJ.POST.ITTKG.MW,S12,M,SBJ,POST,ITTKG,MW,cm,"Mittel MEAN im ITT-Set, Standweitsprung, Menge ITTKG",Plan 12.09.,,X,Post aller Fälle und Mittelwertaggregat
S12.M.CL.PRE.ITTIG.HAUPT,S12,M,CL,PRE,ITTIG,HAUPT,s,"Mittel BEST im ITT-Set, 505 links, Menge ITTIG",Plan 12.09.,,T,Tab. 2
S12.M.CL.PRE.ITTIG.MW,S12,M,CL,PRE,ITTIG,MW,s,"Mittel MEAN im ITT-Set, 505 links, Menge ITTIG",Plan 12.09.,,X,Post aller Fälle und Mittelwertaggregat
S12.M.CL.PRE.ITTKG.HAUPT,S12,M,CL,PRE,ITTKG,HAUPT,s,"Mittel BEST im ITT-Set, 505 links, Menge ITTKG",Plan 12.09.,,T,Tab. 2
S12.M.CL.PRE.ITTKG.MW,S12,M,CL,PRE,ITTKG,MW,s,"Mittel MEAN im ITT-Set, 505 links, Menge ITTKG",Plan 12.09.,,X,Post aller Fälle und Mittelwertaggregat
S12.M.CL.POST.ITTIG.HAUPT,S12,M,CL,POST,ITTIG,HAUPT,s,"Mittel BEST im ITT-Set, 505 links, Menge ITTIG",Plan 12.09.,,A,Tab. H3 deskriptive Zielgrößen
S12.M.CL.POST.ITTIG.MW,S12,M,CL,POST,ITTIG,MW,s,"Mittel MEAN im ITT-Set, 505 links, Menge ITTIG",Plan 12.09.,,X,Post aller Fälle und Mittelwertaggregat
S12.M.CL.POST.ITTKG.HAUPT,S12,M,CL,POST,ITTKG,HAUPT,s,"Mittel BEST im ITT-Set, 505 links, Menge ITTKG",Plan 12.09.,,A,Tab. H3 deskriptive Zielgrößen
S12.M.CL.POST.ITTKG.MW,S12,M,CL,POST,ITTKG,MW,s,"Mittel MEAN im ITT-Set, 505 links, Menge ITTKG",Plan 12.09.,,X,Post aller Fälle und Mittelwertaggregat
S12.M.CR.PRE.ITTIG.HAUPT,S12,M,CR,PRE,ITTIG,HAUPT,s,"Mittel BEST im ITT-Set, 505 rechts, Menge ITTIG",Plan 12.09.,,T,Tab. 2
S12.M.CR.PRE.ITTIG.MW,S12,M,CR,PRE,ITTIG,MW,s,"Mittel MEAN im ITT-Set, 505 rechts, Menge ITTIG",Plan 12.09.,,X,Post aller Fälle und Mittelwertaggregat
S12.M.CR.PRE.ITTKG.HAUPT,S12,M,CR,PRE,ITTKG,HAUPT,s,"Mittel BEST im ITT-Set, 505 rechts, Menge ITTKG",Plan 12.09.,,T,Tab. 2
S12.M.CR.PRE.ITTKG.MW,S12,M,CR,PRE,ITTKG,MW,s,"Mittel MEAN im ITT-Set, 505 rechts, Menge ITTKG",Plan 12.09.,,X,Post aller Fälle und Mittelwertaggregat
S12.M.CR.POST.ITTIG.HAUPT,S12,M,CR,POST,ITTIG,HAUPT,s,"Mittel BEST im ITT-Set, 505 rechts, Menge ITTIG",Plan 12.09.,,A,Tab. H3 deskriptive Zielgrößen
S12.M.CR.POST.ITTIG.MW,S12,M,CR,POST,ITTIG,MW,s,"Mittel MEAN im ITT-Set, 505 rechts, Menge ITTIG",Plan 12.09.,,X,Post aller Fälle und Mittelwertaggregat
S12.M.CR.POST.ITTKG.HAUPT,S12,M,CR,POST,ITTKG,HAUPT,s,"Mittel BEST im ITT-Set, 505 rechts, Menge ITTKG",Plan 12.09.,,A,Tab. H3 deskriptive Zielgrößen
S12.M.CR.POST.ITTKG.MW,S12,M,CR,POST,ITTKG,MW,s,"Mittel MEAN im ITT-Set, 505 rechts, Menge ITTKG",Plan 12.09.,,X,Post aller Fälle und Mittelwertaggregat
S12.M.CM.PRE.ITTIG.HAUPT,S12,M,CM,PRE,ITTIG,HAUPT,s,"Mittel BEST im ITT-Set, 505 Seitenmittel, Menge ITTIG",Plan 12.09.,,T,Tab. 2
S12.M.CM.PRE.ITTIG.MW,S12,M,CM,PRE,ITTIG,MW,s,"Mittel MEAN im ITT-Set, 505 Seitenmittel, Menge ITTIG",Plan 12.09.,,X,Post aller Fälle und Mittelwertaggregat
S12.M.CM.PRE.ITTKG.HAUPT,S12,M,CM,PRE,ITTKG,HAUPT,s,"Mittel BEST im ITT-Set, 505 Seitenmittel, Menge ITTKG",Plan 12.09.,,T,Tab. 2
S12.M.CM.PRE.ITTKG.MW,S12,M,CM,PRE,ITTKG,MW,s,"Mittel MEAN im ITT-Set, 505 Seitenmittel, Menge ITTKG",Plan 12.09.,,X,Post aller Fälle und Mittelwertaggregat
S12.M.CM.POST.ITTIG.HAUPT,S12,M,CM,POST,ITTIG,HAUPT,s,"Mittel BEST im ITT-Set, 505 Seitenmittel, Menge ITTIG",Plan 12.09.,,T,Tab. 3
S12.M.CM.POST.ITTIG.MW,S12,M,CM,POST,ITTIG,MW,s,"Mittel MEAN im ITT-Set, 505 Seitenmittel, Menge ITTIG",Plan 12.09.,,X,Post aller Fälle und Mittelwertaggregat
S12.M.CM.POST.ITTKG.HAUPT,S12,M,CM,POST,ITTKG,HAUPT,s,"Mittel BEST im ITT-Set, 505 Seitenmittel, Menge ITTKG",Plan 12.09.,,T,Tab. 3
S12.M.CM.POST.ITTKG.MW,S12,M,CM,POST,ITTKG,MW,s,"Mittel MEAN im ITT-Set, 505 Seitenmittel, Menge ITTKG",Plan 12.09.,,X,Post aller Fälle und Mittelwertaggregat
S12.SD.Z05.PRE.ITTIG.HAUPT,S12,SD,Z05,PRE,ITTIG,HAUPT,s,"SD BEST im ITT-Set, Sprint 5 m, Menge ITTIG",Plan 12.09.,,T,Tab. 2
S12.SD.Z05.PRE.ITTIG.MW,S12,SD,Z05,PRE,ITTIG,MW,s,"SD MEAN im ITT-Set, Sprint 5 m, Menge ITTIG",Plan 12.09.,,X,Post aller Fälle und Mittelwertaggregat
S12.SD.Z05.PRE.ITTKG.HAUPT,S12,SD,Z05,PRE,ITTKG,HAUPT,s,"SD BEST im ITT-Set, Sprint 5 m, Menge ITTKG",Plan 12.09.,,T,Tab. 2
S12.SD.Z05.PRE.ITTKG.MW,S12,SD,Z05,PRE,ITTKG,MW,s,"SD MEAN im ITT-Set, Sprint 5 m, Menge ITTKG",Plan 12.09.,,X,Post aller Fälle und Mittelwertaggregat
S12.SD.Z05.POST.ITTIG.HAUPT,S12,SD,Z05,POST,ITTIG,HAUPT,s,"SD BEST im ITT-Set, Sprint 5 m, Menge ITTIG",Plan 12.09.,,A,Tab. H3 deskriptive Zielgrößen
S12.SD.Z05.POST.ITTIG.MW,S12,SD,Z05,POST,ITTIG,MW,s,"SD MEAN im ITT-Set, Sprint 5 m, Menge ITTIG",Plan 12.09.,,X,Post aller Fälle und Mittelwertaggregat
S12.SD.Z05.POST.ITTKG.HAUPT,S12,SD,Z05,POST,ITTKG,HAUPT,s,"SD BEST im ITT-Set, Sprint 5 m, Menge ITTKG",Plan 12.09.,,A,Tab. H3 deskriptive Zielgrößen
S12.SD.Z05.POST.ITTKG.MW,S12,SD,Z05,POST,ITTKG,MW,s,"SD MEAN im ITT-Set, Sprint 5 m, Menge ITTKG",Plan 12.09.,,X,Post aller Fälle und Mittelwertaggregat
S12.SD.Z10.PRE.ITTIG.HAUPT,S12,SD,Z10,PRE,ITTIG,HAUPT,s,"SD BEST im ITT-Set, Sprint 10 m, Menge ITTIG",Plan 12.09.,,T,Tab. 2
S12.SD.Z10.PRE.ITTIG.MW,S12,SD,Z10,PRE,ITTIG,MW,s,"SD MEAN im ITT-Set, Sprint 10 m, Menge ITTIG",Plan 12.09.,,X,Post aller Fälle und Mittelwertaggregat
S12.SD.Z10.PRE.ITTKG.HAUPT,S12,SD,Z10,PRE,ITTKG,HAUPT,s,"SD BEST im ITT-Set, Sprint 10 m, Menge ITTKG",Plan 12.09.,,T,Tab. 2
S12.SD.Z10.PRE.ITTKG.MW,S12,SD,Z10,PRE,ITTKG,MW,s,"SD MEAN im ITT-Set, Sprint 10 m, Menge ITTKG",Plan 12.09.,,X,Post aller Fälle und Mittelwertaggregat
S12.SD.Z10.POST.ITTIG.HAUPT,S12,SD,Z10,POST,ITTIG,HAUPT,s,"SD BEST im ITT-Set, Sprint 10 m, Menge ITTIG",Plan 12.09.,,A,Tab. H3 deskriptive Zielgrößen
S12.SD.Z10.POST.ITTIG.MW,S12,SD,Z10,POST,ITTIG,MW,s,"SD MEAN im ITT-Set, Sprint 10 m, Menge ITTIG",Plan 12.09.,,X,Post aller Fälle und Mittelwertaggregat
S12.SD.Z10.POST.ITTKG.HAUPT,S12,SD,Z10,POST,ITTKG,HAUPT,s,"SD BEST im ITT-Set, Sprint 10 m, Menge ITTKG",Plan 12.09.,,A,Tab. H3 deskriptive Zielgrößen
S12.SD.Z10.POST.ITTKG.MW,S12,SD,Z10,POST,ITTKG,MW,s,"SD MEAN im ITT-Set, Sprint 10 m, Menge ITTKG",Plan 12.09.,,X,Post aller Fälle und Mittelwertaggregat
S12.SD.Z30.PRE.ITTIG.HAUPT,S12,SD,Z30,PRE,ITTIG,HAUPT,s,"SD BEST im ITT-Set, Sprint 30 m, Menge ITTIG",Plan 12.09.,,T,Tab. 2
S12.SD.Z30.PRE.ITTIG.MW,S12,SD,Z30,PRE,ITTIG,MW,s,"SD MEAN im ITT-Set, Sprint 30 m, Menge ITTIG",Plan 12.09.,,X,Post aller Fälle und Mittelwertaggregat
S12.SD.Z30.PRE.ITTKG.HAUPT,S12,SD,Z30,PRE,ITTKG,HAUPT,s,"SD BEST im ITT-Set, Sprint 30 m, Menge ITTKG",Plan 12.09.,,T,Tab. 2
S12.SD.Z30.PRE.ITTKG.MW,S12,SD,Z30,PRE,ITTKG,MW,s,"SD MEAN im ITT-Set, Sprint 30 m, Menge ITTKG",Plan 12.09.,,X,Post aller Fälle und Mittelwertaggregat
S12.SD.Z30.POST.ITTIG.HAUPT,S12,SD,Z30,POST,ITTIG,HAUPT,s,"SD BEST im ITT-Set, Sprint 30 m, Menge ITTIG",Plan 12.09.,,T,Tab. 3
S12.SD.Z30.POST.ITTIG.MW,S12,SD,Z30,POST,ITTIG,MW,s,"SD MEAN im ITT-Set, Sprint 30 m, Menge ITTIG",Plan 12.09.,,X,Post aller Fälle und Mittelwertaggregat
S12.SD.Z30.POST.ITTKG.HAUPT,S12,SD,Z30,POST,ITTKG,HAUPT,s,"SD BEST im ITT-Set, Sprint 30 m, Menge ITTKG",Plan 12.09.,,T,Tab. 3
S12.SD.Z30.POST.ITTKG.MW,S12,SD,Z30,POST,ITTKG,MW,s,"SD MEAN im ITT-Set, Sprint 30 m, Menge ITTKG",Plan 12.09.,,X,Post aller Fälle und Mittelwertaggregat
S12.SD.SBJ.PRE.ITTIG.HAUPT,S12,SD,SBJ,PRE,ITTIG,HAUPT,cm,"SD BEST im ITT-Set, Standweitsprung, Menge ITTIG",Plan 12.09.,,T,Tab. 2
S12.SD.SBJ.PRE.ITTIG.MW,S12,SD,SBJ,PRE,ITTIG,MW,cm,"SD MEAN im ITT-Set, Standweitsprung, Menge ITTIG",Plan 12.09.,,X,Post aller Fälle und Mittelwertaggregat
S12.SD.SBJ.PRE.ITTKG.HAUPT,S12,SD,SBJ,PRE,ITTKG,HAUPT,cm,"SD BEST im ITT-Set, Standweitsprung, Menge ITTKG",Plan 12.09.,,T,Tab. 2
S12.SD.SBJ.PRE.ITTKG.MW,S12,SD,SBJ,PRE,ITTKG,MW,cm,"SD MEAN im ITT-Set, Standweitsprung, Menge ITTKG",Plan 12.09.,,X,Post aller Fälle und Mittelwertaggregat
S12.SD.SBJ.POST.ITTIG.HAUPT,S12,SD,SBJ,POST,ITTIG,HAUPT,cm,"SD BEST im ITT-Set, Standweitsprung, Menge ITTIG",Plan 12.09.,,T,Tab. 3
S12.SD.SBJ.POST.ITTIG.MW,S12,SD,SBJ,POST,ITTIG,MW,cm,"SD MEAN im ITT-Set, Standweitsprung, Menge ITTIG",Plan 12.09.,,X,Post aller Fälle und Mittelwertaggregat
S12.SD.SBJ.POST.ITTKG.HAUPT,S12,SD,SBJ,POST,ITTKG,HAUPT,cm,"SD BEST im ITT-Set, Standweitsprung, Menge ITTKG",Plan 12.09.,,T,Tab. 3
S12.SD.SBJ.POST.ITTKG.MW,S12,SD,SBJ,POST,ITTKG,MW,cm,"SD MEAN im ITT-Set, Standweitsprung, Menge ITTKG",Plan 12.09.,,X,Post aller Fälle und Mittelwertaggregat
S12.SD.CL.PRE.ITTIG.HAUPT,S12,SD,CL,PRE,ITTIG,HAUPT,s,"SD BEST im ITT-Set, 505 links, Menge ITTIG",Plan 12.09.,,T,Tab. 2
S12.SD.CL.PRE.ITTIG.MW,S12,SD,CL,PRE,ITTIG,MW,s,"SD MEAN im ITT-Set, 505 links, Menge ITTIG",Plan 12.09.,,X,Post aller Fälle und Mittelwertaggregat
S12.SD.CL.PRE.ITTKG.HAUPT,S12,SD,CL,PRE,ITTKG,HAUPT,s,"SD BEST im ITT-Set, 505 links, Menge ITTKG",Plan 12.09.,,T,Tab. 2
S12.SD.CL.PRE.ITTKG.MW,S12,SD,CL,PRE,ITTKG,MW,s,"SD MEAN im ITT-Set, 505 links, Menge ITTKG",Plan 12.09.,,X,Post aller Fälle und Mittelwertaggregat
S12.SD.CL.POST.ITTIG.HAUPT,S12,SD,CL,POST,ITTIG,HAUPT,s,"SD BEST im ITT-Set, 505 links, Menge ITTIG",Plan 12.09.,,A,Tab. H3 deskriptive Zielgrößen
S12.SD.CL.POST.ITTIG.MW,S12,SD,CL,POST,ITTIG,MW,s,"SD MEAN im ITT-Set, 505 links, Menge ITTIG",Plan 12.09.,,X,Post aller Fälle und Mittelwertaggregat
S12.SD.CL.POST.ITTKG.HAUPT,S12,SD,CL,POST,ITTKG,HAUPT,s,"SD BEST im ITT-Set, 505 links, Menge ITTKG",Plan 12.09.,,A,Tab. H3 deskriptive Zielgrößen
S12.SD.CL.POST.ITTKG.MW,S12,SD,CL,POST,ITTKG,MW,s,"SD MEAN im ITT-Set, 505 links, Menge ITTKG",Plan 12.09.,,X,Post aller Fälle und Mittelwertaggregat
S12.SD.CR.PRE.ITTIG.HAUPT,S12,SD,CR,PRE,ITTIG,HAUPT,s,"SD BEST im ITT-Set, 505 rechts, Menge ITTIG",Plan 12.09.,,T,Tab. 2
S12.SD.CR.PRE.ITTIG.MW,S12,SD,CR,PRE,ITTIG,MW,s,"SD MEAN im ITT-Set, 505 rechts, Menge ITTIG",Plan 12.09.,,X,Post aller Fälle und Mittelwertaggregat
S12.SD.CR.PRE.ITTKG.HAUPT,S12,SD,CR,PRE,ITTKG,HAUPT,s,"SD BEST im ITT-Set, 505 rechts, Menge ITTKG",Plan 12.09.,,T,Tab. 2
S12.SD.CR.PRE.ITTKG.MW,S12,SD,CR,PRE,ITTKG,MW,s,"SD MEAN im ITT-Set, 505 rechts, Menge ITTKG",Plan 12.09.,,X,Post aller Fälle und Mittelwertaggregat
S12.SD.CR.POST.ITTIG.HAUPT,S12,SD,CR,POST,ITTIG,HAUPT,s,"SD BEST im ITT-Set, 505 rechts, Menge ITTIG",Plan 12.09.,,A,Tab. H3 deskriptive Zielgrößen
S12.SD.CR.POST.ITTIG.MW,S12,SD,CR,POST,ITTIG,MW,s,"SD MEAN im ITT-Set, 505 rechts, Menge ITTIG",Plan 12.09.,,X,Post aller Fälle und Mittelwertaggregat
S12.SD.CR.POST.ITTKG.HAUPT,S12,SD,CR,POST,ITTKG,HAUPT,s,"SD BEST im ITT-Set, 505 rechts, Menge ITTKG",Plan 12.09.,,A,Tab. H3 deskriptive Zielgrößen
S12.SD.CR.POST.ITTKG.MW,S12,SD,CR,POST,ITTKG,MW,s,"SD MEAN im ITT-Set, 505 rechts, Menge ITTKG",Plan 12.09.,,X,Post aller Fälle und Mittelwertaggregat
S12.SD.CM.PRE.ITTIG.HAUPT,S12,SD,CM,PRE,ITTIG,HAUPT,s,"SD BEST im ITT-Set, 505 Seitenmittel, Menge ITTIG",Plan 12.09.,,T,Tab. 2
S12.SD.CM.PRE.ITTIG.MW,S12,SD,CM,PRE,ITTIG,MW,s,"SD MEAN im ITT-Set, 505 Seitenmittel, Menge ITTIG",Plan 12.09.,,X,Post aller Fälle und Mittelwertaggregat
S12.SD.CM.PRE.ITTKG.HAUPT,S12,SD,CM,PRE,ITTKG,HAUPT,s,"SD BEST im ITT-Set, 505 Seitenmittel, Menge ITTKG",Plan 12.09.,,T,Tab. 2
S12.SD.CM.PRE.ITTKG.MW,S12,SD,CM,PRE,ITTKG,MW,s,"SD MEAN im ITT-Set, 505 Seitenmittel, Menge ITTKG",Plan 12.09.,,X,Post aller Fälle und Mittelwertaggregat
S12.SD.CM.POST.ITTIG.HAUPT,S12,SD,CM,POST,ITTIG,HAUPT,s,"SD BEST im ITT-Set, 505 Seitenmittel, Menge ITTIG",Plan 12.09.,,T,Tab. 3
S12.SD.CM.POST.ITTIG.MW,S12,SD,CM,POST,ITTIG,MW,s,"SD MEAN im ITT-Set, 505 Seitenmittel, Menge ITTIG",Plan 12.09.,,X,Post aller Fälle und Mittelwertaggregat
S12.SD.CM.POST.ITTKG.HAUPT,S12,SD,CM,POST,ITTKG,HAUPT,s,"SD BEST im ITT-Set, 505 Seitenmittel, Menge ITTKG",Plan 12.09.,,T,Tab. 3
S12.SD.CM.POST.ITTKG.MW,S12,SD,CM,POST,ITTKG,MW,s,"SD MEAN im ITT-Set, 505 Seitenmittel, Menge ITTKG",Plan 12.09.,,X,Post aller Fälle und Mittelwertaggregat
S13.B0.Z30.X.ITT.HAUPT,S13,B0,Z30,X,ITT,HAUPT,s,"Achsenabschnitt, ANCOVA ITT, Sprint 30 m","Antrag, Plan 12.09., K17 K23 nachträglich",,A,Tab. H4 Modellkennwerte
S13.B0.CM.X.ITT.HAUPT,S13,B0,CM,X,ITT,HAUPT,s,"Achsenabschnitt, ANCOVA ITT, 505 Seitenmittel","Antrag, Plan 12.09., K17 K23 nachträglich",,A,Tab. H4 Modellkennwerte
S13.B0.SBJ.X.ITT.HAUPT,S13,B0,SBJ,X,ITT,HAUPT,cm,"Achsenabschnitt, ANCOVA ITT, Standweitsprung","Antrag, Plan 12.09., K17 K23 nachträglich",,A,Tab. H4 Modellkennwerte
S13.B1.Z30.X.ITT.HAUPT,S13,B1,Z30,X,ITT,HAUPT,s,"Gruppenkoeffizient b1 (IG − KG), ANCOVA ITT, Sprint 30 m","Antrag, Plan 12.09., K17 K23 nachträglich",,T,"Tab. 3, 5.2"
S13.B1.CM.X.ITT.HAUPT,S13,B1,CM,X,ITT,HAUPT,s,"Gruppenkoeffizient b1 (IG − KG), ANCOVA ITT, 505 Seitenmittel","Antrag, Plan 12.09., K17 K23 nachträglich",,T,"Tab. 3, 5.2"
S13.B1.SBJ.X.ITT.HAUPT,S13,B1,SBJ,X,ITT,HAUPT,cm,"Gruppenkoeffizient b1 (IG − KG), ANCOVA ITT, Standweitsprung","Antrag, Plan 12.09., K17 K23 nachträglich",,T,"Tab. 3, 5.2"
S13.B2.Z30.X.ITT.HAUPT,S13,B2,Z30,X,ITT,HAUPT,s je s,"Koeffizient Prä, ANCOVA ITT, Sprint 30 m","Antrag, Plan 12.09., K17 K23 nachträglich",,A,Tab. H4 Modellkennwerte
S13.B2.CM.X.ITT.HAUPT,S13,B2,CM,X,ITT,HAUPT,s je s,"Koeffizient Prä, ANCOVA ITT, 505 Seitenmittel","Antrag, Plan 12.09., K17 K23 nachträglich",,A,Tab. H4 Modellkennwerte
S13.B2.SBJ.X.ITT.HAUPT,S13,B2,SBJ,X,ITT,HAUPT,cm je cm,"Koeffizient Prä, ANCOVA ITT, Standweitsprung","Antrag, Plan 12.09., K17 K23 nachträglich",,A,Tab. H4 Modellkennwerte
S13.B3.Z30.X.ITT.HAUPT,S13,B3,Z30,X,ITT,HAUPT,s je %,"Koeffizient %PAH, ANCOVA ITT, Sprint 30 m","Antrag, Plan 12.09., K17 K23 nachträglich",,A,Tab. H4 Modellkennwerte
S13.B3.CM.X.ITT.HAUPT,S13,B3,CM,X,ITT,HAUPT,s je %,"Koeffizient %PAH, ANCOVA ITT, 505 Seitenmittel","Antrag, Plan 12.09., K17 K23 nachträglich",,A,Tab. H4 Modellkennwerte
S13.B3.SBJ.X.ITT.HAUPT,S13,B3,SBJ,X,ITT,HAUPT,cm je %,"Koeffizient %PAH, ANCOVA ITT, Standweitsprung","Antrag, Plan 12.09., K17 K23 nachträglich",,A,Tab. H4 Modellkennwerte
S13.SEB0.Z30.X.ITT.HAUPT,S13,SEB0,Z30,X,ITT,HAUPT,s,"SE b0, ANCOVA ITT, Sprint 30 m","Antrag, Plan 12.09., K17 K23 nachträglich",,A,Tab. H4 Modellkennwerte
S13.SEB0.CM.X.ITT.HAUPT,S13,SEB0,CM,X,ITT,HAUPT,s,"SE b0, ANCOVA ITT, 505 Seitenmittel","Antrag, Plan 12.09., K17 K23 nachträglich",,A,Tab. H4 Modellkennwerte
S13.SEB0.SBJ.X.ITT.HAUPT,S13,SEB0,SBJ,X,ITT,HAUPT,cm,"SE b0, ANCOVA ITT, Standweitsprung","Antrag, Plan 12.09., K17 K23 nachträglich",,A,Tab. H4 Modellkennwerte
S13.SEB1.Z30.X.ITT.HAUPT,S13,SEB1,Z30,X,ITT,HAUPT,s,"SE b1, ANCOVA ITT, Sprint 30 m","Antrag, Plan 12.09., K17 K23 nachträglich",,T,"Tab. 3, 5.2"
S13.SEB1.CM.X.ITT.HAUPT,S13,SEB1,CM,X,ITT,HAUPT,s,"SE b1, ANCOVA ITT, 505 Seitenmittel","Antrag, Plan 12.09., K17 K23 nachträglich",,T,"Tab. 3, 5.2"
S13.SEB1.SBJ.X.ITT.HAUPT,S13,SEB1,SBJ,X,ITT,HAUPT,cm,"SE b1, ANCOVA ITT, Standweitsprung","Antrag, Plan 12.09., K17 K23 nachträglich",,T,"Tab. 3, 5.2"
S13.SEB2.Z30.X.ITT.HAUPT,S13,SEB2,Z30,X,ITT,HAUPT,s je s,"SE b2, ANCOVA ITT, Sprint 30 m","Antrag, Plan 12.09., K17 K23 nachträglich",,A,Tab. H4 Modellkennwerte
S13.SEB2.CM.X.ITT.HAUPT,S13,SEB2,CM,X,ITT,HAUPT,s je s,"SE b2, ANCOVA ITT, 505 Seitenmittel","Antrag, Plan 12.09., K17 K23 nachträglich",,A,Tab. H4 Modellkennwerte
S13.SEB2.SBJ.X.ITT.HAUPT,S13,SEB2,SBJ,X,ITT,HAUPT,cm je cm,"SE b2, ANCOVA ITT, Standweitsprung","Antrag, Plan 12.09., K17 K23 nachträglich",,A,Tab. H4 Modellkennwerte
S13.SEB3.Z30.X.ITT.HAUPT,S13,SEB3,Z30,X,ITT,HAUPT,s je %,"SE b3, ANCOVA ITT, Sprint 30 m","Antrag, Plan 12.09., K17 K23 nachträglich",,A,Tab. H4 Modellkennwerte
S13.SEB3.CM.X.ITT.HAUPT,S13,SEB3,CM,X,ITT,HAUPT,s je %,"SE b3, ANCOVA ITT, 505 Seitenmittel","Antrag, Plan 12.09., K17 K23 nachträglich",,A,Tab. H4 Modellkennwerte
S13.SEB3.SBJ.X.ITT.HAUPT,S13,SEB3,SBJ,X,ITT,HAUPT,cm je %,"SE b3, ANCOVA ITT, Standweitsprung","Antrag, Plan 12.09., K17 K23 nachträglich",,A,Tab. H4 Modellkennwerte
S13.SIGMA.Z30.X.ITT.HAUPT,S13,SIGMA,Z30,X,ITT,HAUPT,s,"Residuen-SD, ANCOVA ITT, Sprint 30 m","Antrag, Plan 12.09., K17 K23 nachträglich",,A,Tab. H4 Modellkennwerte
S13.SIGMA.CM.X.ITT.HAUPT,S13,SIGMA,CM,X,ITT,HAUPT,s,"Residuen-SD, ANCOVA ITT, 505 Seitenmittel","Antrag, Plan 12.09., K17 K23 nachträglich",,A,Tab. H4 Modellkennwerte
S13.SIGMA.SBJ.X.ITT.HAUPT,S13,SIGMA,SBJ,X,ITT,HAUPT,cm,"Residuen-SD, ANCOVA ITT, Standweitsprung","Antrag, Plan 12.09., K17 K23 nachträglich",,A,Tab. H4 Modellkennwerte
S13.DF.Z30.X.ITT.HAUPT,S13,DF,Z30,X,ITT,HAUPT,1,"Residualfreiheitsgrade, ANCOVA ITT, Sprint 30 m","Antrag, Plan 12.09., K17 K23 nachträglich",,T,"Tab. 3, 5.2"
S13.DF.CM.X.ITT.HAUPT,S13,DF,CM,X,ITT,HAUPT,1,"Residualfreiheitsgrade, ANCOVA ITT, 505 Seitenmittel","Antrag, Plan 12.09., K17 K23 nachträglich",,T,"Tab. 3, 5.2"
S13.DF.SBJ.X.ITT.HAUPT,S13,DF,SBJ,X,ITT,HAUPT,1,"Residualfreiheitsgrade, ANCOVA ITT, Standweitsprung","Antrag, Plan 12.09., K17 K23 nachträglich",,T,"Tab. 3, 5.2"
S13.R2.Z30.X.ITT.HAUPT,S13,R2,Z30,X,ITT,HAUPT,1,"R² des Modells, ANCOVA ITT, Sprint 30 m","Antrag, Plan 12.09., K17 K23 nachträglich",,A,Tab. H4 Modellkennwerte
S13.R2.CM.X.ITT.HAUPT,S13,R2,CM,X,ITT,HAUPT,1,"R² des Modells, ANCOVA ITT, 505 Seitenmittel","Antrag, Plan 12.09., K17 K23 nachträglich",,A,Tab. H4 Modellkennwerte
S13.R2.SBJ.X.ITT.HAUPT,S13,R2,SBJ,X,ITT,HAUPT,1,"R² des Modells, ANCOVA ITT, Standweitsprung","Antrag, Plan 12.09., K17 K23 nachträglich",,A,Tab. H4 Modellkennwerte
S13.T.Z30.X.ITT.HAUPT,S13,T,Z30,X,ITT,HAUPT,1,"t von b1, ANCOVA ITT, Sprint 30 m","Antrag, Plan 12.09., K17 K23 nachträglich",,T,"Tab. 3, 5.2"
S13.T.CM.X.ITT.HAUPT,S13,T,CM,X,ITT,HAUPT,1,"t von b1, ANCOVA ITT, 505 Seitenmittel","Antrag, Plan 12.09., K17 K23 nachträglich",,T,"Tab. 3, 5.2"
S13.T.SBJ.X.ITT.HAUPT,S13,T,SBJ,X,ITT,HAUPT,1,"t von b1, ANCOVA ITT, Standweitsprung","Antrag, Plan 12.09., K17 K23 nachträglich",,T,"Tab. 3, 5.2"
S13.P.Z30.X.ITT.HAUPT,S13,P,Z30,X,ITT,HAUPT,1,"p von b1, zweiseitig, ANCOVA ITT, Sprint 30 m","Antrag, Plan 12.09., K17 K23 nachträglich",,T,"Tab. 3, 5.2"
S13.P.CM.X.ITT.HAUPT,S13,P,CM,X,ITT,HAUPT,1,"p von b1, zweiseitig, ANCOVA ITT, 505 Seitenmittel","Antrag, Plan 12.09., K17 K23 nachträglich",,T,"Tab. 3, 5.2"
S13.P.SBJ.X.ITT.HAUPT,S13,P,SBJ,X,ITT,HAUPT,1,"p von b1, zweiseitig, ANCOVA ITT, Standweitsprung","Antrag, Plan 12.09., K17 K23 nachträglich",,T,"Tab. 3, 5.2"
S13.KIU.Z30.X.ITT.HAUPT,S13,KIU,Z30,X,ITT,HAUPT,s,"untere KI-Grenze b1, ANCOVA ITT, Sprint 30 m","Antrag, Plan 12.09., K17 K23 nachträglich",,T,"Tab. 3, 5.2"
S13.KIU.CM.X.ITT.HAUPT,S13,KIU,CM,X,ITT,HAUPT,s,"untere KI-Grenze b1, ANCOVA ITT, 505 Seitenmittel","Antrag, Plan 12.09., K17 K23 nachträglich",,T,"Tab. 3, 5.2"
S13.KIU.SBJ.X.ITT.HAUPT,S13,KIU,SBJ,X,ITT,HAUPT,cm,"untere KI-Grenze b1, ANCOVA ITT, Standweitsprung","Antrag, Plan 12.09., K17 K23 nachträglich",,T,"Tab. 3, 5.2"
S13.KIO.Z30.X.ITT.HAUPT,S13,KIO,Z30,X,ITT,HAUPT,s,"obere KI-Grenze b1, ANCOVA ITT, Sprint 30 m","Antrag, Plan 12.09., K17 K23 nachträglich",,T,"Tab. 3, 5.2"
S13.KIO.CM.X.ITT.HAUPT,S13,KIO,CM,X,ITT,HAUPT,s,"obere KI-Grenze b1, ANCOVA ITT, 505 Seitenmittel","Antrag, Plan 12.09., K17 K23 nachträglich",,T,"Tab. 3, 5.2"
S13.KIO.SBJ.X.ITT.HAUPT,S13,KIO,SBJ,X,ITT,HAUPT,cm,"obere KI-Grenze b1, ANCOVA ITT, Standweitsprung","Antrag, Plan 12.09., K17 K23 nachträglich",,T,"Tab. 3, 5.2"
S13.AMIG.Z30.X.ITT.HAUPT,S13,AMIG,Z30,X,ITT,HAUPT,s,"adjustierter Mittelwert IG, ANCOVA ITT, Sprint 30 m","Antrag, Plan 12.09., K17 K23 nachträglich",,A,Tab. H4 Modellkennwerte
S13.AMIG.CM.X.ITT.HAUPT,S13,AMIG,CM,X,ITT,HAUPT,s,"adjustierter Mittelwert IG, ANCOVA ITT, 505 Seitenmittel","Antrag, Plan 12.09., K17 K23 nachträglich",,A,Tab. H4 Modellkennwerte
S13.AMIG.SBJ.X.ITT.HAUPT,S13,AMIG,SBJ,X,ITT,HAUPT,cm,"adjustierter Mittelwert IG, ANCOVA ITT, Standweitsprung","Antrag, Plan 12.09., K17 K23 nachträglich",,A,Tab. H4 Modellkennwerte
S13.AMKG.Z30.X.ITT.HAUPT,S13,AMKG,Z30,X,ITT,HAUPT,s,"adjustierter Mittelwert KG, ANCOVA ITT, Sprint 30 m","Antrag, Plan 12.09., K17 K23 nachträglich",,A,Tab. H4 Modellkennwerte
S13.AMKG.CM.X.ITT.HAUPT,S13,AMKG,CM,X,ITT,HAUPT,s,"adjustierter Mittelwert KG, ANCOVA ITT, 505 Seitenmittel","Antrag, Plan 12.09., K17 K23 nachträglich",,A,Tab. H4 Modellkennwerte
S13.AMKG.SBJ.X.ITT.HAUPT,S13,AMKG,SBJ,X,ITT,HAUPT,cm,"adjustierter Mittelwert KG, ANCOVA ITT, Standweitsprung","Antrag, Plan 12.09., K17 K23 nachträglich",,A,Tab. H4 Modellkennwerte
S13.SEAMIG.Z30.X.ITT.HAUPT,S13,SEAMIG,Z30,X,ITT,HAUPT,s,"SE adjustierter Mittelwert IG, ANCOVA ITT, Sprint 30 m","Antrag, Plan 12.09., K17 K23 nachträglich",,A,Tab. H4 Modellkennwerte
S13.SEAMIG.CM.X.ITT.HAUPT,S13,SEAMIG,CM,X,ITT,HAUPT,s,"SE adjustierter Mittelwert IG, ANCOVA ITT, 505 Seitenmittel","Antrag, Plan 12.09., K17 K23 nachträglich",,A,Tab. H4 Modellkennwerte
S13.SEAMIG.SBJ.X.ITT.HAUPT,S13,SEAMIG,SBJ,X,ITT,HAUPT,cm,"SE adjustierter Mittelwert IG, ANCOVA ITT, Standweitsprung","Antrag, Plan 12.09., K17 K23 nachträglich",,A,Tab. H4 Modellkennwerte
S13.SEAMKG.Z30.X.ITT.HAUPT,S13,SEAMKG,Z30,X,ITT,HAUPT,s,"SE adjustierter Mittelwert KG, ANCOVA ITT, Sprint 30 m","Antrag, Plan 12.09., K17 K23 nachträglich",,A,Tab. H4 Modellkennwerte
S13.SEAMKG.CM.X.ITT.HAUPT,S13,SEAMKG,CM,X,ITT,HAUPT,s,"SE adjustierter Mittelwert KG, ANCOVA ITT, 505 Seitenmittel","Antrag, Plan 12.09., K17 K23 nachträglich",,A,Tab. H4 Modellkennwerte
S13.SEAMKG.SBJ.X.ITT.HAUPT,S13,SEAMKG,SBJ,X,ITT,HAUPT,cm,"SE adjustierter Mittelwert KG, ANCOVA ITT, Standweitsprung","Antrag, Plan 12.09., K17 K23 nachträglich",,A,Tab. H4 Modellkennwerte
S13.AMIGU.Z30.X.ITT.HAUPT,S13,AMIGU,Z30,X,ITT,HAUPT,s,"untere KI-Grenze AM IG, ANCOVA ITT, Sprint 30 m","Antrag, Plan 12.09., K17 K23 nachträglich",,A,Tab. H4 Modellkennwerte
S13.AMIGU.CM.X.ITT.HAUPT,S13,AMIGU,CM,X,ITT,HAUPT,s,"untere KI-Grenze AM IG, ANCOVA ITT, 505 Seitenmittel","Antrag, Plan 12.09., K17 K23 nachträglich",,A,Tab. H4 Modellkennwerte
S13.AMIGU.SBJ.X.ITT.HAUPT,S13,AMIGU,SBJ,X,ITT,HAUPT,cm,"untere KI-Grenze AM IG, ANCOVA ITT, Standweitsprung","Antrag, Plan 12.09., K17 K23 nachträglich",,A,Tab. H4 Modellkennwerte
S13.AMIGO.Z30.X.ITT.HAUPT,S13,AMIGO,Z30,X,ITT,HAUPT,s,"obere KI-Grenze AM IG, ANCOVA ITT, Sprint 30 m","Antrag, Plan 12.09., K17 K23 nachträglich",,A,Tab. H4 Modellkennwerte
S13.AMIGO.CM.X.ITT.HAUPT,S13,AMIGO,CM,X,ITT,HAUPT,s,"obere KI-Grenze AM IG, ANCOVA ITT, 505 Seitenmittel","Antrag, Plan 12.09., K17 K23 nachträglich",,A,Tab. H4 Modellkennwerte
S13.AMIGO.SBJ.X.ITT.HAUPT,S13,AMIGO,SBJ,X,ITT,HAUPT,cm,"obere KI-Grenze AM IG, ANCOVA ITT, Standweitsprung","Antrag, Plan 12.09., K17 K23 nachträglich",,A,Tab. H4 Modellkennwerte
S13.AMKGU.Z30.X.ITT.HAUPT,S13,AMKGU,Z30,X,ITT,HAUPT,s,"untere KI-Grenze AM KG, ANCOVA ITT, Sprint 30 m","Antrag, Plan 12.09., K17 K23 nachträglich",,A,Tab. H4 Modellkennwerte
S13.AMKGU.CM.X.ITT.HAUPT,S13,AMKGU,CM,X,ITT,HAUPT,s,"untere KI-Grenze AM KG, ANCOVA ITT, 505 Seitenmittel","Antrag, Plan 12.09., K17 K23 nachträglich",,A,Tab. H4 Modellkennwerte
S13.AMKGU.SBJ.X.ITT.HAUPT,S13,AMKGU,SBJ,X,ITT,HAUPT,cm,"untere KI-Grenze AM KG, ANCOVA ITT, Standweitsprung","Antrag, Plan 12.09., K17 K23 nachträglich",,A,Tab. H4 Modellkennwerte
S13.AMKGO.Z30.X.ITT.HAUPT,S13,AMKGO,Z30,X,ITT,HAUPT,s,"obere KI-Grenze AM KG, ANCOVA ITT, Sprint 30 m","Antrag, Plan 12.09., K17 K23 nachträglich",,A,Tab. H4 Modellkennwerte
S13.AMKGO.CM.X.ITT.HAUPT,S13,AMKGO,CM,X,ITT,HAUPT,s,"obere KI-Grenze AM KG, ANCOVA ITT, 505 Seitenmittel","Antrag, Plan 12.09., K17 K23 nachträglich",,A,Tab. H4 Modellkennwerte
S13.AMKGO.SBJ.X.ITT.HAUPT,S13,AMKGO,SBJ,X,ITT,HAUPT,cm,"obere KI-Grenze AM KG, ANCOVA ITT, Standweitsprung","Antrag, Plan 12.09., K17 K23 nachträglich",,A,Tab. H4 Modellkennwerte
S13.NIG.Z30.X.ITT.HAUPT,S13,NIG,Z30,X,ITT,HAUPT,1,"n IG, ANCOVA ITT, Sprint 30 m","Antrag, Plan 12.09., K17 K23 nachträglich",,T,"Tab. 3, 5.2"
S13.NIG.CM.X.ITT.HAUPT,S13,NIG,CM,X,ITT,HAUPT,1,"n IG, ANCOVA ITT, 505 Seitenmittel","Antrag, Plan 12.09., K17 K23 nachträglich",,T,"Tab. 3, 5.2"
S13.NIG.SBJ.X.ITT.HAUPT,S13,NIG,SBJ,X,ITT,HAUPT,1,"n IG, ANCOVA ITT, Standweitsprung","Antrag, Plan 12.09., K17 K23 nachträglich",,T,"Tab. 3, 5.2"
S13.NKG.Z30.X.ITT.HAUPT,S13,NKG,Z30,X,ITT,HAUPT,1,"n KG, ANCOVA ITT, Sprint 30 m","Antrag, Plan 12.09., K17 K23 nachträglich",,T,"Tab. 3, 5.2"
S13.NKG.CM.X.ITT.HAUPT,S13,NKG,CM,X,ITT,HAUPT,1,"n KG, ANCOVA ITT, 505 Seitenmittel","Antrag, Plan 12.09., K17 K23 nachträglich",,T,"Tab. 3, 5.2"
S13.NKG.SBJ.X.ITT.HAUPT,S13,NKG,SBJ,X,ITT,HAUPT,1,"n KG, ANCOVA ITT, Standweitsprung","Antrag, Plan 12.09., K17 K23 nachträglich",,T,"Tab. 3, 5.2"
S13.SIG.Z30.X.ITT.HAUPT,S13,SIG,Z30,X,ITT,HAUPT,1,"Merkmal signifikant zugunsten IG, ANCOVA ITT, Sprint 30 m","Antrag, Plan 12.09., K17 K23 nachträglich",,T,"Tab. 3, 5.2"
S13.SIG.CM.X.ITT.HAUPT,S13,SIG,CM,X,ITT,HAUPT,1,"Merkmal signifikant zugunsten IG, ANCOVA ITT, 505 Seitenmittel","Antrag, Plan 12.09., K17 K23 nachträglich",,T,"Tab. 3, 5.2"
S13.SIG.SBJ.X.ITT.HAUPT,S13,SIG,SBJ,X,ITT,HAUPT,1,"Merkmal signifikant zugunsten IG, ANCOVA ITT, Standweitsprung","Antrag, Plan 12.09., K17 K23 nachträglich",,T,"Tab. 3, 5.2"
S13.H0REJ.X.X.ITT.HAUPT,S13,H0REJ,X,X,ITT,HAUPT,1,Merkmal H0 abgelehnt (mindestens eine konfirmatorische Zielgröße mit SIG = 1),"Antrag, K23 P6 nachträglich",,T,"Tab. 3, 5.2"
S13.NTEST.X.X.ITT.HAUPT,S13,NTEST,X,X,ITT,HAUPT,1,Zahl der konfirmatorischen Zielgrößen mit INF = 1,P6 nachträglich,,T,"Tab. 3, 5.2"
S16.B0.Z30.X.PP6.HAUPT,S16,B0,Z30,X,PP6,HAUPT,s,"Achsenabschnitt, ANCOVA Per-Protokoll ab 6, Sprint 30 m",Plan 12.09.,,X,übrige Koeffizienten PP6
S16.B0.CM.X.PP6.HAUPT,S16,B0,CM,X,PP6,HAUPT,s,"Achsenabschnitt, ANCOVA Per-Protokoll ab 6, 505 Seitenmittel",Plan 12.09.,,X,übrige Koeffizienten PP6
S16.B0.SBJ.X.PP6.HAUPT,S16,B0,SBJ,X,PP6,HAUPT,cm,"Achsenabschnitt, ANCOVA Per-Protokoll ab 6, Standweitsprung",Plan 12.09.,,X,übrige Koeffizienten PP6
S16.B1.Z30.X.PP6.HAUPT,S16,B1,Z30,X,PP6,HAUPT,s,"Gruppenkoeffizient b1 (IG − KG), ANCOVA Per-Protokoll ab 6, Sprint 30 m",Plan 12.09.,,T,"5.2 Satz, Tab. H4"
S16.B1.CM.X.PP6.HAUPT,S16,B1,CM,X,PP6,HAUPT,s,"Gruppenkoeffizient b1 (IG − KG), ANCOVA Per-Protokoll ab 6, 505 Seitenmittel",Plan 12.09.,,T,"5.2 Satz, Tab. H4"
S16.B1.SBJ.X.PP6.HAUPT,S16,B1,SBJ,X,PP6,HAUPT,cm,"Gruppenkoeffizient b1 (IG − KG), ANCOVA Per-Protokoll ab 6, Standweitsprung",Plan 12.09.,,T,"5.2 Satz, Tab. H4"
S16.B2.Z30.X.PP6.HAUPT,S16,B2,Z30,X,PP6,HAUPT,s je s,"Koeffizient Prä, ANCOVA Per-Protokoll ab 6, Sprint 30 m",Plan 12.09.,,X,übrige Koeffizienten PP6
S16.B2.CM.X.PP6.HAUPT,S16,B2,CM,X,PP6,HAUPT,s je s,"Koeffizient Prä, ANCOVA Per-Protokoll ab 6, 505 Seitenmittel",Plan 12.09.,,X,übrige Koeffizienten PP6
S16.B2.SBJ.X.PP6.HAUPT,S16,B2,SBJ,X,PP6,HAUPT,cm je cm,"Koeffizient Prä, ANCOVA Per-Protokoll ab 6, Standweitsprung",Plan 12.09.,,X,übrige Koeffizienten PP6
S16.B3.Z30.X.PP6.HAUPT,S16,B3,Z30,X,PP6,HAUPT,s je %,"Koeffizient %PAH, ANCOVA Per-Protokoll ab 6, Sprint 30 m",Plan 12.09.,,X,übrige Koeffizienten PP6
S16.B3.CM.X.PP6.HAUPT,S16,B3,CM,X,PP6,HAUPT,s je %,"Koeffizient %PAH, ANCOVA Per-Protokoll ab 6, 505 Seitenmittel",Plan 12.09.,,X,übrige Koeffizienten PP6
S16.B3.SBJ.X.PP6.HAUPT,S16,B3,SBJ,X,PP6,HAUPT,cm je %,"Koeffizient %PAH, ANCOVA Per-Protokoll ab 6, Standweitsprung",Plan 12.09.,,X,übrige Koeffizienten PP6
S16.SEB0.Z30.X.PP6.HAUPT,S16,SEB0,Z30,X,PP6,HAUPT,s,"SE b0, ANCOVA Per-Protokoll ab 6, Sprint 30 m",Plan 12.09.,,X,übrige Koeffizienten PP6
S16.SEB0.CM.X.PP6.HAUPT,S16,SEB0,CM,X,PP6,HAUPT,s,"SE b0, ANCOVA Per-Protokoll ab 6, 505 Seitenmittel",Plan 12.09.,,X,übrige Koeffizienten PP6
S16.SEB0.SBJ.X.PP6.HAUPT,S16,SEB0,SBJ,X,PP6,HAUPT,cm,"SE b0, ANCOVA Per-Protokoll ab 6, Standweitsprung",Plan 12.09.,,X,übrige Koeffizienten PP6
S16.SEB1.Z30.X.PP6.HAUPT,S16,SEB1,Z30,X,PP6,HAUPT,s,"SE b1, ANCOVA Per-Protokoll ab 6, Sprint 30 m",Plan 12.09.,,A,Tab. H4
S16.SEB1.CM.X.PP6.HAUPT,S16,SEB1,CM,X,PP6,HAUPT,s,"SE b1, ANCOVA Per-Protokoll ab 6, 505 Seitenmittel",Plan 12.09.,,A,Tab. H4
S16.SEB1.SBJ.X.PP6.HAUPT,S16,SEB1,SBJ,X,PP6,HAUPT,cm,"SE b1, ANCOVA Per-Protokoll ab 6, Standweitsprung",Plan 12.09.,,A,Tab. H4
S16.SEB2.Z30.X.PP6.HAUPT,S16,SEB2,Z30,X,PP6,HAUPT,s je s,"SE b2, ANCOVA Per-Protokoll ab 6, Sprint 30 m",Plan 12.09.,,X,übrige Koeffizienten PP6
S16.SEB2.CM.X.PP6.HAUPT,S16,SEB2,CM,X,PP6,HAUPT,s je s,"SE b2, ANCOVA Per-Protokoll ab 6, 505 Seitenmittel",Plan 12.09.,,X,übrige Koeffizienten PP6
S16.SEB2.SBJ.X.PP6.HAUPT,S16,SEB2,SBJ,X,PP6,HAUPT,cm je cm,"SE b2, ANCOVA Per-Protokoll ab 6, Standweitsprung",Plan 12.09.,,X,übrige Koeffizienten PP6
S16.SEB3.Z30.X.PP6.HAUPT,S16,SEB3,Z30,X,PP6,HAUPT,s je %,"SE b3, ANCOVA Per-Protokoll ab 6, Sprint 30 m",Plan 12.09.,,X,übrige Koeffizienten PP6
S16.SEB3.CM.X.PP6.HAUPT,S16,SEB3,CM,X,PP6,HAUPT,s je %,"SE b3, ANCOVA Per-Protokoll ab 6, 505 Seitenmittel",Plan 12.09.,,X,übrige Koeffizienten PP6
S16.SEB3.SBJ.X.PP6.HAUPT,S16,SEB3,SBJ,X,PP6,HAUPT,cm je %,"SE b3, ANCOVA Per-Protokoll ab 6, Standweitsprung",Plan 12.09.,,X,übrige Koeffizienten PP6
S16.SIGMA.Z30.X.PP6.HAUPT,S16,SIGMA,Z30,X,PP6,HAUPT,s,"Residuen-SD, ANCOVA Per-Protokoll ab 6, Sprint 30 m",Plan 12.09.,,X,übrige Koeffizienten PP6
S16.SIGMA.CM.X.PP6.HAUPT,S16,SIGMA,CM,X,PP6,HAUPT,s,"Residuen-SD, ANCOVA Per-Protokoll ab 6, 505 Seitenmittel",Plan 12.09.,,X,übrige Koeffizienten PP6
S16.SIGMA.SBJ.X.PP6.HAUPT,S16,SIGMA,SBJ,X,PP6,HAUPT,cm,"Residuen-SD, ANCOVA Per-Protokoll ab 6, Standweitsprung",Plan 12.09.,,X,übrige Koeffizienten PP6
S16.DF.Z30.X.PP6.HAUPT,S16,DF,Z30,X,PP6,HAUPT,1,"Residualfreiheitsgrade, ANCOVA Per-Protokoll ab 6, Sprint 30 m",Plan 12.09.,,A,Tab. H4
S16.DF.CM.X.PP6.HAUPT,S16,DF,CM,X,PP6,HAUPT,1,"Residualfreiheitsgrade, ANCOVA Per-Protokoll ab 6, 505 Seitenmittel",Plan 12.09.,,A,Tab. H4
S16.DF.SBJ.X.PP6.HAUPT,S16,DF,SBJ,X,PP6,HAUPT,1,"Residualfreiheitsgrade, ANCOVA Per-Protokoll ab 6, Standweitsprung",Plan 12.09.,,A,Tab. H4
S16.R2.Z30.X.PP6.HAUPT,S16,R2,Z30,X,PP6,HAUPT,1,"R² des Modells, ANCOVA Per-Protokoll ab 6, Sprint 30 m",Plan 12.09.,,X,übrige Koeffizienten PP6
S16.R2.CM.X.PP6.HAUPT,S16,R2,CM,X,PP6,HAUPT,1,"R² des Modells, ANCOVA Per-Protokoll ab 6, 505 Seitenmittel",Plan 12.09.,,X,übrige Koeffizienten PP6
S16.R2.SBJ.X.PP6.HAUPT,S16,R2,SBJ,X,PP6,HAUPT,1,"R² des Modells, ANCOVA Per-Protokoll ab 6, Standweitsprung",Plan 12.09.,,X,übrige Koeffizienten PP6
S16.T.Z30.X.PP6.HAUPT,S16,T,Z30,X,PP6,HAUPT,1,"t von b1, ANCOVA Per-Protokoll ab 6, Sprint 30 m",Plan 12.09.,,A,Tab. H4
S16.T.CM.X.PP6.HAUPT,S16,T,CM,X,PP6,HAUPT,1,"t von b1, ANCOVA Per-Protokoll ab 6, 505 Seitenmittel",Plan 12.09.,,A,Tab. H4
S16.T.SBJ.X.PP6.HAUPT,S16,T,SBJ,X,PP6,HAUPT,1,"t von b1, ANCOVA Per-Protokoll ab 6, Standweitsprung",Plan 12.09.,,A,Tab. H4
S16.P.Z30.X.PP6.HAUPT,S16,P,Z30,X,PP6,HAUPT,1,"p von b1, zweiseitig, ANCOVA Per-Protokoll ab 6, Sprint 30 m",Plan 12.09.,,T,"5.2 Satz, Tab. H4"
S16.P.CM.X.PP6.HAUPT,S16,P,CM,X,PP6,HAUPT,1,"p von b1, zweiseitig, ANCOVA Per-Protokoll ab 6, 505 Seitenmittel",Plan 12.09.,,T,"5.2 Satz, Tab. H4"
S16.P.SBJ.X.PP6.HAUPT,S16,P,SBJ,X,PP6,HAUPT,1,"p von b1, zweiseitig, ANCOVA Per-Protokoll ab 6, Standweitsprung",Plan 12.09.,,T,"5.2 Satz, Tab. H4"
S16.KIU.Z30.X.PP6.HAUPT,S16,KIU,Z30,X,PP6,HAUPT,s,"untere KI-Grenze b1, ANCOVA Per-Protokoll ab 6, Sprint 30 m",Plan 12.09.,,T,"5.2 Satz, Tab. H4"
S16.KIU.CM.X.PP6.HAUPT,S16,KIU,CM,X,PP6,HAUPT,s,"untere KI-Grenze b1, ANCOVA Per-Protokoll ab 6, 505 Seitenmittel",Plan 12.09.,,T,"5.2 Satz, Tab. H4"
S16.KIU.SBJ.X.PP6.HAUPT,S16,KIU,SBJ,X,PP6,HAUPT,cm,"untere KI-Grenze b1, ANCOVA Per-Protokoll ab 6, Standweitsprung",Plan 12.09.,,T,"5.2 Satz, Tab. H4"
S16.KIO.Z30.X.PP6.HAUPT,S16,KIO,Z30,X,PP6,HAUPT,s,"obere KI-Grenze b1, ANCOVA Per-Protokoll ab 6, Sprint 30 m",Plan 12.09.,,T,"5.2 Satz, Tab. H4"
S16.KIO.CM.X.PP6.HAUPT,S16,KIO,CM,X,PP6,HAUPT,s,"obere KI-Grenze b1, ANCOVA Per-Protokoll ab 6, 505 Seitenmittel",Plan 12.09.,,T,"5.2 Satz, Tab. H4"
S16.KIO.SBJ.X.PP6.HAUPT,S16,KIO,SBJ,X,PP6,HAUPT,cm,"obere KI-Grenze b1, ANCOVA Per-Protokoll ab 6, Standweitsprung",Plan 12.09.,,T,"5.2 Satz, Tab. H4"
S16.AMIG.Z30.X.PP6.HAUPT,S16,AMIG,Z30,X,PP6,HAUPT,s,"adjustierter Mittelwert IG, ANCOVA Per-Protokoll ab 6, Sprint 30 m",Plan 12.09.,,X,übrige Koeffizienten PP6
S16.AMIG.CM.X.PP6.HAUPT,S16,AMIG,CM,X,PP6,HAUPT,s,"adjustierter Mittelwert IG, ANCOVA Per-Protokoll ab 6, 505 Seitenmittel",Plan 12.09.,,X,übrige Koeffizienten PP6
S16.AMIG.SBJ.X.PP6.HAUPT,S16,AMIG,SBJ,X,PP6,HAUPT,cm,"adjustierter Mittelwert IG, ANCOVA Per-Protokoll ab 6, Standweitsprung",Plan 12.09.,,X,übrige Koeffizienten PP6
S16.AMKG.Z30.X.PP6.HAUPT,S16,AMKG,Z30,X,PP6,HAUPT,s,"adjustierter Mittelwert KG, ANCOVA Per-Protokoll ab 6, Sprint 30 m",Plan 12.09.,,X,übrige Koeffizienten PP6
S16.AMKG.CM.X.PP6.HAUPT,S16,AMKG,CM,X,PP6,HAUPT,s,"adjustierter Mittelwert KG, ANCOVA Per-Protokoll ab 6, 505 Seitenmittel",Plan 12.09.,,X,übrige Koeffizienten PP6
S16.AMKG.SBJ.X.PP6.HAUPT,S16,AMKG,SBJ,X,PP6,HAUPT,cm,"adjustierter Mittelwert KG, ANCOVA Per-Protokoll ab 6, Standweitsprung",Plan 12.09.,,X,übrige Koeffizienten PP6
S16.SEAMIG.Z30.X.PP6.HAUPT,S16,SEAMIG,Z30,X,PP6,HAUPT,s,"SE adjustierter Mittelwert IG, ANCOVA Per-Protokoll ab 6, Sprint 30 m",Plan 12.09.,,X,übrige Koeffizienten PP6
S16.SEAMIG.CM.X.PP6.HAUPT,S16,SEAMIG,CM,X,PP6,HAUPT,s,"SE adjustierter Mittelwert IG, ANCOVA Per-Protokoll ab 6, 505 Seitenmittel",Plan 12.09.,,X,übrige Koeffizienten PP6
S16.SEAMIG.SBJ.X.PP6.HAUPT,S16,SEAMIG,SBJ,X,PP6,HAUPT,cm,"SE adjustierter Mittelwert IG, ANCOVA Per-Protokoll ab 6, Standweitsprung",Plan 12.09.,,X,übrige Koeffizienten PP6
S16.SEAMKG.Z30.X.PP6.HAUPT,S16,SEAMKG,Z30,X,PP6,HAUPT,s,"SE adjustierter Mittelwert KG, ANCOVA Per-Protokoll ab 6, Sprint 30 m",Plan 12.09.,,X,übrige Koeffizienten PP6
S16.SEAMKG.CM.X.PP6.HAUPT,S16,SEAMKG,CM,X,PP6,HAUPT,s,"SE adjustierter Mittelwert KG, ANCOVA Per-Protokoll ab 6, 505 Seitenmittel",Plan 12.09.,,X,übrige Koeffizienten PP6
S16.SEAMKG.SBJ.X.PP6.HAUPT,S16,SEAMKG,SBJ,X,PP6,HAUPT,cm,"SE adjustierter Mittelwert KG, ANCOVA Per-Protokoll ab 6, Standweitsprung",Plan 12.09.,,X,übrige Koeffizienten PP6
S16.AMIGU.Z30.X.PP6.HAUPT,S16,AMIGU,Z30,X,PP6,HAUPT,s,"untere KI-Grenze AM IG, ANCOVA Per-Protokoll ab 6, Sprint 30 m",Plan 12.09.,,X,übrige Koeffizienten PP6
S16.AMIGU.CM.X.PP6.HAUPT,S16,AMIGU,CM,X,PP6,HAUPT,s,"untere KI-Grenze AM IG, ANCOVA Per-Protokoll ab 6, 505 Seitenmittel",Plan 12.09.,,X,übrige Koeffizienten PP6
S16.AMIGU.SBJ.X.PP6.HAUPT,S16,AMIGU,SBJ,X,PP6,HAUPT,cm,"untere KI-Grenze AM IG, ANCOVA Per-Protokoll ab 6, Standweitsprung",Plan 12.09.,,X,übrige Koeffizienten PP6
S16.AMIGO.Z30.X.PP6.HAUPT,S16,AMIGO,Z30,X,PP6,HAUPT,s,"obere KI-Grenze AM IG, ANCOVA Per-Protokoll ab 6, Sprint 30 m",Plan 12.09.,,X,übrige Koeffizienten PP6
S16.AMIGO.CM.X.PP6.HAUPT,S16,AMIGO,CM,X,PP6,HAUPT,s,"obere KI-Grenze AM IG, ANCOVA Per-Protokoll ab 6, 505 Seitenmittel",Plan 12.09.,,X,übrige Koeffizienten PP6
S16.AMIGO.SBJ.X.PP6.HAUPT,S16,AMIGO,SBJ,X,PP6,HAUPT,cm,"obere KI-Grenze AM IG, ANCOVA Per-Protokoll ab 6, Standweitsprung",Plan 12.09.,,X,übrige Koeffizienten PP6
S16.AMKGU.Z30.X.PP6.HAUPT,S16,AMKGU,Z30,X,PP6,HAUPT,s,"untere KI-Grenze AM KG, ANCOVA Per-Protokoll ab 6, Sprint 30 m",Plan 12.09.,,X,übrige Koeffizienten PP6
S16.AMKGU.CM.X.PP6.HAUPT,S16,AMKGU,CM,X,PP6,HAUPT,s,"untere KI-Grenze AM KG, ANCOVA Per-Protokoll ab 6, 505 Seitenmittel",Plan 12.09.,,X,übrige Koeffizienten PP6
S16.AMKGU.SBJ.X.PP6.HAUPT,S16,AMKGU,SBJ,X,PP6,HAUPT,cm,"untere KI-Grenze AM KG, ANCOVA Per-Protokoll ab 6, Standweitsprung",Plan 12.09.,,X,übrige Koeffizienten PP6
S16.AMKGO.Z30.X.PP6.HAUPT,S16,AMKGO,Z30,X,PP6,HAUPT,s,"obere KI-Grenze AM KG, ANCOVA Per-Protokoll ab 6, Sprint 30 m",Plan 12.09.,,X,übrige Koeffizienten PP6
S16.AMKGO.CM.X.PP6.HAUPT,S16,AMKGO,CM,X,PP6,HAUPT,s,"obere KI-Grenze AM KG, ANCOVA Per-Protokoll ab 6, 505 Seitenmittel",Plan 12.09.,,X,übrige Koeffizienten PP6
S16.AMKGO.SBJ.X.PP6.HAUPT,S16,AMKGO,SBJ,X,PP6,HAUPT,cm,"obere KI-Grenze AM KG, ANCOVA Per-Protokoll ab 6, Standweitsprung",Plan 12.09.,,X,übrige Koeffizienten PP6
S16.NIG.Z30.X.PP6.HAUPT,S16,NIG,Z30,X,PP6,HAUPT,1,"n IG, ANCOVA Per-Protokoll ab 6, Sprint 30 m",Plan 12.09.,,T,"5.2 Satz, Tab. H4"
S16.NIG.CM.X.PP6.HAUPT,S16,NIG,CM,X,PP6,HAUPT,1,"n IG, ANCOVA Per-Protokoll ab 6, 505 Seitenmittel",Plan 12.09.,,T,"5.2 Satz, Tab. H4"
S16.NIG.SBJ.X.PP6.HAUPT,S16,NIG,SBJ,X,PP6,HAUPT,1,"n IG, ANCOVA Per-Protokoll ab 6, Standweitsprung",Plan 12.09.,,T,"5.2 Satz, Tab. H4"
S16.NKG.Z30.X.PP6.HAUPT,S16,NKG,Z30,X,PP6,HAUPT,1,"n KG, ANCOVA Per-Protokoll ab 6, Sprint 30 m",Plan 12.09.,,T,"5.2 Satz, Tab. H4"
S16.NKG.CM.X.PP6.HAUPT,S16,NKG,CM,X,PP6,HAUPT,1,"n KG, ANCOVA Per-Protokoll ab 6, 505 Seitenmittel",Plan 12.09.,,T,"5.2 Satz, Tab. H4"
S16.NKG.SBJ.X.PP6.HAUPT,S16,NKG,SBJ,X,PP6,HAUPT,1,"n KG, ANCOVA Per-Protokoll ab 6, Standweitsprung",Plan 12.09.,,T,"5.2 Satz, Tab. H4"
S16.M.Z30.PRE.PP6IG.HAUPT,S16,M,Z30,PRE,PP6IG,HAUPT,s,"Mittel BEST im IG-Teil des Sets PP6, Sprint 30 m",Plan 12.09.,,A,Tab. H4 Deskription (R5)
S16.M.Z30.POST.PP6IG.HAUPT,S16,M,Z30,POST,PP6IG,HAUPT,s,"Mittel BEST im IG-Teil des Sets PP6, Sprint 30 m",Plan 12.09.,,A,Tab. H4 Deskription (R5)
S16.M.CM.PRE.PP6IG.HAUPT,S16,M,CM,PRE,PP6IG,HAUPT,s,"Mittel BEST im IG-Teil des Sets PP6, 505 Seitenmittel",Plan 12.09.,,A,Tab. H4 Deskription (R5)
S16.M.CM.POST.PP6IG.HAUPT,S16,M,CM,POST,PP6IG,HAUPT,s,"Mittel BEST im IG-Teil des Sets PP6, 505 Seitenmittel",Plan 12.09.,,A,Tab. H4 Deskription (R5)
S16.M.SBJ.PRE.PP6IG.HAUPT,S16,M,SBJ,PRE,PP6IG,HAUPT,cm,"Mittel BEST im IG-Teil des Sets PP6, Standweitsprung",Plan 12.09.,,A,Tab. H4 Deskription (R5)
S16.M.SBJ.POST.PP6IG.HAUPT,S16,M,SBJ,POST,PP6IG,HAUPT,cm,"Mittel BEST im IG-Teil des Sets PP6, Standweitsprung",Plan 12.09.,,A,Tab. H4 Deskription (R5)
S16.SD.Z30.PRE.PP6IG.HAUPT,S16,SD,Z30,PRE,PP6IG,HAUPT,s,"SD BEST im IG-Teil des Sets PP6, Sprint 30 m",Plan 12.09.,,A,Tab. H4 Deskription (R5)
S16.SD.Z30.POST.PP6IG.HAUPT,S16,SD,Z30,POST,PP6IG,HAUPT,s,"SD BEST im IG-Teil des Sets PP6, Sprint 30 m",Plan 12.09.,,A,Tab. H4 Deskription (R5)
S16.SD.CM.PRE.PP6IG.HAUPT,S16,SD,CM,PRE,PP6IG,HAUPT,s,"SD BEST im IG-Teil des Sets PP6, 505 Seitenmittel",Plan 12.09.,,A,Tab. H4 Deskription (R5)
S16.SD.CM.POST.PP6IG.HAUPT,S16,SD,CM,POST,PP6IG,HAUPT,s,"SD BEST im IG-Teil des Sets PP6, 505 Seitenmittel",Plan 12.09.,,A,Tab. H4 Deskription (R5)
S16.SD.SBJ.PRE.PP6IG.HAUPT,S16,SD,SBJ,PRE,PP6IG,HAUPT,cm,"SD BEST im IG-Teil des Sets PP6, Standweitsprung",Plan 12.09.,,A,Tab. H4 Deskription (R5)
S16.SD.SBJ.POST.PP6IG.HAUPT,S16,SD,SBJ,POST,PP6IG,HAUPT,cm,"SD BEST im IG-Teil des Sets PP6, Standweitsprung",Plan 12.09.,,A,Tab. H4 Deskription (R5)
S16.DIFF.Z30.DIFF.P<Code>.AK9,S16,DIFF,Z30,DIFF,P<Code>,AK9,s,"BEST post − BEST prä, Spieler im Set AK9, Sprint 30 m","Antrag, Plan 12.09.",AK9,A,"Tab. H2 Antragskriterium, Einzelwerte"
S16.DIFF.CM.DIFF.P<Code>.AK9,S16,DIFF,CM,DIFF,P<Code>,AK9,s,"BEST post − BEST prä, Spieler im Set AK9, 505 Seitenmittel","Antrag, Plan 12.09.",AK9,A,"Tab. H2 Antragskriterium, Einzelwerte"
S16.DIFF.SBJ.DIFF.P<Code>.AK9,S16,DIFF,SBJ,DIFF,P<Code>,AK9,cm,"BEST post − BEST prä, Spieler im Set AK9, Standweitsprung","Antrag, Plan 12.09.",AK9,A,"Tab. H2 Antragskriterium, Einzelwerte"
S14.SWW.Z30.X.ITT.HAUPT,S14,SWW,Z30,X,ITT,HAUPT,1,"Shapiro-Wilk W der Residuen, Sprint 30 m","Plan 12.09., K18 O7 nachträglich",,T,"5.2 Satz, Tab. H4"
S14.SWW.CM.X.ITT.HAUPT,S14,SWW,CM,X,ITT,HAUPT,1,"Shapiro-Wilk W der Residuen, 505 Seitenmittel","Plan 12.09., K18 O7 nachträglich",,T,"5.2 Satz, Tab. H4"
S14.SWW.SBJ.X.ITT.HAUPT,S14,SWW,SBJ,X,ITT,HAUPT,1,"Shapiro-Wilk W der Residuen, Standweitsprung","Plan 12.09., K18 O7 nachträglich",,T,"5.2 Satz, Tab. H4"
S14.SWP.Z30.X.ITT.HAUPT,S14,SWP,Z30,X,ITT,HAUPT,1,"p Shapiro-Wilk, Sprint 30 m","Plan 12.09., K18 O7 nachträglich",,T,"5.2 Satz, Tab. H4"
S14.SWP.CM.X.ITT.HAUPT,S14,SWP,CM,X,ITT,HAUPT,1,"p Shapiro-Wilk, 505 Seitenmittel","Plan 12.09., K18 O7 nachträglich",,T,"5.2 Satz, Tab. H4"
S14.SWP.SBJ.X.ITT.HAUPT,S14,SWP,SBJ,X,ITT,HAUPT,1,"p Shapiro-Wilk, Standweitsprung","Plan 12.09., K18 O7 nachträglich",,T,"5.2 Satz, Tab. H4"
S14.SWVERW.Z30.X.ITT.HAUPT,S14,SWVERW,Z30,X,ITT,HAUPT,1,"Merkmal verworfen, Sprint 30 m","Plan 12.09., K18 O7 nachträglich",,T,"5.2 Satz, Tab. H4"
S14.SWVERW.CM.X.ITT.HAUPT,S14,SWVERW,CM,X,ITT,HAUPT,1,"Merkmal verworfen, 505 Seitenmittel","Plan 12.09., K18 O7 nachträglich",,T,"5.2 Satz, Tab. H4"
S14.SWVERW.SBJ.X.ITT.HAUPT,S14,SWVERW,SBJ,X,ITT,HAUPT,1,"Merkmal verworfen, Standweitsprung","Plan 12.09., K18 O7 nachträglich",,T,"5.2 Satz, Tab. H4"
S14.BFF.Z30.X.ITT.HAUPT,S14,BFF,Z30,X,ITT,HAUPT,1,"Brown-Forsythe F der Residuen, Sprint 30 m","Plan 12.09., K19 O7 nachträglich",,A,Tab. H4
S14.BFF.CM.X.ITT.HAUPT,S14,BFF,CM,X,ITT,HAUPT,1,"Brown-Forsythe F der Residuen, 505 Seitenmittel","Plan 12.09., K19 O7 nachträglich",,A,Tab. H4
S14.BFF.SBJ.X.ITT.HAUPT,S14,BFF,SBJ,X,ITT,HAUPT,1,"Brown-Forsythe F der Residuen, Standweitsprung","Plan 12.09., K19 O7 nachträglich",,A,Tab. H4
S14.BFDF1.Z30.X.ITT.HAUPT,S14,BFDF1,Z30,X,ITT,HAUPT,1,"df1, Sprint 30 m","Plan 12.09., K19 O7 nachträglich",,A,Tab. H4
S14.BFDF1.CM.X.ITT.HAUPT,S14,BFDF1,CM,X,ITT,HAUPT,1,"df1, 505 Seitenmittel","Plan 12.09., K19 O7 nachträglich",,A,Tab. H4
S14.BFDF1.SBJ.X.ITT.HAUPT,S14,BFDF1,SBJ,X,ITT,HAUPT,1,"df1, Standweitsprung","Plan 12.09., K19 O7 nachträglich",,A,Tab. H4
S14.BFDF2.Z30.X.ITT.HAUPT,S14,BFDF2,Z30,X,ITT,HAUPT,1,"df2, Sprint 30 m","Plan 12.09., K19 O7 nachträglich",,A,Tab. H4
S14.BFDF2.CM.X.ITT.HAUPT,S14,BFDF2,CM,X,ITT,HAUPT,1,"df2, 505 Seitenmittel","Plan 12.09., K19 O7 nachträglich",,A,Tab. H4
S14.BFDF2.SBJ.X.ITT.HAUPT,S14,BFDF2,SBJ,X,ITT,HAUPT,1,"df2, Standweitsprung","Plan 12.09., K19 O7 nachträglich",,A,Tab. H4
S14.BFP.Z30.X.ITT.HAUPT,S14,BFP,Z30,X,ITT,HAUPT,1,"p Brown-Forsythe, Sprint 30 m","Plan 12.09., K19 O7 nachträglich",,A,Tab. H4
S14.BFP.CM.X.ITT.HAUPT,S14,BFP,CM,X,ITT,HAUPT,1,"p Brown-Forsythe, 505 Seitenmittel","Plan 12.09., K19 O7 nachträglich",,A,Tab. H4
S14.BFP.SBJ.X.ITT.HAUPT,S14,BFP,SBJ,X,ITT,HAUPT,1,"p Brown-Forsythe, Standweitsprung","Plan 12.09., K19 O7 nachträglich",,A,Tab. H4
S14.BFVERW.Z30.X.ITT.HAUPT,S14,BFVERW,Z30,X,ITT,HAUPT,1,"Merkmal verworfen, Sprint 30 m","Plan 12.09., K19 O7 nachträglich",,A,Tab. H4
S14.BFVERW.CM.X.ITT.HAUPT,S14,BFVERW,CM,X,ITT,HAUPT,1,"Merkmal verworfen, 505 Seitenmittel","Plan 12.09., K19 O7 nachträglich",,A,Tab. H4
S14.BFVERW.SBJ.X.ITT.HAUPT,S14,BFVERW,SBJ,X,ITT,HAUPT,1,"Merkmal verworfen, Standweitsprung","Plan 12.09., K19 O7 nachträglich",,A,Tab. H4
S14.SDRIG.Z30.X.ITT.HAUPT,S14,SDRIG,Z30,X,ITT,HAUPT,s,"SD der Residuen in der IG, Sprint 30 m",nachträglich (Nachtrag N2),,A,"Tab. H4, Einordnung in 6.2 nach R3 (Nachtrag 1, N2)"
S14.SDRIG.CM.X.ITT.HAUPT,S14,SDRIG,CM,X,ITT,HAUPT,s,"SD der Residuen in der IG, 505 Seitenmittel",nachträglich (Nachtrag N2),,A,"Tab. H4, Einordnung in 6.2 nach R3 (Nachtrag 1, N2)"
S14.SDRIG.SBJ.X.ITT.HAUPT,S14,SDRIG,SBJ,X,ITT,HAUPT,cm,"SD der Residuen in der IG, Standweitsprung",nachträglich (Nachtrag N2),,A,"Tab. H4, Einordnung in 6.2 nach R3 (Nachtrag 1, N2)"
S14.SDRKG.Z30.X.ITT.HAUPT,S14,SDRKG,Z30,X,ITT,HAUPT,s,"SD der Residuen in der KG, Sprint 30 m",nachträglich (Nachtrag N2),,A,"Tab. H4, Einordnung in 6.2 nach R3 (Nachtrag 1, N2)"
S14.SDRKG.CM.X.ITT.HAUPT,S14,SDRKG,CM,X,ITT,HAUPT,s,"SD der Residuen in der KG, 505 Seitenmittel",nachträglich (Nachtrag N2),,A,"Tab. H4, Einordnung in 6.2 nach R3 (Nachtrag 1, N2)"
S14.SDRKG.SBJ.X.ITT.HAUPT,S14,SDRKG,SBJ,X,ITT,HAUPT,cm,"SD der Residuen in der KG, Standweitsprung",nachträglich (Nachtrag N2),,A,"Tab. H4, Einordnung in 6.2 nach R3 (Nachtrag 1, N2)"
S14.SDRQ.Z30.X.ITT.HAUPT,S14,SDRQ,Z30,X,ITT,HAUPT,1,"Verhältnis der Residuen-SD KG zu IG, Sprint 30 m",nachträglich (Nachtrag N2),,A,"Tab. H4, Einordnung in 6.2 nach R3 (Nachtrag 1, N2)"
S14.SDRQ.CM.X.ITT.HAUPT,S14,SDRQ,CM,X,ITT,HAUPT,1,"Verhältnis der Residuen-SD KG zu IG, 505 Seitenmittel",nachträglich (Nachtrag N2),,A,"Tab. H4, Einordnung in 6.2 nach R3 (Nachtrag 1, N2)"
S14.SDRQ.SBJ.X.ITT.HAUPT,S14,SDRQ,SBJ,X,ITT,HAUPT,1,"Verhältnis der Residuen-SD KG zu IG, Standweitsprung",nachträglich (Nachtrag N2),,A,"Tab. H4, Einordnung in 6.2 nach R3 (Nachtrag 1, N2)"
S14.BINT.Z30.X.ITT.SLPRE,S14,BINT,Z30,X,ITT,SLPRE,s je s,"Koeffizient der Interaktion G·Prä, Modell SLPRE, Sprint 30 m","Plan 12.09., K20 O7 nachträglich",,A,Tab. H4
S14.BINT.Z30.X.ITT.SLPAH,S14,BINT,Z30,X,ITT,SLPAH,s je %,"Koeffizient der Interaktion G·PAH, Modell SLPAH, Sprint 30 m","Plan 12.09., K20 O7 nachträglich",,A,Tab. H4
S14.BINT.CM.X.ITT.SLPRE,S14,BINT,CM,X,ITT,SLPRE,s je s,"Koeffizient der Interaktion G·Prä, Modell SLPRE, 505 Seitenmittel","Plan 12.09., K20 O7 nachträglich",,A,Tab. H4
S14.BINT.CM.X.ITT.SLPAH,S14,BINT,CM,X,ITT,SLPAH,s je %,"Koeffizient der Interaktion G·PAH, Modell SLPAH, 505 Seitenmittel","Plan 12.09., K20 O7 nachträglich",,A,Tab. H4
S14.BINT.SBJ.X.ITT.SLPRE,S14,BINT,SBJ,X,ITT,SLPRE,cm je cm,"Koeffizient der Interaktion G·Prä, Modell SLPRE, Standweitsprung","Plan 12.09., K20 O7 nachträglich",,A,Tab. H4
S14.BINT.SBJ.X.ITT.SLPAH,S14,BINT,SBJ,X,ITT,SLPAH,cm je %,"Koeffizient der Interaktion G·PAH, Modell SLPAH, Standweitsprung","Plan 12.09., K20 O7 nachträglich",,A,Tab. H4
S14.SEINT.Z30.X.ITT.SLPRE,S14,SEINT,Z30,X,ITT,SLPRE,s je s,"SE der Interaktion G·Prä, Modell SLPRE, Sprint 30 m","Plan 12.09., K20 O7 nachträglich",,A,Tab. H4
S14.SEINT.Z30.X.ITT.SLPAH,S14,SEINT,Z30,X,ITT,SLPAH,s je %,"SE der Interaktion G·PAH, Modell SLPAH, Sprint 30 m","Plan 12.09., K20 O7 nachträglich",,A,Tab. H4
S14.SEINT.CM.X.ITT.SLPRE,S14,SEINT,CM,X,ITT,SLPRE,s je s,"SE der Interaktion G·Prä, Modell SLPRE, 505 Seitenmittel","Plan 12.09., K20 O7 nachträglich",,A,Tab. H4
S14.SEINT.CM.X.ITT.SLPAH,S14,SEINT,CM,X,ITT,SLPAH,s je %,"SE der Interaktion G·PAH, Modell SLPAH, 505 Seitenmittel","Plan 12.09., K20 O7 nachträglich",,A,Tab. H4
S14.SEINT.SBJ.X.ITT.SLPRE,S14,SEINT,SBJ,X,ITT,SLPRE,cm je cm,"SE der Interaktion G·Prä, Modell SLPRE, Standweitsprung","Plan 12.09., K20 O7 nachträglich",,A,Tab. H4
S14.SEINT.SBJ.X.ITT.SLPAH,S14,SEINT,SBJ,X,ITT,SLPAH,cm je %,"SE der Interaktion G·PAH, Modell SLPAH, Standweitsprung","Plan 12.09., K20 O7 nachträglich",,A,Tab. H4
S14.TINT.Z30.X.ITT.SLPRE,S14,TINT,Z30,X,ITT,SLPRE,1,"t der Interaktion G·Prä, Modell SLPRE, Sprint 30 m","Plan 12.09., K20 O7 nachträglich",,A,Tab. H4
S14.TINT.Z30.X.ITT.SLPAH,S14,TINT,Z30,X,ITT,SLPAH,1,"t der Interaktion G·PAH, Modell SLPAH, Sprint 30 m","Plan 12.09., K20 O7 nachträglich",,A,Tab. H4
S14.TINT.CM.X.ITT.SLPRE,S14,TINT,CM,X,ITT,SLPRE,1,"t der Interaktion G·Prä, Modell SLPRE, 505 Seitenmittel","Plan 12.09., K20 O7 nachträglich",,A,Tab. H4
S14.TINT.CM.X.ITT.SLPAH,S14,TINT,CM,X,ITT,SLPAH,1,"t der Interaktion G·PAH, Modell SLPAH, 505 Seitenmittel","Plan 12.09., K20 O7 nachträglich",,A,Tab. H4
S14.TINT.SBJ.X.ITT.SLPRE,S14,TINT,SBJ,X,ITT,SLPRE,1,"t der Interaktion G·Prä, Modell SLPRE, Standweitsprung","Plan 12.09., K20 O7 nachträglich",,A,Tab. H4
S14.TINT.SBJ.X.ITT.SLPAH,S14,TINT,SBJ,X,ITT,SLPAH,1,"t der Interaktion G·PAH, Modell SLPAH, Standweitsprung","Plan 12.09., K20 O7 nachträglich",,A,Tab. H4
S14.DFINT.Z30.X.ITT.SLPRE,S14,DFINT,Z30,X,ITT,SLPRE,1,"df G·Prä, Modell SLPRE, Sprint 30 m","Plan 12.09., K20 O7 nachträglich",,A,Tab. H4
S14.DFINT.Z30.X.ITT.SLPAH,S14,DFINT,Z30,X,ITT,SLPAH,1,"df G·PAH, Modell SLPAH, Sprint 30 m","Plan 12.09., K20 O7 nachträglich",,A,Tab. H4
S14.DFINT.CM.X.ITT.SLPRE,S14,DFINT,CM,X,ITT,SLPRE,1,"df G·Prä, Modell SLPRE, 505 Seitenmittel","Plan 12.09., K20 O7 nachträglich",,A,Tab. H4
S14.DFINT.CM.X.ITT.SLPAH,S14,DFINT,CM,X,ITT,SLPAH,1,"df G·PAH, Modell SLPAH, 505 Seitenmittel","Plan 12.09., K20 O7 nachträglich",,A,Tab. H4
S14.DFINT.SBJ.X.ITT.SLPRE,S14,DFINT,SBJ,X,ITT,SLPRE,1,"df G·Prä, Modell SLPRE, Standweitsprung","Plan 12.09., K20 O7 nachträglich",,A,Tab. H4
S14.DFINT.SBJ.X.ITT.SLPAH,S14,DFINT,SBJ,X,ITT,SLPAH,1,"df G·PAH, Modell SLPAH, Standweitsprung","Plan 12.09., K20 O7 nachträglich",,A,Tab. H4
S14.PINT.Z30.X.ITT.SLPRE,S14,PINT,Z30,X,ITT,SLPRE,1,"p der Interaktion G·Prä, Modell SLPRE, Sprint 30 m","Plan 12.09., K20 O7 nachträglich",,A,Tab. H4
S14.PINT.Z30.X.ITT.SLPAH,S14,PINT,Z30,X,ITT,SLPAH,1,"p der Interaktion G·PAH, Modell SLPAH, Sprint 30 m","Plan 12.09., K20 O7 nachträglich",,A,Tab. H4
S14.PINT.CM.X.ITT.SLPRE,S14,PINT,CM,X,ITT,SLPRE,1,"p der Interaktion G·Prä, Modell SLPRE, 505 Seitenmittel","Plan 12.09., K20 O7 nachträglich",,A,Tab. H4
S14.PINT.CM.X.ITT.SLPAH,S14,PINT,CM,X,ITT,SLPAH,1,"p der Interaktion G·PAH, Modell SLPAH, 505 Seitenmittel","Plan 12.09., K20 O7 nachträglich",,A,Tab. H4
S14.PINT.SBJ.X.ITT.SLPRE,S14,PINT,SBJ,X,ITT,SLPRE,1,"p der Interaktion G·Prä, Modell SLPRE, Standweitsprung","Plan 12.09., K20 O7 nachträglich",,A,Tab. H4
S14.PINT.SBJ.X.ITT.SLPAH,S14,PINT,SBJ,X,ITT,SLPAH,1,"p der Interaktion G·PAH, Modell SLPAH, Standweitsprung","Plan 12.09., K20 O7 nachträglich",,A,Tab. H4
S14.VERW.Z30.X.ITT.SLPRE,S14,VERW,Z30,X,ITT,SLPRE,1,"Merkmal verworfen G·Prä, Modell SLPRE, Sprint 30 m","Plan 12.09., K20 O7 nachträglich",,A,Tab. H4
S14.VERW.Z30.X.ITT.SLPAH,S14,VERW,Z30,X,ITT,SLPAH,1,"Merkmal verworfen G·PAH, Modell SLPAH, Sprint 30 m","Plan 12.09., K20 O7 nachträglich",,A,Tab. H4
S14.VERW.CM.X.ITT.SLPRE,S14,VERW,CM,X,ITT,SLPRE,1,"Merkmal verworfen G·Prä, Modell SLPRE, 505 Seitenmittel","Plan 12.09., K20 O7 nachträglich",,A,Tab. H4
S14.VERW.CM.X.ITT.SLPAH,S14,VERW,CM,X,ITT,SLPAH,1,"Merkmal verworfen G·PAH, Modell SLPAH, 505 Seitenmittel","Plan 12.09., K20 O7 nachträglich",,A,Tab. H4
S14.VERW.SBJ.X.ITT.SLPRE,S14,VERW,SBJ,X,ITT,SLPRE,1,"Merkmal verworfen G·Prä, Modell SLPRE, Standweitsprung","Plan 12.09., K20 O7 nachträglich",,A,Tab. H4
S14.VERW.SBJ.X.ITT.SLPAH,S14,VERW,SBJ,X,ITT,SLPAH,1,"Merkmal verworfen G·PAH, Modell SLPAH, Standweitsprung","Plan 12.09., K20 O7 nachträglich",,A,Tab. H4
S14.OVPREIG.Z30.X.ITT.HAUPT,S14,OVPREIG,Z30,X,ITT,HAUPT,1,"IG im gemeinsamen Prä-Bereich, ITT-Set, Sprint 30 m","Plan 12.09., K26 nachträglich",,T,Tab. 2 Überlappung
S14.OVPREIG.CM.X.ITT.HAUPT,S14,OVPREIG,CM,X,ITT,HAUPT,1,"IG im gemeinsamen Prä-Bereich, ITT-Set, 505 Seitenmittel","Plan 12.09., K26 nachträglich",,T,Tab. 2 Überlappung
S14.OVPREIG.SBJ.X.ITT.HAUPT,S14,OVPREIG,SBJ,X,ITT,HAUPT,1,"IG im gemeinsamen Prä-Bereich, ITT-Set, Standweitsprung","Plan 12.09., K26 nachträglich",,T,Tab. 2 Überlappung
S14.OVPREKG.Z30.X.ITT.HAUPT,S14,OVPREKG,Z30,X,ITT,HAUPT,1,"KG im gemeinsamen Prä-Bereich, ITT-Set, Sprint 30 m","Plan 12.09., K26 nachträglich",,T,Tab. 2 Überlappung
S14.OVPREKG.CM.X.ITT.HAUPT,S14,OVPREKG,CM,X,ITT,HAUPT,1,"KG im gemeinsamen Prä-Bereich, ITT-Set, 505 Seitenmittel","Plan 12.09., K26 nachträglich",,T,Tab. 2 Überlappung
S14.OVPREKG.SBJ.X.ITT.HAUPT,S14,OVPREKG,SBJ,X,ITT,HAUPT,1,"KG im gemeinsamen Prä-Bereich, ITT-Set, Standweitsprung","Plan 12.09., K26 nachträglich",,T,Tab. 2 Überlappung
S14.OVPRL.Z30.X.ITT.HAUPT,S14,OVPRL,Z30,X,ITT,HAUPT,s,"untere Grenze Prä, ITT-Set, Sprint 30 m","Plan 12.09., K26 nachträglich",,A,Tab. H4 Grenzen
S14.OVPRL.CM.X.ITT.HAUPT,S14,OVPRL,CM,X,ITT,HAUPT,s,"untere Grenze Prä, ITT-Set, 505 Seitenmittel","Plan 12.09., K26 nachträglich",,A,Tab. H4 Grenzen
S14.OVPRL.SBJ.X.ITT.HAUPT,S14,OVPRL,SBJ,X,ITT,HAUPT,cm,"untere Grenze Prä, ITT-Set, Standweitsprung","Plan 12.09., K26 nachträglich",,A,Tab. H4 Grenzen
S14.OVPRU.Z30.X.ITT.HAUPT,S14,OVPRU,Z30,X,ITT,HAUPT,s,"obere Grenze Prä, ITT-Set, Sprint 30 m","Plan 12.09., K26 nachträglich",,A,Tab. H4 Grenzen
S14.OVPRU.CM.X.ITT.HAUPT,S14,OVPRU,CM,X,ITT,HAUPT,s,"obere Grenze Prä, ITT-Set, 505 Seitenmittel","Plan 12.09., K26 nachträglich",,A,Tab. H4 Grenzen
S14.OVPRU.SBJ.X.ITT.HAUPT,S14,OVPRU,SBJ,X,ITT,HAUPT,cm,"obere Grenze Prä, ITT-Set, Standweitsprung","Plan 12.09., K26 nachträglich",,A,Tab. H4 Grenzen
S14.OVPAHIG.Z30.X.ITT.HAUPT,S14,OVPAHIG,Z30,X,ITT,HAUPT,1,"IG im gemeinsamen %PAH-Bereich, ITT-Set, Sprint 30 m","Plan 12.09., K26 nachträglich",,T,Tab. 2 Überlappung
S14.OVPAHIG.CM.X.ITT.HAUPT,S14,OVPAHIG,CM,X,ITT,HAUPT,1,"IG im gemeinsamen %PAH-Bereich, ITT-Set, 505 Seitenmittel","Plan 12.09., K26 nachträglich",,T,Tab. 2 Überlappung
S14.OVPAHIG.SBJ.X.ITT.HAUPT,S14,OVPAHIG,SBJ,X,ITT,HAUPT,1,"IG im gemeinsamen %PAH-Bereich, ITT-Set, Standweitsprung","Plan 12.09., K26 nachträglich",,T,Tab. 2 Überlappung
S14.OVPAHKG.Z30.X.ITT.HAUPT,S14,OVPAHKG,Z30,X,ITT,HAUPT,1,"KG im gemeinsamen %PAH-Bereich, ITT-Set, Sprint 30 m","Plan 12.09., K26 nachträglich",,T,Tab. 2 Überlappung
S14.OVPAHKG.CM.X.ITT.HAUPT,S14,OVPAHKG,CM,X,ITT,HAUPT,1,"KG im gemeinsamen %PAH-Bereich, ITT-Set, 505 Seitenmittel","Plan 12.09., K26 nachträglich",,T,Tab. 2 Überlappung
S14.OVPAHKG.SBJ.X.ITT.HAUPT,S14,OVPAHKG,SBJ,X,ITT,HAUPT,1,"KG im gemeinsamen %PAH-Bereich, ITT-Set, Standweitsprung","Plan 12.09., K26 nachträglich",,T,Tab. 2 Überlappung
S14.OVPAL.Z30.X.ITT.HAUPT,S14,OVPAL,Z30,X,ITT,HAUPT,%,"untere Grenze %PAH, ITT-Set, Sprint 30 m","Plan 12.09., K26 nachträglich",,A,Tab. H4 Grenzen
S14.OVPAL.CM.X.ITT.HAUPT,S14,OVPAL,CM,X,ITT,HAUPT,%,"untere Grenze %PAH, ITT-Set, 505 Seitenmittel","Plan 12.09., K26 nachträglich",,A,Tab. H4 Grenzen
S14.OVPAL.SBJ.X.ITT.HAUPT,S14,OVPAL,SBJ,X,ITT,HAUPT,%,"untere Grenze %PAH, ITT-Set, Standweitsprung","Plan 12.09., K26 nachträglich",,A,Tab. H4 Grenzen
S14.OVPAU.Z30.X.ITT.HAUPT,S14,OVPAU,Z30,X,ITT,HAUPT,%,"obere Grenze %PAH, ITT-Set, Sprint 30 m","Plan 12.09., K26 nachträglich",,A,Tab. H4 Grenzen
S14.OVPAU.CM.X.ITT.HAUPT,S14,OVPAU,CM,X,ITT,HAUPT,%,"obere Grenze %PAH, ITT-Set, 505 Seitenmittel","Plan 12.09., K26 nachträglich",,A,Tab. H4 Grenzen
S14.OVPAU.SBJ.X.ITT.HAUPT,S14,OVPAU,SBJ,X,ITT,HAUPT,%,"obere Grenze %PAH, ITT-Set, Standweitsprung","Plan 12.09., K26 nachträglich",,A,Tab. H4 Grenzen
S14.CINT.Z30.PRE.BPAH.SLPAH,S14,CINT,Z30,PRE,BPAH,SLPAH,s je %,"Vorab-Prüfung Prä-Modell, Koeffizient G·PAH, Sprint 30 m","Plan 12.09., P5 nachträglich",,A,Tab. H4 Vorab-Prüfung Regel 6
S14.CINT.CM.PRE.BPAH.SLPAH,S14,CINT,CM,PRE,BPAH,SLPAH,s je %,"Vorab-Prüfung Prä-Modell, Koeffizient G·PAH, 505 Seitenmittel","Plan 12.09., P5 nachträglich",,A,Tab. H4 Vorab-Prüfung Regel 6
S14.CINT.SBJ.PRE.BPAH.SLPAH,S14,CINT,SBJ,PRE,BPAH,SLPAH,cm je %,"Vorab-Prüfung Prä-Modell, Koeffizient G·PAH, Standweitsprung","Plan 12.09., P5 nachträglich",,A,Tab. H4 Vorab-Prüfung Regel 6
S14.SECINT.Z30.PRE.BPAH.SLPAH,S14,SECINT,Z30,PRE,BPAH,SLPAH,s je %,"Vorab-Prüfung Prä-Modell, SE, Sprint 30 m","Plan 12.09., P5 nachträglich",,A,Tab. H4 Vorab-Prüfung Regel 6
S14.SECINT.CM.PRE.BPAH.SLPAH,S14,SECINT,CM,PRE,BPAH,SLPAH,s je %,"Vorab-Prüfung Prä-Modell, SE, 505 Seitenmittel","Plan 12.09., P5 nachträglich",,A,Tab. H4 Vorab-Prüfung Regel 6
S14.SECINT.SBJ.PRE.BPAH.SLPAH,S14,SECINT,SBJ,PRE,BPAH,SLPAH,cm je %,"Vorab-Prüfung Prä-Modell, SE, Standweitsprung","Plan 12.09., P5 nachträglich",,A,Tab. H4 Vorab-Prüfung Regel 6
S14.TCINT.Z30.PRE.BPAH.SLPAH,S14,TCINT,Z30,PRE,BPAH,SLPAH,1,"Vorab-Prüfung Prä-Modell, t, Sprint 30 m","Plan 12.09., P5 nachträglich",,A,Tab. H4 Vorab-Prüfung Regel 6
S14.TCINT.CM.PRE.BPAH.SLPAH,S14,TCINT,CM,PRE,BPAH,SLPAH,1,"Vorab-Prüfung Prä-Modell, t, 505 Seitenmittel","Plan 12.09., P5 nachträglich",,A,Tab. H4 Vorab-Prüfung Regel 6
S14.TCINT.SBJ.PRE.BPAH.SLPAH,S14,TCINT,SBJ,PRE,BPAH,SLPAH,1,"Vorab-Prüfung Prä-Modell, t, Standweitsprung","Plan 12.09., P5 nachträglich",,A,Tab. H4 Vorab-Prüfung Regel 6
S14.DFCINT.Z30.PRE.BPAH.SLPAH,S14,DFCINT,Z30,PRE,BPAH,SLPAH,1,"Vorab-Prüfung Prä-Modell, df, Sprint 30 m","Plan 12.09., P5 nachträglich",,A,Tab. H4 Vorab-Prüfung Regel 6
S14.DFCINT.CM.PRE.BPAH.SLPAH,S14,DFCINT,CM,PRE,BPAH,SLPAH,1,"Vorab-Prüfung Prä-Modell, df, 505 Seitenmittel","Plan 12.09., P5 nachträglich",,A,Tab. H4 Vorab-Prüfung Regel 6
S14.DFCINT.SBJ.PRE.BPAH.SLPAH,S14,DFCINT,SBJ,PRE,BPAH,SLPAH,1,"Vorab-Prüfung Prä-Modell, df, Standweitsprung","Plan 12.09., P5 nachträglich",,A,Tab. H4 Vorab-Prüfung Regel 6
S14.PCINT.Z30.PRE.BPAH.SLPAH,S14,PCINT,Z30,PRE,BPAH,SLPAH,1,"Vorab-Prüfung Prä-Modell, p, Sprint 30 m","Plan 12.09., P5 nachträglich",,A,Tab. H4 Vorab-Prüfung Regel 6
S14.PCINT.CM.PRE.BPAH.SLPAH,S14,PCINT,CM,PRE,BPAH,SLPAH,1,"Vorab-Prüfung Prä-Modell, p, 505 Seitenmittel","Plan 12.09., P5 nachträglich",,A,Tab. H4 Vorab-Prüfung Regel 6
S14.PCINT.SBJ.PRE.BPAH.SLPAH,S14,PCINT,SBJ,PRE,BPAH,SLPAH,1,"Vorab-Prüfung Prä-Modell, p, Standweitsprung","Plan 12.09., P5 nachträglich",,A,Tab. H4 Vorab-Prüfung Regel 6
S14.SWW.Z30.PRE.BPAHIG.X,S14,SWW,Z30,PRE,BPAHIG,X,1,"Shapiro-Wilk W der Prä-Werte, Menge BPAHIG, Sprint 30 m","Plan 12.09., P5 nachträglich",,A,Tab. H4 Vorab-Prüfung Regel 6
S14.SWW.Z30.PRE.BPAHKG.X,S14,SWW,Z30,PRE,BPAHKG,X,1,"Shapiro-Wilk W der Prä-Werte, Menge BPAHKG, Sprint 30 m","Plan 12.09., P5 nachträglich",,A,Tab. H4 Vorab-Prüfung Regel 6
S14.SWW.CM.PRE.BPAHIG.X,S14,SWW,CM,PRE,BPAHIG,X,1,"Shapiro-Wilk W der Prä-Werte, Menge BPAHIG, 505 Seitenmittel","Plan 12.09., P5 nachträglich",,A,Tab. H4 Vorab-Prüfung Regel 6
S14.SWW.CM.PRE.BPAHKG.X,S14,SWW,CM,PRE,BPAHKG,X,1,"Shapiro-Wilk W der Prä-Werte, Menge BPAHKG, 505 Seitenmittel","Plan 12.09., P5 nachträglich",,A,Tab. H4 Vorab-Prüfung Regel 6
S14.SWW.SBJ.PRE.BPAHIG.X,S14,SWW,SBJ,PRE,BPAHIG,X,1,"Shapiro-Wilk W der Prä-Werte, Menge BPAHIG, Standweitsprung","Plan 12.09., P5 nachträglich",,A,Tab. H4 Vorab-Prüfung Regel 6
S14.SWW.SBJ.PRE.BPAHKG.X,S14,SWW,SBJ,PRE,BPAHKG,X,1,"Shapiro-Wilk W der Prä-Werte, Menge BPAHKG, Standweitsprung","Plan 12.09., P5 nachträglich",,A,Tab. H4 Vorab-Prüfung Regel 6
S14.SWP.Z30.PRE.BPAHIG.X,S14,SWP,Z30,PRE,BPAHIG,X,1,"p Shapiro-Wilk der Prä-Werte, Menge BPAHIG, Sprint 30 m","Plan 12.09., P5 nachträglich",,A,Tab. H4 Vorab-Prüfung Regel 6
S14.SWP.Z30.PRE.BPAHKG.X,S14,SWP,Z30,PRE,BPAHKG,X,1,"p Shapiro-Wilk der Prä-Werte, Menge BPAHKG, Sprint 30 m","Plan 12.09., P5 nachträglich",,A,Tab. H4 Vorab-Prüfung Regel 6
S14.SWP.CM.PRE.BPAHIG.X,S14,SWP,CM,PRE,BPAHIG,X,1,"p Shapiro-Wilk der Prä-Werte, Menge BPAHIG, 505 Seitenmittel","Plan 12.09., P5 nachträglich",,A,Tab. H4 Vorab-Prüfung Regel 6
S14.SWP.CM.PRE.BPAHKG.X,S14,SWP,CM,PRE,BPAHKG,X,1,"p Shapiro-Wilk der Prä-Werte, Menge BPAHKG, 505 Seitenmittel","Plan 12.09., P5 nachträglich",,A,Tab. H4 Vorab-Prüfung Regel 6
S14.SWP.SBJ.PRE.BPAHIG.X,S14,SWP,SBJ,PRE,BPAHIG,X,1,"p Shapiro-Wilk der Prä-Werte, Menge BPAHIG, Standweitsprung","Plan 12.09., P5 nachträglich",,A,Tab. H4 Vorab-Prüfung Regel 6
S14.SWP.SBJ.PRE.BPAHKG.X,S14,SWP,SBJ,PRE,BPAHKG,X,1,"p Shapiro-Wilk der Prä-Werte, Menge BPAHKG, Standweitsprung","Plan 12.09., P5 nachträglich",,A,Tab. H4 Vorab-Prüfung Regel 6
S15.SDPRE.Z30.X.ITT.HAUPT,S15,SDPRE,Z30,X,ITT,HAUPT,s,"gepoolte Prä-SD des Sets, Analyse ITT.HAUPT, Sprint 30 m","Antrag, Plan 12.09., O3 nachträglich",,A,Tab. H4
S15.DFG.Z30.X.ITT.HAUPT,S15,DFG,Z30,X,ITT,HAUPT,1,"df für J, Analyse ITT.HAUPT, Sprint 30 m","Antrag, Plan 12.09., O3 nachträglich",,I,Zwischenwert
S15.J.Z30.X.ITT.HAUPT,S15,J,Z30,X,ITT,HAUPT,1,"Korrekturfaktor J, Analyse ITT.HAUPT, Sprint 30 m","Antrag, Plan 12.09., O3 nachträglich",,I,Zwischenwert
S15.G.Z30.X.ITT.HAUPT,S15,G,Z30,X,ITT,HAUPT,1,"Hedges' g, Analyse ITT.HAUPT, Sprint 30 m","Antrag, Plan 12.09., O3 nachträglich",,T,Tab. 3
S15.GKIU.Z30.X.ITT.HAUPT,S15,GKIU,Z30,X,ITT,HAUPT,1,"untere KI-Grenze g, Analyse ITT.HAUPT, Sprint 30 m","Antrag, Plan 12.09., O3 nachträglich",,T,Tab. 3
S15.GKIO.Z30.X.ITT.HAUPT,S15,GKIO,Z30,X,ITT,HAUPT,1,"obere KI-Grenze g, Analyse ITT.HAUPT, Sprint 30 m","Antrag, Plan 12.09., O3 nachträglich",,T,Tab. 3
S15.SDPRE.CM.X.ITT.HAUPT,S15,SDPRE,CM,X,ITT,HAUPT,s,"gepoolte Prä-SD des Sets, Analyse ITT.HAUPT, 505 Seitenmittel","Antrag, Plan 12.09., O3 nachträglich",,A,Tab. H4
S15.DFG.CM.X.ITT.HAUPT,S15,DFG,CM,X,ITT,HAUPT,1,"df für J, Analyse ITT.HAUPT, 505 Seitenmittel","Antrag, Plan 12.09., O3 nachträglich",,I,Zwischenwert
S15.J.CM.X.ITT.HAUPT,S15,J,CM,X,ITT,HAUPT,1,"Korrekturfaktor J, Analyse ITT.HAUPT, 505 Seitenmittel","Antrag, Plan 12.09., O3 nachträglich",,I,Zwischenwert
S15.G.CM.X.ITT.HAUPT,S15,G,CM,X,ITT,HAUPT,1,"Hedges' g, Analyse ITT.HAUPT, 505 Seitenmittel","Antrag, Plan 12.09., O3 nachträglich",,T,Tab. 3
S15.GKIU.CM.X.ITT.HAUPT,S15,GKIU,CM,X,ITT,HAUPT,1,"untere KI-Grenze g, Analyse ITT.HAUPT, 505 Seitenmittel","Antrag, Plan 12.09., O3 nachträglich",,T,Tab. 3
S15.GKIO.CM.X.ITT.HAUPT,S15,GKIO,CM,X,ITT,HAUPT,1,"obere KI-Grenze g, Analyse ITT.HAUPT, 505 Seitenmittel","Antrag, Plan 12.09., O3 nachträglich",,T,Tab. 3
S15.SDPRE.SBJ.X.ITT.HAUPT,S15,SDPRE,SBJ,X,ITT,HAUPT,cm,"gepoolte Prä-SD des Sets, Analyse ITT.HAUPT, Standweitsprung","Antrag, Plan 12.09., O3 nachträglich",,A,Tab. H4
S15.DFG.SBJ.X.ITT.HAUPT,S15,DFG,SBJ,X,ITT,HAUPT,1,"df für J, Analyse ITT.HAUPT, Standweitsprung","Antrag, Plan 12.09., O3 nachträglich",,I,Zwischenwert
S15.J.SBJ.X.ITT.HAUPT,S15,J,SBJ,X,ITT,HAUPT,1,"Korrekturfaktor J, Analyse ITT.HAUPT, Standweitsprung","Antrag, Plan 12.09., O3 nachträglich",,I,Zwischenwert
S15.G.SBJ.X.ITT.HAUPT,S15,G,SBJ,X,ITT,HAUPT,1,"Hedges' g, Analyse ITT.HAUPT, Standweitsprung","Antrag, Plan 12.09., O3 nachträglich",,T,Tab. 3
S15.GKIU.SBJ.X.ITT.HAUPT,S15,GKIU,SBJ,X,ITT,HAUPT,1,"untere KI-Grenze g, Analyse ITT.HAUPT, Standweitsprung","Antrag, Plan 12.09., O3 nachträglich",,T,Tab. 3
S15.GKIO.SBJ.X.ITT.HAUPT,S15,GKIO,SBJ,X,ITT,HAUPT,1,"obere KI-Grenze g, Analyse ITT.HAUPT, Standweitsprung","Antrag, Plan 12.09., O3 nachträglich",,T,Tab. 3
S15.SDPRE.Z30.X.ITT.MW,S15,SDPRE,Z30,X,ITT,MW,s,"gepoolte Prä-SD des Sets, Analyse ITT.MW, Sprint 30 m","Antrag, Plan 12.09., O3 nachträglich",,X,g und unadjustierte Differenz der Sensitivitätsvarianten
S15.DFG.Z30.X.ITT.MW,S15,DFG,Z30,X,ITT,MW,1,"df für J, Analyse ITT.MW, Sprint 30 m","Antrag, Plan 12.09., O3 nachträglich",,X,g und unadjustierte Differenz der Sensitivitätsvarianten
S15.J.Z30.X.ITT.MW,S15,J,Z30,X,ITT,MW,1,"Korrekturfaktor J, Analyse ITT.MW, Sprint 30 m","Antrag, Plan 12.09., O3 nachträglich",,X,g und unadjustierte Differenz der Sensitivitätsvarianten
S15.G.Z30.X.ITT.MW,S15,G,Z30,X,ITT,MW,1,"Hedges' g, Analyse ITT.MW, Sprint 30 m","Antrag, Plan 12.09., O3 nachträglich",,X,g und unadjustierte Differenz der Sensitivitätsvarianten
S15.GKIU.Z30.X.ITT.MW,S15,GKIU,Z30,X,ITT,MW,1,"untere KI-Grenze g, Analyse ITT.MW, Sprint 30 m","Antrag, Plan 12.09., O3 nachträglich",,X,g und unadjustierte Differenz der Sensitivitätsvarianten
S15.GKIO.Z30.X.ITT.MW,S15,GKIO,Z30,X,ITT,MW,1,"obere KI-Grenze g, Analyse ITT.MW, Sprint 30 m","Antrag, Plan 12.09., O3 nachträglich",,X,g und unadjustierte Differenz der Sensitivitätsvarianten
S15.SDPRE.CM.X.ITT.MW,S15,SDPRE,CM,X,ITT,MW,s,"gepoolte Prä-SD des Sets, Analyse ITT.MW, 505 Seitenmittel","Antrag, Plan 12.09., O3 nachträglich",,X,g und unadjustierte Differenz der Sensitivitätsvarianten
S15.DFG.CM.X.ITT.MW,S15,DFG,CM,X,ITT,MW,1,"df für J, Analyse ITT.MW, 505 Seitenmittel","Antrag, Plan 12.09., O3 nachträglich",,X,g und unadjustierte Differenz der Sensitivitätsvarianten
S15.J.CM.X.ITT.MW,S15,J,CM,X,ITT,MW,1,"Korrekturfaktor J, Analyse ITT.MW, 505 Seitenmittel","Antrag, Plan 12.09., O3 nachträglich",,X,g und unadjustierte Differenz der Sensitivitätsvarianten
S15.G.CM.X.ITT.MW,S15,G,CM,X,ITT,MW,1,"Hedges' g, Analyse ITT.MW, 505 Seitenmittel","Antrag, Plan 12.09., O3 nachträglich",,X,g und unadjustierte Differenz der Sensitivitätsvarianten
S15.GKIU.CM.X.ITT.MW,S15,GKIU,CM,X,ITT,MW,1,"untere KI-Grenze g, Analyse ITT.MW, 505 Seitenmittel","Antrag, Plan 12.09., O3 nachträglich",,X,g und unadjustierte Differenz der Sensitivitätsvarianten
S15.GKIO.CM.X.ITT.MW,S15,GKIO,CM,X,ITT,MW,1,"obere KI-Grenze g, Analyse ITT.MW, 505 Seitenmittel","Antrag, Plan 12.09., O3 nachträglich",,X,g und unadjustierte Differenz der Sensitivitätsvarianten
S15.SDPRE.SBJ.X.ITT.MW,S15,SDPRE,SBJ,X,ITT,MW,cm,"gepoolte Prä-SD des Sets, Analyse ITT.MW, Standweitsprung","Antrag, Plan 12.09., O3 nachträglich",,X,g und unadjustierte Differenz der Sensitivitätsvarianten
S15.DFG.SBJ.X.ITT.MW,S15,DFG,SBJ,X,ITT,MW,1,"df für J, Analyse ITT.MW, Standweitsprung","Antrag, Plan 12.09., O3 nachträglich",,X,g und unadjustierte Differenz der Sensitivitätsvarianten
S15.J.SBJ.X.ITT.MW,S15,J,SBJ,X,ITT,MW,1,"Korrekturfaktor J, Analyse ITT.MW, Standweitsprung","Antrag, Plan 12.09., O3 nachträglich",,X,g und unadjustierte Differenz der Sensitivitätsvarianten
S15.G.SBJ.X.ITT.MW,S15,G,SBJ,X,ITT,MW,1,"Hedges' g, Analyse ITT.MW, Standweitsprung","Antrag, Plan 12.09., O3 nachträglich",,X,g und unadjustierte Differenz der Sensitivitätsvarianten
S15.GKIU.SBJ.X.ITT.MW,S15,GKIU,SBJ,X,ITT,MW,1,"untere KI-Grenze g, Analyse ITT.MW, Standweitsprung","Antrag, Plan 12.09., O3 nachträglich",,X,g und unadjustierte Differenz der Sensitivitätsvarianten
S15.GKIO.SBJ.X.ITT.MW,S15,GKIO,SBJ,X,ITT,MW,1,"obere KI-Grenze g, Analyse ITT.MW, Standweitsprung","Antrag, Plan 12.09., O3 nachträglich",,X,g und unadjustierte Differenz der Sensitivitätsvarianten
S15.SDPRE.Z30.X.ITT.AEND,S15,SDPRE,Z30,X,ITT,AEND,s,"gepoolte Prä-SD des Sets, Analyse ITT.AEND, Sprint 30 m","Antrag, Plan 12.09., O3 nachträglich",,X,g und unadjustierte Differenz der Sensitivitätsvarianten
S15.DFG.Z30.X.ITT.AEND,S15,DFG,Z30,X,ITT,AEND,1,"df für J, Analyse ITT.AEND, Sprint 30 m","Antrag, Plan 12.09., O3 nachträglich",,X,g und unadjustierte Differenz der Sensitivitätsvarianten
S15.J.Z30.X.ITT.AEND,S15,J,Z30,X,ITT,AEND,1,"Korrekturfaktor J, Analyse ITT.AEND, Sprint 30 m","Antrag, Plan 12.09., O3 nachträglich",,X,g und unadjustierte Differenz der Sensitivitätsvarianten
S15.G.Z30.X.ITT.AEND,S15,G,Z30,X,ITT,AEND,1,"Hedges' g, Analyse ITT.AEND, Sprint 30 m","Antrag, Plan 12.09., O3 nachträglich",,X,g und unadjustierte Differenz der Sensitivitätsvarianten
S15.GKIU.Z30.X.ITT.AEND,S15,GKIU,Z30,X,ITT,AEND,1,"untere KI-Grenze g, Analyse ITT.AEND, Sprint 30 m","Antrag, Plan 12.09., O3 nachträglich",,X,g und unadjustierte Differenz der Sensitivitätsvarianten
S15.GKIO.Z30.X.ITT.AEND,S15,GKIO,Z30,X,ITT,AEND,1,"obere KI-Grenze g, Analyse ITT.AEND, Sprint 30 m","Antrag, Plan 12.09., O3 nachträglich",,X,g und unadjustierte Differenz der Sensitivitätsvarianten
S15.SDPRE.CM.X.ITT.AEND,S15,SDPRE,CM,X,ITT,AEND,s,"gepoolte Prä-SD des Sets, Analyse ITT.AEND, 505 Seitenmittel","Antrag, Plan 12.09., O3 nachträglich",,X,g und unadjustierte Differenz der Sensitivitätsvarianten
S15.DFG.CM.X.ITT.AEND,S15,DFG,CM,X,ITT,AEND,1,"df für J, Analyse ITT.AEND, 505 Seitenmittel","Antrag, Plan 12.09., O3 nachträglich",,X,g und unadjustierte Differenz der Sensitivitätsvarianten
S15.J.CM.X.ITT.AEND,S15,J,CM,X,ITT,AEND,1,"Korrekturfaktor J, Analyse ITT.AEND, 505 Seitenmittel","Antrag, Plan 12.09., O3 nachträglich",,X,g und unadjustierte Differenz der Sensitivitätsvarianten
S15.G.CM.X.ITT.AEND,S15,G,CM,X,ITT,AEND,1,"Hedges' g, Analyse ITT.AEND, 505 Seitenmittel","Antrag, Plan 12.09., O3 nachträglich",,X,g und unadjustierte Differenz der Sensitivitätsvarianten
S15.GKIU.CM.X.ITT.AEND,S15,GKIU,CM,X,ITT,AEND,1,"untere KI-Grenze g, Analyse ITT.AEND, 505 Seitenmittel","Antrag, Plan 12.09., O3 nachträglich",,X,g und unadjustierte Differenz der Sensitivitätsvarianten
S15.GKIO.CM.X.ITT.AEND,S15,GKIO,CM,X,ITT,AEND,1,"obere KI-Grenze g, Analyse ITT.AEND, 505 Seitenmittel","Antrag, Plan 12.09., O3 nachträglich",,X,g und unadjustierte Differenz der Sensitivitätsvarianten
S15.SDPRE.SBJ.X.ITT.AEND,S15,SDPRE,SBJ,X,ITT,AEND,cm,"gepoolte Prä-SD des Sets, Analyse ITT.AEND, Standweitsprung","Antrag, Plan 12.09., O3 nachträglich",,X,g und unadjustierte Differenz der Sensitivitätsvarianten
S15.DFG.SBJ.X.ITT.AEND,S15,DFG,SBJ,X,ITT,AEND,1,"df für J, Analyse ITT.AEND, Standweitsprung","Antrag, Plan 12.09., O3 nachträglich",,X,g und unadjustierte Differenz der Sensitivitätsvarianten
S15.J.SBJ.X.ITT.AEND,S15,J,SBJ,X,ITT,AEND,1,"Korrekturfaktor J, Analyse ITT.AEND, Standweitsprung","Antrag, Plan 12.09., O3 nachträglich",,X,g und unadjustierte Differenz der Sensitivitätsvarianten
S15.G.SBJ.X.ITT.AEND,S15,G,SBJ,X,ITT,AEND,1,"Hedges' g, Analyse ITT.AEND, Standweitsprung","Antrag, Plan 12.09., O3 nachträglich",,X,g und unadjustierte Differenz der Sensitivitätsvarianten
S15.GKIU.SBJ.X.ITT.AEND,S15,GKIU,SBJ,X,ITT,AEND,1,"untere KI-Grenze g, Analyse ITT.AEND, Standweitsprung","Antrag, Plan 12.09., O3 nachträglich",,X,g und unadjustierte Differenz der Sensitivitätsvarianten
S15.GKIO.SBJ.X.ITT.AEND,S15,GKIO,SBJ,X,ITT,AEND,1,"obere KI-Grenze g, Analyse ITT.AEND, Standweitsprung","Antrag, Plan 12.09., O3 nachträglich",,X,g und unadjustierte Differenz der Sensitivitätsvarianten
S15.SDPRE.Z30.X.ITT.OPAH,S15,SDPRE,Z30,X,ITT,OPAH,s,"gepoolte Prä-SD des Sets, Analyse ITT.OPAH, Sprint 30 m","Antrag, Plan 12.09., O3 nachträglich",,X,g und unadjustierte Differenz der Sensitivitätsvarianten
S15.DFG.Z30.X.ITT.OPAH,S15,DFG,Z30,X,ITT,OPAH,1,"df für J, Analyse ITT.OPAH, Sprint 30 m","Antrag, Plan 12.09., O3 nachträglich",,X,g und unadjustierte Differenz der Sensitivitätsvarianten
S15.J.Z30.X.ITT.OPAH,S15,J,Z30,X,ITT,OPAH,1,"Korrekturfaktor J, Analyse ITT.OPAH, Sprint 30 m","Antrag, Plan 12.09., O3 nachträglich",,X,g und unadjustierte Differenz der Sensitivitätsvarianten
S15.G.Z30.X.ITT.OPAH,S15,G,Z30,X,ITT,OPAH,1,"Hedges' g, Analyse ITT.OPAH, Sprint 30 m","Antrag, Plan 12.09., O3 nachträglich",,X,g und unadjustierte Differenz der Sensitivitätsvarianten
S15.GKIU.Z30.X.ITT.OPAH,S15,GKIU,Z30,X,ITT,OPAH,1,"untere KI-Grenze g, Analyse ITT.OPAH, Sprint 30 m","Antrag, Plan 12.09., O3 nachträglich",,X,g und unadjustierte Differenz der Sensitivitätsvarianten
S15.GKIO.Z30.X.ITT.OPAH,S15,GKIO,Z30,X,ITT,OPAH,1,"obere KI-Grenze g, Analyse ITT.OPAH, Sprint 30 m","Antrag, Plan 12.09., O3 nachträglich",,X,g und unadjustierte Differenz der Sensitivitätsvarianten
S15.SDPRE.CM.X.ITT.OPAH,S15,SDPRE,CM,X,ITT,OPAH,s,"gepoolte Prä-SD des Sets, Analyse ITT.OPAH, 505 Seitenmittel","Antrag, Plan 12.09., O3 nachträglich",,X,g und unadjustierte Differenz der Sensitivitätsvarianten
S15.DFG.CM.X.ITT.OPAH,S15,DFG,CM,X,ITT,OPAH,1,"df für J, Analyse ITT.OPAH, 505 Seitenmittel","Antrag, Plan 12.09., O3 nachträglich",,X,g und unadjustierte Differenz der Sensitivitätsvarianten
S15.J.CM.X.ITT.OPAH,S15,J,CM,X,ITT,OPAH,1,"Korrekturfaktor J, Analyse ITT.OPAH, 505 Seitenmittel","Antrag, Plan 12.09., O3 nachträglich",,X,g und unadjustierte Differenz der Sensitivitätsvarianten
S15.G.CM.X.ITT.OPAH,S15,G,CM,X,ITT,OPAH,1,"Hedges' g, Analyse ITT.OPAH, 505 Seitenmittel","Antrag, Plan 12.09., O3 nachträglich",,X,g und unadjustierte Differenz der Sensitivitätsvarianten
S15.GKIU.CM.X.ITT.OPAH,S15,GKIU,CM,X,ITT,OPAH,1,"untere KI-Grenze g, Analyse ITT.OPAH, 505 Seitenmittel","Antrag, Plan 12.09., O3 nachträglich",,X,g und unadjustierte Differenz der Sensitivitätsvarianten
S15.GKIO.CM.X.ITT.OPAH,S15,GKIO,CM,X,ITT,OPAH,1,"obere KI-Grenze g, Analyse ITT.OPAH, 505 Seitenmittel","Antrag, Plan 12.09., O3 nachträglich",,X,g und unadjustierte Differenz der Sensitivitätsvarianten
S15.SDPRE.SBJ.X.ITT.OPAH,S15,SDPRE,SBJ,X,ITT,OPAH,cm,"gepoolte Prä-SD des Sets, Analyse ITT.OPAH, Standweitsprung","Antrag, Plan 12.09., O3 nachträglich",,X,g und unadjustierte Differenz der Sensitivitätsvarianten
S15.DFG.SBJ.X.ITT.OPAH,S15,DFG,SBJ,X,ITT,OPAH,1,"df für J, Analyse ITT.OPAH, Standweitsprung","Antrag, Plan 12.09., O3 nachträglich",,X,g und unadjustierte Differenz der Sensitivitätsvarianten
S15.J.SBJ.X.ITT.OPAH,S15,J,SBJ,X,ITT,OPAH,1,"Korrekturfaktor J, Analyse ITT.OPAH, Standweitsprung","Antrag, Plan 12.09., O3 nachträglich",,X,g und unadjustierte Differenz der Sensitivitätsvarianten
S15.G.SBJ.X.ITT.OPAH,S15,G,SBJ,X,ITT,OPAH,1,"Hedges' g, Analyse ITT.OPAH, Standweitsprung","Antrag, Plan 12.09., O3 nachträglich",,X,g und unadjustierte Differenz der Sensitivitätsvarianten
S15.GKIU.SBJ.X.ITT.OPAH,S15,GKIU,SBJ,X,ITT,OPAH,1,"untere KI-Grenze g, Analyse ITT.OPAH, Standweitsprung","Antrag, Plan 12.09., O3 nachträglich",,X,g und unadjustierte Differenz der Sensitivitätsvarianten
S15.GKIO.SBJ.X.ITT.OPAH,S15,GKIO,SBJ,X,ITT,OPAH,1,"obere KI-Grenze g, Analyse ITT.OPAH, Standweitsprung","Antrag, Plan 12.09., O3 nachträglich",,X,g und unadjustierte Differenz der Sensitivitätsvarianten
S15.SDPRE.Z30.X.PP5.HAUPT,S15,SDPRE,Z30,X,PP5,HAUPT,s,"gepoolte Prä-SD des Sets, Analyse PP5.HAUPT, Sprint 30 m","Antrag, Plan 12.09., O3 nachträglich",,X,g und unadjustierte Differenz der Sensitivitätsvarianten
S15.DFG.Z30.X.PP5.HAUPT,S15,DFG,Z30,X,PP5,HAUPT,1,"df für J, Analyse PP5.HAUPT, Sprint 30 m","Antrag, Plan 12.09., O3 nachträglich",,X,g und unadjustierte Differenz der Sensitivitätsvarianten
S15.J.Z30.X.PP5.HAUPT,S15,J,Z30,X,PP5,HAUPT,1,"Korrekturfaktor J, Analyse PP5.HAUPT, Sprint 30 m","Antrag, Plan 12.09., O3 nachträglich",,X,g und unadjustierte Differenz der Sensitivitätsvarianten
S15.G.Z30.X.PP5.HAUPT,S15,G,Z30,X,PP5,HAUPT,1,"Hedges' g, Analyse PP5.HAUPT, Sprint 30 m","Antrag, Plan 12.09., O3 nachträglich",,X,g und unadjustierte Differenz der Sensitivitätsvarianten
S15.GKIU.Z30.X.PP5.HAUPT,S15,GKIU,Z30,X,PP5,HAUPT,1,"untere KI-Grenze g, Analyse PP5.HAUPT, Sprint 30 m","Antrag, Plan 12.09., O3 nachträglich",,X,g und unadjustierte Differenz der Sensitivitätsvarianten
S15.GKIO.Z30.X.PP5.HAUPT,S15,GKIO,Z30,X,PP5,HAUPT,1,"obere KI-Grenze g, Analyse PP5.HAUPT, Sprint 30 m","Antrag, Plan 12.09., O3 nachträglich",,X,g und unadjustierte Differenz der Sensitivitätsvarianten
S15.SDPRE.CM.X.PP5.HAUPT,S15,SDPRE,CM,X,PP5,HAUPT,s,"gepoolte Prä-SD des Sets, Analyse PP5.HAUPT, 505 Seitenmittel","Antrag, Plan 12.09., O3 nachträglich",,X,g und unadjustierte Differenz der Sensitivitätsvarianten
S15.DFG.CM.X.PP5.HAUPT,S15,DFG,CM,X,PP5,HAUPT,1,"df für J, Analyse PP5.HAUPT, 505 Seitenmittel","Antrag, Plan 12.09., O3 nachträglich",,X,g und unadjustierte Differenz der Sensitivitätsvarianten
S15.J.CM.X.PP5.HAUPT,S15,J,CM,X,PP5,HAUPT,1,"Korrekturfaktor J, Analyse PP5.HAUPT, 505 Seitenmittel","Antrag, Plan 12.09., O3 nachträglich",,X,g und unadjustierte Differenz der Sensitivitätsvarianten
S15.G.CM.X.PP5.HAUPT,S15,G,CM,X,PP5,HAUPT,1,"Hedges' g, Analyse PP5.HAUPT, 505 Seitenmittel","Antrag, Plan 12.09., O3 nachträglich",,X,g und unadjustierte Differenz der Sensitivitätsvarianten
S15.GKIU.CM.X.PP5.HAUPT,S15,GKIU,CM,X,PP5,HAUPT,1,"untere KI-Grenze g, Analyse PP5.HAUPT, 505 Seitenmittel","Antrag, Plan 12.09., O3 nachträglich",,X,g und unadjustierte Differenz der Sensitivitätsvarianten
S15.GKIO.CM.X.PP5.HAUPT,S15,GKIO,CM,X,PP5,HAUPT,1,"obere KI-Grenze g, Analyse PP5.HAUPT, 505 Seitenmittel","Antrag, Plan 12.09., O3 nachträglich",,X,g und unadjustierte Differenz der Sensitivitätsvarianten
S15.SDPRE.SBJ.X.PP5.HAUPT,S15,SDPRE,SBJ,X,PP5,HAUPT,cm,"gepoolte Prä-SD des Sets, Analyse PP5.HAUPT, Standweitsprung","Antrag, Plan 12.09., O3 nachträglich",,X,g und unadjustierte Differenz der Sensitivitätsvarianten
S15.DFG.SBJ.X.PP5.HAUPT,S15,DFG,SBJ,X,PP5,HAUPT,1,"df für J, Analyse PP5.HAUPT, Standweitsprung","Antrag, Plan 12.09., O3 nachträglich",,X,g und unadjustierte Differenz der Sensitivitätsvarianten
S15.J.SBJ.X.PP5.HAUPT,S15,J,SBJ,X,PP5,HAUPT,1,"Korrekturfaktor J, Analyse PP5.HAUPT, Standweitsprung","Antrag, Plan 12.09., O3 nachträglich",,X,g und unadjustierte Differenz der Sensitivitätsvarianten
S15.G.SBJ.X.PP5.HAUPT,S15,G,SBJ,X,PP5,HAUPT,1,"Hedges' g, Analyse PP5.HAUPT, Standweitsprung","Antrag, Plan 12.09., O3 nachträglich",,X,g und unadjustierte Differenz der Sensitivitätsvarianten
S15.GKIU.SBJ.X.PP5.HAUPT,S15,GKIU,SBJ,X,PP5,HAUPT,1,"untere KI-Grenze g, Analyse PP5.HAUPT, Standweitsprung","Antrag, Plan 12.09., O3 nachträglich",,X,g und unadjustierte Differenz der Sensitivitätsvarianten
S15.GKIO.SBJ.X.PP5.HAUPT,S15,GKIO,SBJ,X,PP5,HAUPT,1,"obere KI-Grenze g, Analyse PP5.HAUPT, Standweitsprung","Antrag, Plan 12.09., O3 nachträglich",,X,g und unadjustierte Differenz der Sensitivitätsvarianten
S15.SDPRE.Z30.X.PP6.HAUPT,S15,SDPRE,Z30,X,PP6,HAUPT,s,"gepoolte Prä-SD des Sets, Analyse PP6.HAUPT, Sprint 30 m","Antrag, Plan 12.09., O3 nachträglich",,X,g und unadjustierte Differenz der Sensitivitätsvarianten
S15.DFG.Z30.X.PP6.HAUPT,S15,DFG,Z30,X,PP6,HAUPT,1,"df für J, Analyse PP6.HAUPT, Sprint 30 m","Antrag, Plan 12.09., O3 nachträglich",,X,g und unadjustierte Differenz der Sensitivitätsvarianten
S15.J.Z30.X.PP6.HAUPT,S15,J,Z30,X,PP6,HAUPT,1,"Korrekturfaktor J, Analyse PP6.HAUPT, Sprint 30 m","Antrag, Plan 12.09., O3 nachträglich",,X,g und unadjustierte Differenz der Sensitivitätsvarianten
S15.G.Z30.X.PP6.HAUPT,S15,G,Z30,X,PP6,HAUPT,1,"Hedges' g, Analyse PP6.HAUPT, Sprint 30 m","Antrag, Plan 12.09., O3 nachträglich",,X,g und unadjustierte Differenz der Sensitivitätsvarianten
S15.GKIU.Z30.X.PP6.HAUPT,S15,GKIU,Z30,X,PP6,HAUPT,1,"untere KI-Grenze g, Analyse PP6.HAUPT, Sprint 30 m","Antrag, Plan 12.09., O3 nachträglich",,X,g und unadjustierte Differenz der Sensitivitätsvarianten
S15.GKIO.Z30.X.PP6.HAUPT,S15,GKIO,Z30,X,PP6,HAUPT,1,"obere KI-Grenze g, Analyse PP6.HAUPT, Sprint 30 m","Antrag, Plan 12.09., O3 nachträglich",,X,g und unadjustierte Differenz der Sensitivitätsvarianten
S15.SDPRE.CM.X.PP6.HAUPT,S15,SDPRE,CM,X,PP6,HAUPT,s,"gepoolte Prä-SD des Sets, Analyse PP6.HAUPT, 505 Seitenmittel","Antrag, Plan 12.09., O3 nachträglich",,X,g und unadjustierte Differenz der Sensitivitätsvarianten
S15.DFG.CM.X.PP6.HAUPT,S15,DFG,CM,X,PP6,HAUPT,1,"df für J, Analyse PP6.HAUPT, 505 Seitenmittel","Antrag, Plan 12.09., O3 nachträglich",,X,g und unadjustierte Differenz der Sensitivitätsvarianten
S15.J.CM.X.PP6.HAUPT,S15,J,CM,X,PP6,HAUPT,1,"Korrekturfaktor J, Analyse PP6.HAUPT, 505 Seitenmittel","Antrag, Plan 12.09., O3 nachträglich",,X,g und unadjustierte Differenz der Sensitivitätsvarianten
S15.G.CM.X.PP6.HAUPT,S15,G,CM,X,PP6,HAUPT,1,"Hedges' g, Analyse PP6.HAUPT, 505 Seitenmittel","Antrag, Plan 12.09., O3 nachträglich",,X,g und unadjustierte Differenz der Sensitivitätsvarianten
S15.GKIU.CM.X.PP6.HAUPT,S15,GKIU,CM,X,PP6,HAUPT,1,"untere KI-Grenze g, Analyse PP6.HAUPT, 505 Seitenmittel","Antrag, Plan 12.09., O3 nachträglich",,X,g und unadjustierte Differenz der Sensitivitätsvarianten
S15.GKIO.CM.X.PP6.HAUPT,S15,GKIO,CM,X,PP6,HAUPT,1,"obere KI-Grenze g, Analyse PP6.HAUPT, 505 Seitenmittel","Antrag, Plan 12.09., O3 nachträglich",,X,g und unadjustierte Differenz der Sensitivitätsvarianten
S15.SDPRE.SBJ.X.PP6.HAUPT,S15,SDPRE,SBJ,X,PP6,HAUPT,cm,"gepoolte Prä-SD des Sets, Analyse PP6.HAUPT, Standweitsprung","Antrag, Plan 12.09., O3 nachträglich",,X,g und unadjustierte Differenz der Sensitivitätsvarianten
S15.DFG.SBJ.X.PP6.HAUPT,S15,DFG,SBJ,X,PP6,HAUPT,1,"df für J, Analyse PP6.HAUPT, Standweitsprung","Antrag, Plan 12.09., O3 nachträglich",,X,g und unadjustierte Differenz der Sensitivitätsvarianten
S15.J.SBJ.X.PP6.HAUPT,S15,J,SBJ,X,PP6,HAUPT,1,"Korrekturfaktor J, Analyse PP6.HAUPT, Standweitsprung","Antrag, Plan 12.09., O3 nachträglich",,X,g und unadjustierte Differenz der Sensitivitätsvarianten
S15.G.SBJ.X.PP6.HAUPT,S15,G,SBJ,X,PP6,HAUPT,1,"Hedges' g, Analyse PP6.HAUPT, Standweitsprung","Antrag, Plan 12.09., O3 nachträglich",,X,g und unadjustierte Differenz der Sensitivitätsvarianten
S15.GKIU.SBJ.X.PP6.HAUPT,S15,GKIU,SBJ,X,PP6,HAUPT,1,"untere KI-Grenze g, Analyse PP6.HAUPT, Standweitsprung","Antrag, Plan 12.09., O3 nachträglich",,X,g und unadjustierte Differenz der Sensitivitätsvarianten
S15.GKIO.SBJ.X.PP6.HAUPT,S15,GKIO,SBJ,X,PP6,HAUPT,1,"obere KI-Grenze g, Analyse PP6.HAUPT, Standweitsprung","Antrag, Plan 12.09., O3 nachträglich",,X,g und unadjustierte Differenz der Sensitivitätsvarianten
S15.SDPRE.Z30.X.PP7.HAUPT,S15,SDPRE,Z30,X,PP7,HAUPT,s,"gepoolte Prä-SD des Sets, Analyse PP7.HAUPT, Sprint 30 m","Antrag, Plan 12.09., O3 nachträglich",,X,g und unadjustierte Differenz der Sensitivitätsvarianten
S15.DFG.Z30.X.PP7.HAUPT,S15,DFG,Z30,X,PP7,HAUPT,1,"df für J, Analyse PP7.HAUPT, Sprint 30 m","Antrag, Plan 12.09., O3 nachträglich",,X,g und unadjustierte Differenz der Sensitivitätsvarianten
S15.J.Z30.X.PP7.HAUPT,S15,J,Z30,X,PP7,HAUPT,1,"Korrekturfaktor J, Analyse PP7.HAUPT, Sprint 30 m","Antrag, Plan 12.09., O3 nachträglich",,X,g und unadjustierte Differenz der Sensitivitätsvarianten
S15.G.Z30.X.PP7.HAUPT,S15,G,Z30,X,PP7,HAUPT,1,"Hedges' g, Analyse PP7.HAUPT, Sprint 30 m","Antrag, Plan 12.09., O3 nachträglich",,X,g und unadjustierte Differenz der Sensitivitätsvarianten
S15.GKIU.Z30.X.PP7.HAUPT,S15,GKIU,Z30,X,PP7,HAUPT,1,"untere KI-Grenze g, Analyse PP7.HAUPT, Sprint 30 m","Antrag, Plan 12.09., O3 nachträglich",,X,g und unadjustierte Differenz der Sensitivitätsvarianten
S15.GKIO.Z30.X.PP7.HAUPT,S15,GKIO,Z30,X,PP7,HAUPT,1,"obere KI-Grenze g, Analyse PP7.HAUPT, Sprint 30 m","Antrag, Plan 12.09., O3 nachträglich",,X,g und unadjustierte Differenz der Sensitivitätsvarianten
S15.SDPRE.CM.X.PP7.HAUPT,S15,SDPRE,CM,X,PP7,HAUPT,s,"gepoolte Prä-SD des Sets, Analyse PP7.HAUPT, 505 Seitenmittel","Antrag, Plan 12.09., O3 nachträglich",,X,g und unadjustierte Differenz der Sensitivitätsvarianten
S15.DFG.CM.X.PP7.HAUPT,S15,DFG,CM,X,PP7,HAUPT,1,"df für J, Analyse PP7.HAUPT, 505 Seitenmittel","Antrag, Plan 12.09., O3 nachträglich",,X,g und unadjustierte Differenz der Sensitivitätsvarianten
S15.J.CM.X.PP7.HAUPT,S15,J,CM,X,PP7,HAUPT,1,"Korrekturfaktor J, Analyse PP7.HAUPT, 505 Seitenmittel","Antrag, Plan 12.09., O3 nachträglich",,X,g und unadjustierte Differenz der Sensitivitätsvarianten
S15.G.CM.X.PP7.HAUPT,S15,G,CM,X,PP7,HAUPT,1,"Hedges' g, Analyse PP7.HAUPT, 505 Seitenmittel","Antrag, Plan 12.09., O3 nachträglich",,X,g und unadjustierte Differenz der Sensitivitätsvarianten
S15.GKIU.CM.X.PP7.HAUPT,S15,GKIU,CM,X,PP7,HAUPT,1,"untere KI-Grenze g, Analyse PP7.HAUPT, 505 Seitenmittel","Antrag, Plan 12.09., O3 nachträglich",,X,g und unadjustierte Differenz der Sensitivitätsvarianten
S15.GKIO.CM.X.PP7.HAUPT,S15,GKIO,CM,X,PP7,HAUPT,1,"obere KI-Grenze g, Analyse PP7.HAUPT, 505 Seitenmittel","Antrag, Plan 12.09., O3 nachträglich",,X,g und unadjustierte Differenz der Sensitivitätsvarianten
S15.SDPRE.SBJ.X.PP7.HAUPT,S15,SDPRE,SBJ,X,PP7,HAUPT,cm,"gepoolte Prä-SD des Sets, Analyse PP7.HAUPT, Standweitsprung","Antrag, Plan 12.09., O3 nachträglich",,X,g und unadjustierte Differenz der Sensitivitätsvarianten
S15.DFG.SBJ.X.PP7.HAUPT,S15,DFG,SBJ,X,PP7,HAUPT,1,"df für J, Analyse PP7.HAUPT, Standweitsprung","Antrag, Plan 12.09., O3 nachträglich",,X,g und unadjustierte Differenz der Sensitivitätsvarianten
S15.J.SBJ.X.PP7.HAUPT,S15,J,SBJ,X,PP7,HAUPT,1,"Korrekturfaktor J, Analyse PP7.HAUPT, Standweitsprung","Antrag, Plan 12.09., O3 nachträglich",,X,g und unadjustierte Differenz der Sensitivitätsvarianten
S15.G.SBJ.X.PP7.HAUPT,S15,G,SBJ,X,PP7,HAUPT,1,"Hedges' g, Analyse PP7.HAUPT, Standweitsprung","Antrag, Plan 12.09., O3 nachträglich",,X,g und unadjustierte Differenz der Sensitivitätsvarianten
S15.GKIU.SBJ.X.PP7.HAUPT,S15,GKIU,SBJ,X,PP7,HAUPT,1,"untere KI-Grenze g, Analyse PP7.HAUPT, Standweitsprung","Antrag, Plan 12.09., O3 nachträglich",,X,g und unadjustierte Differenz der Sensitivitätsvarianten
S15.GKIO.SBJ.X.PP7.HAUPT,S15,GKIO,SBJ,X,PP7,HAUPT,1,"obere KI-Grenze g, Analyse PP7.HAUPT, Standweitsprung","Antrag, Plan 12.09., O3 nachträglich",,X,g und unadjustierte Differenz der Sensitivitätsvarianten
S15.SDPRE.Z30.X.FAMS.FAMB,S15,SDPRE,Z30,X,FAMS,FAMB,s,"gepoolte Prä-SD des Sets, Analyse FAMS.FAMB, Sprint 30 m","Antrag, Plan 12.09., O3 nachträglich",,X,g und unadjustierte Differenz der Sensitivitätsvarianten
S15.DFG.Z30.X.FAMS.FAMB,S15,DFG,Z30,X,FAMS,FAMB,1,"df für J, Analyse FAMS.FAMB, Sprint 30 m","Antrag, Plan 12.09., O3 nachträglich",,X,g und unadjustierte Differenz der Sensitivitätsvarianten
S15.J.Z30.X.FAMS.FAMB,S15,J,Z30,X,FAMS,FAMB,1,"Korrekturfaktor J, Analyse FAMS.FAMB, Sprint 30 m","Antrag, Plan 12.09., O3 nachträglich",,X,g und unadjustierte Differenz der Sensitivitätsvarianten
S15.G.Z30.X.FAMS.FAMB,S15,G,Z30,X,FAMS,FAMB,1,"Hedges' g, Analyse FAMS.FAMB, Sprint 30 m","Antrag, Plan 12.09., O3 nachträglich",,X,g und unadjustierte Differenz der Sensitivitätsvarianten
S15.GKIU.Z30.X.FAMS.FAMB,S15,GKIU,Z30,X,FAMS,FAMB,1,"untere KI-Grenze g, Analyse FAMS.FAMB, Sprint 30 m","Antrag, Plan 12.09., O3 nachträglich",,X,g und unadjustierte Differenz der Sensitivitätsvarianten
S15.GKIO.Z30.X.FAMS.FAMB,S15,GKIO,Z30,X,FAMS,FAMB,1,"obere KI-Grenze g, Analyse FAMS.FAMB, Sprint 30 m","Antrag, Plan 12.09., O3 nachträglich",,X,g und unadjustierte Differenz der Sensitivitätsvarianten
S15.SDPRE.CM.X.FAMS.FAMB,S15,SDPRE,CM,X,FAMS,FAMB,s,"gepoolte Prä-SD des Sets, Analyse FAMS.FAMB, 505 Seitenmittel","Antrag, Plan 12.09., O3 nachträglich",,X,g und unadjustierte Differenz der Sensitivitätsvarianten
S15.DFG.CM.X.FAMS.FAMB,S15,DFG,CM,X,FAMS,FAMB,1,"df für J, Analyse FAMS.FAMB, 505 Seitenmittel","Antrag, Plan 12.09., O3 nachträglich",,X,g und unadjustierte Differenz der Sensitivitätsvarianten
S15.J.CM.X.FAMS.FAMB,S15,J,CM,X,FAMS,FAMB,1,"Korrekturfaktor J, Analyse FAMS.FAMB, 505 Seitenmittel","Antrag, Plan 12.09., O3 nachträglich",,X,g und unadjustierte Differenz der Sensitivitätsvarianten
S15.G.CM.X.FAMS.FAMB,S15,G,CM,X,FAMS,FAMB,1,"Hedges' g, Analyse FAMS.FAMB, 505 Seitenmittel","Antrag, Plan 12.09., O3 nachträglich",,X,g und unadjustierte Differenz der Sensitivitätsvarianten
S15.GKIU.CM.X.FAMS.FAMB,S15,GKIU,CM,X,FAMS,FAMB,1,"untere KI-Grenze g, Analyse FAMS.FAMB, 505 Seitenmittel","Antrag, Plan 12.09., O3 nachträglich",,X,g und unadjustierte Differenz der Sensitivitätsvarianten
S15.GKIO.CM.X.FAMS.FAMB,S15,GKIO,CM,X,FAMS,FAMB,1,"obere KI-Grenze g, Analyse FAMS.FAMB, 505 Seitenmittel","Antrag, Plan 12.09., O3 nachträglich",,X,g und unadjustierte Differenz der Sensitivitätsvarianten
S15.SDPRE.SBJ.X.FAMS.FAMB,S15,SDPRE,SBJ,X,FAMS,FAMB,cm,"gepoolte Prä-SD des Sets, Analyse FAMS.FAMB, Standweitsprung","Antrag, Plan 12.09., O3 nachträglich",,X,g und unadjustierte Differenz der Sensitivitätsvarianten
S15.DFG.SBJ.X.FAMS.FAMB,S15,DFG,SBJ,X,FAMS,FAMB,1,"df für J, Analyse FAMS.FAMB, Standweitsprung","Antrag, Plan 12.09., O3 nachträglich",,X,g und unadjustierte Differenz der Sensitivitätsvarianten
S15.J.SBJ.X.FAMS.FAMB,S15,J,SBJ,X,FAMS,FAMB,1,"Korrekturfaktor J, Analyse FAMS.FAMB, Standweitsprung","Antrag, Plan 12.09., O3 nachträglich",,X,g und unadjustierte Differenz der Sensitivitätsvarianten
S15.G.SBJ.X.FAMS.FAMB,S15,G,SBJ,X,FAMS,FAMB,1,"Hedges' g, Analyse FAMS.FAMB, Standweitsprung","Antrag, Plan 12.09., O3 nachträglich",,X,g und unadjustierte Differenz der Sensitivitätsvarianten
S15.GKIU.SBJ.X.FAMS.FAMB,S15,GKIU,SBJ,X,FAMS,FAMB,1,"untere KI-Grenze g, Analyse FAMS.FAMB, Standweitsprung","Antrag, Plan 12.09., O3 nachträglich",,X,g und unadjustierte Differenz der Sensitivitätsvarianten
S15.GKIO.SBJ.X.FAMS.FAMB,S15,GKIO,SBJ,X,FAMS,FAMB,1,"obere KI-Grenze g, Analyse FAMS.FAMB, Standweitsprung","Antrag, Plan 12.09., O3 nachträglich",,X,g und unadjustierte Differenz der Sensitivitätsvarianten
S15.UD.Z30.X.ITT.HAUPT,S15,UD,Z30,X,ITT,HAUPT,s,"unadjustierte Differenz der Post-Mittel, Analyse ITT.HAUPT, Sprint 30 m","Plan 12.09., O4 nachträglich",,T,Tab. 3
S15.UDSE.Z30.X.ITT.HAUPT,S15,UDSE,Z30,X,ITT,HAUPT,s,"SE der unadjustierten Differenz, Analyse ITT.HAUPT, Sprint 30 m","Plan 12.09., O4 nachträglich",,A,Tab. H4
S15.UDT.Z30.X.ITT.HAUPT,S15,UDT,Z30,X,ITT,HAUPT,1,"t, Analyse ITT.HAUPT, Sprint 30 m","Plan 12.09., O4 nachträglich",,A,Tab. H4
S15.UDDF.Z30.X.ITT.HAUPT,S15,UDDF,Z30,X,ITT,HAUPT,1,"df, Analyse ITT.HAUPT, Sprint 30 m","Plan 12.09., O4 nachträglich",,A,Tab. H4
S15.UDP.Z30.X.ITT.HAUPT,S15,UDP,Z30,X,ITT,HAUPT,1,"p, Analyse ITT.HAUPT, Sprint 30 m","Plan 12.09., O4 nachträglich",,A,Tab. H4
S15.UDKIU.Z30.X.ITT.HAUPT,S15,UDKIU,Z30,X,ITT,HAUPT,s,"untere KI-Grenze, Analyse ITT.HAUPT, Sprint 30 m","Plan 12.09., O4 nachträglich",,T,Tab. 3
S15.UDKIO.Z30.X.ITT.HAUPT,S15,UDKIO,Z30,X,ITT,HAUPT,s,"obere KI-Grenze, Analyse ITT.HAUPT, Sprint 30 m","Plan 12.09., O4 nachträglich",,T,Tab. 3
S15.MPOSTIG.Z30.X.ITT.HAUPT,S15,MPOSTIG,Z30,X,ITT,HAUPT,s,"Post-Mittel IG, Analyse ITT.HAUPT, Sprint 30 m","Plan 12.09., O4 nachträglich",,I,Zwischenwert
S15.MPOSTKG.Z30.X.ITT.HAUPT,S15,MPOSTKG,Z30,X,ITT,HAUPT,s,"Post-Mittel KG, Analyse ITT.HAUPT, Sprint 30 m","Plan 12.09., O4 nachträglich",,I,Zwischenwert
S15.SDPOST.Z30.X.ITT.HAUPT,S15,SDPOST,Z30,X,ITT,HAUPT,s,"gepoolte Post-SD, Analyse ITT.HAUPT, Sprint 30 m","Plan 12.09., O4 nachträglich",,I,Zwischenwert
S15.UD.CM.X.ITT.HAUPT,S15,UD,CM,X,ITT,HAUPT,s,"unadjustierte Differenz der Post-Mittel, Analyse ITT.HAUPT, 505 Seitenmittel","Plan 12.09., O4 nachträglich",,T,Tab. 3
S15.UDSE.CM.X.ITT.HAUPT,S15,UDSE,CM,X,ITT,HAUPT,s,"SE der unadjustierten Differenz, Analyse ITT.HAUPT, 505 Seitenmittel","Plan 12.09., O4 nachträglich",,A,Tab. H4
S15.UDT.CM.X.ITT.HAUPT,S15,UDT,CM,X,ITT,HAUPT,1,"t, Analyse ITT.HAUPT, 505 Seitenmittel","Plan 12.09., O4 nachträglich",,A,Tab. H4
S15.UDDF.CM.X.ITT.HAUPT,S15,UDDF,CM,X,ITT,HAUPT,1,"df, Analyse ITT.HAUPT, 505 Seitenmittel","Plan 12.09., O4 nachträglich",,A,Tab. H4
S15.UDP.CM.X.ITT.HAUPT,S15,UDP,CM,X,ITT,HAUPT,1,"p, Analyse ITT.HAUPT, 505 Seitenmittel","Plan 12.09., O4 nachträglich",,A,Tab. H4
S15.UDKIU.CM.X.ITT.HAUPT,S15,UDKIU,CM,X,ITT,HAUPT,s,"untere KI-Grenze, Analyse ITT.HAUPT, 505 Seitenmittel","Plan 12.09., O4 nachträglich",,T,Tab. 3
S15.UDKIO.CM.X.ITT.HAUPT,S15,UDKIO,CM,X,ITT,HAUPT,s,"obere KI-Grenze, Analyse ITT.HAUPT, 505 Seitenmittel","Plan 12.09., O4 nachträglich",,T,Tab. 3
S15.MPOSTIG.CM.X.ITT.HAUPT,S15,MPOSTIG,CM,X,ITT,HAUPT,s,"Post-Mittel IG, Analyse ITT.HAUPT, 505 Seitenmittel","Plan 12.09., O4 nachträglich",,I,Zwischenwert
S15.MPOSTKG.CM.X.ITT.HAUPT,S15,MPOSTKG,CM,X,ITT,HAUPT,s,"Post-Mittel KG, Analyse ITT.HAUPT, 505 Seitenmittel","Plan 12.09., O4 nachträglich",,I,Zwischenwert
S15.SDPOST.CM.X.ITT.HAUPT,S15,SDPOST,CM,X,ITT,HAUPT,s,"gepoolte Post-SD, Analyse ITT.HAUPT, 505 Seitenmittel","Plan 12.09., O4 nachträglich",,I,Zwischenwert
S15.UD.SBJ.X.ITT.HAUPT,S15,UD,SBJ,X,ITT,HAUPT,cm,"unadjustierte Differenz der Post-Mittel, Analyse ITT.HAUPT, Standweitsprung","Plan 12.09., O4 nachträglich",,T,Tab. 3
S15.UDSE.SBJ.X.ITT.HAUPT,S15,UDSE,SBJ,X,ITT,HAUPT,cm,"SE der unadjustierten Differenz, Analyse ITT.HAUPT, Standweitsprung","Plan 12.09., O4 nachträglich",,A,Tab. H4
S15.UDT.SBJ.X.ITT.HAUPT,S15,UDT,SBJ,X,ITT,HAUPT,1,"t, Analyse ITT.HAUPT, Standweitsprung","Plan 12.09., O4 nachträglich",,A,Tab. H4
S15.UDDF.SBJ.X.ITT.HAUPT,S15,UDDF,SBJ,X,ITT,HAUPT,1,"df, Analyse ITT.HAUPT, Standweitsprung","Plan 12.09., O4 nachträglich",,A,Tab. H4
S15.UDP.SBJ.X.ITT.HAUPT,S15,UDP,SBJ,X,ITT,HAUPT,1,"p, Analyse ITT.HAUPT, Standweitsprung","Plan 12.09., O4 nachträglich",,A,Tab. H4
S15.UDKIU.SBJ.X.ITT.HAUPT,S15,UDKIU,SBJ,X,ITT,HAUPT,cm,"untere KI-Grenze, Analyse ITT.HAUPT, Standweitsprung","Plan 12.09., O4 nachträglich",,T,Tab. 3
S15.UDKIO.SBJ.X.ITT.HAUPT,S15,UDKIO,SBJ,X,ITT,HAUPT,cm,"obere KI-Grenze, Analyse ITT.HAUPT, Standweitsprung","Plan 12.09., O4 nachträglich",,T,Tab. 3
S15.MPOSTIG.SBJ.X.ITT.HAUPT,S15,MPOSTIG,SBJ,X,ITT,HAUPT,cm,"Post-Mittel IG, Analyse ITT.HAUPT, Standweitsprung","Plan 12.09., O4 nachträglich",,I,Zwischenwert
S15.MPOSTKG.SBJ.X.ITT.HAUPT,S15,MPOSTKG,SBJ,X,ITT,HAUPT,cm,"Post-Mittel KG, Analyse ITT.HAUPT, Standweitsprung","Plan 12.09., O4 nachträglich",,I,Zwischenwert
S15.SDPOST.SBJ.X.ITT.HAUPT,S15,SDPOST,SBJ,X,ITT,HAUPT,cm,"gepoolte Post-SD, Analyse ITT.HAUPT, Standweitsprung","Plan 12.09., O4 nachträglich",,I,Zwischenwert
S15.UD.Z30.X.ITT.MW,S15,UD,Z30,X,ITT,MW,s,"unadjustierte Differenz der Post-Mittel, Analyse ITT.MW, Sprint 30 m","Plan 12.09., O4 nachträglich",,X,g und unadjustierte Differenz der Sensitivitätsvarianten
S15.UDSE.Z30.X.ITT.MW,S15,UDSE,Z30,X,ITT,MW,s,"SE der unadjustierten Differenz, Analyse ITT.MW, Sprint 30 m","Plan 12.09., O4 nachträglich",,X,g und unadjustierte Differenz der Sensitivitätsvarianten
S15.UDT.Z30.X.ITT.MW,S15,UDT,Z30,X,ITT,MW,1,"t, Analyse ITT.MW, Sprint 30 m","Plan 12.09., O4 nachträglich",,X,g und unadjustierte Differenz der Sensitivitätsvarianten
S15.UDDF.Z30.X.ITT.MW,S15,UDDF,Z30,X,ITT,MW,1,"df, Analyse ITT.MW, Sprint 30 m","Plan 12.09., O4 nachträglich",,X,g und unadjustierte Differenz der Sensitivitätsvarianten
S15.UDP.Z30.X.ITT.MW,S15,UDP,Z30,X,ITT,MW,1,"p, Analyse ITT.MW, Sprint 30 m","Plan 12.09., O4 nachträglich",,X,g und unadjustierte Differenz der Sensitivitätsvarianten
S15.UDKIU.Z30.X.ITT.MW,S15,UDKIU,Z30,X,ITT,MW,s,"untere KI-Grenze, Analyse ITT.MW, Sprint 30 m","Plan 12.09., O4 nachträglich",,X,g und unadjustierte Differenz der Sensitivitätsvarianten
S15.UDKIO.Z30.X.ITT.MW,S15,UDKIO,Z30,X,ITT,MW,s,"obere KI-Grenze, Analyse ITT.MW, Sprint 30 m","Plan 12.09., O4 nachträglich",,X,g und unadjustierte Differenz der Sensitivitätsvarianten
S15.MPOSTIG.Z30.X.ITT.MW,S15,MPOSTIG,Z30,X,ITT,MW,s,"Post-Mittel IG, Analyse ITT.MW, Sprint 30 m","Plan 12.09., O4 nachträglich",,X,g und unadjustierte Differenz der Sensitivitätsvarianten
S15.MPOSTKG.Z30.X.ITT.MW,S15,MPOSTKG,Z30,X,ITT,MW,s,"Post-Mittel KG, Analyse ITT.MW, Sprint 30 m","Plan 12.09., O4 nachträglich",,X,g und unadjustierte Differenz der Sensitivitätsvarianten
S15.SDPOST.Z30.X.ITT.MW,S15,SDPOST,Z30,X,ITT,MW,s,"gepoolte Post-SD, Analyse ITT.MW, Sprint 30 m","Plan 12.09., O4 nachträglich",,X,g und unadjustierte Differenz der Sensitivitätsvarianten
S15.UD.CM.X.ITT.MW,S15,UD,CM,X,ITT,MW,s,"unadjustierte Differenz der Post-Mittel, Analyse ITT.MW, 505 Seitenmittel","Plan 12.09., O4 nachträglich",,X,g und unadjustierte Differenz der Sensitivitätsvarianten
S15.UDSE.CM.X.ITT.MW,S15,UDSE,CM,X,ITT,MW,s,"SE der unadjustierten Differenz, Analyse ITT.MW, 505 Seitenmittel","Plan 12.09., O4 nachträglich",,X,g und unadjustierte Differenz der Sensitivitätsvarianten
S15.UDT.CM.X.ITT.MW,S15,UDT,CM,X,ITT,MW,1,"t, Analyse ITT.MW, 505 Seitenmittel","Plan 12.09., O4 nachträglich",,X,g und unadjustierte Differenz der Sensitivitätsvarianten
S15.UDDF.CM.X.ITT.MW,S15,UDDF,CM,X,ITT,MW,1,"df, Analyse ITT.MW, 505 Seitenmittel","Plan 12.09., O4 nachträglich",,X,g und unadjustierte Differenz der Sensitivitätsvarianten
S15.UDP.CM.X.ITT.MW,S15,UDP,CM,X,ITT,MW,1,"p, Analyse ITT.MW, 505 Seitenmittel","Plan 12.09., O4 nachträglich",,X,g und unadjustierte Differenz der Sensitivitätsvarianten
S15.UDKIU.CM.X.ITT.MW,S15,UDKIU,CM,X,ITT,MW,s,"untere KI-Grenze, Analyse ITT.MW, 505 Seitenmittel","Plan 12.09., O4 nachträglich",,X,g und unadjustierte Differenz der Sensitivitätsvarianten
S15.UDKIO.CM.X.ITT.MW,S15,UDKIO,CM,X,ITT,MW,s,"obere KI-Grenze, Analyse ITT.MW, 505 Seitenmittel","Plan 12.09., O4 nachträglich",,X,g und unadjustierte Differenz der Sensitivitätsvarianten
S15.MPOSTIG.CM.X.ITT.MW,S15,MPOSTIG,CM,X,ITT,MW,s,"Post-Mittel IG, Analyse ITT.MW, 505 Seitenmittel","Plan 12.09., O4 nachträglich",,X,g und unadjustierte Differenz der Sensitivitätsvarianten
S15.MPOSTKG.CM.X.ITT.MW,S15,MPOSTKG,CM,X,ITT,MW,s,"Post-Mittel KG, Analyse ITT.MW, 505 Seitenmittel","Plan 12.09., O4 nachträglich",,X,g und unadjustierte Differenz der Sensitivitätsvarianten
S15.SDPOST.CM.X.ITT.MW,S15,SDPOST,CM,X,ITT,MW,s,"gepoolte Post-SD, Analyse ITT.MW, 505 Seitenmittel","Plan 12.09., O4 nachträglich",,X,g und unadjustierte Differenz der Sensitivitätsvarianten
S15.UD.SBJ.X.ITT.MW,S15,UD,SBJ,X,ITT,MW,cm,"unadjustierte Differenz der Post-Mittel, Analyse ITT.MW, Standweitsprung","Plan 12.09., O4 nachträglich",,X,g und unadjustierte Differenz der Sensitivitätsvarianten
S15.UDSE.SBJ.X.ITT.MW,S15,UDSE,SBJ,X,ITT,MW,cm,"SE der unadjustierten Differenz, Analyse ITT.MW, Standweitsprung","Plan 12.09., O4 nachträglich",,X,g und unadjustierte Differenz der Sensitivitätsvarianten
S15.UDT.SBJ.X.ITT.MW,S15,UDT,SBJ,X,ITT,MW,1,"t, Analyse ITT.MW, Standweitsprung","Plan 12.09., O4 nachträglich",,X,g und unadjustierte Differenz der Sensitivitätsvarianten
S15.UDDF.SBJ.X.ITT.MW,S15,UDDF,SBJ,X,ITT,MW,1,"df, Analyse ITT.MW, Standweitsprung","Plan 12.09., O4 nachträglich",,X,g und unadjustierte Differenz der Sensitivitätsvarianten
S15.UDP.SBJ.X.ITT.MW,S15,UDP,SBJ,X,ITT,MW,1,"p, Analyse ITT.MW, Standweitsprung","Plan 12.09., O4 nachträglich",,X,g und unadjustierte Differenz der Sensitivitätsvarianten
S15.UDKIU.SBJ.X.ITT.MW,S15,UDKIU,SBJ,X,ITT,MW,cm,"untere KI-Grenze, Analyse ITT.MW, Standweitsprung","Plan 12.09., O4 nachträglich",,X,g und unadjustierte Differenz der Sensitivitätsvarianten
S15.UDKIO.SBJ.X.ITT.MW,S15,UDKIO,SBJ,X,ITT,MW,cm,"obere KI-Grenze, Analyse ITT.MW, Standweitsprung","Plan 12.09., O4 nachträglich",,X,g und unadjustierte Differenz der Sensitivitätsvarianten
S15.MPOSTIG.SBJ.X.ITT.MW,S15,MPOSTIG,SBJ,X,ITT,MW,cm,"Post-Mittel IG, Analyse ITT.MW, Standweitsprung","Plan 12.09., O4 nachträglich",,X,g und unadjustierte Differenz der Sensitivitätsvarianten
S15.MPOSTKG.SBJ.X.ITT.MW,S15,MPOSTKG,SBJ,X,ITT,MW,cm,"Post-Mittel KG, Analyse ITT.MW, Standweitsprung","Plan 12.09., O4 nachträglich",,X,g und unadjustierte Differenz der Sensitivitätsvarianten
S15.SDPOST.SBJ.X.ITT.MW,S15,SDPOST,SBJ,X,ITT,MW,cm,"gepoolte Post-SD, Analyse ITT.MW, Standweitsprung","Plan 12.09., O4 nachträglich",,X,g und unadjustierte Differenz der Sensitivitätsvarianten
S15.UD.Z30.X.PP5.HAUPT,S15,UD,Z30,X,PP5,HAUPT,s,"unadjustierte Differenz der Post-Mittel, Analyse PP5.HAUPT, Sprint 30 m","Plan 12.09., O4 nachträglich",,X,g und unadjustierte Differenz der Sensitivitätsvarianten
S15.UDSE.Z30.X.PP5.HAUPT,S15,UDSE,Z30,X,PP5,HAUPT,s,"SE der unadjustierten Differenz, Analyse PP5.HAUPT, Sprint 30 m","Plan 12.09., O4 nachträglich",,X,g und unadjustierte Differenz der Sensitivitätsvarianten
S15.UDT.Z30.X.PP5.HAUPT,S15,UDT,Z30,X,PP5,HAUPT,1,"t, Analyse PP5.HAUPT, Sprint 30 m","Plan 12.09., O4 nachträglich",,X,g und unadjustierte Differenz der Sensitivitätsvarianten
S15.UDDF.Z30.X.PP5.HAUPT,S15,UDDF,Z30,X,PP5,HAUPT,1,"df, Analyse PP5.HAUPT, Sprint 30 m","Plan 12.09., O4 nachträglich",,X,g und unadjustierte Differenz der Sensitivitätsvarianten
S15.UDP.Z30.X.PP5.HAUPT,S15,UDP,Z30,X,PP5,HAUPT,1,"p, Analyse PP5.HAUPT, Sprint 30 m","Plan 12.09., O4 nachträglich",,X,g und unadjustierte Differenz der Sensitivitätsvarianten
S15.UDKIU.Z30.X.PP5.HAUPT,S15,UDKIU,Z30,X,PP5,HAUPT,s,"untere KI-Grenze, Analyse PP5.HAUPT, Sprint 30 m","Plan 12.09., O4 nachträglich",,X,g und unadjustierte Differenz der Sensitivitätsvarianten
S15.UDKIO.Z30.X.PP5.HAUPT,S15,UDKIO,Z30,X,PP5,HAUPT,s,"obere KI-Grenze, Analyse PP5.HAUPT, Sprint 30 m","Plan 12.09., O4 nachträglich",,X,g und unadjustierte Differenz der Sensitivitätsvarianten
S15.MPOSTIG.Z30.X.PP5.HAUPT,S15,MPOSTIG,Z30,X,PP5,HAUPT,s,"Post-Mittel IG, Analyse PP5.HAUPT, Sprint 30 m","Plan 12.09., O4 nachträglich",,X,g und unadjustierte Differenz der Sensitivitätsvarianten
S15.MPOSTKG.Z30.X.PP5.HAUPT,S15,MPOSTKG,Z30,X,PP5,HAUPT,s,"Post-Mittel KG, Analyse PP5.HAUPT, Sprint 30 m","Plan 12.09., O4 nachträglich",,X,g und unadjustierte Differenz der Sensitivitätsvarianten
S15.SDPOST.Z30.X.PP5.HAUPT,S15,SDPOST,Z30,X,PP5,HAUPT,s,"gepoolte Post-SD, Analyse PP5.HAUPT, Sprint 30 m","Plan 12.09., O4 nachträglich",,X,g und unadjustierte Differenz der Sensitivitätsvarianten
S15.UD.CM.X.PP5.HAUPT,S15,UD,CM,X,PP5,HAUPT,s,"unadjustierte Differenz der Post-Mittel, Analyse PP5.HAUPT, 505 Seitenmittel","Plan 12.09., O4 nachträglich",,X,g und unadjustierte Differenz der Sensitivitätsvarianten
S15.UDSE.CM.X.PP5.HAUPT,S15,UDSE,CM,X,PP5,HAUPT,s,"SE der unadjustierten Differenz, Analyse PP5.HAUPT, 505 Seitenmittel","Plan 12.09., O4 nachträglich",,X,g und unadjustierte Differenz der Sensitivitätsvarianten
S15.UDT.CM.X.PP5.HAUPT,S15,UDT,CM,X,PP5,HAUPT,1,"t, Analyse PP5.HAUPT, 505 Seitenmittel","Plan 12.09., O4 nachträglich",,X,g und unadjustierte Differenz der Sensitivitätsvarianten
S15.UDDF.CM.X.PP5.HAUPT,S15,UDDF,CM,X,PP5,HAUPT,1,"df, Analyse PP5.HAUPT, 505 Seitenmittel","Plan 12.09., O4 nachträglich",,X,g und unadjustierte Differenz der Sensitivitätsvarianten
S15.UDP.CM.X.PP5.HAUPT,S15,UDP,CM,X,PP5,HAUPT,1,"p, Analyse PP5.HAUPT, 505 Seitenmittel","Plan 12.09., O4 nachträglich",,X,g und unadjustierte Differenz der Sensitivitätsvarianten
S15.UDKIU.CM.X.PP5.HAUPT,S15,UDKIU,CM,X,PP5,HAUPT,s,"untere KI-Grenze, Analyse PP5.HAUPT, 505 Seitenmittel","Plan 12.09., O4 nachträglich",,X,g und unadjustierte Differenz der Sensitivitätsvarianten
S15.UDKIO.CM.X.PP5.HAUPT,S15,UDKIO,CM,X,PP5,HAUPT,s,"obere KI-Grenze, Analyse PP5.HAUPT, 505 Seitenmittel","Plan 12.09., O4 nachträglich",,X,g und unadjustierte Differenz der Sensitivitätsvarianten
S15.MPOSTIG.CM.X.PP5.HAUPT,S15,MPOSTIG,CM,X,PP5,HAUPT,s,"Post-Mittel IG, Analyse PP5.HAUPT, 505 Seitenmittel","Plan 12.09., O4 nachträglich",,X,g und unadjustierte Differenz der Sensitivitätsvarianten
S15.MPOSTKG.CM.X.PP5.HAUPT,S15,MPOSTKG,CM,X,PP5,HAUPT,s,"Post-Mittel KG, Analyse PP5.HAUPT, 505 Seitenmittel","Plan 12.09., O4 nachträglich",,X,g und unadjustierte Differenz der Sensitivitätsvarianten
S15.SDPOST.CM.X.PP5.HAUPT,S15,SDPOST,CM,X,PP5,HAUPT,s,"gepoolte Post-SD, Analyse PP5.HAUPT, 505 Seitenmittel","Plan 12.09., O4 nachträglich",,X,g und unadjustierte Differenz der Sensitivitätsvarianten
S15.UD.SBJ.X.PP5.HAUPT,S15,UD,SBJ,X,PP5,HAUPT,cm,"unadjustierte Differenz der Post-Mittel, Analyse PP5.HAUPT, Standweitsprung","Plan 12.09., O4 nachträglich",,X,g und unadjustierte Differenz der Sensitivitätsvarianten
S15.UDSE.SBJ.X.PP5.HAUPT,S15,UDSE,SBJ,X,PP5,HAUPT,cm,"SE der unadjustierten Differenz, Analyse PP5.HAUPT, Standweitsprung","Plan 12.09., O4 nachträglich",,X,g und unadjustierte Differenz der Sensitivitätsvarianten
S15.UDT.SBJ.X.PP5.HAUPT,S15,UDT,SBJ,X,PP5,HAUPT,1,"t, Analyse PP5.HAUPT, Standweitsprung","Plan 12.09., O4 nachträglich",,X,g und unadjustierte Differenz der Sensitivitätsvarianten
S15.UDDF.SBJ.X.PP5.HAUPT,S15,UDDF,SBJ,X,PP5,HAUPT,1,"df, Analyse PP5.HAUPT, Standweitsprung","Plan 12.09., O4 nachträglich",,X,g und unadjustierte Differenz der Sensitivitätsvarianten
S15.UDP.SBJ.X.PP5.HAUPT,S15,UDP,SBJ,X,PP5,HAUPT,1,"p, Analyse PP5.HAUPT, Standweitsprung","Plan 12.09., O4 nachträglich",,X,g und unadjustierte Differenz der Sensitivitätsvarianten
S15.UDKIU.SBJ.X.PP5.HAUPT,S15,UDKIU,SBJ,X,PP5,HAUPT,cm,"untere KI-Grenze, Analyse PP5.HAUPT, Standweitsprung","Plan 12.09., O4 nachträglich",,X,g und unadjustierte Differenz der Sensitivitätsvarianten
S15.UDKIO.SBJ.X.PP5.HAUPT,S15,UDKIO,SBJ,X,PP5,HAUPT,cm,"obere KI-Grenze, Analyse PP5.HAUPT, Standweitsprung","Plan 12.09., O4 nachträglich",,X,g und unadjustierte Differenz der Sensitivitätsvarianten
S15.MPOSTIG.SBJ.X.PP5.HAUPT,S15,MPOSTIG,SBJ,X,PP5,HAUPT,cm,"Post-Mittel IG, Analyse PP5.HAUPT, Standweitsprung","Plan 12.09., O4 nachträglich",,X,g und unadjustierte Differenz der Sensitivitätsvarianten
S15.MPOSTKG.SBJ.X.PP5.HAUPT,S15,MPOSTKG,SBJ,X,PP5,HAUPT,cm,"Post-Mittel KG, Analyse PP5.HAUPT, Standweitsprung","Plan 12.09., O4 nachträglich",,X,g und unadjustierte Differenz der Sensitivitätsvarianten
S15.SDPOST.SBJ.X.PP5.HAUPT,S15,SDPOST,SBJ,X,PP5,HAUPT,cm,"gepoolte Post-SD, Analyse PP5.HAUPT, Standweitsprung","Plan 12.09., O4 nachträglich",,X,g und unadjustierte Differenz der Sensitivitätsvarianten
S15.UD.Z30.X.PP6.HAUPT,S15,UD,Z30,X,PP6,HAUPT,s,"unadjustierte Differenz der Post-Mittel, Analyse PP6.HAUPT, Sprint 30 m","Plan 12.09., O4 nachträglich",,X,g und unadjustierte Differenz der Sensitivitätsvarianten
S15.UDSE.Z30.X.PP6.HAUPT,S15,UDSE,Z30,X,PP6,HAUPT,s,"SE der unadjustierten Differenz, Analyse PP6.HAUPT, Sprint 30 m","Plan 12.09., O4 nachträglich",,X,g und unadjustierte Differenz der Sensitivitätsvarianten
S15.UDT.Z30.X.PP6.HAUPT,S15,UDT,Z30,X,PP6,HAUPT,1,"t, Analyse PP6.HAUPT, Sprint 30 m","Plan 12.09., O4 nachträglich",,X,g und unadjustierte Differenz der Sensitivitätsvarianten
S15.UDDF.Z30.X.PP6.HAUPT,S15,UDDF,Z30,X,PP6,HAUPT,1,"df, Analyse PP6.HAUPT, Sprint 30 m","Plan 12.09., O4 nachträglich",,X,g und unadjustierte Differenz der Sensitivitätsvarianten
S15.UDP.Z30.X.PP6.HAUPT,S15,UDP,Z30,X,PP6,HAUPT,1,"p, Analyse PP6.HAUPT, Sprint 30 m","Plan 12.09., O4 nachträglich",,X,g und unadjustierte Differenz der Sensitivitätsvarianten
S15.UDKIU.Z30.X.PP6.HAUPT,S15,UDKIU,Z30,X,PP6,HAUPT,s,"untere KI-Grenze, Analyse PP6.HAUPT, Sprint 30 m","Plan 12.09., O4 nachträglich",,X,g und unadjustierte Differenz der Sensitivitätsvarianten
S15.UDKIO.Z30.X.PP6.HAUPT,S15,UDKIO,Z30,X,PP6,HAUPT,s,"obere KI-Grenze, Analyse PP6.HAUPT, Sprint 30 m","Plan 12.09., O4 nachträglich",,X,g und unadjustierte Differenz der Sensitivitätsvarianten
S15.MPOSTIG.Z30.X.PP6.HAUPT,S15,MPOSTIG,Z30,X,PP6,HAUPT,s,"Post-Mittel IG, Analyse PP6.HAUPT, Sprint 30 m","Plan 12.09., O4 nachträglich",,X,g und unadjustierte Differenz der Sensitivitätsvarianten
S15.MPOSTKG.Z30.X.PP6.HAUPT,S15,MPOSTKG,Z30,X,PP6,HAUPT,s,"Post-Mittel KG, Analyse PP6.HAUPT, Sprint 30 m","Plan 12.09., O4 nachträglich",,X,g und unadjustierte Differenz der Sensitivitätsvarianten
S15.SDPOST.Z30.X.PP6.HAUPT,S15,SDPOST,Z30,X,PP6,HAUPT,s,"gepoolte Post-SD, Analyse PP6.HAUPT, Sprint 30 m","Plan 12.09., O4 nachträglich",,X,g und unadjustierte Differenz der Sensitivitätsvarianten
S15.UD.CM.X.PP6.HAUPT,S15,UD,CM,X,PP6,HAUPT,s,"unadjustierte Differenz der Post-Mittel, Analyse PP6.HAUPT, 505 Seitenmittel","Plan 12.09., O4 nachträglich",,X,g und unadjustierte Differenz der Sensitivitätsvarianten
S15.UDSE.CM.X.PP6.HAUPT,S15,UDSE,CM,X,PP6,HAUPT,s,"SE der unadjustierten Differenz, Analyse PP6.HAUPT, 505 Seitenmittel","Plan 12.09., O4 nachträglich",,X,g und unadjustierte Differenz der Sensitivitätsvarianten
S15.UDT.CM.X.PP6.HAUPT,S15,UDT,CM,X,PP6,HAUPT,1,"t, Analyse PP6.HAUPT, 505 Seitenmittel","Plan 12.09., O4 nachträglich",,X,g und unadjustierte Differenz der Sensitivitätsvarianten
S15.UDDF.CM.X.PP6.HAUPT,S15,UDDF,CM,X,PP6,HAUPT,1,"df, Analyse PP6.HAUPT, 505 Seitenmittel","Plan 12.09., O4 nachträglich",,X,g und unadjustierte Differenz der Sensitivitätsvarianten
S15.UDP.CM.X.PP6.HAUPT,S15,UDP,CM,X,PP6,HAUPT,1,"p, Analyse PP6.HAUPT, 505 Seitenmittel","Plan 12.09., O4 nachträglich",,X,g und unadjustierte Differenz der Sensitivitätsvarianten
S15.UDKIU.CM.X.PP6.HAUPT,S15,UDKIU,CM,X,PP6,HAUPT,s,"untere KI-Grenze, Analyse PP6.HAUPT, 505 Seitenmittel","Plan 12.09., O4 nachträglich",,X,g und unadjustierte Differenz der Sensitivitätsvarianten
S15.UDKIO.CM.X.PP6.HAUPT,S15,UDKIO,CM,X,PP6,HAUPT,s,"obere KI-Grenze, Analyse PP6.HAUPT, 505 Seitenmittel","Plan 12.09., O4 nachträglich",,X,g und unadjustierte Differenz der Sensitivitätsvarianten
S15.MPOSTIG.CM.X.PP6.HAUPT,S15,MPOSTIG,CM,X,PP6,HAUPT,s,"Post-Mittel IG, Analyse PP6.HAUPT, 505 Seitenmittel","Plan 12.09., O4 nachträglich",,X,g und unadjustierte Differenz der Sensitivitätsvarianten
S15.MPOSTKG.CM.X.PP6.HAUPT,S15,MPOSTKG,CM,X,PP6,HAUPT,s,"Post-Mittel KG, Analyse PP6.HAUPT, 505 Seitenmittel","Plan 12.09., O4 nachträglich",,X,g und unadjustierte Differenz der Sensitivitätsvarianten
S15.SDPOST.CM.X.PP6.HAUPT,S15,SDPOST,CM,X,PP6,HAUPT,s,"gepoolte Post-SD, Analyse PP6.HAUPT, 505 Seitenmittel","Plan 12.09., O4 nachträglich",,X,g und unadjustierte Differenz der Sensitivitätsvarianten
S15.UD.SBJ.X.PP6.HAUPT,S15,UD,SBJ,X,PP6,HAUPT,cm,"unadjustierte Differenz der Post-Mittel, Analyse PP6.HAUPT, Standweitsprung","Plan 12.09., O4 nachträglich",,X,g und unadjustierte Differenz der Sensitivitätsvarianten
S15.UDSE.SBJ.X.PP6.HAUPT,S15,UDSE,SBJ,X,PP6,HAUPT,cm,"SE der unadjustierten Differenz, Analyse PP6.HAUPT, Standweitsprung","Plan 12.09., O4 nachträglich",,X,g und unadjustierte Differenz der Sensitivitätsvarianten
S15.UDT.SBJ.X.PP6.HAUPT,S15,UDT,SBJ,X,PP6,HAUPT,1,"t, Analyse PP6.HAUPT, Standweitsprung","Plan 12.09., O4 nachträglich",,X,g und unadjustierte Differenz der Sensitivitätsvarianten
S15.UDDF.SBJ.X.PP6.HAUPT,S15,UDDF,SBJ,X,PP6,HAUPT,1,"df, Analyse PP6.HAUPT, Standweitsprung","Plan 12.09., O4 nachträglich",,X,g und unadjustierte Differenz der Sensitivitätsvarianten
S15.UDP.SBJ.X.PP6.HAUPT,S15,UDP,SBJ,X,PP6,HAUPT,1,"p, Analyse PP6.HAUPT, Standweitsprung","Plan 12.09., O4 nachträglich",,X,g und unadjustierte Differenz der Sensitivitätsvarianten
S15.UDKIU.SBJ.X.PP6.HAUPT,S15,UDKIU,SBJ,X,PP6,HAUPT,cm,"untere KI-Grenze, Analyse PP6.HAUPT, Standweitsprung","Plan 12.09., O4 nachträglich",,X,g und unadjustierte Differenz der Sensitivitätsvarianten
S15.UDKIO.SBJ.X.PP6.HAUPT,S15,UDKIO,SBJ,X,PP6,HAUPT,cm,"obere KI-Grenze, Analyse PP6.HAUPT, Standweitsprung","Plan 12.09., O4 nachträglich",,X,g und unadjustierte Differenz der Sensitivitätsvarianten
S15.MPOSTIG.SBJ.X.PP6.HAUPT,S15,MPOSTIG,SBJ,X,PP6,HAUPT,cm,"Post-Mittel IG, Analyse PP6.HAUPT, Standweitsprung","Plan 12.09., O4 nachträglich",,X,g und unadjustierte Differenz der Sensitivitätsvarianten
S15.MPOSTKG.SBJ.X.PP6.HAUPT,S15,MPOSTKG,SBJ,X,PP6,HAUPT,cm,"Post-Mittel KG, Analyse PP6.HAUPT, Standweitsprung","Plan 12.09., O4 nachträglich",,X,g und unadjustierte Differenz der Sensitivitätsvarianten
S15.SDPOST.SBJ.X.PP6.HAUPT,S15,SDPOST,SBJ,X,PP6,HAUPT,cm,"gepoolte Post-SD, Analyse PP6.HAUPT, Standweitsprung","Plan 12.09., O4 nachträglich",,X,g und unadjustierte Differenz der Sensitivitätsvarianten
S15.UD.Z30.X.PP7.HAUPT,S15,UD,Z30,X,PP7,HAUPT,s,"unadjustierte Differenz der Post-Mittel, Analyse PP7.HAUPT, Sprint 30 m","Plan 12.09., O4 nachträglich",,X,g und unadjustierte Differenz der Sensitivitätsvarianten
S15.UDSE.Z30.X.PP7.HAUPT,S15,UDSE,Z30,X,PP7,HAUPT,s,"SE der unadjustierten Differenz, Analyse PP7.HAUPT, Sprint 30 m","Plan 12.09., O4 nachträglich",,X,g und unadjustierte Differenz der Sensitivitätsvarianten
S15.UDT.Z30.X.PP7.HAUPT,S15,UDT,Z30,X,PP7,HAUPT,1,"t, Analyse PP7.HAUPT, Sprint 30 m","Plan 12.09., O4 nachträglich",,X,g und unadjustierte Differenz der Sensitivitätsvarianten
S15.UDDF.Z30.X.PP7.HAUPT,S15,UDDF,Z30,X,PP7,HAUPT,1,"df, Analyse PP7.HAUPT, Sprint 30 m","Plan 12.09., O4 nachträglich",,X,g und unadjustierte Differenz der Sensitivitätsvarianten
S15.UDP.Z30.X.PP7.HAUPT,S15,UDP,Z30,X,PP7,HAUPT,1,"p, Analyse PP7.HAUPT, Sprint 30 m","Plan 12.09., O4 nachträglich",,X,g und unadjustierte Differenz der Sensitivitätsvarianten
S15.UDKIU.Z30.X.PP7.HAUPT,S15,UDKIU,Z30,X,PP7,HAUPT,s,"untere KI-Grenze, Analyse PP7.HAUPT, Sprint 30 m","Plan 12.09., O4 nachträglich",,X,g und unadjustierte Differenz der Sensitivitätsvarianten
S15.UDKIO.Z30.X.PP7.HAUPT,S15,UDKIO,Z30,X,PP7,HAUPT,s,"obere KI-Grenze, Analyse PP7.HAUPT, Sprint 30 m","Plan 12.09., O4 nachträglich",,X,g und unadjustierte Differenz der Sensitivitätsvarianten
S15.MPOSTIG.Z30.X.PP7.HAUPT,S15,MPOSTIG,Z30,X,PP7,HAUPT,s,"Post-Mittel IG, Analyse PP7.HAUPT, Sprint 30 m","Plan 12.09., O4 nachträglich",,X,g und unadjustierte Differenz der Sensitivitätsvarianten
S15.MPOSTKG.Z30.X.PP7.HAUPT,S15,MPOSTKG,Z30,X,PP7,HAUPT,s,"Post-Mittel KG, Analyse PP7.HAUPT, Sprint 30 m","Plan 12.09., O4 nachträglich",,X,g und unadjustierte Differenz der Sensitivitätsvarianten
S15.SDPOST.Z30.X.PP7.HAUPT,S15,SDPOST,Z30,X,PP7,HAUPT,s,"gepoolte Post-SD, Analyse PP7.HAUPT, Sprint 30 m","Plan 12.09., O4 nachträglich",,X,g und unadjustierte Differenz der Sensitivitätsvarianten
S15.UD.CM.X.PP7.HAUPT,S15,UD,CM,X,PP7,HAUPT,s,"unadjustierte Differenz der Post-Mittel, Analyse PP7.HAUPT, 505 Seitenmittel","Plan 12.09., O4 nachträglich",,X,g und unadjustierte Differenz der Sensitivitätsvarianten
S15.UDSE.CM.X.PP7.HAUPT,S15,UDSE,CM,X,PP7,HAUPT,s,"SE der unadjustierten Differenz, Analyse PP7.HAUPT, 505 Seitenmittel","Plan 12.09., O4 nachträglich",,X,g und unadjustierte Differenz der Sensitivitätsvarianten
S15.UDT.CM.X.PP7.HAUPT,S15,UDT,CM,X,PP7,HAUPT,1,"t, Analyse PP7.HAUPT, 505 Seitenmittel","Plan 12.09., O4 nachträglich",,X,g und unadjustierte Differenz der Sensitivitätsvarianten
S15.UDDF.CM.X.PP7.HAUPT,S15,UDDF,CM,X,PP7,HAUPT,1,"df, Analyse PP7.HAUPT, 505 Seitenmittel","Plan 12.09., O4 nachträglich",,X,g und unadjustierte Differenz der Sensitivitätsvarianten
S15.UDP.CM.X.PP7.HAUPT,S15,UDP,CM,X,PP7,HAUPT,1,"p, Analyse PP7.HAUPT, 505 Seitenmittel","Plan 12.09., O4 nachträglich",,X,g und unadjustierte Differenz der Sensitivitätsvarianten
S15.UDKIU.CM.X.PP7.HAUPT,S15,UDKIU,CM,X,PP7,HAUPT,s,"untere KI-Grenze, Analyse PP7.HAUPT, 505 Seitenmittel","Plan 12.09., O4 nachträglich",,X,g und unadjustierte Differenz der Sensitivitätsvarianten
S15.UDKIO.CM.X.PP7.HAUPT,S15,UDKIO,CM,X,PP7,HAUPT,s,"obere KI-Grenze, Analyse PP7.HAUPT, 505 Seitenmittel","Plan 12.09., O4 nachträglich",,X,g und unadjustierte Differenz der Sensitivitätsvarianten
S15.MPOSTIG.CM.X.PP7.HAUPT,S15,MPOSTIG,CM,X,PP7,HAUPT,s,"Post-Mittel IG, Analyse PP7.HAUPT, 505 Seitenmittel","Plan 12.09., O4 nachträglich",,X,g und unadjustierte Differenz der Sensitivitätsvarianten
S15.MPOSTKG.CM.X.PP7.HAUPT,S15,MPOSTKG,CM,X,PP7,HAUPT,s,"Post-Mittel KG, Analyse PP7.HAUPT, 505 Seitenmittel","Plan 12.09., O4 nachträglich",,X,g und unadjustierte Differenz der Sensitivitätsvarianten
S15.SDPOST.CM.X.PP7.HAUPT,S15,SDPOST,CM,X,PP7,HAUPT,s,"gepoolte Post-SD, Analyse PP7.HAUPT, 505 Seitenmittel","Plan 12.09., O4 nachträglich",,X,g und unadjustierte Differenz der Sensitivitätsvarianten
S15.UD.SBJ.X.PP7.HAUPT,S15,UD,SBJ,X,PP7,HAUPT,cm,"unadjustierte Differenz der Post-Mittel, Analyse PP7.HAUPT, Standweitsprung","Plan 12.09., O4 nachträglich",,X,g und unadjustierte Differenz der Sensitivitätsvarianten
S15.UDSE.SBJ.X.PP7.HAUPT,S15,UDSE,SBJ,X,PP7,HAUPT,cm,"SE der unadjustierten Differenz, Analyse PP7.HAUPT, Standweitsprung","Plan 12.09., O4 nachträglich",,X,g und unadjustierte Differenz der Sensitivitätsvarianten
S15.UDT.SBJ.X.PP7.HAUPT,S15,UDT,SBJ,X,PP7,HAUPT,1,"t, Analyse PP7.HAUPT, Standweitsprung","Plan 12.09., O4 nachträglich",,X,g und unadjustierte Differenz der Sensitivitätsvarianten
S15.UDDF.SBJ.X.PP7.HAUPT,S15,UDDF,SBJ,X,PP7,HAUPT,1,"df, Analyse PP7.HAUPT, Standweitsprung","Plan 12.09., O4 nachträglich",,X,g und unadjustierte Differenz der Sensitivitätsvarianten
S15.UDP.SBJ.X.PP7.HAUPT,S15,UDP,SBJ,X,PP7,HAUPT,1,"p, Analyse PP7.HAUPT, Standweitsprung","Plan 12.09., O4 nachträglich",,X,g und unadjustierte Differenz der Sensitivitätsvarianten
S15.UDKIU.SBJ.X.PP7.HAUPT,S15,UDKIU,SBJ,X,PP7,HAUPT,cm,"untere KI-Grenze, Analyse PP7.HAUPT, Standweitsprung","Plan 12.09., O4 nachträglich",,X,g und unadjustierte Differenz der Sensitivitätsvarianten
S15.UDKIO.SBJ.X.PP7.HAUPT,S15,UDKIO,SBJ,X,PP7,HAUPT,cm,"obere KI-Grenze, Analyse PP7.HAUPT, Standweitsprung","Plan 12.09., O4 nachträglich",,X,g und unadjustierte Differenz der Sensitivitätsvarianten
S15.MPOSTIG.SBJ.X.PP7.HAUPT,S15,MPOSTIG,SBJ,X,PP7,HAUPT,cm,"Post-Mittel IG, Analyse PP7.HAUPT, Standweitsprung","Plan 12.09., O4 nachträglich",,X,g und unadjustierte Differenz der Sensitivitätsvarianten
S15.MPOSTKG.SBJ.X.PP7.HAUPT,S15,MPOSTKG,SBJ,X,PP7,HAUPT,cm,"Post-Mittel KG, Analyse PP7.HAUPT, Standweitsprung","Plan 12.09., O4 nachträglich",,X,g und unadjustierte Differenz der Sensitivitätsvarianten
S15.SDPOST.SBJ.X.PP7.HAUPT,S15,SDPOST,SBJ,X,PP7,HAUPT,cm,"gepoolte Post-SD, Analyse PP7.HAUPT, Standweitsprung","Plan 12.09., O4 nachträglich",,X,g und unadjustierte Differenz der Sensitivitätsvarianten
S17.M.Z30.PRE.PP5IG.HAUPT,S17,M,Z30,PRE,PP5IG,HAUPT,s,"Mittel BEST im IG-Teil des Sets PP5, Sprint 30 m",Plan 12.09.,,A,Tab. H4 Deskription (R5)
S17.M.Z30.PRE.PP7IG.HAUPT,S17,M,Z30,PRE,PP7IG,HAUPT,s,"Mittel BEST im IG-Teil des Sets PP7, Sprint 30 m",Plan 12.09.,,A,Tab. H4 Deskription (R5)
S17.M.Z30.POST.PP5IG.HAUPT,S17,M,Z30,POST,PP5IG,HAUPT,s,"Mittel BEST im IG-Teil des Sets PP5, Sprint 30 m",Plan 12.09.,,A,Tab. H4 Deskription (R5)
S17.M.Z30.POST.PP7IG.HAUPT,S17,M,Z30,POST,PP7IG,HAUPT,s,"Mittel BEST im IG-Teil des Sets PP7, Sprint 30 m",Plan 12.09.,,A,Tab. H4 Deskription (R5)
S17.M.CM.PRE.PP5IG.HAUPT,S17,M,CM,PRE,PP5IG,HAUPT,s,"Mittel BEST im IG-Teil des Sets PP5, 505 Seitenmittel",Plan 12.09.,,A,Tab. H4 Deskription (R5)
S17.M.CM.PRE.PP7IG.HAUPT,S17,M,CM,PRE,PP7IG,HAUPT,s,"Mittel BEST im IG-Teil des Sets PP7, 505 Seitenmittel",Plan 12.09.,,A,Tab. H4 Deskription (R5)
S17.M.CM.POST.PP5IG.HAUPT,S17,M,CM,POST,PP5IG,HAUPT,s,"Mittel BEST im IG-Teil des Sets PP5, 505 Seitenmittel",Plan 12.09.,,A,Tab. H4 Deskription (R5)
S17.M.CM.POST.PP7IG.HAUPT,S17,M,CM,POST,PP7IG,HAUPT,s,"Mittel BEST im IG-Teil des Sets PP7, 505 Seitenmittel",Plan 12.09.,,A,Tab. H4 Deskription (R5)
S17.M.SBJ.PRE.PP5IG.HAUPT,S17,M,SBJ,PRE,PP5IG,HAUPT,cm,"Mittel BEST im IG-Teil des Sets PP5, Standweitsprung",Plan 12.09.,,A,Tab. H4 Deskription (R5)
S17.M.SBJ.PRE.PP7IG.HAUPT,S17,M,SBJ,PRE,PP7IG,HAUPT,cm,"Mittel BEST im IG-Teil des Sets PP7, Standweitsprung",Plan 12.09.,,A,Tab. H4 Deskription (R5)
S17.M.SBJ.POST.PP5IG.HAUPT,S17,M,SBJ,POST,PP5IG,HAUPT,cm,"Mittel BEST im IG-Teil des Sets PP5, Standweitsprung",Plan 12.09.,,A,Tab. H4 Deskription (R5)
S17.M.SBJ.POST.PP7IG.HAUPT,S17,M,SBJ,POST,PP7IG,HAUPT,cm,"Mittel BEST im IG-Teil des Sets PP7, Standweitsprung",Plan 12.09.,,A,Tab. H4 Deskription (R5)
S17.SD.Z30.PRE.PP5IG.HAUPT,S17,SD,Z30,PRE,PP5IG,HAUPT,s,"SD BEST im IG-Teil des Sets PP5, Sprint 30 m",Plan 12.09.,,A,Tab. H4 Deskription (R5)
S17.SD.Z30.PRE.PP7IG.HAUPT,S17,SD,Z30,PRE,PP7IG,HAUPT,s,"SD BEST im IG-Teil des Sets PP7, Sprint 30 m",Plan 12.09.,,A,Tab. H4 Deskription (R5)
S17.SD.Z30.POST.PP5IG.HAUPT,S17,SD,Z30,POST,PP5IG,HAUPT,s,"SD BEST im IG-Teil des Sets PP5, Sprint 30 m",Plan 12.09.,,A,Tab. H4 Deskription (R5)
S17.SD.Z30.POST.PP7IG.HAUPT,S17,SD,Z30,POST,PP7IG,HAUPT,s,"SD BEST im IG-Teil des Sets PP7, Sprint 30 m",Plan 12.09.,,A,Tab. H4 Deskription (R5)
S17.SD.CM.PRE.PP5IG.HAUPT,S17,SD,CM,PRE,PP5IG,HAUPT,s,"SD BEST im IG-Teil des Sets PP5, 505 Seitenmittel",Plan 12.09.,,A,Tab. H4 Deskription (R5)
S17.SD.CM.PRE.PP7IG.HAUPT,S17,SD,CM,PRE,PP7IG,HAUPT,s,"SD BEST im IG-Teil des Sets PP7, 505 Seitenmittel",Plan 12.09.,,A,Tab. H4 Deskription (R5)
S17.SD.CM.POST.PP5IG.HAUPT,S17,SD,CM,POST,PP5IG,HAUPT,s,"SD BEST im IG-Teil des Sets PP5, 505 Seitenmittel",Plan 12.09.,,A,Tab. H4 Deskription (R5)
S17.SD.CM.POST.PP7IG.HAUPT,S17,SD,CM,POST,PP7IG,HAUPT,s,"SD BEST im IG-Teil des Sets PP7, 505 Seitenmittel",Plan 12.09.,,A,Tab. H4 Deskription (R5)
S17.SD.SBJ.PRE.PP5IG.HAUPT,S17,SD,SBJ,PRE,PP5IG,HAUPT,cm,"SD BEST im IG-Teil des Sets PP5, Standweitsprung",Plan 12.09.,,A,Tab. H4 Deskription (R5)
S17.SD.SBJ.PRE.PP7IG.HAUPT,S17,SD,SBJ,PRE,PP7IG,HAUPT,cm,"SD BEST im IG-Teil des Sets PP7, Standweitsprung",Plan 12.09.,,A,Tab. H4 Deskription (R5)
S17.SD.SBJ.POST.PP5IG.HAUPT,S17,SD,SBJ,POST,PP5IG,HAUPT,cm,"SD BEST im IG-Teil des Sets PP5, Standweitsprung",Plan 12.09.,,A,Tab. H4 Deskription (R5)
S17.SD.SBJ.POST.PP7IG.HAUPT,S17,SD,SBJ,POST,PP7IG,HAUPT,cm,"SD BEST im IG-Teil des Sets PP7, Standweitsprung",Plan 12.09.,,A,Tab. H4 Deskription (R5)
S17.M.Z30.PRE.FAMSIG.FAMB,S17,M,Z30,PRE,FAMSIG,FAMB,s,"Mittel BEST im Set FAMSIG, Sprint 30 m",Plan 12.09.,,A,Tab. H4 Deskription (R5)
S17.M.Z30.PRE.FAMSKG.FAMB,S17,M,Z30,PRE,FAMSKG,FAMB,s,"Mittel BEST im Set FAMSKG, Sprint 30 m",Plan 12.09.,,A,Tab. H4 Deskription (R5)
S17.M.Z30.POST.FAMSIG.FAMB,S17,M,Z30,POST,FAMSIG,FAMB,s,"Mittel BEST im Set FAMSIG, Sprint 30 m",Plan 12.09.,,A,Tab. H4 Deskription (R5)
S17.M.Z30.POST.FAMSKG.FAMB,S17,M,Z30,POST,FAMSKG,FAMB,s,"Mittel BEST im Set FAMSKG, Sprint 30 m",Plan 12.09.,,A,Tab. H4 Deskription (R5)
S17.M.CM.PRE.FAMSIG.FAMB,S17,M,CM,PRE,FAMSIG,FAMB,s,"Mittel BEST im Set FAMSIG, 505 Seitenmittel",Plan 12.09.,,A,Tab. H4 Deskription (R5)
S17.M.CM.PRE.FAMSKG.FAMB,S17,M,CM,PRE,FAMSKG,FAMB,s,"Mittel BEST im Set FAMSKG, 505 Seitenmittel",Plan 12.09.,,A,Tab. H4 Deskription (R5)
S17.M.CM.POST.FAMSIG.FAMB,S17,M,CM,POST,FAMSIG,FAMB,s,"Mittel BEST im Set FAMSIG, 505 Seitenmittel",Plan 12.09.,,A,Tab. H4 Deskription (R5)
S17.M.CM.POST.FAMSKG.FAMB,S17,M,CM,POST,FAMSKG,FAMB,s,"Mittel BEST im Set FAMSKG, 505 Seitenmittel",Plan 12.09.,,A,Tab. H4 Deskription (R5)
S17.M.SBJ.PRE.FAMSIG.FAMB,S17,M,SBJ,PRE,FAMSIG,FAMB,cm,"Mittel BEST im Set FAMSIG, Standweitsprung",Plan 12.09.,,A,Tab. H4 Deskription (R5)
S17.M.SBJ.PRE.FAMSKG.FAMB,S17,M,SBJ,PRE,FAMSKG,FAMB,cm,"Mittel BEST im Set FAMSKG, Standweitsprung",Plan 12.09.,,A,Tab. H4 Deskription (R5)
S17.M.SBJ.POST.FAMSIG.FAMB,S17,M,SBJ,POST,FAMSIG,FAMB,cm,"Mittel BEST im Set FAMSIG, Standweitsprung",Plan 12.09.,,A,Tab. H4 Deskription (R5)
S17.M.SBJ.POST.FAMSKG.FAMB,S17,M,SBJ,POST,FAMSKG,FAMB,cm,"Mittel BEST im Set FAMSKG, Standweitsprung",Plan 12.09.,,A,Tab. H4 Deskription (R5)
S17.SD.Z30.PRE.FAMSIG.FAMB,S17,SD,Z30,PRE,FAMSIG,FAMB,s,"SD BEST im Set FAMSIG, Sprint 30 m",Plan 12.09.,,A,Tab. H4 Deskription (R5)
S17.SD.Z30.PRE.FAMSKG.FAMB,S17,SD,Z30,PRE,FAMSKG,FAMB,s,"SD BEST im Set FAMSKG, Sprint 30 m",Plan 12.09.,,A,Tab. H4 Deskription (R5)
S17.SD.Z30.POST.FAMSIG.FAMB,S17,SD,Z30,POST,FAMSIG,FAMB,s,"SD BEST im Set FAMSIG, Sprint 30 m",Plan 12.09.,,A,Tab. H4 Deskription (R5)
S17.SD.Z30.POST.FAMSKG.FAMB,S17,SD,Z30,POST,FAMSKG,FAMB,s,"SD BEST im Set FAMSKG, Sprint 30 m",Plan 12.09.,,A,Tab. H4 Deskription (R5)
S17.SD.CM.PRE.FAMSIG.FAMB,S17,SD,CM,PRE,FAMSIG,FAMB,s,"SD BEST im Set FAMSIG, 505 Seitenmittel",Plan 12.09.,,A,Tab. H4 Deskription (R5)
S17.SD.CM.PRE.FAMSKG.FAMB,S17,SD,CM,PRE,FAMSKG,FAMB,s,"SD BEST im Set FAMSKG, 505 Seitenmittel",Plan 12.09.,,A,Tab. H4 Deskription (R5)
S17.SD.CM.POST.FAMSIG.FAMB,S17,SD,CM,POST,FAMSIG,FAMB,s,"SD BEST im Set FAMSIG, 505 Seitenmittel",Plan 12.09.,,A,Tab. H4 Deskription (R5)
S17.SD.CM.POST.FAMSKG.FAMB,S17,SD,CM,POST,FAMSKG,FAMB,s,"SD BEST im Set FAMSKG, 505 Seitenmittel",Plan 12.09.,,A,Tab. H4 Deskription (R5)
S17.SD.SBJ.PRE.FAMSIG.FAMB,S17,SD,SBJ,PRE,FAMSIG,FAMB,cm,"SD BEST im Set FAMSIG, Standweitsprung",Plan 12.09.,,A,Tab. H4 Deskription (R5)
S17.SD.SBJ.PRE.FAMSKG.FAMB,S17,SD,SBJ,PRE,FAMSKG,FAMB,cm,"SD BEST im Set FAMSKG, Standweitsprung",Plan 12.09.,,A,Tab. H4 Deskription (R5)
S17.SD.SBJ.POST.FAMSIG.FAMB,S17,SD,SBJ,POST,FAMSIG,FAMB,cm,"SD BEST im Set FAMSIG, Standweitsprung",Plan 12.09.,,A,Tab. H4 Deskription (R5)
S17.SD.SBJ.POST.FAMSKG.FAMB,S17,SD,SBJ,POST,FAMSKG,FAMB,cm,"SD BEST im Set FAMSKG, Standweitsprung",Plan 12.09.,,A,Tab. H4 Deskription (R5)
S17.B0.Z30.X.ITT.MW,S17,B0,Z30,X,ITT,MW,s,"Achsenabschnitt, Sensitivität ITT.MW, Sprint 30 m",Plan 12.09.,,X,übrige Koeffizienten der Varianten
S17.B1.Z30.X.ITT.MW,S17,B1,Z30,X,ITT,MW,s,"Gruppenkoeffizient b1 (IG − KG), Sensitivität ITT.MW, Sprint 30 m",Plan 12.09.,,A,Tab. H4
S17.B2.Z30.X.ITT.MW,S17,B2,Z30,X,ITT,MW,s je s,"Koeffizient Prä, Sensitivität ITT.MW, Sprint 30 m",Plan 12.09.,,X,übrige Koeffizienten der Varianten
S17.B3.Z30.X.ITT.MW,S17,B3,Z30,X,ITT,MW,s je %,"Koeffizient %PAH, Sensitivität ITT.MW, Sprint 30 m",Plan 12.09.,,X,übrige Koeffizienten der Varianten
S17.SEB0.Z30.X.ITT.MW,S17,SEB0,Z30,X,ITT,MW,s,"SE b0, Sensitivität ITT.MW, Sprint 30 m",Plan 12.09.,,X,übrige Koeffizienten der Varianten
S17.SEB1.Z30.X.ITT.MW,S17,SEB1,Z30,X,ITT,MW,s,"SE b1, Sensitivität ITT.MW, Sprint 30 m",Plan 12.09.,,A,Tab. H4
S17.SEB2.Z30.X.ITT.MW,S17,SEB2,Z30,X,ITT,MW,s je s,"SE b2, Sensitivität ITT.MW, Sprint 30 m",Plan 12.09.,,X,übrige Koeffizienten der Varianten
S17.SEB3.Z30.X.ITT.MW,S17,SEB3,Z30,X,ITT,MW,s je %,"SE b3, Sensitivität ITT.MW, Sprint 30 m",Plan 12.09.,,X,übrige Koeffizienten der Varianten
S17.SIGMA.Z30.X.ITT.MW,S17,SIGMA,Z30,X,ITT,MW,s,"Residuen-SD, Sensitivität ITT.MW, Sprint 30 m",Plan 12.09.,,X,übrige Koeffizienten der Varianten
S17.DF.Z30.X.ITT.MW,S17,DF,Z30,X,ITT,MW,1,"Residualfreiheitsgrade, Sensitivität ITT.MW, Sprint 30 m",Plan 12.09.,,A,Tab. H4
S17.R2.Z30.X.ITT.MW,S17,R2,Z30,X,ITT,MW,1,"R² des Modells, Sensitivität ITT.MW, Sprint 30 m",Plan 12.09.,,X,übrige Koeffizienten der Varianten
S17.T.Z30.X.ITT.MW,S17,T,Z30,X,ITT,MW,1,"t von b1, Sensitivität ITT.MW, Sprint 30 m",Plan 12.09.,,A,Tab. H4
S17.P.Z30.X.ITT.MW,S17,P,Z30,X,ITT,MW,1,"p von b1, zweiseitig, Sensitivität ITT.MW, Sprint 30 m",Plan 12.09.,,A,Tab. H4
S17.KIU.Z30.X.ITT.MW,S17,KIU,Z30,X,ITT,MW,s,"untere KI-Grenze b1, Sensitivität ITT.MW, Sprint 30 m",Plan 12.09.,,A,Tab. H4
S17.KIO.Z30.X.ITT.MW,S17,KIO,Z30,X,ITT,MW,s,"obere KI-Grenze b1, Sensitivität ITT.MW, Sprint 30 m",Plan 12.09.,,A,Tab. H4
S17.NIG.Z30.X.ITT.MW,S17,NIG,Z30,X,ITT,MW,1,"n IG, Sensitivität ITT.MW, Sprint 30 m",Plan 12.09.,,A,Tab. H4
S17.NKG.Z30.X.ITT.MW,S17,NKG,Z30,X,ITT,MW,1,"n KG, Sensitivität ITT.MW, Sprint 30 m",Plan 12.09.,,A,Tab. H4
S17.B0.CM.X.ITT.MW,S17,B0,CM,X,ITT,MW,s,"Achsenabschnitt, Sensitivität ITT.MW, 505 Seitenmittel",Plan 12.09.,,X,übrige Koeffizienten der Varianten
S17.B1.CM.X.ITT.MW,S17,B1,CM,X,ITT,MW,s,"Gruppenkoeffizient b1 (IG − KG), Sensitivität ITT.MW, 505 Seitenmittel",Plan 12.09.,,A,Tab. H4
S17.B2.CM.X.ITT.MW,S17,B2,CM,X,ITT,MW,s je s,"Koeffizient Prä, Sensitivität ITT.MW, 505 Seitenmittel",Plan 12.09.,,X,übrige Koeffizienten der Varianten
S17.B3.CM.X.ITT.MW,S17,B3,CM,X,ITT,MW,s je %,"Koeffizient %PAH, Sensitivität ITT.MW, 505 Seitenmittel",Plan 12.09.,,X,übrige Koeffizienten der Varianten
S17.SEB0.CM.X.ITT.MW,S17,SEB0,CM,X,ITT,MW,s,"SE b0, Sensitivität ITT.MW, 505 Seitenmittel",Plan 12.09.,,X,übrige Koeffizienten der Varianten
S17.SEB1.CM.X.ITT.MW,S17,SEB1,CM,X,ITT,MW,s,"SE b1, Sensitivität ITT.MW, 505 Seitenmittel",Plan 12.09.,,A,Tab. H4
S17.SEB2.CM.X.ITT.MW,S17,SEB2,CM,X,ITT,MW,s je s,"SE b2, Sensitivität ITT.MW, 505 Seitenmittel",Plan 12.09.,,X,übrige Koeffizienten der Varianten
S17.SEB3.CM.X.ITT.MW,S17,SEB3,CM,X,ITT,MW,s je %,"SE b3, Sensitivität ITT.MW, 505 Seitenmittel",Plan 12.09.,,X,übrige Koeffizienten der Varianten
S17.SIGMA.CM.X.ITT.MW,S17,SIGMA,CM,X,ITT,MW,s,"Residuen-SD, Sensitivität ITT.MW, 505 Seitenmittel",Plan 12.09.,,X,übrige Koeffizienten der Varianten
S17.DF.CM.X.ITT.MW,S17,DF,CM,X,ITT,MW,1,"Residualfreiheitsgrade, Sensitivität ITT.MW, 505 Seitenmittel",Plan 12.09.,,A,Tab. H4
S17.R2.CM.X.ITT.MW,S17,R2,CM,X,ITT,MW,1,"R² des Modells, Sensitivität ITT.MW, 505 Seitenmittel",Plan 12.09.,,X,übrige Koeffizienten der Varianten
S17.T.CM.X.ITT.MW,S17,T,CM,X,ITT,MW,1,"t von b1, Sensitivität ITT.MW, 505 Seitenmittel",Plan 12.09.,,A,Tab. H4
S17.P.CM.X.ITT.MW,S17,P,CM,X,ITT,MW,1,"p von b1, zweiseitig, Sensitivität ITT.MW, 505 Seitenmittel",Plan 12.09.,,A,Tab. H4
S17.KIU.CM.X.ITT.MW,S17,KIU,CM,X,ITT,MW,s,"untere KI-Grenze b1, Sensitivität ITT.MW, 505 Seitenmittel",Plan 12.09.,,A,Tab. H4
S17.KIO.CM.X.ITT.MW,S17,KIO,CM,X,ITT,MW,s,"obere KI-Grenze b1, Sensitivität ITT.MW, 505 Seitenmittel",Plan 12.09.,,A,Tab. H4
S17.NIG.CM.X.ITT.MW,S17,NIG,CM,X,ITT,MW,1,"n IG, Sensitivität ITT.MW, 505 Seitenmittel",Plan 12.09.,,A,Tab. H4
S17.NKG.CM.X.ITT.MW,S17,NKG,CM,X,ITT,MW,1,"n KG, Sensitivität ITT.MW, 505 Seitenmittel",Plan 12.09.,,A,Tab. H4
S17.B0.SBJ.X.ITT.MW,S17,B0,SBJ,X,ITT,MW,cm,"Achsenabschnitt, Sensitivität ITT.MW, Standweitsprung",Plan 12.09.,,X,übrige Koeffizienten der Varianten
S17.B1.SBJ.X.ITT.MW,S17,B1,SBJ,X,ITT,MW,cm,"Gruppenkoeffizient b1 (IG − KG), Sensitivität ITT.MW, Standweitsprung",Plan 12.09.,,A,Tab. H4
S17.B2.SBJ.X.ITT.MW,S17,B2,SBJ,X,ITT,MW,cm je cm,"Koeffizient Prä, Sensitivität ITT.MW, Standweitsprung",Plan 12.09.,,X,übrige Koeffizienten der Varianten
S17.B3.SBJ.X.ITT.MW,S17,B3,SBJ,X,ITT,MW,cm je %,"Koeffizient %PAH, Sensitivität ITT.MW, Standweitsprung",Plan 12.09.,,X,übrige Koeffizienten der Varianten
S17.SEB0.SBJ.X.ITT.MW,S17,SEB0,SBJ,X,ITT,MW,cm,"SE b0, Sensitivität ITT.MW, Standweitsprung",Plan 12.09.,,X,übrige Koeffizienten der Varianten
S17.SEB1.SBJ.X.ITT.MW,S17,SEB1,SBJ,X,ITT,MW,cm,"SE b1, Sensitivität ITT.MW, Standweitsprung",Plan 12.09.,,A,Tab. H4
S17.SEB2.SBJ.X.ITT.MW,S17,SEB2,SBJ,X,ITT,MW,cm je cm,"SE b2, Sensitivität ITT.MW, Standweitsprung",Plan 12.09.,,X,übrige Koeffizienten der Varianten
S17.SEB3.SBJ.X.ITT.MW,S17,SEB3,SBJ,X,ITT,MW,cm je %,"SE b3, Sensitivität ITT.MW, Standweitsprung",Plan 12.09.,,X,übrige Koeffizienten der Varianten
S17.SIGMA.SBJ.X.ITT.MW,S17,SIGMA,SBJ,X,ITT,MW,cm,"Residuen-SD, Sensitivität ITT.MW, Standweitsprung",Plan 12.09.,,X,übrige Koeffizienten der Varianten
S17.DF.SBJ.X.ITT.MW,S17,DF,SBJ,X,ITT,MW,1,"Residualfreiheitsgrade, Sensitivität ITT.MW, Standweitsprung",Plan 12.09.,,A,Tab. H4
S17.R2.SBJ.X.ITT.MW,S17,R2,SBJ,X,ITT,MW,1,"R² des Modells, Sensitivität ITT.MW, Standweitsprung",Plan 12.09.,,X,übrige Koeffizienten der Varianten
S17.T.SBJ.X.ITT.MW,S17,T,SBJ,X,ITT,MW,1,"t von b1, Sensitivität ITT.MW, Standweitsprung",Plan 12.09.,,A,Tab. H4
S17.P.SBJ.X.ITT.MW,S17,P,SBJ,X,ITT,MW,1,"p von b1, zweiseitig, Sensitivität ITT.MW, Standweitsprung",Plan 12.09.,,A,Tab. H4
S17.KIU.SBJ.X.ITT.MW,S17,KIU,SBJ,X,ITT,MW,cm,"untere KI-Grenze b1, Sensitivität ITT.MW, Standweitsprung",Plan 12.09.,,A,Tab. H4
S17.KIO.SBJ.X.ITT.MW,S17,KIO,SBJ,X,ITT,MW,cm,"obere KI-Grenze b1, Sensitivität ITT.MW, Standweitsprung",Plan 12.09.,,A,Tab. H4
S17.NIG.SBJ.X.ITT.MW,S17,NIG,SBJ,X,ITT,MW,1,"n IG, Sensitivität ITT.MW, Standweitsprung",Plan 12.09.,,A,Tab. H4
S17.NKG.SBJ.X.ITT.MW,S17,NKG,SBJ,X,ITT,MW,1,"n KG, Sensitivität ITT.MW, Standweitsprung",Plan 12.09.,,A,Tab. H4
S17.B0.Z30.X.PP5.HAUPT,S17,B0,Z30,X,PP5,HAUPT,s,"Achsenabschnitt, Sensitivität PP5.HAUPT, Sprint 30 m",Plan 12.09.,,X,übrige Koeffizienten der Varianten
S17.B1.Z30.X.PP5.HAUPT,S17,B1,Z30,X,PP5,HAUPT,s,"Gruppenkoeffizient b1 (IG − KG), Sensitivität PP5.HAUPT, Sprint 30 m",Plan 12.09.,,A,Tab. H4
S17.B2.Z30.X.PP5.HAUPT,S17,B2,Z30,X,PP5,HAUPT,s je s,"Koeffizient Prä, Sensitivität PP5.HAUPT, Sprint 30 m",Plan 12.09.,,X,übrige Koeffizienten der Varianten
S17.B3.Z30.X.PP5.HAUPT,S17,B3,Z30,X,PP5,HAUPT,s je %,"Koeffizient %PAH, Sensitivität PP5.HAUPT, Sprint 30 m",Plan 12.09.,,X,übrige Koeffizienten der Varianten
S17.SEB0.Z30.X.PP5.HAUPT,S17,SEB0,Z30,X,PP5,HAUPT,s,"SE b0, Sensitivität PP5.HAUPT, Sprint 30 m",Plan 12.09.,,X,übrige Koeffizienten der Varianten
S17.SEB1.Z30.X.PP5.HAUPT,S17,SEB1,Z30,X,PP5,HAUPT,s,"SE b1, Sensitivität PP5.HAUPT, Sprint 30 m",Plan 12.09.,,A,Tab. H4
S17.SEB2.Z30.X.PP5.HAUPT,S17,SEB2,Z30,X,PP5,HAUPT,s je s,"SE b2, Sensitivität PP5.HAUPT, Sprint 30 m",Plan 12.09.,,X,übrige Koeffizienten der Varianten
S17.SEB3.Z30.X.PP5.HAUPT,S17,SEB3,Z30,X,PP5,HAUPT,s je %,"SE b3, Sensitivität PP5.HAUPT, Sprint 30 m",Plan 12.09.,,X,übrige Koeffizienten der Varianten
S17.SIGMA.Z30.X.PP5.HAUPT,S17,SIGMA,Z30,X,PP5,HAUPT,s,"Residuen-SD, Sensitivität PP5.HAUPT, Sprint 30 m",Plan 12.09.,,X,übrige Koeffizienten der Varianten
S17.DF.Z30.X.PP5.HAUPT,S17,DF,Z30,X,PP5,HAUPT,1,"Residualfreiheitsgrade, Sensitivität PP5.HAUPT, Sprint 30 m",Plan 12.09.,,A,Tab. H4
S17.R2.Z30.X.PP5.HAUPT,S17,R2,Z30,X,PP5,HAUPT,1,"R² des Modells, Sensitivität PP5.HAUPT, Sprint 30 m",Plan 12.09.,,X,übrige Koeffizienten der Varianten
S17.T.Z30.X.PP5.HAUPT,S17,T,Z30,X,PP5,HAUPT,1,"t von b1, Sensitivität PP5.HAUPT, Sprint 30 m",Plan 12.09.,,A,Tab. H4
S17.P.Z30.X.PP5.HAUPT,S17,P,Z30,X,PP5,HAUPT,1,"p von b1, zweiseitig, Sensitivität PP5.HAUPT, Sprint 30 m",Plan 12.09.,,A,Tab. H4
S17.KIU.Z30.X.PP5.HAUPT,S17,KIU,Z30,X,PP5,HAUPT,s,"untere KI-Grenze b1, Sensitivität PP5.HAUPT, Sprint 30 m",Plan 12.09.,,A,Tab. H4
S17.KIO.Z30.X.PP5.HAUPT,S17,KIO,Z30,X,PP5,HAUPT,s,"obere KI-Grenze b1, Sensitivität PP5.HAUPT, Sprint 30 m",Plan 12.09.,,A,Tab. H4
S17.NIG.Z30.X.PP5.HAUPT,S17,NIG,Z30,X,PP5,HAUPT,1,"n IG, Sensitivität PP5.HAUPT, Sprint 30 m",Plan 12.09.,,A,Tab. H4
S17.NKG.Z30.X.PP5.HAUPT,S17,NKG,Z30,X,PP5,HAUPT,1,"n KG, Sensitivität PP5.HAUPT, Sprint 30 m",Plan 12.09.,,A,Tab. H4
S17.B0.CM.X.PP5.HAUPT,S17,B0,CM,X,PP5,HAUPT,s,"Achsenabschnitt, Sensitivität PP5.HAUPT, 505 Seitenmittel",Plan 12.09.,,X,übrige Koeffizienten der Varianten
S17.B1.CM.X.PP5.HAUPT,S17,B1,CM,X,PP5,HAUPT,s,"Gruppenkoeffizient b1 (IG − KG), Sensitivität PP5.HAUPT, 505 Seitenmittel",Plan 12.09.,,A,Tab. H4
S17.B2.CM.X.PP5.HAUPT,S17,B2,CM,X,PP5,HAUPT,s je s,"Koeffizient Prä, Sensitivität PP5.HAUPT, 505 Seitenmittel",Plan 12.09.,,X,übrige Koeffizienten der Varianten
S17.B3.CM.X.PP5.HAUPT,S17,B3,CM,X,PP5,HAUPT,s je %,"Koeffizient %PAH, Sensitivität PP5.HAUPT, 505 Seitenmittel",Plan 12.09.,,X,übrige Koeffizienten der Varianten
S17.SEB0.CM.X.PP5.HAUPT,S17,SEB0,CM,X,PP5,HAUPT,s,"SE b0, Sensitivität PP5.HAUPT, 505 Seitenmittel",Plan 12.09.,,X,übrige Koeffizienten der Varianten
S17.SEB1.CM.X.PP5.HAUPT,S17,SEB1,CM,X,PP5,HAUPT,s,"SE b1, Sensitivität PP5.HAUPT, 505 Seitenmittel",Plan 12.09.,,A,Tab. H4
S17.SEB2.CM.X.PP5.HAUPT,S17,SEB2,CM,X,PP5,HAUPT,s je s,"SE b2, Sensitivität PP5.HAUPT, 505 Seitenmittel",Plan 12.09.,,X,übrige Koeffizienten der Varianten
S17.SEB3.CM.X.PP5.HAUPT,S17,SEB3,CM,X,PP5,HAUPT,s je %,"SE b3, Sensitivität PP5.HAUPT, 505 Seitenmittel",Plan 12.09.,,X,übrige Koeffizienten der Varianten
S17.SIGMA.CM.X.PP5.HAUPT,S17,SIGMA,CM,X,PP5,HAUPT,s,"Residuen-SD, Sensitivität PP5.HAUPT, 505 Seitenmittel",Plan 12.09.,,X,übrige Koeffizienten der Varianten
S17.DF.CM.X.PP5.HAUPT,S17,DF,CM,X,PP5,HAUPT,1,"Residualfreiheitsgrade, Sensitivität PP5.HAUPT, 505 Seitenmittel",Plan 12.09.,,A,Tab. H4
S17.R2.CM.X.PP5.HAUPT,S17,R2,CM,X,PP5,HAUPT,1,"R² des Modells, Sensitivität PP5.HAUPT, 505 Seitenmittel",Plan 12.09.,,X,übrige Koeffizienten der Varianten
S17.T.CM.X.PP5.HAUPT,S17,T,CM,X,PP5,HAUPT,1,"t von b1, Sensitivität PP5.HAUPT, 505 Seitenmittel",Plan 12.09.,,A,Tab. H4
S17.P.CM.X.PP5.HAUPT,S17,P,CM,X,PP5,HAUPT,1,"p von b1, zweiseitig, Sensitivität PP5.HAUPT, 505 Seitenmittel",Plan 12.09.,,A,Tab. H4
S17.KIU.CM.X.PP5.HAUPT,S17,KIU,CM,X,PP5,HAUPT,s,"untere KI-Grenze b1, Sensitivität PP5.HAUPT, 505 Seitenmittel",Plan 12.09.,,A,Tab. H4
S17.KIO.CM.X.PP5.HAUPT,S17,KIO,CM,X,PP5,HAUPT,s,"obere KI-Grenze b1, Sensitivität PP5.HAUPT, 505 Seitenmittel",Plan 12.09.,,A,Tab. H4
S17.NIG.CM.X.PP5.HAUPT,S17,NIG,CM,X,PP5,HAUPT,1,"n IG, Sensitivität PP5.HAUPT, 505 Seitenmittel",Plan 12.09.,,A,Tab. H4
S17.NKG.CM.X.PP5.HAUPT,S17,NKG,CM,X,PP5,HAUPT,1,"n KG, Sensitivität PP5.HAUPT, 505 Seitenmittel",Plan 12.09.,,A,Tab. H4
S17.B0.SBJ.X.PP5.HAUPT,S17,B0,SBJ,X,PP5,HAUPT,cm,"Achsenabschnitt, Sensitivität PP5.HAUPT, Standweitsprung",Plan 12.09.,,X,übrige Koeffizienten der Varianten
S17.B1.SBJ.X.PP5.HAUPT,S17,B1,SBJ,X,PP5,HAUPT,cm,"Gruppenkoeffizient b1 (IG − KG), Sensitivität PP5.HAUPT, Standweitsprung",Plan 12.09.,,A,Tab. H4
S17.B2.SBJ.X.PP5.HAUPT,S17,B2,SBJ,X,PP5,HAUPT,cm je cm,"Koeffizient Prä, Sensitivität PP5.HAUPT, Standweitsprung",Plan 12.09.,,X,übrige Koeffizienten der Varianten
S17.B3.SBJ.X.PP5.HAUPT,S17,B3,SBJ,X,PP5,HAUPT,cm je %,"Koeffizient %PAH, Sensitivität PP5.HAUPT, Standweitsprung",Plan 12.09.,,X,übrige Koeffizienten der Varianten
S17.SEB0.SBJ.X.PP5.HAUPT,S17,SEB0,SBJ,X,PP5,HAUPT,cm,"SE b0, Sensitivität PP5.HAUPT, Standweitsprung",Plan 12.09.,,X,übrige Koeffizienten der Varianten
S17.SEB1.SBJ.X.PP5.HAUPT,S17,SEB1,SBJ,X,PP5,HAUPT,cm,"SE b1, Sensitivität PP5.HAUPT, Standweitsprung",Plan 12.09.,,A,Tab. H4
S17.SEB2.SBJ.X.PP5.HAUPT,S17,SEB2,SBJ,X,PP5,HAUPT,cm je cm,"SE b2, Sensitivität PP5.HAUPT, Standweitsprung",Plan 12.09.,,X,übrige Koeffizienten der Varianten
S17.SEB3.SBJ.X.PP5.HAUPT,S17,SEB3,SBJ,X,PP5,HAUPT,cm je %,"SE b3, Sensitivität PP5.HAUPT, Standweitsprung",Plan 12.09.,,X,übrige Koeffizienten der Varianten
S17.SIGMA.SBJ.X.PP5.HAUPT,S17,SIGMA,SBJ,X,PP5,HAUPT,cm,"Residuen-SD, Sensitivität PP5.HAUPT, Standweitsprung",Plan 12.09.,,X,übrige Koeffizienten der Varianten
S17.DF.SBJ.X.PP5.HAUPT,S17,DF,SBJ,X,PP5,HAUPT,1,"Residualfreiheitsgrade, Sensitivität PP5.HAUPT, Standweitsprung",Plan 12.09.,,A,Tab. H4
S17.R2.SBJ.X.PP5.HAUPT,S17,R2,SBJ,X,PP5,HAUPT,1,"R² des Modells, Sensitivität PP5.HAUPT, Standweitsprung",Plan 12.09.,,X,übrige Koeffizienten der Varianten
S17.T.SBJ.X.PP5.HAUPT,S17,T,SBJ,X,PP5,HAUPT,1,"t von b1, Sensitivität PP5.HAUPT, Standweitsprung",Plan 12.09.,,A,Tab. H4
S17.P.SBJ.X.PP5.HAUPT,S17,P,SBJ,X,PP5,HAUPT,1,"p von b1, zweiseitig, Sensitivität PP5.HAUPT, Standweitsprung",Plan 12.09.,,A,Tab. H4
S17.KIU.SBJ.X.PP5.HAUPT,S17,KIU,SBJ,X,PP5,HAUPT,cm,"untere KI-Grenze b1, Sensitivität PP5.HAUPT, Standweitsprung",Plan 12.09.,,A,Tab. H4
S17.KIO.SBJ.X.PP5.HAUPT,S17,KIO,SBJ,X,PP5,HAUPT,cm,"obere KI-Grenze b1, Sensitivität PP5.HAUPT, Standweitsprung",Plan 12.09.,,A,Tab. H4
S17.NIG.SBJ.X.PP5.HAUPT,S17,NIG,SBJ,X,PP5,HAUPT,1,"n IG, Sensitivität PP5.HAUPT, Standweitsprung",Plan 12.09.,,A,Tab. H4
S17.NKG.SBJ.X.PP5.HAUPT,S17,NKG,SBJ,X,PP5,HAUPT,1,"n KG, Sensitivität PP5.HAUPT, Standweitsprung",Plan 12.09.,,A,Tab. H4
S17.B0.Z30.X.PP7.HAUPT,S17,B0,Z30,X,PP7,HAUPT,s,"Achsenabschnitt, Sensitivität PP7.HAUPT, Sprint 30 m",Plan 12.09.,,X,übrige Koeffizienten der Varianten
S17.B1.Z30.X.PP7.HAUPT,S17,B1,Z30,X,PP7,HAUPT,s,"Gruppenkoeffizient b1 (IG − KG), Sensitivität PP7.HAUPT, Sprint 30 m",Plan 12.09.,,A,Tab. H4
S17.B2.Z30.X.PP7.HAUPT,S17,B2,Z30,X,PP7,HAUPT,s je s,"Koeffizient Prä, Sensitivität PP7.HAUPT, Sprint 30 m",Plan 12.09.,,X,übrige Koeffizienten der Varianten
S17.B3.Z30.X.PP7.HAUPT,S17,B3,Z30,X,PP7,HAUPT,s je %,"Koeffizient %PAH, Sensitivität PP7.HAUPT, Sprint 30 m",Plan 12.09.,,X,übrige Koeffizienten der Varianten
S17.SEB0.Z30.X.PP7.HAUPT,S17,SEB0,Z30,X,PP7,HAUPT,s,"SE b0, Sensitivität PP7.HAUPT, Sprint 30 m",Plan 12.09.,,X,übrige Koeffizienten der Varianten
S17.SEB1.Z30.X.PP7.HAUPT,S17,SEB1,Z30,X,PP7,HAUPT,s,"SE b1, Sensitivität PP7.HAUPT, Sprint 30 m",Plan 12.09.,,A,Tab. H4
S17.SEB2.Z30.X.PP7.HAUPT,S17,SEB2,Z30,X,PP7,HAUPT,s je s,"SE b2, Sensitivität PP7.HAUPT, Sprint 30 m",Plan 12.09.,,X,übrige Koeffizienten der Varianten
S17.SEB3.Z30.X.PP7.HAUPT,S17,SEB3,Z30,X,PP7,HAUPT,s je %,"SE b3, Sensitivität PP7.HAUPT, Sprint 30 m",Plan 12.09.,,X,übrige Koeffizienten der Varianten
S17.SIGMA.Z30.X.PP7.HAUPT,S17,SIGMA,Z30,X,PP7,HAUPT,s,"Residuen-SD, Sensitivität PP7.HAUPT, Sprint 30 m",Plan 12.09.,,X,übrige Koeffizienten der Varianten
S17.DF.Z30.X.PP7.HAUPT,S17,DF,Z30,X,PP7,HAUPT,1,"Residualfreiheitsgrade, Sensitivität PP7.HAUPT, Sprint 30 m",Plan 12.09.,,A,Tab. H4
S17.R2.Z30.X.PP7.HAUPT,S17,R2,Z30,X,PP7,HAUPT,1,"R² des Modells, Sensitivität PP7.HAUPT, Sprint 30 m",Plan 12.09.,,X,übrige Koeffizienten der Varianten
S17.T.Z30.X.PP7.HAUPT,S17,T,Z30,X,PP7,HAUPT,1,"t von b1, Sensitivität PP7.HAUPT, Sprint 30 m",Plan 12.09.,,A,Tab. H4
S17.P.Z30.X.PP7.HAUPT,S17,P,Z30,X,PP7,HAUPT,1,"p von b1, zweiseitig, Sensitivität PP7.HAUPT, Sprint 30 m",Plan 12.09.,,A,Tab. H4
S17.KIU.Z30.X.PP7.HAUPT,S17,KIU,Z30,X,PP7,HAUPT,s,"untere KI-Grenze b1, Sensitivität PP7.HAUPT, Sprint 30 m",Plan 12.09.,,A,Tab. H4
S17.KIO.Z30.X.PP7.HAUPT,S17,KIO,Z30,X,PP7,HAUPT,s,"obere KI-Grenze b1, Sensitivität PP7.HAUPT, Sprint 30 m",Plan 12.09.,,A,Tab. H4
S17.NIG.Z30.X.PP7.HAUPT,S17,NIG,Z30,X,PP7,HAUPT,1,"n IG, Sensitivität PP7.HAUPT, Sprint 30 m",Plan 12.09.,,A,Tab. H4
S17.NKG.Z30.X.PP7.HAUPT,S17,NKG,Z30,X,PP7,HAUPT,1,"n KG, Sensitivität PP7.HAUPT, Sprint 30 m",Plan 12.09.,,A,Tab. H4
S17.B0.CM.X.PP7.HAUPT,S17,B0,CM,X,PP7,HAUPT,s,"Achsenabschnitt, Sensitivität PP7.HAUPT, 505 Seitenmittel",Plan 12.09.,,X,übrige Koeffizienten der Varianten
S17.B1.CM.X.PP7.HAUPT,S17,B1,CM,X,PP7,HAUPT,s,"Gruppenkoeffizient b1 (IG − KG), Sensitivität PP7.HAUPT, 505 Seitenmittel",Plan 12.09.,,A,Tab. H4
S17.B2.CM.X.PP7.HAUPT,S17,B2,CM,X,PP7,HAUPT,s je s,"Koeffizient Prä, Sensitivität PP7.HAUPT, 505 Seitenmittel",Plan 12.09.,,X,übrige Koeffizienten der Varianten
S17.B3.CM.X.PP7.HAUPT,S17,B3,CM,X,PP7,HAUPT,s je %,"Koeffizient %PAH, Sensitivität PP7.HAUPT, 505 Seitenmittel",Plan 12.09.,,X,übrige Koeffizienten der Varianten
S17.SEB0.CM.X.PP7.HAUPT,S17,SEB0,CM,X,PP7,HAUPT,s,"SE b0, Sensitivität PP7.HAUPT, 505 Seitenmittel",Plan 12.09.,,X,übrige Koeffizienten der Varianten
S17.SEB1.CM.X.PP7.HAUPT,S17,SEB1,CM,X,PP7,HAUPT,s,"SE b1, Sensitivität PP7.HAUPT, 505 Seitenmittel",Plan 12.09.,,A,Tab. H4
S17.SEB2.CM.X.PP7.HAUPT,S17,SEB2,CM,X,PP7,HAUPT,s je s,"SE b2, Sensitivität PP7.HAUPT, 505 Seitenmittel",Plan 12.09.,,X,übrige Koeffizienten der Varianten
S17.SEB3.CM.X.PP7.HAUPT,S17,SEB3,CM,X,PP7,HAUPT,s je %,"SE b3, Sensitivität PP7.HAUPT, 505 Seitenmittel",Plan 12.09.,,X,übrige Koeffizienten der Varianten
S17.SIGMA.CM.X.PP7.HAUPT,S17,SIGMA,CM,X,PP7,HAUPT,s,"Residuen-SD, Sensitivität PP7.HAUPT, 505 Seitenmittel",Plan 12.09.,,X,übrige Koeffizienten der Varianten
S17.DF.CM.X.PP7.HAUPT,S17,DF,CM,X,PP7,HAUPT,1,"Residualfreiheitsgrade, Sensitivität PP7.HAUPT, 505 Seitenmittel",Plan 12.09.,,A,Tab. H4
S17.R2.CM.X.PP7.HAUPT,S17,R2,CM,X,PP7,HAUPT,1,"R² des Modells, Sensitivität PP7.HAUPT, 505 Seitenmittel",Plan 12.09.,,X,übrige Koeffizienten der Varianten
S17.T.CM.X.PP7.HAUPT,S17,T,CM,X,PP7,HAUPT,1,"t von b1, Sensitivität PP7.HAUPT, 505 Seitenmittel",Plan 12.09.,,A,Tab. H4
S17.P.CM.X.PP7.HAUPT,S17,P,CM,X,PP7,HAUPT,1,"p von b1, zweiseitig, Sensitivität PP7.HAUPT, 505 Seitenmittel",Plan 12.09.,,A,Tab. H4
S17.KIU.CM.X.PP7.HAUPT,S17,KIU,CM,X,PP7,HAUPT,s,"untere KI-Grenze b1, Sensitivität PP7.HAUPT, 505 Seitenmittel",Plan 12.09.,,A,Tab. H4
S17.KIO.CM.X.PP7.HAUPT,S17,KIO,CM,X,PP7,HAUPT,s,"obere KI-Grenze b1, Sensitivität PP7.HAUPT, 505 Seitenmittel",Plan 12.09.,,A,Tab. H4
S17.NIG.CM.X.PP7.HAUPT,S17,NIG,CM,X,PP7,HAUPT,1,"n IG, Sensitivität PP7.HAUPT, 505 Seitenmittel",Plan 12.09.,,A,Tab. H4
S17.NKG.CM.X.PP7.HAUPT,S17,NKG,CM,X,PP7,HAUPT,1,"n KG, Sensitivität PP7.HAUPT, 505 Seitenmittel",Plan 12.09.,,A,Tab. H4
S17.B0.SBJ.X.PP7.HAUPT,S17,B0,SBJ,X,PP7,HAUPT,cm,"Achsenabschnitt, Sensitivität PP7.HAUPT, Standweitsprung",Plan 12.09.,,X,übrige Koeffizienten der Varianten
S17.B1.SBJ.X.PP7.HAUPT,S17,B1,SBJ,X,PP7,HAUPT,cm,"Gruppenkoeffizient b1 (IG − KG), Sensitivität PP7.HAUPT, Standweitsprung",Plan 12.09.,,A,Tab. H4
S17.B2.SBJ.X.PP7.HAUPT,S17,B2,SBJ,X,PP7,HAUPT,cm je cm,"Koeffizient Prä, Sensitivität PP7.HAUPT, Standweitsprung",Plan 12.09.,,X,übrige Koeffizienten der Varianten
S17.B3.SBJ.X.PP7.HAUPT,S17,B3,SBJ,X,PP7,HAUPT,cm je %,"Koeffizient %PAH, Sensitivität PP7.HAUPT, Standweitsprung",Plan 12.09.,,X,übrige Koeffizienten der Varianten
S17.SEB0.SBJ.X.PP7.HAUPT,S17,SEB0,SBJ,X,PP7,HAUPT,cm,"SE b0, Sensitivität PP7.HAUPT, Standweitsprung",Plan 12.09.,,X,übrige Koeffizienten der Varianten
S17.SEB1.SBJ.X.PP7.HAUPT,S17,SEB1,SBJ,X,PP7,HAUPT,cm,"SE b1, Sensitivität PP7.HAUPT, Standweitsprung",Plan 12.09.,,A,Tab. H4
S17.SEB2.SBJ.X.PP7.HAUPT,S17,SEB2,SBJ,X,PP7,HAUPT,cm je cm,"SE b2, Sensitivität PP7.HAUPT, Standweitsprung",Plan 12.09.,,X,übrige Koeffizienten der Varianten
S17.SEB3.SBJ.X.PP7.HAUPT,S17,SEB3,SBJ,X,PP7,HAUPT,cm je %,"SE b3, Sensitivität PP7.HAUPT, Standweitsprung",Plan 12.09.,,X,übrige Koeffizienten der Varianten
S17.SIGMA.SBJ.X.PP7.HAUPT,S17,SIGMA,SBJ,X,PP7,HAUPT,cm,"Residuen-SD, Sensitivität PP7.HAUPT, Standweitsprung",Plan 12.09.,,X,übrige Koeffizienten der Varianten
S17.DF.SBJ.X.PP7.HAUPT,S17,DF,SBJ,X,PP7,HAUPT,1,"Residualfreiheitsgrade, Sensitivität PP7.HAUPT, Standweitsprung",Plan 12.09.,,A,Tab. H4
S17.R2.SBJ.X.PP7.HAUPT,S17,R2,SBJ,X,PP7,HAUPT,1,"R² des Modells, Sensitivität PP7.HAUPT, Standweitsprung",Plan 12.09.,,X,übrige Koeffizienten der Varianten
S17.T.SBJ.X.PP7.HAUPT,S17,T,SBJ,X,PP7,HAUPT,1,"t von b1, Sensitivität PP7.HAUPT, Standweitsprung",Plan 12.09.,,A,Tab. H4
S17.P.SBJ.X.PP7.HAUPT,S17,P,SBJ,X,PP7,HAUPT,1,"p von b1, zweiseitig, Sensitivität PP7.HAUPT, Standweitsprung",Plan 12.09.,,A,Tab. H4
S17.KIU.SBJ.X.PP7.HAUPT,S17,KIU,SBJ,X,PP7,HAUPT,cm,"untere KI-Grenze b1, Sensitivität PP7.HAUPT, Standweitsprung",Plan 12.09.,,A,Tab. H4
S17.KIO.SBJ.X.PP7.HAUPT,S17,KIO,SBJ,X,PP7,HAUPT,cm,"obere KI-Grenze b1, Sensitivität PP7.HAUPT, Standweitsprung",Plan 12.09.,,A,Tab. H4
S17.NIG.SBJ.X.PP7.HAUPT,S17,NIG,SBJ,X,PP7,HAUPT,1,"n IG, Sensitivität PP7.HAUPT, Standweitsprung",Plan 12.09.,,A,Tab. H4
S17.NKG.SBJ.X.PP7.HAUPT,S17,NKG,SBJ,X,PP7,HAUPT,1,"n KG, Sensitivität PP7.HAUPT, Standweitsprung",Plan 12.09.,,A,Tab. H4
S17.B0.Z30.X.ITT.AEND,S17,B0,Z30,X,ITT,AEND,s,"Achsenabschnitt, Sensitivität ITT.AEND, Sprint 30 m",Plan 12.09.,,X,übrige Koeffizienten der Varianten
S17.B1.Z30.X.ITT.AEND,S17,B1,Z30,X,ITT,AEND,s,"Gruppenkoeffizient b1 (IG − KG), Sensitivität ITT.AEND, Sprint 30 m",Plan 12.09.,,A,Tab. H4
S17.B3.Z30.X.ITT.AEND,S17,B3,Z30,X,ITT,AEND,s je %,"Koeffizient %PAH, Sensitivität ITT.AEND, Sprint 30 m",Plan 12.09.,,X,übrige Koeffizienten der Varianten
S17.SEB0.Z30.X.ITT.AEND,S17,SEB0,Z30,X,ITT,AEND,s,"SE b0, Sensitivität ITT.AEND, Sprint 30 m",Plan 12.09.,,X,übrige Koeffizienten der Varianten
S17.SEB1.Z30.X.ITT.AEND,S17,SEB1,Z30,X,ITT,AEND,s,"SE b1, Sensitivität ITT.AEND, Sprint 30 m",Plan 12.09.,,A,Tab. H4
S17.SEB3.Z30.X.ITT.AEND,S17,SEB3,Z30,X,ITT,AEND,s je %,"SE b3, Sensitivität ITT.AEND, Sprint 30 m",Plan 12.09.,,X,übrige Koeffizienten der Varianten
S17.SIGMA.Z30.X.ITT.AEND,S17,SIGMA,Z30,X,ITT,AEND,s,"Residuen-SD, Sensitivität ITT.AEND, Sprint 30 m",Plan 12.09.,,X,übrige Koeffizienten der Varianten
S17.DF.Z30.X.ITT.AEND,S17,DF,Z30,X,ITT,AEND,1,"Residualfreiheitsgrade, Sensitivität ITT.AEND, Sprint 30 m",Plan 12.09.,,A,Tab. H4
S17.R2.Z30.X.ITT.AEND,S17,R2,Z30,X,ITT,AEND,1,"R² des Modells, Sensitivität ITT.AEND, Sprint 30 m",Plan 12.09.,,X,übrige Koeffizienten der Varianten
S17.T.Z30.X.ITT.AEND,S17,T,Z30,X,ITT,AEND,1,"t von b1, Sensitivität ITT.AEND, Sprint 30 m",Plan 12.09.,,A,Tab. H4
S17.P.Z30.X.ITT.AEND,S17,P,Z30,X,ITT,AEND,1,"p von b1, zweiseitig, Sensitivität ITT.AEND, Sprint 30 m",Plan 12.09.,,A,Tab. H4
S17.KIU.Z30.X.ITT.AEND,S17,KIU,Z30,X,ITT,AEND,s,"untere KI-Grenze b1, Sensitivität ITT.AEND, Sprint 30 m",Plan 12.09.,,A,Tab. H4
S17.KIO.Z30.X.ITT.AEND,S17,KIO,Z30,X,ITT,AEND,s,"obere KI-Grenze b1, Sensitivität ITT.AEND, Sprint 30 m",Plan 12.09.,,A,Tab. H4
S17.NIG.Z30.X.ITT.AEND,S17,NIG,Z30,X,ITT,AEND,1,"n IG, Sensitivität ITT.AEND, Sprint 30 m",Plan 12.09.,,A,Tab. H4
S17.NKG.Z30.X.ITT.AEND,S17,NKG,Z30,X,ITT,AEND,1,"n KG, Sensitivität ITT.AEND, Sprint 30 m",Plan 12.09.,,A,Tab. H4
S17.B0.CM.X.ITT.AEND,S17,B0,CM,X,ITT,AEND,s,"Achsenabschnitt, Sensitivität ITT.AEND, 505 Seitenmittel",Plan 12.09.,,X,übrige Koeffizienten der Varianten
S17.B1.CM.X.ITT.AEND,S17,B1,CM,X,ITT,AEND,s,"Gruppenkoeffizient b1 (IG − KG), Sensitivität ITT.AEND, 505 Seitenmittel",Plan 12.09.,,A,Tab. H4
S17.B3.CM.X.ITT.AEND,S17,B3,CM,X,ITT,AEND,s je %,"Koeffizient %PAH, Sensitivität ITT.AEND, 505 Seitenmittel",Plan 12.09.,,X,übrige Koeffizienten der Varianten
S17.SEB0.CM.X.ITT.AEND,S17,SEB0,CM,X,ITT,AEND,s,"SE b0, Sensitivität ITT.AEND, 505 Seitenmittel",Plan 12.09.,,X,übrige Koeffizienten der Varianten
S17.SEB1.CM.X.ITT.AEND,S17,SEB1,CM,X,ITT,AEND,s,"SE b1, Sensitivität ITT.AEND, 505 Seitenmittel",Plan 12.09.,,A,Tab. H4
S17.SEB3.CM.X.ITT.AEND,S17,SEB3,CM,X,ITT,AEND,s je %,"SE b3, Sensitivität ITT.AEND, 505 Seitenmittel",Plan 12.09.,,X,übrige Koeffizienten der Varianten
S17.SIGMA.CM.X.ITT.AEND,S17,SIGMA,CM,X,ITT,AEND,s,"Residuen-SD, Sensitivität ITT.AEND, 505 Seitenmittel",Plan 12.09.,,X,übrige Koeffizienten der Varianten
S17.DF.CM.X.ITT.AEND,S17,DF,CM,X,ITT,AEND,1,"Residualfreiheitsgrade, Sensitivität ITT.AEND, 505 Seitenmittel",Plan 12.09.,,A,Tab. H4
S17.R2.CM.X.ITT.AEND,S17,R2,CM,X,ITT,AEND,1,"R² des Modells, Sensitivität ITT.AEND, 505 Seitenmittel",Plan 12.09.,,X,übrige Koeffizienten der Varianten
S17.T.CM.X.ITT.AEND,S17,T,CM,X,ITT,AEND,1,"t von b1, Sensitivität ITT.AEND, 505 Seitenmittel",Plan 12.09.,,A,Tab. H4
S17.P.CM.X.ITT.AEND,S17,P,CM,X,ITT,AEND,1,"p von b1, zweiseitig, Sensitivität ITT.AEND, 505 Seitenmittel",Plan 12.09.,,A,Tab. H4
S17.KIU.CM.X.ITT.AEND,S17,KIU,CM,X,ITT,AEND,s,"untere KI-Grenze b1, Sensitivität ITT.AEND, 505 Seitenmittel",Plan 12.09.,,A,Tab. H4
S17.KIO.CM.X.ITT.AEND,S17,KIO,CM,X,ITT,AEND,s,"obere KI-Grenze b1, Sensitivität ITT.AEND, 505 Seitenmittel",Plan 12.09.,,A,Tab. H4
S17.NIG.CM.X.ITT.AEND,S17,NIG,CM,X,ITT,AEND,1,"n IG, Sensitivität ITT.AEND, 505 Seitenmittel",Plan 12.09.,,A,Tab. H4
S17.NKG.CM.X.ITT.AEND,S17,NKG,CM,X,ITT,AEND,1,"n KG, Sensitivität ITT.AEND, 505 Seitenmittel",Plan 12.09.,,A,Tab. H4
S17.B0.SBJ.X.ITT.AEND,S17,B0,SBJ,X,ITT,AEND,cm,"Achsenabschnitt, Sensitivität ITT.AEND, Standweitsprung",Plan 12.09.,,X,übrige Koeffizienten der Varianten
S17.B1.SBJ.X.ITT.AEND,S17,B1,SBJ,X,ITT,AEND,cm,"Gruppenkoeffizient b1 (IG − KG), Sensitivität ITT.AEND, Standweitsprung",Plan 12.09.,,A,Tab. H4
S17.B3.SBJ.X.ITT.AEND,S17,B3,SBJ,X,ITT,AEND,cm je %,"Koeffizient %PAH, Sensitivität ITT.AEND, Standweitsprung",Plan 12.09.,,X,übrige Koeffizienten der Varianten
S17.SEB0.SBJ.X.ITT.AEND,S17,SEB0,SBJ,X,ITT,AEND,cm,"SE b0, Sensitivität ITT.AEND, Standweitsprung",Plan 12.09.,,X,übrige Koeffizienten der Varianten
S17.SEB1.SBJ.X.ITT.AEND,S17,SEB1,SBJ,X,ITT,AEND,cm,"SE b1, Sensitivität ITT.AEND, Standweitsprung",Plan 12.09.,,A,Tab. H4
S17.SEB3.SBJ.X.ITT.AEND,S17,SEB3,SBJ,X,ITT,AEND,cm je %,"SE b3, Sensitivität ITT.AEND, Standweitsprung",Plan 12.09.,,X,übrige Koeffizienten der Varianten
S17.SIGMA.SBJ.X.ITT.AEND,S17,SIGMA,SBJ,X,ITT,AEND,cm,"Residuen-SD, Sensitivität ITT.AEND, Standweitsprung",Plan 12.09.,,X,übrige Koeffizienten der Varianten
S17.DF.SBJ.X.ITT.AEND,S17,DF,SBJ,X,ITT,AEND,1,"Residualfreiheitsgrade, Sensitivität ITT.AEND, Standweitsprung",Plan 12.09.,,A,Tab. H4
S17.R2.SBJ.X.ITT.AEND,S17,R2,SBJ,X,ITT,AEND,1,"R² des Modells, Sensitivität ITT.AEND, Standweitsprung",Plan 12.09.,,X,übrige Koeffizienten der Varianten
S17.T.SBJ.X.ITT.AEND,S17,T,SBJ,X,ITT,AEND,1,"t von b1, Sensitivität ITT.AEND, Standweitsprung",Plan 12.09.,,A,Tab. H4
S17.P.SBJ.X.ITT.AEND,S17,P,SBJ,X,ITT,AEND,1,"p von b1, zweiseitig, Sensitivität ITT.AEND, Standweitsprung",Plan 12.09.,,A,Tab. H4
S17.KIU.SBJ.X.ITT.AEND,S17,KIU,SBJ,X,ITT,AEND,cm,"untere KI-Grenze b1, Sensitivität ITT.AEND, Standweitsprung",Plan 12.09.,,A,Tab. H4
S17.KIO.SBJ.X.ITT.AEND,S17,KIO,SBJ,X,ITT,AEND,cm,"obere KI-Grenze b1, Sensitivität ITT.AEND, Standweitsprung",Plan 12.09.,,A,Tab. H4
S17.NIG.SBJ.X.ITT.AEND,S17,NIG,SBJ,X,ITT,AEND,1,"n IG, Sensitivität ITT.AEND, Standweitsprung",Plan 12.09.,,A,Tab. H4
S17.NKG.SBJ.X.ITT.AEND,S17,NKG,SBJ,X,ITT,AEND,1,"n KG, Sensitivität ITT.AEND, Standweitsprung",Plan 12.09.,,A,Tab. H4
S17.B0.Z30.X.ITT.OPAH,S17,B0,Z30,X,ITT,OPAH,s,"Achsenabschnitt, Sensitivität ITT.OPAH, Sprint 30 m","Plan 12.09., K22 nachträglich",,X,übrige Koeffizienten der Varianten
S17.B1.Z30.X.ITT.OPAH,S17,B1,Z30,X,ITT,OPAH,s,"Gruppenkoeffizient b1 (IG − KG), Sensitivität ITT.OPAH, Sprint 30 m","Plan 12.09., K22 nachträglich",,A,Tab. H4
S17.B2.Z30.X.ITT.OPAH,S17,B2,Z30,X,ITT,OPAH,s je s,"Koeffizient Prä, Sensitivität ITT.OPAH, Sprint 30 m","Plan 12.09., K22 nachträglich",,X,übrige Koeffizienten der Varianten
S17.SEB0.Z30.X.ITT.OPAH,S17,SEB0,Z30,X,ITT,OPAH,s,"SE b0, Sensitivität ITT.OPAH, Sprint 30 m","Plan 12.09., K22 nachträglich",,X,übrige Koeffizienten der Varianten
S17.SEB1.Z30.X.ITT.OPAH,S17,SEB1,Z30,X,ITT,OPAH,s,"SE b1, Sensitivität ITT.OPAH, Sprint 30 m","Plan 12.09., K22 nachträglich",,A,Tab. H4
S17.SEB2.Z30.X.ITT.OPAH,S17,SEB2,Z30,X,ITT,OPAH,s je s,"SE b2, Sensitivität ITT.OPAH, Sprint 30 m","Plan 12.09., K22 nachträglich",,X,übrige Koeffizienten der Varianten
S17.SIGMA.Z30.X.ITT.OPAH,S17,SIGMA,Z30,X,ITT,OPAH,s,"Residuen-SD, Sensitivität ITT.OPAH, Sprint 30 m","Plan 12.09., K22 nachträglich",,X,übrige Koeffizienten der Varianten
S17.DF.Z30.X.ITT.OPAH,S17,DF,Z30,X,ITT,OPAH,1,"Residualfreiheitsgrade, Sensitivität ITT.OPAH, Sprint 30 m","Plan 12.09., K22 nachträglich",,A,Tab. H4
S17.R2.Z30.X.ITT.OPAH,S17,R2,Z30,X,ITT,OPAH,1,"R² des Modells, Sensitivität ITT.OPAH, Sprint 30 m","Plan 12.09., K22 nachträglich",,X,übrige Koeffizienten der Varianten
S17.T.Z30.X.ITT.OPAH,S17,T,Z30,X,ITT,OPAH,1,"t von b1, Sensitivität ITT.OPAH, Sprint 30 m","Plan 12.09., K22 nachträglich",,A,Tab. H4
S17.P.Z30.X.ITT.OPAH,S17,P,Z30,X,ITT,OPAH,1,"p von b1, zweiseitig, Sensitivität ITT.OPAH, Sprint 30 m","Plan 12.09., K22 nachträglich",,A,Tab. H4
S17.KIU.Z30.X.ITT.OPAH,S17,KIU,Z30,X,ITT,OPAH,s,"untere KI-Grenze b1, Sensitivität ITT.OPAH, Sprint 30 m","Plan 12.09., K22 nachträglich",,A,Tab. H4
S17.KIO.Z30.X.ITT.OPAH,S17,KIO,Z30,X,ITT,OPAH,s,"obere KI-Grenze b1, Sensitivität ITT.OPAH, Sprint 30 m","Plan 12.09., K22 nachträglich",,A,Tab. H4
S17.NIG.Z30.X.ITT.OPAH,S17,NIG,Z30,X,ITT,OPAH,1,"n IG, Sensitivität ITT.OPAH, Sprint 30 m","Plan 12.09., K22 nachträglich",,A,Tab. H4
S17.NKG.Z30.X.ITT.OPAH,S17,NKG,Z30,X,ITT,OPAH,1,"n KG, Sensitivität ITT.OPAH, Sprint 30 m","Plan 12.09., K22 nachträglich",,A,Tab. H4
S17.B0.CM.X.ITT.OPAH,S17,B0,CM,X,ITT,OPAH,s,"Achsenabschnitt, Sensitivität ITT.OPAH, 505 Seitenmittel","Plan 12.09., K22 nachträglich",,X,übrige Koeffizienten der Varianten
S17.B1.CM.X.ITT.OPAH,S17,B1,CM,X,ITT,OPAH,s,"Gruppenkoeffizient b1 (IG − KG), Sensitivität ITT.OPAH, 505 Seitenmittel","Plan 12.09., K22 nachträglich",,A,Tab. H4
S17.B2.CM.X.ITT.OPAH,S17,B2,CM,X,ITT,OPAH,s je s,"Koeffizient Prä, Sensitivität ITT.OPAH, 505 Seitenmittel","Plan 12.09., K22 nachträglich",,X,übrige Koeffizienten der Varianten
S17.SEB0.CM.X.ITT.OPAH,S17,SEB0,CM,X,ITT,OPAH,s,"SE b0, Sensitivität ITT.OPAH, 505 Seitenmittel","Plan 12.09., K22 nachträglich",,X,übrige Koeffizienten der Varianten
S17.SEB1.CM.X.ITT.OPAH,S17,SEB1,CM,X,ITT,OPAH,s,"SE b1, Sensitivität ITT.OPAH, 505 Seitenmittel","Plan 12.09., K22 nachträglich",,A,Tab. H4
S17.SEB2.CM.X.ITT.OPAH,S17,SEB2,CM,X,ITT,OPAH,s je s,"SE b2, Sensitivität ITT.OPAH, 505 Seitenmittel","Plan 12.09., K22 nachträglich",,X,übrige Koeffizienten der Varianten
S17.SIGMA.CM.X.ITT.OPAH,S17,SIGMA,CM,X,ITT,OPAH,s,"Residuen-SD, Sensitivität ITT.OPAH, 505 Seitenmittel","Plan 12.09., K22 nachträglich",,X,übrige Koeffizienten der Varianten
S17.DF.CM.X.ITT.OPAH,S17,DF,CM,X,ITT,OPAH,1,"Residualfreiheitsgrade, Sensitivität ITT.OPAH, 505 Seitenmittel","Plan 12.09., K22 nachträglich",,A,Tab. H4
S17.R2.CM.X.ITT.OPAH,S17,R2,CM,X,ITT,OPAH,1,"R² des Modells, Sensitivität ITT.OPAH, 505 Seitenmittel","Plan 12.09., K22 nachträglich",,X,übrige Koeffizienten der Varianten
S17.T.CM.X.ITT.OPAH,S17,T,CM,X,ITT,OPAH,1,"t von b1, Sensitivität ITT.OPAH, 505 Seitenmittel","Plan 12.09., K22 nachträglich",,A,Tab. H4
S17.P.CM.X.ITT.OPAH,S17,P,CM,X,ITT,OPAH,1,"p von b1, zweiseitig, Sensitivität ITT.OPAH, 505 Seitenmittel","Plan 12.09., K22 nachträglich",,A,Tab. H4
S17.KIU.CM.X.ITT.OPAH,S17,KIU,CM,X,ITT,OPAH,s,"untere KI-Grenze b1, Sensitivität ITT.OPAH, 505 Seitenmittel","Plan 12.09., K22 nachträglich",,A,Tab. H4
S17.KIO.CM.X.ITT.OPAH,S17,KIO,CM,X,ITT,OPAH,s,"obere KI-Grenze b1, Sensitivität ITT.OPAH, 505 Seitenmittel","Plan 12.09., K22 nachträglich",,A,Tab. H4
S17.NIG.CM.X.ITT.OPAH,S17,NIG,CM,X,ITT,OPAH,1,"n IG, Sensitivität ITT.OPAH, 505 Seitenmittel","Plan 12.09., K22 nachträglich",,A,Tab. H4
S17.NKG.CM.X.ITT.OPAH,S17,NKG,CM,X,ITT,OPAH,1,"n KG, Sensitivität ITT.OPAH, 505 Seitenmittel","Plan 12.09., K22 nachträglich",,A,Tab. H4
S17.B0.SBJ.X.ITT.OPAH,S17,B0,SBJ,X,ITT,OPAH,cm,"Achsenabschnitt, Sensitivität ITT.OPAH, Standweitsprung","Plan 12.09., K22 nachträglich",,X,übrige Koeffizienten der Varianten
S17.B1.SBJ.X.ITT.OPAH,S17,B1,SBJ,X,ITT,OPAH,cm,"Gruppenkoeffizient b1 (IG − KG), Sensitivität ITT.OPAH, Standweitsprung","Plan 12.09., K22 nachträglich",,A,Tab. H4
S17.B2.SBJ.X.ITT.OPAH,S17,B2,SBJ,X,ITT,OPAH,cm je cm,"Koeffizient Prä, Sensitivität ITT.OPAH, Standweitsprung","Plan 12.09., K22 nachträglich",,X,übrige Koeffizienten der Varianten
S17.SEB0.SBJ.X.ITT.OPAH,S17,SEB0,SBJ,X,ITT,OPAH,cm,"SE b0, Sensitivität ITT.OPAH, Standweitsprung","Plan 12.09., K22 nachträglich",,X,übrige Koeffizienten der Varianten
S17.SEB1.SBJ.X.ITT.OPAH,S17,SEB1,SBJ,X,ITT,OPAH,cm,"SE b1, Sensitivität ITT.OPAH, Standweitsprung","Plan 12.09., K22 nachträglich",,A,Tab. H4
S17.SEB2.SBJ.X.ITT.OPAH,S17,SEB2,SBJ,X,ITT,OPAH,cm je cm,"SE b2, Sensitivität ITT.OPAH, Standweitsprung","Plan 12.09., K22 nachträglich",,X,übrige Koeffizienten der Varianten
S17.SIGMA.SBJ.X.ITT.OPAH,S17,SIGMA,SBJ,X,ITT,OPAH,cm,"Residuen-SD, Sensitivität ITT.OPAH, Standweitsprung","Plan 12.09., K22 nachträglich",,X,übrige Koeffizienten der Varianten
S17.DF.SBJ.X.ITT.OPAH,S17,DF,SBJ,X,ITT,OPAH,1,"Residualfreiheitsgrade, Sensitivität ITT.OPAH, Standweitsprung","Plan 12.09., K22 nachträglich",,A,Tab. H4
S17.R2.SBJ.X.ITT.OPAH,S17,R2,SBJ,X,ITT,OPAH,1,"R² des Modells, Sensitivität ITT.OPAH, Standweitsprung","Plan 12.09., K22 nachträglich",,X,übrige Koeffizienten der Varianten
S17.T.SBJ.X.ITT.OPAH,S17,T,SBJ,X,ITT,OPAH,1,"t von b1, Sensitivität ITT.OPAH, Standweitsprung","Plan 12.09., K22 nachträglich",,A,Tab. H4
S17.P.SBJ.X.ITT.OPAH,S17,P,SBJ,X,ITT,OPAH,1,"p von b1, zweiseitig, Sensitivität ITT.OPAH, Standweitsprung","Plan 12.09., K22 nachträglich",,A,Tab. H4
S17.KIU.SBJ.X.ITT.OPAH,S17,KIU,SBJ,X,ITT,OPAH,cm,"untere KI-Grenze b1, Sensitivität ITT.OPAH, Standweitsprung","Plan 12.09., K22 nachträglich",,A,Tab. H4
S17.KIO.SBJ.X.ITT.OPAH,S17,KIO,SBJ,X,ITT,OPAH,cm,"obere KI-Grenze b1, Sensitivität ITT.OPAH, Standweitsprung","Plan 12.09., K22 nachträglich",,A,Tab. H4
S17.NIG.SBJ.X.ITT.OPAH,S17,NIG,SBJ,X,ITT,OPAH,1,"n IG, Sensitivität ITT.OPAH, Standweitsprung","Plan 12.09., K22 nachträglich",,A,Tab. H4
S17.NKG.SBJ.X.ITT.OPAH,S17,NKG,SBJ,X,ITT,OPAH,1,"n KG, Sensitivität ITT.OPAH, Standweitsprung","Plan 12.09., K22 nachträglich",,A,Tab. H4
S17.B0.Z30.X.FAMS.FAMB,S17,B0,Z30,X,FAMS,FAMB,s,"Achsenabschnitt, Sensitivität FAMS.FAMB, Sprint 30 m",Plan 12.09.,,X,übrige Koeffizienten der Varianten
S17.B1.Z30.X.FAMS.FAMB,S17,B1,Z30,X,FAMS,FAMB,s,"Gruppenkoeffizient b1 (IG − KG), Sensitivität FAMS.FAMB, Sprint 30 m",Plan 12.09.,,A,Tab. H4
S17.B2.Z30.X.FAMS.FAMB,S17,B2,Z30,X,FAMS,FAMB,s je s,"Koeffizient Prä, Sensitivität FAMS.FAMB, Sprint 30 m",Plan 12.09.,,X,übrige Koeffizienten der Varianten
S17.B3.Z30.X.FAMS.FAMB,S17,B3,Z30,X,FAMS,FAMB,s je %,"Koeffizient %PAH, Sensitivität FAMS.FAMB, Sprint 30 m",Plan 12.09.,,X,übrige Koeffizienten der Varianten
S17.B4.Z30.X.FAMS.FAMB,S17,B4,Z30,X,FAMS,FAMB,s je Termin,"Koeffizient Familiarisierung, Sensitivität FAMS.FAMB, Sprint 30 m",Plan 12.09.,,X,übrige Koeffizienten der Varianten
S17.SEB0.Z30.X.FAMS.FAMB,S17,SEB0,Z30,X,FAMS,FAMB,s,"SE b0, Sensitivität FAMS.FAMB, Sprint 30 m",Plan 12.09.,,X,übrige Koeffizienten der Varianten
S17.SEB1.Z30.X.FAMS.FAMB,S17,SEB1,Z30,X,FAMS,FAMB,s,"SE b1, Sensitivität FAMS.FAMB, Sprint 30 m",Plan 12.09.,,A,Tab. H4
S17.SEB2.Z30.X.FAMS.FAMB,S17,SEB2,Z30,X,FAMS,FAMB,s je s,"SE b2, Sensitivität FAMS.FAMB, Sprint 30 m",Plan 12.09.,,X,übrige Koeffizienten der Varianten
S17.SEB3.Z30.X.FAMS.FAMB,S17,SEB3,Z30,X,FAMS,FAMB,s je %,"SE b3, Sensitivität FAMS.FAMB, Sprint 30 m",Plan 12.09.,,X,übrige Koeffizienten der Varianten
S17.SEB4.Z30.X.FAMS.FAMB,S17,SEB4,Z30,X,FAMS,FAMB,s je Termin,"SE b4, Sensitivität FAMS.FAMB, Sprint 30 m",Plan 12.09.,,X,übrige Koeffizienten der Varianten
S17.SIGMA.Z30.X.FAMS.FAMB,S17,SIGMA,Z30,X,FAMS,FAMB,s,"Residuen-SD, Sensitivität FAMS.FAMB, Sprint 30 m",Plan 12.09.,,X,übrige Koeffizienten der Varianten
S17.DF.Z30.X.FAMS.FAMB,S17,DF,Z30,X,FAMS,FAMB,1,"Residualfreiheitsgrade, Sensitivität FAMS.FAMB, Sprint 30 m",Plan 12.09.,,A,Tab. H4
S17.R2.Z30.X.FAMS.FAMB,S17,R2,Z30,X,FAMS,FAMB,1,"R² des Modells, Sensitivität FAMS.FAMB, Sprint 30 m",Plan 12.09.,,X,übrige Koeffizienten der Varianten
S17.T.Z30.X.FAMS.FAMB,S17,T,Z30,X,FAMS,FAMB,1,"t von b1, Sensitivität FAMS.FAMB, Sprint 30 m",Plan 12.09.,,A,Tab. H4
S17.P.Z30.X.FAMS.FAMB,S17,P,Z30,X,FAMS,FAMB,1,"p von b1, zweiseitig, Sensitivität FAMS.FAMB, Sprint 30 m",Plan 12.09.,,A,Tab. H4
S17.KIU.Z30.X.FAMS.FAMB,S17,KIU,Z30,X,FAMS,FAMB,s,"untere KI-Grenze b1, Sensitivität FAMS.FAMB, Sprint 30 m",Plan 12.09.,,A,Tab. H4
S17.KIO.Z30.X.FAMS.FAMB,S17,KIO,Z30,X,FAMS,FAMB,s,"obere KI-Grenze b1, Sensitivität FAMS.FAMB, Sprint 30 m",Plan 12.09.,,A,Tab. H4
S17.NIG.Z30.X.FAMS.FAMB,S17,NIG,Z30,X,FAMS,FAMB,1,"n IG, Sensitivität FAMS.FAMB, Sprint 30 m",Plan 12.09.,,A,Tab. H4
S17.NKG.Z30.X.FAMS.FAMB,S17,NKG,Z30,X,FAMS,FAMB,1,"n KG, Sensitivität FAMS.FAMB, Sprint 30 m",Plan 12.09.,,A,Tab. H4
S17.B0.CM.X.FAMS.FAMB,S17,B0,CM,X,FAMS,FAMB,s,"Achsenabschnitt, Sensitivität FAMS.FAMB, 505 Seitenmittel",Plan 12.09.,,X,übrige Koeffizienten der Varianten
S17.B1.CM.X.FAMS.FAMB,S17,B1,CM,X,FAMS,FAMB,s,"Gruppenkoeffizient b1 (IG − KG), Sensitivität FAMS.FAMB, 505 Seitenmittel",Plan 12.09.,,A,Tab. H4
S17.B2.CM.X.FAMS.FAMB,S17,B2,CM,X,FAMS,FAMB,s je s,"Koeffizient Prä, Sensitivität FAMS.FAMB, 505 Seitenmittel",Plan 12.09.,,X,übrige Koeffizienten der Varianten
S17.B3.CM.X.FAMS.FAMB,S17,B3,CM,X,FAMS,FAMB,s je %,"Koeffizient %PAH, Sensitivität FAMS.FAMB, 505 Seitenmittel",Plan 12.09.,,X,übrige Koeffizienten der Varianten
S17.B4.CM.X.FAMS.FAMB,S17,B4,CM,X,FAMS,FAMB,s je Termin,"Koeffizient Familiarisierung, Sensitivität FAMS.FAMB, 505 Seitenmittel",Plan 12.09.,,X,übrige Koeffizienten der Varianten
S17.SEB0.CM.X.FAMS.FAMB,S17,SEB0,CM,X,FAMS,FAMB,s,"SE b0, Sensitivität FAMS.FAMB, 505 Seitenmittel",Plan 12.09.,,X,übrige Koeffizienten der Varianten
S17.SEB1.CM.X.FAMS.FAMB,S17,SEB1,CM,X,FAMS,FAMB,s,"SE b1, Sensitivität FAMS.FAMB, 505 Seitenmittel",Plan 12.09.,,A,Tab. H4
S17.SEB2.CM.X.FAMS.FAMB,S17,SEB2,CM,X,FAMS,FAMB,s je s,"SE b2, Sensitivität FAMS.FAMB, 505 Seitenmittel",Plan 12.09.,,X,übrige Koeffizienten der Varianten
S17.SEB3.CM.X.FAMS.FAMB,S17,SEB3,CM,X,FAMS,FAMB,s je %,"SE b3, Sensitivität FAMS.FAMB, 505 Seitenmittel",Plan 12.09.,,X,übrige Koeffizienten der Varianten
S17.SEB4.CM.X.FAMS.FAMB,S17,SEB4,CM,X,FAMS,FAMB,s je Termin,"SE b4, Sensitivität FAMS.FAMB, 505 Seitenmittel",Plan 12.09.,,X,übrige Koeffizienten der Varianten
S17.SIGMA.CM.X.FAMS.FAMB,S17,SIGMA,CM,X,FAMS,FAMB,s,"Residuen-SD, Sensitivität FAMS.FAMB, 505 Seitenmittel",Plan 12.09.,,X,übrige Koeffizienten der Varianten
S17.DF.CM.X.FAMS.FAMB,S17,DF,CM,X,FAMS,FAMB,1,"Residualfreiheitsgrade, Sensitivität FAMS.FAMB, 505 Seitenmittel",Plan 12.09.,,A,Tab. H4
S17.R2.CM.X.FAMS.FAMB,S17,R2,CM,X,FAMS,FAMB,1,"R² des Modells, Sensitivität FAMS.FAMB, 505 Seitenmittel",Plan 12.09.,,X,übrige Koeffizienten der Varianten
S17.T.CM.X.FAMS.FAMB,S17,T,CM,X,FAMS,FAMB,1,"t von b1, Sensitivität FAMS.FAMB, 505 Seitenmittel",Plan 12.09.,,A,Tab. H4
S17.P.CM.X.FAMS.FAMB,S17,P,CM,X,FAMS,FAMB,1,"p von b1, zweiseitig, Sensitivität FAMS.FAMB, 505 Seitenmittel",Plan 12.09.,,A,Tab. H4
S17.KIU.CM.X.FAMS.FAMB,S17,KIU,CM,X,FAMS,FAMB,s,"untere KI-Grenze b1, Sensitivität FAMS.FAMB, 505 Seitenmittel",Plan 12.09.,,A,Tab. H4
S17.KIO.CM.X.FAMS.FAMB,S17,KIO,CM,X,FAMS,FAMB,s,"obere KI-Grenze b1, Sensitivität FAMS.FAMB, 505 Seitenmittel",Plan 12.09.,,A,Tab. H4
S17.NIG.CM.X.FAMS.FAMB,S17,NIG,CM,X,FAMS,FAMB,1,"n IG, Sensitivität FAMS.FAMB, 505 Seitenmittel",Plan 12.09.,,A,Tab. H4
S17.NKG.CM.X.FAMS.FAMB,S17,NKG,CM,X,FAMS,FAMB,1,"n KG, Sensitivität FAMS.FAMB, 505 Seitenmittel",Plan 12.09.,,A,Tab. H4
S17.B0.SBJ.X.FAMS.FAMB,S17,B0,SBJ,X,FAMS,FAMB,cm,"Achsenabschnitt, Sensitivität FAMS.FAMB, Standweitsprung",Plan 12.09.,,X,übrige Koeffizienten der Varianten
S17.B1.SBJ.X.FAMS.FAMB,S17,B1,SBJ,X,FAMS,FAMB,cm,"Gruppenkoeffizient b1 (IG − KG), Sensitivität FAMS.FAMB, Standweitsprung",Plan 12.09.,,A,Tab. H4
S17.B2.SBJ.X.FAMS.FAMB,S17,B2,SBJ,X,FAMS,FAMB,cm je cm,"Koeffizient Prä, Sensitivität FAMS.FAMB, Standweitsprung",Plan 12.09.,,X,übrige Koeffizienten der Varianten
S17.B3.SBJ.X.FAMS.FAMB,S17,B3,SBJ,X,FAMS,FAMB,cm je %,"Koeffizient %PAH, Sensitivität FAMS.FAMB, Standweitsprung",Plan 12.09.,,X,übrige Koeffizienten der Varianten
S17.B4.SBJ.X.FAMS.FAMB,S17,B4,SBJ,X,FAMS,FAMB,cm je Termin,"Koeffizient Familiarisierung, Sensitivität FAMS.FAMB, Standweitsprung",Plan 12.09.,,X,übrige Koeffizienten der Varianten
S17.SEB0.SBJ.X.FAMS.FAMB,S17,SEB0,SBJ,X,FAMS,FAMB,cm,"SE b0, Sensitivität FAMS.FAMB, Standweitsprung",Plan 12.09.,,X,übrige Koeffizienten der Varianten
S17.SEB1.SBJ.X.FAMS.FAMB,S17,SEB1,SBJ,X,FAMS,FAMB,cm,"SE b1, Sensitivität FAMS.FAMB, Standweitsprung",Plan 12.09.,,A,Tab. H4
S17.SEB2.SBJ.X.FAMS.FAMB,S17,SEB2,SBJ,X,FAMS,FAMB,cm je cm,"SE b2, Sensitivität FAMS.FAMB, Standweitsprung",Plan 12.09.,,X,übrige Koeffizienten der Varianten
S17.SEB3.SBJ.X.FAMS.FAMB,S17,SEB3,SBJ,X,FAMS,FAMB,cm je %,"SE b3, Sensitivität FAMS.FAMB, Standweitsprung",Plan 12.09.,,X,übrige Koeffizienten der Varianten
S17.SEB4.SBJ.X.FAMS.FAMB,S17,SEB4,SBJ,X,FAMS,FAMB,cm je Termin,"SE b4, Sensitivität FAMS.FAMB, Standweitsprung",Plan 12.09.,,X,übrige Koeffizienten der Varianten
S17.SIGMA.SBJ.X.FAMS.FAMB,S17,SIGMA,SBJ,X,FAMS,FAMB,cm,"Residuen-SD, Sensitivität FAMS.FAMB, Standweitsprung",Plan 12.09.,,X,übrige Koeffizienten der Varianten
S17.DF.SBJ.X.FAMS.FAMB,S17,DF,SBJ,X,FAMS,FAMB,1,"Residualfreiheitsgrade, Sensitivität FAMS.FAMB, Standweitsprung",Plan 12.09.,,A,Tab. H4
S17.R2.SBJ.X.FAMS.FAMB,S17,R2,SBJ,X,FAMS,FAMB,1,"R² des Modells, Sensitivität FAMS.FAMB, Standweitsprung",Plan 12.09.,,X,übrige Koeffizienten der Varianten
S17.T.SBJ.X.FAMS.FAMB,S17,T,SBJ,X,FAMS,FAMB,1,"t von b1, Sensitivität FAMS.FAMB, Standweitsprung",Plan 12.09.,,A,Tab. H4
S17.P.SBJ.X.FAMS.FAMB,S17,P,SBJ,X,FAMS,FAMB,1,"p von b1, zweiseitig, Sensitivität FAMS.FAMB, Standweitsprung",Plan 12.09.,,A,Tab. H4
S17.KIU.SBJ.X.FAMS.FAMB,S17,KIU,SBJ,X,FAMS,FAMB,cm,"untere KI-Grenze b1, Sensitivität FAMS.FAMB, Standweitsprung",Plan 12.09.,,A,Tab. H4
S17.KIO.SBJ.X.FAMS.FAMB,S17,KIO,SBJ,X,FAMS,FAMB,cm,"obere KI-Grenze b1, Sensitivität FAMS.FAMB, Standweitsprung",Plan 12.09.,,A,Tab. H4
S17.NIG.SBJ.X.FAMS.FAMB,S17,NIG,SBJ,X,FAMS,FAMB,1,"n IG, Sensitivität FAMS.FAMB, Standweitsprung",Plan 12.09.,,A,Tab. H4
S17.NKG.SBJ.X.FAMS.FAMB,S17,NKG,SBJ,X,FAMS,FAMB,1,"n KG, Sensitivität FAMS.FAMB, Standweitsprung",Plan 12.09.,,A,Tab. H4
S17.N.Z30.DIFF.ITTIG.F1,S17,N,Z30,DIFF,ITTIG,F1,1,"n von BEST post − BEST prä bei Familiarisierung 1, Menge ITTIG, Sprint 30 m",Plan 12.09.,,A,Tab. H4 Familiarisierung Variante a
S17.N.Z30.DIFF.ITTIG.F2,S17,N,Z30,DIFF,ITTIG,F2,1,"n von BEST post − BEST prä bei Familiarisierung 2, Menge ITTIG, Sprint 30 m",Plan 12.09.,,A,Tab. H4 Familiarisierung Variante a
S17.N.Z30.DIFF.ITTKG.F1,S17,N,Z30,DIFF,ITTKG,F1,1,"n von BEST post − BEST prä bei Familiarisierung 1, Menge ITTKG, Sprint 30 m",Plan 12.09.,,A,Tab. H4 Familiarisierung Variante a
S17.N.Z30.DIFF.ITTKG.F2,S17,N,Z30,DIFF,ITTKG,F2,1,"n von BEST post − BEST prä bei Familiarisierung 2, Menge ITTKG, Sprint 30 m",Plan 12.09.,,A,Tab. H4 Familiarisierung Variante a
S17.N.CM.DIFF.ITTIG.F1,S17,N,CM,DIFF,ITTIG,F1,1,"n von BEST post − BEST prä bei Familiarisierung 1, Menge ITTIG, 505 Seitenmittel",Plan 12.09.,,A,Tab. H4 Familiarisierung Variante a
S17.N.CM.DIFF.ITTIG.F2,S17,N,CM,DIFF,ITTIG,F2,1,"n von BEST post − BEST prä bei Familiarisierung 2, Menge ITTIG, 505 Seitenmittel",Plan 12.09.,,A,Tab. H4 Familiarisierung Variante a
S17.N.CM.DIFF.ITTKG.F1,S17,N,CM,DIFF,ITTKG,F1,1,"n von BEST post − BEST prä bei Familiarisierung 1, Menge ITTKG, 505 Seitenmittel",Plan 12.09.,,A,Tab. H4 Familiarisierung Variante a
S17.N.CM.DIFF.ITTKG.F2,S17,N,CM,DIFF,ITTKG,F2,1,"n von BEST post − BEST prä bei Familiarisierung 2, Menge ITTKG, 505 Seitenmittel",Plan 12.09.,,A,Tab. H4 Familiarisierung Variante a
S17.N.SBJ.DIFF.ITTIG.F1,S17,N,SBJ,DIFF,ITTIG,F1,1,"n von BEST post − BEST prä bei Familiarisierung 1, Menge ITTIG, Standweitsprung",Plan 12.09.,,A,Tab. H4 Familiarisierung Variante a
S17.N.SBJ.DIFF.ITTIG.F2,S17,N,SBJ,DIFF,ITTIG,F2,1,"n von BEST post − BEST prä bei Familiarisierung 2, Menge ITTIG, Standweitsprung",Plan 12.09.,,A,Tab. H4 Familiarisierung Variante a
S17.N.SBJ.DIFF.ITTKG.F1,S17,N,SBJ,DIFF,ITTKG,F1,1,"n von BEST post − BEST prä bei Familiarisierung 1, Menge ITTKG, Standweitsprung",Plan 12.09.,,A,Tab. H4 Familiarisierung Variante a
S17.N.SBJ.DIFF.ITTKG.F2,S17,N,SBJ,DIFF,ITTKG,F2,1,"n von BEST post − BEST prä bei Familiarisierung 2, Menge ITTKG, Standweitsprung",Plan 12.09.,,A,Tab. H4 Familiarisierung Variante a
S17.M.Z30.DIFF.ITTIG.F1,S17,M,Z30,DIFF,ITTIG,F1,s,"Mittel von BEST post − BEST prä bei Familiarisierung 1, Menge ITTIG, Sprint 30 m",Plan 12.09.,,A,Tab. H4 Familiarisierung Variante a
S17.M.Z30.DIFF.ITTIG.F2,S17,M,Z30,DIFF,ITTIG,F2,s,"Mittel von BEST post − BEST prä bei Familiarisierung 2, Menge ITTIG, Sprint 30 m",Plan 12.09.,,A,Tab. H4 Familiarisierung Variante a
S17.M.Z30.DIFF.ITTKG.F1,S17,M,Z30,DIFF,ITTKG,F1,s,"Mittel von BEST post − BEST prä bei Familiarisierung 1, Menge ITTKG, Sprint 30 m",Plan 12.09.,,A,Tab. H4 Familiarisierung Variante a
S17.M.Z30.DIFF.ITTKG.F2,S17,M,Z30,DIFF,ITTKG,F2,s,"Mittel von BEST post − BEST prä bei Familiarisierung 2, Menge ITTKG, Sprint 30 m",Plan 12.09.,,A,Tab. H4 Familiarisierung Variante a
S17.M.CM.DIFF.ITTIG.F1,S17,M,CM,DIFF,ITTIG,F1,s,"Mittel von BEST post − BEST prä bei Familiarisierung 1, Menge ITTIG, 505 Seitenmittel",Plan 12.09.,,A,Tab. H4 Familiarisierung Variante a
S17.M.CM.DIFF.ITTIG.F2,S17,M,CM,DIFF,ITTIG,F2,s,"Mittel von BEST post − BEST prä bei Familiarisierung 2, Menge ITTIG, 505 Seitenmittel",Plan 12.09.,,A,Tab. H4 Familiarisierung Variante a
S17.M.CM.DIFF.ITTKG.F1,S17,M,CM,DIFF,ITTKG,F1,s,"Mittel von BEST post − BEST prä bei Familiarisierung 1, Menge ITTKG, 505 Seitenmittel",Plan 12.09.,,A,Tab. H4 Familiarisierung Variante a
S17.M.CM.DIFF.ITTKG.F2,S17,M,CM,DIFF,ITTKG,F2,s,"Mittel von BEST post − BEST prä bei Familiarisierung 2, Menge ITTKG, 505 Seitenmittel",Plan 12.09.,,A,Tab. H4 Familiarisierung Variante a
S17.M.SBJ.DIFF.ITTIG.F1,S17,M,SBJ,DIFF,ITTIG,F1,cm,"Mittel von BEST post − BEST prä bei Familiarisierung 1, Menge ITTIG, Standweitsprung",Plan 12.09.,,A,Tab. H4 Familiarisierung Variante a
S17.M.SBJ.DIFF.ITTIG.F2,S17,M,SBJ,DIFF,ITTIG,F2,cm,"Mittel von BEST post − BEST prä bei Familiarisierung 2, Menge ITTIG, Standweitsprung",Plan 12.09.,,A,Tab. H4 Familiarisierung Variante a
S17.M.SBJ.DIFF.ITTKG.F1,S17,M,SBJ,DIFF,ITTKG,F1,cm,"Mittel von BEST post − BEST prä bei Familiarisierung 1, Menge ITTKG, Standweitsprung",Plan 12.09.,,A,Tab. H4 Familiarisierung Variante a
S17.M.SBJ.DIFF.ITTKG.F2,S17,M,SBJ,DIFF,ITTKG,F2,cm,"Mittel von BEST post − BEST prä bei Familiarisierung 2, Menge ITTKG, Standweitsprung",Plan 12.09.,,A,Tab. H4 Familiarisierung Variante a
S17.SD.Z30.DIFF.ITTIG.F1,S17,SD,Z30,DIFF,ITTIG,F1,s,"SD von BEST post − BEST prä bei Familiarisierung 1, Menge ITTIG, Sprint 30 m",Plan 12.09.,,A,Tab. H4 Familiarisierung Variante a
S17.SD.Z30.DIFF.ITTIG.F2,S17,SD,Z30,DIFF,ITTIG,F2,s,"SD von BEST post − BEST prä bei Familiarisierung 2, Menge ITTIG, Sprint 30 m",Plan 12.09.,,A,Tab. H4 Familiarisierung Variante a
S17.SD.Z30.DIFF.ITTKG.F1,S17,SD,Z30,DIFF,ITTKG,F1,s,"SD von BEST post − BEST prä bei Familiarisierung 1, Menge ITTKG, Sprint 30 m",Plan 12.09.,,A,Tab. H4 Familiarisierung Variante a
S17.SD.Z30.DIFF.ITTKG.F2,S17,SD,Z30,DIFF,ITTKG,F2,s,"SD von BEST post − BEST prä bei Familiarisierung 2, Menge ITTKG, Sprint 30 m",Plan 12.09.,,A,Tab. H4 Familiarisierung Variante a
S17.SD.CM.DIFF.ITTIG.F1,S17,SD,CM,DIFF,ITTIG,F1,s,"SD von BEST post − BEST prä bei Familiarisierung 1, Menge ITTIG, 505 Seitenmittel",Plan 12.09.,,A,Tab. H4 Familiarisierung Variante a
S17.SD.CM.DIFF.ITTIG.F2,S17,SD,CM,DIFF,ITTIG,F2,s,"SD von BEST post − BEST prä bei Familiarisierung 2, Menge ITTIG, 505 Seitenmittel",Plan 12.09.,,A,Tab. H4 Familiarisierung Variante a
S17.SD.CM.DIFF.ITTKG.F1,S17,SD,CM,DIFF,ITTKG,F1,s,"SD von BEST post − BEST prä bei Familiarisierung 1, Menge ITTKG, 505 Seitenmittel",Plan 12.09.,,A,Tab. H4 Familiarisierung Variante a
S17.SD.CM.DIFF.ITTKG.F2,S17,SD,CM,DIFF,ITTKG,F2,s,"SD von BEST post − BEST prä bei Familiarisierung 2, Menge ITTKG, 505 Seitenmittel",Plan 12.09.,,A,Tab. H4 Familiarisierung Variante a
S17.SD.SBJ.DIFF.ITTIG.F1,S17,SD,SBJ,DIFF,ITTIG,F1,cm,"SD von BEST post − BEST prä bei Familiarisierung 1, Menge ITTIG, Standweitsprung",Plan 12.09.,,A,Tab. H4 Familiarisierung Variante a
S17.SD.SBJ.DIFF.ITTIG.F2,S17,SD,SBJ,DIFF,ITTIG,F2,cm,"SD von BEST post − BEST prä bei Familiarisierung 2, Menge ITTIG, Standweitsprung",Plan 12.09.,,A,Tab. H4 Familiarisierung Variante a
S17.SD.SBJ.DIFF.ITTKG.F1,S17,SD,SBJ,DIFF,ITTKG,F1,cm,"SD von BEST post − BEST prä bei Familiarisierung 1, Menge ITTKG, Standweitsprung",Plan 12.09.,,A,Tab. H4 Familiarisierung Variante a
S17.SD.SBJ.DIFF.ITTKG.F2,S17,SD,SBJ,DIFF,ITTKG,F2,cm,"SD von BEST post − BEST prä bei Familiarisierung 2, Menge ITTKG, Standweitsprung",Plan 12.09.,,A,Tab. H4 Familiarisierung Variante a
S18.NTOT.Z05.X.ITT.X,S18,NTOT,Z05,X,ITT,X,1,"N = n_IG + n_KG, Sprint 5 m","Plan 12.09., O9 P7 nachträglich",,X,keine Inferenz für deskriptive Zielgrößen
S18.NTOT.Z10.X.ITT.X,S18,NTOT,Z10,X,ITT,X,1,"N = n_IG + n_KG, Sprint 10 m","Plan 12.09., O9 P7 nachträglich",,A,Anhang G Protokoll
S18.NTOT.Z30.X.ITT.X,S18,NTOT,Z30,X,ITT,X,1,"N = n_IG + n_KG, Sprint 30 m","Plan 12.09., O9 P7 nachträglich",,A,Anhang G Protokoll
S18.NTOT.SBJ.X.ITT.X,S18,NTOT,SBJ,X,ITT,X,1,"N = n_IG + n_KG, Standweitsprung","Plan 12.09., O9 P7 nachträglich",,A,Anhang G Protokoll
S18.NTOT.CL.X.ITT.X,S18,NTOT,CL,X,ITT,X,1,"N = n_IG + n_KG, 505 links","Plan 12.09., O9 P7 nachträglich",,X,keine Inferenz für deskriptive Zielgrößen
S18.NTOT.CR.X.ITT.X,S18,NTOT,CR,X,ITT,X,1,"N = n_IG + n_KG, 505 rechts","Plan 12.09., O9 P7 nachträglich",,X,keine Inferenz für deskriptive Zielgrößen
S18.NTOT.CM.X.ITT.X,S18,NTOT,CM,X,ITT,X,1,"N = n_IG + n_KG, 505 Seitenmittel","Plan 12.09., O9 P7 nachträglich",,A,Anhang G Protokoll
S18.DF1.Z05.X.ITT.X,S18,DF1,Z05,X,ITT,X,1,"df1, Sprint 5 m","Plan 12.09., O9 P7 nachträglich",,X,keine Inferenz für deskriptive Zielgrößen
S18.DF1.Z10.X.ITT.X,S18,DF1,Z10,X,ITT,X,1,"df1, Sprint 10 m","Plan 12.09., O9 P7 nachträglich",,A,Anhang G Protokoll
S18.DF1.Z30.X.ITT.X,S18,DF1,Z30,X,ITT,X,1,"df1, Sprint 30 m","Plan 12.09., O9 P7 nachträglich",,A,Anhang G Protokoll
S18.DF1.SBJ.X.ITT.X,S18,DF1,SBJ,X,ITT,X,1,"df1, Standweitsprung","Plan 12.09., O9 P7 nachträglich",,A,Anhang G Protokoll
S18.DF1.CL.X.ITT.X,S18,DF1,CL,X,ITT,X,1,"df1, 505 links","Plan 12.09., O9 P7 nachträglich",,X,keine Inferenz für deskriptive Zielgrößen
S18.DF1.CR.X.ITT.X,S18,DF1,CR,X,ITT,X,1,"df1, 505 rechts","Plan 12.09., O9 P7 nachträglich",,X,keine Inferenz für deskriptive Zielgrößen
S18.DF1.CM.X.ITT.X,S18,DF1,CM,X,ITT,X,1,"df1, 505 Seitenmittel","Plan 12.09., O9 P7 nachträglich",,A,Anhang G Protokoll
S18.DF2.Z05.X.ITT.X,S18,DF2,Z05,X,ITT,X,1,"df2 = N − 4, Sprint 5 m","Plan 12.09., O9 P7 nachträglich",,X,keine Inferenz für deskriptive Zielgrößen
S18.DF2.Z10.X.ITT.X,S18,DF2,Z10,X,ITT,X,1,"df2 = N − 4, Sprint 10 m","Plan 12.09., O9 P7 nachträglich",,A,Anhang G Protokoll
S18.DF2.Z30.X.ITT.X,S18,DF2,Z30,X,ITT,X,1,"df2 = N − 4, Sprint 30 m","Plan 12.09., O9 P7 nachträglich",,A,Anhang G Protokoll
S18.DF2.SBJ.X.ITT.X,S18,DF2,SBJ,X,ITT,X,1,"df2 = N − 4, Standweitsprung","Plan 12.09., O9 P7 nachträglich",,A,Anhang G Protokoll
S18.DF2.CL.X.ITT.X,S18,DF2,CL,X,ITT,X,1,"df2 = N − 4, 505 links","Plan 12.09., O9 P7 nachträglich",,X,keine Inferenz für deskriptive Zielgrößen
S18.DF2.CR.X.ITT.X,S18,DF2,CR,X,ITT,X,1,"df2 = N − 4, 505 rechts","Plan 12.09., O9 P7 nachträglich",,X,keine Inferenz für deskriptive Zielgrößen
S18.DF2.CM.X.ITT.X,S18,DF2,CM,X,ITT,X,1,"df2 = N − 4, 505 Seitenmittel","Plan 12.09., O9 P7 nachträglich",,A,Anhang G Protokoll
S18.FCRIT.Z05.X.ITT.X,S18,FCRIT,Z05,X,ITT,X,1,"kritischer F-Wert, Sprint 5 m","Plan 12.09., O9 P7 nachträglich",,X,keine Inferenz für deskriptive Zielgrößen
S18.FCRIT.Z10.X.ITT.X,S18,FCRIT,Z10,X,ITT,X,1,"kritischer F-Wert, Sprint 10 m","Plan 12.09., O9 P7 nachträglich",,A,Anhang G Protokoll
S18.FCRIT.Z30.X.ITT.X,S18,FCRIT,Z30,X,ITT,X,1,"kritischer F-Wert, Sprint 30 m","Plan 12.09., O9 P7 nachträglich",,A,Anhang G Protokoll
S18.FCRIT.SBJ.X.ITT.X,S18,FCRIT,SBJ,X,ITT,X,1,"kritischer F-Wert, Standweitsprung","Plan 12.09., O9 P7 nachträglich",,A,Anhang G Protokoll
S18.FCRIT.CL.X.ITT.X,S18,FCRIT,CL,X,ITT,X,1,"kritischer F-Wert, 505 links","Plan 12.09., O9 P7 nachträglich",,X,keine Inferenz für deskriptive Zielgrößen
S18.FCRIT.CR.X.ITT.X,S18,FCRIT,CR,X,ITT,X,1,"kritischer F-Wert, 505 rechts","Plan 12.09., O9 P7 nachträglich",,X,keine Inferenz für deskriptive Zielgrößen
S18.FCRIT.CM.X.ITT.X,S18,FCRIT,CM,X,ITT,X,1,"kritischer F-Wert, 505 Seitenmittel","Plan 12.09., O9 P7 nachträglich",,A,Anhang G Protokoll
S18.MDES.Z05.X.ITT.X,S18,MDES,Z05,X,ITT,X,1,"MDES d*, Sprint 5 m","Plan 12.09., O9 P7 nachträglich",,X,kein Test für deskriptive Zielgrößen
S18.MDES.Z10.X.ITT.X,S18,MDES,Z10,X,ITT,X,1,"MDES d*, Sprint 10 m","Plan 12.09., O9 P7 nachträglich",,X,kein Test für deskriptive Zielgrößen
S18.MDES.Z30.X.ITT.X,S18,MDES,Z30,X,ITT,X,1,"MDES d*, Sprint 30 m","Plan 12.09., O9 P7 nachträglich",,T,"4.7, 6.2"
S18.MDES.SBJ.X.ITT.X,S18,MDES,SBJ,X,ITT,X,1,"MDES d*, Standweitsprung","Plan 12.09., O9 P7 nachträglich",,T,"4.7, 6.2"
S18.MDES.CL.X.ITT.X,S18,MDES,CL,X,ITT,X,1,"MDES d*, 505 links","Plan 12.09., O9 P7 nachträglich",,X,kein Test für deskriptive Zielgrößen
S18.MDES.CR.X.ITT.X,S18,MDES,CR,X,ITT,X,1,"MDES d*, 505 rechts","Plan 12.09., O9 P7 nachträglich",,X,kein Test für deskriptive Zielgrößen
S18.MDES.CM.X.ITT.X,S18,MDES,CM,X,ITT,X,1,"MDES d*, 505 Seitenmittel","Plan 12.09., O9 P7 nachträglich",,T,"4.7, 6.2"
S18.MDESR.Z05.X.ITT.X,S18,MDESR,Z05,X,ITT,X,1,"d* / 0,2, Sprint 5 m","Plan 12.09., O9 P7 nachträglich",,X,kein Test für deskriptive Zielgrößen
S18.MDESR.Z10.X.ITT.X,S18,MDESR,Z10,X,ITT,X,1,"d* / 0,2, Sprint 10 m","Plan 12.09., O9 P7 nachträglich",,X,kein Test für deskriptive Zielgrößen
S18.MDESR.Z30.X.ITT.X,S18,MDESR,Z30,X,ITT,X,1,"d* / 0,2, Sprint 30 m","Plan 12.09., O9 P7 nachträglich",,T,"4.7, 6.2"
S18.MDESR.SBJ.X.ITT.X,S18,MDESR,SBJ,X,ITT,X,1,"d* / 0,2, Standweitsprung","Plan 12.09., O9 P7 nachträglich",,T,"4.7, 6.2"
S18.MDESR.CL.X.ITT.X,S18,MDESR,CL,X,ITT,X,1,"d* / 0,2, 505 links","Plan 12.09., O9 P7 nachträglich",,X,kein Test für deskriptive Zielgrößen
S18.MDESR.CR.X.ITT.X,S18,MDESR,CR,X,ITT,X,1,"d* / 0,2, 505 rechts","Plan 12.09., O9 P7 nachträglich",,X,kein Test für deskriptive Zielgrößen
S18.MDESR.CM.X.ITT.X,S18,MDESR,CM,X,ITT,X,1,"d* / 0,2, 505 Seitenmittel","Plan 12.09., O9 P7 nachträglich",,T,"4.7, 6.2"
S18.POW.Z05.X.ITT.D006,S18,POW,Z05,X,ITT,D006,1,"Power bei d = 0,06, Sprint 5 m","Plan 12.09., O9 P7 nachträglich",,X,nicht im Plan genannte Kombination
S18.POW.Z05.X.ITT.D011,S18,POW,Z05,X,ITT,D011,1,"Power bei d = 0,11, Sprint 5 m","Plan 12.09., O9 P7 nachträglich",,X,nicht im Plan genannte Kombination
S18.POW.Z05.X.ITT.D037,S18,POW,Z05,X,ITT,D037,1,"Power bei d = 0,37, Sprint 5 m","Plan 12.09., O9 P7 nachträglich",,X,nicht im Plan genannte Kombination
S18.POW.Z05.X.ITT.D093,S18,POW,Z05,X,ITT,D093,1,"Power bei d = 0,93, Sprint 5 m","Plan 12.09., O9 P7 nachträglich",,X,nicht im Plan genannte Kombination
S18.POW.Z10.X.ITT.D006,S18,POW,Z10,X,ITT,D006,1,"Power bei d = 0,06, Sprint 10 m","Plan 12.09., O9 P7 nachträglich",,T,"4.7, 6.2 (im Plan genannte Kombination)"
S18.POW.Z10.X.ITT.D011,S18,POW,Z10,X,ITT,D011,1,"Power bei d = 0,11, Sprint 10 m","Plan 12.09., O9 P7 nachträglich",,T,"4.7, 6.2 (im Plan genannte Kombination)"
S18.POW.Z10.X.ITT.D037,S18,POW,Z10,X,ITT,D037,1,"Power bei d = 0,37, Sprint 10 m","Plan 12.09., O9 P7 nachträglich",,X,nicht im Plan genannte Kombination
S18.POW.Z10.X.ITT.D093,S18,POW,Z10,X,ITT,D093,1,"Power bei d = 0,93, Sprint 10 m","Plan 12.09., O9 P7 nachträglich",,X,nicht im Plan genannte Kombination
S18.POW.Z30.X.ITT.D006,S18,POW,Z30,X,ITT,D006,1,"Power bei d = 0,06, Sprint 30 m","Plan 12.09., O9 P7 nachträglich",,X,nicht im Plan genannte Kombination
S18.POW.Z30.X.ITT.D011,S18,POW,Z30,X,ITT,D011,1,"Power bei d = 0,11, Sprint 30 m","Plan 12.09., O9 P7 nachträglich",,X,nicht im Plan genannte Kombination
S18.POW.Z30.X.ITT.D037,S18,POW,Z30,X,ITT,D037,1,"Power bei d = 0,37, Sprint 30 m","Plan 12.09., O9 P7 nachträglich",,T,"4.7, 6.2 (im Plan genannte Kombination)"
S18.POW.Z30.X.ITT.D093,S18,POW,Z30,X,ITT,D093,1,"Power bei d = 0,93, Sprint 30 m","Plan 12.09., O9 P7 nachträglich",,T,"4.7, 6.2 (im Plan genannte Kombination)"
S18.POW.SBJ.X.ITT.D006,S18,POW,SBJ,X,ITT,D006,1,"Power bei d = 0,06, Standweitsprung","Plan 12.09., O9 P7 nachträglich",,X,nicht im Plan genannte Kombination
S18.POW.SBJ.X.ITT.D011,S18,POW,SBJ,X,ITT,D011,1,"Power bei d = 0,11, Standweitsprung","Plan 12.09., O9 P7 nachträglich",,X,nicht im Plan genannte Kombination
S18.POW.SBJ.X.ITT.D037,S18,POW,SBJ,X,ITT,D037,1,"Power bei d = 0,37, Standweitsprung","Plan 12.09., O9 P7 nachträglich",,T,"4.7, 6.2 (im Plan genannte Kombination)"
S18.POW.SBJ.X.ITT.D093,S18,POW,SBJ,X,ITT,D093,1,"Power bei d = 0,93, Standweitsprung","Plan 12.09., O9 P7 nachträglich",,T,"4.7, 6.2 (im Plan genannte Kombination)"
S18.POW.CL.X.ITT.D006,S18,POW,CL,X,ITT,D006,1,"Power bei d = 0,06, 505 links","Plan 12.09., O9 P7 nachträglich",,X,nicht im Plan genannte Kombination
S18.POW.CL.X.ITT.D011,S18,POW,CL,X,ITT,D011,1,"Power bei d = 0,11, 505 links","Plan 12.09., O9 P7 nachträglich",,X,nicht im Plan genannte Kombination
S18.POW.CL.X.ITT.D037,S18,POW,CL,X,ITT,D037,1,"Power bei d = 0,37, 505 links","Plan 12.09., O9 P7 nachträglich",,X,nicht im Plan genannte Kombination
S18.POW.CL.X.ITT.D093,S18,POW,CL,X,ITT,D093,1,"Power bei d = 0,93, 505 links","Plan 12.09., O9 P7 nachträglich",,X,nicht im Plan genannte Kombination
S18.POW.CR.X.ITT.D006,S18,POW,CR,X,ITT,D006,1,"Power bei d = 0,06, 505 rechts","Plan 12.09., O9 P7 nachträglich",,X,nicht im Plan genannte Kombination
S18.POW.CR.X.ITT.D011,S18,POW,CR,X,ITT,D011,1,"Power bei d = 0,11, 505 rechts","Plan 12.09., O9 P7 nachträglich",,X,nicht im Plan genannte Kombination
S18.POW.CR.X.ITT.D037,S18,POW,CR,X,ITT,D037,1,"Power bei d = 0,37, 505 rechts","Plan 12.09., O9 P7 nachträglich",,X,nicht im Plan genannte Kombination
S18.POW.CR.X.ITT.D093,S18,POW,CR,X,ITT,D093,1,"Power bei d = 0,93, 505 rechts","Plan 12.09., O9 P7 nachträglich",,X,nicht im Plan genannte Kombination
S18.POW.CM.X.ITT.D006,S18,POW,CM,X,ITT,D006,1,"Power bei d = 0,06, 505 Seitenmittel","Plan 12.09., O9 P7 nachträglich",,X,nicht im Plan genannte Kombination
S18.POW.CM.X.ITT.D011,S18,POW,CM,X,ITT,D011,1,"Power bei d = 0,11, 505 Seitenmittel","Plan 12.09., O9 P7 nachträglich",,X,nicht im Plan genannte Kombination
S18.POW.CM.X.ITT.D037,S18,POW,CM,X,ITT,D037,1,"Power bei d = 0,37, 505 Seitenmittel","Plan 12.09., O9 P7 nachträglich",,T,"4.7, 6.2 (im Plan genannte Kombination)"
S18.POW.CM.X.ITT.D093,S18,POW,CM,X,ITT,D093,1,"Power bei d = 0,93, 505 Seitenmittel","Plan 12.09., O9 P7 nachträglich",,T,"4.7, 6.2 (im Plan genannte Kombination)"
S19.BKIU.Z30.X.ITT.BOOT,S19,BKIU,Z30,X,ITT,BOOT,s,"untere Bootstrap-Perzentilgrenze b1, Sprint 30 m","nachträglich (O8, Nachtrag N3)",,T,"5.2 Satz, Tab. H4"
S19.BKIU.CM.X.ITT.BOOT,S19,BKIU,CM,X,ITT,BOOT,s,"untere Bootstrap-Perzentilgrenze b1, 505 Seitenmittel","nachträglich (O8, Nachtrag N3)",,T,"5.2 Satz, Tab. H4"
S19.BKIU.SBJ.X.ITT.BOOT,S19,BKIU,SBJ,X,ITT,BOOT,cm,"untere Bootstrap-Perzentilgrenze b1, Standweitsprung","nachträglich (O8, Nachtrag N3)",,T,"5.2 Satz, Tab. H4"
S19.BKIO.Z30.X.ITT.BOOT,S19,BKIO,Z30,X,ITT,BOOT,s,"obere Bootstrap-Perzentilgrenze b1, Sprint 30 m","nachträglich (O8, Nachtrag N3)",,T,"5.2 Satz, Tab. H4"
S19.BKIO.CM.X.ITT.BOOT,S19,BKIO,CM,X,ITT,BOOT,s,"obere Bootstrap-Perzentilgrenze b1, 505 Seitenmittel","nachträglich (O8, Nachtrag N3)",,T,"5.2 Satz, Tab. H4"
S19.BKIO.SBJ.X.ITT.BOOT,S19,BKIO,SBJ,X,ITT,BOOT,cm,"obere Bootstrap-Perzentilgrenze b1, Standweitsprung","nachträglich (O8, Nachtrag N3)",,T,"5.2 Satz, Tab. H4"
S19.BSD.Z30.X.ITT.BOOT,S19,BSD,Z30,X,ITT,BOOT,s,"SD der gültigen b1*, Sprint 30 m","nachträglich (O8, Nachtrag N3)",,A,"Tab. H4, Anhang G"
S19.BSD.CM.X.ITT.BOOT,S19,BSD,CM,X,ITT,BOOT,s,"SD der gültigen b1*, 505 Seitenmittel","nachträglich (O8, Nachtrag N3)",,A,"Tab. H4, Anhang G"
S19.BSD.SBJ.X.ITT.BOOT,S19,BSD,SBJ,X,ITT,BOOT,cm,"SD der gültigen b1*, Standweitsprung","nachträglich (O8, Nachtrag N3)",,A,"Tab. H4, Anhang G"
S19.BMCU.Z30.X.ITT.BOOT,S19,BMCU,Z30,X,ITT,BOOT,s,"MC-SE untere Grenze, Sprint 30 m","nachträglich (O8, Nachtrag N3)",,A,"Tab. H4, Anhang G"
S19.BMCU.CM.X.ITT.BOOT,S19,BMCU,CM,X,ITT,BOOT,s,"MC-SE untere Grenze, 505 Seitenmittel","nachträglich (O8, Nachtrag N3)",,A,"Tab. H4, Anhang G"
S19.BMCU.SBJ.X.ITT.BOOT,S19,BMCU,SBJ,X,ITT,BOOT,cm,"MC-SE untere Grenze, Standweitsprung","nachträglich (O8, Nachtrag N3)",,A,"Tab. H4, Anhang G"
S19.BMCO.Z30.X.ITT.BOOT,S19,BMCO,Z30,X,ITT,BOOT,s,"MC-SE obere Grenze, Sprint 30 m","nachträglich (O8, Nachtrag N3)",,A,"Tab. H4, Anhang G"
S19.BMCO.CM.X.ITT.BOOT,S19,BMCO,CM,X,ITT,BOOT,s,"MC-SE obere Grenze, 505 Seitenmittel","nachträglich (O8, Nachtrag N3)",,A,"Tab. H4, Anhang G"
S19.BMCO.SBJ.X.ITT.BOOT,S19,BMCO,SBJ,X,ITT,BOOT,cm,"MC-SE obere Grenze, Standweitsprung","nachträglich (O8, Nachtrag N3)",,A,"Tab. H4, Anhang G"
S19.BNGUELT.Z30.X.ITT.BOOT,S19,BNGUELT,Z30,X,ITT,BOOT,1,"gültige Ziehungen, Sprint 30 m","nachträglich (O8, Nachtrag N3)",,A,"Tab. H4, Anhang G"
S19.BNGUELT.CM.X.ITT.BOOT,S19,BNGUELT,CM,X,ITT,BOOT,1,"gültige Ziehungen, 505 Seitenmittel","nachträglich (O8, Nachtrag N3)",,A,"Tab. H4, Anhang G"
S19.BNGUELT.SBJ.X.ITT.BOOT,S19,BNGUELT,SBJ,X,ITT,BOOT,1,"gültige Ziehungen, Standweitsprung","nachträglich (O8, Nachtrag N3)",,A,"Tab. H4, Anhang G"
S19.BNVERW.Z30.X.ITT.BOOT,S19,BNVERW,Z30,X,ITT,BOOT,1,"verworfene Ziehungen, Sprint 30 m","nachträglich (O8, Nachtrag N3)",,A,"Tab. H4, Anhang G"
S19.BNVERW.CM.X.ITT.BOOT,S19,BNVERW,CM,X,ITT,BOOT,1,"verworfene Ziehungen, 505 Seitenmittel","nachträglich (O8, Nachtrag N3)",,A,"Tab. H4, Anhang G"
S19.BNVERW.SBJ.X.ITT.BOOT,S19,BNVERW,SBJ,X,ITT,BOOT,1,"verworfene Ziehungen, Standweitsprung","nachträglich (O8, Nachtrag N3)",,A,"Tab. H4, Anhang G"
S13.PREM.CM.X.ITT.HAUPT,S13,PREM,CM,X,ITT,HAUPT,"s, cm oder %","Mittel des Prä-Werts im Analyseset (Auswertungspunkt der Modelllinien), CM (N4)","nachträglich (Nachtrag 2, N4), Entwurf 24.09.2026",,I,Abb. 2 Modelllinien
S13.PAHM.CM.X.ITT.HAUPT,S13,PAHM,CM,X,ITT,HAUPT,"s, cm oder %","Mittel von %PAH im Analyseset (Auswertungspunkt der Modelllinien), CM (N4)","nachträglich (Nachtrag 2, N4), Entwurf 24.09.2026",,I,Abb. 2 Modelllinien
S13.PREM.SBJ.X.ITT.HAUPT,S13,PREM,SBJ,X,ITT,HAUPT,"s, cm oder %","Mittel des Prä-Werts im Analyseset (Auswertungspunkt der Modelllinien), SBJ (N4)","nachträglich (Nachtrag 2, N4), Entwurf 24.09.2026",,I,Abb. 2 Modelllinien
S13.PAHM.SBJ.X.ITT.HAUPT,S13,PAHM,SBJ,X,ITT,HAUPT,"s, cm oder %","Mittel von %PAH im Analyseset (Auswertungspunkt der Modelllinien), SBJ (N4)","nachträglich (Nachtrag 2, N4), Entwurf 24.09.2026",,I,Abb. 2 Modelllinien
S13.PREM.Z30.X.ITT.HAUPT,S13,PREM,Z30,X,ITT,HAUPT,"s, cm oder %","Mittel des Prä-Werts im Analyseset (Auswertungspunkt der Modelllinien), Z30 (N4)","nachträglich (Nachtrag 2, N4), Entwurf 24.09.2026",,I,Abb. 2 Modelllinien
S13.PAHM.Z30.X.ITT.HAUPT,S13,PAHM,Z30,X,ITT,HAUPT,"s, cm oder %","Mittel von %PAH im Analyseset (Auswertungspunkt der Modelllinien), Z30 (N4)","nachträglich (Nachtrag 2, N4), Entwurf 24.09.2026",,I,Abb. 2 Modelllinien
S12.N.AGE.PRE.ANAIG.X,S12,N,AGE,PRE,ANAIG,X,1,"N von AGE in der Analysepopulation (Vereinigung der ITT-Sets aller Zielgrößen), Gruppe IG (N4)","nachträglich (Nachtrag 2, N4), Entwurf 24.09.2026",,T,"Tab. 2, 4.2"
S12.N.AGE.PRE.ANAKG.X,S12,N,AGE,PRE,ANAKG,X,1,"N von AGE in der Analysepopulation (Vereinigung der ITT-Sets aller Zielgrößen), Gruppe KG (N4)","nachträglich (Nachtrag 2, N4), Entwurf 24.09.2026",,T,"Tab. 2, 4.2"
S12.M.AGE.PRE.ANAIG.X,S12,M,AGE,PRE,ANAIG,X,Jahre,"M von AGE in der Analysepopulation (Vereinigung der ITT-Sets aller Zielgrößen), Gruppe IG (N4)","nachträglich (Nachtrag 2, N4), Entwurf 24.09.2026",,T,"Tab. 2, 4.2"
S12.M.AGE.PRE.ANAKG.X,S12,M,AGE,PRE,ANAKG,X,Jahre,"M von AGE in der Analysepopulation (Vereinigung der ITT-Sets aller Zielgrößen), Gruppe KG (N4)","nachträglich (Nachtrag 2, N4), Entwurf 24.09.2026",,T,"Tab. 2, 4.2"
S12.SD.AGE.PRE.ANAIG.X,S12,SD,AGE,PRE,ANAIG,X,Jahre,"SD von AGE in der Analysepopulation (Vereinigung der ITT-Sets aller Zielgrößen), Gruppe IG (N4)","nachträglich (Nachtrag 2, N4), Entwurf 24.09.2026",,T,"Tab. 2, 4.2"
S12.SD.AGE.PRE.ANAKG.X,S12,SD,AGE,PRE,ANAKG,X,Jahre,"SD von AGE in der Analysepopulation (Vereinigung der ITT-Sets aller Zielgrößen), Gruppe KG (N4)","nachträglich (Nachtrag 2, N4), Entwurf 24.09.2026",,T,"Tab. 2, 4.2"
S12.N.HGT.PRE.ANAIG.X,S12,N,HGT,PRE,ANAIG,X,1,"N von HGT in der Analysepopulation (Vereinigung der ITT-Sets aller Zielgrößen), Gruppe IG (N4)","nachträglich (Nachtrag 2, N4), Entwurf 24.09.2026",,T,"Tab. 2, 4.2"
S12.N.HGT.PRE.ANAKG.X,S12,N,HGT,PRE,ANAKG,X,1,"N von HGT in der Analysepopulation (Vereinigung der ITT-Sets aller Zielgrößen), Gruppe KG (N4)","nachträglich (Nachtrag 2, N4), Entwurf 24.09.2026",,T,"Tab. 2, 4.2"
S12.M.HGT.PRE.ANAIG.X,S12,M,HGT,PRE,ANAIG,X,cm,"M von HGT in der Analysepopulation (Vereinigung der ITT-Sets aller Zielgrößen), Gruppe IG (N4)","nachträglich (Nachtrag 2, N4), Entwurf 24.09.2026",,T,"Tab. 2, 4.2"
S12.M.HGT.PRE.ANAKG.X,S12,M,HGT,PRE,ANAKG,X,cm,"M von HGT in der Analysepopulation (Vereinigung der ITT-Sets aller Zielgrößen), Gruppe KG (N4)","nachträglich (Nachtrag 2, N4), Entwurf 24.09.2026",,T,"Tab. 2, 4.2"
S12.SD.HGT.PRE.ANAIG.X,S12,SD,HGT,PRE,ANAIG,X,cm,"SD von HGT in der Analysepopulation (Vereinigung der ITT-Sets aller Zielgrößen), Gruppe IG (N4)","nachträglich (Nachtrag 2, N4), Entwurf 24.09.2026",,T,"Tab. 2, 4.2"
S12.SD.HGT.PRE.ANAKG.X,S12,SD,HGT,PRE,ANAKG,X,cm,"SD von HGT in der Analysepopulation (Vereinigung der ITT-Sets aller Zielgrößen), Gruppe KG (N4)","nachträglich (Nachtrag 2, N4), Entwurf 24.09.2026",,T,"Tab. 2, 4.2"
S12.N.MASS.PRE.ANAIG.X,S12,N,MASS,PRE,ANAIG,X,1,"N von MASS in der Analysepopulation (Vereinigung der ITT-Sets aller Zielgrößen), Gruppe IG (N4)","nachträglich (Nachtrag 2, N4), Entwurf 24.09.2026",,T,"Tab. 2, 4.2"
S12.N.MASS.PRE.ANAKG.X,S12,N,MASS,PRE,ANAKG,X,1,"N von MASS in der Analysepopulation (Vereinigung der ITT-Sets aller Zielgrößen), Gruppe KG (N4)","nachträglich (Nachtrag 2, N4), Entwurf 24.09.2026",,T,"Tab. 2, 4.2"
S12.M.MASS.PRE.ANAIG.X,S12,M,MASS,PRE,ANAIG,X,kg,"M von MASS in der Analysepopulation (Vereinigung der ITT-Sets aller Zielgrößen), Gruppe IG (N4)","nachträglich (Nachtrag 2, N4), Entwurf 24.09.2026",,T,"Tab. 2, 4.2"
S12.M.MASS.PRE.ANAKG.X,S12,M,MASS,PRE,ANAKG,X,kg,"M von MASS in der Analysepopulation (Vereinigung der ITT-Sets aller Zielgrößen), Gruppe KG (N4)","nachträglich (Nachtrag 2, N4), Entwurf 24.09.2026",,T,"Tab. 2, 4.2"
S12.SD.MASS.PRE.ANAIG.X,S12,SD,MASS,PRE,ANAIG,X,kg,"SD von MASS in der Analysepopulation (Vereinigung der ITT-Sets aller Zielgrößen), Gruppe IG (N4)","nachträglich (Nachtrag 2, N4), Entwurf 24.09.2026",,T,"Tab. 2, 4.2"
S12.SD.MASS.PRE.ANAKG.X,S12,SD,MASS,PRE,ANAKG,X,kg,"SD von MASS in der Analysepopulation (Vereinigung der ITT-Sets aller Zielgrößen), Gruppe KG (N4)","nachträglich (Nachtrag 2, N4), Entwurf 24.09.2026",,T,"Tab. 2, 4.2"
S12.N.PAH.PRE.ANAIG.X,S12,N,PAH,PRE,ANAIG,X,1,"N von PAH in der Analysepopulation (Vereinigung der ITT-Sets aller Zielgrößen), Gruppe IG (N4)","nachträglich (Nachtrag 2, N4), Entwurf 24.09.2026",,T,"Tab. 2, 4.2"
S12.N.PAH.PRE.ANAKG.X,S12,N,PAH,PRE,ANAKG,X,1,"N von PAH in der Analysepopulation (Vereinigung der ITT-Sets aller Zielgrößen), Gruppe KG (N4)","nachträglich (Nachtrag 2, N4), Entwurf 24.09.2026",,T,"Tab. 2, 4.2"
S12.M.PAH.PRE.ANAIG.X,S12,M,PAH,PRE,ANAIG,X,%,"M von PAH in der Analysepopulation (Vereinigung der ITT-Sets aller Zielgrößen), Gruppe IG (N4)","nachträglich (Nachtrag 2, N4), Entwurf 24.09.2026",,T,"Tab. 2, 4.2"
S12.M.PAH.PRE.ANAKG.X,S12,M,PAH,PRE,ANAKG,X,%,"M von PAH in der Analysepopulation (Vereinigung der ITT-Sets aller Zielgrößen), Gruppe KG (N4)","nachträglich (Nachtrag 2, N4), Entwurf 24.09.2026",,T,"Tab. 2, 4.2"
S12.SD.PAH.PRE.ANAIG.X,S12,SD,PAH,PRE,ANAIG,X,%,"SD von PAH in der Analysepopulation (Vereinigung der ITT-Sets aller Zielgrößen), Gruppe IG (N4)","nachträglich (Nachtrag 2, N4), Entwurf 24.09.2026",,T,"Tab. 2, 4.2"
S12.SD.PAH.PRE.ANAKG.X,S12,SD,PAH,PRE,ANAKG,X,%,"SD von PAH in der Analysepopulation (Vereinigung der ITT-Sets aller Zielgrößen), Gruppe KG (N4)","nachträglich (Nachtrag 2, N4), Entwurf 24.09.2026",,T,"Tab. 2, 4.2"
