einheit,abschnitt,art,absatz,zelle,zahl,links,rechts,klasse,quelle
11,Vorspann,Absatz,11,,15,wechsel- und Sprungleistung männlicher U,-Fußballspieler,Kennzahl neu (mehrdeutig),"K-04.18, K-04.4, K-05.8 SBJ, K-10.16 W5, K-10.9"
18,Vorspann,Absatz,18,,604606,Matrikelnummer:,,ungedeckt,
27,Vorspann,Absatz,27,,26.03.2025,ie zur Verwendung generativer KI (Stand,", S. 5) – gegen die Muste",Zitatdatum,
27,Vorspann,Absatz,27,,5,"ng generativer KI (Stand 26.03.2025, S.",) – gegen die Mustervorga,Seitenangabe,
27,Vorspann,Absatz,27,,14,m Betreuer klären (Projektanweisungen §,):⟩,Kennzahl neu (mehrdeutig),"K-01.17, K-04.19, K-04.5, K-05.5, K-05.8 SBJ, K-05.8 Z05 …"
44,2.1 Plyometrisches Training – Grundlagen,Absatz,44,,2010,"s-Zyklus (DVZ) ist (Markovic & Mikulic,",). Der DVZ beschreibt ein,Zitatjahr,
44,2.1 Plyometrisches Training – Grundlagen,Absatz,44,,2006,"rauf verkürzend arbeitet (Nicol et al.,",),Zitatjahr,
44,2.1 Plyometrisches Training – Grundlagen,Absatz,44,,2017,"größer die Potenzierung (Radnor et al.,",). Isolierte isometrische,Zitatjahr,
44,2.1 Plyometrisches Training – Grundlagen,Absatz,44,,2006,"lettmuskulatur anzusehen (Nicol et al.,",). Die Bedeutung dieser F,Zitatjahr,
44,2.1 Plyometrisches Training – Grundlagen,Absatz,44,,15,uchsfußball weist für die Altersklasse U,Gesamtlaufstrecken zwisc,Literaturangabe (Kapitel 1 bis 3),
44,2.1 Plyometrisches Training – Grundlagen,Absatz,44,,4100,se U15 Gesamtlaufstrecken zwischen etwa,und 8100 m je Spiel aus,Literaturangabe (Kapitel 1 bis 3),
44,2.1 Plyometrisches Training – Grundlagen,Absatz,44,,8100,samtlaufstrecken zwischen etwa 4100 und,m je Spiel aus,"Testname, Messstrecke",
44,2.1 Plyometrisches Training – Grundlagen,Absatz,44,,2019,"n werden dürfen (Palucci Vieira et al.,",). Für norwegische U14-Sp,Zitatjahr,
44,2.1 Plyometrisches Training – Grundlagen,Absatz,44,,14,"Vieira et al., 2019). Für norwegische U",-Spieler wurden in 23 off,Literaturangabe (Kapitel 1 bis 3),
44,2.1 Plyometrisches Training – Grundlagen,Absatz,44,,23,. Für norwegische U14-Spieler wurden in,offiziellen Wettkampfspi,Literaturangabe (Kapitel 1 bis 3),
44,2.1 Plyometrisches Training – Grundlagen,Absatz,44,,35,spielen (normiert auf zwei Halbzeiten à,Minuten) im Mittel 7645,Literaturangabe (Kapitel 1 bis 3),
44,2.1 Plyometrisches Training – Grundlagen,Absatz,44,,7645,zwei Halbzeiten à 35 Minuten) im Mittel,"± 840 m dokumentiert, wo",Literaturangabe (Kapitel 1 bis 3),
44,2.1 Plyometrisches Training – Grundlagen,Absatz,44,,840,lbzeiten à 35 Minuten) im Mittel 7645 ±,"m dokumentiert, wovon 12","Testname, Messstrecke",
44,2.1 Plyometrisches Training – Grundlagen,Absatz,44,,1218,"Mittel 7645 ± 840 m dokumentiert, wovon",± 398 m auf hochintensiv,Literaturangabe (Kapitel 1 bis 3),
44,2.1 Plyometrisches Training – Grundlagen,Absatz,44,,398,"7645 ± 840 m dokumentiert, wovon 1218 ±",m auf hochintensives Lau,"Testname, Messstrecke",
44,2.1 Plyometrisches Training – Grundlagen,Absatz,44,,"13,6",1218 ± 398 m auf hochintensives Laufen (,"–18,5 km/h) und 471 ± 221",Literaturangabe (Kapitel 1 bis 3),
44,2.1 Plyometrisches Training – Grundlagen,Absatz,44,,"18,5","± 398 m auf hochintensives Laufen (13,6–",km/h) und 471 ± 221 m au,Literaturangabe (Kapitel 1 bis 3),
44,2.1 Plyometrisches Training – Grundlagen,Absatz,44,,471,"hintensives Laufen (13,6–18,5 km/h) und",± 221 m auf Sprinten (üb,Literaturangabe (Kapitel 1 bis 3),
44,2.1 Plyometrisches Training – Grundlagen,Absatz,44,,221,"sives Laufen (13,6–18,5 km/h) und 471 ±","m auf Sprinten (über 18,","Testname, Messstrecke",
44,2.1 Plyometrisches Training – Grundlagen,Absatz,44,,"18,5",m/h) und 471 ± 221 m auf Sprinten (über,km/h) entfielen,Literaturangabe (Kapitel 1 bis 3),
44,2.1 Plyometrisches Training – Grundlagen,Absatz,44,,22,zusammen sind das rund,% der Gesamtstrecke (Alg,Literaturangabe (Kapitel 1 bis 3),
44,2.1 Plyometrisches Training – Grundlagen,Absatz,44,,2021,"22 % der Gesamtstrecke (Algroy et al.,",). Beschleunigungs- und A,Zitatjahr,
44,2.1 Plyometrisches Training – Grundlagen,Absatz,44,,2019,"eiten auftreten (Palucci Vieira et al.,",). Die zugehörigen Fähigk,Zitatjahr,
44,2.1 Plyometrisches Training – Grundlagen,Absatz,44,,2022,"mfasst und nach McBurnie, Parr, et al. (",) fünf Komponenten einsch,Zitatjahr,
44,2.1 Plyometrisches Training – Grundlagen,Absatz,44,,2006,"pische Beispiele genannt (Nicol et al.,",).,Zitatjahr,
45,2.1 Plyometrisches Training – Grundlagen,Absatz,45,,2006,"es Menschen nachgewiesen (Nicol et al.,",). Zur Erklärung werden m,Zitatjahr,
45,2.1 Plyometrisches Training – Grundlagen,Absatz,45,,2017,"ie vorangehende Dehnung (Radnor et al.,","), ergänzt um die durch d",Zitatjahr,
45,2.1 Plyometrisches Training – Grundlagen,Absatz,45,,2010,"und schnellem DVZ (Markovic & Mikulic,",). Die elastische Energie,Zitatjahr,
45,2.1 Plyometrisches Training – Grundlagen,Absatz,45,,2006,"nt der Kraftpotenzierung (Nicol et al.,",),Zitatjahr,
45,2.1 Plyometrisches Training – Grundlagen,Absatz,45,,2021,"egungen zu bestreiten (Fukutani et al.,",). Nach der Dauer des Bod,Zitatjahr,
45,2.1 Plyometrisches Training – Grundlagen,Absatz,45,,250,"unterschieden, wobei eine Schwelle von",Millisekunden gebräuchli,Literaturangabe (Kapitel 1 bis 3),
45,2.1 Plyometrisches Training – Grundlagen,Absatz,45,,2011,"den Countermovement Jump (Lloyd et al.,",). Beide Ausprägungen unt,Zitatjahr,
45,2.1 Plyometrisches Training – Grundlagen,Absatz,45,,2011,"tung gezielt anzusteuern (Lloyd et al.,",).,Zitatjahr,
46,2.1 Plyometrisches Training – Grundlagen,Absatz,46,,2014,"ometrischem Training (Turner & Stewart,",). Für plyometrisches Tra,Zitatjahr,
46,2.1 Plyometrisches Training – Grundlagen,Absatz,46,,2014,"leistung beschrieben (Turner & Stewart,",),Zitatjahr,
46,2.1 Plyometrisches Training – Grundlagen,Absatz,46,,2010,"uneinheitlich sind (Markovic & Mikulic,",),Zitatjahr,
46,2.1 Plyometrisches Training – Grundlagen,Absatz,46,,2011,"ngen ebenfalls berichtet (Lloyd et al.,",). Diese Wirkungsrichtung,Zitatjahr,
46,2.1 Plyometrisches Training – Grundlagen,Absatz,46,,2025,"Richtungswechselleistung (Zheng et al.,","), bei jungen männlichen",Zitatjahr,
46,2.1 Plyometrisches Training – Grundlagen,Absatz,46,,2020,"printleistung (Ramirez-Campillo et al.,",) und bei hochtrainierten,Zitatjahr,
46,2.1 Plyometrisches Training – Grundlagen,Absatz,46,,3,"rn – Akademie- oder Auswahlniveau, Tier",nach McKay et al. (2022),Fachbezeichnung,"niveau, Tier"
46,2.1 Plyometrisches Training – Grundlagen,Absatz,46,,2022,"uswahlniveau, Tier 3 nach McKay et al. (",") – Kraft-, Schnellkraft-",Zitatjahr,
46,2.1 Plyometrisches Training – Grundlagen,Absatz,46,,2024,"und Schnelligkeitsmaße (Oliver et al.,",),Zitatjahr,
46,2.1 Plyometrisches Training – Grundlagen,Absatz,46,,2010,"achsenen berichtet (Markovic & Mikulic,",). Die Sprintzuwächse fal,Zitatjahr,
46,2.1 Plyometrisches Training – Grundlagen,Absatz,46,,2024,"n dabei meist klein aus (Oliver et al.,","), und im Nachwuchs war K",Zitatjahr,
46,2.1 Plyometrisches Training – Grundlagen,Absatz,46,,2017,"als Schnellkrafttraining (Behm et al.,",). Ein vergleichender Übe,Zitatjahr,
46,2.1 Plyometrisches Training – Grundlagen,Absatz,46,,2.5.,h der Effektgrößen erfolgt in Abschnitt,,Verweis,Abschnittsverweis
47,2.1 Plyometrisches Training – Grundlagen,Absatz,47,,15,drei Einheiten pro Woche über sechs bis,Wochen verbesserten in g,Literaturangabe (Kapitel 1 bis 3),
47,2.1 Plyometrisches Training – Grundlagen,Absatz,47,,2010,"unteren Extremität (Markovic & Mikulic,",),Zitatjahr,
47,2.1 Plyometrisches Training – Grundlagen,Absatz,47,,2024,"men bedeutsame Zuwächse (Oliver et al.,",,Zitatjahr,
47,2.1 Plyometrisches Training – Grundlagen,Absatz,47,,2023,"Ramirez-Campillo et al.,",,Zitatjahr,
47,2.1 Plyometrisches Training – Grundlagen,Absatz,47,,2025,"Zheng et al.,",). Ob die Programmdauer d,Zitatjahr,
47,2.1 Plyometrisches Training – Grundlagen,Absatz,47,,2.5.,"Effekts moderiert, behandelt Abschnitt",Als zugrundeliegende Anp,Verweis,Abschnittsverweis
47,2.1 Plyometrisches Training – Grundlagen,Absatz,47,,2010,"inzelfasermechanik (Markovic & Mikulic,",). In Programmen von weni,Zitatjahr,
47,2.1 Plyometrisches Training – Grundlagen,Absatz,47,,2023,"Dauer zunimmt (Ramirez-Campillo et al.,",),Zitatjahr,
47,2.1 Plyometrisches Training – Grundlagen,Absatz,47,,2010,"rammen beschrieben (Markovic & Mikulic,",). Belastungsverträglichk,Zitatjahr,
47,2.1 Plyometrisches Training – Grundlagen,Absatz,47,,2.2,sie werden in Abschnitt,dargestellt.,Verweis,Abschnittsverweis
48,2.1 Plyometrisches Training – Grundlagen,Absatz,48,,2011,"igkeit und Übungsauswahl (Lloyd et al.,",). Der Umfang wird über d,Zitatjahr,
48,2.1 Plyometrisches Training – Grundlagen,Absatz,48,,2011,"satzlast variieren lässt (Lloyd et al.,",,Zitatjahr,
48,2.1 Plyometrisches Training – Grundlagen,Absatz,48,,2023,"Ramirez-Campillo et al.,",). Eine Metaanalyse von 5,Zitatjahr,
48,2.1 Plyometrisches Training – Grundlagen,Absatz,48,,56,"llo et al., 2023). Eine Metaanalyse von",Studien an Stichproben m,Literaturangabe (Kapitel 1 bis 3),
48,2.1 Plyometrisches Training – Grundlagen,Absatz,48,,11,oben mit einem mittleren Alter zwischen,und 31 Jahren und mit de,Literaturangabe (Kapitel 1 bis 3),
48,2.1 Plyometrisches Training – Grundlagen,Absatz,48,,31,t einem mittleren Alter zwischen 11 und,Jahren und mit der verti,Literaturangabe (Kapitel 1 bis 3),
48,2.1 Plyometrisches Training – Grundlagen,Absatz,48,,20,"uern von mehr als zehn Wochen, mehr als",Einheiten und mehr als 5,Literaturangabe (Kapitel 1 bis 3),
48,2.1 Plyometrisches Training – Grundlagen,Absatz,48,,50,"hen, mehr als 20 Einheiten und mehr als",Sprünge je Einheit als d,Literaturangabe (Kapitel 1 bis 3),
48,2.1 Plyometrisches Training – Grundlagen,Absatz,48,,2009,"rlegen (Sáez-Sáez de Villarreal et al.,",). Die Höhe der Zuwächse,Zitatjahr,
48,2.1 Plyometrisches Training – Grundlagen,Absatz,48,,2009,"gungen (Sáez-Sáez de Villarreal et al.,",). Für Heranwachsende lie,Zitatjahr,
48,2.1 Plyometrisches Training – Grundlagen,Absatz,48,,2023,"ht nachweisen (Ramirez-Campillo et al.,",). Die für diese Altersgr,Zitatjahr,
48,2.1 Plyometrisches Training – Grundlagen,Absatz,48,,92,"heiten pro Woche, ein Einstieg bei etwa",Sprüngen pro Woche mit s,Literaturangabe (Kapitel 1 bis 3),
48,2.1 Plyometrisches Training – Grundlagen,Absatz,48,,600,r Steigerung sowie ein Gesamtumfang von,bis 1000 Sprüngen (Ramir,Literaturangabe (Kapitel 1 bis 3),
48,2.1 Plyometrisches Training – Grundlagen,Absatz,48,,1000,rung sowie ein Gesamtumfang von 600 bis,Sprüngen (Ramirez-Campil,Literaturangabe (Kapitel 1 bis 3),
48,2.1 Plyometrisches Training – Grundlagen,Absatz,48,,2023,"1000 Sprüngen (Ramirez-Campillo et al.,",). Für die vorliegende In,Zitatjahr,
48,2.1 Plyometrisches Training – Grundlagen,Absatz,48,,4.5.1,s Wochen und zwölf Einheiten (Abschnitt,") bedeutet dies, dass sie",Verweis,Abschnittsverweis
48,2.1 Plyometrisches Training – Grundlagen,Absatz,48,,2.5,Vorab-Erwartung wird in den Abschnitten,und 3 entwickelt. Die Pr,Verweis,Abschnittsverweis
48,2.1 Plyometrisches Training – Grundlagen,Absatz,48,,3,wartung wird in den Abschnitten 2.5 und,entwickelt. Die Progress,Literaturangabe (Kapitel 1 bis 3),
48,2.1 Plyometrisches Training – Grundlagen,Absatz,48,,2.2,elastungsprinzipien werden in Abschnitt,im Zusammenhang mit der,Verweis,Abschnittsverweis
49,2.1 Plyometrisches Training – Grundlagen,Absatz,49,,2023,"ausschließen (Ramirez-Campillo et al.,","), und uneinheitliche Rei",Zitatjahr,
49,2.1 Plyometrisches Training – Grundlagen,Absatz,49,,2024,"norts Moderatoranalysen (Oliver et al.,",). Im Kindes- und Jugenda,Zitatjahr,
51,2.2 Biologische Reifung und Trainierbarkeit im Nachwuchs,Absatz,51,,2017,"zum adulten Organismus (Radnor et al.,",),Zitatjahr,
51,2.2 Biologische Reifung und Trainierbarkeit im Nachwuchs,Absatz,51,,2017,"tschritts) beschreiben (Cumming et al.,",). Spieler gleichen kalen,Zitatjahr,
51,2.2 Biologische Reifung und Trainierbarkeit im Nachwuchs,Absatz,51,,14,"d Leistung, die zwischen dem elften und",. Lebensjahr am größten s,Literaturangabe (Kapitel 1 bis 3),
51,2.2 Biologische Reifung und Trainierbarkeit im Nachwuchs,Absatz,51,,2017,"nsjahr am größten sind (Cumming et al.,",). Referenzpunkt der soma,Zitatjahr,
51,2.2 Biologische Reifung und Trainierbarkeit im Nachwuchs,Absatz,51,,"14,1",britischen Referenzdaten im Mittel bei,Jahren mit maximalen Zuw,Literaturangabe (Kapitel 1 bis 3),
51,2.2 Biologische Reifung und Trainierbarkeit im Nachwuchs,Absatz,51,,"10,3",ren mit maximalen Zuwachsraten von etwa,cm pro Jahr verorten (Ta,Literaturangabe (Kapitel 1 bis 3),
51,2.2 Biologische Reifung und Trainierbarkeit im Nachwuchs,Absatz,51,,1966,",3 cm pro Jahr verorten (Tanner et al.,",). Die hier untersuchten,Zitatjahr,
51,2.2 Biologische Reifung und Trainierbarkeit im Nachwuchs,Absatz,51,,2011,hier untersuchten Spieler der Jahrgänge,und 2012 lagen zum Unter,Literaturangabe (Kapitel 1 bis 3),
51,2.2 Biologische Reifung und Trainierbarkeit im Nachwuchs,Absatz,51,,2012,rsuchten Spieler der Jahrgänge 2011 und,lagen zum Untersuchungsz,Literaturangabe (Kapitel 1 bis 3),
51,2.2 Biologische Reifung und Trainierbarkeit im Nachwuchs,Absatz,51,,"13,7",12 lagen zum Untersuchungszeitpunkt mit,"bis 15,5 Jahren damit in",Literaturangabe (Kapitel 1 bis 3),
51,2.2 Biologische Reifung und Trainierbarkeit im Nachwuchs,Absatz,51,,"15,5","zum Untersuchungszeitpunkt mit 13,7 bis",Jahren damit in dieser P,Literaturangabe (Kapitel 1 bis 3),
52,2.2 Biologische Reifung und Trainierbarkeit im Nachwuchs,Absatz,52,,2002,"Feldstudien ungeeignet (Mirwald et al.,",). Unter den nicht-invasi,Zitatjahr,
52,2.2 Biologische Reifung und Trainierbarkeit im Nachwuchs,Absatz,52,,2002,er Maturity Offset nach Mirwald et al. (,) am weitesten verbreitet,Zitatjahr,
52,2.2 Biologische Reifung und Trainierbarkeit im Nachwuchs,Absatz,52,,2026,"m weitesten verbreitet (Bouafif et al.,",),Zitatjahr,
52,2.2 Biologische Reifung und Trainierbarkeit im Nachwuchs,Absatz,52,,2017,"spät reifenden zu früh (Cumming et al.,",). In der vorliegenden Ar,Zitatjahr,
52,2.2 Biologische Reifung und Trainierbarkeit im Nachwuchs,Absatz,52,,1994,ach dem Verfahren von Khamis und Roche (,) bestimmt (Abschnitt 4.2,Zitatjahr,
52,2.2 Biologische Reifung und Trainierbarkeit im Nachwuchs,Absatz,52,,4.2,is und Roche (1994) bestimmt (Abschnitt,). Der Wachstumsschub beg,Verweis,Abschnittsverweis
52,2.2 Biologische Reifung und Trainierbarkeit im Nachwuchs,Absatz,52,,88,2). Der Wachstumsschub beginnt bei etwa,–89 % der Erwachsenengröß,Literaturangabe (Kapitel 1 bis 3),
52,2.2 Biologische Reifung und Trainierbarkeit im Nachwuchs,Absatz,52,,89,Der Wachstumsschub beginnt bei etwa 88–,"% der Erwachsenengröße,",Literaturangabe (Kapitel 1 bis 3),
52,2.2 Biologische Reifung und Trainierbarkeit im Nachwuchs,Absatz,52,,88,"rwachsenengröße, der PHV liegt zwischen",% und 96 % mit einem Gip,Literaturangabe (Kapitel 1 bis 3),
52,2.2 Biologische Reifung und Trainierbarkeit im Nachwuchs,Absatz,52,,96,"ngröße, der PHV liegt zwischen 88 % und",% mit einem Gipfel um 92,Literaturangabe (Kapitel 1 bis 3),
52,2.2 Biologische Reifung und Trainierbarkeit im Nachwuchs,Absatz,52,,92,schen 88 % und 96 % mit einem Gipfel um,"%, und bei etwa 95–96 %",Literaturangabe (Kapitel 1 bis 3),
52,2.2 Biologische Reifung und Trainierbarkeit im Nachwuchs,Absatz,52,,95,"mit einem Gipfel um 92 %, und bei etwa",–96 % kehrt die Wachstums,Literaturangabe (Kapitel 1 bis 3),
52,2.2 Biologische Reifung und Trainierbarkeit im Nachwuchs,Absatz,52,,96,"t einem Gipfel um 92 %, und bei etwa 95–",% kehrt die Wachstumsges,Literaturangabe (Kapitel 1 bis 3),
52,2.2 Biologische Reifung und Trainierbarkeit im Nachwuchs,Absatz,52,,2017,"Ausgangsniveau zurück (Cumming et al.,",). Modellierungen an 747,Zitatjahr,
52,2.2 Biologische Reifung und Trainierbarkeit im Nachwuchs,Absatz,52,,747,"umming et al., 2017). Modellierungen an",portugiesischen Akademie,Literaturangabe (Kapitel 1 bis 3),
52,2.2 Biologische Reifung und Trainierbarkeit im Nachwuchs,Absatz,52,,10,47 portugiesischen Akademiespielern von,"bis 15 Jahren zeigten, d",Literaturangabe (Kapitel 1 bis 3),
52,2.2 Biologische Reifung und Trainierbarkeit im Nachwuchs,Absatz,52,,15,ugiesischen Akademiespielern von 10 bis,"Jahren zeigten, dass die",Literaturangabe (Kapitel 1 bis 3),
52,2.2 Biologische Reifung und Trainierbarkeit im Nachwuchs,Absatz,52,,"0,93",ntinuierliche Größe gut abbildet (ICC =,,Literaturangabe (Kapitel 1 bis 3),
52,2.2 Biologische Reifung und Trainierbarkeit im Nachwuchs,Absatz,52,,"0,86",r =,"), die daraus abgeleitete",Literaturangabe (Kapitel 1 bis 3),
52,2.2 Biologische Reifung und Trainierbarkeit im Nachwuchs,Absatz,52,,"0,12",ng aber nur schwach übereinstimmen (κ =,,Literaturangabe (Kapitel 1 bis 3),
52,2.2 Biologische Reifung und Trainierbarkeit im Nachwuchs,Absatz,52,,2025,"Flores et al.,",) – ein Argument für die,Zitatjahr,
52,2.2 Biologische Reifung und Trainierbarkeit im Nachwuchs,Absatz,52,,4.7,e Verwendung des Reifestatus (Abschnitt,).,Verweis,Abschnittsverweis
53,2.2 Biologische Reifung und Trainierbarkeit im Nachwuchs,Absatz,53,,2017,"nalen Reifungsprozessen (Radnor et al.,",). Strukturell nehmen Mus,Zitatjahr,
53,2.2 Biologische Reifung und Trainierbarkeit im Nachwuchs,Absatz,53,,2017,nach den von Radnor et al. (,) zusammengetragenen Quer,Zitatjahr,
53,2.2 Biologische Reifung und Trainierbarkeit im Nachwuchs,Absatz,53,,15,zikellänge und Kniestrecksehne etwa mit,Jahren erwachsenenähnlic,Literaturangabe (Kapitel 1 bis 3),
53,2.2 Biologische Reifung und Trainierbarkeit im Nachwuchs,Absatz,53,,78,i maximaler willkürlicher Kniestreckung,% des verfügbaren Potenz,Literaturangabe (Kapitel 1 bis 3),
53,2.2 Biologische Reifung und Trainierbarkeit im Nachwuchs,Absatz,53,,95,% des verfügbaren Potenzials gegenüber,"% bei Männern –, die Vor",Literaturangabe (Kapitel 1 bis 3),
53,2.2 Biologische Reifung und Trainierbarkeit im Nachwuchs,Absatz,53,,2017,"er präaktiven Strategie (Radnor et al.,",). In der Summe steigt di,Zitatjahr,
53,2.2 Biologische Reifung und Trainierbarkeit im Nachwuchs,Absatz,53,,2017,"ohne gezieltes Training (Radnor et al.,",). Für die vorliegende Ar,Zitatjahr,
53,2.2 Biologische Reifung und Trainierbarkeit im Nachwuchs,Absatz,53,,4.7,cksichtigung des Reifestatus (Abschnitt,).,Verweis,Abschnittsverweis
54,2.2 Biologische Reifung und Trainierbarkeit im Nachwuchs,Absatz,54,,2012,"hnittlich nicht belegt (Lloyd & Oliver,",). Das Youth Physical Dev,Zitatjahr,
54,2.2 Biologische Reifung und Trainierbarkeit im Nachwuchs,Absatz,54,,12,icklungsstufe betont werden sollen: für,- bis 13-jährige Jungen b,Literaturangabe (Kapitel 1 bis 3),
54,2.2 Biologische Reifung und Trainierbarkeit im Nachwuchs,Absatz,54,,13,stufe betont werden sollen: für 12- bis,-jährige Jungen beispiels,Literaturangabe (Kapitel 1 bis 3),
54,2.2 Biologische Reifung und Trainierbarkeit im Nachwuchs,Absatz,54,,2012,"ining aufgebaut werden (Lloyd & Oliver,",). Für die Interaktion vo,Zitatjahr,
54,2.2 Biologische Reifung und Trainierbarkeit im Nachwuchs,Absatz,54,,2017,"nach auch strukturelle (Cumming et al.,",). Lloyd et al. (2016) pr,Zitatjahr,
54,2.2 Biologische Reifung und Trainierbarkeit im Nachwuchs,Absatz,54,,2016,"e (Cumming et al., 2017). Lloyd et al. (",) prüften dies an 80 Jung,Zitatjahr,
54,2.2 Biologische Reifung und Trainierbarkeit im Nachwuchs,Absatz,54,,80,7). Lloyd et al. (2016) prüften dies an,Jungen in einem sechswöc,Literaturangabe (Kapitel 1 bis 3),
54,2.2 Biologische Reifung und Trainierbarkeit im Nachwuchs,Absatz,54,,2023,"ert auswerten (Ramirez-Campillo et al.,",).,Zitatjahr,
55,2.2 Biologische Reifung und Trainierbarkeit im Nachwuchs,Absatz,55,,13,Eine ältere Metaanalyse fand für,"- bis 15,9-Jährige – nähe",Literaturangabe (Kapitel 1 bis 3),
55,2.2 Biologische Reifung und Trainierbarkeit im Nachwuchs,Absatz,55,,"15,9",ine ältere Metaanalyse fand für 13- bis,-Jährige – näherungsweise,Literaturangabe (Kapitel 1 bis 3),
55,2.2 Biologische Reifung und Trainierbarkeit im Nachwuchs,Absatz,55,,"0,47",V – geringere Sprunghöhenzuwächse (ES =,) als für jüngere (ES = 0,Literaturangabe (Kapitel 1 bis 3),
55,2.2 Biologische Reifung und Trainierbarkeit im Nachwuchs,Absatz,55,,"0,91","ächse (ES = 0,47) als für jüngere (ES =",) und ältere Gruppen (ES,Literaturangabe (Kapitel 1 bis 3),
55,2.2 Biologische Reifung und Trainierbarkeit im Nachwuchs,Absatz,55,,"1,02","re (ES = 0,91) und ältere Gruppen (ES =","), erklärt durch die im W",Literaturangabe (Kapitel 1 bis 3),
55,2.2 Biologische Reifung und Trainierbarkeit im Nachwuchs,Absatz,55,,"0,09",rfehlte allerdings die Signifikanz (p =,,Literaturangabe (Kapitel 1 bis 3),
55,2.2 Biologische Reifung und Trainierbarkeit im Nachwuchs,Absatz,55,,2017,"Moran et al.,",). Eine aktuelle randomis,Zitatjahr,
55,2.2 Biologische Reifung und Trainierbarkeit im Nachwuchs,Absatz,55,,2026,"keit und Belastbarkeit (Bouafif et al.,",). Der Reifestatus moderi,Zitatjahr,
55,2.2 Biologische Reifung und Trainierbarkeit im Nachwuchs,Absatz,55,,2017,"edämpfte Anpassungen hin (Moran et al.,",). Da der Reifestatus in,Zitatjahr,
55,2.2 Biologische Reifung und Trainierbarkeit im Nachwuchs,Absatz,55,,2024,"ufig unberichtet bleibt (Oliver et al.,",,Zitatjahr,
55,2.2 Biologische Reifung und Trainierbarkeit im Nachwuchs,Absatz,55,,2020,"Ramirez-Campillo et al.,","), wurde er in der vorlie",Zitatjahr,
55,2.2 Biologische Reifung und Trainierbarkeit im Nachwuchs,Absatz,55,,4.7,liche Kovariate kontrolliert (Abschnitt,),Verweis,Abschnittsverweis
55,2.2 Biologische Reifung und Trainierbarkeit im Nachwuchs,Absatz,55,,2.5,gende Vorab-Erwartung wird in Abschnitt,entwickelt.,Verweis,Abschnittsverweis
56,2.2 Biologische Reifung und Trainierbarkeit im Nachwuchs,Absatz,56,,2011,"ngs-Zusammenhang stützen (Lloyd et al.,",). Zugleich stellt der Wa,Zitatjahr,
56,2.2 Biologische Reifung und Trainierbarkeit im Nachwuchs,Absatz,56,,4773,Verletzungsaudit über zwei Saisons mit,englischen Akademiespiel,Literaturangabe (Kapitel 1 bis 3),
56,2.2 Biologische Reifung und Trainierbarkeit im Nachwuchs,Absatz,56,,9,it 4773 englischen Akademiespielern von,bis 19 Jahren machten ap,Literaturangabe (Kapitel 1 bis 3),
56,2.2 Biologische Reifung und Trainierbarkeit im Nachwuchs,Absatz,56,,19,3 englischen Akademiespielern von 9 bis,Jahren machten apophysär,Literaturangabe (Kapitel 1 bis 3),
56,2.2 Biologische Reifung und Trainierbarkeit im Nachwuchs,Absatz,56,,5,orbus Osgood-Schlatter und Morbus Sever,% aller Verletzungen aus,Literaturangabe (Kapitel 1 bis 3),
56,2.2 Biologische Reifung und Trainierbarkeit im Nachwuchs,Absatz,56,,11,"% aller Verletzungen aus, im Alter von","bis 13 Jahren jedoch 13,",Literaturangabe (Kapitel 1 bis 3),
56,2.2 Biologische Reifung und Trainierbarkeit im Nachwuchs,Absatz,56,,13,"r Verletzungen aus, im Alter von 11 bis","Jahren jedoch 13,8 %, mi",Literaturangabe (Kapitel 1 bis 3),
56,2.2 Biologische Reifung und Trainierbarkeit im Nachwuchs,Absatz,56,,"13,8","s, im Alter von 11 bis 13 Jahren jedoch","%, mit Gipfeln in der U1",Literaturangabe (Kapitel 1 bis 3),
56,2.2 Biologische Reifung und Trainierbarkeit im Nachwuchs,Absatz,56,,13,"hren jedoch 13,8 %, mit Gipfeln in der U",/U14 beziehungsweise U11,Literaturangabe (Kapitel 1 bis 3),
56,2.2 Biologische Reifung und Trainierbarkeit im Nachwuchs,Absatz,56,,14,"jedoch 13,8 %, mit Gipfeln in der U13/U",beziehungsweise U11 – de,Literaturangabe (Kapitel 1 bis 3),
56,2.2 Biologische Reifung und Trainierbarkeit im Nachwuchs,Absatz,56,,11,Gipfeln in der U13/U14 beziehungsweise U,– den Autoren zufolge Au,Literaturangabe (Kapitel 1 bis 3),
56,2.2 Biologische Reifung und Trainierbarkeit im Nachwuchs,Absatz,56,,2004,"bertären Wachstumsschubs (Price et al.,",),Zitatjahr,
56,2.2 Biologische Reifung und Trainierbarkeit im Nachwuchs,Absatz,56,,2012,"Lloyd & Oliver,",). Für die Programmgestal,Zitatjahr,
56,2.2 Biologische Reifung und Trainierbarkeit im Nachwuchs,Absatz,56,,2011,"messene Pausen empfohlen (Lloyd et al.,",). Präpubertäre Kinder er,Zitatjahr,
56,2.2 Biologische Reifung und Trainierbarkeit im Nachwuchs,Absatz,56,,2006,"dem Erwachsenenmuster an (Ratel et al.,","), sodass dieser Vorteil",Zitatjahr,
56,2.2 Biologische Reifung und Trainierbarkeit im Nachwuchs,Absatz,56,,11,erletzungen der unteren Extremität bei U,- bis U14-Fußballern um 3,Literaturangabe (Kapitel 1 bis 3),
56,2.2 Biologische Reifung und Trainierbarkeit im Nachwuchs,Absatz,56,,14,en der unteren Extremität bei U11- bis U,-Fußballern um 32 % (Hils,Literaturangabe (Kapitel 1 bis 3),
56,2.2 Biologische Reifung und Trainierbarkeit im Nachwuchs,Absatz,56,,32,tremität bei U11- bis U14-Fußballern um,"% (Hilska et al., 2021),",Literaturangabe (Kapitel 1 bis 3),
56,2.2 Biologische Reifung und Trainierbarkeit im Nachwuchs,Absatz,56,,2021,"U14-Fußballern um 32 % (Hilska et al.,","), und in einer Metaanaly",Zitatjahr,
56,2.2 Biologische Reifung und Trainierbarkeit im Nachwuchs,Absatz,56,,13,"al., 2021), und in einer Metaanalyse an",- bis 18-jährigen männlic,Literaturangabe (Kapitel 1 bis 3),
56,2.2 Biologische Reifung und Trainierbarkeit im Nachwuchs,Absatz,56,,18,"1), und in einer Metaanalyse an 13- bis",-jährigen männlichen Spor,Literaturangabe (Kapitel 1 bis 3),
56,2.2 Biologische Reifung und Trainierbarkeit im Nachwuchs,Absatz,56,,7521,"tzungszahl (acht randomisierte Studien,",Teilnehmer,Literaturangabe (Kapitel 1 bis 3),
56,2.2 Biologische Reifung und Trainierbarkeit im Nachwuchs,Absatz,56,,"0,69",relatives Risiko,"[0,55",Literaturangabe (Kapitel 1 bis 3),
56,2.2 Biologische Reifung und Trainierbarkeit im Nachwuchs,Absatz,56,,"0,55","relatives Risiko 0,69 [",,Literaturangabe (Kapitel 1 bis 3),
56,2.2 Biologische Reifung und Trainierbarkeit im Nachwuchs,Absatz,56,,"0,87",,],Literaturangabe (Kapitel 1 bis 3),
56,2.2 Biologische Reifung und Trainierbarkeit im Nachwuchs,Absatz,56,,80,I² =,%,Literaturangabe (Kapitel 1 bis 3),
56,2.2 Biologische Reifung und Trainierbarkeit im Nachwuchs,Absatz,56,,2026,"Olivier et al.,",). Die Gestaltung des hie,Zitatjahr,
56,2.2 Biologische Reifung und Trainierbarkeit im Nachwuchs,Absatz,56,,4.5.1,greift diese Prinzipien auf (Abschnitt,).,Verweis,Abschnittsverweis
57,2.2 Biologische Reifung und Trainierbarkeit im Nachwuchs,Absatz,57,,14,bedingte Vorteile sind zwischen elf und,Jahren am größten und gl,Literaturangabe (Kapitel 1 bis 3),
57,2.2 Biologische Reifung und Trainierbarkeit im Nachwuchs,Absatz,57,,2017,"leszenz weitgehend aus (Cumming et al.,","), und bei 37 Akademiespi",Zitatjahr,
57,2.2 Biologische Reifung und Trainierbarkeit im Nachwuchs,Absatz,57,,37,"end aus (Cumming et al., 2017), und bei",Akademiespielern eines e,Literaturangabe (Kapitel 1 bis 3),
57,2.2 Biologische Reifung und Trainierbarkeit im Nachwuchs,Absatz,57,,14,den %PAH bestimmte Reifestatus in der U,mit sämtlichen Laufleist,Literaturangabe (Kapitel 1 bis 3),
57,2.2 Biologische Reifung und Trainierbarkeit im Nachwuchs,Absatz,57,,15,"Spiel positiv assoziiert, trug in der U",/U16 dagegen nicht mehr z,Literaturangabe (Kapitel 1 bis 3),
57,2.2 Biologische Reifung und Trainierbarkeit im Nachwuchs,Absatz,57,,16,"el positiv assoziiert, trug in der U15/U",dagegen nicht mehr zur V,Literaturangabe (Kapitel 1 bis 3),
57,2.2 Biologische Reifung und Trainierbarkeit im Nachwuchs,Absatz,57,,2022,"zur Varianzaufklärung bei (Parr et al.,","). Beides begründet, den",Zitatjahr,
57,2.2 Biologische Reifung und Trainierbarkeit im Nachwuchs,Absatz,57,,4.7,rliche Kovariate mitzuführen (Abschnitt,). Da ein Teil der zitier,Verweis,Abschnittsverweis
57,2.2 Biologische Reifung und Trainierbarkeit im Nachwuchs,Absatz,57,,3,"lern erhoben wurde (hochtrainiert, Tier","nach McKay et al., 2022)",Fachbezeichnung,"iniert, Tier"
57,2.2 Biologische Reifung und Trainierbarkeit im Nachwuchs,Absatz,57,,2022,"ochtrainiert, Tier 3 nach McKay et al.,","), die vorliegende Stichp",Zitatjahr,
57,2.2 Biologische Reifung und Trainierbarkeit im Nachwuchs,Absatz,57,,2,uf lokalem Wettkampfniveau spielt (Tier,,Fachbezeichnung,spielt (Tier
57,2.2 Biologische Reifung und Trainierbarkeit im Nachwuchs,Absatz,57,,4.2,Abschnitt,"), wird die Übertragbarke",Verweis,Abschnittsverweis
57,2.2 Biologische Reifung und Trainierbarkeit im Nachwuchs,Absatz,57,,6.2,", wird die Übertragbarkeit in Abschnitt",diskutiert. Welche Rahme,Verweis,Abschnittsverweis
59,2.3 Übergangsperiode und Detraining im Fußball,Absatz,59,,2018,"ine Übergangsperiode (Walker & Hawkins,","), die im Profibereich ty",Zitatjahr,
59,2.3 Übergangsperiode und Detraining im Fußball,Absatz,59,,2016,"bis sechs Wochen dauert (Silva et al.,",). Als Detraining gilt de,Zitatjahr,
59,2.3 Übergangsperiode und Detraining im Fußball,Absatz,59,,2000,"Athleten orientiert (Mujika & Padilla,",). Im leistungsorientiert,Zitatjahr,
59,2.3 Übergangsperiode und Detraining im Fußball,Absatz,59,,2026,erten Amateurnachwuchs fiel die Periode,länger aus: Der Junioren,Literaturangabe (Kapitel 1 bis 3),
59,2.3 Übergangsperiode und Detraining im Fußball,Absatz,59,,13,m Fußball-Verband Mittelrhein endete am,. Juni (Fußball-Verband M,Literaturangabe (Kapitel 1 bis 3),
59,2.3 Übergangsperiode und Detraining im Fußball,Absatz,59,,2025,"13. Juni (Fußball-Verband Mittelrhein,","), der Meisterschaftsbetr",Zitatjahr,
59,2.3 Übergangsperiode und Detraining im Fußball,Absatz,59,,4.5.2,en Saison begann Ende August (Abschnitt,) – rund elf wettkampffre,Verweis,Abschnittsverweis
59,2.3 Übergangsperiode und Detraining im Fußball,Absatz,59,,20,on sechseinhalb Wochen Sommerferien vom,. Juli bis 1. September (,Literaturangabe (Kapitel 1 bis 3),
59,2.3 Übergangsperiode und Detraining im Fußball,Absatz,59,,1,lb Wochen Sommerferien vom 20. Juli bis,. September (⟨Ferienordnu,Literaturangabe (Kapitel 1 bis 3),
59,2.3 Übergangsperiode und Detraining im Fußball,Absatz,59,,12,"1. September (⟨Ferienordnung NRW, BASS",-65 Nr. 1 – Fundstelle er,Literaturangabe (Kapitel 1 bis 3),
59,2.3 Übergangsperiode und Detraining im Fußball,Absatz,59,,65,"September (⟨Ferienordnung NRW, BASS 12-",Nr. 1 – Fundstelle ergän,Literaturangabe (Kapitel 1 bis 3),
59,2.3 Übergangsperiode und Detraining im Fußball,Absatz,59,,1,"ber (⟨Ferienordnung NRW, BASS 12-65 Nr.",– Fundstelle ergänzen⟩).,Verweis,SS 12-65 Nr.
59,2.3 Übergangsperiode und Detraining im Fußball,Absatz,59,,4.5.2,aftstrainings gekennzeichnet (Abschnitt,,Verweis,Abschnittsverweis
60,2.3 Übergangsperiode und Detraining im Fußball,Absatz,60,,10,verlängerten sich die Sprintzeiten über,und 20 m nach drei bis s,"Testname, Messstrecke",
60,2.3 Übergangsperiode und Detraining im Fußball,Absatz,60,,20,erten sich die Sprintzeiten über 10 und,m nach drei bis sechs Wo,"Testname, Messstrecke",
60,2.3 Übergangsperiode und Detraining im Fußball,Absatz,60,,"1,3",und 20 m nach drei bis sechs Wochen um,"bis 2,9 %, und die Sprun",Literaturangabe (Kapitel 1 bis 3),
60,2.3 Übergangsperiode und Detraining im Fußball,Absatz,60,,"2,9","m nach drei bis sechs Wochen um 1,3 bis","%, und die Sprunghöhen s",Literaturangabe (Kapitel 1 bis 3),
60,2.3 Übergangsperiode und Detraining im Fußball,Absatz,60,,"4,6",en sanken nach sechs bis acht Wochen um,"bis 7,1 % – kleine bis m",Literaturangabe (Kapitel 1 bis 3),
60,2.3 Übergangsperiode und Detraining im Fußball,Absatz,60,,"7,1","n nach sechs bis acht Wochen um 4,6 bis",% – kleine bis moderate,Literaturangabe (Kapitel 1 bis 3),
60,2.3 Übergangsperiode und Detraining im Fußball,Absatz,60,,"0,5","7,1 % – kleine bis moderate Effekte (ES","bis 0,9",Literaturangabe (Kapitel 1 bis 3),
60,2.3 Übergangsperiode und Detraining im Fußball,Absatz,60,,"0,9","kleine bis moderate Effekte (ES 0,5 bis",,Literaturangabe (Kapitel 1 bis 3),
60,2.3 Übergangsperiode und Detraining im Fußball,Absatz,60,,2016,"Silva et al.,","). Prozentual klein, sind",Zitatjahr,
60,2.3 Übergangsperiode und Detraining im Fußball,Absatz,60,,"0,2",m kleinsten bedeutsamen Unterschied von,Standardabweichungen (Ho,Literaturangabe (Kapitel 1 bis 3),
60,2.3 Übergangsperiode und Detraining im Fußball,Absatz,60,,2000,"von 0,2 Standardabweichungen (Hopkins,",,Zitatjahr,
60,2.3 Übergangsperiode und Detraining im Fußball,Absatz,60,,4.4,Abschnitt,"), liegen aber im Bereich",Verweis,Abschnittsverweis
60,2.3 Übergangsperiode und Detraining im Fußball,Absatz,60,,2.4.1,Messfehlers von Sprinttests (Abschnitt,) und sind nur auf Gruppe,Verweis,Abschnittsverweis
60,2.3 Übergangsperiode und Detraining im Fußball,Absatz,60,,60,ableitbar: In einem Scoping Review über,Längsschnittstudien an 7,Literaturangabe (Kapitel 1 bis 3),
60,2.3 Übergangsperiode und Detraining im Fußball,Absatz,60,,7,g Review über 60 Längsschnittstudien an,- bis 19-Jährigen verschl,Literaturangabe (Kapitel 1 bis 3),
60,2.3 Übergangsperiode und Detraining im Fußball,Absatz,60,,19,w über 60 Längsschnittstudien an 7- bis,-Jährigen verschlechterte,Literaturangabe (Kapitel 1 bis 3),
60,2.3 Übergangsperiode und Detraining im Fußball,Absatz,60,,24,h Trainingsunterbrechungen von zwei bis,Wochen 53 % der Schnelli,Literaturangabe (Kapitel 1 bis 3),
60,2.3 Übergangsperiode und Detraining im Fußball,Absatz,60,,53,sunterbrechungen von zwei bis 24 Wochen,"% der Schnelligkeits-, a",Literaturangabe (Kapitel 1 bis 3),
60,2.3 Übergangsperiode und Detraining im Fußball,Absatz,60,,36,"chen 53 % der Schnelligkeits-, aber nur",% der Explosivkraft-Date,Literaturangabe (Kapitel 1 bis 3),
60,2.3 Übergangsperiode und Detraining im Fußball,Absatz,60,,2025,"aren Einfluss der Dauer (Dambel et al.,",). Im Nachwuchsfußball re,Zitatjahr,
60,2.3 Übergangsperiode und Detraining im Fußball,Absatz,60,,40,e Befunde von deutlichen Einbußen – bei,U17-Spielern nach vier W,Literaturangabe (Kapitel 1 bis 3),
60,2.3 Übergangsperiode und Detraining im Fußball,Absatz,60,,17,funde von deutlichen Einbußen – bei 40 U,-Spielern nach vier Woche,Literaturangabe (Kapitel 1 bis 3),
60,2.3 Übergangsperiode und Detraining im Fußball,Absatz,60,,8,ochen vollständiger Trainingspause rund,bis 14 % im Sprint über,Literaturangabe (Kapitel 1 bis 3),
60,2.3 Übergangsperiode und Detraining im Fußball,Absatz,60,,14,vollständiger Trainingspause rund 8 bis,% im Sprint über 5 bis 2,Literaturangabe (Kapitel 1 bis 3),
60,2.3 Übergangsperiode und Detraining im Fußball,Absatz,60,,5,ngspause rund 8 bis 14 % im Sprint über,bis 20 m und 13 bis 15 %,Literaturangabe (Kapitel 1 bis 3),
60,2.3 Übergangsperiode und Detraining im Fußball,Absatz,60,,20,se rund 8 bis 14 % im Sprint über 5 bis,m und 13 bis 15 % im Sta,"Testname, Messstrecke",
60,2.3 Übergangsperiode und Detraining im Fußball,Absatz,60,,13,bis 14 % im Sprint über 5 bis 20 m und,bis 15 % im Standweitspr,Literaturangabe (Kapitel 1 bis 3),
60,2.3 Übergangsperiode und Detraining im Fußball,Absatz,60,,15,% im Sprint über 5 bis 20 m und 13 bis,% im Standweitsprung (Cl,Literaturangabe (Kapitel 1 bis 3),
60,2.3 Übergangsperiode und Detraining im Fußball,Absatz,60,,2022,"% im Standweitsprung (Clemente et al.,",) – bis zu Zugewinnen: 29,Zitatjahr,
60,2.3 Übergangsperiode und Detraining im Fußball,Absatz,60,,29,"ente et al., 2022) – bis zu Zugewinnen:","Spieler von 13,0 ± 0,8 J",Literaturangabe (Kapitel 1 bis 3),
60,2.3 Übergangsperiode und Detraining im Fußball,Absatz,60,,"13,0",22) – bis zu Zugewinnen: 29 Spieler von,"± 0,8 Jahren, die zu Beg",Literaturangabe (Kapitel 1 bis 3),
60,2.3 Übergangsperiode und Detraining im Fußball,Absatz,60,,"0,8","is zu Zugewinnen: 29 Spieler von 13,0 ±","Jahren, die zu Beginn ei",Literaturangabe (Kapitel 1 bis 3),
60,2.3 Übergangsperiode und Detraining im Fußball,Absatz,60,,32,"13,0 ± 0,8 Jahren, die zu Beginn einer",-wöchigen Pause noch vor,Literaturangabe (Kapitel 1 bis 3),
60,2.3 Übergangsperiode und Detraining im Fußball,Absatz,60,,505,erbesserten sich ohne Kontrollgruppe in,"-Test, 10- und 20-m-Sprin","Testname, Messstrecke",
60,2.3 Übergangsperiode und Detraining im Fußball,Absatz,60,,10,"n sich ohne Kontrollgruppe in 505-Test,",- und 20-m-Sprint und Spr,Literaturangabe (Kapitel 1 bis 3),
60,2.3 Übergangsperiode und Detraining im Fußball,Absatz,60,,20,"hne Kontrollgruppe in 505-Test, 10- und",-m-Sprint und Sprunghöhe,"Testname, Messstrecke",
60,2.3 Übergangsperiode und Detraining im Fußball,Absatz,60,,4,", 10- und 20-m-Sprint und Sprunghöhe um","bis 8 %, was die Autoren",Literaturangabe (Kapitel 1 bis 3),
60,2.3 Übergangsperiode und Detraining im Fußball,Absatz,60,,8,und 20-m-Sprint und Sprunghöhe um 4 bis,"%, was die Autoren reifu",Literaturangabe (Kapitel 1 bis 3),
60,2.3 Übergangsperiode und Detraining im Fußball,Absatz,60,,2022,"msschub zuschreiben (Asimakidis et al.,",). Das Scoping Review erk,Zitatjahr,
60,2.3 Übergangsperiode und Detraining im Fußball,Absatz,60,,2025,"em Wachstum und Reifung (Dambel et al.,",) – den in Abschnitt 2.2,Zitatjahr,
60,2.3 Übergangsperiode und Detraining im Fußball,Absatz,60,,2.2,"Dambel et al., 2025) – den in Abschnitt",dargestellten Prozessen.,Verweis,Abschnittsverweis
61,2.3 Übergangsperiode und Detraining im Fußball,Absatz,61,,4.5.2,keinen Sprungreiz enthielten (Abschnitt,). Zweitens ist die Wirks,Verweis,Abschnittsverweis
61,2.3 Übergangsperiode und Detraining im Fußball,Absatz,61,,2026,Stand September,) ergaben nur eine kontro,Zitatjahr,
61,2.3 Übergangsperiode und Detraining im Fußball,Absatz,61,,58,rainingsarm in der Übergangsperiode. An,"U19-Spielern (17,6 ± 0,6",Literaturangabe (Kapitel 1 bis 3),
61,2.3 Übergangsperiode und Detraining im Fußball,Absatz,61,,19,ingsarm in der Übergangsperiode. An 58 U,"-Spielern (17,6 ± 0,6 Jah",Literaturangabe (Kapitel 1 bis 3),
61,2.3 Übergangsperiode und Detraining im Fußball,Absatz,61,,"17,6",r Übergangsperiode. An 58 U19-Spielern (,"± 0,6 Jahre) verschlecht",Literaturangabe (Kapitel 1 bis 3),
61,2.3 Übergangsperiode und Detraining im Fußball,Absatz,61,,"0,6","angsperiode. An 58 U19-Spielern (17,6 ±",Jahre) verschlechterten,Literaturangabe (Kapitel 1 bis 3),
61,2.3 Übergangsperiode und Detraining im Fußball,Absatz,61,,30,chs betreuten Einheiten alle Gruppen im,"-m-Sprint, die plyometris","Testname, Messstrecke",
61,2.3 Übergangsperiode und Detraining im Fußball,Absatz,61,,"0,014",och weniger als die inaktive Kontrolle (,"gegenüber 0,054 s",Literaturangabe (Kapitel 1 bis 3),
61,2.3 Übergangsperiode und Detraining im Fußball,Absatz,61,,"0,054","die inaktive Kontrolle (0,014 gegenüber",s,Literaturangabe (Kapitel 1 bis 3),
61,2.3 Übergangsperiode und Detraining im Fußball,Absatz,61,,"0,001",p <,),Literaturangabe (Kapitel 1 bis 3),
61,2.3 Übergangsperiode und Detraining im Fußball,Absatz,61,,"0,8",ihre Sprunghöhe stieg um,"cm, die der Kontrolle sa",Literaturangabe (Kapitel 1 bis 3),
61,2.3 Übergangsperiode und Detraining im Fußball,Absatz,61,,"1,5","eg um 0,8 cm, die der Kontrolle sank um","cm (Liu et al., 2024). D",Literaturangabe (Kapitel 1 bis 3),
61,2.3 Übergangsperiode und Detraining im Fußball,Absatz,61,,2024,"r Kontrolle sank um 1,5 cm (Liu et al.,",). Diese Spieler waren de,Zitatjahr,
61,2.3 Übergangsperiode und Detraining im Fußball,Absatz,61,,6.2,gangsperiode liegt nicht vor (Abschnitt,). Als begründete Vorab-E,Verweis,Abschnittsverweis
61,2.3 Übergangsperiode und Detraining im Fußball,Absatz,61,,4.7,und Reifestatus rechtfertigt (Abschnitt,). Welche Zielgrößen dafü,Verweis,Abschnittsverweis
63,2.4 Zielgrößen und ihre Diagnostik,Absatz,63,,2.1,sind zwei Komponenten der in Abschnitt,eingeführten multidirekt,Verweis,Abschnittsverweis
63,2.4 Zielgrößen und ihre Diagnostik,Absatz,63,,2022,"Schnelligkeit (McBurnie, Parr, et al.,","), beruhen auf DVZ-Aktion",Zitatjahr,
63,2.4 Zielgrößen und ihre Diagnostik,Absatz,63,,2.2,Grundlagen um den PHV reifen (Abschnitt,"), und erwiesen sich in T",Verweis,Abschnittsverweis
63,2.4 Zielgrößen und ihre Diagnostik,Absatz,63,,2.3,iningspausen als empfindlich (Abschnitt,),Verweis,Abschnittsverweis
63,2.4 Zielgrößen und ihre Diagnostik,Absatz,63,,4.5.1,egungsform am nächsten steht (Abschnitt,). Zwei Kriterien leiten,Verweis,Abschnittsverweis
63,2.4 Zielgrößen und ihre Diagnostik,Absatz,63,,4,e Testdurchführung beschreibt Abschnitt,".4, die Messgüte der eige",Verweis,bt Abschnitt
63,2.4 Zielgrößen und ihre Diagnostik,Absatz,63,,4,Testdurchführung beschreibt Abschnitt 4.,", die Messgüte der eigene",Literaturangabe (Kapitel 1 bis 3),
63,2.4 Zielgrößen und ihre Diagnostik,Absatz,63,,1,", die Messgüte der eigenen Testung Tab.",", die statistische Behand",Verweis,Testung Tab.
63,2.4 Zielgrößen und ihre Diagnostik,Absatz,63,,4.7.,", die statistische Behandlung Abschnitt",,Verweis,Abschnittsverweis
65,2.4.1 Lineare Sprintschnelligkeit (5/10/30 m),Absatz,65,,2.1,Fünftel der Spielstrecke aus (Abschnitt,). Die Sprintanforderung,Verweis,Abschnittsverweis
65,2.4.1 Lineare Sprintschnelligkeit (5/10/30 m),Absatz,65,,14,forderung ist zweigeteilt: Norwegische U,-Spieler erreichten im Sp,Literaturangabe (Kapitel 1 bis 3),
65,2.4.1 Lineare Sprintschnelligkeit (5/10/30 m),Absatz,65,,"27,0",n im Spiel Maximalgeschwindigkeiten von,"± 2,2 km/h und absolvier",Literaturangabe (Kapitel 1 bis 3),
65,2.4.1 Lineare Sprintschnelligkeit (5/10/30 m),Absatz,65,,"2,2","iel Maximalgeschwindigkeiten von 27,0 ±",km/h und absolvierten je,Literaturangabe (Kapitel 1 bis 3),
65,2.4.1 Lineare Sprintschnelligkeit (5/10/30 m),Absatz,65,,"38,6",",0 ± 2,2 km/h und absolvierten je Spiel","± 18,3 Beschleunigungen",Literaturangabe (Kapitel 1 bis 3),
65,2.4.1 Lineare Sprintschnelligkeit (5/10/30 m),Absatz,65,,"18,3","2 km/h und absolvierten je Spiel 38,6 ±",Beschleunigungen von meh,Literaturangabe (Kapitel 1 bis 3),
65,2.4.1 Lineare Sprintschnelligkeit (5/10/30 m),Absatz,65,,3,",6 ± 18,3 Beschleunigungen von mehr als","m/s² (Algroy et al., 202","Testname, Messstrecke",
65,2.4.1 Lineare Sprintschnelligkeit (5/10/30 m),Absatz,65,,2021,"gen von mehr als 3 m/s² (Algroy et al.,","), wobei Beschleunigungen",Zitatjahr,
65,2.4.1 Lineare Sprintschnelligkeit (5/10/30 m),Absatz,65,,2019,"ellen auftreten (Palucci Vieira et al.,",). Mechanisch entscheidet,Zitatjahr,
65,2.4.1 Lineare Sprintschnelligkeit (5/10/30 m),Absatz,65,,2019,"kurzer Bodenkontaktzeit (Hicks et al.,",),Zitatjahr,
65,2.4.1 Lineare Sprintschnelligkeit (5/10/30 m),Absatz,65,,2.1,u den schnellen DVZ-Aktionen (Abschnitt,). Ein 30-m-Sprint mit Zw,Verweis,Abschnittsverweis
65,2.4.1 Lineare Sprintschnelligkeit (5/10/30 m),Absatz,65,,30,ellen DVZ-Aktionen (Abschnitt 2.1). Ein,-m-Sprint mit Zwischenzei,"Testname, Messstrecke",
65,2.4.1 Lineare Sprintschnelligkeit (5/10/30 m),Absatz,65,,5,Ein 30-m-Sprint mit Zwischenzeiten bei,und 10 m erfasst beide A,"Testname, Messstrecke",
65,2.4.1 Lineare Sprintschnelligkeit (5/10/30 m),Absatz,65,,10,0-m-Sprint mit Zwischenzeiten bei 5 und,m erfasst beide Anteile:,"Testname, Messstrecke",
65,2.4.1 Lineare Sprintschnelligkeit (5/10/30 m),Absatz,65,,10,erfasst beide Anteile: Teilstrecken bis,m informieren über die B,"Testname, Messstrecke",
65,2.4.1 Lineare Sprintschnelligkeit (5/10/30 m),Absatz,65,,20,"n über die Beschleunigung, Distanzen ab",m über die Annäherung an,"Testname, Messstrecke",
65,2.4.1 Lineare Sprintschnelligkeit (5/10/30 m),Absatz,65,,2024,"Höchstgeschwindigkeit (Ferguson et al.,",,Zitatjahr,
65,2.4.1 Lineare Sprintschnelligkeit (5/10/30 m),Absatz,65,,2022,"McBurnie, Parr, et al.,",).,Zitatjahr,
66,2.4.1 Lineare Sprintschnelligkeit (5/10/30 m),Absatz,66,,"0,5",ilität der Rangfolge zwischen Terminen (,"bis 0,75 moderat, 0,75 b",Literaturangabe (Kapitel 1 bis 3),
66,2.4.1 Lineare Sprintschnelligkeit (5/10/30 m),Absatz,66,,"0,75","er Rangfolge zwischen Terminen (0,5 bis","moderat, 0,75 bis 0,9 gu",Literaturangabe (Kapitel 1 bis 3),
66,2.4.1 Lineare Sprintschnelligkeit (5/10/30 m),Absatz,66,,"0,75","wischen Terminen (0,5 bis 0,75 moderat,","bis 0,9 gut, über 0,9 ex",Literaturangabe (Kapitel 1 bis 3),
66,2.4.1 Lineare Sprintschnelligkeit (5/10/30 m),Absatz,66,,"0,9","erminen (0,5 bis 0,75 moderat, 0,75 bis","gut, über 0,9 exzellent)",Literaturangabe (Kapitel 1 bis 3),
66,2.4.1 Lineare Sprintschnelligkeit (5/10/30 m),Absatz,66,,"0,9","is 0,75 moderat, 0,75 bis 0,9 gut, über","exzellent), der Variatio",Literaturangabe (Kapitel 1 bis 3),
66,2.4.1 Lineare Sprintschnelligkeit (5/10/30 m),Absatz,66,,2019,"Prozent des Messwerts (Dugdale et al.,",,Zitatjahr,
66,2.4.1 Lineare Sprintschnelligkeit (5/10/30 m),Absatz,66,,2024,"Ferguson et al.,",). Bei 37 Akademiespieler,Zitatjahr,
66,2.4.1 Lineare Sprintschnelligkeit (5/10/30 m),Absatz,66,,37,"Ferguson et al., 2024). Bei","Akademiespielern von 14,",Literaturangabe (Kapitel 1 bis 3),
66,2.4.1 Lineare Sprintschnelligkeit (5/10/30 m),Absatz,66,,"14,7","al., 2024). Bei 37 Akademiespielern von","± 0,8 Jahren lag der ICC",Literaturangabe (Kapitel 1 bis 3),
66,2.4.1 Lineare Sprintschnelligkeit (5/10/30 m),Absatz,66,,"0,8","24). Bei 37 Akademiespielern von 14,7 ±",Jahren lag der ICC über,Literaturangabe (Kapitel 1 bis 3),
66,2.4.1 Lineare Sprintschnelligkeit (5/10/30 m),Absatz,66,,"0,53",ei Termine innerhalb von vier Tagen bei,"für 5 m, 0,73 für 10 m u",Literaturangabe (Kapitel 1 bis 3),
66,2.4.1 Lineare Sprintschnelligkeit (5/10/30 m),Absatz,66,,5,"e innerhalb von vier Tagen bei 0,53 für","m, 0,73 für 10 m und 0,9","Testname, Messstrecke",
66,2.4.1 Lineare Sprintschnelligkeit (5/10/30 m),Absatz,66,,"0,73","erhalb von vier Tagen bei 0,53 für 5 m,","für 10 m und 0,93 für 30",Literaturangabe (Kapitel 1 bis 3),
66,2.4.1 Lineare Sprintschnelligkeit (5/10/30 m),Absatz,66,,10,"n vier Tagen bei 0,53 für 5 m, 0,73 für","m und 0,93 für 30 m, der","Testname, Messstrecke",
66,2.4.1 Lineare Sprintschnelligkeit (5/10/30 m),Absatz,66,,"0,93","gen bei 0,53 für 5 m, 0,73 für 10 m und","für 30 m, der Standardme",Literaturangabe (Kapitel 1 bis 3),
66,2.4.1 Lineare Sprintschnelligkeit (5/10/30 m),Absatz,66,,30,",53 für 5 m, 0,73 für 10 m und 0,93 für","m, der Standardmessfehle","Testname, Messstrecke",
66,2.4.1 Lineare Sprintschnelligkeit (5/10/30 m),Absatz,66,,4,"r 30 m, der Standardmessfehler sank von",% auf 1 % der Sprintzeit,Literaturangabe (Kapitel 1 bis 3),
66,2.4.1 Lineare Sprintschnelligkeit (5/10/30 m),Absatz,66,,1,der Standardmessfehler sank von 4 % auf,% der Sprintzeit (Fergus,Literaturangabe (Kapitel 1 bis 3),
66,2.4.1 Lineare Sprintschnelligkeit (5/10/30 m),Absatz,66,,2024,"uf 1 % der Sprintzeit (Ferguson et al.,",),Zitatjahr,
66,2.4.1 Lineare Sprintschnelligkeit (5/10/30 m),Absatz,66,,81,bei,schottischen U15-Spieler,Literaturangabe (Kapitel 1 bis 3),
66,2.4.1 Lineare Sprintschnelligkeit (5/10/30 m),Absatz,66,,15,bei 81 schottischen U,-Spielern erreichte die 1,Literaturangabe (Kapitel 1 bis 3),
66,2.4.1 Lineare Sprintschnelligkeit (5/10/30 m),Absatz,66,,10,schottischen U15-Spielern erreichte die,-m-Zeit zwischen zwei Ter,"Testname, Messstrecke",
66,2.4.1 Lineare Sprintschnelligkeit (5/10/30 m),Absatz,66,,"0,93",it zwischen zwei Terminen einen ICC von,"bei einem CV von 1,7 % (",Literaturangabe (Kapitel 1 bis 3),
66,2.4.1 Lineare Sprintschnelligkeit (5/10/30 m),Absatz,66,,"1,7","nen einen ICC von 0,93 bei einem CV von","% (Dugdale et al., 2019)",Literaturangabe (Kapitel 1 bis 3),
66,2.4.1 Lineare Sprintschnelligkeit (5/10/30 m),Absatz,66,,2019,"bei einem CV von 1,7 % (Dugdale et al.,",). Die 5-m-Zeit ist zudem,Zitatjahr,
66,2.4.1 Lineare Sprintschnelligkeit (5/10/30 m),Absatz,66,,5,"V von 1,7 % (Dugdale et al., 2019). Die",-m-Zeit ist zudem am empf,"Testname, Messstrecke",
66,2.4.1 Lineare Sprintschnelligkeit (5/10/30 m),Absatz,66,,5,Bei erwachsenen Sportstudenten hing die,-m-Zeit systematisch von,"Testname, Messstrecke",
66,2.4.1 Lineare Sprintschnelligkeit (5/10/30 m),Absatz,66,,16,von Einzelstrahl-Schranken betrug rund,"% der 5-m-Zeit, und die",Literaturangabe (Kapitel 1 bis 3),
66,2.4.1 Lineare Sprintschnelligkeit (5/10/30 m),Absatz,66,,5,elstrahl-Schranken betrug rund 16 % der,"-m-Zeit, und die Reliabil","Testname, Messstrecke",
66,2.4.1 Lineare Sprintschnelligkeit (5/10/30 m),Absatz,66,,"0,3",bilität innerhalb einer Sitzung war bei,"m Startdistanz (ICC 0,84","Testname, Messstrecke",
66,2.4.1 Lineare Sprintschnelligkeit (5/10/30 m),Absatz,66,,"0,84","Sitzung war bei 0,3 m Startdistanz (ICC",,Literaturangabe (Kapitel 1 bis 3),
66,2.4.1 Lineare Sprintschnelligkeit (5/10/30 m),Absatz,66,,"2,4",CV,%) höher als bei den hie,Literaturangabe (Kapitel 1 bis 3),
66,2.4.1 Lineare Sprintschnelligkeit (5/10/30 m),Absatz,66,,"0,5",4 %) höher als bei den hier verwendeten,"m (ICC 0,65","Testname, Messstrecke",
66,2.4.1 Lineare Sprintschnelligkeit (5/10/30 m),Absatz,66,,"0,65","als bei den hier verwendeten 0,5 m (ICC",,Literaturangabe (Kapitel 1 bis 3),
66,2.4.1 Lineare Sprintschnelligkeit (5/10/30 m),Absatz,66,,"3,5",CV,%),Literaturangabe (Kapitel 1 bis 3),
66,2.4.1 Lineare Sprintschnelligkeit (5/10/30 m),Absatz,66,,"0,3",die Autoren empfehlen,"m (Altmann et al., 2015)","Testname, Messstrecke",
66,2.4.1 Lineare Sprintschnelligkeit (5/10/30 m),Absatz,66,,2015,"utoren empfehlen 0,3 m (Altmann et al.,","), und bei präpubertären",Zitatjahr,
66,2.4.1 Lineare Sprintschnelligkeit (5/10/30 m),Absatz,66,,5,räpubertären Fußballspielern erreichten,"- bis 20-m-Zeiten mit 0,3",Literaturangabe (Kapitel 1 bis 3),
66,2.4.1 Lineare Sprintschnelligkeit (5/10/30 m),Absatz,66,,20,tären Fußballspielern erreichten 5- bis,"-m-Zeiten mit 0,3 m Start","Testname, Messstrecke",
66,2.4.1 Lineare Sprintschnelligkeit (5/10/30 m),Absatz,66,,"0,3",elern erreichten 5- bis 20-m-Zeiten mit,m Startdistanz ICC von 0,"Testname, Messstrecke",
66,2.4.1 Lineare Sprintschnelligkeit (5/10/30 m),Absatz,66,,"0,91","m-Zeiten mit 0,3 m Startdistanz ICC von","bis 0,94 (Sammoud et al.",Literaturangabe (Kapitel 1 bis 3),
66,2.4.1 Lineare Sprintschnelligkeit (5/10/30 m),Absatz,66,,"0,94","mit 0,3 m Startdistanz ICC von 0,91 bis","(Sammoud et al., 2021).",Literaturangabe (Kapitel 1 bis 3),
66,2.4.1 Lineare Sprintschnelligkeit (5/10/30 m),Absatz,66,,2021,"ICC von 0,91 bis 0,94 (Sammoud et al.,",). Für die vorliegende Ar,Zitatjahr,
66,2.4.1 Lineare Sprintschnelligkeit (5/10/30 m),Absatz,66,,5,beit folgt daraus ein Zielkonflikt: Die,-m-Zeit trägt die diagnos,"Testname, Messstrecke",
66,2.4.1 Lineare Sprintschnelligkeit (5/10/30 m),Absatz,66,,10,"b nur deskriptiv berichtet, während die",- und die 30-m-Zeit die k,Literaturangabe (Kapitel 1 bis 3),
66,2.4.1 Lineare Sprintschnelligkeit (5/10/30 m),Absatz,66,,30,"ptiv berichtet, während die 10- und die",-m-Zeit die konfirmatoris,"Testname, Messstrecke",
66,2.4.1 Lineare Sprintschnelligkeit (5/10/30 m),Absatz,66,,4.7,atorischen Sprintmaße bilden (Abschnitt,).,Verweis,Abschnittsverweis
68,2.4.2 Richtungswechselfähigkeit (505),Absatz,68,,15,en häufigsten Aktionen des Spiels: Bei U,-Spielern einer Elite-Aka,Literaturangabe (Kapitel 1 bis 3),
68,2.4.2 Richtungswechselfähigkeit (505),Absatz,68,,170,oren je Spielbeobachtung im Mittel rund,seitliche Richtungswechs,Literaturangabe (Kapitel 1 bis 3),
68,2.4.2 Richtungswechselfähigkeit (505),Absatz,68,,185,itliche Richtungswechsel nach links und,nach rechts (Havanecz et,Literaturangabe (Kapitel 1 bis 3),
68,2.4.2 Richtungswechselfähigkeit (505),Absatz,68,,2026,"s und 185 nach rechts (Havanecz et al.,","), und bei den in Abschni",Zitatjahr,
68,2.4.2 Richtungswechselfähigkeit (505),Absatz,68,,2.1,"et al., 2026), und bei den in Abschnitt",beschriebenen U14-Spiele,Verweis,Abschnittsverweis
68,2.4.2 Richtungswechselfähigkeit (505),Absatz,68,,14,bei den in Abschnitt 2.1 beschriebenen U,-Spielern waren Abbremsun,Literaturangabe (Kapitel 1 bis 3),
68,2.4.2 Richtungswechselfähigkeit (505),Absatz,68,,"47,8",ebenen U14-Spielern waren Abbremsungen (,"± 22,2 je Spiel) häufige",Literaturangabe (Kapitel 1 bis 3),
68,2.4.2 Richtungswechselfähigkeit (505),Absatz,68,,"22,2","U14-Spielern waren Abbremsungen (47,8 ±",je Spiel) häufiger als B,Literaturangabe (Kapitel 1 bis 3),
68,2.4.2 Richtungswechselfähigkeit (505),Absatz,68,,"38,6",e Spiel) häufiger als Beschleunigungen (,"± 18,3",Literaturangabe (Kapitel 1 bis 3),
68,2.4.2 Richtungswechselfähigkeit (505),Absatz,68,,"18,3",") häufiger als Beschleunigungen (38,6 ±",,Literaturangabe (Kapitel 1 bis 3),
68,2.4.2 Richtungswechselfähigkeit (505),Absatz,68,,2021,"Algroy et al.,",). Das von Sheppard und Y,Zitatjahr,
68,2.4.2 Richtungswechselfähigkeit (505),Absatz,68,,2006,"al., 2021). Das von Sheppard und Young (",) zusammengefasste Klassi,Zitatjahr,
68,2.4.2 Richtungswechselfähigkeit (505),Absatz,68,,505,Tests ohne Reiz wie der,"-Test erfassen Letztere,","Testname, Messstrecke",
69,2.4.2 Richtungswechselfähigkeit (505),Absatz,69,,505,Der,-Test verlangt nach einem,"Testname, Messstrecke",
69,2.4.2 Richtungswechselfähigkeit (505),Absatz,69,,180,05-Test verlangt nach einem Anlauf eine,°-Wende mit einem Bodenko,Literaturangabe (Kapitel 1 bis 3),
69,2.4.2 Richtungswechselfähigkeit (505),Absatz,69,,1985,"und nach der Wende (Draper & Lancaster,",", zitiert nach Dos’Santos",Zitatjahr,
69,2.4.2 Richtungswechselfähigkeit (505),Absatz,69,,2020,", 1985, zitiert nach Dos’Santos et al.,",). Eine 180°-Wende erford,Zitatjahr,
69,2.4.2 Richtungswechselfähigkeit (505),Absatz,69,,180,"ert nach Dos’Santos et al., 2020). Eine","°-Wende erfordert, die Ho",Literaturangabe (Kapitel 1 bis 3),
69,2.4.2 Richtungswechselfähigkeit (505),Absatz,69,,2020,"null zu reduzieren (Dos’Santos et al.,",),Zitatjahr,
69,2.4.2 Richtungswechselfähigkeit (505),Absatz,69,,60,"eit lässt sich beibehalten, und ab etwa",° übernimmt bereits der v,Literaturangabe (Kapitel 1 bis 3),
69,2.4.2 Richtungswechselfähigkeit (505),Absatz,69,,2018,"ls grundlegend gilt (Dos’Santos et al.,",). Der Test bildet damit,Zitatjahr,
69,2.4.2 Richtungswechselfähigkeit (505),Absatz,69,,505,ertären Fußballspielern korrelierte die,-Zeit nur schwach mit den,"Testname, Messstrecke",
69,2.4.2 Richtungswechselfähigkeit (505),Absatz,69,,5,lierte die 505-Zeit nur schwach mit den,"- bis 20-m-Zeiten (r = 0,",Literaturangabe (Kapitel 1 bis 3),
69,2.4.2 Richtungswechselfähigkeit (505),Absatz,69,,20,die 505-Zeit nur schwach mit den 5- bis,"-m-Zeiten (r = 0,14 bis 0","Testname, Messstrecke",
69,2.4.2 Richtungswechselfähigkeit (505),Absatz,69,,"0,14",schwach mit den 5- bis 20-m-Zeiten (r =,"bis 0,20",Literaturangabe (Kapitel 1 bis 3),
69,2.4.2 Richtungswechselfähigkeit (505),Absatz,69,,"0,20","it den 5- bis 20-m-Zeiten (r = 0,14 bis",,Literaturangabe (Kapitel 1 bis 3),
69,2.4.2 Richtungswechselfähigkeit (505),Absatz,69,,2021,"Sammoud et al.,","), und Sheppard und Young",Zitatjahr,
69,2.4.2 Richtungswechselfähigkeit (505),Absatz,69,,2006,"et al., 2021), und Sheppard und Young (",) beschreiben beide als e,Zitatjahr,
70,2.4.2 Richtungswechselfähigkeit (505),Absatz,70,,373,egrenzt. In der größten Untersuchung an,schottischen Nachwuchssp,Literaturangabe (Kapitel 1 bis 3),
70,2.4.2 Richtungswechselfähigkeit (505),Absatz,70,,505,chsspielern erreichte der traditionelle,-Test ab der U13 zwischen,"Testname, Messstrecke",
70,2.4.2 Richtungswechselfähigkeit (505),Absatz,70,,13,chte der traditionelle 505-Test ab der U,zwischen zwei Terminen I,Literaturangabe (Kapitel 1 bis 3),
70,2.4.2 Richtungswechselfähigkeit (505),Absatz,70,,"0,85",der U13 zwischen zwei Terminen ICC von,"bis 0,97 bei CV von 1,0",Literaturangabe (Kapitel 1 bis 3),
70,2.4.2 Richtungswechselfähigkeit (505),Absatz,70,,"0,97","zwischen zwei Terminen ICC von 0,85 bis","bei CV von 1,0 bis 2,2 %",Literaturangabe (Kapitel 1 bis 3),
70,2.4.2 Richtungswechselfähigkeit (505),Absatz,70,,"1,0","rminen ICC von 0,85 bis 0,97 bei CV von","bis 2,2 % (U15: 0,85 und",Literaturangabe (Kapitel 1 bis 3),
70,2.4.2 Richtungswechselfähigkeit (505),Absatz,70,,"2,2","CC von 0,85 bis 0,97 bei CV von 1,0 bis","% (U15: 0,85 und 1,9 %),",Literaturangabe (Kapitel 1 bis 3),
70,2.4.2 Richtungswechselfähigkeit (505),Absatz,70,,15,",85 bis 0,97 bei CV von 1,0 bis 2,2 % (U",": 0,85 und 1,9 %), in der",Literaturangabe (Kapitel 1 bis 3),
70,2.4.2 Richtungswechselfähigkeit (505),Absatz,70,,"0,85","bis 0,97 bei CV von 1,0 bis 2,2 % (U15:","und 1,9 %), in der U11 u",Literaturangabe (Kapitel 1 bis 3),
70,2.4.2 Richtungswechselfähigkeit (505),Absatz,70,,"1,9","bei CV von 1,0 bis 2,2 % (U15: 0,85 und","%), in der U11 und U12 d",Literaturangabe (Kapitel 1 bis 3),
70,2.4.2 Richtungswechselfähigkeit (505),Absatz,70,,11,"is 2,2 % (U15: 0,85 und 1,9 %), in der U","und U12 dagegen nur 0,57",Literaturangabe (Kapitel 1 bis 3),
70,2.4.2 Richtungswechselfähigkeit (505),Absatz,70,,12,"(U15: 0,85 und 1,9 %), in der U11 und U","dagegen nur 0,57 bis 0,6",Literaturangabe (Kapitel 1 bis 3),
70,2.4.2 Richtungswechselfähigkeit (505),Absatz,70,,"0,57","1,9 %), in der U11 und U12 dagegen nur","bis 0,61 (Dugdale et al.",Literaturangabe (Kapitel 1 bis 3),
70,2.4.2 Richtungswechselfähigkeit (505),Absatz,70,,"0,61","in der U11 und U12 dagegen nur 0,57 bis","(Dugdale et al., 2019).",Literaturangabe (Kapitel 1 bis 3),
70,2.4.2 Richtungswechselfähigkeit (505),Absatz,70,,2019,"egen nur 0,57 bis 0,61 (Dugdale et al.,",). Bei 16-jährigen Rugbys,Zitatjahr,
70,2.4.2 Richtungswechselfähigkeit (505),Absatz,70,,16,"57 bis 0,61 (Dugdale et al., 2019). Bei",-jährigen Rugbyspielern –,Literaturangabe (Kapitel 1 bis 3),
70,2.4.2 Richtungswechselfähigkeit (505),Absatz,70,,505,rankensystem wie hier – lag der ICC der,-Zeit über drei Termine i,"Testname, Messstrecke",
70,2.4.2 Richtungswechselfähigkeit (505),Absatz,70,,"0,91",über drei Termine im Wochenabstand bei,"für die dominante und 0,",Literaturangabe (Kapitel 1 bis 3),
70,2.4.2 Richtungswechselfähigkeit (505),Absatz,70,,"0,89","nabstand bei 0,91 für die dominante und",für die nicht dominante,Literaturangabe (Kapitel 1 bis 3),
70,2.4.2 Richtungswechselfähigkeit (505),Absatz,70,,"2,8",r die nicht dominante Wenderichtung (CV,"beziehungsweise 3,3 %)",Literaturangabe (Kapitel 1 bis 3),
70,2.4.2 Richtungswechselfähigkeit (505),Absatz,70,,"3,3","e Wenderichtung (CV 2,8 beziehungsweise",%),Literaturangabe (Kapitel 1 bis 3),
70,2.4.2 Richtungswechselfähigkeit (505),Absatz,70,,"0,73",nanten Richtung weniger stabil war (ICC,"), empfehlen die Autoren",Literaturangabe (Kapitel 1 bis 3),
70,2.4.2 Richtungswechselfähigkeit (505),Absatz,70,,2020,"nderte Familiarisierung (Clarke et al.,",). Dem stehen Grenzen der,Zitatjahr,
70,2.4.2 Richtungswechselfähigkeit (505),Absatz,70,,110,Grenzen der Sensitivität gegenüber: Bei,englischen Akademiespiel,Literaturangabe (Kapitel 1 bis 3),
70,2.4.2 Richtungswechselfähigkeit (505),Absatz,70,,505,typische Messfehler eines modifizierten,"-Tests von 2,0 bis 3,2 %","Testname, Messstrecke",
70,2.4.2 Richtungswechselfähigkeit (505),Absatz,70,,"2,0",ehler eines modifizierten 505-Tests von,"bis 3,2 % minimal nachwe",Literaturangabe (Kapitel 1 bis 3),
70,2.4.2 Richtungswechselfähigkeit (505),Absatz,70,,"3,2","nes modifizierten 505-Tests von 2,0 bis",% minimal nachweisbare V,Literaturangabe (Kapitel 1 bis 3),
70,2.4.2 Richtungswechselfähigkeit (505),Absatz,70,,"5,5",minimal nachweisbare Veränderungen von,"bis 8,9 %, weshalb die A",Literaturangabe (Kapitel 1 bis 3),
70,2.4.2 Richtungswechselfähigkeit (505),Absatz,70,,"8,9","nachweisbare Veränderungen von 5,5 bis","%, weshalb die Autoren d",Literaturangabe (Kapitel 1 bis 3),
70,2.4.2 Richtungswechselfähigkeit (505),Absatz,70,,2018,"als begrenzt einstuften (Taylor et al.,","), und bei präpubertären",Zitatjahr,
70,2.4.2 Richtungswechselfähigkeit (505),Absatz,70,,"0,07",lern überstieg der typische Messfehler (,s) den kleinsten bedeuts,Literaturangabe (Kapitel 1 bis 3),
70,2.4.2 Richtungswechselfähigkeit (505),Absatz,70,,"0,04",den kleinsten bedeutsamen Unterschied (,s,Literaturangabe (Kapitel 1 bis 3),
70,2.4.2 Richtungswechselfähigkeit (505),Absatz,70,,2021,"Sammoud et al.,",). Für die vorliegende Ar,Zitatjahr,
70,2.4.2 Richtungswechselfähigkeit (505),Absatz,70,,505,e vorliegende Arbeit bedeutet dies: Der,-Test eignet sich für Gru,"Testname, Messstrecke",
70,2.4.2 Richtungswechselfähigkeit (505),Absatz,70,,4.4,seitengetrennt ausgewertet (Abschnitte,und 4.7).,Literaturangabe (Kapitel 1 bis 3),
70,2.4.2 Richtungswechselfähigkeit (505),Absatz,70,,4.7,etrennt ausgewertet (Abschnitte 4.4 und,).,Verweis,Abschnittsverweis
71,2.4.2 Richtungswechselfähigkeit (505),Absatz,71,,18,"Validität des Tests spricht, dass bei U",- und U23-Akademiespieler,Literaturangabe (Kapitel 1 bis 3),
71,2.4.2 Richtungswechselfähigkeit (505),Absatz,71,,23,"t des Tests spricht, dass bei U18- und U",-Akademiespielern – der e,Literaturangabe (Kapitel 1 bis 3),
71,2.4.2 Richtungswechselfähigkeit (505),Absatz,71,,90,ertel aller Richtungswechsel Winkel bis,° aufwiesen und exakte 18,Literaturangabe (Kapitel 1 bis 3),
71,2.4.2 Richtungswechselfähigkeit (505),Absatz,71,,180,sel Winkel bis 90° aufwiesen und exakte,"°-Wenden nur etwa 1,5 % a",Literaturangabe (Kapitel 1 bis 3),
71,2.4.2 Richtungswechselfähigkeit (505),Absatz,71,,"1,5",fwiesen und exakte 180°-Wenden nur etwa,"% ausmachten, was nach E",Literaturangabe (Kapitel 1 bis 3),
71,2.4.2 Richtungswechselfähigkeit (505),Absatz,71,,90,elbe Arbeit hält Tests mit Winkeln über,° gleichwohl für diskrimi,Literaturangabe (Kapitel 1 bis 3),
71,2.4.2 Richtungswechselfähigkeit (505),Absatz,71,,2022,"rung zu vernachlässigen (Morgan et al.,",). Der 505-Test prüft die,Zitatjahr,
71,2.4.2 Richtungswechselfähigkeit (505),Absatz,71,,505,"nachlässigen (Morgan et al., 2022). Der",-Test prüft die Bremskapa,"Testname, Messstrecke",
71,2.4.2 Richtungswechselfähigkeit (505),Absatz,71,,6.2,diese Einschränkung wird in Abschnitt,aufgegriffen.,Verweis,Abschnittsverweis
73,2.4.3 Sprungkraft (Standweitsprung),Absatz,73,,15,sen im Nachwuchsfußball führen für die U,"keine Sprungkategorie, u",Literaturangabe (Kapitel 1 bis 3),
73,2.4.3 Sprungkraft (Standweitsprung),Absatz,73,,11,"ie, und wo Sprünge erfasst wurden – bei","-Jährigen –, lag ihr Ante",Literaturangabe (Kapitel 1 bis 3),
73,2.4.3 Sprungkraft (Standweitsprung),Absatz,73,,2019,"Prozentbereich (Palucci Vieira et al.,",). Der Standweitsprung wi,Zitatjahr,
73,2.4.3 Sprungkraft (Standweitsprung),Absatz,73,,2021,"r unteren Extremität (Tomkinson et al.,",): Bei 363 Kindern korrel,Zitatjahr,
73,2.4.3 Sprungkraft (Standweitsprung),Absatz,73,,363,"xtremität (Tomkinson et al., 2021): Bei",Kindern korrelierte die,Literaturangabe (Kapitel 1 bis 3),
73,2.4.3 Sprungkraft (Standweitsprung),Absatz,73,,"0,79",rgewicht gewichtete Sprungweite mit r =,mit der Maximalkraft der,Literaturangabe (Kapitel 1 bis 3),
73,2.4.3 Sprungkraft (Standweitsprung),Absatz,73,,2015,"Beinstrecker (Fernandez-Santos et al.,","), und im Nachwuchsfußbal",Zitatjahr,
73,2.4.3 Sprungkraft (Standweitsprung),Absatz,73,,2019,"an einen Leistungspfad (Dugdale et al.,",). Als Sprung mit Ausholb,Zitatjahr,
73,2.4.3 Sprungkraft (Standweitsprung),Absatz,73,,2025,"DVZ-Aktionen zuzuordnen (Zheng et al.,",) und damit die einzige Z,Zitatjahr,
73,2.4.3 Sprungkraft (Standweitsprung),Absatz,73,,4.5.1,nd Bestandteil des Programms (Abschnitt,,Verweis,Abschnittsverweis
74,2.4.3 Sprungkraft (Standweitsprung),Absatz,74,,363,an Kindern und Jugendlichen belegt. Bei,Kindern von sechs bis zw,Literaturangabe (Kapitel 1 bis 3),
74,2.4.3 Sprungkraft (Standweitsprung),Absatz,74,,"0,94",t-Reliabilität nach einer Woche bei ICC,ohne systematische Diffe,Literaturangabe (Kapitel 1 bis 3),
74,2.4.3 Sprungkraft (Standweitsprung),Absatz,74,,2015,"den Terminen (Fernandez-Santos et al.,",),Zitatjahr,
74,2.4.3 Sprungkraft (Standweitsprung),Absatz,74,,123,bei,europäischen Jugendliche,Literaturangabe (Kapitel 1 bis 3),
74,2.4.3 Sprungkraft (Standweitsprung),Absatz,74,,"13,6",bei 123 europäischen Jugendlichen von,"± 0,8 Jahren zeigten zwe",Literaturangabe (Kapitel 1 bis 3),
74,2.4.3 Sprungkraft (Standweitsprung),Absatz,74,,"0,8","23 europäischen Jugendlichen von 13,6 ±",Jahren zeigten zwei Term,Literaturangabe (Kapitel 1 bis 3),
74,2.4.3 Sprungkraft (Standweitsprung),Absatz,74,,2008,"n- oder Ermüdungseffekt (Ortega et al.,","), und im Nachwuchsfußbal",Zitatjahr,
74,2.4.3 Sprungkraft (Standweitsprung),Absatz,74,,14,wuchsfußball erreichte der Test in der U,"und U15 ICC von 0,95 bis",Literaturangabe (Kapitel 1 bis 3),
74,2.4.3 Sprungkraft (Standweitsprung),Absatz,74,,15,ball erreichte der Test in der U14 und U,"ICC von 0,95 bis 0,96 be",Literaturangabe (Kapitel 1 bis 3),
74,2.4.3 Sprungkraft (Standweitsprung),Absatz,74,,"0,95",hte der Test in der U14 und U15 ICC von,"bis 0,96 bei CV von 2,1",Literaturangabe (Kapitel 1 bis 3),
74,2.4.3 Sprungkraft (Standweitsprung),Absatz,74,,"0,96","est in der U14 und U15 ICC von 0,95 bis","bei CV von 2,1 bis 2,5 %",Literaturangabe (Kapitel 1 bis 3),
74,2.4.3 Sprungkraft (Standweitsprung),Absatz,74,,"2,1","nd U15 ICC von 0,95 bis 0,96 bei CV von","bis 2,5 % mit trivialen",Literaturangabe (Kapitel 1 bis 3),
74,2.4.3 Sprungkraft (Standweitsprung),Absatz,74,,"2,5","CC von 0,95 bis 0,96 bei CV von 2,1 bis",% mit trivialen Untersch,Literaturangabe (Kapitel 1 bis 3),
74,2.4.3 Sprungkraft (Standweitsprung),Absatz,74,,2019,"zwischen den Terminen (Dugdale et al.,",). Bei testunerfahrenen E,Zitatjahr,
74,2.4.3 Sprungkraft (Standweitsprung),Absatz,74,,2024,"phase verschwand (Marín-Jiménez et al.,",),Zitatjahr,
74,2.4.3 Sprungkraft (Standweitsprung),Absatz,74,,4.3,n Studie tragen dem Rechnung (Abschnitt,). Welche Veränderungen p,Verweis,Abschnittsverweis
79,4.1 Studiendesign,Absatz,79,,2020,"llgruppe durchgeführt (Fröhlich et al.,",", S. 21). Beteiligt war j",Zitatjahr,
79,4.1 Studiendesign,Absatz,79,,21,"durchgeführt (Fröhlich et al., 2020, S.",). Beteiligt war je eine,Seitenangabe,
79,4.1 Studiendesign,Absatz,79,,2026,terventionsphase lag in der Sommerpause,vom 20.07. bis 30.08.,Kalenderjahr,
79,4.1 Studiendesign,Absatz,79,,20.07.,nsphase lag in der Sommerpause 2026 vom,bis 30.08.,"Datum, Konstante","Intervention (Konstante der Spezifikation, K-03 Fußzeile)"
79,4.1 Studiendesign,Absatz,79,,30.08.,in der Sommerpause 2026 vom 20.07. bis,,"Datum, Konstante","Intervention (Konstante der Spezifikation, K-03 Fußzeile)"
81,4.1 Studiendesign,Absatz,81,,2020,"artegruppendesign nach Fröhlich et al.,",", S. 125).",Zitatjahr,
81,4.1 Studiendesign,Absatz,81,,125,"endesign nach Fröhlich et al., 2020, S.",).,Seitenangabe,
82,4.1 Studiendesign,Absatz,82,,5,egter Reihenfolge die Sprintzeiten über,", 10 und 30 m, die 505-Ze","Testname, Messstrecke",
82,4.1 Studiendesign,Absatz,82,,10,"er Reihenfolge die Sprintzeiten über 5,","und 30 m, die 505-Zeit a","Testname, Messstrecke",
82,4.1 Studiendesign,Absatz,82,,30,"enfolge die Sprintzeiten über 5, 10 und","m, die 505-Zeit als Mitt","Testname, Messstrecke",
82,4.1 Studiendesign,Absatz,82,,505,"e Sprintzeiten über 5, 10 und 30 m, die",-Zeit als Mittelwert beid,"Testname, Messstrecke",
82,4.1 Studiendesign,Absatz,82,,2010,stattung folgte in Anlehnung an CONSORT,"(Schulz et al., 2010) un",Fachbezeichnung,g an CONSORT
82,4.1 Studiendesign,Absatz,82,,2010,"lehnung an CONSORT 2010 (Schulz et al.,",) und TIDieR (Hoffmann et,Zitatjahr,
82,4.1 Studiendesign,Absatz,82,,2014,"al., 2010) und TIDieR (Hoffmann et al.,",).,Zitatjahr,
83,4.1 Studiendesign,Absatz,83,,16.06.2026,dienprotokoll dient der Ethikantrag vom,(Anhang E). Abweichend v,"Datum, Konstante","Ethikantrag (Datum, F14 § 2)"
83,4.1 Studiendesign,Absatz,83,,45,sgruppe. Die geplante Fallzahl von etwa,Spielern wurde nicht err,Programmzahl,P-09
85,4.2 Stichprobe,Absatz,85,,2011,uchsfußballspieler der Geburtsjahrgänge,und 2012 aus dem leistun,Kennzahl neu,K-02.5
85,4.2 Stichprobe,Absatz,85,,2012,llspieler der Geburtsjahrgänge 2011 und,aus dem leistungsorienti,Kennzahl neu,K-02.5
85,4.2 Stichprobe,Absatz,85,,2,und Vereinsbindung entsprach dies Tier,(Trained/Developmental),Fachbezeichnung,ch dies Tier
85,4.2 Stichprobe,Absatz,85,,2022,velopmental) im Sinne von McKay et al. (,). Rekrutiert wurde im Ju,Zitatjahr,
85,4.2 Stichprobe,Absatz,85,,2026,et al. (2022). Rekrutiert wurde im Juni,über die Trainerteams vo,Kalenderjahr,
85,4.2 Stichprobe,Absatz,85,,26,Fußballvereinen. Analysiert wurden N =,Spieler. Auf die Interve,Kennzahl neu (mehrdeutig),"K-01.14, K-05.1, K-05.2, K-05.3, K-05.4, K-05.5 …"
85,4.2 Stichprobe,Absatz,85,,16,. Auf die Interventionsgruppe entfielen,"Spieler (Verein A n = 7,",Kennzahl neu (mehrdeutig),"K-01.10, K-01.14, K-01.15, K-02.1, K-02.2, K-02.3 …"
85,4.2 Stichprobe,Absatz,85,,7,uppe entfielen 16 Spieler (Verein A n =,", Verein B n = 9, Geburts",Kennzahl neu (mehrdeutig),"K-01.10, K-01.16, K-01.18, K-01.4, K-01.8, K-04.1 …"
85,4.2 Stichprobe,Absatz,85,,9,"6 Spieler (Verein A n = 7, Verein B n =",", Geburtsjahrgang 2011),",Kennzahl neu (mehrdeutig),"K-01.10, K-01.16, K-04.3, K-04.6, K-04.7, K-05.8 CL …"
85,4.2 Stichprobe,Absatz,85,,2011,"n = 7, Verein B n = 9, Geburtsjahrgang","), auf die Kontrollgruppe",Zitatjahr,
85,4.2 Stichprobe,Absatz,85,,10,"sjahrgang 2011), auf die Kontrollgruppe","(Verein C, Geburtsjahrga",Kennzahl neu (mehrdeutig),"K-01.12, K-01.14, K-01.16, K-02.1, K-02.2, K-02.3 …"
85,4.2 Stichprobe,Absatz,85,,2012,"ollgruppe 10 (Verein C, Geburtsjahrgang",). Die Interventionsgrupp,Zitatjahr,
85,4.2 Stichprobe,Absatz,85,,"15,10",tionsgruppe war bei der Eingangstestung,"± 0,26 Jahre alt, 173,9",Kennzahl neu,K-02.1
85,4.2 Stichprobe,Absatz,85,,"0,26","ppe war bei der Eingangstestung 15,10 ±","Jahre alt, 173,9 ± 10,7",Kennzahl neu,K-02.1
85,4.2 Stichprobe,Absatz,85,,"173,9","Eingangstestung 15,10 ± 0,26 Jahre alt,","± 10,7 cm groß und 60,8",Kennzahl neu,K-02.2
85,4.2 Stichprobe,Absatz,85,,"10,7","testung 15,10 ± 0,26 Jahre alt, 173,9 ±","cm groß und 60,8 ± 10,1",Kennzahl neu,K-02.2
85,4.2 Stichprobe,Absatz,85,,"60,8",",26 Jahre alt, 173,9 ± 10,7 cm groß und","± 10,1 kg schwer (M ± SD",Kennzahl neu,K-02.3
85,4.2 Stichprobe,Absatz,85,,"10,1","re alt, 173,9 ± 10,7 cm groß und 60,8 ±",kg schwer (M ± SD). Die,Kennzahl neu,"K-02.3, K-06.3"
85,4.2 Stichprobe,Absatz,85,,"14,08",schwer (M ± SD). Die Kontrollgruppe war,"± 0,31 Jahre alt, 168,7",Kennzahl neu,K-02.1
85,4.2 Stichprobe,Absatz,85,,"0,31","M ± SD). Die Kontrollgruppe war 14,08 ±","Jahre alt, 168,7 ± 6,6 c",Kennzahl neu,K-02.1
85,4.2 Stichprobe,Absatz,85,,"168,7","trollgruppe war 14,08 ± 0,31 Jahre alt,","± 6,6 cm groß und 53,3 ±",Kennzahl neu,K-02.2
85,4.2 Stichprobe,Absatz,85,,"6,6","ppe war 14,08 ± 0,31 Jahre alt, 168,7 ±","cm groß und 53,3 ± 7,5 k",Kennzahl neu,K-02.2
85,4.2 Stichprobe,Absatz,85,,"53,3","0,31 Jahre alt, 168,7 ± 6,6 cm groß und","± 7,5 kg schwer. Der Rei",Kennzahl neu,K-02.3
85,4.2 Stichprobe,Absatz,85,,"7,5","hre alt, 168,7 ± 6,6 cm groß und 53,3 ±",kg schwer. Der Reifestat,Kennzahl neu,"K-02.3, K-05.8 SBJ"
85,4.2 Stichprobe,Absatz,85,,"94,74","7,5 kg schwer. Der Reifestatus lag bei","± 2,77 %PAH in der Inter",Kennzahl neu,K-02.4
85,4.2 Stichprobe,Absatz,85,,"2,77","schwer. Der Reifestatus lag bei 94,74 ±",%PAH in der Intervention,Kennzahl neu,K-02.4
85,4.2 Stichprobe,Absatz,85,,"90,50",%PAH in der Interventionsgruppe und bei,"± 2,73 %PAH in der Kontr",Kennzahl neu,K-02.4
85,4.2 Stichprobe,Absatz,85,,"2,73","der Interventionsgruppe und bei 90,50 ±",%PAH in der Kontrollgrup,Kennzahl neu,"K-02.4, K-05.6"
86,4.2 Stichprobe,Absatz,86,,08.07.2026,Sporthochschule Köln erhob im Votum vom,keine grundlegenden ethi,"Datum, Konstante","Ethikvotum (Datum, F14 § 2)"
86,4.2 Stichprobe,Absatz,86,,157,e grundlegenden ethischen Bedenken (Nr.,/2026).,Verweis,edenken (Nr.
86,4.2 Stichprobe,Absatz,86,,2026,undlegenden ethischen Bedenken (Nr. 157/,).,Zitatjahr,
88,4.3 Untersuchungsablauf,Absatz,88,,1,ventionsphase und Ausgangstestung (Abb.,). Die Testtermine richte,Verweis,estung (Abb.
88,4.3 Untersuchungsablauf,Absatz,88,,02.07.,lagen die Eingangstestung von Verein A (,) vor und die Ausgangstes,Termin (K-03),K-03.1
88,4.3 Untersuchungsablauf,Absatz,88,,10.09.,nd die Ausgangstestungen der Vereine A (,) und C (14.09.) nach dem,Termin (K-03),K-03.1
88,4.3 Untersuchungsablauf,Absatz,88,,14.09.,testungen der Vereine A (10.09.) und C (,) nach dem geplanten Zeit,Termin (K-03),K-03.3
88,4.3 Untersuchungsablauf,Absatz,88,,29,09.) nach dem geplanten Zeitfenster (KW,beziehungsweise KW 35–36,Kalenderwoche (Antrag),
88,4.3 Untersuchungsablauf,Absatz,88,,35,n Zeitfenster (KW 29 beziehungsweise KW,–36,Kalenderwoche (Antrag),
88,4.3 Untersuchungsablauf,Absatz,88,,36,eitfenster (KW 29 beziehungsweise KW 35–,,Kalenderwoche (Antrag),
88,4.3 Untersuchungsablauf,Absatz,88,,4.1,Abschn.,). Alle Testungen fanden,Verweis,Abschnittsverweis
88,4.3 Untersuchungsablauf,Absatz,88,,5.1,Witterung wurde protokolliert (Abschn.,). Bei den Vereinen B und,Verweis,Abschnittsverweis
89,4.3 Untersuchungsablauf,Absatz,89,,1,⟨Abb.,hier einfügen: Zeitstrah,Verweis,⟨Abb.
90,4.3 Untersuchungsablauf,Absatz,90,,4.2,Die Familiarisierungstermine (Abschn.,) umfassten die mündliche,Verweis,Abschnittsverweis
90,4.3 Untersuchungsablauf,Absatz,90,,505,"i Probeversuchen je Testverfahren, beim",-Test je Wenderichtung. D,"Testname, Messstrecke",
90,4.3 Untersuchungsablauf,Absatz,90,,505,derichtung. Der Schwerpunkt lag auf dem,"-Test, für den Lerneffekt","Testname, Messstrecke",
90,4.3 Untersuchungsablauf,Absatz,90,,2020,"fphase beschrieben sind (Clarke et al.,",).,Zitatjahr,
91,4.3 Untersuchungsablauf,Absatz,91,,2018,"an die ISAK-Standards erhoben (Norton,",", S. 94–97), unbeschuht i",Zitatjahr,
91,4.3 Untersuchungsablauf,Absatz,91,,94,"SAK-Standards erhoben (Norton, 2018, S.","–97), unbeschuht in Sport",Seitenangabe,
91,4.3 Untersuchungsablauf,Absatz,91,,97,"-Standards erhoben (Norton, 2018, S. 94–","), unbeschuht in Sportbek",Seitenangabe,
91,4.3 Untersuchungsablauf,Absatz,91,,"0,1",ünden einmal. Die Körpermasse wurde auf,"kg gemessen, die Körperh",Kennzahl neu,K-06.3
91,4.3 Untersuchungsablauf,Absatz,91,,"0,1",tch-Stature-Technik mit Wandmaßband auf,cm (Feldvariante der Sta,Kennzahl neu,K-06.3
91,4.3 Untersuchungsablauf,Absatz,91,,4.7,zum Eingangszeitpunkt dienten (Abschn.,,Verweis,Abschnittsverweis
91,4.3 Untersuchungsablauf,Absatz,91,,6.1,Längenwachstum: Abschn.,).,Verweis,Abschnittsverweis
92,4.3 Untersuchungsablauf,Absatz,92,,1994,örperhöhe (%PAH) nach Khamis und Roche (,") aus Dezimalalter, Körpe",Zitatjahr,
92,4.3 Untersuchungsablauf,Absatz,92,,1994,"messener Werte ansehen (Khamis & Roche,",", S. 506)",Zitatjahr,
92,4.3 Untersuchungsablauf,Absatz,92,,506,"Werte ansehen (Khamis & Roche, 1994, S.",),Seitenangabe,
92,4.3 Untersuchungsablauf,Absatz,92,,6.1,ereich der Stichprobe wird in Abschnitt,eingeordnet.,Verweis,Abschnittsverweis
93,4.3 Untersuchungsablauf,Absatz,93,,15,g angeleiteten Aufwärmprogramm von etwa,Minuten nach dem RAMP-Sc,Kennzahl neu (mehrdeutig),"K-04.18, K-04.4, K-05.8 SBJ, K-10.16 W5, K-10.9"
93,4.3 Untersuchungsablauf,Absatz,93,,2007,"Minuten nach dem RAMP-Schema (Jeffreys,",,Zitatjahr,
93,4.3 Untersuchungsablauf,Absatz,93,,6.1,zu beiden Terminen aber gleich (Abschn.,).,Verweis,Abschnittsverweis
94,4.3 Untersuchungsablauf,Absatz,94,,505,"iert: linearer Sprint, Standweitsprung,",-Test. Diese Reihenfolge,"Testname, Messstrecke",
94,4.3 Untersuchungsablauf,Absatz,94,,505,"prung folgte als Zwischenglied, und der",-Test beschloss sie als b,"Testname, Messstrecke",
94,4.3 Untersuchungsablauf,Absatz,94,,1976,"lastungen weitgehend ab (Harris et al.,",). Sämtliche Zeiten erfas,Zitatjahr,
94,4.3 Untersuchungsablauf,Absatz,94,,2016,"der auslösenden Schranke zu (Microgate,",", S. 35–37). Die Messstre",Zitatjahr,
94,4.3 Untersuchungsablauf,Absatz,94,,35,"senden Schranke zu (Microgate, 2016, S.",–37). Die Messstrecken wu,Seitenangabe,
94,4.3 Untersuchungsablauf,Absatz,94,,37,"den Schranke zu (Microgate, 2016, S. 35–",). Die Messstrecken wurde,Seitenangabe,
94,4.3 Untersuchungsablauf,Absatz,94,,4.7,hne Geräteexport digitalisiert (Abschn.,"). Versuchszahl, Gültigke",Verweis,Abschnittsverweis
94,4.3 Untersuchungsablauf,Absatz,94,,4.4.,Messaufbau je Test beschreibt Abschnitt,,Verweis,Abschnittsverweis
95,4.3 Untersuchungsablauf,Absatz,95,,6.2,ruppenzugehörigkeit verblindet (Abschn.,). Die Zeiten wurden inst,Verweis,Abschnittsverweis
95,4.3 Untersuchungsablauf,Absatz,95,,4.4,b fixierter Messregel gemessen (Abschn.,),Verweis,Abschnittsverweis
95,4.3 Untersuchungsablauf,Absatz,95,,48,holung. Alle Testungen lagen mindestens,Stunden nach dem letzten,Kennzahl neu,K-11.3 CL
97,4.4 Leistungsdiagnostik,Absatz,97,,1,standen Einzelstrahl-Lichtschranken auf,m Höhe zur Verfügung. Ge,"Testname, Messstrecke",
97,4.4 Leistungsdiagnostik,Absatz,97,,"0,5",in Schrittstellung mit dem vorderen Fuß,m hinter der 0-m-Linie (,"Testname, Messstrecke",
97,4.4 Leistungsdiagnostik,Absatz,97,,0,"g mit dem vorderen Fuß 0,5 m hinter der",-m-Linie (Dos'Santos et a,"Testname, Messstrecke",
97,4.4 Leistungsdiagnostik,Absatz,97,,2020,"inter der 0-m-Linie (Dos'Santos et al.,",,Zitatjahr,
97,4.4 Leistungsdiagnostik,Absatz,97,,2025,"Padrón-Cabo et al.,",),Zitatjahr,
97,4.4 Leistungsdiagnostik,Absatz,97,,2015,n und Auslösung folgten Altmann et al. (,"), abweichend davon wurde",Zitatjahr,
97,4.4 Leistungsdiagnostik,Absatz,97,,1,unkte unverändert. Die Auflösung betrug,"/25 000 s (Microgate, 201",Kennzahl neu (mehrdeutig),"K-01.11, K-01.20, K-01.21, K-01.24, K-01.7, K-05.1 …"
97,4.4 Leistungsdiagnostik,Absatz,97,,25,kte unverändert. Die Auflösung betrug 1/,"000 s (Microgate, 2016)",Kennzahl neu,K-05.1
97,4.4 Leistungsdiagnostik,Absatz,97,,000,unverändert. Die Auflösung betrug 1/25,"s (Microgate, 2016)",ungedeckt,
97,4.4 Leistungsdiagnostik,Absatz,97,,2016,"Auflösung betrug 1/25 000 s (Microgate,",),Zitatjahr,
97,4.4 Leistungsdiagnostik,Absatz,97,,"0,01",protokolliert wurde auf,s. Eine Zwischenzeit bei,ungedeckt,
97,4.4 Leistungsdiagnostik,Absatz,97,,20,"wurde auf 0,01 s. Eine Zwischenzeit bei",m wurde nicht erhoben. D,"Testname, Messstrecke",
97,4.4 Leistungsdiagnostik,Absatz,97,,10,rde nicht erhoben. Die Teilstrecken bis,m bilden die Beschleunig,"Testname, Messstrecke",
97,4.4 Leistungsdiagnostik,Absatz,97,,30,"10 m bilden die Beschleunigung ab, die",-m-Zeit die Annäherung an,"Testname, Messstrecke",
97,4.4 Leistungsdiagnostik,Absatz,97,,2.4.1,g an die Höchstgeschwindigkeit (Abschn.,),Verweis,Abschnittsverweis
97,4.4 Leistungsdiagnostik,Absatz,97,,20,eine,-m-Zeit hätte im selben A,"Testname, Messstrecke",
97,4.4 Leistungsdiagnostik,Absatz,97,,30,hwuchsspielern weniger reliabel als die,"-m-Zeit (ICC 0,86 gegenüb","Testname, Messstrecke",
97,4.4 Leistungsdiagnostik,Absatz,97,,"0,86",weniger reliabel als die 30-m-Zeit (ICC,"gegenüber 0,93 bei gleic",Kennzahl neu,K-07.1 Z30
97,4.4 Leistungsdiagnostik,Absatz,97,,"0,93","l als die 30-m-Zeit (ICC 0,86 gegenüber",bei gleichem absoluten M,Kennzahl neu,"K-09.2, K-09.3, K-09.4"
97,4.4 Leistungsdiagnostik,Absatz,97,,2024,"Ferguson et al.,",) [EXTRAPOLATION].,Zitatjahr,
98,4.4 Leistungsdiagnostik,Absatz,98,,4.3,mindestens zwei Minuten Pause (Abschn.,),Verweis,Abschnittsverweis
98,4.4 Leistungsdiagnostik,Absatz,98,,558,", soweit die Zeitplanung es zuließ. Von",vorgesehenen Prä-Versuch,nur im alten Blatt (22.09.),K-04.1
98,4.4 Leistungsdiagnostik,Absatz,98,,174,on 558 vorgesehenen Prä-Versuchen waren,nicht gültig: 94 durch L,nur im alten Blatt (22.09.),K-04.3
98,4.4 Leistungsdiagnostik,Absatz,98,,94,n Prä-Versuchen waren 174 nicht gültig:,durch Lichtschrankenausf,nur im alten Blatt (22.09.),K-04.4
98,4.4 Leistungsdiagnostik,Absatz,98,,64,"gültig: 94 durch Lichtschrankenausfall,",durch einen aus Zeitgrün,Kennzahl neu,K-11.3 Z05
98,4.4 Leistungsdiagnostik,Absatz,98,,16,"eitgründen entfallenen dritten Versuch,",durch nicht wiederholbar,Kennzahl neu (mehrdeutig),"K-01.10, K-01.14, K-01.15, K-02.1, K-02.2, K-02.3 …"
98,4.4 Leistungsdiagnostik,Absatz,98,,"0,62",als die Interventionsgruppe (je Spieler,"–2,00 gegenüber 0,11–0,50",ungedeckt,
98,4.4 Leistungsdiagnostik,Absatz,98,,"2,00","ie Interventionsgruppe (je Spieler 0,62–","gegenüber 0,11–0,50)",Kennzahl neu,"K-11.3 CL, K-11.3 SBJ"
98,4.4 Leistungsdiagnostik,Absatz,98,,"0,11","sgruppe (je Spieler 0,62–2,00 gegenüber","–0,50)",Kennzahl neu (mehrdeutig),"K-04.12, K-04.13, K-04.14, K-04.19, K-04.6, K-06.2 …"
98,4.4 Leistungsdiagnostik,Absatz,98,,"0,50","pe (je Spieler 0,62–2,00 gegenüber 0,11–",),ungedeckt,
98,4.4 Leistungsdiagnostik,Absatz,98,,505,beim,-Test und Standweitsprung,"Testname, Messstrecke",
98,4.4 Leistungsdiagnostik,Absatz,98,,"1,83",en je Zielgröße und zugeteiltem Spieler,"bis 2,61 (Interventionsg",Kennzahl neu,K-11.3 CL
98,4.4 Leistungsdiagnostik,Absatz,98,,"2,61","lgröße und zugeteiltem Spieler 1,83 bis",(Interventionsgruppe) be,Kennzahl neu,K-11.3 Z30
98,4.4 Leistungsdiagnostik,Absatz,98,,"1,00",1 (Interventionsgruppe) beziehungsweise,"bis 2,38 (Kontrollgruppe",Kennzahl neu,K-11.3 Z05
98,4.4 Leistungsdiagnostik,Absatz,98,,"2,38","entionsgruppe) beziehungsweise 1,00 bis",(Kontrollgruppe) gültige,Kennzahl neu,K-11.3 Z30
98,4.4 Leistungsdiagnostik,Absatz,98,,5.1,Versuche vor (Ausgangstestung: Abschn.,),Verweis,Abschnittsverweis
98,4.4 Leistungsdiagnostik,Absatz,98,,4.7,Versuche in die Auswertung ein (Abschn.,).,Verweis,Abschnittsverweis
99,4.4 Leistungsdiagnostik,Absatz,99,,2000,"(TE) der Prä-Testung bestimmt (Hopkins,",) und dem kleinsten prakt,Zitatjahr,
99,4.4 Leistungsdiagnostik,Absatz,99,,1,rschied (SESOI) gegenübergestellt (Tab.,"). Der SESOI wurde auf 0,",Verweis,stellt (Tab.
99,4.4 Leistungsdiagnostik,Absatz,99,,"0,2",rgestellt (Tab. 1). Der SESOI wurde auf,Zwischen-Athleten-Standa,Konstante der Methodik,
99,4.4 Leistungsdiagnostik,Absatz,99,,1988,der Prä-Bestwerte festgelegt – Cohens (,", S. 25) Konvention für e",Zitatjahr,
99,4.4 Leistungsdiagnostik,Absatz,99,,25,"Bestwerte festgelegt – Cohens (1988, S.",) Konvention für einen kl,Seitenangabe,
99,4.4 Leistungsdiagnostik,Absatz,99,,2000,"für einen kleinen Effekt, von Hopkins (",", S. 8) als kleinster loh",Zitatjahr,
99,4.4 Leistungsdiagnostik,Absatz,99,,8,"n kleinen Effekt, von Hopkins (2000, S.",) als kleinster lohnender,Seitenangabe,
99,4.4 Leistungsdiagnostik,Absatz,99,,6.1,zugunsten der Vergleichbarkeit (Abschn.,). Ohne Wiederholungsterm,Verweis,Abschnittsverweis
99,4.4 Leistungsdiagnostik,Absatz,99,,6.2,renze des Prä-Post-Messfehlers (Abschn.,). Er überstieg bei allen,Verweis,Abschnittsverweis
99,4.4 Leistungsdiagnostik,Absatz,99,,1,eg bei allen Zielgrößen den SESOI (Tab.,). Aussagen über einzelne,Verweis, SESOI (Tab.
99,4.4 Leistungsdiagnostik,Absatz,99,,2022,"Breite der Konfidenzintervalle (Lakens,",).,Zitatjahr,
101,4.4 Leistungsdiagnostik,Tabelle,101,2,95,"TE
[",-%-KI],Konstante der Methodik,
101,4.4 Leistungsdiagnostik,Tabelle,101,6,95,"TE post
[",-%-KI],Konstante der Methodik,
101,4.4 Leistungsdiagnostik,Tabelle,101,7,5,Sprint,m (s),"Testname, Messstrecke",
101,4.4 Leistungsdiagnostik,Tabelle,101,8,21,,,Kennzahl neu (mehrdeutig),"K-01.15, K-04.7, K-05.1, K-05.4, K-05.6, K-07.1 CM …"
101,4.4 Leistungsdiagnostik,Tabelle,101,9,"0,046",,"[0,037 bis 0,063]",Kennzahl neu,K-05.1
101,4.4 Leistungsdiagnostik,Tabelle,101,9,"0,037","0,046
[","bis 0,063]",Kennzahl neu,"K-05.1, K-05.2"
101,4.4 Leistungsdiagnostik,Tabelle,101,9,"0,063","0,046
[0,037 bis",],Kennzahl neu,"K-05.1, K-05.3"
101,4.4 Leistungsdiagnostik,Tabelle,101,10,"4,2",,,Kennzahl neu,"K-05.1, K-06.5 SBJ"
101,4.4 Leistungsdiagnostik,Tabelle,101,11,"0,016",,,Kennzahl neu,K-05.1
101,4.4 Leistungsdiagnostik,Tabelle,101,12,"2,92",,,Kennzahl neu,K-05.1
101,4.4 Leistungsdiagnostik,Tabelle,101,13,"0,040",,"[0,032 bis 0,051]",Kennzahl neu,"K-05.1, K-05.8 CM"
101,4.4 Leistungsdiagnostik,Tabelle,101,13,"0,032","0,040
[","bis 0,051]",Kennzahl neu,K-05.1
101,4.4 Leistungsdiagnostik,Tabelle,101,13,"0,051","0,040
[0,032 bis",],Kennzahl neu,"K-05.1, K-05.8 Z30, K-08.6 CM, K-09.1"
101,4.4 Leistungsdiagnostik,Tabelle,101,14,10,Sprint,m (s),"Testname, Messstrecke",
101,4.4 Leistungsdiagnostik,Tabelle,101,15,26,,,Kennzahl neu (mehrdeutig),"K-01.14, K-05.1, K-05.2, K-05.3, K-05.4, K-05.5 …"
101,4.4 Leistungsdiagnostik,Tabelle,101,16,"0,037",,"[0,030 bis 0,048]",Kennzahl neu,"K-05.1, K-05.2"
101,4.4 Leistungsdiagnostik,Tabelle,101,16,"0,030","0,037
[","bis 0,048]",Kennzahl neu,K-05.2
101,4.4 Leistungsdiagnostik,Tabelle,101,16,"0,048","0,037
[0,030 bis",],Kennzahl neu,K-05.2
101,4.4 Leistungsdiagnostik,Tabelle,101,17,"1,9",,,Kennzahl neu,"K-05.2, K-08.3 SBJ"
101,4.4 Leistungsdiagnostik,Tabelle,101,18,"0,021",,,Kennzahl neu,K-05.2
101,4.4 Leistungsdiagnostik,Tabelle,101,19,"1,72",,,Kennzahl neu,K-05.2
101,4.4 Leistungsdiagnostik,Tabelle,101,20,"0,050",,"[0,038 bis 0,073]",Kennzahl neu,"K-05.2, K-05.8 Z10, K-10.17 BW-02"
101,4.4 Leistungsdiagnostik,Tabelle,101,20,"0,038","0,050
[","bis 0,073]",Kennzahl neu,"K-05.2, K-05.8 Z05, K-05.8 Z10"
101,4.4 Leistungsdiagnostik,Tabelle,101,20,"0,073","0,050
[0,038 bis",],Kennzahl neu,K-05.2
101,4.4 Leistungsdiagnostik,Tabelle,101,21,30,Sprint,m (s),"Testname, Messstrecke",
101,4.4 Leistungsdiagnostik,Tabelle,101,22,30,,,Kennzahl neu,"K-05.3, K-05.5, K-06.4"
101,4.4 Leistungsdiagnostik,Tabelle,101,23,"0,077",,"[0,065 bis 0,097]",Kennzahl neu,"K-05.3, K-05.8 CL, K-08.11 CM, K-08.2 CM"
101,4.4 Leistungsdiagnostik,Tabelle,101,23,"0,065","0,077
[","bis 0,097]",Kennzahl neu,"K-05.3, K-10.17 BW-08"
101,4.4 Leistungsdiagnostik,Tabelle,101,23,"0,097","0,077
[0,065 bis",],Kennzahl neu,K-05.3
101,4.4 Leistungsdiagnostik,Tabelle,101,24,"1,6",,,Kennzahl neu,K-05.3
101,4.4 Leistungsdiagnostik,Tabelle,101,25,"0,063",,,Kennzahl neu,"K-05.1, K-05.3"
101,4.4 Leistungsdiagnostik,Tabelle,101,26,"1,24",,,Kennzahl neu,"K-05.3, K-09.3"
101,4.4 Leistungsdiagnostik,Tabelle,101,27,"0,090",,"[0,074 bis 0,116]",Kennzahl neu,"K-05.3, K-05.8 CR"
101,4.4 Leistungsdiagnostik,Tabelle,101,27,"0,074","0,090
[","bis 0,116]",Kennzahl neu,"K-05.3, K-08.7 CM"
101,4.4 Leistungsdiagnostik,Tabelle,101,27,"0,116","0,090
[0,074 bis",],Kennzahl neu,K-05.3
101,4.4 Leistungsdiagnostik,Tabelle,101,28,505,,links (s),"Testname, Messstrecke",
101,4.4 Leistungsdiagnostik,Tabelle,101,29,22,,,Kennzahl neu,"K-05.4, K-06.5 SBJ, K-06.5 Z30, K-11.4 Summe PRE"
101,4.4 Leistungsdiagnostik,Tabelle,101,30,"0,089",,"[0,070 bis 0,122]",Kennzahl neu,"K-05.4, K-08.11 Z30, K-08.2 CM"
101,4.4 Leistungsdiagnostik,Tabelle,101,30,"0,070","0,089
[","bis 0,122]",Kennzahl neu,K-05.4
101,4.4 Leistungsdiagnostik,Tabelle,101,30,"0,122","0,089
[0,070 bis",],Kennzahl neu,K-05.4
101,4.4 Leistungsdiagnostik,Tabelle,101,31,"3,5",,,Kennzahl neu,K-05.4
101,4.4 Leistungsdiagnostik,Tabelle,101,32,"0,023",,,Kennzahl neu,"K-05.4, K-05.5"
101,4.4 Leistungsdiagnostik,Tabelle,101,33,"3,89",,,Kennzahl neu,K-05.4
101,4.4 Leistungsdiagnostik,Tabelle,101,34,"0,053",,"[0,041 bis 0,076]",Kennzahl neu,"K-05.4, K-05.5, K-08.7 Z30, K-08.8 CM"
101,4.4 Leistungsdiagnostik,Tabelle,101,34,"0,041","0,053
[","bis 0,076]",Kennzahl neu,"K-05.4, K-05.6"
101,4.4 Leistungsdiagnostik,Tabelle,101,34,"0,076","0,053
[0,041 bis",],Kennzahl neu,K-05.4
101,4.4 Leistungsdiagnostik,Tabelle,101,35,505,,rechts (s),"Testname, Messstrecke",
101,4.4 Leistungsdiagnostik,Tabelle,101,36,26,,,Kennzahl neu (mehrdeutig),"K-01.14, K-05.1, K-05.2, K-05.3, K-05.4, K-05.5 …"
101,4.4 Leistungsdiagnostik,Tabelle,101,37,"0,083",,"[0,066 bis 0,111]",Kennzahl neu,K-05.5
101,4.4 Leistungsdiagnostik,Tabelle,101,37,"0,066","0,083
[","bis 0,111]",Kennzahl neu,"K-05.5, K-06.5 CM"
101,4.4 Leistungsdiagnostik,Tabelle,101,37,"0,111","0,083
[0,066 bis",],Kennzahl neu,K-05.5
101,4.4 Leistungsdiagnostik,Tabelle,101,38,"3,3",,,Kennzahl neu,"K-05.5, K-05.7, K-10.16 W5"
101,4.4 Leistungsdiagnostik,Tabelle,101,39,"0,023",,,Kennzahl neu,"K-05.4, K-05.5"
101,4.4 Leistungsdiagnostik,Tabelle,101,40,"3,55",,,Kennzahl neu,K-05.5
101,4.4 Leistungsdiagnostik,Tabelle,101,41,"0,072",,"[0,053 bis 0,113]",Kennzahl neu,K-05.5
101,4.4 Leistungsdiagnostik,Tabelle,101,41,"0,053","0,072
[","bis 0,113]",Kennzahl neu,"K-05.4, K-05.5, K-08.7 Z30, K-08.8 CM"
101,4.4 Leistungsdiagnostik,Tabelle,101,41,"0,113","0,072
[0,053 bis",],Kennzahl neu,K-05.5
101,4.4 Leistungsdiagnostik,Tabelle,101,42,505,,-Seitenmittel (s),"Testname, Messstrecke",
101,4.4 Leistungsdiagnostik,Tabelle,101,43,19,,,Kennzahl neu,"K-04.15, K-05.6, K-06.5 CM"
101,4.4 Leistungsdiagnostik,Tabelle,101,44,"0,055",,"[0,042 bis 0,078]",Kennzahl neu,"K-05.6, K-09.1"
101,4.4 Leistungsdiagnostik,Tabelle,101,44,"0,042","0,055
[","bis 0,078]",Kennzahl neu,"K-05.6, K-05.8 CM"
101,4.4 Leistungsdiagnostik,Tabelle,101,44,"0,078","0,055
[0,042 bis",],Kennzahl neu,"K-05.6, K-08.6 Z30"
101,4.4 Leistungsdiagnostik,Tabelle,101,45,"2,2",,,Kennzahl neu,K-05.6
101,4.4 Leistungsdiagnostik,Tabelle,101,46,"0,020",,,Kennzahl neu,K-05.6
101,4.4 Leistungsdiagnostik,Tabelle,101,47,"2,73",,,Kennzahl neu,"K-02.4, K-05.6"
101,4.4 Leistungsdiagnostik,Tabelle,101,48,"0,041",,"[0,029 bis 0,067]",Kennzahl neu,"K-05.4, K-05.6"
101,4.4 Leistungsdiagnostik,Tabelle,101,48,"0,029","0,041
[","bis 0,067]",Kennzahl neu,"K-05.6, K-05.8 Z10, K-07.2 CM"
101,4.4 Leistungsdiagnostik,Tabelle,101,48,"0,067","0,041
[0,029 bis",],Kennzahl neu (mehrdeutig),"K-05.6, K-05.8 CL, K-05.8 CM, K-05.8 CR, K-08.5 CM"
101,4.4 Leistungsdiagnostik,Tabelle,101,50,29,,,Kennzahl neu,"K-05.4, K-05.5, K-05.7, K-11.4 Summe PRE"
101,4.4 Leistungsdiagnostik,Tabelle,101,51,"6,1",,"[5,1 bis 7,8]",Kennzahl neu,K-05.7
101,4.4 Leistungsdiagnostik,Tabelle,101,51,"5,1","6,1
[","bis 7,8]",Kennzahl neu,"K-05.7, K-05.8 SBJ"
101,4.4 Leistungsdiagnostik,Tabelle,101,51,"7,8","6,1
[5,1 bis",],Kennzahl neu,K-05.7
101,4.4 Leistungsdiagnostik,Tabelle,101,52,"2,7",,,Kennzahl neu,K-05.7
101,4.4 Leistungsdiagnostik,Tabelle,101,53,"3,3",,,Kennzahl neu,"K-05.5, K-05.7, K-10.16 W5"
101,4.4 Leistungsdiagnostik,Tabelle,101,54,"1,85",,,Kennzahl neu,"K-04.10, K-05.7"
101,4.4 Leistungsdiagnostik,Tabelle,101,55,"6,7",,"[5,3 bis 9,2]",Kennzahl neu,K-05.7
101,4.4 Leistungsdiagnostik,Tabelle,101,55,"5,3","6,7
[","bis 9,2]",Kennzahl neu,K-05.7
101,4.4 Leistungsdiagnostik,Tabelle,101,55,"9,2","6,7
[5,3 bis",],Kennzahl neu,"K-05.7, K-07.1 SBJ"
102,4.4 Leistungsdiagnostik,Absatz,101,,95,gen Versuche innerhalb der Sitzung) mit,-%-Konfidenzintervall aus,ungedeckt,
102,4.4 Leistungsdiagnostik,Absatz,101,,"0,2",ster praktisch bedeutsamer Unterschied (,× Standardabweichung der,ungedeckt,
102,4.4 Leistungsdiagnostik,Absatz,101,,1,er Bestwerte aller Spieler). TE/SESOI >,: Der Messfehler überstei,Kennzahl neu (mehrdeutig),"K-01.11, K-01.20, K-01.21, K-01.24, K-01.7, K-05.1 …"
102,4.4 Leistungsdiagnostik,Absatz,101,,505,1: Der Messfehler übersteigt den SESOI.,links/rechts = Wenderich,"Testname, Messstrecke",
102,4.4 Leistungsdiagnostik,Absatz,101,,5,"er der Abschlusstestung, n post: Sprint","m 25, Sprint 10 m 13, Sp","Testname, Messstrecke",
102,4.4 Leistungsdiagnostik,Absatz,101,,25,"er Abschlusstestung, n post: Sprint 5 m",", Sprint 10 m 13, Sprint",Kennzahl neu,K-05.1
102,4.4 Leistungsdiagnostik,Absatz,101,,10,"stestung, n post: Sprint 5 m 25, Sprint","m 13, Sprint 30 m 26, 50","Testname, Messstrecke",
102,4.4 Leistungsdiagnostik,Absatz,101,,13,"ung, n post: Sprint 5 m 25, Sprint 10 m",", Sprint 30 m 26, 505 lin",Kennzahl neu (mehrdeutig),"K-01.13, K-01.3, K-01.6, K-01.8, K-04.10, K-04.11 …"
102,4.4 Leistungsdiagnostik,Absatz,101,,30,": Sprint 5 m 25, Sprint 10 m 13, Sprint","m 26, 505 links 21, 505","Testname, Messstrecke",
102,4.4 Leistungsdiagnostik,Absatz,101,,26,"int 5 m 25, Sprint 10 m 13, Sprint 30 m",", 505 links 21, 505 recht",Kennzahl neu (mehrdeutig),"K-01.14, K-05.1, K-05.2, K-05.3, K-05.4, K-05.5 …"
102,4.4 Leistungsdiagnostik,Absatz,101,,505,"5 m 25, Sprint 10 m 13, Sprint 30 m 26,","links 21, 505 rechts 14,","Testname, Messstrecke",
102,4.4 Leistungsdiagnostik,Absatz,101,,21,"rint 10 m 13, Sprint 30 m 26, 505 links",", 505 rechts 14, 505-Seit",Kennzahl neu (mehrdeutig),"K-01.15, K-04.7, K-05.1, K-05.4, K-05.6, K-07.1 CM …"
102,4.4 Leistungsdiagnostik,Absatz,101,,505,"10 m 13, Sprint 30 m 26, 505 links 21,","rechts 14, 505-Seitenmit","Testname, Messstrecke",
102,4.4 Leistungsdiagnostik,Absatz,101,,14,"print 30 m 26, 505 links 21, 505 rechts",", 505-Seitenmittel 12, St",Kennzahl neu (mehrdeutig),"K-01.17, K-04.19, K-04.5, K-05.5, K-05.8 SBJ, K-05.8 Z05 …"
102,4.4 Leistungsdiagnostik,Absatz,101,,505,"t 30 m 26, 505 links 21, 505 rechts 14,","-Seitenmittel 12, Standwe","Testname, Messstrecke",
102,4.4 Leistungsdiagnostik,Absatz,101,,12,"nks 21, 505 rechts 14, 505-Seitenmittel",", Standweitsprung 23.",Kennzahl neu (mehrdeutig),"K-04.12, K-04.13, K-04.3, K-04.6, K-05.6, K-05.8 SBJ …"
102,4.4 Leistungsdiagnostik,Absatz,101,,23,"4, 505-Seitenmittel 12, Standweitsprung",.,Kennzahl neu,"K-05.7, K-07.2 CM, K-09.3"
105,4.4.1 30-m-Sprint mit Zwischenzeiten (5/10 m),Absatz,104,,30,re Sprintschnelligkeit wurde über einen,-m-Sprint mit Lichtschran,"Testname, Messstrecke",
105,4.4.1 30-m-Sprint mit Zwischenzeiten (5/10 m),Absatz,104,,0,inen 30-m-Sprint mit Lichtschranken bei,", 5, 10 und 30 m erfasst",Kennzahl neu (mehrdeutig),"K-01.11, K-01.12, K-01.13, K-01.21, K-01.9, K-06.4 …"
105,4.4.1 30-m-Sprint mit Zwischenzeiten (5/10 m),Absatz,104,,5,"n 30-m-Sprint mit Lichtschranken bei 0,",", 10 und 30 m erfasst","Testname, Messstrecke",
105,4.4.1 30-m-Sprint mit Zwischenzeiten (5/10 m),Absatz,104,,10,"0-m-Sprint mit Lichtschranken bei 0, 5,",und 30 m erfasst,"Testname, Messstrecke",
105,4.4.1 30-m-Sprint mit Zwischenzeiten (5/10 m),Absatz,104,,30,"int mit Lichtschranken bei 0, 5, 10 und",m erfasst,"Testname, Messstrecke",
105,4.4.1 30-m-Sprint mit Zwischenzeiten (5/10 m),Absatz,104,,2024,"in die Auswertung ein (Ferguson et al.,",). Bei der Ausgangstestun,Zitatjahr,
105,4.4.1 30-m-Sprint mit Zwischenzeiten (5/10 m),Absatz,104,,10,r Ausgangstestung von Verein B fiel die,-m-Lichtschranke aus,"Testname, Messstrecke",
105,4.4.1 30-m-Sprint mit Zwischenzeiten (5/10 m),Absatz,104,,10,die,-m-Zeit der Ausgangstestu,"Testname, Messstrecke",
105,4.4.1 30-m-Sprint mit Zwischenzeiten (5/10 m),Absatz,104,,4.7,und wird deskriptiv berichtet (Abschn.,).,Verweis,Abschnittsverweis
107,4.4.2 505-Richtungswechseltest (bilateral),Absatz,106,,505,Richtungswechselleistung wurde mit dem,-Test in der traditionell,"Testname, Messstrecke",
107,4.4.2 505-Richtungswechseltest (bilateral),Absatz,106,,1985,"figuration erhoben (Draper & Lancaster,","): Startlinie, eine Licht",Zitatjahr,
107,4.4.2 505-Richtungswechseltest (bilateral),Absatz,106,,10,"Startlinie, eine Lichtschranke auf der","-m-Linie, markierte Wende","Testname, Messstrecke",
107,4.4.2 505-Richtungswechseltest (bilateral),Absatz,106,,15,"er 10-m-Linie, markierte Wendelinie bei",m. Die 505-Zeit ist das,"Testname, Messstrecke",
107,4.4.2 505-Richtungswechseltest (bilateral),Absatz,106,,505,"nie, markierte Wendelinie bei 15 m. Die",-Zeit ist das Intervall z,"Testname, Messstrecke",
107,4.4.2 505-Richtungswechseltest (bilateral),Absatz,106,,2020,"erer Stelle beschrieben (Clarke et al.,",). Seitenangaben bezeichn,Zitatjahr,
107,4.4.2 505-Richtungswechseltest (bilateral),Absatz,106,,2016,"uf Gültigkeit geprüft (Nimphius et al.,",,Zitatjahr,
107,4.4.2 505-Richtungswechseltest (bilateral),Absatz,106,,2024,"Sammoud et al.,",). Ungültig waren Versuch,Zitatjahr,
107,4.4.2 505-Richtungswechseltest (bilateral),Absatz,106,,2019,"ültiger Versuch vorlag (Dugdale et al.,",", 2020)",Zitatjahr,
107,4.4.2 505-Richtungswechseltest (bilateral),Absatz,106,,2020,"r Versuch vorlag (Dugdale et al., 2019,",),Zitatjahr,
107,4.4.2 505-Richtungswechseltest (bilateral),Absatz,106,,1,eineren Messfehler als jede Seite (Tab.,),Verweis, Seite (Tab.
107,4.4.2 505-Richtungswechseltest (bilateral),Absatz,106,,5.1,te werden deskriptiv berichtet (Abschn.,). Auf einen Asymmetrie-I,Verweis,Abschnittsverweis
107,4.4.2 505-Richtungswechseltest (bilateral),Absatz,106,,6.1,nordnung des Messfehlers lagen (Abschn.,).,Verweis,Abschnittsverweis
109,4.4.3 Standweitsprung,Absatz,108,,2020,"Standweitsprung erhoben (Thomas et al.,",): Fersen an der Absprung,Zitatjahr,
109,4.4.3 Standweitsprung,Absatz,108,,1,", Messung am bodenfixierten Maßband auf",cm zum linienächsten Fer,Kennzahl neu (mehrdeutig),"K-01.11, K-01.20, K-01.21, K-01.24, K-01.7, K-05.1 …"
109,4.4.3 Standweitsprung,Absatz,108,,2015,"icht gewertet (Fernandez-Santos et al.,",).,Zitatjahr,
112,4.5.1 Plyometrisches Heimtrainingsprogramm,Absatz,111,,20.07.,u den vereinsseitigen Sommerprogrammen (,"bis 30.08.2026, zwei Ein","Datum, Konstante","Intervention (Konstante der Spezifikation, K-03 Fußzeile)"
112,4.5.1 Plyometrisches Heimtrainingsprogramm,Absatz,111,,30.08.2026,nsseitigen Sommerprogrammen (20.07. bis,", zwei Einheiten je Woche","Datum, Konstante","Intervention (Konstante der Spezifikation, K-03 Fußzeile)"
112,4.5.1 Plyometrisches Heimtrainingsprogramm,Absatz,111,,48,Vorgegeben waren ein Mindestabstand von,Stunden ohne intensive T,Kennzahl neu,K-11.3 CL
112,4.5.1 Plyometrisches Heimtrainingsprogramm,Absatz,111,,1,usatzlasten. Grundlage waren die Stufen,bis 3 des plyometrischen,Kennzahl neu (mehrdeutig),"K-01.11, K-01.20, K-01.21, K-01.24, K-01.7, K-05.1 …"
112,4.5.1 Plyometrisches Heimtrainingsprogramm,Absatz,111,,3,asten. Grundlage waren die Stufen 1 bis,des plyometrischen Progr,Kennzahl neu (mehrdeutig),"K-01.24, K-05.8 CM, K-05.8 CR, K-06.4, K-07.2 CM, K-07.2 SBJ …"
112,4.5.1 Plyometrisches Heimtrainingsprogramm,Absatz,111,,2011,"s für das Nachwuchsalter (Lloyd et al.,",). Die Stufen 4 bis 6 ent,Zitatjahr,
112,4.5.1 Plyometrisches Heimtrainingsprogramm,Absatz,111,,4,"salter (Lloyd et al., 2011). Die Stufen","bis 6 entfielen, weil si",Kennzahl neu (mehrdeutig),"K-01.24, K-04.3, K-05.8 CL, K-05.8 CM, K-05.8 Z05, K-10.15 …"
112,4.5.1 Plyometrisches Heimtrainingsprogramm,Absatz,111,,6,"(Lloyd et al., 2011). Die Stufen 4 bis","entfielen, weil sie Gerä",Kennzahl neu (mehrdeutig),"K-04.6, K-04.7, K-05.8 CL, K-05.8 CM, K-05.8 CR, K-05.8 Z10 …"
113,4.5.1 Plyometrisches Heimtrainingsprogramm,Absatz,112,,2007,"rmvideo nach dem RAMP-Schema (Jeffreys,",) und das Wochenvideo mit,Zitatjahr,
113,4.5.1 Plyometrisches Heimtrainingsprogramm,Absatz,112,,8:53,h die Einheit. Das Aufwärmvideo dauerte,"min, das Wochenvideo 24:",Programmzahl,"P-10, P-12"
113,4.5.1 Plyometrisches Heimtrainingsprogramm,Absatz,112,,24:17,"video dauerte 8:53 min, das Wochenvideo","bis 31:14 min, die Einhe",Programmzahl,P-10
113,4.5.1 Plyometrisches Heimtrainingsprogramm,Absatz,112,,31:14,"rte 8:53 min, das Wochenvideo 24:17 bis","min, die Einheit damit 3",Programmzahl,P-10
113,4.5.1 Plyometrisches Heimtrainingsprogramm,Absatz,112,,33:10,"24:17 bis 31:14 min, die Einheit damit",bis 40:07 min. Die Video,Programmzahl,"P-10, P-12"
113,4.5.1 Plyometrisches Heimtrainingsprogramm,Absatz,112,,40:07,"31:14 min, die Einheit damit 33:10 bis",min. Die Videos waren ei,Programmzahl,"P-10, P-12"
113,4.5.1 Plyometrisches Heimtrainingsprogramm,Absatz,112,,10,"fest: ebener, trockener Rasen von etwa","× 3 m, feste Sportschuhe",Kennzahl neu (mehrdeutig),"K-01.12, K-01.14, K-01.16, K-02.1, K-02.2, K-02.3 …"
113,4.5.1 Plyometrisches Heimtrainingsprogramm,Absatz,112,,3,": ebener, trockener Rasen von etwa 10 ×","m, feste Sportschuhe, Ab","Testname, Messstrecke",
114,4.5.1 Plyometrisches Heimtrainingsprogramm,Absatz,113,,1,-Blöcken: Technik und Fundament (Stufen,"bis 2), schnelle DVZ (St",Kennzahl neu (mehrdeutig),"K-01.11, K-01.20, K-01.21, K-01.24, K-01.7, K-05.1 …"
114,4.5.1 Plyometrisches Heimtrainingsprogramm,Absatz,113,,2,en: Technik und Fundament (Stufen 1 bis,"), schnelle DVZ (Stufen 2",Kennzahl neu (mehrdeutig),"K-01.19, K-01.22, K-01.9, K-10.11, K-10.12, K-10.15 …"
114,4.5.1 Plyometrisches Heimtrainingsprogramm,Absatz,113,,2,"(Stufen 1 bis 2), schnelle DVZ (Stufen","bis 3), reaktive und mul",Kennzahl neu (mehrdeutig),"K-01.19, K-01.22, K-01.9, K-10.11, K-10.12, K-10.15 …"
114,4.5.1 Plyometrisches Heimtrainingsprogramm,Absatz,113,,3,"en 1 bis 2), schnelle DVZ (Stufen 2 bis","), reaktive und multidire",Kennzahl neu (mehrdeutig),"K-01.24, K-05.8 CM, K-05.8 CR, K-06.4, K-07.2 CM, K-07.2 SBJ …"
114,4.5.1 Plyometrisches Heimtrainingsprogramm,Absatz,113,,3,d multidirektionale Sprungformen (Stufe,). Beide Einheiten einer,Kennzahl neu (mehrdeutig),"K-01.24, K-05.8 CM, K-05.8 CR, K-06.4, K-07.2 CM, K-07.2 SBJ …"
114,4.5.1 Plyometrisches Heimtrainingsprogramm,Absatz,113,,52,ie Bodenkontakte je Einheit stiegen von,"über 66, 80, 96 und 106",Programmzahl,"P-01, P-12"
114,4.5.1 Plyometrisches Heimtrainingsprogramm,Absatz,113,,66,kontakte je Einheit stiegen von 52 über,", 80, 96 und 106 auf 120.",Programmzahl,P-01
114,4.5.1 Plyometrisches Heimtrainingsprogramm,Absatz,113,,80,"akte je Einheit stiegen von 52 über 66,",", 96 und 106 auf 120. Der",Programmzahl,"P-01, P-12"
114,4.5.1 Plyometrisches Heimtrainingsprogramm,Absatz,113,,96,"je Einheit stiegen von 52 über 66, 80,",und 106 auf 120. Der Ver,Programmzahl,P-01
114,4.5.1 Plyometrisches Heimtrainingsprogramm,Absatz,113,,106,"heit stiegen von 52 über 66, 80, 96 und",auf 120. Der Verlauf ent,Programmzahl,P-01
114,4.5.1 Plyometrisches Heimtrainingsprogramm,Absatz,113,,120,"egen von 52 über 66, 80, 96 und 106 auf",. Der Verlauf entsprach n,Programmzahl,"P-01, P-09, P-12"
114,4.5.1 Plyometrisches Heimtrainingsprogramm,Absatz,113,,50,h nahezu zwei achtwöchigen Vorlagen mit,auf 120 Kontakten je Ein,Programmzahl,P-05
114,4.5.1 Plyometrisches Heimtrainingsprogramm,Absatz,113,,120,u zwei achtwöchigen Vorlagen mit 50 auf,Kontakten je Einheit (Ne,Programmzahl,"P-01, P-09, P-12"
114,4.5.1 Plyometrisches Heimtrainingsprogramm,Absatz,113,,2019,"120 Kontakten je Einheit (Negra et al.,",,Zitatjahr,
114,4.5.1 Plyometrisches Heimtrainingsprogramm,Absatz,113,,2024,"Sammoud et al.,",). Zwischen den Sätzen la,Zitatjahr,
114,4.5.1 Plyometrisches Heimtrainingsprogramm,Absatz,113,,90,"t al., 2024). Zwischen den Sätzen lagen",Sekunden (Stufe-1-Übunge,Kennzahl neu,K-10.7
114,4.5.1 Plyometrisches Heimtrainingsprogramm,Absatz,113,,1,hen den Sätzen lagen 90 Sekunden (Stufe-,"-Übungen: 45 Sekunden), z",Kennzahl neu (mehrdeutig),"K-01.11, K-01.20, K-01.21, K-01.24, K-01.7, K-05.1 …"
114,4.5.1 Plyometrisches Heimtrainingsprogramm,Absatz,113,,45,zen lagen 90 Sekunden (Stufe-1-Übungen:,"Sekunden), zwischen den",Programmzahl,P-09
114,4.5.1 Plyometrisches Heimtrainingsprogramm,Absatz,113,,120,"gen: 45 Sekunden), zwischen den Übungen",Sekunden. Instruiert war,Programmzahl,"P-01, P-09, P-12"
114,4.5.1 Plyometrisches Heimtrainingsprogramm,Absatz,113,,250,langsamen und Bodenkontaktzeiten unter,ms bei den schnellen DVZ,Kennzahl neu,K-12 BW-04
114,4.5.1 Plyometrisches Heimtrainingsprogramm,Absatz,113,,2011,"en schnellen DVZ-Übungen (Lloyd et al.,",). Ab Woche 3 gab ein Ton,Zitatjahr,
114,4.5.1 Plyometrisches Heimtrainingsprogramm,Absatz,113,,3,"-Übungen (Lloyd et al., 2011). Ab Woche",gab ein Tonsignal mit 12,Kennzahl neu (mehrdeutig),"K-01.24, K-05.8 CM, K-05.8 CR, K-06.4, K-07.2 CM, K-07.2 SBJ …"
114,4.5.1 Plyometrisches Heimtrainingsprogramm,Absatz,113,,120,2011). Ab Woche 3 gab ein Tonsignal mit,Schlägen je Minute die F,Programmzahl,"P-01, P-09, P-12"
115,4.5.1 Plyometrisches Heimtrainingsprogramm,Absatz,114,,20,Video der Folgewoche wurde sonntags um,Uhr als nicht gelisteter,Kennzahl neu,"K-10.16 W2, K-11.4 Summe POST"
115,4.5.1 Plyometrisches Heimtrainingsprogramm,Absatz,114,,52,vom Ethikantrag begann das Programm mit,statt etwa 60 bis 80 Kon,Programmzahl,"P-01, P-12"
115,4.5.1 Plyometrisches Heimtrainingsprogramm,Absatz,114,,60,g begann das Programm mit 52 statt etwa,bis 80 Kontakten je Einh,Programmzahl,P-12
115,4.5.1 Plyometrisches Heimtrainingsprogramm,Absatz,114,,80,n das Programm mit 52 statt etwa 60 bis,Kontakten je Einheit und,Programmzahl,"P-01, P-12"
115,4.5.1 Plyometrisches Heimtrainingsprogramm,Absatz,114,,3,takten je Einheit und enthielt in Woche,und 4 keinen eigenen Kra,Kennzahl neu (mehrdeutig),"K-01.24, K-05.8 CM, K-05.8 CR, K-06.4, K-07.2 CM, K-07.2 SBJ …"
115,4.5.1 Plyometrisches Heimtrainingsprogramm,Absatz,114,,4,je Einheit und enthielt in Woche 3 und,keinen eigenen Kraftbloc,Kennzahl neu (mehrdeutig),"K-01.24, K-04.3, K-05.8 CL, K-05.8 CM, K-05.8 Z05, K-10.15 …"
115,4.5.1 Plyometrisches Heimtrainingsprogramm,Absatz,114,,5,zunehmend einbeiniger Übungen ab Woche,enthielt es nur niedrig-,Kennzahl neu (mehrdeutig),"K-01.15, K-04.6, K-05.8 CM, K-05.8 CR, K-05.8 SBJ, K-05.8 Z05 …"
117,4.5.2 Vergleichs- und Begleitbedingung,Absatz,116,,4,eimtrainingsprogramm angesetzt (Abschn.,".1, 4.5.1), während die K",Verweis,tzt (Abschn.
117,4.5.2 Vergleichs- und Begleitbedingung,Absatz,116,,1,mtrainingsprogramm angesetzt (Abschn. 4.,", 4.5.1), während die Kon",Begleitbedingung (Anhang D),
117,4.5.2 Vergleichs- und Begleitbedingung,Absatz,116,,4.5.1,"ainingsprogramm angesetzt (Abschn. 4.1,","), während die Kontrollgr",Verweis,Abschnittsverweis
117,4.5.2 Vergleichs- und Begleitbedingung,Absatz,116,,4.6,sprogramme wurde nicht erfasst (Abschn.,).,Verweis,Abschnittsverweis
118,4.5.2 Vergleichs- und Begleitbedingung,Absatz,117,,20.07.,der ersten beiden Interventionswochen (,bis 02.08.2026) bestand,Begleitbedingung (Anhang D),
118,4.5.2 Vergleichs- und Begleitbedingung,Absatz,117,,02.08.2026,beiden Interventionswochen (20.07. bis,) bestand bei Verein A ei,Begleitbedingung (Anhang D),
118,4.5.2 Vergleichs- und Begleitbedingung,Absatz,117,,03.08.2026,gaben. Das Mannschaftstraining wurde am,wieder aufgenommen und f,Begleitbedingung (Anhang D),
118,4.5.2 Vergleichs- und Begleitbedingung,Absatz,117,,03,ter Auszug der ersten beiden Einheiten (,. und 04.08.2026) weist e,Begleitbedingung (Anhang D),
118,4.5.2 Vergleichs- und Begleitbedingung,Absatz,117,,04.08.2026,ug der ersten beiden Einheiten (03. und,) weist eine moderate Int,Begleitbedingung (Anhang D),
118,4.5.2 Vergleichs- und Begleitbedingung,Absatz,117,,30,am ersten Trainingstag wurde ein,-15 Intermittent Fitness,Begleitbedingung (Anhang D),
118,4.5.2 Vergleichs- und Begleitbedingung,Absatz,117,,15,am ersten Trainingstag wurde ein 30-,Intermittent Fitness Tes,Begleitbedingung (Anhang D),
119,4.5.2 Vergleichs- und Begleitbedingung,Absatz,118,,20.07.,angstestung drei trainingsfreie Wochen (,"bis 09.08.2026), für die",Begleitbedingung (Anhang D),
119,4.5.2 Vergleichs- und Begleitbedingung,Absatz,118,,09.08.2026,drei trainingsfreie Wochen (20.07. bis,"), für die der Verein erg",Begleitbedingung (Anhang D),
119,4.5.2 Vergleichs- und Begleitbedingung,Absatz,118,,30,inheiten umfassten vier Dauerläufe über,Minuten mit wochenweise,Begleitbedingung (Anhang D),
119,4.5.2 Vergleichs- und Begleitbedingung,Absatz,118,,6:00,wochenweise ansteigender Zielpace (von,–6:30 auf 4:30–5:10 min/k,Begleitbedingung (Anhang D),
119,4.5.2 Vergleichs- und Begleitbedingung,Absatz,118,,6:30,enweise ansteigender Zielpace (von 6:00–,auf 4:30–5:10 min/km) so,Begleitbedingung (Anhang D),
119,4.5.2 Vergleichs- und Begleitbedingung,Absatz,118,,4:30,nsteigender Zielpace (von 6:00–6:30 auf,–5:10 min/km) sowie zwei,Begleitbedingung (Anhang D),
119,4.5.2 Vergleichs- und Begleitbedingung,Absatz,118,,5:10,gender Zielpace (von 6:00–6:30 auf 4:30–,min/km) sowie zwei Fahrt,Begleitbedingung (Anhang D),
119,4.5.2 Vergleichs- und Begleitbedingung,Absatz,118,,10.08.2026,- beziehungsweise Nachholregeln. Ab dem,war das Mannschaftstrain,Begleitbedingung (Anhang D),
119,4.5.2 Vergleichs- und Begleitbedingung,Absatz,118,,4.5.1,im Vereinskalender hinterlegt (Abschn.,). Für den 16. und 23.08.,Verweis,Abschnittsverweis
119,4.5.2 Vergleichs- und Begleitbedingung,Absatz,118,,16,der hinterlegt (Abschn. 4.5.1). Für den,. und 23.08.2026 waren Te,Begleitbedingung (Anhang D),
119,4.5.2 Vergleichs- und Begleitbedingung,Absatz,118,,23.08.2026,erlegt (Abschn. 4.5.1). Für den 16. und,waren Testspiele angeset,Begleitbedingung (Anhang D),
119,4.5.2 Vergleichs- und Begleitbedingung,Absatz,118,,29,der Meisterschaftsbetrieb begann am,./30.08.2026.,Begleitbedingung (Anhang D),
119,4.5.2 Vergleichs- und Begleitbedingung,Absatz,118,,30.08.2026,der Meisterschaftsbetrieb begann am 29./,.,Begleitbedingung (Anhang D),
120,4.5.2 Vergleichs- und Begleitbedingung,Absatz,119,,03,reinsfreie Wochen. Für den Zeitraum vom,. bis zum 30.08.2026 gab,Begleitbedingung (Anhang D),
120,4.5.2 Vergleichs- und Begleitbedingung,Absatz,119,,30.08.2026,ochen. Für den Zeitraum vom 03. bis zum,gab der Verein einen ind,Begleitbedingung (Anhang D),
120,4.5.2 Vergleichs- und Begleitbedingung,Absatz,119,,30,ufe (sechs bis acht Wiederholungen über,bis 40 m mit 90 Sekunden,Begleitbedingung (Anhang D),
120,4.5.2 Vergleichs- und Begleitbedingung,Absatz,119,,40,chs bis acht Wiederholungen über 30 bis,m mit 90 Sekunden bis zw,"Testname, Messstrecke",
120,4.5.2 Vergleichs- und Begleitbedingung,Absatz,119,,90,cht Wiederholungen über 30 bis 40 m mit,Sekunden bis zwei Minute,Begleitbedingung (Anhang D),
120,4.5.2 Vergleichs- und Begleitbedingung,Absatz,119,,200,lgt von fünf bis sechs Tempoläufen über,bis 300 m bei 85 % Inten,Begleitbedingung (Anhang D),
120,4.5.2 Vergleichs- und Begleitbedingung,Absatz,119,,300,fünf bis sechs Tempoläufen über 200 bis,m bei 85 % Intensität,"Testname, Messstrecke",
120,4.5.2 Vergleichs- und Begleitbedingung,Absatz,119,,85,echs Tempoläufen über 200 bis 300 m bei,% Intensität,Begleitbedingung (Anhang D),
120,4.5.2 Vergleichs- und Begleitbedingung,Absatz,119,,35,mittwochs Dauerläufe über,bis 50 Minuten,Begleitbedingung (Anhang D),
120,4.5.2 Vergleichs- und Begleitbedingung,Absatz,119,,50,mittwochs Dauerläufe über 35 bis,Minuten,Begleitbedingung (Anhang D),
120,4.5.2 Vergleichs- und Begleitbedingung,Absatz,119,,400,e beziehungsweise extensive Intervalle (,bis 600 m bei 90 bis 95,Begleitbedingung (Anhang D),
120,4.5.2 Vergleichs- und Begleitbedingung,Absatz,119,,600,ungsweise extensive Intervalle (400 bis,"m bei 90 bis 95 %), in d","Testname, Messstrecke",
120,4.5.2 Vergleichs- und Begleitbedingung,Absatz,119,,90,extensive Intervalle (400 bis 600 m bei,"bis 95 %), in den Wochen",Begleitbedingung (Anhang D),
120,4.5.2 Vergleichs- und Begleitbedingung,Absatz,119,,95,ve Intervalle (400 bis 600 m bei 90 bis,"%), in den Wochen 3 und",Begleitbedingung (Anhang D),
120,4.5.2 Vergleichs- und Begleitbedingung,Absatz,119,,3,"s 600 m bei 90 bis 95 %), in den Wochen",und 4 ergänzt um Sprints,Begleitbedingung (Anhang D),
120,4.5.2 Vergleichs- und Begleitbedingung,Absatz,119,,4,"m bei 90 bis 95 %), in den Wochen 3 und",ergänzt um Sprints über,Begleitbedingung (Anhang D),
120,4.5.2 Vergleichs- und Begleitbedingung,Absatz,119,,100,Wochen 3 und 4 ergänzt um Sprints über,m (4 × bei 95 %) beziehu,"Testname, Messstrecke",
120,4.5.2 Vergleichs- und Begleitbedingung,Absatz,119,,4,3 und 4 ergänzt um Sprints über 100 m (,× bei 95 %) beziehungswe,Begleitbedingung (Anhang D),
120,4.5.2 Vergleichs- und Begleitbedingung,Absatz,119,,95,ergänzt um Sprints über 100 m (4 × bei,%) beziehungsweise 60 m,Begleitbedingung (Anhang D),
120,4.5.2 Vergleichs- und Begleitbedingung,Absatz,119,,60,er 100 m (4 × bei 95 %) beziehungsweise,m (6 × bei 95–100 %). Di,"Testname, Messstrecke",
120,4.5.2 Vergleichs- und Begleitbedingung,Absatz,119,,6,m (4 × bei 95 %) beziehungsweise 60 m (,× bei 95–100 %). Diensta,Begleitbedingung (Anhang D),
120,4.5.2 Vergleichs- und Begleitbedingung,Absatz,119,,95,bei 95 %) beziehungsweise 60 m (6 × bei,–100 %). Dienstags und do,Begleitbedingung (Anhang D),
120,4.5.2 Vergleichs- und Begleitbedingung,Absatz,119,,100,95 %) beziehungsweise 60 m (6 × bei 95–,%). Dienstags und donner,Begleitbedingung (Anhang D),
120,4.5.2 Vergleichs- und Begleitbedingung,Absatz,119,,45,,"Sekunden je Übung, drei",Begleitbedingung (Anhang D),
120,4.5.2 Vergleichs- und Begleitbedingung,Absatz,119,,07.09.2026,wurde nach Auskunft des Trainerteams am,wieder aufgenommen und f,Begleitbedingung (Anhang D),
120,4.5.2 Vergleichs- und Begleitbedingung,Absatz,119,,4.3,angstestung der Kontrollgruppe (Abschn.,).,Verweis,Abschnittsverweis
121,4.5.2 Vergleichs- und Begleitbedingung,Absatz,120,,6.1,er Ergebnisse werden in den Abschnitten,und 6.2 eingeordnet.,Verweis,Abschnittsverweis
121,4.5.2 Vergleichs- und Begleitbedingung,Absatz,120,,6.2,nisse werden in den Abschnitten 6.1 und,eingeordnet.,Verweis,Abschnittsverweis
123,4.6 Adhärenz- und Belastungsmonitoring,Absatz,122,,4.5.1,jeder Einheit auszufüllen war (Abschn.,). Der vollständige Itemk,Verweis,Abschnittsverweis
123,4.6 Adhärenz- und Belastungsmonitoring,Absatz,122,,5.1,s Beteiligungsrate ausgewiesen (Abschn.,). Für die Interventionsg,Verweis,Abschnittsverweis
123,4.6 Adhärenz- und Belastungsmonitoring,Absatz,122,,75,tiv ein Analysekriterium von mindestens,% (neun von zwölf Einhei,ungedeckt,
123,4.6 Adhärenz- und Belastungsmonitoring,Absatz,122,,4.2,on zwölf Einheiten) festgelegt (Abschn.,),Verweis,Abschnittsverweis
123,4.6 Adhärenz- und Belastungsmonitoring,Absatz,122,,4.7,dessen Anwendung ist in Abschnitt,geregelt. Von der Adhäre,Verweis,Abschnittsverweis
123,4.6 Adhärenz- und Belastungsmonitoring,Absatz,122,,10,wurde nach der Session-RPE-Methode (CR-,-Skala) erhoben (Foster e,Fachbezeichnung,Methode (CR-
123,4.6 Adhärenz- und Belastungsmonitoring,Absatz,122,,2001,"e (CR-10-Skala) erhoben (Foster et al.,",). Das Verfahren gilt für,Zitatjahr,
123,4.6 Adhärenz- und Belastungsmonitoring,Absatz,122,,2017,"als valide und reliabel (Haddad et al.,",).,Zitatjahr,
124,4.6 Adhärenz- und Belastungsmonitoring,Absatz,123,,5.1,Beanspruchungswerte werden in Abschnitt,berichtet.,Verweis,Abschnittsverweis
127,4.7 Statistische Auswertung,Absatz,126,,75,er statt nur die Spieler mit mindestens,% der Einheiten (neun vo,ungedeckt,
127,4.7 Statistische Auswertung,Absatz,126,,2010,"chtender Zusatzvergleich (Moher et al.,",", Box 6). Beide Festlegun",Zitatjahr,
127,4.7 Statistische Auswertung,Absatz,126,,6,"usatzvergleich (Moher et al., 2010, Box",). Beide Festlegungen (11,Verweis,"., 2010, Box"
127,4.7 Statistische Auswertung,Absatz,126,,11,"al., 2010, Box 6). Beide Festlegungen (",. und 12.09.2026) erfolgt,Kennzahl neu (mehrdeutig),"K-01.10, K-01.5, K-01.8, K-04.14, K-05.8 CL, K-05.8 CR …"
127,4.7 Statistische Auswertung,Absatz,126,,12.09.2026,"10, Box 6). Beide Festlegungen (11. und",) erfolgten nach Sichtung,Prozessdatum (Register),"Prozessdatum: Adhärenzkriterium: Hauptanalyse mit allen Zugeteilten, Verfasser vor Kenntnis der KG-Werte (Auswertungsplan § 5.3)"
127,4.7 Statistische Auswertung,Absatz,126,,505,eibend berichtet werden nach Antrag die,-Seitenwerte und nach ein,"Testname, Messstrecke",
127,4.7 Statistische Auswertung,Absatz,126,,11.09.2026,itenwerte und nach einer Festlegung vom,alle Teilmengen unter ac,Prozessdatum (Register),"Prozessdatum: Mindestdosis sechs Einheiten und Fallzahlregel acht je Gruppe, Verfasser nach Sichtung der IG-Werte (Auswertungsplan § 5.3, F14 § 11.7 und § 11.9)"
127,4.7 Statistische Auswertung,Absatz,126,,5,"ern je Gruppe, so die Sprintzeiten über",und 10 m und Teile des P,"Testname, Messstrecke",
127,4.7 Statistische Auswertung,Absatz,126,,10,"Gruppe, so die Sprintzeiten über 5 und",m und Teile des Per-Prot,"Testname, Messstrecke",
128,4.7 Statistische Auswertung,Absatz,127,,2022,"ben, eine Ressourcenbegründung (Lakens,",", S. 3–5). Die Antragsrec",Zitatjahr,
128,4.7 Statistische Auswertung,Absatz,127,,3,"Ressourcenbegründung (Lakens, 2022, S.",–5). Die Antragsrechnung,Seitenangabe,
128,4.7 Statistische Auswertung,Absatz,127,,5,"essourcenbegründung (Lakens, 2022, S. 3–",). Die Antragsrechnung (f,Seitenangabe,
128,4.7 Statistische Auswertung,Absatz,127,,"0,25","2022, S. 3–5). Die Antragsrechnung (f =",", erforderlich n = 34) is",Kennzahl neu,"K-04.11, K-11.6 Z30"
128,4.7 Statistische Auswertung,Absatz,127,,34,"agsrechnung (f = 0,25, erforderlich n =",) ist für die berichtete,ungedeckt,
128,4.7 Statistische Auswertung,Absatz,127,,1988,"nzanalyse nicht nachvollziehbar (Cohen,",", Tab. 8.4.4) und wird al",Zitatjahr,
128,4.7 Statistische Auswertung,Absatz,127,,8.4.4,"icht nachvollziehbar (Cohen, 1988, Tab.",) und wird als Planungsst,Verweis,Abschnittsverweis
128,4.7 Statistische Auswertung,Absatz,127,,2010,"äglichen Powerberechnung (Moher et al.,",", Item 7a) wurde je konfi",Zitatjahr,
128,4.7 Statistische Auswertung,Absatz,127,,7,"werberechnung (Moher et al., 2010, Item",a) wurde je konfirmatoris,Verweis,", 2010, Item"
128,4.7 Statistische Auswertung,Absatz,127,,2022,"ivitäts-Poweranalyse gerechnet (Lakens,",", S. 14–15). Eingaben war",Zitatjahr,
128,4.7 Statistische Auswertung,Absatz,127,,14,"oweranalyse gerechnet (Lakens, 2022, S.",–15). Eingaben waren der,Seitenangabe,
128,4.7 Statistische Auswertung,Absatz,127,,15,"ranalyse gerechnet (Lakens, 2022, S. 14–",). Eingaben waren der F-T,Seitenangabe,
128,4.7 Statistische Auswertung,Absatz,127,,1,pen und zwei Kovariaten (Freiheitsgrade,"und N - 4), das n des An",Kennzahl neu (mehrdeutig),"K-01.11, K-01.20, K-01.21, K-01.24, K-01.7, K-05.1 …"
128,4.7 Statistische Auswertung,Absatz,127,,4,ei Kovariaten (Freiheitsgrade 1 und N -,"), das n des Analysesets,",Kennzahl neu (mehrdeutig),"K-01.24, K-04.3, K-05.8 CL, K-05.8 CM, K-05.8 Z05, K-10.15 …"
128,4.7 Statistische Auswertung,Absatz,127,,"0,05","und N - 4), das n des Analysesets, α =","und Power 0,80, ohne Kov",ungedeckt,
128,4.7 Statistische Auswertung,Absatz,127,,"0,80","s n des Analysesets, α = 0,05 und Power",", ohne Kovariatengewinn.",Kennzahl neu,K-07.1 SBJ
128,4.7 Statistische Auswertung,Absatz,127,,10,"mmenen Effektstärken berechnet, für den",-m-Sprint nur diese. Der,"Testname, Messstrecke",
129,4.7 Statistische Auswertung,Absatz,128,,30,Je konfirmatorischer Zielgröße (,"-m-Sprint, 505-Seitenmitt","Testname, Messstrecke",
129,4.7 Statistische Auswertung,Absatz,128,,505,"nfirmatorischer Zielgröße (30-m-Sprint,","-Seitenmittel, Standweits","Testname, Messstrecke",
129,4.7 Statistische Auswertung,Absatz,128,,95,"endifferenz im Post-Wert, berichtet mit",-%-Konfidenzintervall und,ungedeckt,
129,4.7 Statistische Auswertung,Absatz,128,,2001,"iktor des Post-Werts (Vickers & Altman,","), der Reifestatus wegen",Zitatjahr,
129,4.7 Statistische Auswertung,Absatz,128,,2022,"ull und gegen den SESOI gelegt (Lakens,",", S. 13–14). Ohne primäre",Zitatjahr,
129,4.7 Statistische Auswertung,Absatz,128,,13,"egen den SESOI gelegt (Lakens, 2022, S.",–14). Ohne primäre Zielgr,Seitenangabe,
129,4.7 Statistische Auswertung,Absatz,128,,14,"n den SESOI gelegt (Lakens, 2022, S. 13–",). Ohne primäre Zielgröße,Seitenangabe,
129,4.7 Statistische Auswertung,Absatz,128,,0,S. 13–14). Ohne primäre Zielgröße gilt H,"als verworfen, wenn in m",Kennzahl neu (mehrdeutig),"K-01.11, K-01.12, K-01.13, K-01.21, K-01.9, K-06.4 …"
129,4.7 Statistische Auswertung,Absatz,128,,"0,05",s einer konfirmatorischen Zielgröße p <,zugunsten der Interventi,ungedeckt,
129,4.7 Statistische Auswertung,Absatz,128,,"0,05",sten der Interventionsgruppe liegt (α =,"zweiseitig, ohne Adjusti",ungedeckt,
130,4.7 Statistische Auswertung,Absatz,129,,15.09.2026,sammen. Nach einer ersten Auswertung am,mit Zweifeln an der Norm,Prozessdatum (Register),"Prozessdatum: erste Auswertung (Python, Analyseprotokoll_2026-09-15), Anlass für R5 (Auswertungsplan § 5.10)"
130,4.7 Statistische Auswertung,Absatz,129,,2020,"erten Differenz hinzu (Fröhlich et al.,",", S. 78).",Zitatjahr,
130,4.7 Statistische Auswertung,Absatz,129,,78,"ferenz hinzu (Fröhlich et al., 2020, S.",).,Seitenangabe,
131,4.7 Statistische Auswertung,Absatz,130,,2020,"zungen wurden geprüft (Fröhlich et al.,",", S. 59), und zwar an den",Zitatjahr,
131,4.7 Statistische Auswertung,Absatz,130,,59,"rden geprüft (Fröhlich et al., 2020, S.","), und zwar an den Modell",Seitenangabe,
132,4.7 Statistische Auswertung,Absatz,131,,4.3.3,echnung erfolgte ohne Zusatzpakete in R,"(R Core Team, 2024).",ungedeckt,
132,4.7 Statistische Auswertung,Absatz,131,,2024,"e Zusatzpakete in R 4.3.3 (R Core Team,",).,Zitatjahr,
146,Anhang C: Standardisiertes Aufwärmprogramm der Testtage,Absatz,145,,15,ufwärmens der Testtage (Gesamtdauer ca.,min) in Anlehnung an das,Kennzahl neu (mehrdeutig),"K-04.18, K-04.4, K-05.8 SBJ, K-10.16 W5, K-10.9"
146,Anhang C: Standardisiertes Aufwärmprogramm der Testtage,Absatz,145,,2007,"Anlehnung an das RAMP-Schema (Jeffreys,",). Teil A wurde zu Beginn,Zitatjahr,
147,Anhang C: Standardisiertes Aufwärmprogramm der Testtage,Absatz,146,,1,Tab. C,. Standardisiertes Aufwär,Kennzahl neu (mehrdeutig),"K-01.11, K-01.20, K-01.21, K-01.24, K-01.7, K-05.1 …"
147,Anhang C: Standardisiertes Aufwärmprogramm der Testtage,Absatz,146,,11,"g (einmalig zu Beginn des Testtags, ca.",min),Kennzahl neu (mehrdeutig),"K-01.10, K-01.5, K-01.8, K-04.14, K-05.8 CL, K-05.8 CR …"
148,Anhang C: Standardisiertes Aufwärmprogramm der Testtage,Tabelle,147,3,1,,– Lauf-ABC (Raise),Kennzahl neu (mehrdeutig),"K-01.11, K-01.20, K-01.21, K-01.24, K-01.7, K-05.1 …"
148,Anhang C: Standardisiertes Aufwärmprogramm der Testtage,Tabelle,147,4,5,ca.,min,Kennzahl neu (mehrdeutig),"K-01.15, K-04.6, K-05.8 CM, K-05.8 CR, K-05.8 SBJ, K-05.8 Z05 …"
148,Anhang C: Standardisiertes Aufwärmprogramm der Testtage,Tabelle,147,5,15,Korridor,"–20 m, Start im 3-s-Absta",Kennzahl neu (mehrdeutig),"K-04.18, K-04.4, K-05.8 SBJ, K-10.16 W5, K-10.9"
148,Anhang C: Standardisiertes Aufwärmprogramm der Testtage,Tabelle,147,5,20,Korridor 15–,"m, Start im 3-s-Abstand,","Testname, Messstrecke",
148,Anhang C: Standardisiertes Aufwärmprogramm der Testtage,Tabelle,147,5,3,"Korridor 15–20 m, Start im","-s-Abstand, lockerer Rück",Kennzahl neu (mehrdeutig),"K-01.24, K-05.8 CM, K-05.8 CR, K-06.4, K-07.2 CM, K-07.2 SBJ …"
148,Anhang C: Standardisiertes Aufwärmprogramm der Testtage,Tabelle,147,6,2,,– Miniband-Aktivierung (,Kennzahl neu (mehrdeutig),"K-01.19, K-01.22, K-01.9, K-10.11, K-10.12, K-10.15 …"
148,Anhang C: Standardisiertes Aufwärmprogramm der Testtage,Tabelle,147,7,3,ca.,min,Kennzahl neu (mehrdeutig),"K-01.24, K-05.8 CM, K-05.8 CR, K-06.4, K-07.2 CM, K-07.2 SBJ …"
148,Anhang C: Standardisiertes Aufwärmprogramm der Testtage,Tabelle,147,8,8,"Side Walks (Band um die Knöchel,","–10 m je Richtung), Skate",Kennzahl neu (mehrdeutig),"K-01.12, K-04.9, K-05.8 CM, K-05.8 CR, K-05.8 SBJ, K-05.8 Z10 …"
148,Anhang C: Standardisiertes Aufwärmprogramm der Testtage,Tabelle,147,8,10,"Side Walks (Band um die Knöchel, 8–","m je Richtung), Skater W","Testname, Messstrecke",
148,Anhang C: Standardisiertes Aufwärmprogramm der Testtage,Tabelle,147,8,8,"hel, 8–10 m je Richtung), Skater Walks (","–10 m diagonal), Around t",Kennzahl neu (mehrdeutig),"K-01.12, K-04.9, K-05.8 CM, K-05.8 CR, K-05.8 SBJ, K-05.8 Z10 …"
148,Anhang C: Standardisiertes Aufwärmprogramm der Testtage,Tabelle,147,8,10,"l, 8–10 m je Richtung), Skater Walks (8–","m diagonal), Around the","Testname, Messstrecke",
148,Anhang C: Standardisiertes Aufwärmprogramm der Testtage,Tabelle,147,8,6,"Around the Clock (Band über den Knien,",–8 Wiederholungen je Seit,Kennzahl neu (mehrdeutig),"K-04.6, K-04.7, K-05.8 CL, K-05.8 CM, K-05.8 CR, K-05.8 Z10 …"
148,Anhang C: Standardisiertes Aufwärmprogramm der Testtage,Tabelle,147,8,8,"round the Clock (Band über den Knien, 6–",Wiederholungen je Seite),Kennzahl neu (mehrdeutig),"K-01.12, K-04.9, K-05.8 CM, K-05.8 CR, K-05.8 SBJ, K-05.8 Z10 …"
148,Anhang C: Standardisiertes Aufwärmprogramm der Testtage,Tabelle,147,9,3,,– Dynamische Mobilisatio,Kennzahl neu (mehrdeutig),"K-01.24, K-05.8 CM, K-05.8 CR, K-06.4, K-07.2 CM, K-07.2 SBJ …"
148,Anhang C: Standardisiertes Aufwärmprogramm der Testtage,Tabelle,147,10,3,ca.,min,Kennzahl neu (mehrdeutig),"K-01.24, K-05.8 CM, K-05.8 CR, K-06.4, K-07.2 CM, K-07.2 SBJ …"
148,Anhang C: Standardisiertes Aufwärmprogramm der Testtage,Tabelle,147,11,3,World's Greatest Stretch (,"–4 je Seite), Leg Swings",Kennzahl neu (mehrdeutig),"K-01.24, K-05.8 CM, K-05.8 CR, K-06.4, K-07.2 CM, K-07.2 SBJ …"
148,Anhang C: Standardisiertes Aufwärmprogramm der Testtage,Tabelle,147,11,4,World's Greatest Stretch (3–,"je Seite), Leg Swings sa",Kennzahl neu (mehrdeutig),"K-01.24, K-04.3, K-05.8 CL, K-05.8 CM, K-05.8 Z05, K-10.15 …"
148,Anhang C: Standardisiertes Aufwärmprogramm der Testtage,Tabelle,147,11,8,"eite), Leg Swings sagittal und frontal (","–10 je Bein), Ausfallschr",Kennzahl neu (mehrdeutig),"K-01.12, K-04.9, K-05.8 CM, K-05.8 CR, K-05.8 SBJ, K-05.8 Z10 …"
148,Anhang C: Standardisiertes Aufwärmprogramm der Testtage,Tabelle,147,11,10,"te), Leg Swings sagittal und frontal (8–","je Bein), Ausfallschritt",Kennzahl neu (mehrdeutig),"K-01.12, K-01.14, K-01.16, K-02.1, K-02.2, K-02.3 …"
148,Anhang C: Standardisiertes Aufwärmprogramm der Testtage,Tabelle,147,11,4,"je Bein), Ausfallschritt mit Rotation (",–5 je Seite),Kennzahl neu (mehrdeutig),"K-01.24, K-04.3, K-05.8 CL, K-05.8 CM, K-05.8 Z05, K-10.15 …"
148,Anhang C: Standardisiertes Aufwärmprogramm der Testtage,Tabelle,147,11,5,"e Bein), Ausfallschritt mit Rotation (4–",je Seite),Kennzahl neu (mehrdeutig),"K-01.15, K-04.6, K-05.8 CM, K-05.8 CR, K-05.8 SBJ, K-05.8 Z05 …"
150,Anhang C: Standardisiertes Aufwärmprogramm der Testtage,Absatz,148,,2,Tab. C,. Standardisiertes Aufwär,Kennzahl neu (mehrdeutig),"K-01.19, K-01.22, K-01.9, K-10.11, K-10.12, K-10.15 …"
151,Anhang C: Standardisiertes Aufwärmprogramm der Testtage,Tabelle,149,1,1,Testspezifische Aktivierung (je ca.,–2 min),Kennzahl neu (mehrdeutig),"K-01.11, K-01.20, K-01.21, K-01.24, K-01.7, K-05.1 …"
151,Anhang C: Standardisiertes Aufwärmprogramm der Testtage,Tabelle,149,1,2,Testspezifische Aktivierung (je ca. 1–,min),Kennzahl neu (mehrdeutig),"K-01.19, K-01.22, K-01.9, K-10.11, K-10.12, K-10.15 …"
151,Anhang C: Standardisiertes Aufwärmprogramm der Testtage,Tabelle,149,2,30,,-m-Sprint,"Testname, Messstrecke",
151,Anhang C: Standardisiertes Aufwärmprogramm der Testtage,Tabelle,149,3,20,Zwei bis drei progressive Antritte über,–30 m (ca. 70 → 85 → 95 %,Kennzahl neu,"K-10.16 W2, K-11.4 Summe POST"
151,Anhang C: Standardisiertes Aufwärmprogramm der Testtage,Tabelle,149,3,30,i bis drei progressive Antritte über 20–,m (ca. 70 → 85 → 95 % de,"Testname, Messstrecke",
151,Anhang C: Standardisiertes Aufwärmprogramm der Testtage,Tabelle,149,3,70,progressive Antritte über 20–30 m (ca.,→ 85 → 95 % der subjekti,Kennzahl neu,K-03.1
151,Anhang C: Standardisiertes Aufwärmprogramm der Testtage,Tabelle,149,3,85,ressive Antritte über 20–30 m (ca. 70 →,→ 95 % der subjektiven M,ungedeckt,
151,Anhang C: Standardisiertes Aufwärmprogramm der Testtage,Tabelle,149,3,95,ve Antritte über 20–30 m (ca. 70 → 85 →,% der subjektiven Maxima,ungedeckt,
151,Anhang C: Standardisiertes Aufwärmprogramm der Testtage,Tabelle,149,6,505,,-Test,"Testname, Messstrecke",
151,Anhang C: Standardisiertes Aufwärmprogramm der Testtage,Tabelle,149,7,180,Je zwei submaximale,°-Wenden pro Seite (ca. 7,ungedeckt,
151,Anhang C: Standardisiertes Aufwärmprogramm der Testtage,Tabelle,149,7,75,submaximale 180°-Wenden pro Seite (ca.,%),ungedeckt,
158,Anhang H: Ergänzende Tabellen,Absatz,155,,1,⟨Tab. H,: Versuchszahl und Versuc,Kennzahl neu (mehrdeutig),"K-01.11, K-01.20, K-01.21, K-01.24, K-01.7, K-05.1 …"
158,Anhang H: Ergänzende Tabellen,Absatz,155,,4.4,"Mechanismus, Gruppe und Zeitpunkt (aus",)⟩,ungedeckt,
159,Anhang H: Ergänzende Tabellen,Absatz,156,,2,⟨Tab. H,: Adhärenz je Spieler mit,Kennzahl neu (mehrdeutig),"K-01.19, K-01.22, K-01.9, K-10.11, K-10.12, K-10.15 …"
159,Anhang H: Ergänzende Tabellen,Absatz,156,,5.1,en Untergrenzen und sRPE-Belastung (aus,)⟩,ungedeckt,
160,Anhang H: Ergänzende Tabellen,Absatz,157,,3,⟨Tab. H,: Deskriptive Zielgrößen,Kennzahl neu (mehrdeutig),"K-01.24, K-05.8 CM, K-05.8 CR, K-06.4, K-07.2 CM, K-07.2 SBJ …"
160,Anhang H: Ergänzende Tabellen,Absatz,157,,5,⟨Tab. H3: Deskriptive Zielgrößen,"m, 10 m, 505 links und r","Testname, Messstrecke",
160,Anhang H: Ergänzende Tabellen,Absatz,157,,10,"⟨Tab. H3: Deskriptive Zielgrößen 5 m,","m, 505 links und rechts","Testname, Messstrecke",
160,Anhang H: Ergänzende Tabellen,Absatz,157,,505,". H3: Deskriptive Zielgrößen 5 m, 10 m,",links und rechts (aus 5.,"Testname, Messstrecke",
160,Anhang H: Ergänzende Tabellen,Absatz,157,,5.2,"en 5 m, 10 m, 505 links und rechts (aus",)⟩,ungedeckt,
161,Anhang H: Ergänzende Tabellen,Absatz,158,,4,⟨Tab. H,: Sensitivitätsanalysen –,Kennzahl neu (mehrdeutig),"K-01.24, K-04.3, K-05.8 CL, K-05.8 CM, K-05.8 Z05, K-10.15 …"
161,Anhang H: Ergänzende Tabellen,Absatz,158,,30,ab festgelegte Varianten und Gegenprobe,m (aus 5.2)⟩,"Testname, Messstrecke",
161,Anhang H: Ergänzende Tabellen,Absatz,158,,5.2,egte Varianten und Gegenprobe 30 m (aus,)⟩,ungedeckt,
162,Anhang H: Ergänzende Tabellen,Absatz,159,,5,⟨Tab. H,: Schwellenlandschaft der,Kennzahl neu (mehrdeutig),"K-01.15, K-04.6, K-05.8 CM, K-05.8 CR, K-05.8 SBJ, K-05.8 Z05 …"
162,Anhang H: Ergänzende Tabellen,Absatz,159,,4.7,hwellenlandschaft der Mindestdosis (aus,)⟩,ungedeckt,
163,Anhang H: Ergänzende Tabellen,Absatz,160,,6,⟨Tab. H,: Abweichungsregister zum,Kennzahl neu (mehrdeutig),"K-04.6, K-04.7, K-05.8 CL, K-05.8 CM, K-05.8 CR, K-05.8 Z10 …"
163,Anhang H: Ergänzende Tabellen,Absatz,160,,4,bweichungsregister zum Ethikantrag (aus,".1, Kurzform 6.3)⟩",Kennzahl neu (mehrdeutig),"K-01.24, K-04.3, K-05.8 CL, K-05.8 CM, K-05.8 Z05, K-10.15 …"
163,Anhang H: Ergänzende Tabellen,Absatz,160,,1,eichungsregister zum Ethikantrag (aus 4.,", Kurzform 6.3)⟩",Kennzahl neu (mehrdeutig),"K-01.11, K-01.20, K-01.21, K-01.24, K-01.7, K-05.1 …"
163,Anhang H: Ergänzende Tabellen,Absatz,160,,6.3,"ster zum Ethikantrag (aus 4.1, Kurzform",)⟩,ungedeckt,
164,Anhang H: Ergänzende Tabellen,Absatz,161,,7,⟨Abb. H,: Zeitstrahl der Termine,Kennzahl neu (mehrdeutig),"K-01.10, K-01.16, K-01.18, K-01.4, K-01.8, K-04.1 …"
164,Anhang H: Ergänzende Tabellen,Absatz,161,,4.3,: Zeitstrahl der Termine je Verein (aus,)⟩,ungedeckt,
