Kennung,Wert,Einheit,Grund,Skript
S01.N.X.X.ALL.X,31,1,,S01_Einlesen_2026-09-25.R
S01.N.X.X.IG.X,18,1,,S01_Einlesen_2026-09-25.R
S01.N.X.X.KG.X,13,1,,S01_Einlesen_2026-09-25.R
S01.N.X.X.VA.X,7,1,,S01_Einlesen_2026-09-25.R
S01.N.X.X.VB.X,11,1,,S01_Einlesen_2026-09-25.R
S01.N.X.X.VC.X,13,1,,S01_Einlesen_2026-09-25.R
S01.NZEIL.X.X.ALL.X,1116,1,,S01_Einlesen_2026-09-25.R
S01.NMELD.FB.X.ALL.X,111,1,,S01_Einlesen_2026-09-25.R
S02.NAUSL.X.PRE.ALL.X,0,1,,S02_Gueltigkeit_2026-09-25.R
S02.NAUSL.X.POST.ALL.X,0,1,,S02_Gueltigkeit_2026-09-25.R
S02.NGUELT.Z05.PRE.ALL.X,53,1,,S02_Gueltigkeit_2026-09-25.R
S02.NGUELT.Z05.POST.ALL.X,64,1,,S02_Gueltigkeit_2026-09-25.R
S02.NGUELT.Z10.PRE.ALL.X,67,1,,S02_Gueltigkeit_2026-09-25.R
S02.NGUELT.Z10.POST.ALL.X,38,1,,S02_Gueltigkeit_2026-09-25.R
S02.NGUELT.Z30.PRE.ALL.X,78,1,,S02_Gueltigkeit_2026-09-25.R
S02.NGUELT.Z30.POST.ALL.X,65,1,,S02_Gueltigkeit_2026-09-25.R
S02.NGUELT.SBJ.PRE.ALL.X,72,1,,S02_Gueltigkeit_2026-09-25.R
S02.NGUELT.SBJ.POST.ALL.X,53,1,,S02_Gueltigkeit_2026-09-25.R
S02.NGUELT.CL.PRE.ALL.X,55,1,,S02_Gueltigkeit_2026-09-25.R
S02.NGUELT.CL.POST.ALL.X,48,1,,S02_Gueltigkeit_2026-09-25.R
S02.NGUELT.CR.PRE.ALL.X,59,1,,S02_Gueltigkeit_2026-09-25.R
S02.NGUELT.CR.POST.ALL.X,40,1,,S02_Gueltigkeit_2026-09-25.R
S03.NKAT.Z05.PRE.IG.TECH,9,1,,S03_Ausfallkategorien_2026-09-25.R
S03.NKAT.Z05.PRE.IG.ZEIT,5,1,,S03_Ausfallkategorien_2026-09-25.R
S03.NKAT.Z05.PRE.IG.FEHL,0,1,,S03_Ausfallkategorien_2026-09-25.R
S03.NKAT.Z05.PRE.IG.FALSCH,0,1,,S03_Ausfallkategorien_2026-09-25.R
S03.NKAT.Z05.PRE.IG.AUSL,0,1,,S03_Ausfallkategorien_2026-09-25.R
S03.NKAT.Z05.PRE.KG.TECH,26,1,,S03_Ausfallkategorien_2026-09-25.R
S03.NKAT.Z05.PRE.KG.ZEIT,0,1,,S03_Ausfallkategorien_2026-09-25.R
S03.NKAT.Z05.PRE.KG.FEHL,0,1,,S03_Ausfallkategorien_2026-09-25.R
S03.NKAT.Z05.PRE.KG.FALSCH,0,1,,S03_Ausfallkategorien_2026-09-25.R
S03.NKAT.Z05.PRE.KG.AUSL,0,1,,S03_Ausfallkategorien_2026-09-25.R
S03.NKAT.Z05.POST.IG.TECH,1,1,,S03_Ausfallkategorien_2026-09-25.R
S03.NKAT.Z05.POST.IG.ZEIT,4,1,,S03_Ausfallkategorien_2026-09-25.R
S03.NKAT.Z05.POST.IG.FEHL,0,1,,S03_Ausfallkategorien_2026-09-25.R
S03.NKAT.Z05.POST.IG.FALSCH,0,1,,S03_Ausfallkategorien_2026-09-25.R
S03.NKAT.Z05.POST.IG.NANG,6,1,,S03_Ausfallkategorien_2026-09-25.R
S03.NKAT.Z05.POST.IG.AUSL,0,1,,S03_Ausfallkategorien_2026-09-25.R
S03.NKAT.Z05.POST.KG.TECH,5,1,,S03_Ausfallkategorien_2026-09-25.R
S03.NKAT.Z05.POST.KG.ZEIT,7,1,,S03_Ausfallkategorien_2026-09-25.R
S03.NKAT.Z05.POST.KG.FEHL,0,1,,S03_Ausfallkategorien_2026-09-25.R
S03.NKAT.Z05.POST.KG.FALSCH,0,1,,S03_Ausfallkategorien_2026-09-25.R
S03.NKAT.Z05.POST.KG.NANG,6,1,,S03_Ausfallkategorien_2026-09-25.R
S03.NKAT.Z05.POST.KG.AUSL,0,1,,S03_Ausfallkategorien_2026-09-25.R
S03.NKAT.Z10.PRE.IG.TECH,3,1,,S03_Ausfallkategorien_2026-09-25.R
S03.NKAT.Z10.PRE.IG.ZEIT,5,1,,S03_Ausfallkategorien_2026-09-25.R
S03.NKAT.Z10.PRE.IG.FEHL,0,1,,S03_Ausfallkategorien_2026-09-25.R
S03.NKAT.Z10.PRE.IG.FALSCH,0,1,,S03_Ausfallkategorien_2026-09-25.R
S03.NKAT.Z10.PRE.IG.AUSL,0,1,,S03_Ausfallkategorien_2026-09-25.R
S03.NKAT.Z10.PRE.KG.TECH,18,1,,S03_Ausfallkategorien_2026-09-25.R
S03.NKAT.Z10.PRE.KG.ZEIT,0,1,,S03_Ausfallkategorien_2026-09-25.R
S03.NKAT.Z10.PRE.KG.FEHL,0,1,,S03_Ausfallkategorien_2026-09-25.R
S03.NKAT.Z10.PRE.KG.FALSCH,0,1,,S03_Ausfallkategorien_2026-09-25.R
S03.NKAT.Z10.PRE.KG.AUSL,0,1,,S03_Ausfallkategorien_2026-09-25.R
S03.NKAT.Z10.POST.IG.TECH,1,1,,S03_Ausfallkategorien_2026-09-25.R
S03.NKAT.Z10.POST.IG.ZEIT,0,1,,S03_Ausfallkategorien_2026-09-25.R
S03.NKAT.Z10.POST.IG.FEHL,0,1,,S03_Ausfallkategorien_2026-09-25.R
S03.NKAT.Z10.POST.IG.FALSCH,27,1,,S03_Ausfallkategorien_2026-09-25.R
S03.NKAT.Z10.POST.IG.NANG,6,1,,S03_Ausfallkategorien_2026-09-25.R
S03.NKAT.Z10.POST.IG.AUSL,0,1,,S03_Ausfallkategorien_2026-09-25.R
S03.NKAT.Z10.POST.KG.TECH,7,1,,S03_Ausfallkategorien_2026-09-25.R
S03.NKAT.Z10.POST.KG.ZEIT,8,1,,S03_Ausfallkategorien_2026-09-25.R
S03.NKAT.Z10.POST.KG.FEHL,0,1,,S03_Ausfallkategorien_2026-09-25.R
S03.NKAT.Z10.POST.KG.FALSCH,0,1,,S03_Ausfallkategorien_2026-09-25.R
S03.NKAT.Z10.POST.KG.NANG,6,1,,S03_Ausfallkategorien_2026-09-25.R
S03.NKAT.Z10.POST.KG.AUSL,0,1,,S03_Ausfallkategorien_2026-09-25.R
S03.NKAT.Z30.PRE.IG.TECH,2,1,,S03_Ausfallkategorien_2026-09-25.R
S03.NKAT.Z30.PRE.IG.ZEIT,5,1,,S03_Ausfallkategorien_2026-09-25.R
S03.NKAT.Z30.PRE.IG.FEHL,0,1,,S03_Ausfallkategorien_2026-09-25.R
S03.NKAT.Z30.PRE.IG.FALSCH,0,1,,S03_Ausfallkategorien_2026-09-25.R
S03.NKAT.Z30.PRE.IG.AUSL,0,1,,S03_Ausfallkategorien_2026-09-25.R
S03.NKAT.Z30.PRE.KG.TECH,8,1,,S03_Ausfallkategorien_2026-09-25.R
S03.NKAT.Z30.PRE.KG.ZEIT,0,1,,S03_Ausfallkategorien_2026-09-25.R
S03.NKAT.Z30.PRE.KG.FEHL,0,1,,S03_Ausfallkategorien_2026-09-25.R
S03.NKAT.Z30.PRE.KG.FALSCH,0,1,,S03_Ausfallkategorien_2026-09-25.R
S03.NKAT.Z30.PRE.KG.AUSL,0,1,,S03_Ausfallkategorien_2026-09-25.R
S03.NKAT.Z30.POST.IG.TECH,3,1,,S03_Ausfallkategorien_2026-09-25.R
S03.NKAT.Z30.POST.IG.ZEIT,4,1,,S03_Ausfallkategorien_2026-09-25.R
S03.NKAT.Z30.POST.IG.FEHL,0,1,,S03_Ausfallkategorien_2026-09-25.R
S03.NKAT.Z30.POST.IG.FALSCH,0,1,,S03_Ausfallkategorien_2026-09-25.R
S03.NKAT.Z30.POST.IG.NANG,6,1,,S03_Ausfallkategorien_2026-09-25.R
S03.NKAT.Z30.POST.IG.AUSL,0,1,,S03_Ausfallkategorien_2026-09-25.R
S03.NKAT.Z30.POST.KG.TECH,2,1,,S03_Ausfallkategorien_2026-09-25.R
S03.NKAT.Z30.POST.KG.ZEIT,7,1,,S03_Ausfallkategorien_2026-09-25.R
S03.NKAT.Z30.POST.KG.FEHL,0,1,,S03_Ausfallkategorien_2026-09-25.R
S03.NKAT.Z30.POST.KG.FALSCH,0,1,,S03_Ausfallkategorien_2026-09-25.R
S03.NKAT.Z30.POST.KG.NANG,6,1,,S03_Ausfallkategorien_2026-09-25.R
S03.NKAT.Z30.POST.KG.AUSL,0,1,,S03_Ausfallkategorien_2026-09-25.R
S03.NKAT.SBJ.PRE.IG.TECH,2,1,,S03_Ausfallkategorien_2026-09-25.R
S03.NKAT.SBJ.PRE.IG.ZEIT,5,1,,S03_Ausfallkategorien_2026-09-25.R
S03.NKAT.SBJ.PRE.IG.FEHL,2,1,,S03_Ausfallkategorien_2026-09-25.R
S03.NKAT.SBJ.PRE.IG.FALSCH,0,1,,S03_Ausfallkategorien_2026-09-25.R
S03.NKAT.SBJ.PRE.IG.AUSL,0,1,,S03_Ausfallkategorien_2026-09-25.R
S03.NKAT.SBJ.PRE.KG.TECH,3,1,,S03_Ausfallkategorien_2026-09-25.R
S03.NKAT.SBJ.PRE.KG.ZEIT,7,1,,S03_Ausfallkategorien_2026-09-25.R
S03.NKAT.SBJ.PRE.KG.FEHL,2,1,,S03_Ausfallkategorien_2026-09-25.R
S03.NKAT.SBJ.PRE.KG.FALSCH,0,1,,S03_Ausfallkategorien_2026-09-25.R
S03.NKAT.SBJ.PRE.KG.AUSL,0,1,,S03_Ausfallkategorien_2026-09-25.R
S03.NKAT.SBJ.POST.IG.TECH,0,1,,S03_Ausfallkategorien_2026-09-25.R
S03.NKAT.SBJ.POST.IG.ZEIT,11,1,,S03_Ausfallkategorien_2026-09-25.R
S03.NKAT.SBJ.POST.IG.FEHL,5,1,,S03_Ausfallkategorien_2026-09-25.R
S03.NKAT.SBJ.POST.IG.FALSCH,0,1,,S03_Ausfallkategorien_2026-09-25.R
S03.NKAT.SBJ.POST.IG.NANG,6,1,,S03_Ausfallkategorien_2026-09-25.R
S03.NKAT.SBJ.POST.IG.AUSL,0,1,,S03_Ausfallkategorien_2026-09-25.R
S03.NKAT.SBJ.POST.KG.TECH,0,1,,S03_Ausfallkategorien_2026-09-25.R
S03.NKAT.SBJ.POST.KG.ZEIT,11,1,,S03_Ausfallkategorien_2026-09-25.R
S03.NKAT.SBJ.POST.KG.FEHL,1,1,,S03_Ausfallkategorien_2026-09-25.R
S03.NKAT.SBJ.POST.KG.FALSCH,0,1,,S03_Ausfallkategorien_2026-09-25.R
S03.NKAT.SBJ.POST.KG.NANG,6,1,,S03_Ausfallkategorien_2026-09-25.R
S03.NKAT.SBJ.POST.KG.AUSL,0,1,,S03_Ausfallkategorien_2026-09-25.R
S03.NKAT.CL.PRE.IG.TECH,8,1,,S03_Ausfallkategorien_2026-09-25.R
S03.NKAT.CL.PRE.IG.ZEIT,11,1,,S03_Ausfallkategorien_2026-09-25.R
S03.NKAT.CL.PRE.IG.FEHL,2,1,,S03_Ausfallkategorien_2026-09-25.R
S03.NKAT.CL.PRE.IG.FALSCH,0,1,,S03_Ausfallkategorien_2026-09-25.R
S03.NKAT.CL.PRE.IG.AUSL,0,1,,S03_Ausfallkategorien_2026-09-25.R
S03.NKAT.CL.PRE.KG.TECH,7,1,,S03_Ausfallkategorien_2026-09-25.R
S03.NKAT.CL.PRE.KG.ZEIT,7,1,,S03_Ausfallkategorien_2026-09-25.R
S03.NKAT.CL.PRE.KG.FEHL,3,1,,S03_Ausfallkategorien_2026-09-25.R
S03.NKAT.CL.PRE.KG.FALSCH,0,1,,S03_Ausfallkategorien_2026-09-25.R
S03.NKAT.CL.PRE.KG.AUSL,0,1,,S03_Ausfallkategorien_2026-09-25.R
S03.NKAT.CL.POST.IG.TECH,0,1,,S03_Ausfallkategorien_2026-09-25.R
S03.NKAT.CL.POST.IG.ZEIT,16,1,,S03_Ausfallkategorien_2026-09-25.R
S03.NKAT.CL.POST.IG.FEHL,6,1,,S03_Ausfallkategorien_2026-09-25.R
S03.NKAT.CL.POST.IG.FALSCH,0,1,,S03_Ausfallkategorien_2026-09-25.R
S03.NKAT.CL.POST.IG.NANG,6,1,,S03_Ausfallkategorien_2026-09-25.R
S03.NKAT.CL.POST.IG.AUSL,0,1,,S03_Ausfallkategorien_2026-09-25.R
S03.NKAT.CL.POST.KG.TECH,0,1,,S03_Ausfallkategorien_2026-09-25.R
S03.NKAT.CL.POST.KG.ZEIT,11,1,,S03_Ausfallkategorien_2026-09-25.R
S03.NKAT.CL.POST.KG.FEHL,0,1,,S03_Ausfallkategorien_2026-09-25.R
S03.NKAT.CL.POST.KG.FALSCH,0,1,,S03_Ausfallkategorien_2026-09-25.R
S03.NKAT.CL.POST.KG.NANG,6,1,,S03_Ausfallkategorien_2026-09-25.R
S03.NKAT.CL.POST.KG.AUSL,0,1,,S03_Ausfallkategorien_2026-09-25.R
S03.NKAT.CR.PRE.IG.TECH,5,1,,S03_Ausfallkategorien_2026-09-25.R
S03.NKAT.CR.PRE.IG.ZEIT,11,1,,S03_Ausfallkategorien_2026-09-25.R
S03.NKAT.CR.PRE.IG.FEHL,4,1,,S03_Ausfallkategorien_2026-09-25.R
S03.NKAT.CR.PRE.IG.FALSCH,0,1,,S03_Ausfallkategorien_2026-09-25.R
S03.NKAT.CR.PRE.IG.AUSL,0,1,,S03_Ausfallkategorien_2026-09-25.R
S03.NKAT.CR.PRE.KG.TECH,3,1,,S03_Ausfallkategorien_2026-09-25.R
S03.NKAT.CR.PRE.KG.ZEIT,8,1,,S03_Ausfallkategorien_2026-09-25.R
S03.NKAT.CR.PRE.KG.FEHL,3,1,,S03_Ausfallkategorien_2026-09-25.R
S03.NKAT.CR.PRE.KG.FALSCH,0,1,,S03_Ausfallkategorien_2026-09-25.R
S03.NKAT.CR.PRE.KG.AUSL,0,1,,S03_Ausfallkategorien_2026-09-25.R
S03.NKAT.CR.POST.IG.TECH,0,1,,S03_Ausfallkategorien_2026-09-25.R
S03.NKAT.CR.POST.IG.ZEIT,16,1,,S03_Ausfallkategorien_2026-09-25.R
S03.NKAT.CR.POST.IG.FEHL,9,1,,S03_Ausfallkategorien_2026-09-25.R
S03.NKAT.CR.POST.IG.FALSCH,0,1,,S03_Ausfallkategorien_2026-09-25.R
S03.NKAT.CR.POST.IG.NANG,6,1,,S03_Ausfallkategorien_2026-09-25.R
S03.NKAT.CR.POST.IG.AUSL,0,1,,S03_Ausfallkategorien_2026-09-25.R
S03.NKAT.CR.POST.KG.TECH,0,1,,S03_Ausfallkategorien_2026-09-25.R
S03.NKAT.CR.POST.KG.ZEIT,11,1,,S03_Ausfallkategorien_2026-09-25.R
S03.NKAT.CR.POST.KG.FEHL,5,1,,S03_Ausfallkategorien_2026-09-25.R
S03.NKAT.CR.POST.KG.FALSCH,0,1,,S03_Ausfallkategorien_2026-09-25.R
S03.NKAT.CR.POST.KG.NANG,6,1,,S03_Ausfallkategorien_2026-09-25.R
S03.NKAT.CR.POST.KG.AUSL,0,1,,S03_Ausfallkategorien_2026-09-25.R
S04.K.Z05.PRE.PBW-01.X,2,1,,S04_Aggregation_2026-09-25.R
S04.K.Z05.PRE.PBW-02.X,2,1,,S04_Aggregation_2026-09-25.R
S04.K.Z05.PRE.PBW-04.X,2,1,,S04_Aggregation_2026-09-25.R
S04.K.Z05.PRE.PBW-05.X,2,1,,S04_Aggregation_2026-09-25.R
S04.K.Z05.PRE.PBW-06.X,3,1,,S04_Aggregation_2026-09-25.R
S04.K.Z05.PRE.PBW-07.X,1,1,,S04_Aggregation_2026-09-25.R
S04.K.Z05.PRE.PBW-08.X,2,1,,S04_Aggregation_2026-09-25.R
S04.K.Z05.PRE.PBW-09.X,2,1,,S04_Aggregation_2026-09-25.R
S04.K.Z05.PRE.PBW-10.X,2,1,,S04_Aggregation_2026-09-25.R
S04.K.Z05.PRE.PBW-11.X,2,1,,S04_Aggregation_2026-09-25.R
S04.K.Z05.PRE.PBW-21.X,2,1,,S04_Aggregation_2026-09-25.R
S04.K.Z05.PRE.PHL-01.X,3,1,,S04_Aggregation_2026-09-25.R
S04.K.Z05.PRE.PHL-02.X,3,1,,S04_Aggregation_2026-09-25.R
S04.K.Z05.PRE.PHL-03.X,2,1,,S04_Aggregation_2026-09-25.R
S04.K.Z05.PRE.PHL-05.X,2,1,,S04_Aggregation_2026-09-25.R
S04.K.Z05.PRE.PHL-06.X,2,1,,S04_Aggregation_2026-09-25.R
S04.K.Z05.PRE.PHL-07.X,3,1,,S04_Aggregation_2026-09-25.R
S04.K.Z05.PRE.PHL-08.X,3,1,,S04_Aggregation_2026-09-25.R
S04.K.Z05.PRE.PVS-01.X,1,1,,S04_Aggregation_2026-09-25.R
S04.K.Z05.PRE.PVS-02.X,2,1,,S04_Aggregation_2026-09-25.R
S04.K.Z05.PRE.PVS-03.X,2,1,,S04_Aggregation_2026-09-25.R
S04.K.Z05.PRE.PVS-04.X,3,1,,S04_Aggregation_2026-09-25.R
S04.K.Z05.PRE.PVS-05.X,2,1,,S04_Aggregation_2026-09-25.R
S04.K.Z05.PRE.PVS-06.X,0,1,,S04_Aggregation_2026-09-25.R
S04.K.Z05.PRE.PVS-07.X,1,1,,S04_Aggregation_2026-09-25.R
S04.K.Z05.PRE.PVS-08.X,0,1,,S04_Aggregation_2026-09-25.R
S04.K.Z05.PRE.PVS-10.X,1,1,,S04_Aggregation_2026-09-25.R
S04.K.Z05.PRE.PVS-16.X,0,1,,S04_Aggregation_2026-09-25.R
S04.K.Z05.PRE.PVS-17.X,0,1,,S04_Aggregation_2026-09-25.R
S04.K.Z05.PRE.PVS-18.X,0,1,,S04_Aggregation_2026-09-25.R
S04.K.Z05.PRE.PVS-11.X,1,1,,S04_Aggregation_2026-09-25.R
S04.K.Z05.POST.PBW-01.X,3,1,,S04_Aggregation_2026-09-25.R
S04.K.Z05.POST.PBW-02.X,3,1,,S04_Aggregation_2026-09-25.R
S04.K.Z05.POST.PBW-04.X,3,1,,S04_Aggregation_2026-09-25.R
S04.K.Z05.POST.PBW-05.X,3,1,,S04_Aggregation_2026-09-25.R
S04.K.Z05.POST.PBW-06.X,3,1,,S04_Aggregation_2026-09-25.R
S04.K.Z05.POST.PBW-07.X,0,1,,S04_Aggregation_2026-09-25.R
S04.K.Z05.POST.PBW-08.X,2,1,,S04_Aggregation_2026-09-25.R
S04.K.Z05.POST.PBW-09.X,2,1,,S04_Aggregation_2026-09-25.R
S04.K.Z05.POST.PBW-10.X,2,1,,S04_Aggregation_2026-09-25.R
S04.K.Z05.POST.PBW-11.X,2,1,,S04_Aggregation_2026-09-25.R
S04.K.Z05.POST.PBW-21.X,0,1,,S04_Aggregation_2026-09-25.R
S04.K.Z05.POST.PHL-01.X,3,1,,S04_Aggregation_2026-09-25.R
S04.K.Z05.POST.PHL-02.X,3,1,,S04_Aggregation_2026-09-25.R
S04.K.Z05.POST.PHL-03.X,3,1,,S04_Aggregation_2026-09-25.R
S04.K.Z05.POST.PHL-05.X,3,1,,S04_Aggregation_2026-09-25.R
S04.K.Z05.POST.PHL-06.X,3,1,,S04_Aggregation_2026-09-25.R
S04.K.Z05.POST.PHL-07.X,3,1,,S04_Aggregation_2026-09-25.R
S04.K.Z05.POST.PHL-08.X,2,1,,S04_Aggregation_2026-09-25.R
S04.K.Z05.POST.PVS-01.X,2,1,,S04_Aggregation_2026-09-25.R
S04.K.Z05.POST.PVS-02.X,2,1,,S04_Aggregation_2026-09-25.R
S04.K.Z05.POST.PVS-03.X,2,1,,S04_Aggregation_2026-09-25.R
S04.K.Z05.POST.PVS-04.X,3,1,,S04_Aggregation_2026-09-25.R
S04.K.Z05.POST.PVS-05.X,1,1,,S04_Aggregation_2026-09-25.R
S04.K.Z05.POST.PVS-06.X,2,1,,S04_Aggregation_2026-09-25.R
S04.K.Z05.POST.PVS-07.X,0,1,,S04_Aggregation_2026-09-25.R
S04.K.Z05.POST.PVS-08.X,2,1,,S04_Aggregation_2026-09-25.R
S04.K.Z05.POST.PVS-10.X,2,1,,S04_Aggregation_2026-09-25.R
S04.K.Z05.POST.PVS-16.X,0,1,,S04_Aggregation_2026-09-25.R
S04.K.Z05.POST.PVS-17.X,2,1,,S04_Aggregation_2026-09-25.R
S04.K.Z05.POST.PVS-18.X,1,1,,S04_Aggregation_2026-09-25.R
S04.K.Z05.POST.PVS-11.X,2,1,,S04_Aggregation_2026-09-25.R
S04.K.Z10.PRE.PBW-01.X,3,1,,S04_Aggregation_2026-09-25.R
S04.K.Z10.PRE.PBW-02.X,3,1,,S04_Aggregation_2026-09-25.R
S04.K.Z10.PRE.PBW-04.X,3,1,,S04_Aggregation_2026-09-25.R
S04.K.Z10.PRE.PBW-05.X,3,1,,S04_Aggregation_2026-09-25.R
S04.K.Z10.PRE.PBW-06.X,3,1,,S04_Aggregation_2026-09-25.R
S04.K.Z10.PRE.PBW-07.X,3,1,,S04_Aggregation_2026-09-25.R
S04.K.Z10.PRE.PBW-08.X,2,1,,S04_Aggregation_2026-09-25.R
S04.K.Z10.PRE.PBW-09.X,2,1,,S04_Aggregation_2026-09-25.R
S04.K.Z10.PRE.PBW-10.X,2,1,,S04_Aggregation_2026-09-25.R
S04.K.Z10.PRE.PBW-11.X,2,1,,S04_Aggregation_2026-09-25.R
S04.K.Z10.PRE.PBW-21.X,2,1,,S04_Aggregation_2026-09-25.R
S04.K.Z10.PRE.PHL-01.X,2,1,,S04_Aggregation_2026-09-25.R
S04.K.Z10.PRE.PHL-02.X,3,1,,S04_Aggregation_2026-09-25.R
S04.K.Z10.PRE.PHL-03.X,3,1,,S04_Aggregation_2026-09-25.R
S04.K.Z10.PRE.PHL-05.X,3,1,,S04_Aggregation_2026-09-25.R
S04.K.Z10.PRE.PHL-06.X,2,1,,S04_Aggregation_2026-09-25.R
S04.K.Z10.PRE.PHL-07.X,3,1,,S04_Aggregation_2026-09-25.R
S04.K.Z10.PRE.PHL-08.X,2,1,,S04_Aggregation_2026-09-25.R
S04.K.Z10.PRE.PVS-01.X,1,1,,S04_Aggregation_2026-09-25.R
S04.K.Z10.PRE.PVS-02.X,2,1,,S04_Aggregation_2026-09-25.R
S04.K.Z10.PRE.PVS-03.X,1,1,,S04_Aggregation_2026-09-25.R
S04.K.Z10.PRE.PVS-04.X,2,1,,S04_Aggregation_2026-09-25.R
S04.K.Z10.PRE.PVS-05.X,2,1,,S04_Aggregation_2026-09-25.R
S04.K.Z10.PRE.PVS-06.X,2,1,,S04_Aggregation_2026-09-25.R
S04.K.Z10.PRE.PVS-07.X,2,1,,S04_Aggregation_2026-09-25.R
S04.K.Z10.PRE.PVS-08.X,2,1,,S04_Aggregation_2026-09-25.R
S04.K.Z10.PRE.PVS-10.X,1,1,,S04_Aggregation_2026-09-25.R
S04.K.Z10.PRE.PVS-16.X,1,1,,S04_Aggregation_2026-09-25.R
S04.K.Z10.PRE.PVS-17.X,1,1,,S04_Aggregation_2026-09-25.R
S04.K.Z10.PRE.PVS-18.X,2,1,,S04_Aggregation_2026-09-25.R
S04.K.Z10.PRE.PVS-11.X,2,1,,S04_Aggregation_2026-09-25.R
S04.K.Z10.POST.PBW-01.X,0,1,,S04_Aggregation_2026-09-25.R
S04.K.Z10.POST.PBW-02.X,0,1,,S04_Aggregation_2026-09-25.R
S04.K.Z10.POST.PBW-04.X,0,1,,S04_Aggregation_2026-09-25.R
S04.K.Z10.POST.PBW-05.X,0,1,,S04_Aggregation_2026-09-25.R
S04.K.Z10.POST.PBW-06.X,0,1,,S04_Aggregation_2026-09-25.R
S04.K.Z10.POST.PBW-07.X,0,1,,S04_Aggregation_2026-09-25.R
S04.K.Z10.POST.PBW-08.X,0,1,,S04_Aggregation_2026-09-25.R
S04.K.Z10.POST.PBW-09.X,0,1,,S04_Aggregation_2026-09-25.R
S04.K.Z10.POST.PBW-10.X,0,1,,S04_Aggregation_2026-09-25.R
S04.K.Z10.POST.PBW-11.X,0,1,,S04_Aggregation_2026-09-25.R
S04.K.Z10.POST.PBW-21.X,0,1,,S04_Aggregation_2026-09-25.R
S04.K.Z10.POST.PHL-01.X,3,1,,S04_Aggregation_2026-09-25.R
S04.K.Z10.POST.PHL-02.X,3,1,,S04_Aggregation_2026-09-25.R
S04.K.Z10.POST.PHL-03.X,3,1,,S04_Aggregation_2026-09-25.R
S04.K.Z10.POST.PHL-05.X,3,1,,S04_Aggregation_2026-09-25.R
S04.K.Z10.POST.PHL-06.X,3,1,,S04_Aggregation_2026-09-25.R
S04.K.Z10.POST.PHL-07.X,3,1,,S04_Aggregation_2026-09-25.R
S04.K.Z10.POST.PHL-08.X,2,1,,S04_Aggregation_2026-09-25.R
S04.K.Z10.POST.PVS-01.X,1,1,,S04_Aggregation_2026-09-25.R
S04.K.Z10.POST.PVS-02.X,1,1,,S04_Aggregation_2026-09-25.R
S04.K.Z10.POST.PVS-03.X,1,1,,S04_Aggregation_2026-09-25.R
S04.K.Z10.POST.PVS-04.X,3,1,,S04_Aggregation_2026-09-25.R
S04.K.Z10.POST.PVS-05.X,1,1,,S04_Aggregation_2026-09-25.R
S04.K.Z10.POST.PVS-06.X,2,1,,S04_Aggregation_2026-09-25.R
S04.K.Z10.POST.PVS-07.X,0,1,,S04_Aggregation_2026-09-25.R
S04.K.Z10.POST.PVS-08.X,2,1,,S04_Aggregation_2026-09-25.R
S04.K.Z10.POST.PVS-10.X,2,1,,S04_Aggregation_2026-09-25.R
S04.K.Z10.POST.PVS-16.X,0,1,,S04_Aggregation_2026-09-25.R
S04.K.Z10.POST.PVS-17.X,2,1,,S04_Aggregation_2026-09-25.R
S04.K.Z10.POST.PVS-18.X,1,1,,S04_Aggregation_2026-09-25.R
S04.K.Z10.POST.PVS-11.X,2,1,,S04_Aggregation_2026-09-25.R
S04.K.Z30.PRE.PBW-01.X,3,1,,S04_Aggregation_2026-09-25.R
S04.K.Z30.PRE.PBW-02.X,3,1,,S04_Aggregation_2026-09-25.R
S04.K.Z30.PRE.PBW-04.X,3,1,,S04_Aggregation_2026-09-25.R
S04.K.Z30.PRE.PBW-05.X,3,1,,S04_Aggregation_2026-09-25.R
S04.K.Z30.PRE.PBW-06.X,3,1,,S04_Aggregation_2026-09-25.R
S04.K.Z30.PRE.PBW-07.X,3,1,,S04_Aggregation_2026-09-25.R
S04.K.Z30.PRE.PBW-08.X,2,1,,S04_Aggregation_2026-09-25.R
S04.K.Z30.PRE.PBW-09.X,2,1,,S04_Aggregation_2026-09-25.R
S04.K.Z30.PRE.PBW-10.X,2,1,,S04_Aggregation_2026-09-25.R
S04.K.Z30.PRE.PBW-11.X,2,1,,S04_Aggregation_2026-09-25.R
S04.K.Z30.PRE.PBW-21.X,2,1,,S04_Aggregation_2026-09-25.R
S04.K.Z30.PRE.PHL-01.X,3,1,,S04_Aggregation_2026-09-25.R
S04.K.Z30.PRE.PHL-02.X,3,1,,S04_Aggregation_2026-09-25.R
S04.K.Z30.PRE.PHL-03.X,3,1,,S04_Aggregation_2026-09-25.R
S04.K.Z30.PRE.PHL-05.X,3,1,,S04_Aggregation_2026-09-25.R
S04.K.Z30.PRE.PHL-06.X,2,1,,S04_Aggregation_2026-09-25.R
S04.K.Z30.PRE.PHL-07.X,2,1,,S04_Aggregation_2026-09-25.R
S04.K.Z30.PRE.PHL-08.X,3,1,,S04_Aggregation_2026-09-25.R
S04.K.Z30.PRE.PVS-01.X,1,1,,S04_Aggregation_2026-09-25.R
S04.K.Z30.PRE.PVS-02.X,2,1,,S04_Aggregation_2026-09-25.R
S04.K.Z30.PRE.PVS-03.X,2,1,,S04_Aggregation_2026-09-25.R
S04.K.Z30.PRE.PVS-04.X,3,1,,S04_Aggregation_2026-09-25.R
S04.K.Z30.PRE.PVS-05.X,2,1,,S04_Aggregation_2026-09-25.R
S04.K.Z30.PRE.PVS-06.X,3,1,,S04_Aggregation_2026-09-25.R
S04.K.Z30.PRE.PVS-07.X,3,1,,S04_Aggregation_2026-09-25.R
S04.K.Z30.PRE.PVS-08.X,3,1,,S04_Aggregation_2026-09-25.R
S04.K.Z30.PRE.PVS-10.X,3,1,,S04_Aggregation_2026-09-25.R
S04.K.Z30.PRE.PVS-16.X,2,1,,S04_Aggregation_2026-09-25.R
S04.K.Z30.PRE.PVS-17.X,3,1,,S04_Aggregation_2026-09-25.R
S04.K.Z30.PRE.PVS-18.X,2,1,,S04_Aggregation_2026-09-25.R
S04.K.Z30.PRE.PVS-11.X,2,1,,S04_Aggregation_2026-09-25.R
S04.K.Z30.POST.PBW-01.X,3,1,,S04_Aggregation_2026-09-25.R
S04.K.Z30.POST.PBW-02.X,3,1,,S04_Aggregation_2026-09-25.R
S04.K.Z30.POST.PBW-04.X,3,1,,S04_Aggregation_2026-09-25.R
S04.K.Z30.POST.PBW-05.X,3,1,,S04_Aggregation_2026-09-25.R
S04.K.Z30.POST.PBW-06.X,3,1,,S04_Aggregation_2026-09-25.R
S04.K.Z30.POST.PBW-07.X,0,1,,S04_Aggregation_2026-09-25.R
S04.K.Z30.POST.PBW-08.X,2,1,,S04_Aggregation_2026-09-25.R
S04.K.Z30.POST.PBW-09.X,2,1,,S04_Aggregation_2026-09-25.R
S04.K.Z30.POST.PBW-10.X,2,1,,S04_Aggregation_2026-09-25.R
S04.K.Z30.POST.PBW-11.X,2,1,,S04_Aggregation_2026-09-25.R
S04.K.Z30.POST.PBW-21.X,0,1,,S04_Aggregation_2026-09-25.R
S04.K.Z30.POST.PHL-01.X,2,1,,S04_Aggregation_2026-09-25.R
S04.K.Z30.POST.PHL-02.X,2,1,,S04_Aggregation_2026-09-25.R
S04.K.Z30.POST.PHL-03.X,3,1,,S04_Aggregation_2026-09-25.R
S04.K.Z30.POST.PHL-05.X,3,1,,S04_Aggregation_2026-09-25.R
S04.K.Z30.POST.PHL-06.X,3,1,,S04_Aggregation_2026-09-25.R
S04.K.Z30.POST.PHL-07.X,3,1,,S04_Aggregation_2026-09-25.R
S04.K.Z30.POST.PHL-08.X,2,1,,S04_Aggregation_2026-09-25.R
S04.K.Z30.POST.PVS-01.X,3,1,,S04_Aggregation_2026-09-25.R
S04.K.Z30.POST.PVS-02.X,3,1,,S04_Aggregation_2026-09-25.R
S04.K.Z30.POST.PVS-03.X,2,1,,S04_Aggregation_2026-09-25.R
S04.K.Z30.POST.PVS-04.X,3,1,,S04_Aggregation_2026-09-25.R
S04.K.Z30.POST.PVS-05.X,2,1,,S04_Aggregation_2026-09-25.R
S04.K.Z30.POST.PVS-06.X,2,1,,S04_Aggregation_2026-09-25.R
S04.K.Z30.POST.PVS-07.X,0,1,,S04_Aggregation_2026-09-25.R
S04.K.Z30.POST.PVS-08.X,2,1,,S04_Aggregation_2026-09-25.R
S04.K.Z30.POST.PVS-10.X,2,1,,S04_Aggregation_2026-09-25.R
S04.K.Z30.POST.PVS-16.X,0,1,,S04_Aggregation_2026-09-25.R
S04.K.Z30.POST.PVS-17.X,2,1,,S04_Aggregation_2026-09-25.R
S04.K.Z30.POST.PVS-18.X,1,1,,S04_Aggregation_2026-09-25.R
S04.K.Z30.POST.PVS-11.X,2,1,,S04_Aggregation_2026-09-25.R
S04.K.SBJ.PRE.PBW-01.X,2,1,,S04_Aggregation_2026-09-25.R
S04.K.SBJ.PRE.PBW-02.X,2,1,,S04_Aggregation_2026-09-25.R
S04.K.SBJ.PRE.PBW-04.X,3,1,,S04_Aggregation_2026-09-25.R
S04.K.SBJ.PRE.PBW-05.X,3,1,,S04_Aggregation_2026-09-25.R
S04.K.SBJ.PRE.PBW-06.X,3,1,,S04_Aggregation_2026-09-25.R
S04.K.SBJ.PRE.PBW-07.X,3,1,,S04_Aggregation_2026-09-25.R
S04.K.SBJ.PRE.PBW-08.X,2,1,,S04_Aggregation_2026-09-25.R
S04.K.SBJ.PRE.PBW-09.X,2,1,,S04_Aggregation_2026-09-25.R
S04.K.SBJ.PRE.PBW-10.X,2,1,,S04_Aggregation_2026-09-25.R
S04.K.SBJ.PRE.PBW-11.X,2,1,,S04_Aggregation_2026-09-25.R
S04.K.SBJ.PRE.PBW-21.X,2,1,,S04_Aggregation_2026-09-25.R
S04.K.SBJ.PRE.PHL-01.X,3,1,,S04_Aggregation_2026-09-25.R
S04.K.SBJ.PRE.PHL-02.X,2,1,,S04_Aggregation_2026-09-25.R
S04.K.SBJ.PRE.PHL-03.X,3,1,,S04_Aggregation_2026-09-25.R
S04.K.SBJ.PRE.PHL-05.X,2,1,,S04_Aggregation_2026-09-25.R
S04.K.SBJ.PRE.PHL-06.X,3,1,,S04_Aggregation_2026-09-25.R
S04.K.SBJ.PRE.PHL-07.X,3,1,,S04_Aggregation_2026-09-25.R
S04.K.SBJ.PRE.PHL-08.X,3,1,,S04_Aggregation_2026-09-25.R
S04.K.SBJ.PRE.PVS-01.X,3,1,,S04_Aggregation_2026-09-25.R
S04.K.SBJ.PRE.PVS-02.X,3,1,,S04_Aggregation_2026-09-25.R
S04.K.SBJ.PRE.PVS-03.X,2,1,,S04_Aggregation_2026-09-25.R
S04.K.SBJ.PRE.PVS-04.X,3,1,,S04_Aggregation_2026-09-25.R
S04.K.SBJ.PRE.PVS-05.X,2,1,,S04_Aggregation_2026-09-25.R
S04.K.SBJ.PRE.PVS-06.X,2,1,,S04_Aggregation_2026-09-25.R
S04.K.SBJ.PRE.PVS-07.X,2,1,,S04_Aggregation_2026-09-25.R
S04.K.SBJ.PRE.PVS-08.X,1,1,,S04_Aggregation_2026-09-25.R
S04.K.SBJ.PRE.PVS-10.X,2,1,,S04_Aggregation_2026-09-25.R
S04.K.SBJ.PRE.PVS-16.X,2,1,,S04_Aggregation_2026-09-25.R
S04.K.SBJ.PRE.PVS-17.X,1,1,,S04_Aggregation_2026-09-25.R
S04.K.SBJ.PRE.PVS-18.X,2,1,,S04_Aggregation_2026-09-25.R
S04.K.SBJ.PRE.PVS-11.X,2,1,,S04_Aggregation_2026-09-25.R
S04.K.SBJ.POST.PBW-01.X,2,1,,S04_Aggregation_2026-09-25.R
S04.K.SBJ.POST.PBW-02.X,3,1,,S04_Aggregation_2026-09-25.R
S04.K.SBJ.POST.PBW-04.X,2,1,,S04_Aggregation_2026-09-25.R
S04.K.SBJ.POST.PBW-05.X,3,1,,S04_Aggregation_2026-09-25.R
S04.K.SBJ.POST.PBW-06.X,3,1,,S04_Aggregation_2026-09-25.R
S04.K.SBJ.POST.PBW-07.X,0,1,,S04_Aggregation_2026-09-25.R
S04.K.SBJ.POST.PBW-08.X,2,1,,S04_Aggregation_2026-09-25.R
S04.K.SBJ.POST.PBW-09.X,2,1,,S04_Aggregation_2026-09-25.R
S04.K.SBJ.POST.PBW-10.X,2,1,,S04_Aggregation_2026-09-25.R
S04.K.SBJ.POST.PBW-11.X,1,1,,S04_Aggregation_2026-09-25.R
S04.K.SBJ.POST.PBW-21.X,0,1,,S04_Aggregation_2026-09-25.R
S04.K.SBJ.POST.PHL-01.X,2,1,,S04_Aggregation_2026-09-25.R
S04.K.SBJ.POST.PHL-02.X,1,1,,S04_Aggregation_2026-09-25.R
S04.K.SBJ.POST.PHL-03.X,2,1,,S04_Aggregation_2026-09-25.R
S04.K.SBJ.POST.PHL-05.X,1,1,,S04_Aggregation_2026-09-25.R
S04.K.SBJ.POST.PHL-06.X,2,1,,S04_Aggregation_2026-09-25.R
S04.K.SBJ.POST.PHL-07.X,2,1,,S04_Aggregation_2026-09-25.R
S04.K.SBJ.POST.PHL-08.X,2,1,,S04_Aggregation_2026-09-25.R
S04.K.SBJ.POST.PVS-01.X,2,1,,S04_Aggregation_2026-09-25.R
S04.K.SBJ.POST.PVS-02.X,2,1,,S04_Aggregation_2026-09-25.R
S04.K.SBJ.POST.PVS-03.X,2,1,,S04_Aggregation_2026-09-25.R
S04.K.SBJ.POST.PVS-04.X,2,1,,S04_Aggregation_2026-09-25.R
S04.K.SBJ.POST.PVS-05.X,2,1,,S04_Aggregation_2026-09-25.R
S04.K.SBJ.POST.PVS-06.X,2,1,,S04_Aggregation_2026-09-25.R
S04.K.SBJ.POST.PVS-07.X,0,1,,S04_Aggregation_2026-09-25.R
S04.K.SBJ.POST.PVS-08.X,2,1,,S04_Aggregation_2026-09-25.R
S04.K.SBJ.POST.PVS-10.X,1,1,,S04_Aggregation_2026-09-25.R
S04.K.SBJ.POST.PVS-16.X,0,1,,S04_Aggregation_2026-09-25.R
S04.K.SBJ.POST.PVS-17.X,2,1,,S04_Aggregation_2026-09-25.R
S04.K.SBJ.POST.PVS-18.X,2,1,,S04_Aggregation_2026-09-25.R
S04.K.SBJ.POST.PVS-11.X,2,1,,S04_Aggregation_2026-09-25.R
S04.K.CL.PRE.PBW-01.X,2,1,,S04_Aggregation_2026-09-25.R
S04.K.CL.PRE.PBW-02.X,2,1,,S04_Aggregation_2026-09-25.R
S04.K.CL.PRE.PBW-04.X,2,1,,S04_Aggregation_2026-09-25.R
S04.K.CL.PRE.PBW-05.X,2,1,,S04_Aggregation_2026-09-25.R
S04.K.CL.PRE.PBW-06.X,2,1,,S04_Aggregation_2026-09-25.R
S04.K.CL.PRE.PBW-07.X,2,1,,S04_Aggregation_2026-09-25.R
S04.K.CL.PRE.PBW-08.X,1,1,,S04_Aggregation_2026-09-25.R
S04.K.CL.PRE.PBW-09.X,2,1,,S04_Aggregation_2026-09-25.R
S04.K.CL.PRE.PBW-10.X,2,1,,S04_Aggregation_2026-09-25.R
S04.K.CL.PRE.PBW-11.X,1,1,,S04_Aggregation_2026-09-25.R
S04.K.CL.PRE.PBW-21.X,2,1,,S04_Aggregation_2026-09-25.R
S04.K.CL.PRE.PHL-01.X,2,1,,S04_Aggregation_2026-09-25.R
S04.K.CL.PRE.PHL-02.X,3,1,,S04_Aggregation_2026-09-25.R
S04.K.CL.PRE.PHL-03.X,3,1,,S04_Aggregation_2026-09-25.R
S04.K.CL.PRE.PHL-05.X,1,1,,S04_Aggregation_2026-09-25.R
S04.K.CL.PRE.PHL-06.X,3,1,,S04_Aggregation_2026-09-25.R
S04.K.CL.PRE.PHL-07.X,0,1,,S04_Aggregation_2026-09-25.R
S04.K.CL.PRE.PHL-08.X,1,1,,S04_Aggregation_2026-09-25.R
S04.K.CL.PRE.PVS-01.X,2,1,,S04_Aggregation_2026-09-25.R
S04.K.CL.PRE.PVS-02.X,1,1,,S04_Aggregation_2026-09-25.R
S04.K.CL.PRE.PVS-03.X,2,1,,S04_Aggregation_2026-09-25.R
S04.K.CL.PRE.PVS-04.X,3,1,,S04_Aggregation_2026-09-25.R
S04.K.CL.PRE.PVS-05.X,1,1,,S04_Aggregation_2026-09-25.R
S04.K.CL.PRE.PVS-06.X,2,1,,S04_Aggregation_2026-09-25.R
S04.K.CL.PRE.PVS-07.X,2,1,,S04_Aggregation_2026-09-25.R
S04.K.CL.PRE.PVS-08.X,2,1,,S04_Aggregation_2026-09-25.R
S04.K.CL.PRE.PVS-10.X,2,1,,S04_Aggregation_2026-09-25.R
S04.K.CL.PRE.PVS-16.X,0,1,,S04_Aggregation_2026-09-25.R
S04.K.CL.PRE.PVS-17.X,2,1,,S04_Aggregation_2026-09-25.R
S04.K.CL.PRE.PVS-18.X,1,1,,S04_Aggregation_2026-09-25.R
S04.K.CL.PRE.PVS-11.X,2,1,,S04_Aggregation_2026-09-25.R
S04.K.CL.POST.PBW-01.X,2,1,,S04_Aggregation_2026-09-25.R
S04.K.CL.POST.PBW-02.X,2,1,,S04_Aggregation_2026-09-25.R
S04.K.CL.POST.PBW-04.X,2,1,,S04_Aggregation_2026-09-25.R
S04.K.CL.POST.PBW-05.X,1,1,,S04_Aggregation_2026-09-25.R
S04.K.CL.POST.PBW-06.X,1,1,,S04_Aggregation_2026-09-25.R
S04.K.CL.POST.PBW-07.X,0,1,,S04_Aggregation_2026-09-25.R
S04.K.CL.POST.PBW-08.X,2,1,,S04_Aggregation_2026-09-25.R
S04.K.CL.POST.PBW-09.X,1,1,,S04_Aggregation_2026-09-25.R
S04.K.CL.POST.PBW-10.X,2,1,,S04_Aggregation_2026-09-25.R
S04.K.CL.POST.PBW-11.X,2,1,,S04_Aggregation_2026-09-25.R
S04.K.CL.POST.PBW-21.X,0,1,,S04_Aggregation_2026-09-25.R
S04.K.CL.POST.PHL-01.X,1,1,,S04_Aggregation_2026-09-25.R
S04.K.CL.POST.PHL-02.X,1,1,,S04_Aggregation_2026-09-25.R
S04.K.CL.POST.PHL-03.X,2,1,,S04_Aggregation_2026-09-25.R
S04.K.CL.POST.PHL-05.X,2,1,,S04_Aggregation_2026-09-25.R
S04.K.CL.POST.PHL-06.X,1,1,,S04_Aggregation_2026-09-25.R
S04.K.CL.POST.PHL-07.X,2,1,,S04_Aggregation_2026-09-25.R
S04.K.CL.POST.PHL-08.X,2,1,,S04_Aggregation_2026-09-25.R
S04.K.CL.POST.PVS-01.X,2,1,,S04_Aggregation_2026-09-25.R
S04.K.CL.POST.PVS-02.X,2,1,,S04_Aggregation_2026-09-25.R
S04.K.CL.POST.PVS-03.X,2,1,,S04_Aggregation_2026-09-25.R
S04.K.CL.POST.PVS-04.X,2,1,,S04_Aggregation_2026-09-25.R
S04.K.CL.POST.PVS-05.X,2,1,,S04_Aggregation_2026-09-25.R
S04.K.CL.POST.PVS-06.X,2,1,,S04_Aggregation_2026-09-25.R
S04.K.CL.POST.PVS-07.X,0,1,,S04_Aggregation_2026-09-25.R
S04.K.CL.POST.PVS-08.X,2,1,,S04_Aggregation_2026-09-25.R
S04.K.CL.POST.PVS-10.X,2,1,,S04_Aggregation_2026-09-25.R
S04.K.CL.POST.PVS-16.X,0,1,,S04_Aggregation_2026-09-25.R
S04.K.CL.POST.PVS-17.X,2,1,,S04_Aggregation_2026-09-25.R
S04.K.CL.POST.PVS-18.X,2,1,,S04_Aggregation_2026-09-25.R
S04.K.CL.POST.PVS-11.X,2,1,,S04_Aggregation_2026-09-25.R
S04.K.CR.PRE.PBW-01.X,2,1,,S04_Aggregation_2026-09-25.R
S04.K.CR.PRE.PBW-02.X,2,1,,S04_Aggregation_2026-09-25.R
S04.K.CR.PRE.PBW-04.X,2,1,,S04_Aggregation_2026-09-25.R
S04.K.CR.PRE.PBW-05.X,2,1,,S04_Aggregation_2026-09-25.R
S04.K.CR.PRE.PBW-06.X,2,1,,S04_Aggregation_2026-09-25.R
S04.K.CR.PRE.PBW-07.X,2,1,,S04_Aggregation_2026-09-25.R
S04.K.CR.PRE.PBW-08.X,1,1,,S04_Aggregation_2026-09-25.R
S04.K.CR.PRE.PBW-09.X,1,1,,S04_Aggregation_2026-09-25.R
S04.K.CR.PRE.PBW-10.X,2,1,,S04_Aggregation_2026-09-25.R
S04.K.CR.PRE.PBW-11.X,0,1,,S04_Aggregation_2026-09-25.R
S04.K.CR.PRE.PBW-21.X,2,1,,S04_Aggregation_2026-09-25.R
S04.K.CR.PRE.PHL-01.X,2,1,,S04_Aggregation_2026-09-25.R
S04.K.CR.PRE.PHL-02.X,2,1,,S04_Aggregation_2026-09-25.R
S04.K.CR.PRE.PHL-03.X,2,1,,S04_Aggregation_2026-09-25.R
S04.K.CR.PRE.PHL-05.X,3,1,,S04_Aggregation_2026-09-25.R
S04.K.CR.PRE.PHL-06.X,3,1,,S04_Aggregation_2026-09-25.R
S04.K.CR.PRE.PHL-07.X,2,1,,S04_Aggregation_2026-09-25.R
S04.K.CR.PRE.PHL-08.X,2,1,,S04_Aggregation_2026-09-25.R
S04.K.CR.PRE.PVS-01.X,1,1,,S04_Aggregation_2026-09-25.R
S04.K.CR.PRE.PVS-02.X,2,1,,S04_Aggregation_2026-09-25.R
S04.K.CR.PRE.PVS-03.X,3,1,,S04_Aggregation_2026-09-25.R
S04.K.CR.PRE.PVS-04.X,3,1,,S04_Aggregation_2026-09-25.R
S04.K.CR.PRE.PVS-05.X,2,1,,S04_Aggregation_2026-09-25.R
S04.K.CR.PRE.PVS-06.X,2,1,,S04_Aggregation_2026-09-25.R
S04.K.CR.PRE.PVS-07.X,2,1,,S04_Aggregation_2026-09-25.R
S04.K.CR.PRE.PVS-08.X,2,1,,S04_Aggregation_2026-09-25.R
S04.K.CR.PRE.PVS-10.X,2,1,,S04_Aggregation_2026-09-25.R
S04.K.CR.PRE.PVS-16.X,2,1,,S04_Aggregation_2026-09-25.R
S04.K.CR.PRE.PVS-17.X,2,1,,S04_Aggregation_2026-09-25.R
S04.K.CR.PRE.PVS-18.X,0,1,,S04_Aggregation_2026-09-25.R
S04.K.CR.PRE.PVS-11.X,2,1,,S04_Aggregation_2026-09-25.R
S04.K.CR.POST.PBW-01.X,2,1,,S04_Aggregation_2026-09-25.R
S04.K.CR.POST.PBW-02.X,1,1,,S04_Aggregation_2026-09-25.R
S04.K.CR.POST.PBW-04.X,2,1,,S04_Aggregation_2026-09-25.R
S04.K.CR.POST.PBW-05.X,0,1,,S04_Aggregation_2026-09-25.R
S04.K.CR.POST.PBW-06.X,1,1,,S04_Aggregation_2026-09-25.R
S04.K.CR.POST.PBW-07.X,0,1,,S04_Aggregation_2026-09-25.R
S04.K.CR.POST.PBW-08.X,2,1,,S04_Aggregation_2026-09-25.R
S04.K.CR.POST.PBW-09.X,1,1,,S04_Aggregation_2026-09-25.R
S04.K.CR.POST.PBW-10.X,2,1,,S04_Aggregation_2026-09-25.R
S04.K.CR.POST.PBW-11.X,2,1,,S04_Aggregation_2026-09-25.R
S04.K.CR.POST.PBW-21.X,0,1,,S04_Aggregation_2026-09-25.R
S04.K.CR.POST.PHL-01.X,2,1,,S04_Aggregation_2026-09-25.R
S04.K.CR.POST.PHL-02.X,1,1,,S04_Aggregation_2026-09-25.R
S04.K.CR.POST.PHL-03.X,1,1,,S04_Aggregation_2026-09-25.R
S04.K.CR.POST.PHL-05.X,2,1,,S04_Aggregation_2026-09-25.R
S04.K.CR.POST.PHL-06.X,2,1,,S04_Aggregation_2026-09-25.R
S04.K.CR.POST.PHL-07.X,1,1,,S04_Aggregation_2026-09-25.R
S04.K.CR.POST.PHL-08.X,1,1,,S04_Aggregation_2026-09-25.R
S04.K.CR.POST.PVS-01.X,2,1,,S04_Aggregation_2026-09-25.R
S04.K.CR.POST.PVS-02.X,1,1,,S04_Aggregation_2026-09-25.R
S04.K.CR.POST.PVS-03.X,2,1,,S04_Aggregation_2026-09-25.R
S04.K.CR.POST.PVS-04.X,2,1,,S04_Aggregation_2026-09-25.R
S04.K.CR.POST.PVS-05.X,2,1,,S04_Aggregation_2026-09-25.R
S04.K.CR.POST.PVS-06.X,1,1,,S04_Aggregation_2026-09-25.R
S04.K.CR.POST.PVS-07.X,0,1,,S04_Aggregation_2026-09-25.R
S04.K.CR.POST.PVS-08.X,2,1,,S04_Aggregation_2026-09-25.R
S04.K.CR.POST.PVS-10.X,1,1,,S04_Aggregation_2026-09-25.R
S04.K.CR.POST.PVS-16.X,0,1,,S04_Aggregation_2026-09-25.R
S04.K.CR.POST.PVS-17.X,2,1,,S04_Aggregation_2026-09-25.R
S04.K.CR.POST.PVS-18.X,1,1,,S04_Aggregation_2026-09-25.R
S04.K.CR.POST.PVS-11.X,1,1,,S04_Aggregation_2026-09-25.R
S04.BEST.Z05.PRE.PBW-01.X,1.0500000000000000,s,,S04_Aggregation_2026-09-25.R
S04.BEST.Z05.PRE.PBW-02.X,1.0800000000000001,s,,S04_Aggregation_2026-09-25.R
S04.BEST.Z05.PRE.PBW-04.X,1.1599999999999999,s,,S04_Aggregation_2026-09-25.R
S04.BEST.Z05.PRE.PBW-05.X,1.0400000000000000,s,,S04_Aggregation_2026-09-25.R
S04.BEST.Z05.PRE.PBW-06.X,1.0200000000000000,s,,S04_Aggregation_2026-09-25.R
S04.BEST.Z05.PRE.PBW-07.X,1.0500000000000000,s,,S04_Aggregation_2026-09-25.R
S04.BEST.Z05.PRE.PBW-08.X,1.0900000000000001,s,,S04_Aggregation_2026-09-25.R
S04.BEST.Z05.PRE.PBW-09.X,1.1200000000000001,s,,S04_Aggregation_2026-09-25.R
S04.BEST.Z05.PRE.PBW-10.X,1.1200000000000001,s,,S04_Aggregation_2026-09-25.R
S04.BEST.Z05.PRE.PBW-11.X,1.1799999999999999,s,,S04_Aggregation_2026-09-25.R
S04.BEST.Z05.PRE.PBW-21.X,1.1299999999999999,s,,S04_Aggregation_2026-09-25.R
S04.BEST.Z05.PRE.PHL-01.X,1.0200000000000000,s,,S04_Aggregation_2026-09-25.R
S04.BEST.Z05.PRE.PHL-02.X,0.87000000000000000,s,,S04_Aggregation_2026-09-25.R
S04.BEST.Z05.PRE.PHL-03.X,1.0000000000000000,s,,S04_Aggregation_2026-09-25.R
S04.BEST.Z05.PRE.PHL-05.X,0.96999999999999997,s,,S04_Aggregation_2026-09-25.R
S04.BEST.Z05.PRE.PHL-06.X,1.0600000000000001,s,,S04_Aggregation_2026-09-25.R
S04.BEST.Z05.PRE.PHL-07.X,1.0300000000000000,s,,S04_Aggregation_2026-09-25.R
S04.BEST.Z05.PRE.PHL-08.X,0.93000000000000005,s,,S04_Aggregation_2026-09-25.R
S04.BEST.Z05.PRE.PVS-01.X,1.0900000000000001,s,,S04_Aggregation_2026-09-25.R
S04.BEST.Z05.PRE.PVS-02.X,1.1200000000000001,s,,S04_Aggregation_2026-09-25.R
S04.BEST.Z05.PRE.PVS-03.X,1.1000000000000001,s,,S04_Aggregation_2026-09-25.R
S04.BEST.Z05.PRE.PVS-04.X,1.1699999999999999,s,,S04_Aggregation_2026-09-25.R
S04.BEST.Z05.PRE.PVS-05.X,1.1399999999999999,s,,S04_Aggregation_2026-09-25.R
S04.BEST.Z05.PRE.PVS-06.X,,s,zu wenige Werte,S04_Aggregation_2026-09-25.R
S04.BEST.Z05.PRE.PVS-07.X,1.1899999999999999,s,,S04_Aggregation_2026-09-25.R
S04.BEST.Z05.PRE.PVS-08.X,,s,zu wenige Werte,S04_Aggregation_2026-09-25.R
S04.BEST.Z05.PRE.PVS-10.X,1.1000000000000001,s,,S04_Aggregation_2026-09-25.R
S04.BEST.Z05.PRE.PVS-16.X,,s,zu wenige Werte,S04_Aggregation_2026-09-25.R
S04.BEST.Z05.PRE.PVS-17.X,,s,zu wenige Werte,S04_Aggregation_2026-09-25.R
S04.BEST.Z05.PRE.PVS-18.X,,s,zu wenige Werte,S04_Aggregation_2026-09-25.R
S04.BEST.Z05.PRE.PVS-11.X,1.1799999999999999,s,,S04_Aggregation_2026-09-25.R
S04.BEST.Z05.POST.PBW-01.X,1.0800000000000001,s,,S04_Aggregation_2026-09-25.R
S04.BEST.Z05.POST.PBW-02.X,1.0800000000000001,s,,S04_Aggregation_2026-09-25.R
S04.BEST.Z05.POST.PBW-04.X,1.1299999999999999,s,,S04_Aggregation_2026-09-25.R
S04.BEST.Z05.POST.PBW-05.X,1.1000000000000001,s,,S04_Aggregation_2026-09-25.R
S04.BEST.Z05.POST.PBW-06.X,1.0300000000000000,s,,S04_Aggregation_2026-09-25.R
S04.BEST.Z05.POST.PBW-07.X,,s,zu wenige Werte,S04_Aggregation_2026-09-25.R
S04.BEST.Z05.POST.PBW-08.X,1.0300000000000000,s,,S04_Aggregation_2026-09-25.R
S04.BEST.Z05.POST.PBW-09.X,1.0700000000000001,s,,S04_Aggregation_2026-09-25.R
S04.BEST.Z05.POST.PBW-10.X,1.0900000000000001,s,,S04_Aggregation_2026-09-25.R
S04.BEST.Z05.POST.PBW-11.X,1.1799999999999999,s,,S04_Aggregation_2026-09-25.R
S04.BEST.Z05.POST.PBW-21.X,,s,zu wenige Werte,S04_Aggregation_2026-09-25.R
S04.BEST.Z05.POST.PHL-01.X,1.1000000000000001,s,,S04_Aggregation_2026-09-25.R
S04.BEST.Z05.POST.PHL-02.X,1.0100000000000000,s,,S04_Aggregation_2026-09-25.R
S04.BEST.Z05.POST.PHL-03.X,1.0800000000000001,s,,S04_Aggregation_2026-09-25.R
S04.BEST.Z05.POST.PHL-05.X,1.0700000000000001,s,,S04_Aggregation_2026-09-25.R
S04.BEST.Z05.POST.PHL-06.X,1.0300000000000000,s,,S04_Aggregation_2026-09-25.R
S04.BEST.Z05.POST.PHL-07.X,1.0800000000000001,s,,S04_Aggregation_2026-09-25.R
S04.BEST.Z05.POST.PHL-08.X,1.0700000000000001,s,,S04_Aggregation_2026-09-25.R
S04.BEST.Z05.POST.PVS-01.X,1.2100000000000000,s,,S04_Aggregation_2026-09-25.R
S04.BEST.Z05.POST.PVS-02.X,1.2400000000000000,s,,S04_Aggregation_2026-09-25.R
S04.BEST.Z05.POST.PVS-03.X,1.1499999999999999,s,,S04_Aggregation_2026-09-25.R
S04.BEST.Z05.POST.PVS-04.X,1.1299999999999999,s,,S04_Aggregation_2026-09-25.R
S04.BEST.Z05.POST.PVS-05.X,1.1699999999999999,s,,S04_Aggregation_2026-09-25.R
S04.BEST.Z05.POST.PVS-06.X,1.1200000000000001,s,,S04_Aggregation_2026-09-25.R
S04.BEST.Z05.POST.PVS-07.X,,s,zu wenige Werte,S04_Aggregation_2026-09-25.R
S04.BEST.Z05.POST.PVS-08.X,1.2200000000000000,s,,S04_Aggregation_2026-09-25.R
S04.BEST.Z05.POST.PVS-10.X,1.1499999999999999,s,,S04_Aggregation_2026-09-25.R
S04.BEST.Z05.POST.PVS-16.X,,s,zu wenige Werte,S04_Aggregation_2026-09-25.R
S04.BEST.Z05.POST.PVS-17.X,1.1299999999999999,s,,S04_Aggregation_2026-09-25.R
S04.BEST.Z05.POST.PVS-18.X,1.2400000000000000,s,,S04_Aggregation_2026-09-25.R
S04.BEST.Z05.POST.PVS-11.X,1.1699999999999999,s,,S04_Aggregation_2026-09-25.R
S04.BEST.Z10.PRE.PBW-01.X,1.8400000000000001,s,,S04_Aggregation_2026-09-25.R
S04.BEST.Z10.PRE.PBW-02.X,1.9199999999999999,s,,S04_Aggregation_2026-09-25.R
S04.BEST.Z10.PRE.PBW-04.X,1.9500000000000000,s,,S04_Aggregation_2026-09-25.R
S04.BEST.Z10.PRE.PBW-05.X,1.8600000000000001,s,,S04_Aggregation_2026-09-25.R
S04.BEST.Z10.PRE.PBW-06.X,1.8400000000000001,s,,S04_Aggregation_2026-09-25.R
S04.BEST.Z10.PRE.PBW-07.X,1.7900000000000000,s,,S04_Aggregation_2026-09-25.R
S04.BEST.Z10.PRE.PBW-08.X,1.8700000000000001,s,,S04_Aggregation_2026-09-25.R
S04.BEST.Z10.PRE.PBW-09.X,1.9299999999999999,s,,S04_Aggregation_2026-09-25.R
S04.BEST.Z10.PRE.PBW-10.X,1.8500000000000001,s,,S04_Aggregation_2026-09-25.R
S04.BEST.Z10.PRE.PBW-11.X,2.0600000000000001,s,,S04_Aggregation_2026-09-25.R
S04.BEST.Z10.PRE.PBW-21.X,1.9700000000000000,s,,S04_Aggregation_2026-09-25.R
S04.BEST.Z10.PRE.PHL-01.X,1.8700000000000001,s,,S04_Aggregation_2026-09-25.R
S04.BEST.Z10.PRE.PHL-02.X,1.6499999999999999,s,,S04_Aggregation_2026-09-25.R
S04.BEST.Z10.PRE.PHL-03.X,1.7100000000000000,s,,S04_Aggregation_2026-09-25.R
S04.BEST.Z10.PRE.PHL-05.X,1.7300000000000000,s,,S04_Aggregation_2026-09-25.R
S04.BEST.Z10.PRE.PHL-06.X,1.8100000000000001,s,,S04_Aggregation_2026-09-25.R
S04.BEST.Z10.PRE.PHL-07.X,1.8200000000000001,s,,S04_Aggregation_2026-09-25.R
S04.BEST.Z10.PRE.PHL-08.X,1.8000000000000000,s,,S04_Aggregation_2026-09-25.R
S04.BEST.Z10.PRE.PVS-01.X,1.9299999999999999,s,,S04_Aggregation_2026-09-25.R
S04.BEST.Z10.PRE.PVS-02.X,1.9600000000000000,s,,S04_Aggregation_2026-09-25.R
S04.BEST.Z10.PRE.PVS-03.X,1.9199999999999999,s,,S04_Aggregation_2026-09-25.R
S04.BEST.Z10.PRE.PVS-04.X,2.0000000000000000,s,,S04_Aggregation_2026-09-25.R
S04.BEST.Z10.PRE.PVS-05.X,1.9800000000000000,s,,S04_Aggregation_2026-09-25.R
S04.BEST.Z10.PRE.PVS-06.X,1.7800000000000000,s,,S04_Aggregation_2026-09-25.R
S04.BEST.Z10.PRE.PVS-07.X,2.0600000000000001,s,,S04_Aggregation_2026-09-25.R
S04.BEST.Z10.PRE.PVS-08.X,2.0899999999999999,s,,S04_Aggregation_2026-09-25.R
S04.BEST.Z10.PRE.PVS-10.X,1.8700000000000001,s,,S04_Aggregation_2026-09-25.R
S04.BEST.Z10.PRE.PVS-16.X,1.9800000000000000,s,,S04_Aggregation_2026-09-25.R
S04.BEST.Z10.PRE.PVS-17.X,2.0200000000000000,s,,S04_Aggregation_2026-09-25.R
S04.BEST.Z10.PRE.PVS-18.X,2.0000000000000000,s,,S04_Aggregation_2026-09-25.R
S04.BEST.Z10.PRE.PVS-11.X,1.9700000000000000,s,,S04_Aggregation_2026-09-25.R
S04.BEST.Z10.POST.PBW-01.X,,s,zu wenige Werte,S04_Aggregation_2026-09-25.R
S04.BEST.Z10.POST.PBW-02.X,,s,zu wenige Werte,S04_Aggregation_2026-09-25.R
S04.BEST.Z10.POST.PBW-04.X,,s,zu wenige Werte,S04_Aggregation_2026-09-25.R
S04.BEST.Z10.POST.PBW-05.X,,s,zu wenige Werte,S04_Aggregation_2026-09-25.R
S04.BEST.Z10.POST.PBW-06.X,,s,zu wenige Werte,S04_Aggregation_2026-09-25.R
S04.BEST.Z10.POST.PBW-07.X,,s,zu wenige Werte,S04_Aggregation_2026-09-25.R
S04.BEST.Z10.POST.PBW-08.X,,s,zu wenige Werte,S04_Aggregation_2026-09-25.R
S04.BEST.Z10.POST.PBW-09.X,,s,zu wenige Werte,S04_Aggregation_2026-09-25.R
S04.BEST.Z10.POST.PBW-10.X,,s,zu wenige Werte,S04_Aggregation_2026-09-25.R
S04.BEST.Z10.POST.PBW-11.X,,s,zu wenige Werte,S04_Aggregation_2026-09-25.R
S04.BEST.Z10.POST.PBW-21.X,,s,zu wenige Werte,S04_Aggregation_2026-09-25.R
S04.BEST.Z10.POST.PHL-01.X,1.9800000000000000,s,,S04_Aggregation_2026-09-25.R
S04.BEST.Z10.POST.PHL-02.X,1.7600000000000000,s,,S04_Aggregation_2026-09-25.R
S04.BEST.Z10.POST.PHL-03.X,1.8300000000000001,s,,S04_Aggregation_2026-09-25.R
S04.BEST.Z10.POST.PHL-05.X,1.8300000000000001,s,,S04_Aggregation_2026-09-25.R
S04.BEST.Z10.POST.PHL-06.X,1.8799999999999999,s,,S04_Aggregation_2026-09-25.R
S04.BEST.Z10.POST.PHL-07.X,1.9099999999999999,s,,S04_Aggregation_2026-09-25.R
S04.BEST.Z10.POST.PHL-08.X,1.8799999999999999,s,,S04_Aggregation_2026-09-25.R
S04.BEST.Z10.POST.PVS-01.X,2.0499999999999998,s,,S04_Aggregation_2026-09-25.R
S04.BEST.Z10.POST.PVS-02.X,2.0600000000000001,s,,S04_Aggregation_2026-09-25.R
S04.BEST.Z10.POST.PVS-03.X,2.0600000000000001,s,,S04_Aggregation_2026-09-25.R
S04.BEST.Z10.POST.PVS-04.X,1.9299999999999999,s,,S04_Aggregation_2026-09-25.R
S04.BEST.Z10.POST.PVS-05.X,1.9800000000000000,s,,S04_Aggregation_2026-09-25.R
S04.BEST.Z10.POST.PVS-06.X,1.8400000000000001,s,,S04_Aggregation_2026-09-25.R
S04.BEST.Z10.POST.PVS-07.X,,s,zu wenige Werte,S04_Aggregation_2026-09-25.R
S04.BEST.Z10.POST.PVS-08.X,2.0699999999999998,s,,S04_Aggregation_2026-09-25.R
S04.BEST.Z10.POST.PVS-10.X,1.9399999999999999,s,,S04_Aggregation_2026-09-25.R
S04.BEST.Z10.POST.PVS-16.X,,s,zu wenige Werte,S04_Aggregation_2026-09-25.R
S04.BEST.Z10.POST.PVS-17.X,1.9099999999999999,s,,S04_Aggregation_2026-09-25.R
S04.BEST.Z10.POST.PVS-18.X,2.0800000000000001,s,,S04_Aggregation_2026-09-25.R
S04.BEST.Z10.POST.PVS-11.X,1.9199999999999999,s,,S04_Aggregation_2026-09-25.R
S04.BEST.Z30.PRE.PBW-01.X,4.5300000000000002,s,,S04_Aggregation_2026-09-25.R
S04.BEST.Z30.PRE.PBW-02.X,4.6900000000000004,s,,S04_Aggregation_2026-09-25.R
S04.BEST.Z30.PRE.PBW-04.X,4.6299999999999999,s,,S04_Aggregation_2026-09-25.R
S04.BEST.Z30.PRE.PBW-05.X,4.4199999999999999,s,,S04_Aggregation_2026-09-25.R
S04.BEST.Z30.PRE.PBW-06.X,4.5000000000000000,s,,S04_Aggregation_2026-09-25.R
S04.BEST.Z30.PRE.PBW-07.X,4.2900000000000000,s,,S04_Aggregation_2026-09-25.R
S04.BEST.Z30.PRE.PBW-08.X,4.4500000000000002,s,,S04_Aggregation_2026-09-25.R
S04.BEST.Z30.PRE.PBW-09.X,4.8200000000000003,s,,S04_Aggregation_2026-09-25.R
S04.BEST.Z30.PRE.PBW-10.X,4.5499999999999998,s,,S04_Aggregation_2026-09-25.R
S04.BEST.Z30.PRE.PBW-11.X,4.8899999999999997,s,,S04_Aggregation_2026-09-25.R
S04.BEST.Z30.PRE.PBW-21.X,5.0000000000000000,s,,S04_Aggregation_2026-09-25.R
S04.BEST.Z30.PRE.PHL-01.X,4.6600000000000001,s,,S04_Aggregation_2026-09-25.R
S04.BEST.Z30.PRE.PHL-02.X,4.0899999999999999,s,,S04_Aggregation_2026-09-25.R
S04.BEST.Z30.PRE.PHL-03.X,4.2199999999999998,s,,S04_Aggregation_2026-09-25.R
S04.BEST.Z30.PRE.PHL-05.X,4.2500000000000000,s,,S04_Aggregation_2026-09-25.R
S04.BEST.Z30.PRE.PHL-06.X,4.5099999999999998,s,,S04_Aggregation_2026-09-25.R
S04.BEST.Z30.PRE.PHL-07.X,4.4800000000000004,s,,S04_Aggregation_2026-09-25.R
S04.BEST.Z30.PRE.PHL-08.X,4.4800000000000004,s,,S04_Aggregation_2026-09-25.R
S04.BEST.Z30.PRE.PVS-01.X,4.9100000000000001,s,,S04_Aggregation_2026-09-25.R
S04.BEST.Z30.PRE.PVS-02.X,4.8899999999999997,s,,S04_Aggregation_2026-09-25.R
S04.BEST.Z30.PRE.PVS-03.X,4.9400000000000004,s,,S04_Aggregation_2026-09-25.R
S04.BEST.Z30.PRE.PVS-04.X,5.0199999999999996,s,,S04_Aggregation_2026-09-25.R
S04.BEST.Z30.PRE.PVS-05.X,4.9500000000000002,s,,S04_Aggregation_2026-09-25.R
S04.BEST.Z30.PRE.PVS-06.X,4.4500000000000002,s,,S04_Aggregation_2026-09-25.R
S04.BEST.Z30.PRE.PVS-07.X,5.1900000000000004,s,,S04_Aggregation_2026-09-25.R
S04.BEST.Z30.PRE.PVS-08.X,5.4400000000000004,s,,S04_Aggregation_2026-09-25.R
S04.BEST.Z30.PRE.PVS-10.X,4.6399999999999997,s,,S04_Aggregation_2026-09-25.R
S04.BEST.Z30.PRE.PVS-16.X,4.9199999999999999,s,,S04_Aggregation_2026-09-25.R
S04.BEST.Z30.PRE.PVS-17.X,4.6600000000000001,s,,S04_Aggregation_2026-09-25.R
S04.BEST.Z30.PRE.PVS-18.X,5.0700000000000003,s,,S04_Aggregation_2026-09-25.R
S04.BEST.Z30.PRE.PVS-11.X,5.0400000000000000,s,,S04_Aggregation_2026-09-25.R
S04.BEST.Z30.POST.PBW-01.X,4.5400000000000000,s,,S04_Aggregation_2026-09-25.R
S04.BEST.Z30.POST.PBW-02.X,4.7000000000000002,s,,S04_Aggregation_2026-09-25.R
S04.BEST.Z30.POST.PBW-04.X,4.6799999999999997,s,,S04_Aggregation_2026-09-25.R
S04.BEST.Z30.POST.PBW-05.X,4.5400000000000000,s,,S04_Aggregation_2026-09-25.R
S04.BEST.Z30.POST.PBW-06.X,4.5099999999999998,s,,S04_Aggregation_2026-09-25.R
S04.BEST.Z30.POST.PBW-07.X,,s,zu wenige Werte,S04_Aggregation_2026-09-25.R
S04.BEST.Z30.POST.PBW-08.X,4.4400000000000004,s,,S04_Aggregation_2026-09-25.R
S04.BEST.Z30.POST.PBW-09.X,4.7800000000000002,s,,S04_Aggregation_2026-09-25.R
S04.BEST.Z30.POST.PBW-10.X,4.5099999999999998,s,,S04_Aggregation_2026-09-25.R
S04.BEST.Z30.POST.PBW-11.X,4.8899999999999997,s,,S04_Aggregation_2026-09-25.R
S04.BEST.Z30.POST.PBW-21.X,,s,zu wenige Werte,S04_Aggregation_2026-09-25.R
S04.BEST.Z30.POST.PHL-01.X,4.7199999999999998,s,,S04_Aggregation_2026-09-25.R
S04.BEST.Z30.POST.PHL-02.X,4.2400000000000002,s,,S04_Aggregation_2026-09-25.R
S04.BEST.Z30.POST.PHL-03.X,4.3499999999999996,s,,S04_Aggregation_2026-09-25.R
S04.BEST.Z30.POST.PHL-05.X,4.2999999999999998,s,,S04_Aggregation_2026-09-25.R
S04.BEST.Z30.POST.PHL-06.X,4.4900000000000002,s,,S04_Aggregation_2026-09-25.R
S04.BEST.Z30.POST.PHL-07.X,4.7900000000000000,s,,S04_Aggregation_2026-09-25.R
S04.BEST.Z30.POST.PHL-08.X,4.5800000000000001,s,,S04_Aggregation_2026-09-25.R
S04.BEST.Z30.POST.PVS-01.X,4.7900000000000000,s,,S04_Aggregation_2026-09-25.R
S04.BEST.Z30.POST.PVS-02.X,4.9100000000000001,s,,S04_Aggregation_2026-09-25.R
S04.BEST.Z30.POST.PVS-03.X,5.2300000000000004,s,,S04_Aggregation_2026-09-25.R
S04.BEST.Z30.POST.PVS-04.X,4.9900000000000002,s,,S04_Aggregation_2026-09-25.R
S04.BEST.Z30.POST.PVS-05.X,5.0300000000000002,s,,S04_Aggregation_2026-09-25.R
S04.BEST.Z30.POST.PVS-06.X,4.5000000000000000,s,,S04_Aggregation_2026-09-25.R
S04.BEST.Z30.POST.PVS-07.X,,s,zu wenige Werte,S04_Aggregation_2026-09-25.R
S04.BEST.Z30.POST.PVS-08.X,5.2199999999999998,s,,S04_Aggregation_2026-09-25.R
S04.BEST.Z30.POST.PVS-10.X,4.8600000000000003,s,,S04_Aggregation_2026-09-25.R
S04.BEST.Z30.POST.PVS-16.X,,s,zu wenige Werte,S04_Aggregation_2026-09-25.R
S04.BEST.Z30.POST.PVS-17.X,4.7599999999999998,s,,S04_Aggregation_2026-09-25.R
S04.BEST.Z30.POST.PVS-18.X,5.1799999999999997,s,,S04_Aggregation_2026-09-25.R
S04.BEST.Z30.POST.PVS-11.X,4.6399999999999997,s,,S04_Aggregation_2026-09-25.R
S04.BEST.SBJ.PRE.PBW-01.X,222.00000000000000,cm,,S04_Aggregation_2026-09-25.R
S04.BEST.SBJ.PRE.PBW-02.X,228.00000000000000,cm,,S04_Aggregation_2026-09-25.R
S04.BEST.SBJ.PRE.PBW-04.X,251.00000000000000,cm,,S04_Aggregation_2026-09-25.R
S04.BEST.SBJ.PRE.PBW-05.X,238.00000000000000,cm,,S04_Aggregation_2026-09-25.R
S04.BEST.SBJ.PRE.PBW-06.X,243.00000000000000,cm,,S04_Aggregation_2026-09-25.R
S04.BEST.SBJ.PRE.PBW-07.X,247.00000000000000,cm,,S04_Aggregation_2026-09-25.R
S04.BEST.SBJ.PRE.PBW-08.X,246.00000000000000,cm,,S04_Aggregation_2026-09-25.R
S04.BEST.SBJ.PRE.PBW-09.X,237.00000000000000,cm,,S04_Aggregation_2026-09-25.R
S04.BEST.SBJ.PRE.PBW-10.X,207.00000000000000,cm,,S04_Aggregation_2026-09-25.R
S04.BEST.SBJ.PRE.PBW-11.X,222.00000000000000,cm,,S04_Aggregation_2026-09-25.R
S04.BEST.SBJ.PRE.PBW-21.X,223.00000000000000,cm,,S04_Aggregation_2026-09-25.R
S04.BEST.SBJ.PRE.PHL-01.X,236.00000000000000,cm,,S04_Aggregation_2026-09-25.R
S04.BEST.SBJ.PRE.PHL-02.X,251.00000000000000,cm,,S04_Aggregation_2026-09-25.R
S04.BEST.SBJ.PRE.PHL-03.X,248.00000000000000,cm,,S04_Aggregation_2026-09-25.R
S04.BEST.SBJ.PRE.PHL-05.X,232.00000000000000,cm,,S04_Aggregation_2026-09-25.R
S04.BEST.SBJ.PRE.PHL-06.X,243.00000000000000,cm,,S04_Aggregation_2026-09-25.R
S04.BEST.SBJ.PRE.PHL-07.X,255.00000000000000,cm,,S04_Aggregation_2026-09-25.R
S04.BEST.SBJ.PRE.PHL-08.X,245.00000000000000,cm,,S04_Aggregation_2026-09-25.R
S04.BEST.SBJ.PRE.PVS-01.X,228.00000000000000,cm,,S04_Aggregation_2026-09-25.R
S04.BEST.SBJ.PRE.PVS-02.X,208.00000000000000,cm,,S04_Aggregation_2026-09-25.R
S04.BEST.SBJ.PRE.PVS-03.X,235.00000000000000,cm,,S04_Aggregation_2026-09-25.R
S04.BEST.SBJ.PRE.PVS-04.X,210.00000000000000,cm,,S04_Aggregation_2026-09-25.R
S04.BEST.SBJ.PRE.PVS-05.X,228.00000000000000,cm,,S04_Aggregation_2026-09-25.R
S04.BEST.SBJ.PRE.PVS-06.X,259.00000000000000,cm,,S04_Aggregation_2026-09-25.R
S04.BEST.SBJ.PRE.PVS-07.X,219.00000000000000,cm,,S04_Aggregation_2026-09-25.R
S04.BEST.SBJ.PRE.PVS-08.X,202.00000000000000,cm,,S04_Aggregation_2026-09-25.R
S04.BEST.SBJ.PRE.PVS-10.X,232.00000000000000,cm,,S04_Aggregation_2026-09-25.R
S04.BEST.SBJ.PRE.PVS-16.X,226.00000000000000,cm,,S04_Aggregation_2026-09-25.R
S04.BEST.SBJ.PRE.PVS-17.X,258.00000000000000,cm,,S04_Aggregation_2026-09-25.R
S04.BEST.SBJ.PRE.PVS-18.X,209.00000000000000,cm,,S04_Aggregation_2026-09-25.R
S04.BEST.SBJ.PRE.PVS-11.X,204.00000000000000,cm,,S04_Aggregation_2026-09-25.R
S04.BEST.SBJ.POST.PBW-01.X,218.00000000000000,cm,,S04_Aggregation_2026-09-25.R
S04.BEST.SBJ.POST.PBW-02.X,235.00000000000000,cm,,S04_Aggregation_2026-09-25.R
S04.BEST.SBJ.POST.PBW-04.X,250.00000000000000,cm,,S04_Aggregation_2026-09-25.R
S04.BEST.SBJ.POST.PBW-05.X,237.00000000000000,cm,,S04_Aggregation_2026-09-25.R
S04.BEST.SBJ.POST.PBW-06.X,244.00000000000000,cm,,S04_Aggregation_2026-09-25.R
S04.BEST.SBJ.POST.PBW-07.X,,cm,zu wenige Werte,S04_Aggregation_2026-09-25.R
S04.BEST.SBJ.POST.PBW-08.X,239.00000000000000,cm,,S04_Aggregation_2026-09-25.R
S04.BEST.SBJ.POST.PBW-09.X,236.00000000000000,cm,,S04_Aggregation_2026-09-25.R
S04.BEST.SBJ.POST.PBW-10.X,202.00000000000000,cm,,S04_Aggregation_2026-09-25.R
S04.BEST.SBJ.POST.PBW-11.X,210.00000000000000,cm,,S04_Aggregation_2026-09-25.R
S04.BEST.SBJ.POST.PBW-21.X,,cm,zu wenige Werte,S04_Aggregation_2026-09-25.R
S04.BEST.SBJ.POST.PHL-01.X,237.00000000000000,cm,,S04_Aggregation_2026-09-25.R
S04.BEST.SBJ.POST.PHL-02.X,238.00000000000000,cm,,S04_Aggregation_2026-09-25.R
S04.BEST.SBJ.POST.PHL-03.X,240.00000000000000,cm,,S04_Aggregation_2026-09-25.R
S04.BEST.SBJ.POST.PHL-05.X,216.00000000000000,cm,,S04_Aggregation_2026-09-25.R
S04.BEST.SBJ.POST.PHL-06.X,243.00000000000000,cm,,S04_Aggregation_2026-09-25.R
S04.BEST.SBJ.POST.PHL-07.X,243.00000000000000,cm,,S04_Aggregation_2026-09-25.R
S04.BEST.SBJ.POST.PHL-08.X,245.00000000000000,cm,,S04_Aggregation_2026-09-25.R
S04.BEST.SBJ.POST.PVS-01.X,224.00000000000000,cm,,S04_Aggregation_2026-09-25.R
S04.BEST.SBJ.POST.PVS-02.X,197.00000000000000,cm,,S04_Aggregation_2026-09-25.R
S04.BEST.SBJ.POST.PVS-03.X,226.00000000000000,cm,,S04_Aggregation_2026-09-25.R
S04.BEST.SBJ.POST.PVS-04.X,212.00000000000000,cm,,S04_Aggregation_2026-09-25.R
S04.BEST.SBJ.POST.PVS-05.X,225.00000000000000,cm,,S04_Aggregation_2026-09-25.R
S04.BEST.SBJ.POST.PVS-06.X,262.00000000000000,cm,,S04_Aggregation_2026-09-25.R
S04.BEST.SBJ.POST.PVS-07.X,,cm,zu wenige Werte,S04_Aggregation_2026-09-25.R
S04.BEST.SBJ.POST.PVS-08.X,213.00000000000000,cm,,S04_Aggregation_2026-09-25.R
S04.BEST.SBJ.POST.PVS-10.X,220.00000000000000,cm,,S04_Aggregation_2026-09-25.R
S04.BEST.SBJ.POST.PVS-16.X,,cm,zu wenige Werte,S04_Aggregation_2026-09-25.R
S04.BEST.SBJ.POST.PVS-17.X,235.00000000000000,cm,,S04_Aggregation_2026-09-25.R
S04.BEST.SBJ.POST.PVS-18.X,227.00000000000000,cm,,S04_Aggregation_2026-09-25.R
S04.BEST.SBJ.POST.PVS-11.X,218.00000000000000,cm,,S04_Aggregation_2026-09-25.R
S04.BEST.CL.PRE.PBW-01.X,2.4399999999999999,s,,S04_Aggregation_2026-09-25.R
S04.BEST.CL.PRE.PBW-02.X,2.4399999999999999,s,,S04_Aggregation_2026-09-25.R
S04.BEST.CL.PRE.PBW-04.X,2.3700000000000001,s,,S04_Aggregation_2026-09-25.R
S04.BEST.CL.PRE.PBW-05.X,2.4600000000000000,s,,S04_Aggregation_2026-09-25.R
S04.BEST.CL.PRE.PBW-06.X,2.5400000000000000,s,,S04_Aggregation_2026-09-25.R
S04.BEST.CL.PRE.PBW-07.X,2.4100000000000001,s,,S04_Aggregation_2026-09-25.R
S04.BEST.CL.PRE.PBW-08.X,2.4199999999999999,s,,S04_Aggregation_2026-09-25.R
S04.BEST.CL.PRE.PBW-09.X,2.4900000000000002,s,,S04_Aggregation_2026-09-25.R
S04.BEST.CL.PRE.PBW-10.X,2.4900000000000002,s,,S04_Aggregation_2026-09-25.R
S04.BEST.CL.PRE.PBW-11.X,2.6899999999999999,s,,S04_Aggregation_2026-09-25.R
S04.BEST.CL.PRE.PBW-21.X,2.7000000000000002,s,,S04_Aggregation_2026-09-25.R
S04.BEST.CL.PRE.PHL-01.X,2.4800000000000000,s,,S04_Aggregation_2026-09-25.R
S04.BEST.CL.PRE.PHL-02.X,2.2400000000000002,s,,S04_Aggregation_2026-09-25.R
S04.BEST.CL.PRE.PHL-03.X,2.3900000000000001,s,,S04_Aggregation_2026-09-25.R
S04.BEST.CL.PRE.PHL-05.X,2.4500000000000002,s,,S04_Aggregation_2026-09-25.R
S04.BEST.CL.PRE.PHL-06.X,2.4500000000000002,s,,S04_Aggregation_2026-09-25.R
S04.BEST.CL.PRE.PHL-07.X,,s,zu wenige Werte,S04_Aggregation_2026-09-25.R
S04.BEST.CL.PRE.PHL-08.X,2.4700000000000002,s,,S04_Aggregation_2026-09-25.R
S04.BEST.CL.PRE.PVS-01.X,2.5000000000000000,s,,S04_Aggregation_2026-09-25.R
S04.BEST.CL.PRE.PVS-02.X,2.5400000000000000,s,,S04_Aggregation_2026-09-25.R
S04.BEST.CL.PRE.PVS-03.X,2.4700000000000002,s,,S04_Aggregation_2026-09-25.R
S04.BEST.CL.PRE.PVS-04.X,2.6400000000000001,s,,S04_Aggregation_2026-09-25.R
S04.BEST.CL.PRE.PVS-05.X,2.5800000000000001,s,,S04_Aggregation_2026-09-25.R
S04.BEST.CL.PRE.PVS-06.X,2.3500000000000001,s,,S04_Aggregation_2026-09-25.R
S04.BEST.CL.PRE.PVS-07.X,2.4900000000000002,s,,S04_Aggregation_2026-09-25.R
S04.BEST.CL.PRE.PVS-08.X,2.6499999999999999,s,,S04_Aggregation_2026-09-25.R
S04.BEST.CL.PRE.PVS-10.X,2.3999999999999999,s,,S04_Aggregation_2026-09-25.R
S04.BEST.CL.PRE.PVS-16.X,,s,zu wenige Werte,S04_Aggregation_2026-09-25.R
S04.BEST.CL.PRE.PVS-17.X,2.5400000000000000,s,,S04_Aggregation_2026-09-25.R
S04.BEST.CL.PRE.PVS-18.X,2.6099999999999999,s,,S04_Aggregation_2026-09-25.R
S04.BEST.CL.PRE.PVS-11.X,2.7500000000000000,s,,S04_Aggregation_2026-09-25.R
S04.BEST.CL.POST.PBW-01.X,2.4100000000000001,s,,S04_Aggregation_2026-09-25.R
S04.BEST.CL.POST.PBW-02.X,2.3999999999999999,s,,S04_Aggregation_2026-09-25.R
S04.BEST.CL.POST.PBW-04.X,2.3900000000000001,s,,S04_Aggregation_2026-09-25.R
S04.BEST.CL.POST.PBW-05.X,2.5000000000000000,s,,S04_Aggregation_2026-09-25.R
S04.BEST.CL.POST.PBW-06.X,2.5600000000000001,s,,S04_Aggregation_2026-09-25.R
S04.BEST.CL.POST.PBW-07.X,,s,zu wenige Werte,S04_Aggregation_2026-09-25.R
S04.BEST.CL.POST.PBW-08.X,2.4600000000000000,s,,S04_Aggregation_2026-09-25.R
S04.BEST.CL.POST.PBW-09.X,2.5499999999999998,s,,S04_Aggregation_2026-09-25.R
S04.BEST.CL.POST.PBW-10.X,2.3599999999999999,s,,S04_Aggregation_2026-09-25.R
S04.BEST.CL.POST.PBW-11.X,2.5099999999999998,s,,S04_Aggregation_2026-09-25.R
S04.BEST.CL.POST.PBW-21.X,,s,zu wenige Werte,S04_Aggregation_2026-09-25.R
S04.BEST.CL.POST.PHL-01.X,2.4900000000000002,s,,S04_Aggregation_2026-09-25.R
S04.BEST.CL.POST.PHL-02.X,2.3199999999999998,s,,S04_Aggregation_2026-09-25.R
S04.BEST.CL.POST.PHL-03.X,2.4900000000000002,s,,S04_Aggregation_2026-09-25.R
S04.BEST.CL.POST.PHL-05.X,2.4800000000000000,s,,S04_Aggregation_2026-09-25.R
S04.BEST.CL.POST.PHL-06.X,2.5600000000000001,s,,S04_Aggregation_2026-09-25.R
S04.BEST.CL.POST.PHL-07.X,2.4199999999999999,s,,S04_Aggregation_2026-09-25.R
S04.BEST.CL.POST.PHL-08.X,2.3399999999999999,s,,S04_Aggregation_2026-09-25.R
S04.BEST.CL.POST.PVS-01.X,2.3999999999999999,s,,S04_Aggregation_2026-09-25.R
S04.BEST.CL.POST.PVS-02.X,2.5299999999999998,s,,S04_Aggregation_2026-09-25.R
S04.BEST.CL.POST.PVS-03.X,2.5899999999999999,s,,S04_Aggregation_2026-09-25.R
S04.BEST.CL.POST.PVS-04.X,2.5200000000000000,s,,S04_Aggregation_2026-09-25.R
S04.BEST.CL.POST.PVS-05.X,2.5099999999999998,s,,S04_Aggregation_2026-09-25.R
S04.BEST.CL.POST.PVS-06.X,2.2400000000000002,s,,S04_Aggregation_2026-09-25.R
S04.BEST.CL.POST.PVS-07.X,,s,zu wenige Werte,S04_Aggregation_2026-09-25.R
S04.BEST.CL.POST.PVS-08.X,2.7500000000000000,s,,S04_Aggregation_2026-09-25.R
S04.BEST.CL.POST.PVS-10.X,2.4500000000000002,s,,S04_Aggregation_2026-09-25.R
S04.BEST.CL.POST.PVS-16.X,,s,zu wenige Werte,S04_Aggregation_2026-09-25.R
S04.BEST.CL.POST.PVS-17.X,2.5800000000000001,s,,S04_Aggregation_2026-09-25.R
S04.BEST.CL.POST.PVS-18.X,2.5200000000000000,s,,S04_Aggregation_2026-09-25.R
S04.BEST.CL.POST.PVS-11.X,2.5000000000000000,s,,S04_Aggregation_2026-09-25.R
S04.BEST.CR.PRE.PBW-01.X,2.6699999999999999,s,,S04_Aggregation_2026-09-25.R
S04.BEST.CR.PRE.PBW-02.X,2.5000000000000000,s,,S04_Aggregation_2026-09-25.R
S04.BEST.CR.PRE.PBW-04.X,2.4800000000000000,s,,S04_Aggregation_2026-09-25.R
S04.BEST.CR.PRE.PBW-05.X,2.4900000000000002,s,,S04_Aggregation_2026-09-25.R
S04.BEST.CR.PRE.PBW-06.X,2.6099999999999999,s,,S04_Aggregation_2026-09-25.R
S04.BEST.CR.PRE.PBW-07.X,2.5000000000000000,s,,S04_Aggregation_2026-09-25.R
S04.BEST.CR.PRE.PBW-08.X,2.4100000000000001,s,,S04_Aggregation_2026-09-25.R
S04.BEST.CR.PRE.PBW-09.X,2.5699999999999998,s,,S04_Aggregation_2026-09-25.R
S04.BEST.CR.PRE.PBW-10.X,2.5200000000000000,s,,S04_Aggregation_2026-09-25.R
S04.BEST.CR.PRE.PBW-11.X,,s,zu wenige Werte,S04_Aggregation_2026-09-25.R
S04.BEST.CR.PRE.PBW-21.X,2.5200000000000000,s,,S04_Aggregation_2026-09-25.R
S04.BEST.CR.PRE.PHL-01.X,2.4900000000000002,s,,S04_Aggregation_2026-09-25.R
S04.BEST.CR.PRE.PHL-02.X,2.1499999999999999,s,,S04_Aggregation_2026-09-25.R
S04.BEST.CR.PRE.PHL-03.X,2.4700000000000002,s,,S04_Aggregation_2026-09-25.R
S04.BEST.CR.PRE.PHL-05.X,2.4500000000000002,s,,S04_Aggregation_2026-09-25.R
S04.BEST.CR.PRE.PHL-06.X,2.3700000000000001,s,,S04_Aggregation_2026-09-25.R
S04.BEST.CR.PRE.PHL-07.X,2.4199999999999999,s,,S04_Aggregation_2026-09-25.R
S04.BEST.CR.PRE.PHL-08.X,2.4900000000000002,s,,S04_Aggregation_2026-09-25.R
S04.BEST.CR.PRE.PVS-01.X,2.4199999999999999,s,,S04_Aggregation_2026-09-25.R
S04.BEST.CR.PRE.PVS-02.X,2.4700000000000002,s,,S04_Aggregation_2026-09-25.R
S04.BEST.CR.PRE.PVS-03.X,2.7400000000000002,s,,S04_Aggregation_2026-09-25.R
S04.BEST.CR.PRE.PVS-04.X,2.5899999999999999,s,,S04_Aggregation_2026-09-25.R
S04.BEST.CR.PRE.PVS-05.X,2.5000000000000000,s,,S04_Aggregation_2026-09-25.R
S04.BEST.CR.PRE.PVS-06.X,2.2900000000000000,s,,S04_Aggregation_2026-09-25.R
S04.BEST.CR.PRE.PVS-07.X,2.5499999999999998,s,,S04_Aggregation_2026-09-25.R
S04.BEST.CR.PRE.PVS-08.X,2.5499999999999998,s,,S04_Aggregation_2026-09-25.R
S04.BEST.CR.PRE.PVS-10.X,2.4100000000000001,s,,S04_Aggregation_2026-09-25.R
S04.BEST.CR.PRE.PVS-16.X,2.3199999999999998,s,,S04_Aggregation_2026-09-25.R
S04.BEST.CR.PRE.PVS-17.X,2.4800000000000000,s,,S04_Aggregation_2026-09-25.R
S04.BEST.CR.PRE.PVS-18.X,,s,zu wenige Werte,S04_Aggregation_2026-09-25.R
S04.BEST.CR.PRE.PVS-11.X,2.6400000000000001,s,,S04_Aggregation_2026-09-25.R
S04.BEST.CR.POST.PBW-01.X,2.6800000000000002,s,,S04_Aggregation_2026-09-25.R
S04.BEST.CR.POST.PBW-02.X,2.4399999999999999,s,,S04_Aggregation_2026-09-25.R
S04.BEST.CR.POST.PBW-04.X,2.5200000000000000,s,,S04_Aggregation_2026-09-25.R
S04.BEST.CR.POST.PBW-05.X,,s,zu wenige Werte,S04_Aggregation_2026-09-25.R
S04.BEST.CR.POST.PBW-06.X,2.6200000000000001,s,,S04_Aggregation_2026-09-25.R
S04.BEST.CR.POST.PBW-07.X,,s,zu wenige Werte,S04_Aggregation_2026-09-25.R
S04.BEST.CR.POST.PBW-08.X,2.5000000000000000,s,,S04_Aggregation_2026-09-25.R
S04.BEST.CR.POST.PBW-09.X,2.5499999999999998,s,,S04_Aggregation_2026-09-25.R
S04.BEST.CR.POST.PBW-10.X,2.4900000000000002,s,,S04_Aggregation_2026-09-25.R
S04.BEST.CR.POST.PBW-11.X,2.5499999999999998,s,,S04_Aggregation_2026-09-25.R
S04.BEST.CR.POST.PBW-21.X,,s,zu wenige Werte,S04_Aggregation_2026-09-25.R
S04.BEST.CR.POST.PHL-01.X,2.6099999999999999,s,,S04_Aggregation_2026-09-25.R
S04.BEST.CR.POST.PHL-02.X,2.2900000000000000,s,,S04_Aggregation_2026-09-25.R
S04.BEST.CR.POST.PHL-03.X,2.5200000000000000,s,,S04_Aggregation_2026-09-25.R
S04.BEST.CR.POST.PHL-05.X,2.3599999999999999,s,,S04_Aggregation_2026-09-25.R
S04.BEST.CR.POST.PHL-06.X,2.4500000000000002,s,,S04_Aggregation_2026-09-25.R
S04.BEST.CR.POST.PHL-07.X,2.3100000000000001,s,,S04_Aggregation_2026-09-25.R
S04.BEST.CR.POST.PHL-08.X,2.4199999999999999,s,,S04_Aggregation_2026-09-25.R
S04.BEST.CR.POST.PVS-01.X,2.4900000000000002,s,,S04_Aggregation_2026-09-25.R
S04.BEST.CR.POST.PVS-02.X,2.5899999999999999,s,,S04_Aggregation_2026-09-25.R
S04.BEST.CR.POST.PVS-03.X,2.6600000000000001,s,,S04_Aggregation_2026-09-25.R
S04.BEST.CR.POST.PVS-04.X,2.5400000000000000,s,,S04_Aggregation_2026-09-25.R
S04.BEST.CR.POST.PVS-05.X,2.6400000000000001,s,,S04_Aggregation_2026-09-25.R
S04.BEST.CR.POST.PVS-06.X,2.3399999999999999,s,,S04_Aggregation_2026-09-25.R
S04.BEST.CR.POST.PVS-07.X,,s,zu wenige Werte,S04_Aggregation_2026-09-25.R
S04.BEST.CR.POST.PVS-08.X,2.6200000000000001,s,,S04_Aggregation_2026-09-25.R
S04.BEST.CR.POST.PVS-10.X,2.3700000000000001,s,,S04_Aggregation_2026-09-25.R
S04.BEST.CR.POST.PVS-16.X,,s,zu wenige Werte,S04_Aggregation_2026-09-25.R
S04.BEST.CR.POST.PVS-17.X,2.6499999999999999,s,,S04_Aggregation_2026-09-25.R
S04.BEST.CR.POST.PVS-18.X,2.5600000000000001,s,,S04_Aggregation_2026-09-25.R
S04.BEST.CR.POST.PVS-11.X,2.6699999999999999,s,,S04_Aggregation_2026-09-25.R
S04.BEST.CM.PRE.PBW-01.X,2.5549999999999997,s,,S04_Aggregation_2026-09-25.R
S04.BEST.CM.PRE.PBW-02.X,2.4699999999999998,s,,S04_Aggregation_2026-09-25.R
S04.BEST.CM.PRE.PBW-04.X,2.4249999999999998,s,,S04_Aggregation_2026-09-25.R
S04.BEST.CM.PRE.PBW-05.X,2.4750000000000001,s,,S04_Aggregation_2026-09-25.R
S04.BEST.CM.PRE.PBW-06.X,2.5750000000000002,s,,S04_Aggregation_2026-09-25.R
S04.BEST.CM.PRE.PBW-07.X,2.4550000000000001,s,,S04_Aggregation_2026-09-25.R
S04.BEST.CM.PRE.PBW-08.X,2.4150000000000000,s,,S04_Aggregation_2026-09-25.R
S04.BEST.CM.PRE.PBW-09.X,2.5300000000000002,s,,S04_Aggregation_2026-09-25.R
S04.BEST.CM.PRE.PBW-10.X,2.5049999999999999,s,,S04_Aggregation_2026-09-25.R
S04.BEST.CM.PRE.PBW-11.X,,s,Eingang fehlt,S04_Aggregation_2026-09-25.R
S04.BEST.CM.PRE.PBW-21.X,2.6100000000000003,s,,S04_Aggregation_2026-09-25.R
S04.BEST.CM.PRE.PHL-01.X,2.4850000000000003,s,,S04_Aggregation_2026-09-25.R
S04.BEST.CM.PRE.PHL-02.X,2.1950000000000003,s,,S04_Aggregation_2026-09-25.R
S04.BEST.CM.PRE.PHL-03.X,2.4300000000000002,s,,S04_Aggregation_2026-09-25.R
S04.BEST.CM.PRE.PHL-05.X,2.4500000000000002,s,,S04_Aggregation_2026-09-25.R
S04.BEST.CM.PRE.PHL-06.X,2.4100000000000001,s,,S04_Aggregation_2026-09-25.R
S04.BEST.CM.PRE.PHL-07.X,,s,Eingang fehlt,S04_Aggregation_2026-09-25.R
S04.BEST.CM.PRE.PHL-08.X,2.4800000000000004,s,,S04_Aggregation_2026-09-25.R
S04.BEST.CM.PRE.PVS-01.X,2.4600000000000000,s,,S04_Aggregation_2026-09-25.R
S04.BEST.CM.PRE.PVS-02.X,2.5049999999999999,s,,S04_Aggregation_2026-09-25.R
S04.BEST.CM.PRE.PVS-03.X,2.6050000000000004,s,,S04_Aggregation_2026-09-25.R
S04.BEST.CM.PRE.PVS-04.X,2.6150000000000002,s,,S04_Aggregation_2026-09-25.R
S04.BEST.CM.PRE.PVS-05.X,2.5400000000000000,s,,S04_Aggregation_2026-09-25.R
S04.BEST.CM.PRE.PVS-06.X,2.3200000000000003,s,,S04_Aggregation_2026-09-25.R
S04.BEST.CM.PRE.PVS-07.X,2.5200000000000000,s,,S04_Aggregation_2026-09-25.R
S04.BEST.CM.PRE.PVS-08.X,2.5999999999999996,s,,S04_Aggregation_2026-09-25.R
S04.BEST.CM.PRE.PVS-10.X,2.4050000000000002,s,,S04_Aggregation_2026-09-25.R
S04.BEST.CM.PRE.PVS-16.X,,s,Eingang fehlt,S04_Aggregation_2026-09-25.R
S04.BEST.CM.PRE.PVS-17.X,2.5099999999999998,s,,S04_Aggregation_2026-09-25.R
S04.BEST.CM.PRE.PVS-18.X,,s,Eingang fehlt,S04_Aggregation_2026-09-25.R
S04.BEST.CM.PRE.PVS-11.X,2.6950000000000003,s,,S04_Aggregation_2026-09-25.R
S04.BEST.CM.POST.PBW-01.X,2.5449999999999999,s,,S04_Aggregation_2026-09-25.R
S04.BEST.CM.POST.PBW-02.X,2.4199999999999999,s,,S04_Aggregation_2026-09-25.R
S04.BEST.CM.POST.PBW-04.X,2.4550000000000001,s,,S04_Aggregation_2026-09-25.R
S04.BEST.CM.POST.PBW-05.X,,s,Eingang fehlt,S04_Aggregation_2026-09-25.R
S04.BEST.CM.POST.PBW-06.X,2.5899999999999999,s,,S04_Aggregation_2026-09-25.R
S04.BEST.CM.POST.PBW-07.X,,s,Eingang fehlt,S04_Aggregation_2026-09-25.R
S04.BEST.CM.POST.PBW-08.X,2.4800000000000000,s,,S04_Aggregation_2026-09-25.R
S04.BEST.CM.POST.PBW-09.X,2.5499999999999998,s,,S04_Aggregation_2026-09-25.R
S04.BEST.CM.POST.PBW-10.X,2.4249999999999998,s,,S04_Aggregation_2026-09-25.R
S04.BEST.CM.POST.PBW-11.X,2.5299999999999998,s,,S04_Aggregation_2026-09-25.R
S04.BEST.CM.POST.PBW-21.X,,s,Eingang fehlt,S04_Aggregation_2026-09-25.R
S04.BEST.CM.POST.PHL-01.X,2.5499999999999998,s,,S04_Aggregation_2026-09-25.R
S04.BEST.CM.POST.PHL-02.X,2.3049999999999997,s,,S04_Aggregation_2026-09-25.R
S04.BEST.CM.POST.PHL-03.X,2.5049999999999999,s,,S04_Aggregation_2026-09-25.R
S04.BEST.CM.POST.PHL-05.X,2.4199999999999999,s,,S04_Aggregation_2026-09-25.R
S04.BEST.CM.POST.PHL-06.X,2.5049999999999999,s,,S04_Aggregation_2026-09-25.R
S04.BEST.CM.POST.PHL-07.X,2.3650000000000002,s,,S04_Aggregation_2026-09-25.R
S04.BEST.CM.POST.PHL-08.X,2.3799999999999999,s,,S04_Aggregation_2026-09-25.R
S04.BEST.CM.POST.PVS-01.X,2.4450000000000003,s,,S04_Aggregation_2026-09-25.R
S04.BEST.CM.POST.PVS-02.X,2.5599999999999996,s,,S04_Aggregation_2026-09-25.R
S04.BEST.CM.POST.PVS-03.X,2.6250000000000000,s,,S04_Aggregation_2026-09-25.R
S04.BEST.CM.POST.PVS-04.X,2.5300000000000002,s,,S04_Aggregation_2026-09-25.R
S04.BEST.CM.POST.PVS-05.X,2.5750000000000002,s,,S04_Aggregation_2026-09-25.R
S04.BEST.CM.POST.PVS-06.X,2.2900000000000000,s,,S04_Aggregation_2026-09-25.R
S04.BEST.CM.POST.PVS-07.X,,s,Eingang fehlt,S04_Aggregation_2026-09-25.R
S04.BEST.CM.POST.PVS-08.X,2.6850000000000001,s,,S04_Aggregation_2026-09-25.R
S04.BEST.CM.POST.PVS-10.X,2.4100000000000001,s,,S04_Aggregation_2026-09-25.R
S04.BEST.CM.POST.PVS-16.X,,s,Eingang fehlt,S04_Aggregation_2026-09-25.R
S04.BEST.CM.POST.PVS-17.X,2.6150000000000002,s,,S04_Aggregation_2026-09-25.R
S04.BEST.CM.POST.PVS-18.X,2.5400000000000000,s,,S04_Aggregation_2026-09-25.R
S04.BEST.CM.POST.PVS-11.X,2.5850000000000000,s,,S04_Aggregation_2026-09-25.R
S04.MEAN.Z05.PRE.PBW-01.X,1.0550000000000002,s,,S04_Aggregation_2026-09-25.R
S04.MEAN.Z05.PRE.PBW-02.X,1.1350000000000000,s,,S04_Aggregation_2026-09-25.R
S04.MEAN.Z05.PRE.PBW-04.X,1.1799999999999999,s,,S04_Aggregation_2026-09-25.R
S04.MEAN.Z05.PRE.PBW-05.X,1.0750000000000002,s,,S04_Aggregation_2026-09-25.R
S04.MEAN.Z05.PRE.PBW-06.X,1.0433333333333334,s,,S04_Aggregation_2026-09-25.R
S04.MEAN.Z05.PRE.PBW-07.X,1.0500000000000000,s,,S04_Aggregation_2026-09-25.R
S04.MEAN.Z05.PRE.PBW-08.X,1.1099999999999999,s,,S04_Aggregation_2026-09-25.R
S04.MEAN.Z05.PRE.PBW-09.X,1.1350000000000000,s,,S04_Aggregation_2026-09-25.R
S04.MEAN.Z05.PRE.PBW-10.X,1.1400000000000001,s,,S04_Aggregation_2026-09-25.R
S04.MEAN.Z05.PRE.PBW-11.X,1.1949999999999998,s,,S04_Aggregation_2026-09-25.R
S04.MEAN.Z05.PRE.PBW-21.X,1.1399999999999999,s,,S04_Aggregation_2026-09-25.R
S04.MEAN.Z05.PRE.PHL-01.X,1.0866666666666667,s,,S04_Aggregation_2026-09-25.R
S04.MEAN.Z05.PRE.PHL-02.X,0.93999999999999995,s,,S04_Aggregation_2026-09-25.R
S04.MEAN.Z05.PRE.PHL-03.X,1.0049999999999999,s,,S04_Aggregation_2026-09-25.R
S04.MEAN.Z05.PRE.PHL-05.X,0.98499999999999999,s,,S04_Aggregation_2026-09-25.R
S04.MEAN.Z05.PRE.PHL-06.X,1.0700000000000001,s,,S04_Aggregation_2026-09-25.R
S04.MEAN.Z05.PRE.PHL-07.X,1.0533333333333335,s,,S04_Aggregation_2026-09-25.R
S04.MEAN.Z05.PRE.PHL-08.X,1.0000000000000000,s,,S04_Aggregation_2026-09-25.R
S04.MEAN.Z05.PRE.PVS-01.X,1.0900000000000001,s,,S04_Aggregation_2026-09-25.R
S04.MEAN.Z05.PRE.PVS-02.X,1.1550000000000000,s,,S04_Aggregation_2026-09-25.R
S04.MEAN.Z05.PRE.PVS-03.X,1.1750000000000000,s,,S04_Aggregation_2026-09-25.R
S04.MEAN.Z05.PRE.PVS-04.X,1.1966666666666665,s,,S04_Aggregation_2026-09-25.R
S04.MEAN.Z05.PRE.PVS-05.X,1.1699999999999999,s,,S04_Aggregation_2026-09-25.R
S04.MEAN.Z05.PRE.PVS-06.X,,s,zu wenige Werte,S04_Aggregation_2026-09-25.R
S04.MEAN.Z05.PRE.PVS-07.X,1.1899999999999999,s,,S04_Aggregation_2026-09-25.R
S04.MEAN.Z05.PRE.PVS-08.X,,s,zu wenige Werte,S04_Aggregation_2026-09-25.R
S04.MEAN.Z05.PRE.PVS-10.X,1.1000000000000001,s,,S04_Aggregation_2026-09-25.R
S04.MEAN.Z05.PRE.PVS-16.X,,s,zu wenige Werte,S04_Aggregation_2026-09-25.R
S04.MEAN.Z05.PRE.PVS-17.X,,s,zu wenige Werte,S04_Aggregation_2026-09-25.R
S04.MEAN.Z05.PRE.PVS-18.X,,s,zu wenige Werte,S04_Aggregation_2026-09-25.R
S04.MEAN.Z05.PRE.PVS-11.X,1.1799999999999999,s,,S04_Aggregation_2026-09-25.R
S04.MEAN.Z05.POST.PBW-01.X,1.0966666666666667,s,,S04_Aggregation_2026-09-25.R
S04.MEAN.Z05.POST.PBW-02.X,1.0866666666666667,s,,S04_Aggregation_2026-09-25.R
S04.MEAN.Z05.POST.PBW-04.X,1.1433333333333333,s,,S04_Aggregation_2026-09-25.R
S04.MEAN.Z05.POST.PBW-05.X,1.1133333333333333,s,,S04_Aggregation_2026-09-25.R
S04.MEAN.Z05.POST.PBW-06.X,1.0400000000000000,s,,S04_Aggregation_2026-09-25.R
S04.MEAN.Z05.POST.PBW-07.X,,s,zu wenige Werte,S04_Aggregation_2026-09-25.R
S04.MEAN.Z05.POST.PBW-08.X,1.0600000000000001,s,,S04_Aggregation_2026-09-25.R
S04.MEAN.Z05.POST.PBW-09.X,1.0800000000000001,s,,S04_Aggregation_2026-09-25.R
S04.MEAN.Z05.POST.PBW-10.X,1.1000000000000001,s,,S04_Aggregation_2026-09-25.R
S04.MEAN.Z05.POST.PBW-11.X,1.1899999999999999,s,,S04_Aggregation_2026-09-25.R
S04.MEAN.Z05.POST.PBW-21.X,,s,zu wenige Werte,S04_Aggregation_2026-09-25.R
S04.MEAN.Z05.POST.PHL-01.X,1.1233333333333333,s,,S04_Aggregation_2026-09-25.R
S04.MEAN.Z05.POST.PHL-02.X,1.0266666666666666,s,,S04_Aggregation_2026-09-25.R
S04.MEAN.Z05.POST.PHL-03.X,1.0933333333333335,s,,S04_Aggregation_2026-09-25.R
S04.MEAN.Z05.POST.PHL-05.X,1.0933333333333335,s,,S04_Aggregation_2026-09-25.R
S04.MEAN.Z05.POST.PHL-06.X,1.0433333333333334,s,,S04_Aggregation_2026-09-25.R
S04.MEAN.Z05.POST.PHL-07.X,1.1533333333333333,s,,S04_Aggregation_2026-09-25.R
S04.MEAN.Z05.POST.PHL-08.X,1.1200000000000001,s,,S04_Aggregation_2026-09-25.R
S04.MEAN.Z05.POST.PVS-01.X,1.2200000000000000,s,,S04_Aggregation_2026-09-25.R
S04.MEAN.Z05.POST.PVS-02.X,1.2500000000000000,s,,S04_Aggregation_2026-09-25.R
S04.MEAN.Z05.POST.PVS-03.X,1.1799999999999999,s,,S04_Aggregation_2026-09-25.R
S04.MEAN.Z05.POST.PVS-04.X,1.1699999999999999,s,,S04_Aggregation_2026-09-25.R
S04.MEAN.Z05.POST.PVS-05.X,1.1699999999999999,s,,S04_Aggregation_2026-09-25.R
S04.MEAN.Z05.POST.PVS-06.X,1.1550000000000000,s,,S04_Aggregation_2026-09-25.R
S04.MEAN.Z05.POST.PVS-07.X,,s,zu wenige Werte,S04_Aggregation_2026-09-25.R
S04.MEAN.Z05.POST.PVS-08.X,1.2349999999999999,s,,S04_Aggregation_2026-09-25.R
S04.MEAN.Z05.POST.PVS-10.X,1.1599999999999999,s,,S04_Aggregation_2026-09-25.R
S04.MEAN.Z05.POST.PVS-16.X,,s,zu wenige Werte,S04_Aggregation_2026-09-25.R
S04.MEAN.Z05.POST.PVS-17.X,1.2400000000000000,s,,S04_Aggregation_2026-09-25.R
S04.MEAN.Z05.POST.PVS-18.X,1.2400000000000000,s,,S04_Aggregation_2026-09-25.R
S04.MEAN.Z05.POST.PVS-11.X,1.1749999999999998,s,,S04_Aggregation_2026-09-25.R
S04.MEAN.Z10.PRE.PBW-01.X,1.8899999999999999,s,,S04_Aggregation_2026-09-25.R
S04.MEAN.Z10.PRE.PBW-02.X,1.9466666666666665,s,,S04_Aggregation_2026-09-25.R
S04.MEAN.Z10.PRE.PBW-04.X,1.9633333333333334,s,,S04_Aggregation_2026-09-25.R
S04.MEAN.Z10.PRE.PBW-05.X,1.8633333333333335,s,,S04_Aggregation_2026-09-25.R
S04.MEAN.Z10.PRE.PBW-06.X,1.8500000000000001,s,,S04_Aggregation_2026-09-25.R
S04.MEAN.Z10.PRE.PBW-07.X,1.7966666666666666,s,,S04_Aggregation_2026-09-25.R
S04.MEAN.Z10.PRE.PBW-08.X,1.8799999999999999,s,,S04_Aggregation_2026-09-25.R
S04.MEAN.Z10.PRE.PBW-09.X,1.9399999999999999,s,,S04_Aggregation_2026-09-25.R
S04.MEAN.Z10.PRE.PBW-10.X,1.8799999999999999,s,,S04_Aggregation_2026-09-25.R
S04.MEAN.Z10.PRE.PBW-11.X,2.0649999999999999,s,,S04_Aggregation_2026-09-25.R
S04.MEAN.Z10.PRE.PBW-21.X,1.9849999999999999,s,,S04_Aggregation_2026-09-25.R
S04.MEAN.Z10.PRE.PHL-01.X,1.8700000000000001,s,,S04_Aggregation_2026-09-25.R
S04.MEAN.Z10.PRE.PHL-02.X,1.7033333333333334,s,,S04_Aggregation_2026-09-25.R
S04.MEAN.Z10.PRE.PHL-03.X,1.7533333333333334,s,,S04_Aggregation_2026-09-25.R
S04.MEAN.Z10.PRE.PHL-05.X,1.7533333333333334,s,,S04_Aggregation_2026-09-25.R
S04.MEAN.Z10.PRE.PHL-06.X,1.8300000000000001,s,,S04_Aggregation_2026-09-25.R
S04.MEAN.Z10.PRE.PHL-07.X,1.8400000000000001,s,,S04_Aggregation_2026-09-25.R
S04.MEAN.Z10.PRE.PHL-08.X,1.8500000000000001,s,,S04_Aggregation_2026-09-25.R
S04.MEAN.Z10.PRE.PVS-01.X,1.9299999999999999,s,,S04_Aggregation_2026-09-25.R
S04.MEAN.Z10.PRE.PVS-02.X,1.9900000000000000,s,,S04_Aggregation_2026-09-25.R
S04.MEAN.Z10.PRE.PVS-03.X,1.9199999999999999,s,,S04_Aggregation_2026-09-25.R
S04.MEAN.Z10.PRE.PVS-04.X,2.0249999999999999,s,,S04_Aggregation_2026-09-25.R
S04.MEAN.Z10.PRE.PVS-05.X,2.0149999999999997,s,,S04_Aggregation_2026-09-25.R
S04.MEAN.Z10.PRE.PVS-06.X,1.8149999999999999,s,,S04_Aggregation_2026-09-25.R
S04.MEAN.Z10.PRE.PVS-07.X,2.0649999999999999,s,,S04_Aggregation_2026-09-25.R
S04.MEAN.Z10.PRE.PVS-08.X,2.1250000000000000,s,,S04_Aggregation_2026-09-25.R
S04.MEAN.Z10.PRE.PVS-10.X,1.8700000000000001,s,,S04_Aggregation_2026-09-25.R
S04.MEAN.Z10.PRE.PVS-16.X,1.9800000000000000,s,,S04_Aggregation_2026-09-25.R
S04.MEAN.Z10.PRE.PVS-17.X,2.0200000000000000,s,,S04_Aggregation_2026-09-25.R
S04.MEAN.Z10.PRE.PVS-18.X,2.0249999999999999,s,,S04_Aggregation_2026-09-25.R
S04.MEAN.Z10.PRE.PVS-11.X,2.0350000000000001,s,,S04_Aggregation_2026-09-25.R
S04.MEAN.Z10.POST.PBW-01.X,,s,zu wenige Werte,S04_Aggregation_2026-09-25.R
S04.MEAN.Z10.POST.PBW-02.X,,s,zu wenige Werte,S04_Aggregation_2026-09-25.R
S04.MEAN.Z10.POST.PBW-04.X,,s,zu wenige Werte,S04_Aggregation_2026-09-25.R
S04.MEAN.Z10.POST.PBW-05.X,,s,zu wenige Werte,S04_Aggregation_2026-09-25.R
S04.MEAN.Z10.POST.PBW-06.X,,s,zu wenige Werte,S04_Aggregation_2026-09-25.R
S04.MEAN.Z10.POST.PBW-07.X,,s,zu wenige Werte,S04_Aggregation_2026-09-25.R
S04.MEAN.Z10.POST.PBW-08.X,,s,zu wenige Werte,S04_Aggregation_2026-09-25.R
S04.MEAN.Z10.POST.PBW-09.X,,s,zu wenige Werte,S04_Aggregation_2026-09-25.R
S04.MEAN.Z10.POST.PBW-10.X,,s,zu wenige Werte,S04_Aggregation_2026-09-25.R
S04.MEAN.Z10.POST.PBW-11.X,,s,zu wenige Werte,S04_Aggregation_2026-09-25.R
S04.MEAN.Z10.POST.PBW-21.X,,s,zu wenige Werte,S04_Aggregation_2026-09-25.R
S04.MEAN.Z10.POST.PHL-01.X,1.9900000000000000,s,,S04_Aggregation_2026-09-25.R
S04.MEAN.Z10.POST.PHL-02.X,1.7866666666666666,s,,S04_Aggregation_2026-09-25.R
S04.MEAN.Z10.POST.PHL-03.X,1.8566666666666667,s,,S04_Aggregation_2026-09-25.R
S04.MEAN.Z10.POST.PHL-05.X,1.8433333333333335,s,,S04_Aggregation_2026-09-25.R
S04.MEAN.Z10.POST.PHL-06.X,1.8799999999999999,s,,S04_Aggregation_2026-09-25.R
S04.MEAN.Z10.POST.PHL-07.X,1.9500000000000000,s,,S04_Aggregation_2026-09-25.R
S04.MEAN.Z10.POST.PHL-08.X,1.9150000000000000,s,,S04_Aggregation_2026-09-25.R
S04.MEAN.Z10.POST.PVS-01.X,2.0499999999999998,s,,S04_Aggregation_2026-09-25.R
S04.MEAN.Z10.POST.PVS-02.X,2.0600000000000001,s,,S04_Aggregation_2026-09-25.R
S04.MEAN.Z10.POST.PVS-03.X,2.0600000000000001,s,,S04_Aggregation_2026-09-25.R
S04.MEAN.Z10.POST.PVS-04.X,2.0033333333333330,s,,S04_Aggregation_2026-09-25.R
S04.MEAN.Z10.POST.PVS-05.X,1.9800000000000000,s,,S04_Aggregation_2026-09-25.R
S04.MEAN.Z10.POST.PVS-06.X,1.8850000000000000,s,,S04_Aggregation_2026-09-25.R
S04.MEAN.Z10.POST.PVS-07.X,,s,zu wenige Werte,S04_Aggregation_2026-09-25.R
S04.MEAN.Z10.POST.PVS-08.X,2.1399999999999997,s,,S04_Aggregation_2026-09-25.R
S04.MEAN.Z10.POST.PVS-10.X,1.9600000000000000,s,,S04_Aggregation_2026-09-25.R
S04.MEAN.Z10.POST.PVS-16.X,,s,zu wenige Werte,S04_Aggregation_2026-09-25.R
S04.MEAN.Z10.POST.PVS-17.X,2.0000000000000000,s,,S04_Aggregation_2026-09-25.R
S04.MEAN.Z10.POST.PVS-18.X,2.0800000000000001,s,,S04_Aggregation_2026-09-25.R
S04.MEAN.Z10.POST.PVS-11.X,1.9350000000000001,s,,S04_Aggregation_2026-09-25.R
S04.MEAN.Z30.PRE.PBW-01.X,4.5866666666666669,s,,S04_Aggregation_2026-09-25.R
S04.MEAN.Z30.PRE.PBW-02.X,4.7400000000000002,s,,S04_Aggregation_2026-09-25.R
S04.MEAN.Z30.PRE.PBW-04.X,4.6766666666666667,s,,S04_Aggregation_2026-09-25.R
S04.MEAN.Z30.PRE.PBW-05.X,4.4466666666666663,s,,S04_Aggregation_2026-09-25.R
S04.MEAN.Z30.PRE.PBW-06.X,4.5466666666666669,s,,S04_Aggregation_2026-09-25.R
S04.MEAN.Z30.PRE.PBW-07.X,4.2966666666666669,s,,S04_Aggregation_2026-09-25.R
S04.MEAN.Z30.PRE.PBW-08.X,4.4600000000000000,s,,S04_Aggregation_2026-09-25.R
S04.MEAN.Z30.PRE.PBW-09.X,4.8200000000000003,s,,S04_Aggregation_2026-09-25.R
S04.MEAN.Z30.PRE.PBW-10.X,4.6250000000000000,s,,S04_Aggregation_2026-09-25.R
S04.MEAN.Z30.PRE.PBW-11.X,4.8949999999999996,s,,S04_Aggregation_2026-09-25.R
S04.MEAN.Z30.PRE.PBW-21.X,5.0299999999999994,s,,S04_Aggregation_2026-09-25.R
S04.MEAN.Z30.PRE.PHL-01.X,4.7100000000000000,s,,S04_Aggregation_2026-09-25.R
S04.MEAN.Z30.PRE.PHL-02.X,4.1633333333333331,s,,S04_Aggregation_2026-09-25.R
S04.MEAN.Z30.PRE.PHL-03.X,4.2500000000000000,s,,S04_Aggregation_2026-09-25.R
S04.MEAN.Z30.PRE.PHL-05.X,4.2866666666666671,s,,S04_Aggregation_2026-09-25.R
S04.MEAN.Z30.PRE.PHL-06.X,4.5250000000000004,s,,S04_Aggregation_2026-09-25.R
S04.MEAN.Z30.PRE.PHL-07.X,4.4950000000000001,s,,S04_Aggregation_2026-09-25.R
S04.MEAN.Z30.PRE.PHL-08.X,4.5200000000000005,s,,S04_Aggregation_2026-09-25.R
S04.MEAN.Z30.PRE.PVS-01.X,4.9100000000000001,s,,S04_Aggregation_2026-09-25.R
S04.MEAN.Z30.PRE.PVS-02.X,4.9150000000000000,s,,S04_Aggregation_2026-09-25.R
S04.MEAN.Z30.PRE.PVS-03.X,5.0000000000000000,s,,S04_Aggregation_2026-09-25.R
S04.MEAN.Z30.PRE.PVS-04.X,5.0733333333333333,s,,S04_Aggregation_2026-09-25.R
S04.MEAN.Z30.PRE.PVS-05.X,5.0000000000000000,s,,S04_Aggregation_2026-09-25.R
S04.MEAN.Z30.PRE.PVS-06.X,4.4766666666666666,s,,S04_Aggregation_2026-09-25.R
S04.MEAN.Z30.PRE.PVS-07.X,5.2599999999999998,s,,S04_Aggregation_2026-09-25.R
S04.MEAN.Z30.PRE.PVS-08.X,5.4566666666666670,s,,S04_Aggregation_2026-09-25.R
S04.MEAN.Z30.PRE.PVS-10.X,4.6833333333333336,s,,S04_Aggregation_2026-09-25.R
S04.MEAN.Z30.PRE.PVS-16.X,4.9199999999999999,s,,S04_Aggregation_2026-09-25.R
S04.MEAN.Z30.PRE.PVS-17.X,4.8799999999999999,s,,S04_Aggregation_2026-09-25.R
S04.MEAN.Z30.PRE.PVS-18.X,5.1300000000000008,s,,S04_Aggregation_2026-09-25.R
S04.MEAN.Z30.PRE.PVS-11.X,5.0449999999999999,s,,S04_Aggregation_2026-09-25.R
S04.MEAN.Z30.POST.PBW-01.X,4.5700000000000003,s,,S04_Aggregation_2026-09-25.R
S04.MEAN.Z30.POST.PBW-02.X,4.7266666666666666,s,,S04_Aggregation_2026-09-25.R
S04.MEAN.Z30.POST.PBW-04.X,4.7100000000000000,s,,S04_Aggregation_2026-09-25.R
S04.MEAN.Z30.POST.PBW-05.X,4.5733333333333333,s,,S04_Aggregation_2026-09-25.R
S04.MEAN.Z30.POST.PBW-06.X,4.5133333333333328,s,,S04_Aggregation_2026-09-25.R
S04.MEAN.Z30.POST.PBW-07.X,,s,zu wenige Werte,S04_Aggregation_2026-09-25.R
S04.MEAN.Z30.POST.PBW-08.X,4.4850000000000003,s,,S04_Aggregation_2026-09-25.R
S04.MEAN.Z30.POST.PBW-09.X,4.7949999999999999,s,,S04_Aggregation_2026-09-25.R
S04.MEAN.Z30.POST.PBW-10.X,4.5099999999999998,s,,S04_Aggregation_2026-09-25.R
S04.MEAN.Z30.POST.PBW-11.X,4.8899999999999997,s,,S04_Aggregation_2026-09-25.R
S04.MEAN.Z30.POST.PBW-21.X,,s,zu wenige Werte,S04_Aggregation_2026-09-25.R
S04.MEAN.Z30.POST.PHL-01.X,4.7649999999999997,s,,S04_Aggregation_2026-09-25.R
S04.MEAN.Z30.POST.PHL-02.X,4.4800000000000004,s,,S04_Aggregation_2026-09-25.R
S04.MEAN.Z30.POST.PHL-03.X,4.3866666666666667,s,,S04_Aggregation_2026-09-25.R
S04.MEAN.Z30.POST.PHL-05.X,4.4333333333333336,s,,S04_Aggregation_2026-09-25.R
S04.MEAN.Z30.POST.PHL-06.X,4.5000000000000000,s,,S04_Aggregation_2026-09-25.R
S04.MEAN.Z30.POST.PHL-07.X,4.8200000000000003,s,,S04_Aggregation_2026-09-25.R
S04.MEAN.Z30.POST.PHL-08.X,4.6500000000000004,s,,S04_Aggregation_2026-09-25.R
S04.MEAN.Z30.POST.PVS-01.X,4.9299999999999997,s,,S04_Aggregation_2026-09-25.R
S04.MEAN.Z30.POST.PVS-02.X,5.0133333333333336,s,,S04_Aggregation_2026-09-25.R
S04.MEAN.Z30.POST.PVS-03.X,5.2450000000000001,s,,S04_Aggregation_2026-09-25.R
S04.MEAN.Z30.POST.PVS-04.X,5.0599999999999996,s,,S04_Aggregation_2026-09-25.R
S04.MEAN.Z30.POST.PVS-05.X,5.1200000000000001,s,,S04_Aggregation_2026-09-25.R
S04.MEAN.Z30.POST.PVS-06.X,4.5199999999999996,s,,S04_Aggregation_2026-09-25.R
S04.MEAN.Z30.POST.PVS-07.X,,s,zu wenige Werte,S04_Aggregation_2026-09-25.R
S04.MEAN.Z30.POST.PVS-08.X,5.3300000000000001,s,,S04_Aggregation_2026-09-25.R
S04.MEAN.Z30.POST.PVS-10.X,4.8800000000000008,s,,S04_Aggregation_2026-09-25.R
S04.MEAN.Z30.POST.PVS-16.X,,s,zu wenige Werte,S04_Aggregation_2026-09-25.R
S04.MEAN.Z30.POST.PVS-17.X,4.8100000000000005,s,,S04_Aggregation_2026-09-25.R
S04.MEAN.Z30.POST.PVS-18.X,5.1799999999999997,s,,S04_Aggregation_2026-09-25.R
S04.MEAN.Z30.POST.PVS-11.X,4.6799999999999997,s,,S04_Aggregation_2026-09-25.R
S04.MEAN.SBJ.PRE.PBW-01.X,220.50000000000000,cm,,S04_Aggregation_2026-09-25.R
S04.MEAN.SBJ.PRE.PBW-02.X,224.50000000000000,cm,,S04_Aggregation_2026-09-25.R
S04.MEAN.SBJ.PRE.PBW-04.X,246.66666666666666,cm,,S04_Aggregation_2026-09-25.R
S04.MEAN.SBJ.PRE.PBW-05.X,232.66666666666666,cm,,S04_Aggregation_2026-09-25.R
S04.MEAN.SBJ.PRE.PBW-06.X,241.66666666666666,cm,,S04_Aggregation_2026-09-25.R
S04.MEAN.SBJ.PRE.PBW-07.X,245.66666666666666,cm,,S04_Aggregation_2026-09-25.R
S04.MEAN.SBJ.PRE.PBW-08.X,238.00000000000000,cm,,S04_Aggregation_2026-09-25.R
S04.MEAN.SBJ.PRE.PBW-09.X,237.00000000000000,cm,,S04_Aggregation_2026-09-25.R
S04.MEAN.SBJ.PRE.PBW-10.X,201.00000000000000,cm,,S04_Aggregation_2026-09-25.R
S04.MEAN.SBJ.PRE.PBW-11.X,216.50000000000000,cm,,S04_Aggregation_2026-09-25.R
S04.MEAN.SBJ.PRE.PBW-21.X,222.00000000000000,cm,,S04_Aggregation_2026-09-25.R
S04.MEAN.SBJ.PRE.PHL-01.X,229.66666666666666,cm,,S04_Aggregation_2026-09-25.R
S04.MEAN.SBJ.PRE.PHL-02.X,248.50000000000000,cm,,S04_Aggregation_2026-09-25.R
S04.MEAN.SBJ.PRE.PHL-03.X,241.33333333333334,cm,,S04_Aggregation_2026-09-25.R
S04.MEAN.SBJ.PRE.PHL-05.X,226.00000000000000,cm,,S04_Aggregation_2026-09-25.R
S04.MEAN.SBJ.PRE.PHL-06.X,238.00000000000000,cm,,S04_Aggregation_2026-09-25.R
S04.MEAN.SBJ.PRE.PHL-07.X,250.00000000000000,cm,,S04_Aggregation_2026-09-25.R
S04.MEAN.SBJ.PRE.PHL-08.X,238.33333333333334,cm,,S04_Aggregation_2026-09-25.R
S04.MEAN.SBJ.PRE.PVS-01.X,219.00000000000000,cm,,S04_Aggregation_2026-09-25.R
S04.MEAN.SBJ.PRE.PVS-02.X,207.00000000000000,cm,,S04_Aggregation_2026-09-25.R
S04.MEAN.SBJ.PRE.PVS-03.X,231.50000000000000,cm,,S04_Aggregation_2026-09-25.R
S04.MEAN.SBJ.PRE.PVS-04.X,207.33333333333334,cm,,S04_Aggregation_2026-09-25.R
S04.MEAN.SBJ.PRE.PVS-05.X,217.50000000000000,cm,,S04_Aggregation_2026-09-25.R
S04.MEAN.SBJ.PRE.PVS-06.X,257.00000000000000,cm,,S04_Aggregation_2026-09-25.R
S04.MEAN.SBJ.PRE.PVS-07.X,213.00000000000000,cm,,S04_Aggregation_2026-09-25.R
S04.MEAN.SBJ.PRE.PVS-08.X,202.00000000000000,cm,,S04_Aggregation_2026-09-25.R
S04.MEAN.SBJ.PRE.PVS-10.X,231.50000000000000,cm,,S04_Aggregation_2026-09-25.R
S04.MEAN.SBJ.PRE.PVS-16.X,225.50000000000000,cm,,S04_Aggregation_2026-09-25.R
S04.MEAN.SBJ.PRE.PVS-17.X,258.00000000000000,cm,,S04_Aggregation_2026-09-25.R
S04.MEAN.SBJ.PRE.PVS-18.X,205.00000000000000,cm,,S04_Aggregation_2026-09-25.R
S04.MEAN.SBJ.PRE.PVS-11.X,201.50000000000000,cm,,S04_Aggregation_2026-09-25.R
S04.MEAN.SBJ.POST.PBW-01.X,216.00000000000000,cm,,S04_Aggregation_2026-09-25.R
S04.MEAN.SBJ.POST.PBW-02.X,233.66666666666666,cm,,S04_Aggregation_2026-09-25.R
S04.MEAN.SBJ.POST.PBW-04.X,244.50000000000000,cm,,S04_Aggregation_2026-09-25.R
S04.MEAN.SBJ.POST.PBW-05.X,227.66666666666666,cm,,S04_Aggregation_2026-09-25.R
S04.MEAN.SBJ.POST.PBW-06.X,232.33333333333334,cm,,S04_Aggregation_2026-09-25.R
S04.MEAN.SBJ.POST.PBW-07.X,,cm,zu wenige Werte,S04_Aggregation_2026-09-25.R
S04.MEAN.SBJ.POST.PBW-08.X,239.00000000000000,cm,,S04_Aggregation_2026-09-25.R
S04.MEAN.SBJ.POST.PBW-09.X,232.50000000000000,cm,,S04_Aggregation_2026-09-25.R
S04.MEAN.SBJ.POST.PBW-10.X,201.50000000000000,cm,,S04_Aggregation_2026-09-25.R
S04.MEAN.SBJ.POST.PBW-11.X,210.00000000000000,cm,,S04_Aggregation_2026-09-25.R
S04.MEAN.SBJ.POST.PBW-21.X,,cm,zu wenige Werte,S04_Aggregation_2026-09-25.R
S04.MEAN.SBJ.POST.PHL-01.X,237.00000000000000,cm,,S04_Aggregation_2026-09-25.R
S04.MEAN.SBJ.POST.PHL-02.X,238.00000000000000,cm,,S04_Aggregation_2026-09-25.R
S04.MEAN.SBJ.POST.PHL-03.X,236.50000000000000,cm,,S04_Aggregation_2026-09-25.R
S04.MEAN.SBJ.POST.PHL-05.X,216.00000000000000,cm,,S04_Aggregation_2026-09-25.R
S04.MEAN.SBJ.POST.PHL-06.X,237.00000000000000,cm,,S04_Aggregation_2026-09-25.R
S04.MEAN.SBJ.POST.PHL-07.X,237.00000000000000,cm,,S04_Aggregation_2026-09-25.R
S04.MEAN.SBJ.POST.PHL-08.X,237.50000000000000,cm,,S04_Aggregation_2026-09-25.R
S04.MEAN.SBJ.POST.PVS-01.X,223.00000000000000,cm,,S04_Aggregation_2026-09-25.R
S04.MEAN.SBJ.POST.PVS-02.X,195.50000000000000,cm,,S04_Aggregation_2026-09-25.R
S04.MEAN.SBJ.POST.PVS-03.X,222.00000000000000,cm,,S04_Aggregation_2026-09-25.R
S04.MEAN.SBJ.POST.PVS-04.X,211.00000000000000,cm,,S04_Aggregation_2026-09-25.R
S04.MEAN.SBJ.POST.PVS-05.X,225.00000000000000,cm,,S04_Aggregation_2026-09-25.R
S04.MEAN.SBJ.POST.PVS-06.X,261.50000000000000,cm,,S04_Aggregation_2026-09-25.R
S04.MEAN.SBJ.POST.PVS-07.X,,cm,zu wenige Werte,S04_Aggregation_2026-09-25.R
S04.MEAN.SBJ.POST.PVS-08.X,207.50000000000000,cm,,S04_Aggregation_2026-09-25.R
S04.MEAN.SBJ.POST.PVS-10.X,220.00000000000000,cm,,S04_Aggregation_2026-09-25.R
S04.MEAN.SBJ.POST.PVS-16.X,,cm,zu wenige Werte,S04_Aggregation_2026-09-25.R
S04.MEAN.SBJ.POST.PVS-17.X,233.50000000000000,cm,,S04_Aggregation_2026-09-25.R
S04.MEAN.SBJ.POST.PVS-18.X,222.50000000000000,cm,,S04_Aggregation_2026-09-25.R
S04.MEAN.SBJ.POST.PVS-11.X,215.00000000000000,cm,,S04_Aggregation_2026-09-25.R
S04.MEAN.CL.PRE.PBW-01.X,2.5200000000000000,s,,S04_Aggregation_2026-09-25.R
S04.MEAN.CL.PRE.PBW-02.X,2.4749999999999996,s,,S04_Aggregation_2026-09-25.R
S04.MEAN.CL.PRE.PBW-04.X,2.3700000000000001,s,,S04_Aggregation_2026-09-25.R
S04.MEAN.CL.PRE.PBW-05.X,2.5149999999999997,s,,S04_Aggregation_2026-09-25.R
S04.MEAN.CL.PRE.PBW-06.X,2.5850000000000000,s,,S04_Aggregation_2026-09-25.R
S04.MEAN.CL.PRE.PBW-07.X,2.4699999999999998,s,,S04_Aggregation_2026-09-25.R
S04.MEAN.CL.PRE.PBW-08.X,2.4199999999999999,s,,S04_Aggregation_2026-09-25.R
S04.MEAN.CL.PRE.PBW-09.X,2.5099999999999998,s,,S04_Aggregation_2026-09-25.R
S04.MEAN.CL.PRE.PBW-10.X,2.5499999999999998,s,,S04_Aggregation_2026-09-25.R
S04.MEAN.CL.PRE.PBW-11.X,2.6899999999999999,s,,S04_Aggregation_2026-09-25.R
S04.MEAN.CL.PRE.PBW-21.X,2.7100000000000000,s,,S04_Aggregation_2026-09-25.R
S04.MEAN.CL.PRE.PHL-01.X,2.5300000000000002,s,,S04_Aggregation_2026-09-25.R
S04.MEAN.CL.PRE.PHL-02.X,2.3633333333333333,s,,S04_Aggregation_2026-09-25.R
S04.MEAN.CL.PRE.PHL-03.X,2.4166666666666670,s,,S04_Aggregation_2026-09-25.R
S04.MEAN.CL.PRE.PHL-05.X,2.4500000000000002,s,,S04_Aggregation_2026-09-25.R
S04.MEAN.CL.PRE.PHL-06.X,2.4600000000000000,s,,S04_Aggregation_2026-09-25.R
S04.MEAN.CL.PRE.PHL-07.X,,s,zu wenige Werte,S04_Aggregation_2026-09-25.R
S04.MEAN.CL.PRE.PHL-08.X,2.4700000000000002,s,,S04_Aggregation_2026-09-25.R
S04.MEAN.CL.PRE.PVS-01.X,2.5200000000000000,s,,S04_Aggregation_2026-09-25.R
S04.MEAN.CL.PRE.PVS-02.X,2.5400000000000000,s,,S04_Aggregation_2026-09-25.R
S04.MEAN.CL.PRE.PVS-03.X,2.5550000000000002,s,,S04_Aggregation_2026-09-25.R
S04.MEAN.CL.PRE.PVS-04.X,2.7266666666666666,s,,S04_Aggregation_2026-09-25.R
S04.MEAN.CL.PRE.PVS-05.X,2.5800000000000001,s,,S04_Aggregation_2026-09-25.R
S04.MEAN.CL.PRE.PVS-06.X,2.4249999999999998,s,,S04_Aggregation_2026-09-25.R
S04.MEAN.CL.PRE.PVS-07.X,2.5899999999999999,s,,S04_Aggregation_2026-09-25.R
S04.MEAN.CL.PRE.PVS-08.X,2.6650000000000000,s,,S04_Aggregation_2026-09-25.R
S04.MEAN.CL.PRE.PVS-10.X,2.4950000000000001,s,,S04_Aggregation_2026-09-25.R
S04.MEAN.CL.PRE.PVS-16.X,,s,zu wenige Werte,S04_Aggregation_2026-09-25.R
S04.MEAN.CL.PRE.PVS-17.X,2.5800000000000001,s,,S04_Aggregation_2026-09-25.R
S04.MEAN.CL.PRE.PVS-18.X,2.6099999999999999,s,,S04_Aggregation_2026-09-25.R
S04.MEAN.CL.PRE.PVS-11.X,2.7999999999999998,s,,S04_Aggregation_2026-09-25.R
S04.MEAN.CL.POST.PBW-01.X,2.4900000000000002,s,,S04_Aggregation_2026-09-25.R
S04.MEAN.CL.POST.PBW-02.X,2.4249999999999998,s,,S04_Aggregation_2026-09-25.R
S04.MEAN.CL.POST.PBW-04.X,2.4249999999999998,s,,S04_Aggregation_2026-09-25.R
S04.MEAN.CL.POST.PBW-05.X,2.5000000000000000,s,,S04_Aggregation_2026-09-25.R
S04.MEAN.CL.POST.PBW-06.X,2.5600000000000001,s,,S04_Aggregation_2026-09-25.R
S04.MEAN.CL.POST.PBW-07.X,,s,zu wenige Werte,S04_Aggregation_2026-09-25.R
S04.MEAN.CL.POST.PBW-08.X,2.4849999999999999,s,,S04_Aggregation_2026-09-25.R
S04.MEAN.CL.POST.PBW-09.X,2.5499999999999998,s,,S04_Aggregation_2026-09-25.R
S04.MEAN.CL.POST.PBW-10.X,2.3799999999999999,s,,S04_Aggregation_2026-09-25.R
S04.MEAN.CL.POST.PBW-11.X,2.5199999999999996,s,,S04_Aggregation_2026-09-25.R
S04.MEAN.CL.POST.PBW-21.X,,s,zu wenige Werte,S04_Aggregation_2026-09-25.R
S04.MEAN.CL.POST.PHL-01.X,2.4900000000000002,s,,S04_Aggregation_2026-09-25.R
S04.MEAN.CL.POST.PHL-02.X,2.3199999999999998,s,,S04_Aggregation_2026-09-25.R
S04.MEAN.CL.POST.PHL-03.X,2.5350000000000001,s,,S04_Aggregation_2026-09-25.R
S04.MEAN.CL.POST.PHL-05.X,2.5200000000000000,s,,S04_Aggregation_2026-09-25.R
S04.MEAN.CL.POST.PHL-06.X,2.5600000000000001,s,,S04_Aggregation_2026-09-25.R
S04.MEAN.CL.POST.PHL-07.X,2.4299999999999997,s,,S04_Aggregation_2026-09-25.R
S04.MEAN.CL.POST.PHL-08.X,2.4299999999999997,s,,S04_Aggregation_2026-09-25.R
S04.MEAN.CL.POST.PVS-01.X,2.4550000000000001,s,,S04_Aggregation_2026-09-25.R
S04.MEAN.CL.POST.PVS-02.X,2.5299999999999998,s,,S04_Aggregation_2026-09-25.R
S04.MEAN.CL.POST.PVS-03.X,2.6349999999999998,s,,S04_Aggregation_2026-09-25.R
S04.MEAN.CL.POST.PVS-04.X,2.5200000000000000,s,,S04_Aggregation_2026-09-25.R
S04.MEAN.CL.POST.PVS-05.X,2.5149999999999997,s,,S04_Aggregation_2026-09-25.R
S04.MEAN.CL.POST.PVS-06.X,2.2700000000000000,s,,S04_Aggregation_2026-09-25.R
S04.MEAN.CL.POST.PVS-07.X,,s,zu wenige Werte,S04_Aggregation_2026-09-25.R
S04.MEAN.CL.POST.PVS-08.X,2.7599999999999998,s,,S04_Aggregation_2026-09-25.R
S04.MEAN.CL.POST.PVS-10.X,2.4950000000000001,s,,S04_Aggregation_2026-09-25.R
S04.MEAN.CL.POST.PVS-16.X,,s,zu wenige Werte,S04_Aggregation_2026-09-25.R
S04.MEAN.CL.POST.PVS-17.X,2.5949999999999998,s,,S04_Aggregation_2026-09-25.R
S04.MEAN.CL.POST.PVS-18.X,2.5200000000000000,s,,S04_Aggregation_2026-09-25.R
S04.MEAN.CL.POST.PVS-11.X,2.5000000000000000,s,,S04_Aggregation_2026-09-25.R
S04.MEAN.CR.PRE.PBW-01.X,2.6950000000000003,s,,S04_Aggregation_2026-09-25.R
S04.MEAN.CR.PRE.PBW-02.X,2.5200000000000000,s,,S04_Aggregation_2026-09-25.R
S04.MEAN.CR.PRE.PBW-04.X,2.5899999999999999,s,,S04_Aggregation_2026-09-25.R
S04.MEAN.CR.PRE.PBW-05.X,2.4900000000000002,s,,S04_Aggregation_2026-09-25.R
S04.MEAN.CR.PRE.PBW-06.X,2.6250000000000000,s,,S04_Aggregation_2026-09-25.R
S04.MEAN.CR.PRE.PBW-07.X,2.5600000000000001,s,,S04_Aggregation_2026-09-25.R
S04.MEAN.CR.PRE.PBW-08.X,2.4100000000000001,s,,S04_Aggregation_2026-09-25.R
S04.MEAN.CR.PRE.PBW-09.X,2.5699999999999998,s,,S04_Aggregation_2026-09-25.R
S04.MEAN.CR.PRE.PBW-10.X,2.5600000000000001,s,,S04_Aggregation_2026-09-25.R
S04.MEAN.CR.PRE.PBW-11.X,,s,zu wenige Werte,S04_Aggregation_2026-09-25.R
S04.MEAN.CR.PRE.PBW-21.X,2.5600000000000001,s,,S04_Aggregation_2026-09-25.R
S04.MEAN.CR.PRE.PHL-01.X,2.5550000000000002,s,,S04_Aggregation_2026-09-25.R
S04.MEAN.CR.PRE.PHL-02.X,2.2000000000000002,s,,S04_Aggregation_2026-09-25.R
S04.MEAN.CR.PRE.PHL-03.X,2.5150000000000001,s,,S04_Aggregation_2026-09-25.R
S04.MEAN.CR.PRE.PHL-05.X,2.5633333333333335,s,,S04_Aggregation_2026-09-25.R
S04.MEAN.CR.PRE.PHL-06.X,2.4933333333333332,s,,S04_Aggregation_2026-09-25.R
S04.MEAN.CR.PRE.PHL-07.X,2.4800000000000000,s,,S04_Aggregation_2026-09-25.R
S04.MEAN.CR.PRE.PHL-08.X,2.5099999999999998,s,,S04_Aggregation_2026-09-25.R
S04.MEAN.CR.PRE.PVS-01.X,2.4199999999999999,s,,S04_Aggregation_2026-09-25.R
S04.MEAN.CR.PRE.PVS-02.X,2.4800000000000004,s,,S04_Aggregation_2026-09-25.R
S04.MEAN.CR.PRE.PVS-03.X,2.8066666666666666,s,,S04_Aggregation_2026-09-25.R
S04.MEAN.CR.PRE.PVS-04.X,2.6299999999999999,s,,S04_Aggregation_2026-09-25.R
S04.MEAN.CR.PRE.PVS-05.X,2.5300000000000002,s,,S04_Aggregation_2026-09-25.R
S04.MEAN.CR.PRE.PVS-06.X,2.4050000000000002,s,,S04_Aggregation_2026-09-25.R
S04.MEAN.CR.PRE.PVS-07.X,2.5649999999999999,s,,S04_Aggregation_2026-09-25.R
S04.MEAN.CR.PRE.PVS-08.X,2.6549999999999998,s,,S04_Aggregation_2026-09-25.R
S04.MEAN.CR.PRE.PVS-10.X,2.4800000000000000,s,,S04_Aggregation_2026-09-25.R
S04.MEAN.CR.PRE.PVS-16.X,2.4050000000000002,s,,S04_Aggregation_2026-09-25.R
S04.MEAN.CR.PRE.PVS-17.X,2.5000000000000000,s,,S04_Aggregation_2026-09-25.R
S04.MEAN.CR.PRE.PVS-18.X,,s,zu wenige Werte,S04_Aggregation_2026-09-25.R
S04.MEAN.CR.PRE.PVS-11.X,2.6850000000000001,s,,S04_Aggregation_2026-09-25.R
S04.MEAN.CR.POST.PBW-01.X,2.7100000000000000,s,,S04_Aggregation_2026-09-25.R
S04.MEAN.CR.POST.PBW-02.X,2.4399999999999999,s,,S04_Aggregation_2026-09-25.R
S04.MEAN.CR.POST.PBW-04.X,2.5800000000000001,s,,S04_Aggregation_2026-09-25.R
S04.MEAN.CR.POST.PBW-05.X,,s,zu wenige Werte,S04_Aggregation_2026-09-25.R
S04.MEAN.CR.POST.PBW-06.X,2.6200000000000001,s,,S04_Aggregation_2026-09-25.R
S04.MEAN.CR.POST.PBW-07.X,,s,zu wenige Werte,S04_Aggregation_2026-09-25.R
S04.MEAN.CR.POST.PBW-08.X,2.5400000000000000,s,,S04_Aggregation_2026-09-25.R
S04.MEAN.CR.POST.PBW-09.X,2.5499999999999998,s,,S04_Aggregation_2026-09-25.R
S04.MEAN.CR.POST.PBW-10.X,2.5449999999999999,s,,S04_Aggregation_2026-09-25.R
S04.MEAN.CR.POST.PBW-11.X,2.5949999999999998,s,,S04_Aggregation_2026-09-25.R
S04.MEAN.CR.POST.PBW-21.X,,s,zu wenige Werte,S04_Aggregation_2026-09-25.R
S04.MEAN.CR.POST.PHL-01.X,2.6849999999999996,s,,S04_Aggregation_2026-09-25.R
S04.MEAN.CR.POST.PHL-02.X,2.2900000000000000,s,,S04_Aggregation_2026-09-25.R
S04.MEAN.CR.POST.PHL-03.X,2.5200000000000000,s,,S04_Aggregation_2026-09-25.R
S04.MEAN.CR.POST.PHL-05.X,2.4349999999999996,s,,S04_Aggregation_2026-09-25.R
S04.MEAN.CR.POST.PHL-06.X,2.5150000000000001,s,,S04_Aggregation_2026-09-25.R
S04.MEAN.CR.POST.PHL-07.X,2.3100000000000001,s,,S04_Aggregation_2026-09-25.R
S04.MEAN.CR.POST.PHL-08.X,2.4199999999999999,s,,S04_Aggregation_2026-09-25.R
S04.MEAN.CR.POST.PVS-01.X,2.4950000000000001,s,,S04_Aggregation_2026-09-25.R
S04.MEAN.CR.POST.PVS-02.X,2.5899999999999999,s,,S04_Aggregation_2026-09-25.R
S04.MEAN.CR.POST.PVS-03.X,2.6850000000000001,s,,S04_Aggregation_2026-09-25.R
S04.MEAN.CR.POST.PVS-04.X,2.5499999999999998,s,,S04_Aggregation_2026-09-25.R
S04.MEAN.CR.POST.PVS-05.X,2.7050000000000001,s,,S04_Aggregation_2026-09-25.R
S04.MEAN.CR.POST.PVS-06.X,2.3399999999999999,s,,S04_Aggregation_2026-09-25.R
S04.MEAN.CR.POST.PVS-07.X,,s,zu wenige Werte,S04_Aggregation_2026-09-25.R
S04.MEAN.CR.POST.PVS-08.X,2.6600000000000001,s,,S04_Aggregation_2026-09-25.R
S04.MEAN.CR.POST.PVS-10.X,2.3700000000000001,s,,S04_Aggregation_2026-09-25.R
S04.MEAN.CR.POST.PVS-16.X,,s,zu wenige Werte,S04_Aggregation_2026-09-25.R
S04.MEAN.CR.POST.PVS-17.X,2.7050000000000001,s,,S04_Aggregation_2026-09-25.R
S04.MEAN.CR.POST.PVS-18.X,2.5600000000000001,s,,S04_Aggregation_2026-09-25.R
S04.MEAN.CR.POST.PVS-11.X,2.6699999999999999,s,,S04_Aggregation_2026-09-25.R
S04.MEAN.CM.PRE.PBW-01.X,2.6074999999999999,s,,S04_Aggregation_2026-09-25.R
S04.MEAN.CM.PRE.PBW-02.X,2.4974999999999996,s,,S04_Aggregation_2026-09-25.R
S04.MEAN.CM.PRE.PBW-04.X,2.4800000000000000,s,,S04_Aggregation_2026-09-25.R
S04.MEAN.CM.PRE.PBW-05.X,2.5024999999999999,s,,S04_Aggregation_2026-09-25.R
S04.MEAN.CM.PRE.PBW-06.X,2.6050000000000000,s,,S04_Aggregation_2026-09-25.R
S04.MEAN.CM.PRE.PBW-07.X,2.5149999999999997,s,,S04_Aggregation_2026-09-25.R
S04.MEAN.CM.PRE.PBW-08.X,2.4150000000000000,s,,S04_Aggregation_2026-09-25.R
S04.MEAN.CM.PRE.PBW-09.X,2.5400000000000000,s,,S04_Aggregation_2026-09-25.R
S04.MEAN.CM.PRE.PBW-10.X,2.5549999999999997,s,,S04_Aggregation_2026-09-25.R
S04.MEAN.CM.PRE.PBW-11.X,,s,Eingang fehlt,S04_Aggregation_2026-09-25.R
S04.MEAN.CM.PRE.PBW-21.X,2.6349999999999998,s,,S04_Aggregation_2026-09-25.R
S04.MEAN.CM.PRE.PHL-01.X,2.5425000000000004,s,,S04_Aggregation_2026-09-25.R
S04.MEAN.CM.PRE.PHL-02.X,2.2816666666666667,s,,S04_Aggregation_2026-09-25.R
S04.MEAN.CM.PRE.PHL-03.X,2.4658333333333333,s,,S04_Aggregation_2026-09-25.R
S04.MEAN.CM.PRE.PHL-05.X,2.5066666666666668,s,,S04_Aggregation_2026-09-25.R
S04.MEAN.CM.PRE.PHL-06.X,2.4766666666666666,s,,S04_Aggregation_2026-09-25.R
S04.MEAN.CM.PRE.PHL-07.X,,s,Eingang fehlt,S04_Aggregation_2026-09-25.R
S04.MEAN.CM.PRE.PHL-08.X,2.4900000000000002,s,,S04_Aggregation_2026-09-25.R
S04.MEAN.CM.PRE.PVS-01.X,2.4699999999999998,s,,S04_Aggregation_2026-09-25.R
S04.MEAN.CM.PRE.PVS-02.X,2.5100000000000002,s,,S04_Aggregation_2026-09-25.R
S04.MEAN.CM.PRE.PVS-03.X,2.6808333333333332,s,,S04_Aggregation_2026-09-25.R
S04.MEAN.CM.PRE.PVS-04.X,2.6783333333333332,s,,S04_Aggregation_2026-09-25.R
S04.MEAN.CM.PRE.PVS-05.X,2.5550000000000002,s,,S04_Aggregation_2026-09-25.R
S04.MEAN.CM.PRE.PVS-06.X,2.4150000000000000,s,,S04_Aggregation_2026-09-25.R
S04.MEAN.CM.PRE.PVS-07.X,2.5774999999999997,s,,S04_Aggregation_2026-09-25.R
S04.MEAN.CM.PRE.PVS-08.X,2.6600000000000001,s,,S04_Aggregation_2026-09-25.R
S04.MEAN.CM.PRE.PVS-10.X,2.4874999999999998,s,,S04_Aggregation_2026-09-25.R
S04.MEAN.CM.PRE.PVS-16.X,,s,Eingang fehlt,S04_Aggregation_2026-09-25.R
S04.MEAN.CM.PRE.PVS-17.X,2.5400000000000000,s,,S04_Aggregation_2026-09-25.R
S04.MEAN.CM.PRE.PVS-18.X,,s,Eingang fehlt,S04_Aggregation_2026-09-25.R
S04.MEAN.CM.PRE.PVS-11.X,2.7424999999999997,s,,S04_Aggregation_2026-09-25.R
S04.MEAN.CM.POST.PBW-01.X,2.6000000000000001,s,,S04_Aggregation_2026-09-25.R
S04.MEAN.CM.POST.PBW-02.X,2.4325000000000001,s,,S04_Aggregation_2026-09-25.R
S04.MEAN.CM.POST.PBW-04.X,2.5024999999999999,s,,S04_Aggregation_2026-09-25.R
S04.MEAN.CM.POST.PBW-05.X,,s,Eingang fehlt,S04_Aggregation_2026-09-25.R
S04.MEAN.CM.POST.PBW-06.X,2.5899999999999999,s,,S04_Aggregation_2026-09-25.R
S04.MEAN.CM.POST.PBW-07.X,,s,Eingang fehlt,S04_Aggregation_2026-09-25.R
S04.MEAN.CM.POST.PBW-08.X,2.5125000000000002,s,,S04_Aggregation_2026-09-25.R
S04.MEAN.CM.POST.PBW-09.X,2.5499999999999998,s,,S04_Aggregation_2026-09-25.R
S04.MEAN.CM.POST.PBW-10.X,2.4624999999999999,s,,S04_Aggregation_2026-09-25.R
S04.MEAN.CM.POST.PBW-11.X,2.5574999999999997,s,,S04_Aggregation_2026-09-25.R
S04.MEAN.CM.POST.PBW-21.X,,s,Eingang fehlt,S04_Aggregation_2026-09-25.R
S04.MEAN.CM.POST.PHL-01.X,2.5874999999999999,s,,S04_Aggregation_2026-09-25.R
S04.MEAN.CM.POST.PHL-02.X,2.3049999999999997,s,,S04_Aggregation_2026-09-25.R
S04.MEAN.CM.POST.PHL-03.X,2.5274999999999999,s,,S04_Aggregation_2026-09-25.R
S04.MEAN.CM.POST.PHL-05.X,2.4775000000000000,s,,S04_Aggregation_2026-09-25.R
S04.MEAN.CM.POST.PHL-06.X,2.5375000000000001,s,,S04_Aggregation_2026-09-25.R
S04.MEAN.CM.POST.PHL-07.X,2.3700000000000001,s,,S04_Aggregation_2026-09-25.R
S04.MEAN.CM.POST.PHL-08.X,2.4249999999999998,s,,S04_Aggregation_2026-09-25.R
S04.MEAN.CM.POST.PVS-01.X,2.4750000000000001,s,,S04_Aggregation_2026-09-25.R
S04.MEAN.CM.POST.PVS-02.X,2.5599999999999996,s,,S04_Aggregation_2026-09-25.R
S04.MEAN.CM.POST.PVS-03.X,2.6600000000000001,s,,S04_Aggregation_2026-09-25.R
S04.MEAN.CM.POST.PVS-04.X,2.5350000000000001,s,,S04_Aggregation_2026-09-25.R
S04.MEAN.CM.POST.PVS-05.X,2.6099999999999999,s,,S04_Aggregation_2026-09-25.R
S04.MEAN.CM.POST.PVS-06.X,2.3049999999999997,s,,S04_Aggregation_2026-09-25.R
S04.MEAN.CM.POST.PVS-07.X,,s,Eingang fehlt,S04_Aggregation_2026-09-25.R
S04.MEAN.CM.POST.PVS-08.X,2.7100000000000000,s,,S04_Aggregation_2026-09-25.R
S04.MEAN.CM.POST.PVS-10.X,2.4325000000000001,s,,S04_Aggregation_2026-09-25.R
S04.MEAN.CM.POST.PVS-16.X,,s,Eingang fehlt,S04_Aggregation_2026-09-25.R
S04.MEAN.CM.POST.PVS-17.X,2.6499999999999999,s,,S04_Aggregation_2026-09-25.R
S04.MEAN.CM.POST.PVS-18.X,2.5400000000000000,s,,S04_Aggregation_2026-09-25.R
S04.MEAN.CM.POST.PVS-11.X,2.5850000000000000,s,,S04_Aggregation_2026-09-25.R
S05.MP.PAH.PRE.PBW-01.X,71.259842519685037,in,,S05_Reifestatus_2026-09-25.R
S05.MP.PAH.PRE.PBW-02.X,63.976377952755904,in,,S05_Reifestatus_2026-09-25.R
S05.MP.PAH.PRE.PBW-04.X,69.881889763779526,in,,S05_Reifestatus_2026-09-25.R
S05.MP.PAH.PRE.PBW-05.X,68.503937007874015,in,,S05_Reifestatus_2026-09-25.R
S05.MP.PAH.PRE.PBW-06.X,71.259842519685037,in,,S05_Reifestatus_2026-09-25.R
S05.MP.PAH.PRE.PBW-07.X,70.472440944881896,in,,S05_Reifestatus_2026-09-25.R
S05.MP.PAH.PRE.PBW-08.X,70.078740157480325,in,,S05_Reifestatus_2026-09-25.R
S05.MP.PAH.PRE.PBW-09.X,68.700787401574800,in,,S05_Reifestatus_2026-09-25.R
S05.MP.PAH.PRE.PBW-10.X,66.929133858267718,in,,S05_Reifestatus_2026-09-25.R
S05.MP.PAH.PRE.PBW-11.X,70.078740157480311,in,,S05_Reifestatus_2026-09-25.R
S05.MP.PAH.PRE.PBW-21.X,71.259842519685037,in,,S05_Reifestatus_2026-09-25.R
S05.MP.PAH.PRE.PHL-01.X,69.685039370078741,in,,S05_Reifestatus_2026-09-25.R
S05.MP.PAH.PRE.PHL-02.X,66.535433070866134,in,,S05_Reifestatus_2026-09-25.R
S05.MP.PAH.PRE.PHL-03.X,66.732283464566933,in,,S05_Reifestatus_2026-09-25.R
S05.MP.PAH.PRE.PHL-05.X,67.519685039370074,in,,S05_Reifestatus_2026-09-25.R
S05.MP.PAH.PRE.PHL-06.X,66.338582677165363,in,,S05_Reifestatus_2026-09-25.R
S05.MP.PAH.PRE.PHL-07.X,66.929133858267718,in,,S05_Reifestatus_2026-09-25.R
S05.MP.PAH.PRE.PHL-08.X,70.866141732283467,in,,S05_Reifestatus_2026-09-25.R
S05.MP.PAH.PRE.PVS-01.X,68.897637795275585,in,,S05_Reifestatus_2026-09-25.R
S05.MP.PAH.PRE.PVS-02.X,69.881889763779526,in,,S05_Reifestatus_2026-09-25.R
S05.MP.PAH.PRE.PVS-03.X,69.094488188976385,in,,S05_Reifestatus_2026-09-25.R
S05.MP.PAH.PRE.PVS-04.X,69.488188976377955,in,,S05_Reifestatus_2026-09-25.R
S05.MP.PAH.PRE.PVS-05.X,73.031496062992119,in,,S05_Reifestatus_2026-09-25.R
S05.MP.PAH.PRE.PVS-06.X,68.503937007874015,in,,S05_Reifestatus_2026-09-25.R
S05.MP.PAH.PRE.PVS-07.X,69.685039370078741,in,,S05_Reifestatus_2026-09-25.R
S05.MP.PAH.PRE.PVS-08.X,69.881889763779526,in,,S05_Reifestatus_2026-09-25.R
S05.MP.PAH.PRE.PVS-10.X,69.094488188976371,in,,S05_Reifestatus_2026-09-25.R
S05.MP.PAH.PRE.PVS-16.X,71.456692913385822,in,,S05_Reifestatus_2026-09-25.R
S05.MP.PAH.PRE.PVS-17.X,69.291338582677156,in,,S05_Reifestatus_2026-09-25.R
S05.MP.PAH.PRE.PVS-18.X,68.503937007874015,in,,S05_Reifestatus_2026-09-25.R
S05.MP.PAH.PRE.PVS-11.X,66.929133858267718,in,,S05_Reifestatus_2026-09-25.R
S05.PAS.PAH.PRE.PBW-01.X,74.578860463319700,in,,S05_Reifestatus_2026-09-25.R
S05.PAS.PAH.PRE.PBW-02.X,68.085087628160721,in,,S05_Reifestatus_2026-09-25.R
S05.PAS.PAH.PRE.PBW-04.X,74.189143273508918,in,,S05_Reifestatus_2026-09-25.R
S05.PAS.PAH.PRE.PBW-05.X,71.461584671318576,in,,S05_Reifestatus_2026-09-25.R
S05.PAS.PAH.PRE.PBW-06.X,66.923474163479469,in,,S05_Reifestatus_2026-09-25.R
S05.PAS.PAH.PRE.PBW-07.X,74.070054849426199,in,,S05_Reifestatus_2026-09-25.R
S05.PAS.PAH.PRE.PBW-08.X,76.908569669913618,in,,S05_Reifestatus_2026-09-25.R
S05.PAS.PAH.PRE.PBW-09.X,69.562408105779639,in,,S05_Reifestatus_2026-09-25.R
S05.PAS.PAH.PRE.PBW-10.X,69.039459153235185,in,,S05_Reifestatus_2026-09-25.R
S05.PAS.PAH.PRE.PBW-11.X,73.022175465158995,in,,S05_Reifestatus_2026-09-25.R
S05.PAS.PAH.PRE.PBW-21.X,72.026597073563394,in,,S05_Reifestatus_2026-09-25.R
S05.PAS.PAH.PRE.PHL-01.X,78.149318624194549,in,,S05_Reifestatus_2026-09-25.R
S05.PAS.PAH.PRE.PHL-02.X,71.837691957952188,in,,S05_Reifestatus_2026-09-25.R
S05.PAS.PAH.PRE.PHL-03.X,71.592201827390298,in,,S05_Reifestatus_2026-09-25.R
S05.PAS.PAH.PRE.PHL-05.X,73.565069275635437,in,,S05_Reifestatus_2026-09-25.R
S05.PAS.PAH.PRE.PHL-06.X,69.624172278898257,in,,S05_Reifestatus_2026-09-25.R
S05.PAS.PAH.PRE.PHL-07.X,72.226066922771508,in,,S05_Reifestatus_2026-09-25.R
S05.PAS.PAH.PRE.PHL-08.X,74.714377898076037,in,,S05_Reifestatus_2026-09-25.R
S05.PAS.PAH.PRE.PVS-01.X,72.584767519911196,in,,S05_Reifestatus_2026-09-25.R
S05.PAS.PAH.PRE.PVS-02.X,71.950987075636817,in,,S05_Reifestatus_2026-09-25.R
S05.PAS.PAH.PRE.PVS-03.X,72.013921775882906,in,,S05_Reifestatus_2026-09-25.R
S05.PAS.PAH.PRE.PVS-04.X,72.890490345535454,in,,S05_Reifestatus_2026-09-25.R
S05.PAS.PAH.PRE.PVS-05.X,75.823588051308050,in,,S05_Reifestatus_2026-09-25.R
S05.PAS.PAH.PRE.PVS-06.X,72.818578536359695,in,,S05_Reifestatus_2026-09-25.R
S05.PAS.PAH.PRE.PVS-07.X,72.817499473845416,in,,S05_Reifestatus_2026-09-25.R
S05.PAS.PAH.PRE.PVS-08.X,73.450858354743445,in,,S05_Reifestatus_2026-09-25.R
S05.PAS.PAH.PRE.PVS-10.X,74.046825205871656,in,,S05_Reifestatus_2026-09-25.R
S05.PAS.PAH.PRE.PVS-16.X,74.664057546617826,in,,S05_Reifestatus_2026-09-25.R
S05.PAS.PAH.PRE.PVS-17.X,75.905501415701096,in,,S05_Reifestatus_2026-09-25.R
S05.PAS.PAH.PRE.PVS-18.X,,in,Eingang fehlt,S05_Reifestatus_2026-09-25.R
S05.PAS.PAH.PRE.PVS-11.X,72.370243649832133,in,,S05_Reifestatus_2026-09-25.R
S05.PAH.PAH.PRE.PBW-01.X,91.854362727312605,%,,S05_Reifestatus_2026-09-25.R
S05.PAH.PAH.PRE.PBW-02.X,97.145696051226977,%,,S05_Reifestatus_2026-09-25.R
S05.PAH.PAH.PRE.PBW-04.X,94.990234197846334,%,,S05_Reifestatus_2026-09-25.R
S05.PAH.PAH.PRE.PBW-05.X,94.208426744683720,%,,S05_Reifestatus_2026-09-25.R
S05.PAH.PAH.PRE.PBW-06.X,87.066186063648942,%,,S05_Reifestatus_2026-09-25.R
S05.PAH.PAH.PRE.PBW-07.X,92.485333171593695,%,,S05_Reifestatus_2026-09-25.R
S05.PAH.PAH.PRE.PBW-08.X,96.750530062199772,%,,S05_Reifestatus_2026-09-25.R
S05.PAH.PAH.PRE.PBW-09.X,92.252741234708381,%,,S05_Reifestatus_2026-09-25.R
S05.PAH.PAH.PRE.PBW-10.X,94.092031887268604,%,,S05_Reifestatus_2026-09-25.R
S05.PAH.PAH.PRE.PBW-11.X,92.734207111345768,%,,S05_Reifestatus_2026-09-25.R
S05.PAH.PAH.PRE.PBW-21.X,90.736385396512148,%,,S05_Reifestatus_2026-09-25.R
S05.PAH.PAH.PRE.PHL-01.X,98.237137437483753,%,,S05_Reifestatus_2026-09-25.R
S05.PAH.PAH.PRE.PHL-02.X,97.003449680519481,%,,S05_Reifestatus_2026-09-25.R
S05.PAH.PAH.PRE.PHL-03.X,96.786153818455631,%,,S05_Reifestatus_2026-09-25.R
S05.PAH.PAH.PRE.PHL-05.X,95.260890593207407,%,,S05_Reifestatus_2026-09-25.R
S05.PAH.PAH.PRE.PHL-06.X,96.129162714014257,%,,S05_Reifestatus_2026-09-25.R
S05.PAH.PAH.PRE.PHL-07.X,96.481841444571813,%,,S05_Reifestatus_2026-09-25.R
S05.PAH.PAH.PRE.PHL-08.X,94.849403456129608,%,,S05_Reifestatus_2026-09-25.R
S05.PAH.PAH.PRE.PVS-01.X,90.038630613142971,%,,S05_Reifestatus_2026-09-25.R
S05.PAH.PAH.PRE.PVS-02.X,86.454303043900609,%,,S05_Reifestatus_2026-09-25.R
S05.PAH.PAH.PRE.PVS-03.X,90.205655127943359,%,,S05_Reifestatus_2026-09-25.R
S05.PAH.PAH.PRE.PVS-04.X,88.040604531874038,%,,S05_Reifestatus_2026-09-25.R
S05.PAH.PAH.PRE.PVS-05.X,87.231076744492754,%,,S05_Reifestatus_2026-09-25.R
S05.PAH.PAH.PRE.PVS-06.X,92.993487093762354,%,,S05_Reifestatus_2026-09-25.R
S05.PAH.PAH.PRE.PVS-07.X,88.128854753528628,%,,S05_Reifestatus_2026-09-25.R
S05.PAH.PAH.PRE.PVS-08.X,91.656974681660188,%,,S05_Reifestatus_2026-09-25.R
S05.PAH.PAH.PRE.PVS-10.X,90.387580658840278,%,,S05_Reifestatus_2026-09-25.R
S05.PAH.PAH.PRE.PVS-16.X,87.531180136917001,%,,S05_Reifestatus_2026-09-25.R
S05.PAH.PAH.PRE.PVS-17.X,94.917025447097814,%,,S05_Reifestatus_2026-09-25.R
S05.PAH.PAH.PRE.PVS-18.X,,%,Eingang fehlt,S05_Reifestatus_2026-09-25.R
S05.PAH.PAH.PRE.PVS-11.X,93.025574117747837,%,,S05_Reifestatus_2026-09-25.R
S05.NPAH.PAH.PRE.IG.X,18,1,,S05_Reifestatus_2026-09-25.R
S05.NPAH.PAH.PRE.KG.X,12,1,,S05_Reifestatus_2026-09-25.R
S06.NMELD.FB.X.ALL.X,111,1,,S06_Fragebogen_2026-09-25.R
S06.NMELD.FB.X.PBW-01.X,0,1,,S06_Fragebogen_2026-09-25.R
S06.NMELD.FB.X.PBW-02.X,12,1,,S06_Fragebogen_2026-09-25.R
S06.NMELD.FB.X.PBW-04.X,7,1,,S06_Fragebogen_2026-09-25.R
S06.NMELD.FB.X.PBW-05.X,8,1,,S06_Fragebogen_2026-09-25.R
S06.NMELD.FB.X.PBW-06.X,5,1,,S06_Fragebogen_2026-09-25.R
S06.NMELD.FB.X.PBW-07.X,6,1,,S06_Fragebogen_2026-09-25.R
S06.NMELD.FB.X.PBW-08.X,9,1,,S06_Fragebogen_2026-09-25.R
S06.NMELD.FB.X.PBW-09.X,8,1,,S06_Fragebogen_2026-09-25.R
S06.NMELD.FB.X.PBW-10.X,5,1,,S06_Fragebogen_2026-09-25.R
S06.NMELD.FB.X.PBW-11.X,2,1,,S06_Fragebogen_2026-09-25.R
S06.NMELD.FB.X.PBW-21.X,0,1,,S06_Fragebogen_2026-09-25.R
S06.NMELD.FB.X.PHL-01.X,10,1,,S06_Fragebogen_2026-09-25.R
S06.NMELD.FB.X.PHL-02.X,9,1,,S06_Fragebogen_2026-09-25.R
S06.NMELD.FB.X.PHL-03.X,12,1,,S06_Fragebogen_2026-09-25.R
S06.NMELD.FB.X.PHL-05.X,0,1,,S06_Fragebogen_2026-09-25.R
S06.NMELD.FB.X.PHL-06.X,1,1,,S06_Fragebogen_2026-09-25.R
S06.NMELD.FB.X.PHL-07.X,11,1,,S06_Fragebogen_2026-09-25.R
S06.NMELD.FB.X.PHL-08.X,6,1,,S06_Fragebogen_2026-09-25.R
S06.NKORR.FB.X.ALL.X,7,1,,S06_Fragebogen_2026-09-25.R
S06.NDUBL.FB.X.ALL.X,1,1,,S06_Fragebogen_2026-09-25.R
S06.NSAMM.FB.X.ALL.X,7,1,,S06_Fragebogen_2026-09-25.R
S06.NSTAT.FB.X.IG.GANZ,92,1,,S06_Fragebogen_2026-09-25.R
S06.NSTAT.FB.X.IG.TEILW,6,1,,S06_Fragebogen_2026-09-25.R
S06.NSTAT.FB.X.IG.GARN,13,1,,S06_Fragebogen_2026-09-25.R
S07.ADH.ADH.X.PBW-01.GANZ,0,Einheiten,,S07_Adhaerenz_2026-09-25.R
S07.ADH.ADH.X.PBW-02.GANZ,12,Einheiten,,S07_Adhaerenz_2026-09-25.R
S07.ADH.ADH.X.PBW-04.GANZ,6,Einheiten,,S07_Adhaerenz_2026-09-25.R
S07.ADH.ADH.X.PBW-05.GANZ,7,Einheiten,,S07_Adhaerenz_2026-09-25.R
S07.ADH.ADH.X.PBW-06.GANZ,2,Einheiten,,S07_Adhaerenz_2026-09-25.R
S07.ADH.ADH.X.PBW-07.GANZ,6,Einheiten,,S07_Adhaerenz_2026-09-25.R
S07.ADH.ADH.X.PBW-08.GANZ,9,Einheiten,,S07_Adhaerenz_2026-09-25.R
S07.ADH.ADH.X.PBW-09.GANZ,7,Einheiten,,S07_Adhaerenz_2026-09-25.R
S07.ADH.ADH.X.PBW-10.GANZ,5,Einheiten,,S07_Adhaerenz_2026-09-25.R
S07.ADH.ADH.X.PBW-11.GANZ,2,Einheiten,,S07_Adhaerenz_2026-09-25.R
S07.ADH.ADH.X.PBW-21.GANZ,,Einheiten,nicht erhebbar,S07_Adhaerenz_2026-09-25.R
S07.ADH.ADH.X.PHL-01.GANZ,8,Einheiten,,S07_Adhaerenz_2026-09-25.R
S07.ADH.ADH.X.PHL-02.GANZ,8,Einheiten,,S07_Adhaerenz_2026-09-25.R
S07.ADH.ADH.X.PHL-03.GANZ,9,Einheiten,,S07_Adhaerenz_2026-09-25.R
S07.ADH.ADH.X.PHL-05.GANZ,0,Einheiten,,S07_Adhaerenz_2026-09-25.R
S07.ADH.ADH.X.PHL-06.GANZ,0,Einheiten,,S07_Adhaerenz_2026-09-25.R
S07.ADH.ADH.X.PHL-07.GANZ,7,Einheiten,,S07_Adhaerenz_2026-09-25.R
S07.ADH.ADH.X.PHL-08.GANZ,4,Einheiten,,S07_Adhaerenz_2026-09-25.R
S07.ADH.ADH.X.PBW-01.WOCAP,0,Einheiten,,S07_Adhaerenz_2026-09-25.R
S07.ADH.ADH.X.PBW-02.WOCAP,12,Einheiten,,S07_Adhaerenz_2026-09-25.R
S07.ADH.ADH.X.PBW-04.WOCAP,5,Einheiten,,S07_Adhaerenz_2026-09-25.R
S07.ADH.ADH.X.PBW-05.WOCAP,7,Einheiten,,S07_Adhaerenz_2026-09-25.R
S07.ADH.ADH.X.PBW-06.WOCAP,2,Einheiten,,S07_Adhaerenz_2026-09-25.R
S07.ADH.ADH.X.PBW-07.WOCAP,6,Einheiten,,S07_Adhaerenz_2026-09-25.R
S07.ADH.ADH.X.PBW-08.WOCAP,8,Einheiten,,S07_Adhaerenz_2026-09-25.R
S07.ADH.ADH.X.PBW-09.WOCAP,7,Einheiten,,S07_Adhaerenz_2026-09-25.R
S07.ADH.ADH.X.PBW-10.WOCAP,5,Einheiten,,S07_Adhaerenz_2026-09-25.R
S07.ADH.ADH.X.PBW-11.WOCAP,2,Einheiten,,S07_Adhaerenz_2026-09-25.R
S07.ADH.ADH.X.PBW-21.WOCAP,,Einheiten,nicht erhebbar,S07_Adhaerenz_2026-09-25.R
S07.ADH.ADH.X.PHL-01.WOCAP,8,Einheiten,,S07_Adhaerenz_2026-09-25.R
S07.ADH.ADH.X.PHL-02.WOCAP,8,Einheiten,,S07_Adhaerenz_2026-09-25.R
S07.ADH.ADH.X.PHL-03.WOCAP,9,Einheiten,,S07_Adhaerenz_2026-09-25.R
S07.ADH.ADH.X.PHL-05.WOCAP,0,Einheiten,,S07_Adhaerenz_2026-09-25.R
S07.ADH.ADH.X.PHL-06.WOCAP,0,Einheiten,,S07_Adhaerenz_2026-09-25.R
S07.ADH.ADH.X.PHL-07.WOCAP,7,Einheiten,,S07_Adhaerenz_2026-09-25.R
S07.ADH.ADH.X.PHL-08.WOCAP,4,Einheiten,,S07_Adhaerenz_2026-09-25.R
S07.ADH.ADH.X.PBW-01.DIST,0,Einheiten,,S07_Adhaerenz_2026-09-25.R
S07.ADH.ADH.X.PBW-02.DIST,12,Einheiten,,S07_Adhaerenz_2026-09-25.R
S07.ADH.ADH.X.PBW-04.DIST,6,Einheiten,,S07_Adhaerenz_2026-09-25.R
S07.ADH.ADH.X.PBW-05.DIST,7,Einheiten,,S07_Adhaerenz_2026-09-25.R
S07.ADH.ADH.X.PBW-06.DIST,2,Einheiten,,S07_Adhaerenz_2026-09-25.R
S07.ADH.ADH.X.PBW-07.DIST,6,Einheiten,,S07_Adhaerenz_2026-09-25.R
S07.ADH.ADH.X.PBW-08.DIST,8,Einheiten,,S07_Adhaerenz_2026-09-25.R
S07.ADH.ADH.X.PBW-09.DIST,7,Einheiten,,S07_Adhaerenz_2026-09-25.R
S07.ADH.ADH.X.PBW-10.DIST,5,Einheiten,,S07_Adhaerenz_2026-09-25.R
S07.ADH.ADH.X.PBW-11.DIST,2,Einheiten,,S07_Adhaerenz_2026-09-25.R
S07.ADH.ADH.X.PBW-21.DIST,,Einheiten,nicht erhebbar,S07_Adhaerenz_2026-09-25.R
S07.ADH.ADH.X.PHL-01.DIST,8,Einheiten,,S07_Adhaerenz_2026-09-25.R
S07.ADH.ADH.X.PHL-02.DIST,7,Einheiten,,S07_Adhaerenz_2026-09-25.R
S07.ADH.ADH.X.PHL-03.DIST,5,Einheiten,,S07_Adhaerenz_2026-09-25.R
S07.ADH.ADH.X.PHL-05.DIST,0,Einheiten,,S07_Adhaerenz_2026-09-25.R
S07.ADH.ADH.X.PHL-06.DIST,0,Einheiten,,S07_Adhaerenz_2026-09-25.R
S07.ADH.ADH.X.PHL-07.DIST,7,Einheiten,,S07_Adhaerenz_2026-09-25.R
S07.ADH.ADH.X.PHL-08.DIST,4,Einheiten,,S07_Adhaerenz_2026-09-25.R
S07.NZUG.ADH.X.IG.X,18,1,,S07_Adhaerenz_2026-09-25.R
S07.SUMME.ADH.X.IG.GANZ,92,Einheiten,,S07_Adhaerenz_2026-09-25.R
S07.SUMME.ADH.X.IG.GT,98,Einheiten,,S07_Adhaerenz_2026-09-25.R
S07.SUMME.ADH.X.IG.WOCAP,90,Einheiten,,S07_Adhaerenz_2026-09-25.R
S07.SUMME.ADH.X.IG.DIST,86,Einheiten,,S07_Adhaerenz_2026-09-25.R
S07.RATE.ADH.X.IG.GANZ,0.42592592592592593,1,,S07_Adhaerenz_2026-09-25.R
S07.RATE.ADH.X.IG.GT,0.45370370370370372,1,,S07_Adhaerenz_2026-09-25.R
S07.RATE.ADH.X.IG.WOCAP,0.41666666666666669,1,,S07_Adhaerenz_2026-09-25.R
S07.RATE.ADH.X.IG.DIST,0.39814814814814814,1,,S07_Adhaerenz_2026-09-25.R
S07.V00.ADH.X.IG.GANZ,4,1,,S07_Adhaerenz_2026-09-25.R
S07.V01.ADH.X.IG.GANZ,0,1,,S07_Adhaerenz_2026-09-25.R
S07.V02.ADH.X.IG.GANZ,2,1,,S07_Adhaerenz_2026-09-25.R
S07.V03.ADH.X.IG.GANZ,0,1,,S07_Adhaerenz_2026-09-25.R
S07.V04.ADH.X.IG.GANZ,1,1,,S07_Adhaerenz_2026-09-25.R
S07.V05.ADH.X.IG.GANZ,1,1,,S07_Adhaerenz_2026-09-25.R
S07.V06.ADH.X.IG.GANZ,2,1,,S07_Adhaerenz_2026-09-25.R
S07.V07.ADH.X.IG.GANZ,3,1,,S07_Adhaerenz_2026-09-25.R
S07.V08.ADH.X.IG.GANZ,2,1,,S07_Adhaerenz_2026-09-25.R
S07.V09.ADH.X.IG.GANZ,2,1,,S07_Adhaerenz_2026-09-25.R
S07.V10.ADH.X.IG.GANZ,0,1,,S07_Adhaerenz_2026-09-25.R
S07.V11.ADH.X.IG.GANZ,0,1,,S07_Adhaerenz_2026-09-25.R
S07.V12.ADH.X.IG.GANZ,1,1,,S07_Adhaerenz_2026-09-25.R
S07.GE01.ADH.X.IG.GANZ,14,1,,S07_Adhaerenz_2026-09-25.R
S07.GE02.ADH.X.IG.GANZ,14,1,,S07_Adhaerenz_2026-09-25.R
S07.GE03.ADH.X.IG.GANZ,12,1,,S07_Adhaerenz_2026-09-25.R
S07.GE04.ADH.X.IG.GANZ,12,1,,S07_Adhaerenz_2026-09-25.R
S07.GE05.ADH.X.IG.GANZ,11,1,,S07_Adhaerenz_2026-09-25.R
S07.GE06.ADH.X.IG.GANZ,10,1,,S07_Adhaerenz_2026-09-25.R
S07.GE06.ADH.X.IG.WOCAP,9,1,,S07_Adhaerenz_2026-09-25.R
S07.GE06.ADH.X.IG.DIST,9,1,,S07_Adhaerenz_2026-09-25.R
S07.GE07.ADH.X.IG.GANZ,8,1,,S07_Adhaerenz_2026-09-25.R
S07.GE08.ADH.X.IG.GANZ,5,1,,S07_Adhaerenz_2026-09-25.R
S07.GE09.ADH.X.IG.GANZ,3,1,,S07_Adhaerenz_2026-09-25.R
S07.GE09.ADH.X.IG.WOCAP,2,1,,S07_Adhaerenz_2026-09-25.R
S07.GE09.ADH.X.IG.DIST,1,1,,S07_Adhaerenz_2026-09-25.R
S07.GE10.ADH.X.IG.GANZ,1,1,,S07_Adhaerenz_2026-09-25.R
S07.GE11.ADH.X.IG.GANZ,1,1,,S07_Adhaerenz_2026-09-25.R
S07.GE12.ADH.X.IG.GANZ,1,1,,S07_Adhaerenz_2026-09-25.R
S07.MED.ADH.X.IG.GANZ,6.0000000000000000,Einheiten,,S07_Adhaerenz_2026-09-25.R
S07.MITT.ADH.X.IG.GANZ,5.1111111111111107,Einheiten,,S07_Adhaerenz_2026-09-25.R
S07.NMELDSP.ADH.X.IG.X,15,1,,S07_Adhaerenz_2026-09-25.R
S07.ANTW.ADH.W1.IG.GANZ,0.44444444444444442,1,,S07_Adhaerenz_2026-09-25.R
S07.ANTW.ADH.W2.IG.GANZ,0.55555555555555558,1,,S07_Adhaerenz_2026-09-25.R
S07.ANTW.ADH.W3.IG.GANZ,0.44444444444444442,1,,S07_Adhaerenz_2026-09-25.R
S07.ANTW.ADH.W4.IG.GANZ,0.50000000000000000,1,,S07_Adhaerenz_2026-09-25.R
S07.ANTW.ADH.W5.IG.GANZ,0.41666666666666669,1,,S07_Adhaerenz_2026-09-25.R
S07.ANTW.ADH.W6.IG.GANZ,0.19444444444444445,1,,S07_Adhaerenz_2026-09-25.R
S07.N.CR10.X.IG.GANZ,92,1,,S07_Adhaerenz_2026-09-25.R
S07.M.CR10.X.IG.GANZ,2.9021739130434785,1,,S07_Adhaerenz_2026-09-25.R
S07.SD.CR10.X.IG.GANZ,0.91459211600180101,1,,S07_Adhaerenz_2026-09-25.R
S07.MED.CR10.X.IG.GANZ,3.0000000000000000,1,,S07_Adhaerenz_2026-09-25.R
S07.MIN.CR10.X.IG.GANZ,0.0000000000000000,1,,S07_Adhaerenz_2026-09-25.R
S07.MAX.CR10.X.IG.GANZ,5.0000000000000000,1,,S07_Adhaerenz_2026-09-25.R
S07.N.CR10.W1.IG.GANZ,16,1,,S07_Adhaerenz_2026-09-25.R
S07.N.CR10.W2.IG.GANZ,20,1,,S07_Adhaerenz_2026-09-25.R
S07.N.CR10.W3.IG.GANZ,16,1,,S07_Adhaerenz_2026-09-25.R
S07.N.CR10.W4.IG.GANZ,18,1,,S07_Adhaerenz_2026-09-25.R
S07.N.CR10.W5.IG.GANZ,15,1,,S07_Adhaerenz_2026-09-25.R
S07.N.CR10.W6.IG.GANZ,7,1,,S07_Adhaerenz_2026-09-25.R
S07.M.CR10.W1.IG.GANZ,2.8125000000000000,1,,S07_Adhaerenz_2026-09-25.R
S07.M.CR10.W2.IG.GANZ,3.0000000000000000,1,,S07_Adhaerenz_2026-09-25.R
S07.M.CR10.W3.IG.GANZ,2.6250000000000000,1,,S07_Adhaerenz_2026-09-25.R
S07.M.CR10.W4.IG.GANZ,2.8333333333333335,1,,S07_Adhaerenz_2026-09-25.R
S07.M.CR10.W5.IG.GANZ,3.2666666666666666,1,,S07_Adhaerenz_2026-09-25.R
S07.M.CR10.W6.IG.GANZ,2.8571428571428572,1,,S07_Adhaerenz_2026-09-25.R
S07.SD.CR10.W1.IG.GANZ,0.65510813356778486,1,,S07_Adhaerenz_2026-09-25.R
S07.SD.CR10.W2.IG.GANZ,0.64888568452305018,1,,S07_Adhaerenz_2026-09-25.R
S07.SD.CR10.W3.IG.GANZ,0.50000000000000000,1,,S07_Adhaerenz_2026-09-25.R
S07.SD.CR10.W4.IG.GANZ,1.2485285456935955,1,,S07_Adhaerenz_2026-09-25.R
S07.SD.CR10.W5.IG.GANZ,1.1629191512658790,1,,S07_Adhaerenz_2026-09-25.R
S07.SD.CR10.W6.IG.GANZ,1.2149857925879117,1,,S07_Adhaerenz_2026-09-25.R
S07.N.LOAD.X.IG.GANZ,92,1,,S07_Adhaerenz_2026-09-25.R
S07.M.LOAD.X.IG.GANZ,106.66974637681159,AU,,S07_Adhaerenz_2026-09-25.R
S07.SD.LOAD.X.IG.GANZ,35.873449384649909,AU,,S07_Adhaerenz_2026-09-25.R
S07.MED.LOAD.X.IG.GANZ,110.75000000000000,AU,,S07_Adhaerenz_2026-09-25.R
S07.MIN.LOAD.X.IG.GANZ,0.0000000000000000,AU,,S07_Adhaerenz_2026-09-25.R
S07.MAX.LOAD.X.IG.GANZ,199.66666666666666,AU,,S07_Adhaerenz_2026-09-25.R
S07.N.LOAD.W1.IG.GANZ,16,1,,S07_Adhaerenz_2026-09-25.R
S07.N.LOAD.W2.IG.GANZ,20,1,,S07_Adhaerenz_2026-09-25.R
S07.N.LOAD.W3.IG.GANZ,16,1,,S07_Adhaerenz_2026-09-25.R
S07.N.LOAD.W4.IG.GANZ,18,1,,S07_Adhaerenz_2026-09-25.R
S07.N.LOAD.W5.IG.GANZ,15,1,,S07_Adhaerenz_2026-09-25.R
S07.N.LOAD.W6.IG.GANZ,7,1,,S07_Adhaerenz_2026-09-25.R
S07.M.LOAD.W1.IG.GANZ,104.48437500000000,AU,,S07_Adhaerenz_2026-09-25.R
S07.M.LOAD.W2.IG.GANZ,110.75000000000000,AU,,S07_Adhaerenz_2026-09-25.R
S07.M.LOAD.W3.IG.GANZ,87.062500000000000,AU,,S07_Adhaerenz_2026-09-25.R
S07.M.LOAD.W4.IG.GANZ,98.599999999999994,AU,,S07_Adhaerenz_2026-09-25.R
S07.M.LOAD.W5.IG.GANZ,130.44888888888889,AU,,S07_Adhaerenz_2026-09-25.R
S07.M.LOAD.W6.IG.GANZ,114.61904761904762,AU,,S07_Adhaerenz_2026-09-25.R
S07.SD.LOAD.W1.IG.GANZ,24.337267162043204,AU,,S07_Adhaerenz_2026-09-25.R
S07.SD.LOAD.W2.IG.GANZ,23.954696520309266,AU,,S07_Adhaerenz_2026-09-25.R
S07.SD.LOAD.W3.IG.GANZ,16.583333333333336,AU,,S07_Adhaerenz_2026-09-25.R
S07.SD.LOAD.W4.IG.GANZ,43.448793390137126,AU,,S07_Adhaerenz_2026-09-25.R
S07.SD.LOAD.W5.IG.GANZ,46.439238107217427,AU,,S07_Adhaerenz_2026-09-25.R
S07.SD.LOAD.W6.IG.GANZ,48.741180045985061,AU,,S07_Adhaerenz_2026-09-25.R
S07.UE.FB.X.IG.X,12,1,,S07_Adhaerenz_2026-09-25.R
S07.UE.FB.X.IG.GANZ,8,1,,S07_Adhaerenz_2026-09-25.R
S07.UE.FB.X.IG.TEILW,2,1,,S07_Adhaerenz_2026-09-25.R
S07.UE.FB.X.IG.GARN,2,1,,S07_Adhaerenz_2026-09-25.R
S07.UESP.FB.X.IG.X,9,1,,S07_Adhaerenz_2026-09-25.R
S08.N.Z05.X.ITTIG.X,16,1,,S08_Analysesets_2026-09-25.R
S08.N.Z05.X.ITTKG.X,7,1,,S08_Analysesets_2026-09-25.R
S08.N.Z10.X.ITTIG.X,7,1,,S08_Analysesets_2026-09-25.R
S08.N.Z10.X.ITTKG.X,10,1,,S08_Analysesets_2026-09-25.R
S08.N.Z30.X.ITTIG.X,16,1,,S08_Analysesets_2026-09-25.R
S08.N.Z30.X.ITTKG.X,10,1,,S08_Analysesets_2026-09-25.R
S08.N.SBJ.X.ITTIG.X,16,1,,S08_Analysesets_2026-09-25.R
S08.N.SBJ.X.ITTKG.X,10,1,,S08_Analysesets_2026-09-25.R
S08.N.CL.X.ITTIG.X,15,1,,S08_Analysesets_2026-09-25.R
S08.N.CL.X.ITTKG.X,10,1,,S08_Analysesets_2026-09-25.R
S08.N.CR.X.ITTIG.X,14,1,,S08_Analysesets_2026-09-25.R
S08.N.CR.X.ITTKG.X,10,1,,S08_Analysesets_2026-09-25.R
S08.N.CM.X.ITTIG.X,13,1,,S08_Analysesets_2026-09-25.R
S08.N.CM.X.ITTKG.X,10,1,,S08_Analysesets_2026-09-25.R
S08.N.Z30.X.PP5IG.X,10,1,,S08_Analysesets_2026-09-25.R
S08.N.Z30.X.PP6IG.X,9,1,,S08_Analysesets_2026-09-25.R
S08.N.Z30.X.PP7IG.X,8,1,,S08_Analysesets_2026-09-25.R
S08.N.Z30.X.AK9IG.X,3,1,,S08_Analysesets_2026-09-25.R
S08.N.Z30.X.FAMSIG.X,16,1,,S08_Analysesets_2026-09-25.R
S08.N.Z30.X.FAMSKG.X,10,1,,S08_Analysesets_2026-09-25.R
S08.N.CM.X.PP5IG.X,8,1,,S08_Analysesets_2026-09-25.R
S08.N.CM.X.PP6IG.X,7,1,,S08_Analysesets_2026-09-25.R
S08.N.CM.X.PP7IG.X,6,1,,S08_Analysesets_2026-09-25.R
S08.N.CM.X.AK9IG.X,3,1,,S08_Analysesets_2026-09-25.R
S08.N.CM.X.FAMSIG.X,13,1,,S08_Analysesets_2026-09-25.R
S08.N.CM.X.FAMSKG.X,10,1,,S08_Analysesets_2026-09-25.R
S08.N.SBJ.X.PP5IG.X,10,1,,S08_Analysesets_2026-09-25.R
S08.N.SBJ.X.PP6IG.X,9,1,,S08_Analysesets_2026-09-25.R
S08.N.SBJ.X.PP7IG.X,8,1,,S08_Analysesets_2026-09-25.R
S08.N.SBJ.X.AK9IG.X,3,1,,S08_Analysesets_2026-09-25.R
S08.N.SBJ.X.FAMSIG.X,16,1,,S08_Analysesets_2026-09-25.R
S08.N.SBJ.X.FAMSKG.X,10,1,,S08_Analysesets_2026-09-25.R
S08.INF.Z30.X.ITT.X,1,1,,S08_Analysesets_2026-09-25.R
S08.INF.Z30.X.PP5.X,1,1,,S08_Analysesets_2026-09-25.R
S08.INF.Z30.X.PP6.X,1,1,,S08_Analysesets_2026-09-25.R
S08.INF.Z30.X.PP7.X,1,1,,S08_Analysesets_2026-09-25.R
S08.INF.Z30.X.FAMS.X,1,1,,S08_Analysesets_2026-09-25.R
S08.INF.CM.X.ITT.X,1,1,,S08_Analysesets_2026-09-25.R
S08.INF.CM.X.PP5.X,1,1,,S08_Analysesets_2026-09-25.R
S08.INF.CM.X.PP6.X,0,1,,S08_Analysesets_2026-09-25.R
S08.INF.CM.X.PP7.X,0,1,,S08_Analysesets_2026-09-25.R
S08.INF.CM.X.FAMS.X,1,1,,S08_Analysesets_2026-09-25.R
S08.INF.SBJ.X.ITT.X,1,1,,S08_Analysesets_2026-09-25.R
S08.INF.SBJ.X.PP5.X,1,1,,S08_Analysesets_2026-09-25.R
S08.INF.SBJ.X.PP6.X,1,1,,S08_Analysesets_2026-09-25.R
S08.INF.SBJ.X.PP7.X,1,1,,S08_Analysesets_2026-09-25.R
S08.INF.SBJ.X.FAMS.X,1,1,,S08_Analysesets_2026-09-25.R
S08.MITGL.Z05.X.PBW-01.ITT,1,1,,S08_Analysesets_2026-09-25.R
S08.MITGL.Z05.X.PBW-02.ITT,1,1,,S08_Analysesets_2026-09-25.R
S08.MITGL.Z05.X.PBW-04.ITT,1,1,,S08_Analysesets_2026-09-25.R
S08.MITGL.Z05.X.PBW-05.ITT,1,1,,S08_Analysesets_2026-09-25.R
S08.MITGL.Z05.X.PBW-06.ITT,1,1,,S08_Analysesets_2026-09-25.R
S08.MITGL.Z05.X.PBW-07.ITT,0,1,,S08_Analysesets_2026-09-25.R
S08.MITGL.Z05.X.PBW-08.ITT,1,1,,S08_Analysesets_2026-09-25.R
S08.MITGL.Z05.X.PBW-09.ITT,1,1,,S08_Analysesets_2026-09-25.R
S08.MITGL.Z05.X.PBW-10.ITT,1,1,,S08_Analysesets_2026-09-25.R
S08.MITGL.Z05.X.PBW-11.ITT,1,1,,S08_Analysesets_2026-09-25.R
S08.MITGL.Z05.X.PBW-21.ITT,0,1,,S08_Analysesets_2026-09-25.R
S08.MITGL.Z05.X.PHL-01.ITT,1,1,,S08_Analysesets_2026-09-25.R
S08.MITGL.Z05.X.PHL-02.ITT,1,1,,S08_Analysesets_2026-09-25.R
S08.MITGL.Z05.X.PHL-03.ITT,1,1,,S08_Analysesets_2026-09-25.R
S08.MITGL.Z05.X.PHL-05.ITT,1,1,,S08_Analysesets_2026-09-25.R
S08.MITGL.Z05.X.PHL-06.ITT,1,1,,S08_Analysesets_2026-09-25.R
S08.MITGL.Z05.X.PHL-07.ITT,1,1,,S08_Analysesets_2026-09-25.R
S08.MITGL.Z05.X.PHL-08.ITT,1,1,,S08_Analysesets_2026-09-25.R
S08.MITGL.Z05.X.PVS-01.ITT,1,1,,S08_Analysesets_2026-09-25.R
S08.MITGL.Z05.X.PVS-02.ITT,1,1,,S08_Analysesets_2026-09-25.R
S08.MITGL.Z05.X.PVS-03.ITT,1,1,,S08_Analysesets_2026-09-25.R
S08.MITGL.Z05.X.PVS-04.ITT,1,1,,S08_Analysesets_2026-09-25.R
S08.MITGL.Z05.X.PVS-05.ITT,1,1,,S08_Analysesets_2026-09-25.R
S08.MITGL.Z05.X.PVS-06.ITT,0,1,,S08_Analysesets_2026-09-25.R
S08.MITGL.Z05.X.PVS-07.ITT,0,1,,S08_Analysesets_2026-09-25.R
S08.MITGL.Z05.X.PVS-08.ITT,0,1,,S08_Analysesets_2026-09-25.R
S08.MITGL.Z05.X.PVS-10.ITT,1,1,,S08_Analysesets_2026-09-25.R
S08.MITGL.Z05.X.PVS-16.ITT,0,1,,S08_Analysesets_2026-09-25.R
S08.MITGL.Z05.X.PVS-17.ITT,0,1,,S08_Analysesets_2026-09-25.R
S08.MITGL.Z05.X.PVS-18.ITT,0,1,,S08_Analysesets_2026-09-25.R
S08.MITGL.Z05.X.PVS-11.ITT,1,1,,S08_Analysesets_2026-09-25.R
S08.MITGL.Z10.X.PBW-01.ITT,0,1,,S08_Analysesets_2026-09-25.R
S08.MITGL.Z10.X.PBW-02.ITT,0,1,,S08_Analysesets_2026-09-25.R
S08.MITGL.Z10.X.PBW-04.ITT,0,1,,S08_Analysesets_2026-09-25.R
S08.MITGL.Z10.X.PBW-05.ITT,0,1,,S08_Analysesets_2026-09-25.R
S08.MITGL.Z10.X.PBW-06.ITT,0,1,,S08_Analysesets_2026-09-25.R
S08.MITGL.Z10.X.PBW-07.ITT,0,1,,S08_Analysesets_2026-09-25.R
S08.MITGL.Z10.X.PBW-08.ITT,0,1,,S08_Analysesets_2026-09-25.R
S08.MITGL.Z10.X.PBW-09.ITT,0,1,,S08_Analysesets_2026-09-25.R
S08.MITGL.Z10.X.PBW-10.ITT,0,1,,S08_Analysesets_2026-09-25.R
S08.MITGL.Z10.X.PBW-11.ITT,0,1,,S08_Analysesets_2026-09-25.R
S08.MITGL.Z10.X.PBW-21.ITT,0,1,,S08_Analysesets_2026-09-25.R
S08.MITGL.Z10.X.PHL-01.ITT,1,1,,S08_Analysesets_2026-09-25.R
S08.MITGL.Z10.X.PHL-02.ITT,1,1,,S08_Analysesets_2026-09-25.R
S08.MITGL.Z10.X.PHL-03.ITT,1,1,,S08_Analysesets_2026-09-25.R
S08.MITGL.Z10.X.PHL-05.ITT,1,1,,S08_Analysesets_2026-09-25.R
S08.MITGL.Z10.X.PHL-06.ITT,1,1,,S08_Analysesets_2026-09-25.R
S08.MITGL.Z10.X.PHL-07.ITT,1,1,,S08_Analysesets_2026-09-25.R
S08.MITGL.Z10.X.PHL-08.ITT,1,1,,S08_Analysesets_2026-09-25.R
S08.MITGL.Z10.X.PVS-01.ITT,1,1,,S08_Analysesets_2026-09-25.R
S08.MITGL.Z10.X.PVS-02.ITT,1,1,,S08_Analysesets_2026-09-25.R
S08.MITGL.Z10.X.PVS-03.ITT,1,1,,S08_Analysesets_2026-09-25.R
S08.MITGL.Z10.X.PVS-04.ITT,1,1,,S08_Analysesets_2026-09-25.R
S08.MITGL.Z10.X.PVS-05.ITT,1,1,,S08_Analysesets_2026-09-25.R
S08.MITGL.Z10.X.PVS-06.ITT,1,1,,S08_Analysesets_2026-09-25.R
S08.MITGL.Z10.X.PVS-07.ITT,0,1,,S08_Analysesets_2026-09-25.R
S08.MITGL.Z10.X.PVS-08.ITT,1,1,,S08_Analysesets_2026-09-25.R
S08.MITGL.Z10.X.PVS-10.ITT,1,1,,S08_Analysesets_2026-09-25.R
S08.MITGL.Z10.X.PVS-16.ITT,0,1,,S08_Analysesets_2026-09-25.R
S08.MITGL.Z10.X.PVS-17.ITT,1,1,,S08_Analysesets_2026-09-25.R
S08.MITGL.Z10.X.PVS-18.ITT,0,1,,S08_Analysesets_2026-09-25.R
S08.MITGL.Z10.X.PVS-11.ITT,1,1,,S08_Analysesets_2026-09-25.R
S08.MITGL.Z30.X.PBW-01.ITT,1,1,,S08_Analysesets_2026-09-25.R
S08.MITGL.Z30.X.PBW-02.ITT,1,1,,S08_Analysesets_2026-09-25.R
S08.MITGL.Z30.X.PBW-04.ITT,1,1,,S08_Analysesets_2026-09-25.R
S08.MITGL.Z30.X.PBW-05.ITT,1,1,,S08_Analysesets_2026-09-25.R
S08.MITGL.Z30.X.PBW-06.ITT,1,1,,S08_Analysesets_2026-09-25.R
S08.MITGL.Z30.X.PBW-07.ITT,0,1,,S08_Analysesets_2026-09-25.R
S08.MITGL.Z30.X.PBW-08.ITT,1,1,,S08_Analysesets_2026-09-25.R
S08.MITGL.Z30.X.PBW-09.ITT,1,1,,S08_Analysesets_2026-09-25.R
S08.MITGL.Z30.X.PBW-10.ITT,1,1,,S08_Analysesets_2026-09-25.R
S08.MITGL.Z30.X.PBW-11.ITT,1,1,,S08_Analysesets_2026-09-25.R
S08.MITGL.Z30.X.PBW-21.ITT,0,1,,S08_Analysesets_2026-09-25.R
S08.MITGL.Z30.X.PHL-01.ITT,1,1,,S08_Analysesets_2026-09-25.R
S08.MITGL.Z30.X.PHL-02.ITT,1,1,,S08_Analysesets_2026-09-25.R
S08.MITGL.Z30.X.PHL-03.ITT,1,1,,S08_Analysesets_2026-09-25.R
S08.MITGL.Z30.X.PHL-05.ITT,1,1,,S08_Analysesets_2026-09-25.R
S08.MITGL.Z30.X.PHL-06.ITT,1,1,,S08_Analysesets_2026-09-25.R
S08.MITGL.Z30.X.PHL-07.ITT,1,1,,S08_Analysesets_2026-09-25.R
S08.MITGL.Z30.X.PHL-08.ITT,1,1,,S08_Analysesets_2026-09-25.R
S08.MITGL.Z30.X.PVS-01.ITT,1,1,,S08_Analysesets_2026-09-25.R
S08.MITGL.Z30.X.PVS-02.ITT,1,1,,S08_Analysesets_2026-09-25.R
S08.MITGL.Z30.X.PVS-03.ITT,1,1,,S08_Analysesets_2026-09-25.R
S08.MITGL.Z30.X.PVS-04.ITT,1,1,,S08_Analysesets_2026-09-25.R
S08.MITGL.Z30.X.PVS-05.ITT,1,1,,S08_Analysesets_2026-09-25.R
S08.MITGL.Z30.X.PVS-06.ITT,1,1,,S08_Analysesets_2026-09-25.R
S08.MITGL.Z30.X.PVS-07.ITT,0,1,,S08_Analysesets_2026-09-25.R
S08.MITGL.Z30.X.PVS-08.ITT,1,1,,S08_Analysesets_2026-09-25.R
S08.MITGL.Z30.X.PVS-10.ITT,1,1,,S08_Analysesets_2026-09-25.R
S08.MITGL.Z30.X.PVS-16.ITT,0,1,,S08_Analysesets_2026-09-25.R
S08.MITGL.Z30.X.PVS-17.ITT,1,1,,S08_Analysesets_2026-09-25.R
S08.MITGL.Z30.X.PVS-18.ITT,0,1,,S08_Analysesets_2026-09-25.R
S08.MITGL.Z30.X.PVS-11.ITT,1,1,,S08_Analysesets_2026-09-25.R
S08.MITGL.SBJ.X.PBW-01.ITT,1,1,,S08_Analysesets_2026-09-25.R
S08.MITGL.SBJ.X.PBW-02.ITT,1,1,,S08_Analysesets_2026-09-25.R
S08.MITGL.SBJ.X.PBW-04.ITT,1,1,,S08_Analysesets_2026-09-25.R
S08.MITGL.SBJ.X.PBW-05.ITT,1,1,,S08_Analysesets_2026-09-25.R
S08.MITGL.SBJ.X.PBW-06.ITT,1,1,,S08_Analysesets_2026-09-25.R
S08.MITGL.SBJ.X.PBW-07.ITT,0,1,,S08_Analysesets_2026-09-25.R
S08.MITGL.SBJ.X.PBW-08.ITT,1,1,,S08_Analysesets_2026-09-25.R
S08.MITGL.SBJ.X.PBW-09.ITT,1,1,,S08_Analysesets_2026-09-25.R
S08.MITGL.SBJ.X.PBW-10.ITT,1,1,,S08_Analysesets_2026-09-25.R
S08.MITGL.SBJ.X.PBW-11.ITT,1,1,,S08_Analysesets_2026-09-25.R
S08.MITGL.SBJ.X.PBW-21.ITT,0,1,,S08_Analysesets_2026-09-25.R
S08.MITGL.SBJ.X.PHL-01.ITT,1,1,,S08_Analysesets_2026-09-25.R
S08.MITGL.SBJ.X.PHL-02.ITT,1,1,,S08_Analysesets_2026-09-25.R
S08.MITGL.SBJ.X.PHL-03.ITT,1,1,,S08_Analysesets_2026-09-25.R
S08.MITGL.SBJ.X.PHL-05.ITT,1,1,,S08_Analysesets_2026-09-25.R
S08.MITGL.SBJ.X.PHL-06.ITT,1,1,,S08_Analysesets_2026-09-25.R
S08.MITGL.SBJ.X.PHL-07.ITT,1,1,,S08_Analysesets_2026-09-25.R
S08.MITGL.SBJ.X.PHL-08.ITT,1,1,,S08_Analysesets_2026-09-25.R
S08.MITGL.SBJ.X.PVS-01.ITT,1,1,,S08_Analysesets_2026-09-25.R
S08.MITGL.SBJ.X.PVS-02.ITT,1,1,,S08_Analysesets_2026-09-25.R
S08.MITGL.SBJ.X.PVS-03.ITT,1,1,,S08_Analysesets_2026-09-25.R
S08.MITGL.SBJ.X.PVS-04.ITT,1,1,,S08_Analysesets_2026-09-25.R
S08.MITGL.SBJ.X.PVS-05.ITT,1,1,,S08_Analysesets_2026-09-25.R
S08.MITGL.SBJ.X.PVS-06.ITT,1,1,,S08_Analysesets_2026-09-25.R
S08.MITGL.SBJ.X.PVS-07.ITT,0,1,,S08_Analysesets_2026-09-25.R
S08.MITGL.SBJ.X.PVS-08.ITT,1,1,,S08_Analysesets_2026-09-25.R
S08.MITGL.SBJ.X.PVS-10.ITT,1,1,,S08_Analysesets_2026-09-25.R
S08.MITGL.SBJ.X.PVS-16.ITT,0,1,,S08_Analysesets_2026-09-25.R
S08.MITGL.SBJ.X.PVS-17.ITT,1,1,,S08_Analysesets_2026-09-25.R
S08.MITGL.SBJ.X.PVS-18.ITT,0,1,,S08_Analysesets_2026-09-25.R
S08.MITGL.SBJ.X.PVS-11.ITT,1,1,,S08_Analysesets_2026-09-25.R
S08.MITGL.CL.X.PBW-01.ITT,1,1,,S08_Analysesets_2026-09-25.R
S08.MITGL.CL.X.PBW-02.ITT,1,1,,S08_Analysesets_2026-09-25.R
S08.MITGL.CL.X.PBW-04.ITT,1,1,,S08_Analysesets_2026-09-25.R
S08.MITGL.CL.X.PBW-05.ITT,1,1,,S08_Analysesets_2026-09-25.R
S08.MITGL.CL.X.PBW-06.ITT,1,1,,S08_Analysesets_2026-09-25.R
S08.MITGL.CL.X.PBW-07.ITT,0,1,,S08_Analysesets_2026-09-25.R
S08.MITGL.CL.X.PBW-08.ITT,1,1,,S08_Analysesets_2026-09-25.R
S08.MITGL.CL.X.PBW-09.ITT,1,1,,S08_Analysesets_2026-09-25.R
S08.MITGL.CL.X.PBW-10.ITT,1,1,,S08_Analysesets_2026-09-25.R
S08.MITGL.CL.X.PBW-11.ITT,1,1,,S08_Analysesets_2026-09-25.R
S08.MITGL.CL.X.PBW-21.ITT,0,1,,S08_Analysesets_2026-09-25.R
S08.MITGL.CL.X.PHL-01.ITT,1,1,,S08_Analysesets_2026-09-25.R
S08.MITGL.CL.X.PHL-02.ITT,1,1,,S08_Analysesets_2026-09-25.R
S08.MITGL.CL.X.PHL-03.ITT,1,1,,S08_Analysesets_2026-09-25.R
S08.MITGL.CL.X.PHL-05.ITT,1,1,,S08_Analysesets_2026-09-25.R
S08.MITGL.CL.X.PHL-06.ITT,1,1,,S08_Analysesets_2026-09-25.R
S08.MITGL.CL.X.PHL-07.ITT,0,1,,S08_Analysesets_2026-09-25.R
S08.MITGL.CL.X.PHL-08.ITT,1,1,,S08_Analysesets_2026-09-25.R
S08.MITGL.CL.X.PVS-01.ITT,1,1,,S08_Analysesets_2026-09-25.R
S08.MITGL.CL.X.PVS-02.ITT,1,1,,S08_Analysesets_2026-09-25.R
S08.MITGL.CL.X.PVS-03.ITT,1,1,,S08_Analysesets_2026-09-25.R
S08.MITGL.CL.X.PVS-04.ITT,1,1,,S08_Analysesets_2026-09-25.R
S08.MITGL.CL.X.PVS-05.ITT,1,1,,S08_Analysesets_2026-09-25.R
S08.MITGL.CL.X.PVS-06.ITT,1,1,,S08_Analysesets_2026-09-25.R
S08.MITGL.CL.X.PVS-07.ITT,0,1,,S08_Analysesets_2026-09-25.R
S08.MITGL.CL.X.PVS-08.ITT,1,1,,S08_Analysesets_2026-09-25.R
S08.MITGL.CL.X.PVS-10.ITT,1,1,,S08_Analysesets_2026-09-25.R
S08.MITGL.CL.X.PVS-16.ITT,0,1,,S08_Analysesets_2026-09-25.R
S08.MITGL.CL.X.PVS-17.ITT,1,1,,S08_Analysesets_2026-09-25.R
S08.MITGL.CL.X.PVS-18.ITT,0,1,,S08_Analysesets_2026-09-25.R
S08.MITGL.CL.X.PVS-11.ITT,1,1,,S08_Analysesets_2026-09-25.R
S08.MITGL.CR.X.PBW-01.ITT,1,1,,S08_Analysesets_2026-09-25.R
S08.MITGL.CR.X.PBW-02.ITT,1,1,,S08_Analysesets_2026-09-25.R
S08.MITGL.CR.X.PBW-04.ITT,1,1,,S08_Analysesets_2026-09-25.R
S08.MITGL.CR.X.PBW-05.ITT,0,1,,S08_Analysesets_2026-09-25.R
S08.MITGL.CR.X.PBW-06.ITT,1,1,,S08_Analysesets_2026-09-25.R
S08.MITGL.CR.X.PBW-07.ITT,0,1,,S08_Analysesets_2026-09-25.R
S08.MITGL.CR.X.PBW-08.ITT,1,1,,S08_Analysesets_2026-09-25.R
S08.MITGL.CR.X.PBW-09.ITT,1,1,,S08_Analysesets_2026-09-25.R
S08.MITGL.CR.X.PBW-10.ITT,1,1,,S08_Analysesets_2026-09-25.R
S08.MITGL.CR.X.PBW-11.ITT,0,1,,S08_Analysesets_2026-09-25.R
S08.MITGL.CR.X.PBW-21.ITT,0,1,,S08_Analysesets_2026-09-25.R
S08.MITGL.CR.X.PHL-01.ITT,1,1,,S08_Analysesets_2026-09-25.R
S08.MITGL.CR.X.PHL-02.ITT,1,1,,S08_Analysesets_2026-09-25.R
S08.MITGL.CR.X.PHL-03.ITT,1,1,,S08_Analysesets_2026-09-25.R
S08.MITGL.CR.X.PHL-05.ITT,1,1,,S08_Analysesets_2026-09-25.R
S08.MITGL.CR.X.PHL-06.ITT,1,1,,S08_Analysesets_2026-09-25.R
S08.MITGL.CR.X.PHL-07.ITT,1,1,,S08_Analysesets_2026-09-25.R
S08.MITGL.CR.X.PHL-08.ITT,1,1,,S08_Analysesets_2026-09-25.R
S08.MITGL.CR.X.PVS-01.ITT,1,1,,S08_Analysesets_2026-09-25.R
S08.MITGL.CR.X.PVS-02.ITT,1,1,,S08_Analysesets_2026-09-25.R
S08.MITGL.CR.X.PVS-03.ITT,1,1,,S08_Analysesets_2026-09-25.R
S08.MITGL.CR.X.PVS-04.ITT,1,1,,S08_Analysesets_2026-09-25.R
S08.MITGL.CR.X.PVS-05.ITT,1,1,,S08_Analysesets_2026-09-25.R
S08.MITGL.CR.X.PVS-06.ITT,1,1,,S08_Analysesets_2026-09-25.R
S08.MITGL.CR.X.PVS-07.ITT,0,1,,S08_Analysesets_2026-09-25.R
S08.MITGL.CR.X.PVS-08.ITT,1,1,,S08_Analysesets_2026-09-25.R
S08.MITGL.CR.X.PVS-10.ITT,1,1,,S08_Analysesets_2026-09-25.R
S08.MITGL.CR.X.PVS-16.ITT,0,1,,S08_Analysesets_2026-09-25.R
S08.MITGL.CR.X.PVS-17.ITT,1,1,,S08_Analysesets_2026-09-25.R
S08.MITGL.CR.X.PVS-18.ITT,0,1,,S08_Analysesets_2026-09-25.R
S08.MITGL.CR.X.PVS-11.ITT,1,1,,S08_Analysesets_2026-09-25.R
S08.MITGL.CM.X.PBW-01.ITT,1,1,,S08_Analysesets_2026-09-25.R
S08.MITGL.CM.X.PBW-02.ITT,1,1,,S08_Analysesets_2026-09-25.R
S08.MITGL.CM.X.PBW-04.ITT,1,1,,S08_Analysesets_2026-09-25.R
S08.MITGL.CM.X.PBW-05.ITT,0,1,,S08_Analysesets_2026-09-25.R
S08.MITGL.CM.X.PBW-06.ITT,1,1,,S08_Analysesets_2026-09-25.R
S08.MITGL.CM.X.PBW-07.ITT,0,1,,S08_Analysesets_2026-09-25.R
S08.MITGL.CM.X.PBW-08.ITT,1,1,,S08_Analysesets_2026-09-25.R
S08.MITGL.CM.X.PBW-09.ITT,1,1,,S08_Analysesets_2026-09-25.R
S08.MITGL.CM.X.PBW-10.ITT,1,1,,S08_Analysesets_2026-09-25.R
S08.MITGL.CM.X.PBW-11.ITT,0,1,,S08_Analysesets_2026-09-25.R
S08.MITGL.CM.X.PBW-21.ITT,0,1,,S08_Analysesets_2026-09-25.R
S08.MITGL.CM.X.PHL-01.ITT,1,1,,S08_Analysesets_2026-09-25.R
S08.MITGL.CM.X.PHL-02.ITT,1,1,,S08_Analysesets_2026-09-25.R
S08.MITGL.CM.X.PHL-03.ITT,1,1,,S08_Analysesets_2026-09-25.R
S08.MITGL.CM.X.PHL-05.ITT,1,1,,S08_Analysesets_2026-09-25.R
S08.MITGL.CM.X.PHL-06.ITT,1,1,,S08_Analysesets_2026-09-25.R
S08.MITGL.CM.X.PHL-07.ITT,0,1,,S08_Analysesets_2026-09-25.R
S08.MITGL.CM.X.PHL-08.ITT,1,1,,S08_Analysesets_2026-09-25.R
S08.MITGL.CM.X.PVS-01.ITT,1,1,,S08_Analysesets_2026-09-25.R
S08.MITGL.CM.X.PVS-02.ITT,1,1,,S08_Analysesets_2026-09-25.R
S08.MITGL.CM.X.PVS-03.ITT,1,1,,S08_Analysesets_2026-09-25.R
S08.MITGL.CM.X.PVS-04.ITT,1,1,,S08_Analysesets_2026-09-25.R
S08.MITGL.CM.X.PVS-05.ITT,1,1,,S08_Analysesets_2026-09-25.R
S08.MITGL.CM.X.PVS-06.ITT,1,1,,S08_Analysesets_2026-09-25.R
S08.MITGL.CM.X.PVS-07.ITT,0,1,,S08_Analysesets_2026-09-25.R
S08.MITGL.CM.X.PVS-08.ITT,1,1,,S08_Analysesets_2026-09-25.R
S08.MITGL.CM.X.PVS-10.ITT,1,1,,S08_Analysesets_2026-09-25.R
S08.MITGL.CM.X.PVS-16.ITT,0,1,,S08_Analysesets_2026-09-25.R
S08.MITGL.CM.X.PVS-17.ITT,1,1,,S08_Analysesets_2026-09-25.R
S08.MITGL.CM.X.PVS-18.ITT,0,1,,S08_Analysesets_2026-09-25.R
S08.MITGL.CM.X.PVS-11.ITT,1,1,,S08_Analysesets_2026-09-25.R
S08.MITGL.Z30.X.PBW-01.PP5,0,1,,S08_Analysesets_2026-09-25.R
S08.MITGL.Z30.X.PBW-02.PP5,1,1,,S08_Analysesets_2026-09-25.R
S08.MITGL.Z30.X.PBW-04.PP5,1,1,,S08_Analysesets_2026-09-25.R
S08.MITGL.Z30.X.PBW-05.PP5,1,1,,S08_Analysesets_2026-09-25.R
S08.MITGL.Z30.X.PBW-06.PP5,0,1,,S08_Analysesets_2026-09-25.R
S08.MITGL.Z30.X.PBW-07.PP5,0,1,,S08_Analysesets_2026-09-25.R
S08.MITGL.Z30.X.PBW-08.PP5,1,1,,S08_Analysesets_2026-09-25.R
S08.MITGL.Z30.X.PBW-09.PP5,1,1,,S08_Analysesets_2026-09-25.R
S08.MITGL.Z30.X.PBW-10.PP5,1,1,,S08_Analysesets_2026-09-25.R
S08.MITGL.Z30.X.PBW-11.PP5,0,1,,S08_Analysesets_2026-09-25.R
S08.MITGL.Z30.X.PBW-21.PP5,0,1,,S08_Analysesets_2026-09-25.R
S08.MITGL.Z30.X.PHL-01.PP5,1,1,,S08_Analysesets_2026-09-25.R
S08.MITGL.Z30.X.PHL-02.PP5,1,1,,S08_Analysesets_2026-09-25.R
S08.MITGL.Z30.X.PHL-03.PP5,1,1,,S08_Analysesets_2026-09-25.R
S08.MITGL.Z30.X.PHL-05.PP5,0,1,,S08_Analysesets_2026-09-25.R
S08.MITGL.Z30.X.PHL-06.PP5,0,1,,S08_Analysesets_2026-09-25.R
S08.MITGL.Z30.X.PHL-07.PP5,1,1,,S08_Analysesets_2026-09-25.R
S08.MITGL.Z30.X.PHL-08.PP5,0,1,,S08_Analysesets_2026-09-25.R
S08.MITGL.Z30.X.PVS-01.PP5,1,1,,S08_Analysesets_2026-09-25.R
S08.MITGL.Z30.X.PVS-02.PP5,1,1,,S08_Analysesets_2026-09-25.R
S08.MITGL.Z30.X.PVS-03.PP5,1,1,,S08_Analysesets_2026-09-25.R
S08.MITGL.Z30.X.PVS-04.PP5,1,1,,S08_Analysesets_2026-09-25.R
S08.MITGL.Z30.X.PVS-05.PP5,1,1,,S08_Analysesets_2026-09-25.R
S08.MITGL.Z30.X.PVS-06.PP5,1,1,,S08_Analysesets_2026-09-25.R
S08.MITGL.Z30.X.PVS-07.PP5,0,1,,S08_Analysesets_2026-09-25.R
S08.MITGL.Z30.X.PVS-08.PP5,1,1,,S08_Analysesets_2026-09-25.R
S08.MITGL.Z30.X.PVS-10.PP5,1,1,,S08_Analysesets_2026-09-25.R
S08.MITGL.Z30.X.PVS-16.PP5,0,1,,S08_Analysesets_2026-09-25.R
S08.MITGL.Z30.X.PVS-17.PP5,1,1,,S08_Analysesets_2026-09-25.R
S08.MITGL.Z30.X.PVS-18.PP5,0,1,,S08_Analysesets_2026-09-25.R
S08.MITGL.Z30.X.PVS-11.PP5,1,1,,S08_Analysesets_2026-09-25.R
S08.MITGL.Z30.X.PBW-01.PP6,0,1,,S08_Analysesets_2026-09-25.R
S08.MITGL.Z30.X.PBW-02.PP6,1,1,,S08_Analysesets_2026-09-25.R
S08.MITGL.Z30.X.PBW-04.PP6,1,1,,S08_Analysesets_2026-09-25.R
S08.MITGL.Z30.X.PBW-05.PP6,1,1,,S08_Analysesets_2026-09-25.R
S08.MITGL.Z30.X.PBW-06.PP6,0,1,,S08_Analysesets_2026-09-25.R
S08.MITGL.Z30.X.PBW-07.PP6,0,1,,S08_Analysesets_2026-09-25.R
S08.MITGL.Z30.X.PBW-08.PP6,1,1,,S08_Analysesets_2026-09-25.R
S08.MITGL.Z30.X.PBW-09.PP6,1,1,,S08_Analysesets_2026-09-25.R
S08.MITGL.Z30.X.PBW-10.PP6,0,1,,S08_Analysesets_2026-09-25.R
S08.MITGL.Z30.X.PBW-11.PP6,0,1,,S08_Analysesets_2026-09-25.R
S08.MITGL.Z30.X.PBW-21.PP6,0,1,,S08_Analysesets_2026-09-25.R
S08.MITGL.Z30.X.PHL-01.PP6,1,1,,S08_Analysesets_2026-09-25.R
S08.MITGL.Z30.X.PHL-02.PP6,1,1,,S08_Analysesets_2026-09-25.R
S08.MITGL.Z30.X.PHL-03.PP6,1,1,,S08_Analysesets_2026-09-25.R
S08.MITGL.Z30.X.PHL-05.PP6,0,1,,S08_Analysesets_2026-09-25.R
S08.MITGL.Z30.X.PHL-06.PP6,0,1,,S08_Analysesets_2026-09-25.R
S08.MITGL.Z30.X.PHL-07.PP6,1,1,,S08_Analysesets_2026-09-25.R
S08.MITGL.Z30.X.PHL-08.PP6,0,1,,S08_Analysesets_2026-09-25.R
S08.MITGL.Z30.X.PVS-01.PP6,1,1,,S08_Analysesets_2026-09-25.R
S08.MITGL.Z30.X.PVS-02.PP6,1,1,,S08_Analysesets_2026-09-25.R
S08.MITGL.Z30.X.PVS-03.PP6,1,1,,S08_Analysesets_2026-09-25.R
S08.MITGL.Z30.X.PVS-04.PP6,1,1,,S08_Analysesets_2026-09-25.R
S08.MITGL.Z30.X.PVS-05.PP6,1,1,,S08_Analysesets_2026-09-25.R
S08.MITGL.Z30.X.PVS-06.PP6,1,1,,S08_Analysesets_2026-09-25.R
S08.MITGL.Z30.X.PVS-07.PP6,0,1,,S08_Analysesets_2026-09-25.R
S08.MITGL.Z30.X.PVS-08.PP6,1,1,,S08_Analysesets_2026-09-25.R
S08.MITGL.Z30.X.PVS-10.PP6,1,1,,S08_Analysesets_2026-09-25.R
S08.MITGL.Z30.X.PVS-16.PP6,0,1,,S08_Analysesets_2026-09-25.R
S08.MITGL.Z30.X.PVS-17.PP6,1,1,,S08_Analysesets_2026-09-25.R
S08.MITGL.Z30.X.PVS-18.PP6,0,1,,S08_Analysesets_2026-09-25.R
S08.MITGL.Z30.X.PVS-11.PP6,1,1,,S08_Analysesets_2026-09-25.R
S08.MITGL.Z30.X.PBW-01.PP7,0,1,,S08_Analysesets_2026-09-25.R
S08.MITGL.Z30.X.PBW-02.PP7,1,1,,S08_Analysesets_2026-09-25.R
S08.MITGL.Z30.X.PBW-04.PP7,0,1,,S08_Analysesets_2026-09-25.R
S08.MITGL.Z30.X.PBW-05.PP7,1,1,,S08_Analysesets_2026-09-25.R
S08.MITGL.Z30.X.PBW-06.PP7,0,1,,S08_Analysesets_2026-09-25.R
S08.MITGL.Z30.X.PBW-07.PP7,0,1,,S08_Analysesets_2026-09-25.R
S08.MITGL.Z30.X.PBW-08.PP7,1,1,,S08_Analysesets_2026-09-25.R
S08.MITGL.Z30.X.PBW-09.PP7,1,1,,S08_Analysesets_2026-09-25.R
S08.MITGL.Z30.X.PBW-10.PP7,0,1,,S08_Analysesets_2026-09-25.R
S08.MITGL.Z30.X.PBW-11.PP7,0,1,,S08_Analysesets_2026-09-25.R
S08.MITGL.Z30.X.PBW-21.PP7,0,1,,S08_Analysesets_2026-09-25.R
S08.MITGL.Z30.X.PHL-01.PP7,1,1,,S08_Analysesets_2026-09-25.R
S08.MITGL.Z30.X.PHL-02.PP7,1,1,,S08_Analysesets_2026-09-25.R
S08.MITGL.Z30.X.PHL-03.PP7,1,1,,S08_Analysesets_2026-09-25.R
S08.MITGL.Z30.X.PHL-05.PP7,0,1,,S08_Analysesets_2026-09-25.R
S08.MITGL.Z30.X.PHL-06.PP7,0,1,,S08_Analysesets_2026-09-25.R
S08.MITGL.Z30.X.PHL-07.PP7,1,1,,S08_Analysesets_2026-09-25.R
S08.MITGL.Z30.X.PHL-08.PP7,0,1,,S08_Analysesets_2026-09-25.R
S08.MITGL.Z30.X.PVS-01.PP7,1,1,,S08_Analysesets_2026-09-25.R
S08.MITGL.Z30.X.PVS-02.PP7,1,1,,S08_Analysesets_2026-09-25.R
S08.MITGL.Z30.X.PVS-03.PP7,1,1,,S08_Analysesets_2026-09-25.R
S08.MITGL.Z30.X.PVS-04.PP7,1,1,,S08_Analysesets_2026-09-25.R
S08.MITGL.Z30.X.PVS-05.PP7,1,1,,S08_Analysesets_2026-09-25.R
S08.MITGL.Z30.X.PVS-06.PP7,1,1,,S08_Analysesets_2026-09-25.R
S08.MITGL.Z30.X.PVS-07.PP7,0,1,,S08_Analysesets_2026-09-25.R
S08.MITGL.Z30.X.PVS-08.PP7,1,1,,S08_Analysesets_2026-09-25.R
S08.MITGL.Z30.X.PVS-10.PP7,1,1,,S08_Analysesets_2026-09-25.R
S08.MITGL.Z30.X.PVS-16.PP7,0,1,,S08_Analysesets_2026-09-25.R
S08.MITGL.Z30.X.PVS-17.PP7,1,1,,S08_Analysesets_2026-09-25.R
S08.MITGL.Z30.X.PVS-18.PP7,0,1,,S08_Analysesets_2026-09-25.R
S08.MITGL.Z30.X.PVS-11.PP7,1,1,,S08_Analysesets_2026-09-25.R
S08.MITGL.Z30.X.PBW-01.AK9,0,1,,S08_Analysesets_2026-09-25.R
S08.MITGL.Z30.X.PBW-02.AK9,1,1,,S08_Analysesets_2026-09-25.R
S08.MITGL.Z30.X.PBW-04.AK9,0,1,,S08_Analysesets_2026-09-25.R
S08.MITGL.Z30.X.PBW-05.AK9,0,1,,S08_Analysesets_2026-09-25.R
S08.MITGL.Z30.X.PBW-06.AK9,0,1,,S08_Analysesets_2026-09-25.R
S08.MITGL.Z30.X.PBW-07.AK9,0,1,,S08_Analysesets_2026-09-25.R
S08.MITGL.Z30.X.PBW-08.AK9,1,1,,S08_Analysesets_2026-09-25.R
S08.MITGL.Z30.X.PBW-09.AK9,0,1,,S08_Analysesets_2026-09-25.R
S08.MITGL.Z30.X.PBW-10.AK9,0,1,,S08_Analysesets_2026-09-25.R
S08.MITGL.Z30.X.PBW-11.AK9,0,1,,S08_Analysesets_2026-09-25.R
S08.MITGL.Z30.X.PBW-21.AK9,0,1,,S08_Analysesets_2026-09-25.R
S08.MITGL.Z30.X.PHL-01.AK9,0,1,,S08_Analysesets_2026-09-25.R
S08.MITGL.Z30.X.PHL-02.AK9,0,1,,S08_Analysesets_2026-09-25.R
S08.MITGL.Z30.X.PHL-03.AK9,1,1,,S08_Analysesets_2026-09-25.R
S08.MITGL.Z30.X.PHL-05.AK9,0,1,,S08_Analysesets_2026-09-25.R
S08.MITGL.Z30.X.PHL-06.AK9,0,1,,S08_Analysesets_2026-09-25.R
S08.MITGL.Z30.X.PHL-07.AK9,0,1,,S08_Analysesets_2026-09-25.R
S08.MITGL.Z30.X.PHL-08.AK9,0,1,,S08_Analysesets_2026-09-25.R
S08.MITGL.Z30.X.PVS-01.AK9,0,1,,S08_Analysesets_2026-09-25.R
S08.MITGL.Z30.X.PVS-02.AK9,0,1,,S08_Analysesets_2026-09-25.R
S08.MITGL.Z30.X.PVS-03.AK9,0,1,,S08_Analysesets_2026-09-25.R
S08.MITGL.Z30.X.PVS-04.AK9,0,1,,S08_Analysesets_2026-09-25.R
S08.MITGL.Z30.X.PVS-05.AK9,0,1,,S08_Analysesets_2026-09-25.R
S08.MITGL.Z30.X.PVS-06.AK9,0,1,,S08_Analysesets_2026-09-25.R
S08.MITGL.Z30.X.PVS-07.AK9,0,1,,S08_Analysesets_2026-09-25.R
S08.MITGL.Z30.X.PVS-08.AK9,0,1,,S08_Analysesets_2026-09-25.R
S08.MITGL.Z30.X.PVS-10.AK9,0,1,,S08_Analysesets_2026-09-25.R
S08.MITGL.Z30.X.PVS-16.AK9,0,1,,S08_Analysesets_2026-09-25.R
S08.MITGL.Z30.X.PVS-17.AK9,0,1,,S08_Analysesets_2026-09-25.R
S08.MITGL.Z30.X.PVS-18.AK9,0,1,,S08_Analysesets_2026-09-25.R
S08.MITGL.Z30.X.PVS-11.AK9,0,1,,S08_Analysesets_2026-09-25.R
S08.MITGL.Z30.X.PBW-01.FAMS,1,1,,S08_Analysesets_2026-09-25.R
S08.MITGL.Z30.X.PBW-02.FAMS,1,1,,S08_Analysesets_2026-09-25.R
S08.MITGL.Z30.X.PBW-04.FAMS,1,1,,S08_Analysesets_2026-09-25.R
S08.MITGL.Z30.X.PBW-05.FAMS,1,1,,S08_Analysesets_2026-09-25.R
S08.MITGL.Z30.X.PBW-06.FAMS,1,1,,S08_Analysesets_2026-09-25.R
S08.MITGL.Z30.X.PBW-07.FAMS,0,1,,S08_Analysesets_2026-09-25.R
S08.MITGL.Z30.X.PBW-08.FAMS,1,1,,S08_Analysesets_2026-09-25.R
S08.MITGL.Z30.X.PBW-09.FAMS,1,1,,S08_Analysesets_2026-09-25.R
S08.MITGL.Z30.X.PBW-10.FAMS,1,1,,S08_Analysesets_2026-09-25.R
S08.MITGL.Z30.X.PBW-11.FAMS,1,1,,S08_Analysesets_2026-09-25.R
S08.MITGL.Z30.X.PBW-21.FAMS,0,1,,S08_Analysesets_2026-09-25.R
S08.MITGL.Z30.X.PHL-01.FAMS,1,1,,S08_Analysesets_2026-09-25.R
S08.MITGL.Z30.X.PHL-02.FAMS,1,1,,S08_Analysesets_2026-09-25.R
S08.MITGL.Z30.X.PHL-03.FAMS,1,1,,S08_Analysesets_2026-09-25.R
S08.MITGL.Z30.X.PHL-05.FAMS,1,1,,S08_Analysesets_2026-09-25.R
S08.MITGL.Z30.X.PHL-06.FAMS,1,1,,S08_Analysesets_2026-09-25.R
S08.MITGL.Z30.X.PHL-07.FAMS,1,1,,S08_Analysesets_2026-09-25.R
S08.MITGL.Z30.X.PHL-08.FAMS,1,1,,S08_Analysesets_2026-09-25.R
S08.MITGL.Z30.X.PVS-01.FAMS,1,1,,S08_Analysesets_2026-09-25.R
S08.MITGL.Z30.X.PVS-02.FAMS,1,1,,S08_Analysesets_2026-09-25.R
S08.MITGL.Z30.X.PVS-03.FAMS,1,1,,S08_Analysesets_2026-09-25.R
S08.MITGL.Z30.X.PVS-04.FAMS,1,1,,S08_Analysesets_2026-09-25.R
S08.MITGL.Z30.X.PVS-05.FAMS,1,1,,S08_Analysesets_2026-09-25.R
S08.MITGL.Z30.X.PVS-06.FAMS,1,1,,S08_Analysesets_2026-09-25.R
S08.MITGL.Z30.X.PVS-07.FAMS,0,1,,S08_Analysesets_2026-09-25.R
S08.MITGL.Z30.X.PVS-08.FAMS,1,1,,S08_Analysesets_2026-09-25.R
S08.MITGL.Z30.X.PVS-10.FAMS,1,1,,S08_Analysesets_2026-09-25.R
S08.MITGL.Z30.X.PVS-16.FAMS,0,1,,S08_Analysesets_2026-09-25.R
S08.MITGL.Z30.X.PVS-17.FAMS,1,1,,S08_Analysesets_2026-09-25.R
S08.MITGL.Z30.X.PVS-18.FAMS,0,1,,S08_Analysesets_2026-09-25.R
S08.MITGL.Z30.X.PVS-11.FAMS,1,1,,S08_Analysesets_2026-09-25.R
S08.MITGL.CM.X.PBW-01.PP5,0,1,,S08_Analysesets_2026-09-25.R
S08.MITGL.CM.X.PBW-02.PP5,1,1,,S08_Analysesets_2026-09-25.R
S08.MITGL.CM.X.PBW-04.PP5,1,1,,S08_Analysesets_2026-09-25.R
S08.MITGL.CM.X.PBW-05.PP5,0,1,,S08_Analysesets_2026-09-25.R
S08.MITGL.CM.X.PBW-06.PP5,0,1,,S08_Analysesets_2026-09-25.R
S08.MITGL.CM.X.PBW-07.PP5,0,1,,S08_Analysesets_2026-09-25.R
S08.MITGL.CM.X.PBW-08.PP5,1,1,,S08_Analysesets_2026-09-25.R
S08.MITGL.CM.X.PBW-09.PP5,1,1,,S08_Analysesets_2026-09-25.R
S08.MITGL.CM.X.PBW-10.PP5,1,1,,S08_Analysesets_2026-09-25.R
S08.MITGL.CM.X.PBW-11.PP5,0,1,,S08_Analysesets_2026-09-25.R
S08.MITGL.CM.X.PBW-21.PP5,0,1,,S08_Analysesets_2026-09-25.R
S08.MITGL.CM.X.PHL-01.PP5,1,1,,S08_Analysesets_2026-09-25.R
S08.MITGL.CM.X.PHL-02.PP5,1,1,,S08_Analysesets_2026-09-25.R
S08.MITGL.CM.X.PHL-03.PP5,1,1,,S08_Analysesets_2026-09-25.R
S08.MITGL.CM.X.PHL-05.PP5,0,1,,S08_Analysesets_2026-09-25.R
S08.MITGL.CM.X.PHL-06.PP5,0,1,,S08_Analysesets_2026-09-25.R
S08.MITGL.CM.X.PHL-07.PP5,0,1,,S08_Analysesets_2026-09-25.R
S08.MITGL.CM.X.PHL-08.PP5,0,1,,S08_Analysesets_2026-09-25.R
S08.MITGL.CM.X.PVS-01.PP5,1,1,,S08_Analysesets_2026-09-25.R
S08.MITGL.CM.X.PVS-02.PP5,1,1,,S08_Analysesets_2026-09-25.R
S08.MITGL.CM.X.PVS-03.PP5,1,1,,S08_Analysesets_2026-09-25.R
S08.MITGL.CM.X.PVS-04.PP5,1,1,,S08_Analysesets_2026-09-25.R
S08.MITGL.CM.X.PVS-05.PP5,1,1,,S08_Analysesets_2026-09-25.R
S08.MITGL.CM.X.PVS-06.PP5,1,1,,S08_Analysesets_2026-09-25.R
S08.MITGL.CM.X.PVS-07.PP5,0,1,,S08_Analysesets_2026-09-25.R
S08.MITGL.CM.X.PVS-08.PP5,1,1,,S08_Analysesets_2026-09-25.R
S08.MITGL.CM.X.PVS-10.PP5,1,1,,S08_Analysesets_2026-09-25.R
S08.MITGL.CM.X.PVS-16.PP5,0,1,,S08_Analysesets_2026-09-25.R
S08.MITGL.CM.X.PVS-17.PP5,1,1,,S08_Analysesets_2026-09-25.R
S08.MITGL.CM.X.PVS-18.PP5,0,1,,S08_Analysesets_2026-09-25.R
S08.MITGL.CM.X.PVS-11.PP5,1,1,,S08_Analysesets_2026-09-25.R
S08.MITGL.CM.X.PBW-01.PP6,0,1,,S08_Analysesets_2026-09-25.R
S08.MITGL.CM.X.PBW-02.PP6,1,1,,S08_Analysesets_2026-09-25.R
S08.MITGL.CM.X.PBW-04.PP6,1,1,,S08_Analysesets_2026-09-25.R
S08.MITGL.CM.X.PBW-05.PP6,0,1,,S08_Analysesets_2026-09-25.R
S08.MITGL.CM.X.PBW-06.PP6,0,1,,S08_Analysesets_2026-09-25.R
S08.MITGL.CM.X.PBW-07.PP6,0,1,,S08_Analysesets_2026-09-25.R
S08.MITGL.CM.X.PBW-08.PP6,1,1,,S08_Analysesets_2026-09-25.R
S08.MITGL.CM.X.PBW-09.PP6,1,1,,S08_Analysesets_2026-09-25.R
S08.MITGL.CM.X.PBW-10.PP6,0,1,,S08_Analysesets_2026-09-25.R
S08.MITGL.CM.X.PBW-11.PP6,0,1,,S08_Analysesets_2026-09-25.R
S08.MITGL.CM.X.PBW-21.PP6,0,1,,S08_Analysesets_2026-09-25.R
S08.MITGL.CM.X.PHL-01.PP6,1,1,,S08_Analysesets_2026-09-25.R
S08.MITGL.CM.X.PHL-02.PP6,1,1,,S08_Analysesets_2026-09-25.R
S08.MITGL.CM.X.PHL-03.PP6,1,1,,S08_Analysesets_2026-09-25.R
S08.MITGL.CM.X.PHL-05.PP6,0,1,,S08_Analysesets_2026-09-25.R
S08.MITGL.CM.X.PHL-06.PP6,0,1,,S08_Analysesets_2026-09-25.R
S08.MITGL.CM.X.PHL-07.PP6,0,1,,S08_Analysesets_2026-09-25.R
S08.MITGL.CM.X.PHL-08.PP6,0,1,,S08_Analysesets_2026-09-25.R
S08.MITGL.CM.X.PVS-01.PP6,1,1,,S08_Analysesets_2026-09-25.R
S08.MITGL.CM.X.PVS-02.PP6,1,1,,S08_Analysesets_2026-09-25.R
S08.MITGL.CM.X.PVS-03.PP6,1,1,,S08_Analysesets_2026-09-25.R
S08.MITGL.CM.X.PVS-04.PP6,1,1,,S08_Analysesets_2026-09-25.R
S08.MITGL.CM.X.PVS-05.PP6,1,1,,S08_Analysesets_2026-09-25.R
S08.MITGL.CM.X.PVS-06.PP6,1,1,,S08_Analysesets_2026-09-25.R
S08.MITGL.CM.X.PVS-07.PP6,0,1,,S08_Analysesets_2026-09-25.R
S08.MITGL.CM.X.PVS-08.PP6,1,1,,S08_Analysesets_2026-09-25.R
S08.MITGL.CM.X.PVS-10.PP6,1,1,,S08_Analysesets_2026-09-25.R
S08.MITGL.CM.X.PVS-16.PP6,0,1,,S08_Analysesets_2026-09-25.R
S08.MITGL.CM.X.PVS-17.PP6,1,1,,S08_Analysesets_2026-09-25.R
S08.MITGL.CM.X.PVS-18.PP6,0,1,,S08_Analysesets_2026-09-25.R
S08.MITGL.CM.X.PVS-11.PP6,1,1,,S08_Analysesets_2026-09-25.R
S08.MITGL.CM.X.PBW-01.PP7,0,1,,S08_Analysesets_2026-09-25.R
S08.MITGL.CM.X.PBW-02.PP7,1,1,,S08_Analysesets_2026-09-25.R
S08.MITGL.CM.X.PBW-04.PP7,0,1,,S08_Analysesets_2026-09-25.R
S08.MITGL.CM.X.PBW-05.PP7,0,1,,S08_Analysesets_2026-09-25.R
S08.MITGL.CM.X.PBW-06.PP7,0,1,,S08_Analysesets_2026-09-25.R
S08.MITGL.CM.X.PBW-07.PP7,0,1,,S08_Analysesets_2026-09-25.R
S08.MITGL.CM.X.PBW-08.PP7,1,1,,S08_Analysesets_2026-09-25.R
S08.MITGL.CM.X.PBW-09.PP7,1,1,,S08_Analysesets_2026-09-25.R
S08.MITGL.CM.X.PBW-10.PP7,0,1,,S08_Analysesets_2026-09-25.R
S08.MITGL.CM.X.PBW-11.PP7,0,1,,S08_Analysesets_2026-09-25.R
S08.MITGL.CM.X.PBW-21.PP7,0,1,,S08_Analysesets_2026-09-25.R
S08.MITGL.CM.X.PHL-01.PP7,1,1,,S08_Analysesets_2026-09-25.R
S08.MITGL.CM.X.PHL-02.PP7,1,1,,S08_Analysesets_2026-09-25.R
S08.MITGL.CM.X.PHL-03.PP7,1,1,,S08_Analysesets_2026-09-25.R
S08.MITGL.CM.X.PHL-05.PP7,0,1,,S08_Analysesets_2026-09-25.R
S08.MITGL.CM.X.PHL-06.PP7,0,1,,S08_Analysesets_2026-09-25.R
S08.MITGL.CM.X.PHL-07.PP7,0,1,,S08_Analysesets_2026-09-25.R
S08.MITGL.CM.X.PHL-08.PP7,0,1,,S08_Analysesets_2026-09-25.R
S08.MITGL.CM.X.PVS-01.PP7,1,1,,S08_Analysesets_2026-09-25.R
S08.MITGL.CM.X.PVS-02.PP7,1,1,,S08_Analysesets_2026-09-25.R
S08.MITGL.CM.X.PVS-03.PP7,1,1,,S08_Analysesets_2026-09-25.R
S08.MITGL.CM.X.PVS-04.PP7,1,1,,S08_Analysesets_2026-09-25.R
S08.MITGL.CM.X.PVS-05.PP7,1,1,,S08_Analysesets_2026-09-25.R
S08.MITGL.CM.X.PVS-06.PP7,1,1,,S08_Analysesets_2026-09-25.R
S08.MITGL.CM.X.PVS-07.PP7,0,1,,S08_Analysesets_2026-09-25.R
S08.MITGL.CM.X.PVS-08.PP7,1,1,,S08_Analysesets_2026-09-25.R
S08.MITGL.CM.X.PVS-10.PP7,1,1,,S08_Analysesets_2026-09-25.R
S08.MITGL.CM.X.PVS-16.PP7,0,1,,S08_Analysesets_2026-09-25.R
S08.MITGL.CM.X.PVS-17.PP7,1,1,,S08_Analysesets_2026-09-25.R
S08.MITGL.CM.X.PVS-18.PP7,0,1,,S08_Analysesets_2026-09-25.R
S08.MITGL.CM.X.PVS-11.PP7,1,1,,S08_Analysesets_2026-09-25.R
S08.MITGL.CM.X.PBW-01.AK9,0,1,,S08_Analysesets_2026-09-25.R
S08.MITGL.CM.X.PBW-02.AK9,1,1,,S08_Analysesets_2026-09-25.R
S08.MITGL.CM.X.PBW-04.AK9,0,1,,S08_Analysesets_2026-09-25.R
S08.MITGL.CM.X.PBW-05.AK9,0,1,,S08_Analysesets_2026-09-25.R
S08.MITGL.CM.X.PBW-06.AK9,0,1,,S08_Analysesets_2026-09-25.R
S08.MITGL.CM.X.PBW-07.AK9,0,1,,S08_Analysesets_2026-09-25.R
S08.MITGL.CM.X.PBW-08.AK9,1,1,,S08_Analysesets_2026-09-25.R
S08.MITGL.CM.X.PBW-09.AK9,0,1,,S08_Analysesets_2026-09-25.R
S08.MITGL.CM.X.PBW-10.AK9,0,1,,S08_Analysesets_2026-09-25.R
S08.MITGL.CM.X.PBW-11.AK9,0,1,,S08_Analysesets_2026-09-25.R
S08.MITGL.CM.X.PBW-21.AK9,0,1,,S08_Analysesets_2026-09-25.R
S08.MITGL.CM.X.PHL-01.AK9,0,1,,S08_Analysesets_2026-09-25.R
S08.MITGL.CM.X.PHL-02.AK9,0,1,,S08_Analysesets_2026-09-25.R
S08.MITGL.CM.X.PHL-03.AK9,1,1,,S08_Analysesets_2026-09-25.R
S08.MITGL.CM.X.PHL-05.AK9,0,1,,S08_Analysesets_2026-09-25.R
S08.MITGL.CM.X.PHL-06.AK9,0,1,,S08_Analysesets_2026-09-25.R
S08.MITGL.CM.X.PHL-07.AK9,0,1,,S08_Analysesets_2026-09-25.R
S08.MITGL.CM.X.PHL-08.AK9,0,1,,S08_Analysesets_2026-09-25.R
S08.MITGL.CM.X.PVS-01.AK9,0,1,,S08_Analysesets_2026-09-25.R
S08.MITGL.CM.X.PVS-02.AK9,0,1,,S08_Analysesets_2026-09-25.R
S08.MITGL.CM.X.PVS-03.AK9,0,1,,S08_Analysesets_2026-09-25.R
S08.MITGL.CM.X.PVS-04.AK9,0,1,,S08_Analysesets_2026-09-25.R
S08.MITGL.CM.X.PVS-05.AK9,0,1,,S08_Analysesets_2026-09-25.R
S08.MITGL.CM.X.PVS-06.AK9,0,1,,S08_Analysesets_2026-09-25.R
S08.MITGL.CM.X.PVS-07.AK9,0,1,,S08_Analysesets_2026-09-25.R
S08.MITGL.CM.X.PVS-08.AK9,0,1,,S08_Analysesets_2026-09-25.R
S08.MITGL.CM.X.PVS-10.AK9,0,1,,S08_Analysesets_2026-09-25.R
S08.MITGL.CM.X.PVS-16.AK9,0,1,,S08_Analysesets_2026-09-25.R
S08.MITGL.CM.X.PVS-17.AK9,0,1,,S08_Analysesets_2026-09-25.R
S08.MITGL.CM.X.PVS-18.AK9,0,1,,S08_Analysesets_2026-09-25.R
S08.MITGL.CM.X.PVS-11.AK9,0,1,,S08_Analysesets_2026-09-25.R
S08.MITGL.CM.X.PBW-01.FAMS,1,1,,S08_Analysesets_2026-09-25.R
S08.MITGL.CM.X.PBW-02.FAMS,1,1,,S08_Analysesets_2026-09-25.R
S08.MITGL.CM.X.PBW-04.FAMS,1,1,,S08_Analysesets_2026-09-25.R
S08.MITGL.CM.X.PBW-05.FAMS,0,1,,S08_Analysesets_2026-09-25.R
S08.MITGL.CM.X.PBW-06.FAMS,1,1,,S08_Analysesets_2026-09-25.R
S08.MITGL.CM.X.PBW-07.FAMS,0,1,,S08_Analysesets_2026-09-25.R
S08.MITGL.CM.X.PBW-08.FAMS,1,1,,S08_Analysesets_2026-09-25.R
S08.MITGL.CM.X.PBW-09.FAMS,1,1,,S08_Analysesets_2026-09-25.R
S08.MITGL.CM.X.PBW-10.FAMS,1,1,,S08_Analysesets_2026-09-25.R
S08.MITGL.CM.X.PBW-11.FAMS,0,1,,S08_Analysesets_2026-09-25.R
S08.MITGL.CM.X.PBW-21.FAMS,0,1,,S08_Analysesets_2026-09-25.R
S08.MITGL.CM.X.PHL-01.FAMS,1,1,,S08_Analysesets_2026-09-25.R
S08.MITGL.CM.X.PHL-02.FAMS,1,1,,S08_Analysesets_2026-09-25.R
S08.MITGL.CM.X.PHL-03.FAMS,1,1,,S08_Analysesets_2026-09-25.R
S08.MITGL.CM.X.PHL-05.FAMS,1,1,,S08_Analysesets_2026-09-25.R
S08.MITGL.CM.X.PHL-06.FAMS,1,1,,S08_Analysesets_2026-09-25.R
S08.MITGL.CM.X.PHL-07.FAMS,0,1,,S08_Analysesets_2026-09-25.R
S08.MITGL.CM.X.PHL-08.FAMS,1,1,,S08_Analysesets_2026-09-25.R
S08.MITGL.CM.X.PVS-01.FAMS,1,1,,S08_Analysesets_2026-09-25.R
S08.MITGL.CM.X.PVS-02.FAMS,1,1,,S08_Analysesets_2026-09-25.R
S08.MITGL.CM.X.PVS-03.FAMS,1,1,,S08_Analysesets_2026-09-25.R
S08.MITGL.CM.X.PVS-04.FAMS,1,1,,S08_Analysesets_2026-09-25.R
S08.MITGL.CM.X.PVS-05.FAMS,1,1,,S08_Analysesets_2026-09-25.R
S08.MITGL.CM.X.PVS-06.FAMS,1,1,,S08_Analysesets_2026-09-25.R
S08.MITGL.CM.X.PVS-07.FAMS,0,1,,S08_Analysesets_2026-09-25.R
S08.MITGL.CM.X.PVS-08.FAMS,1,1,,S08_Analysesets_2026-09-25.R
S08.MITGL.CM.X.PVS-10.FAMS,1,1,,S08_Analysesets_2026-09-25.R
S08.MITGL.CM.X.PVS-16.FAMS,0,1,,S08_Analysesets_2026-09-25.R
S08.MITGL.CM.X.PVS-17.FAMS,1,1,,S08_Analysesets_2026-09-25.R
S08.MITGL.CM.X.PVS-18.FAMS,0,1,,S08_Analysesets_2026-09-25.R
S08.MITGL.CM.X.PVS-11.FAMS,1,1,,S08_Analysesets_2026-09-25.R
S08.MITGL.SBJ.X.PBW-01.PP5,0,1,,S08_Analysesets_2026-09-25.R
S08.MITGL.SBJ.X.PBW-02.PP5,1,1,,S08_Analysesets_2026-09-25.R
S08.MITGL.SBJ.X.PBW-04.PP5,1,1,,S08_Analysesets_2026-09-25.R
S08.MITGL.SBJ.X.PBW-05.PP5,1,1,,S08_Analysesets_2026-09-25.R
S08.MITGL.SBJ.X.PBW-06.PP5,0,1,,S08_Analysesets_2026-09-25.R
S08.MITGL.SBJ.X.PBW-07.PP5,0,1,,S08_Analysesets_2026-09-25.R
S08.MITGL.SBJ.X.PBW-08.PP5,1,1,,S08_Analysesets_2026-09-25.R
S08.MITGL.SBJ.X.PBW-09.PP5,1,1,,S08_Analysesets_2026-09-25.R
S08.MITGL.SBJ.X.PBW-10.PP5,1,1,,S08_Analysesets_2026-09-25.R
S08.MITGL.SBJ.X.PBW-11.PP5,0,1,,S08_Analysesets_2026-09-25.R
S08.MITGL.SBJ.X.PBW-21.PP5,0,1,,S08_Analysesets_2026-09-25.R
S08.MITGL.SBJ.X.PHL-01.PP5,1,1,,S08_Analysesets_2026-09-25.R
S08.MITGL.SBJ.X.PHL-02.PP5,1,1,,S08_Analysesets_2026-09-25.R
S08.MITGL.SBJ.X.PHL-03.PP5,1,1,,S08_Analysesets_2026-09-25.R
S08.MITGL.SBJ.X.PHL-05.PP5,0,1,,S08_Analysesets_2026-09-25.R
S08.MITGL.SBJ.X.PHL-06.PP5,0,1,,S08_Analysesets_2026-09-25.R
S08.MITGL.SBJ.X.PHL-07.PP5,1,1,,S08_Analysesets_2026-09-25.R
S08.MITGL.SBJ.X.PHL-08.PP5,0,1,,S08_Analysesets_2026-09-25.R
S08.MITGL.SBJ.X.PVS-01.PP5,1,1,,S08_Analysesets_2026-09-25.R
S08.MITGL.SBJ.X.PVS-02.PP5,1,1,,S08_Analysesets_2026-09-25.R
S08.MITGL.SBJ.X.PVS-03.PP5,1,1,,S08_Analysesets_2026-09-25.R
S08.MITGL.SBJ.X.PVS-04.PP5,1,1,,S08_Analysesets_2026-09-25.R
S08.MITGL.SBJ.X.PVS-05.PP5,1,1,,S08_Analysesets_2026-09-25.R
S08.MITGL.SBJ.X.PVS-06.PP5,1,1,,S08_Analysesets_2026-09-25.R
S08.MITGL.SBJ.X.PVS-07.PP5,0,1,,S08_Analysesets_2026-09-25.R
S08.MITGL.SBJ.X.PVS-08.PP5,1,1,,S08_Analysesets_2026-09-25.R
S08.MITGL.SBJ.X.PVS-10.PP5,1,1,,S08_Analysesets_2026-09-25.R
S08.MITGL.SBJ.X.PVS-16.PP5,0,1,,S08_Analysesets_2026-09-25.R
S08.MITGL.SBJ.X.PVS-17.PP5,1,1,,S08_Analysesets_2026-09-25.R
S08.MITGL.SBJ.X.PVS-18.PP5,0,1,,S08_Analysesets_2026-09-25.R
S08.MITGL.SBJ.X.PVS-11.PP5,1,1,,S08_Analysesets_2026-09-25.R
S08.MITGL.SBJ.X.PBW-01.PP6,0,1,,S08_Analysesets_2026-09-25.R
S08.MITGL.SBJ.X.PBW-02.PP6,1,1,,S08_Analysesets_2026-09-25.R
S08.MITGL.SBJ.X.PBW-04.PP6,1,1,,S08_Analysesets_2026-09-25.R
S08.MITGL.SBJ.X.PBW-05.PP6,1,1,,S08_Analysesets_2026-09-25.R
S08.MITGL.SBJ.X.PBW-06.PP6,0,1,,S08_Analysesets_2026-09-25.R
S08.MITGL.SBJ.X.PBW-07.PP6,0,1,,S08_Analysesets_2026-09-25.R
S08.MITGL.SBJ.X.PBW-08.PP6,1,1,,S08_Analysesets_2026-09-25.R
S08.MITGL.SBJ.X.PBW-09.PP6,1,1,,S08_Analysesets_2026-09-25.R
S08.MITGL.SBJ.X.PBW-10.PP6,0,1,,S08_Analysesets_2026-09-25.R
S08.MITGL.SBJ.X.PBW-11.PP6,0,1,,S08_Analysesets_2026-09-25.R
S08.MITGL.SBJ.X.PBW-21.PP6,0,1,,S08_Analysesets_2026-09-25.R
S08.MITGL.SBJ.X.PHL-01.PP6,1,1,,S08_Analysesets_2026-09-25.R
S08.MITGL.SBJ.X.PHL-02.PP6,1,1,,S08_Analysesets_2026-09-25.R
S08.MITGL.SBJ.X.PHL-03.PP6,1,1,,S08_Analysesets_2026-09-25.R
S08.MITGL.SBJ.X.PHL-05.PP6,0,1,,S08_Analysesets_2026-09-25.R
S08.MITGL.SBJ.X.PHL-06.PP6,0,1,,S08_Analysesets_2026-09-25.R
S08.MITGL.SBJ.X.PHL-07.PP6,1,1,,S08_Analysesets_2026-09-25.R
S08.MITGL.SBJ.X.PHL-08.PP6,0,1,,S08_Analysesets_2026-09-25.R
S08.MITGL.SBJ.X.PVS-01.PP6,1,1,,S08_Analysesets_2026-09-25.R
S08.MITGL.SBJ.X.PVS-02.PP6,1,1,,S08_Analysesets_2026-09-25.R
S08.MITGL.SBJ.X.PVS-03.PP6,1,1,,S08_Analysesets_2026-09-25.R
S08.MITGL.SBJ.X.PVS-04.PP6,1,1,,S08_Analysesets_2026-09-25.R
S08.MITGL.SBJ.X.PVS-05.PP6,1,1,,S08_Analysesets_2026-09-25.R
S08.MITGL.SBJ.X.PVS-06.PP6,1,1,,S08_Analysesets_2026-09-25.R
S08.MITGL.SBJ.X.PVS-07.PP6,0,1,,S08_Analysesets_2026-09-25.R
S08.MITGL.SBJ.X.PVS-08.PP6,1,1,,S08_Analysesets_2026-09-25.R
S08.MITGL.SBJ.X.PVS-10.PP6,1,1,,S08_Analysesets_2026-09-25.R
S08.MITGL.SBJ.X.PVS-16.PP6,0,1,,S08_Analysesets_2026-09-25.R
S08.MITGL.SBJ.X.PVS-17.PP6,1,1,,S08_Analysesets_2026-09-25.R
S08.MITGL.SBJ.X.PVS-18.PP6,0,1,,S08_Analysesets_2026-09-25.R
S08.MITGL.SBJ.X.PVS-11.PP6,1,1,,S08_Analysesets_2026-09-25.R
S08.MITGL.SBJ.X.PBW-01.PP7,0,1,,S08_Analysesets_2026-09-25.R
S08.MITGL.SBJ.X.PBW-02.PP7,1,1,,S08_Analysesets_2026-09-25.R
S08.MITGL.SBJ.X.PBW-04.PP7,0,1,,S08_Analysesets_2026-09-25.R
S08.MITGL.SBJ.X.PBW-05.PP7,1,1,,S08_Analysesets_2026-09-25.R
S08.MITGL.SBJ.X.PBW-06.PP7,0,1,,S08_Analysesets_2026-09-25.R
S08.MITGL.SBJ.X.PBW-07.PP7,0,1,,S08_Analysesets_2026-09-25.R
S08.MITGL.SBJ.X.PBW-08.PP7,1,1,,S08_Analysesets_2026-09-25.R
S08.MITGL.SBJ.X.PBW-09.PP7,1,1,,S08_Analysesets_2026-09-25.R
S08.MITGL.SBJ.X.PBW-10.PP7,0,1,,S08_Analysesets_2026-09-25.R
S08.MITGL.SBJ.X.PBW-11.PP7,0,1,,S08_Analysesets_2026-09-25.R
S08.MITGL.SBJ.X.PBW-21.PP7,0,1,,S08_Analysesets_2026-09-25.R
S08.MITGL.SBJ.X.PHL-01.PP7,1,1,,S08_Analysesets_2026-09-25.R
S08.MITGL.SBJ.X.PHL-02.PP7,1,1,,S08_Analysesets_2026-09-25.R
S08.MITGL.SBJ.X.PHL-03.PP7,1,1,,S08_Analysesets_2026-09-25.R
S08.MITGL.SBJ.X.PHL-05.PP7,0,1,,S08_Analysesets_2026-09-25.R
S08.MITGL.SBJ.X.PHL-06.PP7,0,1,,S08_Analysesets_2026-09-25.R
S08.MITGL.SBJ.X.PHL-07.PP7,1,1,,S08_Analysesets_2026-09-25.R
S08.MITGL.SBJ.X.PHL-08.PP7,0,1,,S08_Analysesets_2026-09-25.R
S08.MITGL.SBJ.X.PVS-01.PP7,1,1,,S08_Analysesets_2026-09-25.R
S08.MITGL.SBJ.X.PVS-02.PP7,1,1,,S08_Analysesets_2026-09-25.R
S08.MITGL.SBJ.X.PVS-03.PP7,1,1,,S08_Analysesets_2026-09-25.R
S08.MITGL.SBJ.X.PVS-04.PP7,1,1,,S08_Analysesets_2026-09-25.R
S08.MITGL.SBJ.X.PVS-05.PP7,1,1,,S08_Analysesets_2026-09-25.R
S08.MITGL.SBJ.X.PVS-06.PP7,1,1,,S08_Analysesets_2026-09-25.R
S08.MITGL.SBJ.X.PVS-07.PP7,0,1,,S08_Analysesets_2026-09-25.R
S08.MITGL.SBJ.X.PVS-08.PP7,1,1,,S08_Analysesets_2026-09-25.R
S08.MITGL.SBJ.X.PVS-10.PP7,1,1,,S08_Analysesets_2026-09-25.R
S08.MITGL.SBJ.X.PVS-16.PP7,0,1,,S08_Analysesets_2026-09-25.R
S08.MITGL.SBJ.X.PVS-17.PP7,1,1,,S08_Analysesets_2026-09-25.R
S08.MITGL.SBJ.X.PVS-18.PP7,0,1,,S08_Analysesets_2026-09-25.R
S08.MITGL.SBJ.X.PVS-11.PP7,1,1,,S08_Analysesets_2026-09-25.R
S08.MITGL.SBJ.X.PBW-01.AK9,0,1,,S08_Analysesets_2026-09-25.R
S08.MITGL.SBJ.X.PBW-02.AK9,1,1,,S08_Analysesets_2026-09-25.R
S08.MITGL.SBJ.X.PBW-04.AK9,0,1,,S08_Analysesets_2026-09-25.R
S08.MITGL.SBJ.X.PBW-05.AK9,0,1,,S08_Analysesets_2026-09-25.R
S08.MITGL.SBJ.X.PBW-06.AK9,0,1,,S08_Analysesets_2026-09-25.R
S08.MITGL.SBJ.X.PBW-07.AK9,0,1,,S08_Analysesets_2026-09-25.R
S08.MITGL.SBJ.X.PBW-08.AK9,1,1,,S08_Analysesets_2026-09-25.R
S08.MITGL.SBJ.X.PBW-09.AK9,0,1,,S08_Analysesets_2026-09-25.R
S08.MITGL.SBJ.X.PBW-10.AK9,0,1,,S08_Analysesets_2026-09-25.R
S08.MITGL.SBJ.X.PBW-11.AK9,0,1,,S08_Analysesets_2026-09-25.R
S08.MITGL.SBJ.X.PBW-21.AK9,0,1,,S08_Analysesets_2026-09-25.R
S08.MITGL.SBJ.X.PHL-01.AK9,0,1,,S08_Analysesets_2026-09-25.R
S08.MITGL.SBJ.X.PHL-02.AK9,0,1,,S08_Analysesets_2026-09-25.R
S08.MITGL.SBJ.X.PHL-03.AK9,1,1,,S08_Analysesets_2026-09-25.R
S08.MITGL.SBJ.X.PHL-05.AK9,0,1,,S08_Analysesets_2026-09-25.R
S08.MITGL.SBJ.X.PHL-06.AK9,0,1,,S08_Analysesets_2026-09-25.R
S08.MITGL.SBJ.X.PHL-07.AK9,0,1,,S08_Analysesets_2026-09-25.R
S08.MITGL.SBJ.X.PHL-08.AK9,0,1,,S08_Analysesets_2026-09-25.R
S08.MITGL.SBJ.X.PVS-01.AK9,0,1,,S08_Analysesets_2026-09-25.R
S08.MITGL.SBJ.X.PVS-02.AK9,0,1,,S08_Analysesets_2026-09-25.R
S08.MITGL.SBJ.X.PVS-03.AK9,0,1,,S08_Analysesets_2026-09-25.R
S08.MITGL.SBJ.X.PVS-04.AK9,0,1,,S08_Analysesets_2026-09-25.R
S08.MITGL.SBJ.X.PVS-05.AK9,0,1,,S08_Analysesets_2026-09-25.R
S08.MITGL.SBJ.X.PVS-06.AK9,0,1,,S08_Analysesets_2026-09-25.R
S08.MITGL.SBJ.X.PVS-07.AK9,0,1,,S08_Analysesets_2026-09-25.R
S08.MITGL.SBJ.X.PVS-08.AK9,0,1,,S08_Analysesets_2026-09-25.R
S08.MITGL.SBJ.X.PVS-10.AK9,0,1,,S08_Analysesets_2026-09-25.R
S08.MITGL.SBJ.X.PVS-16.AK9,0,1,,S08_Analysesets_2026-09-25.R
S08.MITGL.SBJ.X.PVS-17.AK9,0,1,,S08_Analysesets_2026-09-25.R
S08.MITGL.SBJ.X.PVS-18.AK9,0,1,,S08_Analysesets_2026-09-25.R
S08.MITGL.SBJ.X.PVS-11.AK9,0,1,,S08_Analysesets_2026-09-25.R
S08.MITGL.SBJ.X.PBW-01.FAMS,1,1,,S08_Analysesets_2026-09-25.R
S08.MITGL.SBJ.X.PBW-02.FAMS,1,1,,S08_Analysesets_2026-09-25.R
S08.MITGL.SBJ.X.PBW-04.FAMS,1,1,,S08_Analysesets_2026-09-25.R
S08.MITGL.SBJ.X.PBW-05.FAMS,1,1,,S08_Analysesets_2026-09-25.R
S08.MITGL.SBJ.X.PBW-06.FAMS,1,1,,S08_Analysesets_2026-09-25.R
S08.MITGL.SBJ.X.PBW-07.FAMS,0,1,,S08_Analysesets_2026-09-25.R
S08.MITGL.SBJ.X.PBW-08.FAMS,1,1,,S08_Analysesets_2026-09-25.R
S08.MITGL.SBJ.X.PBW-09.FAMS,1,1,,S08_Analysesets_2026-09-25.R
S08.MITGL.SBJ.X.PBW-10.FAMS,1,1,,S08_Analysesets_2026-09-25.R
S08.MITGL.SBJ.X.PBW-11.FAMS,1,1,,S08_Analysesets_2026-09-25.R
S08.MITGL.SBJ.X.PBW-21.FAMS,0,1,,S08_Analysesets_2026-09-25.R
S08.MITGL.SBJ.X.PHL-01.FAMS,1,1,,S08_Analysesets_2026-09-25.R
S08.MITGL.SBJ.X.PHL-02.FAMS,1,1,,S08_Analysesets_2026-09-25.R
S08.MITGL.SBJ.X.PHL-03.FAMS,1,1,,S08_Analysesets_2026-09-25.R
S08.MITGL.SBJ.X.PHL-05.FAMS,1,1,,S08_Analysesets_2026-09-25.R
S08.MITGL.SBJ.X.PHL-06.FAMS,1,1,,S08_Analysesets_2026-09-25.R
S08.MITGL.SBJ.X.PHL-07.FAMS,1,1,,S08_Analysesets_2026-09-25.R
S08.MITGL.SBJ.X.PHL-08.FAMS,1,1,,S08_Analysesets_2026-09-25.R
S08.MITGL.SBJ.X.PVS-01.FAMS,1,1,,S08_Analysesets_2026-09-25.R
S08.MITGL.SBJ.X.PVS-02.FAMS,1,1,,S08_Analysesets_2026-09-25.R
S08.MITGL.SBJ.X.PVS-03.FAMS,1,1,,S08_Analysesets_2026-09-25.R
S08.MITGL.SBJ.X.PVS-04.FAMS,1,1,,S08_Analysesets_2026-09-25.R
S08.MITGL.SBJ.X.PVS-05.FAMS,1,1,,S08_Analysesets_2026-09-25.R
S08.MITGL.SBJ.X.PVS-06.FAMS,1,1,,S08_Analysesets_2026-09-25.R
S08.MITGL.SBJ.X.PVS-07.FAMS,0,1,,S08_Analysesets_2026-09-25.R
S08.MITGL.SBJ.X.PVS-08.FAMS,1,1,,S08_Analysesets_2026-09-25.R
S08.MITGL.SBJ.X.PVS-10.FAMS,1,1,,S08_Analysesets_2026-09-25.R
S08.MITGL.SBJ.X.PVS-16.FAMS,0,1,,S08_Analysesets_2026-09-25.R
S08.MITGL.SBJ.X.PVS-17.FAMS,1,1,,S08_Analysesets_2026-09-25.R
S08.MITGL.SBJ.X.PVS-18.FAMS,0,1,,S08_Analysesets_2026-09-25.R
S08.MITGL.SBJ.X.PVS-11.FAMS,1,1,,S08_Analysesets_2026-09-25.R
S08.FLZUG.X.X.IG.X,18,1,,S08_Analysesets_2026-09-25.R
S08.FLZUG.X.X.KG.X,13,1,,S08_Analysesets_2026-09-25.R
S08.FLZUG.X.X.VA.X,7,1,,S08_Analysesets_2026-09-25.R
S08.FLZUG.X.X.VB.X,11,1,,S08_Analysesets_2026-09-25.R
S08.FLZUG.X.X.VC.X,13,1,,S08_Analysesets_2026-09-25.R
S08.FLPRE.X.X.IG.X,18,1,,S08_Analysesets_2026-09-25.R
S08.FLPRE.X.X.KG.X,13,1,,S08_Analysesets_2026-09-25.R
S08.FLPRE.X.X.VA.X,7,1,,S08_Analysesets_2026-09-25.R
S08.FLPRE.X.X.VB.X,11,1,,S08_Analysesets_2026-09-25.R
S08.FLPRE.X.X.VC.X,13,1,,S08_Analysesets_2026-09-25.R
S08.FLAUSG.X.X.IG.X,16,1,,S08_Analysesets_2026-09-25.R
S08.FLAUSG.X.X.KG.X,11,1,,S08_Analysesets_2026-09-25.R
S08.FLAUSG.X.X.VA.X,7,1,,S08_Analysesets_2026-09-25.R
S08.FLAUSG.X.X.VB.X,9,1,,S08_Analysesets_2026-09-25.R
S08.FLAUSG.X.X.VC.X,11,1,,S08_Analysesets_2026-09-25.R
S08.FLNANG.X.X.IG.X,2,1,,S08_Analysesets_2026-09-25.R
S08.FLNANG.X.X.KG.X,2,1,,S08_Analysesets_2026-09-25.R
S08.FLNANG.X.X.VA.X,0,1,,S08_Analysesets_2026-09-25.R
S08.FLNANG.X.X.VB.X,2,1,,S08_Analysesets_2026-09-25.R
S08.FLNANG.X.X.VC.X,2,1,,S08_Analysesets_2026-09-25.R
S08.FLITT.Z05.X.IG.X,16,1,,S08_Analysesets_2026-09-25.R
S08.FLITT.Z05.X.KG.X,7,1,,S08_Analysesets_2026-09-25.R
S08.FLITT.Z10.X.IG.X,7,1,,S08_Analysesets_2026-09-25.R
S08.FLITT.Z10.X.KG.X,10,1,,S08_Analysesets_2026-09-25.R
S08.FLITT.Z30.X.IG.X,16,1,,S08_Analysesets_2026-09-25.R
S08.FLITT.Z30.X.KG.X,10,1,,S08_Analysesets_2026-09-25.R
S08.FLITT.SBJ.X.IG.X,16,1,,S08_Analysesets_2026-09-25.R
S08.FLITT.SBJ.X.KG.X,10,1,,S08_Analysesets_2026-09-25.R
S08.FLITT.CL.X.IG.X,15,1,,S08_Analysesets_2026-09-25.R
S08.FLITT.CL.X.KG.X,10,1,,S08_Analysesets_2026-09-25.R
S08.FLITT.CR.X.IG.X,14,1,,S08_Analysesets_2026-09-25.R
S08.FLITT.CR.X.KG.X,10,1,,S08_Analysesets_2026-09-25.R
S08.FLITT.CM.X.IG.X,13,1,,S08_Analysesets_2026-09-25.R
S08.FLITT.CM.X.KG.X,10,1,,S08_Analysesets_2026-09-25.R
S08.FLOPRE.Z05.X.IG.X,0,1,,S08_Analysesets_2026-09-25.R
S08.FLOPRE.Z05.X.KG.X,5,1,,S08_Analysesets_2026-09-25.R
S08.FLOPRE.Z10.X.IG.X,0,1,,S08_Analysesets_2026-09-25.R
S08.FLOPRE.Z10.X.KG.X,0,1,,S08_Analysesets_2026-09-25.R
S08.FLOPRE.Z30.X.IG.X,0,1,,S08_Analysesets_2026-09-25.R
S08.FLOPRE.Z30.X.KG.X,0,1,,S08_Analysesets_2026-09-25.R
S08.FLOPRE.SBJ.X.IG.X,0,1,,S08_Analysesets_2026-09-25.R
S08.FLOPRE.SBJ.X.KG.X,0,1,,S08_Analysesets_2026-09-25.R
S08.FLOPRE.CL.X.IG.X,1,1,,S08_Analysesets_2026-09-25.R
S08.FLOPRE.CL.X.KG.X,1,1,,S08_Analysesets_2026-09-25.R
S08.FLOPRE.CR.X.IG.X,1,1,,S08_Analysesets_2026-09-25.R
S08.FLOPRE.CR.X.KG.X,1,1,,S08_Analysesets_2026-09-25.R
S08.FLOPRE.CM.X.IG.X,2,1,,S08_Analysesets_2026-09-25.R
S08.FLOPRE.CM.X.KG.X,2,1,,S08_Analysesets_2026-09-25.R
S08.FLOPOST.Z05.X.IG.X,2,1,,S08_Analysesets_2026-09-25.R
S08.FLOPOST.Z05.X.KG.X,2,1,,S08_Analysesets_2026-09-25.R
S08.FLOPOST.Z10.X.IG.X,11,1,,S08_Analysesets_2026-09-25.R
S08.FLOPOST.Z10.X.KG.X,2,1,,S08_Analysesets_2026-09-25.R
S08.FLOPOST.Z30.X.IG.X,2,1,,S08_Analysesets_2026-09-25.R
S08.FLOPOST.Z30.X.KG.X,2,1,,S08_Analysesets_2026-09-25.R
S08.FLOPOST.SBJ.X.IG.X,2,1,,S08_Analysesets_2026-09-25.R
S08.FLOPOST.SBJ.X.KG.X,2,1,,S08_Analysesets_2026-09-25.R
S08.FLOPOST.CL.X.IG.X,2,1,,S08_Analysesets_2026-09-25.R
S08.FLOPOST.CL.X.KG.X,2,1,,S08_Analysesets_2026-09-25.R
S08.FLOPOST.CR.X.IG.X,3,1,,S08_Analysesets_2026-09-25.R
S08.FLOPOST.CR.X.KG.X,2,1,,S08_Analysesets_2026-09-25.R
S08.FLOPOST.CM.X.IG.X,3,1,,S08_Analysesets_2026-09-25.R
S08.FLOPOST.CM.X.KG.X,2,1,,S08_Analysesets_2026-09-25.R
S08.FLOPAH.PAH.X.IG.X,0,1,,S08_Analysesets_2026-09-25.R
S08.FLOPAH.PAH.X.KG.X,1,1,,S08_Analysesets_2026-09-25.R
S08.B6NE.X.X.IG.X,7,1,,S08_Analysesets_2026-09-25.R
S08.B6NEKM.X.X.IG.X,2,1,,S08_Analysesets_2026-09-25.R
S08.B6IF.X.X.IG.X,1,1,,S08_Analysesets_2026-09-25.R
S08.B6FK.X.X.IG.X,0,1,,S08_Analysesets_2026-09-25.R
S08.B6FK.X.X.KG.X,1,1,,S08_Analysesets_2026-09-25.R
S08.B6NA.X.X.IG.X,2,1,,S08_Analysesets_2026-09-25.R
S08.B6NA.X.X.KG.X,2,1,,S08_Analysesets_2026-09-25.R
S08.ANT.Z05.X.IG.X,0.88888888888888884,1,,S08_Analysesets_2026-09-25.R
S08.ANT.Z05.X.KG.X,0.53846153846153844,1,,S08_Analysesets_2026-09-25.R
S08.ANT.Z05.X.ALL.X,0.74193548387096775,1,,S08_Analysesets_2026-09-25.R
S08.ANT.Z10.X.IG.X,0.38888888888888890,1,,S08_Analysesets_2026-09-25.R
S08.ANT.Z10.X.KG.X,0.84615384615384615,1,,S08_Analysesets_2026-09-25.R
S08.ANT.Z10.X.ALL.X,0.58064516129032262,1,,S08_Analysesets_2026-09-25.R
S08.ANT.Z30.X.IG.X,0.88888888888888884,1,,S08_Analysesets_2026-09-25.R
S08.ANT.Z30.X.KG.X,0.84615384615384615,1,,S08_Analysesets_2026-09-25.R
S08.ANT.Z30.X.ALL.X,0.87096774193548387,1,,S08_Analysesets_2026-09-25.R
S08.ANT.SBJ.X.IG.X,0.88888888888888884,1,,S08_Analysesets_2026-09-25.R
S08.ANT.SBJ.X.KG.X,0.84615384615384615,1,,S08_Analysesets_2026-09-25.R
S08.ANT.SBJ.X.ALL.X,0.87096774193548387,1,,S08_Analysesets_2026-09-25.R
S08.ANT.CL.X.IG.X,0.83333333333333337,1,,S08_Analysesets_2026-09-25.R
S08.ANT.CL.X.KG.X,0.84615384615384615,1,,S08_Analysesets_2026-09-25.R
S08.ANT.CL.X.ALL.X,0.83870967741935487,1,,S08_Analysesets_2026-09-25.R
S08.ANT.CR.X.IG.X,0.77777777777777779,1,,S08_Analysesets_2026-09-25.R
S08.ANT.CR.X.KG.X,0.76923076923076927,1,,S08_Analysesets_2026-09-25.R
S08.ANT.CR.X.ALL.X,0.77419354838709675,1,,S08_Analysesets_2026-09-25.R
S08.ANT.CM.X.IG.X,0.72222222222222221,1,,S08_Analysesets_2026-09-25.R
S08.ANT.CM.X.KG.X,0.76923076923076927,1,,S08_Analysesets_2026-09-25.R
S08.ANT.CM.X.ALL.X,0.74193548387096775,1,,S08_Analysesets_2026-09-25.R
S08.ANTTN.X.X.IG.X,0.88888888888888884,1,,S08_Analysesets_2026-09-25.R
S08.ANTTN.X.X.KG.X,0.84615384615384615,1,,S08_Analysesets_2026-09-25.R
S08.ANTTN.X.X.ALL.X,0.87096774193548387,1,,S08_Analysesets_2026-09-25.R
S09.KMEAN.Z05.PRE.IG.X,2.2222222222222223,1,,S09_Versuchszahlen_2026-09-25.R
S09.KMEAN.Z05.PRE.KG.X,1.0000000000000000,1,,S09_Versuchszahlen_2026-09-25.R
S09.KMEAN.Z05.POST.IG.X,2.6875000000000000,1,,S09_Versuchszahlen_2026-09-25.R
S09.KMEAN.Z05.POST.KG.X,1.9090909090909092,1,,S09_Versuchszahlen_2026-09-25.R
S09.KMEAN.Z10.PRE.IG.X,2.5555555555555554,1,,S09_Versuchszahlen_2026-09-25.R
S09.KMEAN.Z10.PRE.KG.X,1.6153846153846154,1,,S09_Versuchszahlen_2026-09-25.R
S09.KMEAN.Z10.POST.IG.X,1.2500000000000000,1,,S09_Versuchszahlen_2026-09-25.R
S09.KMEAN.Z10.POST.KG.X,1.6363636363636362,1,,S09_Versuchszahlen_2026-09-25.R
S09.KMEAN.Z30.PRE.IG.X,2.6111111111111112,1,,S09_Versuchszahlen_2026-09-25.R
S09.KMEAN.Z30.PRE.KG.X,2.3846153846153846,1,,S09_Versuchszahlen_2026-09-25.R
S09.KMEAN.Z30.POST.IG.X,2.5625000000000000,1,,S09_Versuchszahlen_2026-09-25.R
S09.KMEAN.Z30.POST.KG.X,2.1818181818181817,1,,S09_Versuchszahlen_2026-09-25.R
S09.KMEAN.SBJ.PRE.IG.X,2.5000000000000000,1,,S09_Versuchszahlen_2026-09-25.R
S09.KMEAN.SBJ.PRE.KG.X,2.0769230769230766,1,,S09_Versuchszahlen_2026-09-25.R
S09.KMEAN.SBJ.POST.IG.X,2.0000000000000000,1,,S09_Versuchszahlen_2026-09-25.R
S09.KMEAN.SBJ.POST.KG.X,1.9090909090909092,1,,S09_Versuchszahlen_2026-09-25.R
S09.KMEAN.CL.PRE.IG.X,1.8333333333333333,1,,S09_Versuchszahlen_2026-09-25.R
S09.KMEAN.CL.PRE.KG.X,1.6923076923076923,1,,S09_Versuchszahlen_2026-09-25.R
S09.KMEAN.CL.POST.IG.X,1.6250000000000000,1,,S09_Versuchszahlen_2026-09-25.R
S09.KMEAN.CL.POST.KG.X,2.0000000000000000,1,,S09_Versuchszahlen_2026-09-25.R
S09.KMEAN.CR.PRE.IG.X,1.8888888888888888,1,,S09_Versuchszahlen_2026-09-25.R
S09.KMEAN.CR.PRE.KG.X,1.9230769230769231,1,,S09_Versuchszahlen_2026-09-25.R
S09.KMEAN.CR.POST.IG.X,1.4375000000000000,1,,S09_Versuchszahlen_2026-09-25.R
S09.KMEAN.CR.POST.KG.X,1.5454545454545454,1,,S09_Versuchszahlen_2026-09-25.R
S10.TE.Z05.PRE.ALL.X,0.046234773936807042,s,,S10_Messguete_2026-09-25.R
S10.TE.Z05.POST.ALL.X,0.039666401694928459,s,,S10_Messguete_2026-09-25.R
S10.TE.Z10.PRE.ALL.X,0.036937133779597085,s,,S10_Messguete_2026-09-25.R
S10.TE.Z10.POST.ALL.X,0.050207901104640219,s,,S10_Messguete_2026-09-25.R
S10.TE.Z30.PRE.ALL.X,0.077491706259490062,s,,S10_Messguete_2026-09-25.R
S10.TE.Z30.POST.ALL.X,0.090350195875475756,s,,S10_Messguete_2026-09-25.R
S10.TE.SBJ.PRE.ALL.X,6.1482365771113656,cm,,S10_Messguete_2026-09-25.R
S10.TE.SBJ.POST.ALL.X,6.7110700740240778,cm,,S10_Messguete_2026-09-25.R
S10.TE.CL.PRE.ALL.X,0.088784527411550129,s,,S10_Messguete_2026-09-25.R
S10.TE.CL.POST.ALL.X,0.053027396333449738,s,,S10_Messguete_2026-09-25.R
S10.TE.CR.PRE.ALL.X,0.082875408495725278,s,,S10_Messguete_2026-09-25.R
S10.TE.CR.POST.ALL.X,0.071937472849690778,s,,S10_Messguete_2026-09-25.R
S10.TE.CM.PRE.ALL.X,0.054851892936617498,s,,S10_Messguete_2026-09-25.R
S10.TE.CM.POST.ALL.X,0.040888568084490269,s,,S10_Messguete_2026-09-25.R
S10.TELO.Z05.PRE.ALL.X,0.036554120560580737,s,,S10_Messguete_2026-09-25.R
S10.TELO.Z05.POST.ALL.X,0.032338581242701427,s,,S10_Messguete_2026-09-25.R
S10.TELO.Z10.PRE.ALL.X,0.030037665712638328,s,,S10_Messguete_2026-09-25.R
S10.TELO.Z10.POST.ALL.X,0.038412013516665108,s,,S10_Messguete_2026-09-25.R
S10.TELO.Z30.PRE.ALL.X,0.064509427589035329,s,,S10_Messguete_2026-09-25.R
S10.TELO.Z30.POST.ALL.X,0.073838328891257632,s,,S10_Messguete_2026-09-25.R
S10.TELO.SBJ.PRE.ALL.X,5.0588000640398931,cm,,S10_Messguete_2026-09-25.R
S10.TELO.SBJ.POST.ALL.X,5.2850778625554566,cm,,S10_Messguete_2026-09-25.R
S10.TELO.CL.PRE.ALL.X,0.069919272960127371,s,,S10_Messguete_2026-09-25.R
S10.TELO.CL.POST.ALL.X,0.040796699094122972,s,,S10_Messguete_2026-09-25.R
S10.TELO.CR.PRE.ALL.X,0.066226729047673752,s,,S10_Messguete_2026-09-25.R
S10.TELO.CR.POST.ALL.X,0.052667336310750143,s,,S10_Messguete_2026-09-25.R
S10.TELO.CM.PRE.ALL.X,0.042200378023588565,s,,S10_Messguete_2026-09-25.R
S10.TELO.CM.POST.ALL.X,0.029320619142108165,s,,S10_Messguete_2026-09-25.R
S10.TEHI.Z05.PRE.ALL.X,0.062931840788251106,s,,S10_Messguete_2026-09-25.R
S10.TEHI.Z05.POST.ALL.X,0.051318298341222958,s,,S10_Messguete_2026-09-25.R
S10.TEHI.Z10.PRE.ALL.X,0.047979878825558993,s,,S10_Messguete_2026-09-25.R
S10.TEHI.Z10.POST.ALL.X,0.072503698141416786,s,,S10_Messguete_2026-09-25.R
S10.TEHI.Z30.PRE.ALL.X,0.097064589703747386,s,,S10_Messguete_2026-09-25.R
S10.TEHI.Z30.POST.ALL.X,0.11644136581685791,s,,S10_Messguete_2026-09-25.R
S10.TEHI.SBJ.PRE.ALL.X,7.8400197704585768,cm,,S10_Messguete_2026-09-25.R
S10.TEHI.SBJ.POST.ALL.X,9.1970626018250545,cm,,S10_Messguete_2026-09-25.R
S10.TEHI.CL.PRE.ALL.X,0.12167312331278593,s,,S10_Messguete_2026-09-25.R
S10.TEHI.CL.POST.ALL.X,0.075779579599506403,s,,S10_Messguete_2026-09-25.R
S10.TEHI.CR.PRE.ALL.X,0.11077735050412871,s,,S10_Messguete_2026-09-25.R
S10.TEHI.CR.POST.ALL.X,0.11345251738079319,s,,S10_Messguete_2026-09-25.R
S10.TEHI.CM.PRE.ALL.X,0.078386903268565483,s,,S10_Messguete_2026-09-25.R
S10.TEHI.CM.POST.ALL.X,0.067496196122611443,s,,S10_Messguete_2026-09-25.R
S10.DFTE.Z05.PRE.ALL.X,27,1,,S10_Messguete_2026-09-25.R
S10.DFTE.Z05.POST.ALL.X,37,1,,S10_Messguete_2026-09-25.R
S10.DFTE.Z10.PRE.ALL.X,36,1,,S10_Messguete_2026-09-25.R
S10.DFTE.Z10.POST.ALL.X,20,1,,S10_Messguete_2026-09-25.R
S10.DFTE.Z30.PRE.ALL.X,47,1,,S10_Messguete_2026-09-25.R
S10.DFTE.Z30.POST.ALL.X,38,1,,S10_Messguete_2026-09-25.R
S10.DFTE.SBJ.PRE.ALL.X,41,1,,S10_Messguete_2026-09-25.R
S10.DFTE.SBJ.POST.ALL.X,26,1,,S10_Messguete_2026-09-25.R
S10.DFTE.CL.PRE.ALL.X,26,1,,S10_Messguete_2026-09-25.R
S10.DFTE.CL.POST.ALL.X,21,1,,S10_Messguete_2026-09-25.R
S10.DFTE.CR.PRE.ALL.X,30,1,,S10_Messguete_2026-09-25.R
S10.DFTE.CR.POST.ALL.X,14,1,,S10_Messguete_2026-09-25.R
S10.DFTE.CM.PRE.ALL.X,21,1,,S10_Messguete_2026-09-25.R
S10.DFTE.CM.POST.ALL.X,12,1,,S10_Messguete_2026-09-25.R
S10.NTE.Z05.PRE.ALL.X,21,1,,S10_Messguete_2026-09-25.R
S10.NTE.Z05.POST.ALL.X,25,1,,S10_Messguete_2026-09-25.R
S10.NTE.Z10.PRE.ALL.X,26,1,,S10_Messguete_2026-09-25.R
S10.NTE.Z10.POST.ALL.X,13,1,,S10_Messguete_2026-09-25.R
S10.NTE.Z30.PRE.ALL.X,30,1,,S10_Messguete_2026-09-25.R
S10.NTE.Z30.POST.ALL.X,26,1,,S10_Messguete_2026-09-25.R
S10.NTE.SBJ.PRE.ALL.X,29,1,,S10_Messguete_2026-09-25.R
S10.NTE.SBJ.POST.ALL.X,23,1,,S10_Messguete_2026-09-25.R
S10.NTE.CL.PRE.ALL.X,22,1,,S10_Messguete_2026-09-25.R
S10.NTE.CL.POST.ALL.X,21,1,,S10_Messguete_2026-09-25.R
S10.NTE.CR.PRE.ALL.X,26,1,,S10_Messguete_2026-09-25.R
S10.NTE.CR.POST.ALL.X,14,1,,S10_Messguete_2026-09-25.R
S10.NTE.CM.PRE.ALL.X,19,1,,S10_Messguete_2026-09-25.R
S10.NTE.CM.POST.ALL.X,12,1,,S10_Messguete_2026-09-25.R
S10.CV.Z05.PRE.ALL.X,4.2344383685684761,%,,S10_Messguete_2026-09-25.R
S10.CV.Z10.PRE.ALL.X,1.9429051449351145,%,,S10_Messguete_2026-09-25.R
S10.CV.Z30.PRE.ALL.X,1.6443070386851670,%,,S10_Messguete_2026-09-25.R
S10.CV.SBJ.PRE.ALL.X,2.6856571631687713,%,,S10_Messguete_2026-09-25.R
S10.CV.CL.PRE.ALL.X,3.5037879764485780,%,,S10_Messguete_2026-09-25.R
S10.CV.CR.PRE.ALL.X,3.2543460316672150,%,,S10_Messguete_2026-09-25.R
S10.CV.CM.PRE.ALL.X,2.1543283592367817,%,,S10_Messguete_2026-09-25.R
S10.SB.Z05.PRE.ALL.X,0.079224122200637459,s,,S10_Messguete_2026-09-25.R
S10.SB.Z10.PRE.ALL.X,0.10729118253361905,s,,S10_Messguete_2026-09-25.R
S10.SB.Z30.PRE.ALL.X,0.31325897081440296,s,,S10_Messguete_2026-09-25.R
S10.SB.SBJ.PRE.ALL.X,16.595180023127195,cm,,S10_Messguete_2026-09-25.R
S10.SB.CL.PRE.ALL.X,0.11398837552002650,s,,S10_Messguete_2026-09-25.R
S10.SB.CR.PRE.ALL.X,0.11663804481187494,s,,S10_Messguete_2026-09-25.R
S10.SB.CM.PRE.ALL.X,0.10041190097568044,s,,S10_Messguete_2026-09-25.R
S10.NSB.Z05.PRE.ALL.X,26,1,,S10_Messguete_2026-09-25.R
S10.NSB.Z10.PRE.ALL.X,31,1,,S10_Messguete_2026-09-25.R
S10.NSB.Z30.PRE.ALL.X,31,1,,S10_Messguete_2026-09-25.R
S10.NSB.SBJ.PRE.ALL.X,31,1,,S10_Messguete_2026-09-25.R
S10.NSB.CL.PRE.ALL.X,29,1,,S10_Messguete_2026-09-25.R
S10.NSB.CR.PRE.ALL.X,29,1,,S10_Messguete_2026-09-25.R
S10.NSB.CM.PRE.ALL.X,27,1,,S10_Messguete_2026-09-25.R
S10.SESOI.Z05.PRE.ALL.X,0.015844824440127494,s,,S10_Messguete_2026-09-25.R
S10.SESOI.Z10.PRE.ALL.X,0.021458236506723811,s,,S10_Messguete_2026-09-25.R
S10.SESOI.Z30.PRE.ALL.X,0.062651794162880595,s,,S10_Messguete_2026-09-25.R
S10.SESOI.SBJ.PRE.ALL.X,3.3190360046254392,cm,,S10_Messguete_2026-09-25.R
S10.SESOI.CL.PRE.ALL.X,0.022797675104005301,s,,S10_Messguete_2026-09-25.R
S10.SESOI.CR.PRE.ALL.X,0.023327608962374988,s,,S10_Messguete_2026-09-25.R
S10.SESOI.CM.PRE.ALL.X,0.020082380195136088,s,,S10_Messguete_2026-09-25.R
S10.RTS.Z05.PRE.ALL.X,2.9179732543906316,1,,S10_Messguete_2026-09-25.R
S10.RTS.Z10.PRE.ALL.X,1.7213499239801489,1,,S10_Messguete_2026-09-25.R
S10.RTS.Z30.PRE.ALL.X,1.2368633220307950,1,,S10_Messguete_2026-09-25.R
S10.RTS.SBJ.PRE.ALL.X,1.8524163547919115,1,,S10_Messguete_2026-09-25.R
S10.RTS.CL.PRE.ALL.X,3.8944553339981436,1,,S10_Messguete_2026-09-25.R
S10.RTS.CR.PRE.ALL.X,3.5526747996073968,1,,S10_Messguete_2026-09-25.R
S10.RTS.CM.PRE.ALL.X,2.7313442133668255,1,,S10_Messguete_2026-09-25.R
S10.FLEINZ.Z05.PRE.ALL.X,1,1,,S10_Messguete_2026-09-25.R
S10.FLEINZ.Z10.PRE.ALL.X,1,1,,S10_Messguete_2026-09-25.R
S10.FLEINZ.Z30.PRE.ALL.X,1,1,,S10_Messguete_2026-09-25.R
S10.FLEINZ.SBJ.PRE.ALL.X,1,1,,S10_Messguete_2026-09-25.R
S10.FLEINZ.CL.PRE.ALL.X,1,1,,S10_Messguete_2026-09-25.R
S10.FLEINZ.CR.PRE.ALL.X,1,1,,S10_Messguete_2026-09-25.R
S10.FLEINZ.CM.PRE.ALL.X,1,1,,S10_Messguete_2026-09-25.R
S10.TE.Z05.PRE.VA.X,0.049020713000019721,s,,S10_Messguete_2026-09-25.R
S10.TE.Z05.PRE.VB.X,0.034267220842117058,s,,S10_Messguete_2026-09-25.R
S10.TE.Z05.PRE.VC.X,0.060608030271023738,s,,S10_Messguete_2026-09-25.R
S10.TE.Z05.POST.VA.X,0.037825510317366876,s,,S10_Messguete_2026-09-25.R
S10.TE.Z05.POST.VB.X,0.017861904127153386,s,,S10_Messguete_2026-09-25.R
S10.TE.Z05.POST.VC.X,0.059287435431126592,s,,S10_Messguete_2026-09-25.R
S10.TE.Z10.PRE.VA.X,0.037899388337592432,s,,S10_Messguete_2026-09-25.R
S10.TE.Z10.PRE.VB.X,0.027830016240052168,s,,S10_Messguete_2026-09-25.R
S10.TE.Z10.PRE.VC.X,0.050187149749711842,s,,S10_Messguete_2026-09-25.R
S10.TE.Z10.POST.VA.X,0.028889710704944498,s,,S10_Messguete_2026-09-25.R
S10.TE.Z10.POST.VB.X,,s,zu wenige Werte,S10_Messguete_2026-09-25.R
S10.TE.Z10.POST.VC.X,0.075182318083316296,s,,S10_Messguete_2026-09-25.R
S10.TE.Z30.PRE.VA.X,0.047463436219660426,s,,S10_Messguete_2026-09-25.R
S10.TE.Z30.PRE.VB.X,0.051468627413630640,s,,S10_Messguete_2026-09-25.R
S10.TE.Z30.PRE.VC.X,0.10805519851412022,s,,S10_Messguete_2026-09-25.R
S10.TE.Z30.POST.VA.X,0.12149947000757323,s,,S10_Messguete_2026-09-25.R
S10.TE.Z30.POST.VB.X,0.034330328116279743,s,,S10_Messguete_2026-09-25.R
S10.TE.Z30.POST.VC.X,0.10050513445233558,s,,S10_Messguete_2026-09-25.R
S10.TE.SBJ.PRE.VA.X,7.0504136994458229,cm,,S10_Messguete_2026-09-25.R
S10.TE.SBJ.PRE.VB.X,5.0738983478627597,cm,,S10_Messguete_2026-09-25.R
S10.TE.SBJ.PRE.VC.X,6.3648962883855980,cm,,S10_Messguete_2026-09-25.R
S10.TE.SBJ.POST.VA.X,7.4966659255965249,cm,,S10_Messguete_2026-09-25.R
S10.TE.SBJ.POST.VB.X,8.1212403889150728,cm,,S10_Messguete_2026-09-25.R
S10.TE.SBJ.POST.VC.X,4.0558599581346497,cm,,S10_Messguete_2026-09-25.R
S10.TE.CL.PRE.VA.X,0.10551461194229608,s,,S10_Messguete_2026-09-25.R
S10.TE.CL.PRE.VB.X,0.067288764127287751,s,,S10_Messguete_2026-09-25.R
S10.TE.CL.PRE.VC.X,0.092879850703296546,s,,S10_Messguete_2026-09-25.R
S10.TE.CL.POST.VA.X,0.076892782496148532,s,,S10_Messguete_2026-09-25.R
S10.TE.CL.POST.VB.X,0.055901699437494658,s,,S10_Messguete_2026-09-25.R
S10.TE.CL.POST.VC.X,0.038905479866419353,s,,S10_Messguete_2026-09-25.R
S10.TE.CR.PRE.VA.X,0.090205526643532360,s,,S10_Messguete_2026-09-25.R
S10.TE.CR.PRE.VB.X,0.070975347832892027,s,,S10_Messguete_2026-09-25.R
S10.TE.CR.PRE.VC.X,0.084360338232291748,s,,S10_Messguete_2026-09-25.R
S10.TE.CR.POST.VA.X,0.10157099323461720,s,,S10_Messguete_2026-09-25.R
S10.TE.CR.POST.VB.X,0.066783231428256054,s,,S10_Messguete_2026-09-25.R
S10.TE.CR.POST.VC.X,0.056568542494923754,s,,S10_Messguete_2026-09-25.R
S10.TE.CM.PRE.VA.X,0.046748440259185765,s,,S10_Messguete_2026-09-25.R
S10.TE.CM.PRE.VB.X,0.041589511899035321,s,,S10_Messguete_2026-09-25.R
S10.TE.CM.PRE.VC.X,0.067168251980188179,s,,S10_Messguete_2026-09-25.R
S10.TE.CM.POST.VA.X,0.081317279836453121,s,,S10_Messguete_2026-09-25.R
S10.TE.CM.POST.VB.X,0.027568097504180405,s,,S10_Messguete_2026-09-25.R
S10.TE.CM.POST.VC.X,0.040104031385053078,s,,S10_Messguete_2026-09-25.R
S10.DFTE.Z05.PRE.VA.X,11,1,,S10_Messguete_2026-09-25.R
S10.DFTE.Z05.PRE.VB.X,11,1,,S10_Messguete_2026-09-25.R
S10.DFTE.Z05.PRE.VC.X,5,1,,S10_Messguete_2026-09-25.R
S10.DFTE.Z05.POST.VA.X,13,1,,S10_Messguete_2026-09-25.R
S10.DFTE.Z05.POST.VB.X,14,1,,S10_Messguete_2026-09-25.R
S10.DFTE.Z05.POST.VC.X,10,1,,S10_Messguete_2026-09-25.R
S10.DFTE.Z10.PRE.VA.X,11,1,,S10_Messguete_2026-09-25.R
S10.DFTE.Z10.PRE.VB.X,17,1,,S10_Messguete_2026-09-25.R
S10.DFTE.Z10.PRE.VC.X,8,1,,S10_Messguete_2026-09-25.R
S10.DFTE.Z10.POST.VA.X,13,1,,S10_Messguete_2026-09-25.R
S10.DFTE.Z10.POST.VB.X,0,1,,S10_Messguete_2026-09-25.R
S10.DFTE.Z10.POST.VC.X,7,1,,S10_Messguete_2026-09-25.R
S10.DFTE.Z30.PRE.VA.X,12,1,,S10_Messguete_2026-09-25.R
S10.DFTE.Z30.PRE.VB.X,17,1,,S10_Messguete_2026-09-25.R
S10.DFTE.Z30.PRE.VC.X,18,1,,S10_Messguete_2026-09-25.R
S10.DFTE.Z30.POST.VA.X,11,1,,S10_Messguete_2026-09-25.R
S10.DFTE.Z30.POST.VB.X,14,1,,S10_Messguete_2026-09-25.R
S10.DFTE.Z30.POST.VC.X,13,1,,S10_Messguete_2026-09-25.R
S10.DFTE.SBJ.PRE.VA.X,12,1,,S10_Messguete_2026-09-25.R
S10.DFTE.SBJ.PRE.VB.X,15,1,,S10_Messguete_2026-09-25.R
S10.DFTE.SBJ.PRE.VC.X,14,1,,S10_Messguete_2026-09-25.R
S10.DFTE.SBJ.POST.VA.X,5,1,,S10_Messguete_2026-09-25.R
S10.DFTE.SBJ.POST.VB.X,11,1,,S10_Messguete_2026-09-25.R
S10.DFTE.SBJ.POST.VC.X,10,1,,S10_Messguete_2026-09-25.R
S10.DFTE.CL.PRE.VA.X,7,1,,S10_Messguete_2026-09-25.R
S10.DFTE.CL.PRE.VB.X,9,1,,S10_Messguete_2026-09-25.R
S10.DFTE.CL.PRE.VC.X,10,1,,S10_Messguete_2026-09-25.R
S10.DFTE.CL.POST.VA.X,4,1,,S10_Messguete_2026-09-25.R
S10.DFTE.CL.POST.VB.X,6,1,,S10_Messguete_2026-09-25.R
S10.DFTE.CL.POST.VC.X,11,1,,S10_Messguete_2026-09-25.R
S10.DFTE.CR.PRE.VA.X,9,1,,S10_Messguete_2026-09-25.R
S10.DFTE.CR.PRE.VB.X,8,1,,S10_Messguete_2026-09-25.R
S10.DFTE.CR.PRE.VC.X,13,1,,S10_Messguete_2026-09-25.R
S10.DFTE.CR.POST.VA.X,3,1,,S10_Messguete_2026-09-25.R
S10.DFTE.CR.POST.VB.X,5,1,,S10_Messguete_2026-09-25.R
S10.DFTE.CR.POST.VC.X,6,1,,S10_Messguete_2026-09-25.R
S10.DFTE.CM.PRE.VA.X,4,1,,S10_Messguete_2026-09-25.R
S10.DFTE.CM.PRE.VB.X,8,1,,S10_Messguete_2026-09-25.R
S10.DFTE.CM.PRE.VC.X,9,1,,S10_Messguete_2026-09-25.R
S10.DFTE.CM.POST.VA.X,1,1,,S10_Messguete_2026-09-25.R
S10.DFTE.CM.POST.VB.X,5,1,,S10_Messguete_2026-09-25.R
S10.DFTE.CM.POST.VC.X,6,1,,S10_Messguete_2026-09-25.R
S10.NTE.Z05.PRE.VA.X,7,1,,S10_Messguete_2026-09-25.R
S10.NTE.Z05.PRE.VB.X,10,1,,S10_Messguete_2026-09-25.R
S10.NTE.Z05.PRE.VC.X,4,1,,S10_Messguete_2026-09-25.R
S10.NTE.Z05.POST.VA.X,7,1,,S10_Messguete_2026-09-25.R
S10.NTE.Z05.POST.VB.X,9,1,,S10_Messguete_2026-09-25.R
S10.NTE.Z05.POST.VC.X,9,1,,S10_Messguete_2026-09-25.R
S10.NTE.Z10.PRE.VA.X,7,1,,S10_Messguete_2026-09-25.R
S10.NTE.Z10.PRE.VB.X,11,1,,S10_Messguete_2026-09-25.R
S10.NTE.Z10.PRE.VC.X,8,1,,S10_Messguete_2026-09-25.R
S10.NTE.Z10.POST.VA.X,7,1,,S10_Messguete_2026-09-25.R
S10.NTE.Z10.POST.VB.X,0,1,,S10_Messguete_2026-09-25.R
S10.NTE.Z10.POST.VC.X,6,1,,S10_Messguete_2026-09-25.R
S10.NTE.Z30.PRE.VA.X,7,1,,S10_Messguete_2026-09-25.R
S10.NTE.Z30.PRE.VB.X,11,1,,S10_Messguete_2026-09-25.R
S10.NTE.Z30.PRE.VC.X,12,1,,S10_Messguete_2026-09-25.R
S10.NTE.Z30.POST.VA.X,7,1,,S10_Messguete_2026-09-25.R
S10.NTE.Z30.POST.VB.X,9,1,,S10_Messguete_2026-09-25.R
S10.NTE.Z30.POST.VC.X,10,1,,S10_Messguete_2026-09-25.R
S10.NTE.SBJ.PRE.VA.X,7,1,,S10_Messguete_2026-09-25.R
S10.NTE.SBJ.PRE.VB.X,11,1,,S10_Messguete_2026-09-25.R
S10.NTE.SBJ.PRE.VC.X,11,1,,S10_Messguete_2026-09-25.R
S10.NTE.SBJ.POST.VA.X,5,1,,S10_Messguete_2026-09-25.R
S10.NTE.SBJ.POST.VB.X,8,1,,S10_Messguete_2026-09-25.R
S10.NTE.SBJ.POST.VC.X,10,1,,S10_Messguete_2026-09-25.R
S10.NTE.CL.PRE.VA.X,4,1,,S10_Messguete_2026-09-25.R
S10.NTE.CL.PRE.VB.X,9,1,,S10_Messguete_2026-09-25.R
S10.NTE.CL.PRE.VC.X,9,1,,S10_Messguete_2026-09-25.R
S10.NTE.CL.POST.VA.X,4,1,,S10_Messguete_2026-09-25.R
S10.NTE.CL.POST.VB.X,6,1,,S10_Messguete_2026-09-25.R
S10.NTE.CL.POST.VC.X,11,1,,S10_Messguete_2026-09-25.R
S10.NTE.CR.PRE.VA.X,7,1,,S10_Messguete_2026-09-25.R
S10.NTE.CR.PRE.VB.X,8,1,,S10_Messguete_2026-09-25.R
S10.NTE.CR.PRE.VC.X,11,1,,S10_Messguete_2026-09-25.R
S10.NTE.CR.POST.VA.X,3,1,,S10_Messguete_2026-09-25.R
S10.NTE.CR.POST.VB.X,5,1,,S10_Messguete_2026-09-25.R
S10.NTE.CR.POST.VC.X,6,1,,S10_Messguete_2026-09-25.R
S10.NTE.CM.PRE.VA.X,3,1,,S10_Messguete_2026-09-25.R
S10.NTE.CM.PRE.VB.X,8,1,,S10_Messguete_2026-09-25.R
S10.NTE.CM.PRE.VC.X,8,1,,S10_Messguete_2026-09-25.R
S10.NTE.CM.POST.VA.X,1,1,,S10_Messguete_2026-09-25.R
S10.NTE.CM.POST.VB.X,5,1,,S10_Messguete_2026-09-25.R
S10.NTE.CM.POST.VC.X,6,1,,S10_Messguete_2026-09-25.R
S11.N.Z05.PRE.ALL.X,6,1,,S11_Bestwertbias_2026-09-25.R
S11.N.Z05.POST.ALL.X,12,1,,S11_Bestwertbias_2026-09-25.R
S11.N.Z10.PRE.ALL.X,10,1,,S11_Bestwertbias_2026-09-25.R
S11.N.Z10.POST.ALL.X,7,1,,S11_Bestwertbias_2026-09-25.R
S11.N.Z30.PRE.ALL.X,17,1,,S11_Bestwertbias_2026-09-25.R
S11.N.Z30.POST.ALL.X,12,1,,S11_Bestwertbias_2026-09-25.R
S11.N.SBJ.PRE.ALL.X,12,1,,S11_Bestwertbias_2026-09-25.R
S11.N.SBJ.POST.ALL.X,3,1,,S11_Bestwertbias_2026-09-25.R
S11.N.CL.PRE.ALL.X,4,1,,S11_Bestwertbias_2026-09-25.R
S11.N.CL.POST.ALL.X,0,1,,S11_Bestwertbias_2026-09-25.R
S11.N.CR.PRE.ALL.X,4,1,,S11_Bestwertbias_2026-09-25.R
S11.N.CR.POST.ALL.X,0,1,,S11_Bestwertbias_2026-09-25.R
S11.DMEAN.Z05.PRE.ALL.X,-0.028333333333333339,s,,S11_Bestwertbias_2026-09-25.R
S11.DMEAN.Z05.POST.ALL.X,-0.0058333333333333388,s,,S11_Bestwertbias_2026-09-25.R
S11.DMEAN.Z10.PRE.ALL.X,-0.0050000000000000044,s,,S11_Bestwertbias_2026-09-25.R
S11.DMEAN.Z10.POST.ALL.X,-0.018571428571428555,s,,S11_Bestwertbias_2026-09-25.R
S11.DMEAN.Z30.PRE.ALL.X,-0.015882352941176445,s,,S11_Bestwertbias_2026-09-25.R
S11.DMEAN.Z30.POST.ALL.X,-0.0074999999999999884,s,,S11_Bestwertbias_2026-09-25.R
S11.DMEAN.SBJ.PRE.ALL.X,0.75000000000000000,cm,,S11_Bestwertbias_2026-09-25.R
S11.DMEAN.SBJ.POST.ALL.X,0.33333333333333337,cm,,S11_Bestwertbias_2026-09-25.R
S11.DMEAN.CL.PRE.ALL.X,-0.032499999999999973,s,,S11_Bestwertbias_2026-09-25.R
S11.DMEAN.CL.POST.ALL.X,,s,zu wenige Werte,S11_Bestwertbias_2026-09-25.R
S11.DMEAN.CR.PRE.ALL.X,-0.074999999999999956,s,,S11_Bestwertbias_2026-09-25.R
S11.DMEAN.CR.POST.ALL.X,,s,zu wenige Werte,S11_Bestwertbias_2026-09-25.R
S11.DSESOI.Z05.PRE.ALL.X,-1.7881759081898263,1,,S11_Bestwertbias_2026-09-25.R
S11.DSESOI.Z05.POST.ALL.X,-0.44971599906581999,1,,S11_Bestwertbias_2026-09-25.R
S11.DSESOI.Z10.PRE.ALL.X,-0.23301076015418529,1,,S11_Bestwertbias_2026-09-25.R
S11.DSESOI.Z10.POST.ALL.X,-0.96719262842723919,1,,S11_Bestwertbias_2026-09-25.R
S11.DSESOI.Z30.PRE.ALL.X,-0.25350196516137902,1,,S11_Bestwertbias_2026-09-25.R
S11.DSESOI.Z30.POST.ALL.X,-0.13901362733023495,1,,S11_Bestwertbias_2026-09-25.R
S11.DSESOI.SBJ.PRE.ALL.X,0.22596922689443352,1,,S11_Bestwertbias_2026-09-25.R
S11.DSESOI.SBJ.POST.ALL.X,0.10831437997511145,1,,S11_Bestwertbias_2026-09-25.R
S11.DSESOI.CL.PRE.ALL.X,-1.4255839620369921,1,,S11_Bestwertbias_2026-09-25.R
S11.DSESOI.CL.POST.ALL.X,,1,Eingang fehlt,S11_Bestwertbias_2026-09-25.R
S11.DSESOI.CR.PRE.ALL.X,-3.2150744690965616,1,,S11_Bestwertbias_2026-09-25.R
S11.DSESOI.CR.POST.ALL.X,,1,Eingang fehlt,S11_Bestwertbias_2026-09-25.R
S12.NFAM1.FAM.PRE.IG.X,10,1,,S12_Deskription_2026-09-25.R
S12.NFAM1.FAM.PRE.KG.X,0,1,,S12_Deskription_2026-09-25.R
S12.NFAM2.FAM.PRE.IG.X,8,1,,S12_Deskription_2026-09-25.R
S12.NFAM2.FAM.PRE.KG.X,13,1,,S12_Deskription_2026-09-25.R
S12.NFAMNA.FAM.PRE.IG.X,0,1,,S12_Deskription_2026-09-25.R
S12.NFAMNA.FAM.PRE.KG.X,0,1,,S12_Deskription_2026-09-25.R
S12.D.Z05.PRE.BASE.HAUPT,-1.2206094853436651,1,,S12_Deskription_2026-09-25.R
S12.D.Z05.PRE.ITT.HAUPT,-1.1540204619054364,1,,S12_Deskription_2026-09-25.R
S12.D.Z10.PRE.BASE.HAUPT,-1.2936306096092860,1,,S12_Deskription_2026-09-25.R
S12.D.Z10.PRE.ITT.HAUPT,-2.2339557867629631,1,,S12_Deskription_2026-09-25.R
S12.D.Z30.PRE.BASE.HAUPT,-1.6824197398383967,1,,S12_Deskription_2026-09-25.R
S12.D.Z30.PRE.ITT.HAUPT,-1.6404846413033678,1,,S12_Deskription_2026-09-25.R
S12.D.SBJ.PRE.BASE.HAUPT,0.83626209683582053,1,,S12_Deskription_2026-09-25.R
S12.D.SBJ.PRE.ITT.HAUPT,0.69616400647951437,1,,S12_Deskription_2026-09-25.R
S12.D.CL.PRE.BASE.HAUPT,-0.70355492390488050,1,,S12_Deskription_2026-09-25.R
S12.D.CL.PRE.ITT.HAUPT,-0.82920202310557101,1,,S12_Deskription_2026-09-25.R
S12.D.CR.PRE.BASE.HAUPT,-0.16566840307738701,1,,S12_Deskription_2026-09-25.R
S12.D.CR.PRE.ITT.HAUPT,-0.30237503591771087,1,,S12_Deskription_2026-09-25.R
S12.D.CM.PRE.BASE.HAUPT,-0.59656701604136497,1,,S12_Deskription_2026-09-25.R
S12.D.CM.PRE.ITT.HAUPT,-0.68507761938435530,1,,S12_Deskription_2026-09-25.R
S12.N.Z05.PRE.IG.HAUPT,18,1,,S12_Deskription_2026-09-25.R
S12.N.Z05.PRE.KG.HAUPT,8,1,,S12_Deskription_2026-09-25.R
S12.N.Z10.PRE.IG.HAUPT,18,1,,S12_Deskription_2026-09-25.R
S12.N.Z10.PRE.KG.HAUPT,13,1,,S12_Deskription_2026-09-25.R
S12.N.Z30.PRE.IG.HAUPT,18,1,,S12_Deskription_2026-09-25.R
S12.N.Z30.PRE.KG.HAUPT,13,1,,S12_Deskription_2026-09-25.R
S12.N.SBJ.PRE.IG.HAUPT,18,1,,S12_Deskription_2026-09-25.R
S12.N.SBJ.PRE.KG.HAUPT,13,1,,S12_Deskription_2026-09-25.R
S12.N.CL.PRE.IG.HAUPT,17,1,,S12_Deskription_2026-09-25.R
S12.N.CL.PRE.KG.HAUPT,12,1,,S12_Deskription_2026-09-25.R
S12.N.CR.PRE.IG.HAUPT,17,1,,S12_Deskription_2026-09-25.R
S12.N.CR.PRE.KG.HAUPT,12,1,,S12_Deskription_2026-09-25.R
S12.N.CM.PRE.IG.HAUPT,16,1,,S12_Deskription_2026-09-25.R
S12.N.CM.PRE.KG.HAUPT,11,1,,S12_Deskription_2026-09-25.R
S12.M.Z05.PRE.IG.HAUPT,1.0511111111111111,s,,S12_Deskription_2026-09-25.R
S12.M.Z05.PRE.KG.HAUPT,1.1362500000000000,s,,S12_Deskription_2026-09-25.R
S12.M.Z10.PRE.IG.HAUPT,1.8483333333333334,s,,S12_Deskription_2026-09-25.R
S12.M.Z10.PRE.KG.HAUPT,1.9661538461538461,s,,S12_Deskription_2026-09-25.R
S12.M.Z30.PRE.IG.HAUPT,4.5255555555555560,s,,S12_Deskription_2026-09-25.R
S12.M.Z30.PRE.KG.HAUPT,4.9323076923076927,s,,S12_Deskription_2026-09-25.R
S12.M.SBJ.PRE.IG.HAUPT,237.44444444444446,cm,,S12_Deskription_2026-09-25.R
S12.M.SBJ.PRE.KG.HAUPT,224.46153846153845,cm,,S12_Deskription_2026-09-25.R
S12.M.CL.PRE.IG.HAUPT,2.4664705882352944,s,,S12_Deskription_2026-09-25.R
S12.M.CL.PRE.KG.HAUPT,2.5433333333333334,s,,S12_Deskription_2026-09-25.R
S12.M.CR.PRE.IG.HAUPT,2.4770588235294118,s,,S12_Deskription_2026-09-25.R
S12.M.CR.PRE.KG.HAUPT,2.4966666666666666,s,,S12_Deskription_2026-09-25.R
S12.M.CM.PRE.IG.HAUPT,2.4665625000000002,s,,S12_Deskription_2026-09-25.R
S12.M.CM.PRE.KG.HAUPT,2.5249999999999999,s,,S12_Deskription_2026-09-25.R
S12.SD.Z05.PRE.IG.HAUPT,0.078881063774661545,s,,S12_Deskription_2026-09-25.R
S12.SD.Z05.PRE.KG.HAUPT,0.039618718519695346,s,,S12_Deskription_2026-09-25.R
S12.SD.Z10.PRE.IG.HAUPT,0.098054606635042618,s,,S12_Deskription_2026-09-25.R
S12.SD.Z10.PRE.KG.HAUPT,0.080160096217763002,s,,S12_Deskription_2026-09-25.R
S12.SD.Z30.PRE.IG.HAUPT,0.23485219938411386,s,,S12_Deskription_2026-09-25.R
S12.SD.Z30.PRE.KG.HAUPT,0.25123540906733433,s,,S12_Deskription_2026-09-25.R
S12.SD.SBJ.PRE.IG.HAUPT,12.843960458574990,cm,,S12_Deskription_2026-09-25.R
S12.SD.SBJ.PRE.KG.HAUPT,18.675364274070553,cm,,S12_Deskription_2026-09-25.R
S12.SD.CL.PRE.IG.HAUPT,0.10752564673547585,s,,S12_Deskription_2026-09-25.R
S12.SD.CL.PRE.KG.HAUPT,0.11170849510573434,s,,S12_Deskription_2026-09-25.R
S12.SD.CR.PRE.IG.HAUPT,0.11060993998519937,s,,S12_Deskription_2026-09-25.R
S12.SD.CR.PRE.KG.HAUPT,0.12879393925134364,s,,S12_Deskription_2026-09-25.R
S12.SD.CM.PRE.IG.HAUPT,0.092856856684540690,s,,S12_Deskription_2026-09-25.R
S12.SD.CM.PRE.KG.HAUPT,0.10514276009312290,s,,S12_Deskription_2026-09-25.R
S12.N.Z05.PRE.ITTIG.HAUPT,16,1,,S12_Deskription_2026-09-25.R
S12.N.Z05.PRE.ITTKG.HAUPT,7,1,,S12_Deskription_2026-09-25.R
S12.N.Z05.POST.ITTIG.HAUPT,16,1,,S12_Deskription_2026-09-25.R
S12.N.Z05.POST.ITTKG.HAUPT,7,1,,S12_Deskription_2026-09-25.R
S12.N.Z10.PRE.ITTIG.HAUPT,7,1,,S12_Deskription_2026-09-25.R
S12.N.Z10.PRE.ITTKG.HAUPT,10,1,,S12_Deskription_2026-09-25.R
S12.N.Z10.POST.ITTIG.HAUPT,7,1,,S12_Deskription_2026-09-25.R
S12.N.Z10.POST.ITTKG.HAUPT,10,1,,S12_Deskription_2026-09-25.R
S12.N.Z30.PRE.ITTIG.HAUPT,16,1,,S12_Deskription_2026-09-25.R
S12.N.Z30.PRE.ITTKG.HAUPT,10,1,,S12_Deskription_2026-09-25.R
S12.N.Z30.POST.ITTIG.HAUPT,16,1,,S12_Deskription_2026-09-25.R
S12.N.Z30.POST.ITTKG.HAUPT,10,1,,S12_Deskription_2026-09-25.R
S12.N.SBJ.PRE.ITTIG.HAUPT,16,1,,S12_Deskription_2026-09-25.R
S12.N.SBJ.PRE.ITTKG.HAUPT,10,1,,S12_Deskription_2026-09-25.R
S12.N.SBJ.POST.ITTIG.HAUPT,16,1,,S12_Deskription_2026-09-25.R
S12.N.SBJ.POST.ITTKG.HAUPT,10,1,,S12_Deskription_2026-09-25.R
S12.N.CL.PRE.ITTIG.HAUPT,15,1,,S12_Deskription_2026-09-25.R
S12.N.CL.PRE.ITTKG.HAUPT,10,1,,S12_Deskription_2026-09-25.R
S12.N.CL.POST.ITTIG.HAUPT,15,1,,S12_Deskription_2026-09-25.R
S12.N.CL.POST.ITTKG.HAUPT,10,1,,S12_Deskription_2026-09-25.R
S12.N.CR.PRE.ITTIG.HAUPT,14,1,,S12_Deskription_2026-09-25.R
S12.N.CR.PRE.ITTKG.HAUPT,10,1,,S12_Deskription_2026-09-25.R
S12.N.CR.POST.ITTIG.HAUPT,14,1,,S12_Deskription_2026-09-25.R
S12.N.CR.POST.ITTKG.HAUPT,10,1,,S12_Deskription_2026-09-25.R
S12.N.CM.PRE.ITTIG.HAUPT,13,1,,S12_Deskription_2026-09-25.R
S12.N.CM.PRE.ITTKG.HAUPT,10,1,,S12_Deskription_2026-09-25.R
S12.N.CM.POST.ITTIG.HAUPT,13,1,,S12_Deskription_2026-09-25.R
S12.N.CM.POST.ITTKG.HAUPT,10,1,,S12_Deskription_2026-09-25.R
S12.M.Z05.PRE.ITTIG.HAUPT,1.0462500000000001,s,,S12_Deskription_2026-09-25.R
S12.M.Z05.PRE.ITTKG.HAUPT,1.1285714285714286,s,,S12_Deskription_2026-09-25.R
S12.M.Z05.POST.ITTIG.HAUPT,1.0768750000000000,s,,S12_Deskription_2026-09-25.R
S12.M.Z05.POST.ITTKG.HAUPT,1.1742857142857142,s,,S12_Deskription_2026-09-25.R
S12.M.Z10.PRE.ITTIG.HAUPT,1.7700000000000000,s,,S12_Deskription_2026-09-25.R
S12.M.Z10.PRE.ITTKG.HAUPT,1.9520000000000000,s,,S12_Deskription_2026-09-25.R
S12.M.Z10.POST.ITTIG.HAUPT,1.8671428571428572,s,,S12_Deskription_2026-09-25.R
S12.M.Z10.POST.ITTKG.HAUPT,1.9760000000000000,s,,S12_Deskription_2026-09-25.R
S12.M.Z30.PRE.ITTIG.HAUPT,4.5106250000000001,s,,S12_Deskription_2026-09-25.R
S12.M.Z30.PRE.ITTKG.HAUPT,4.8940000000000001,s,,S12_Deskription_2026-09-25.R
S12.M.Z30.POST.ITTIG.HAUPT,4.5662500000000001,s,,S12_Deskription_2026-09-25.R
S12.M.Z30.POST.ITTKG.HAUPT,4.8929999999999998,s,,S12_Deskription_2026-09-25.R
S12.M.SBJ.PRE.ITTIG.HAUPT,237.75000000000000,cm,,S12_Deskription_2026-09-25.R
S12.M.SBJ.PRE.ITTKG.HAUPT,226.40000000000001,cm,,S12_Deskription_2026-09-25.R
S12.M.SBJ.POST.ITTIG.HAUPT,233.31250000000000,cm,,S12_Deskription_2026-09-25.R
S12.M.SBJ.POST.ITTKG.HAUPT,223.19999999999999,cm,,S12_Deskription_2026-09-25.R
S12.M.CL.PRE.ITTIG.HAUPT,2.4546666666666668,s,,S12_Deskription_2026-09-25.R
S12.M.CL.PRE.ITTKG.HAUPT,2.5419999999999998,s,,S12_Deskription_2026-09-25.R
S12.M.CL.POST.ITTIG.HAUPT,2.4546666666666668,s,,S12_Deskription_2026-09-25.R
S12.M.CL.POST.ITTKG.HAUPT,2.5070000000000001,s,,S12_Deskription_2026-09-25.R
S12.M.CR.PRE.ITTIG.HAUPT,2.4714285714285715,s,,S12_Deskription_2026-09-25.R
S12.M.CR.PRE.ITTKG.HAUPT,2.5089999999999999,s,,S12_Deskription_2026-09-25.R
S12.M.CR.POST.ITTIG.HAUPT,2.4828571428571431,s,,S12_Deskription_2026-09-25.R
S12.M.CR.POST.ITTKG.HAUPT,2.5569999999999999,s,,S12_Deskription_2026-09-25.R
S12.M.CM.PRE.ITTIG.HAUPT,2.4557692307692309,s,,S12_Deskription_2026-09-25.R
S12.M.CM.PRE.ITTKG.HAUPT,2.5255000000000001,s,,S12_Deskription_2026-09-25.R
S12.M.CM.POST.ITTIG.HAUPT,2.4715384615384615,s,,S12_Deskription_2026-09-25.R
S12.M.CM.POST.ITTKG.HAUPT,2.5320000000000000,s,,S12_Deskription_2026-09-25.R
S12.SD.Z05.PRE.ITTIG.HAUPT,0.081312155712824796,s,,S12_Deskription_2026-09-25.R
S12.SD.Z05.PRE.ITTKG.HAUPT,0.035790395093549546,s,,S12_Deskription_2026-09-25.R
S12.SD.Z05.POST.ITTIG.HAUPT,0.041588259561243145,s,,S12_Deskription_2026-09-25.R
S12.SD.Z05.POST.ITTKG.HAUPT,0.038234863173611133,s,,S12_Deskription_2026-09-25.R
S12.SD.Z10.PRE.ITTIG.HAUPT,0.075938571665963517,s,,S12_Deskription_2026-09-25.R
S12.SD.Z10.PRE.ITTKG.HAUPT,0.084957505717727907,s,,S12_Deskription_2026-09-25.R
S12.SD.Z10.POST.ITTIG.HAUPT,0.069693205243716930,s,,S12_Deskription_2026-09-25.R
S12.SD.Z10.POST.ITTKG.HAUPT,0.080166493416306189,s,,S12_Deskription_2026-09-25.R
S12.SD.Z30.PRE.ITTIG.HAUPT,0.20872529793966044,s,,S12_Deskription_2026-09-25.R
S12.SD.Z30.PRE.ITTKG.HAUPT,0.27023446609688168,s,,S12_Deskription_2026-09-25.R
S12.SD.Z30.POST.ITTIG.HAUPT,0.18416930616509722,s,,S12_Deskription_2026-09-25.R
S12.SD.Z30.POST.ITTKG.HAUPT,0.23494916707899000,s,,S12_Deskription_2026-09-25.R
S12.SD.SBJ.PRE.ITTIG.HAUPT,12.917688131653692,cm,,S12_Deskription_2026-09-25.R
S12.SD.SBJ.PRE.ITTKG.HAUPT,20.753580681682646,cm,,S12_Deskription_2026-09-25.R
S12.SD.SBJ.POST.ITTIG.HAUPT,13.931828068610857,cm,,S12_Deskription_2026-09-25.R
S12.SD.SBJ.POST.ITTKG.HAUPT,17.028081382103959,cm,,S12_Deskription_2026-09-25.R
S12.SD.CL.PRE.ITTIG.HAUPT,0.094556609398562794,s,,S12_Deskription_2026-09-25.R
S12.SD.CL.PRE.ITTKG.HAUPT,0.12016655108639840,s,,S12_Deskription_2026-09-25.R
S12.SD.CL.POST.ITTIG.HAUPT,0.079719747210073993,s,,S12_Deskription_2026-09-25.R
S12.SD.CL.POST.ITTKG.HAUPT,0.13250157231771498,s,,S12_Deskription_2026-09-25.R
S12.SD.CR.PRE.ITTIG.HAUPT,0.12177262183500617,s,,S12_Deskription_2026-09-25.R
S12.SD.CR.PRE.ITTKG.HAUPT,0.12775410408715299,s,,S12_Deskription_2026-09-25.R
S12.SD.CR.POST.ITTIG.HAUPT,0.11451762185046334,s,,S12_Deskription_2026-09-25.R
S12.SD.CR.POST.ITTKG.HAUPT,0.12055888372262098,s,,S12_Deskription_2026-09-25.R
S12.SD.CM.PRE.ITTIG.HAUPT,0.094446769704909964,s,,S12_Deskription_2026-09-25.R
S12.SD.CM.PRE.ITTKG.HAUPT,0.11081641474879872,s,,S12_Deskription_2026-09-25.R
S12.SD.CM.POST.ITTIG.HAUPT,0.080580824212521135,s,,S12_Deskription_2026-09-25.R
S12.SD.CM.POST.ITTKG.HAUPT,0.11804424782446808,s,,S12_Deskription_2026-09-25.R
S12.N.AGE.PRE.ANAIG.X,16,1,,S12_Deskription_2026-09-25.R
S12.N.AGE.PRE.ANAKG.X,10,1,,S12_Deskription_2026-09-25.R
S12.M.AGE.PRE.ANAIG.X,15.097535934291582,Jahre,,S12_Deskription_2026-09-25.R
S12.M.AGE.PRE.ANAKG.X,14.082683093771390,Jahre,,S12_Deskription_2026-09-25.R
S12.SD.AGE.PRE.ANAIG.X,0.26106499549254425,Jahre,,S12_Deskription_2026-09-25.R
S12.SD.AGE.PRE.ANAKG.X,0.31116102128380552,Jahre,,S12_Deskription_2026-09-25.R
S12.N.HGT.PRE.ANAIG.X,16,1,,S12_Deskription_2026-09-25.R
S12.N.HGT.PRE.ANAKG.X,10,1,,S12_Deskription_2026-09-25.R
S12.M.HGT.PRE.ANAIG.X,173.87500000000000,cm,,S12_Deskription_2026-09-25.R
S12.M.HGT.PRE.ANAKG.X,168.69999999999999,cm,,S12_Deskription_2026-09-25.R
S12.SD.HGT.PRE.ANAIG.X,10.670051546267244,cm,,S12_Deskription_2026-09-25.R
S12.SD.HGT.PRE.ANAKG.X,6.6340870593557257,cm,,S12_Deskription_2026-09-25.R
S12.N.MASS.PRE.ANAIG.X,16,1,,S12_Deskription_2026-09-25.R
S12.N.MASS.PRE.ANAKG.X,10,1,,S12_Deskription_2026-09-25.R
S12.M.MASS.PRE.ANAIG.X,60.781250000000000,kg,,S12_Deskription_2026-09-25.R
S12.M.MASS.PRE.ANAKG.X,53.340000000000003,kg,,S12_Deskription_2026-09-25.R
S12.SD.MASS.PRE.ANAIG.X,10.057648416338019,kg,,S12_Deskription_2026-09-25.R
S12.SD.MASS.PRE.ANAKG.X,7.5343952053971206,kg,,S12_Deskription_2026-09-25.R
S12.N.PAH.PRE.ANAIG.X,16,1,,S12_Deskription_2026-09-25.R
S12.N.PAH.PRE.ANAKG.X,10,1,,S12_Deskription_2026-09-25.R
S12.M.PAH.PRE.ANAIG.X,94.740153451538944,%,,S12_Deskription_2026-09-25.R
S12.M.PAH.PRE.ANAKG.X,90.495091206046226,%,,S12_Deskription_2026-09-25.R
S12.SD.PAH.PRE.ANAIG.X,2.7665338027787976,%,,S12_Deskription_2026-09-25.R
S12.SD.PAH.PRE.ANAKG.X,2.7255734088945367,%,,S12_Deskription_2026-09-25.R
S13.B0.Z30.X.ITT.HAUPT,2.0592026561814643,s,,S13_Hauptanalyse_2026-09-25.R
S13.B0.CM.X.ITT.HAUPT,0.52925593407466842,s,,S13_Hauptanalyse_2026-09-25.R
S13.B0.SBJ.X.ITT.HAUPT,18.248010190682404,cm,,S13_Hauptanalyse_2026-09-25.R
S13.B1.Z30.X.ITT.HAUPT,-0.044506179575529395,s,,S13_Hauptanalyse_2026-09-25.R
S13.B1.CM.X.ITT.HAUPT,-0.012071413892494361,s,,S13_Hauptanalyse_2026-09-25.R
S13.B1.SBJ.X.ITT.HAUPT,-0.069440120569971231,cm,,S13_Hauptanalyse_2026-09-25.R
S13.B2.Z30.X.ITT.HAUPT,0.67734050993057981,s je s,,S13_Hauptanalyse_2026-09-25.R
S13.B2.CM.X.ITT.HAUPT,0.75663889257399952,s je s,,S13_Hauptanalyse_2026-09-25.R
S13.B2.SBJ.X.ITT.HAUPT,0.77807132014069247,cm je cm,,S13_Hauptanalyse_2026-09-25.R
S13.B3.Z30.X.ITT.HAUPT,-0.0053163890479572999,s je %,,S13_Hauptanalyse_2026-09-25.R
S13.B3.CM.X.ITT.HAUPT,0.0010150002779770555,s je %,,S13_Hauptanalyse_2026-09-25.R
S13.B3.SBJ.X.ITT.HAUPT,0.31821220958713065,cm je %,,S13_Hauptanalyse_2026-09-25.R
S13.SEB0.Z30.X.ITT.HAUPT,1.1876714970058460,s,,S13_Hauptanalyse_2026-09-25.R
S13.SEB0.CM.X.ITT.HAUPT,0.72407539658277609,s,,S13_Hauptanalyse_2026-09-25.R
S13.SEB0.SBJ.X.ITT.HAUPT,54.808901144051134,cm,,S13_Hauptanalyse_2026-09-25.R
S13.SEB1.Z30.X.ITT.HAUPT,0.074628270426428570,s,,S13_Hauptanalyse_2026-09-25.R
S13.SEB1.CM.X.ITT.HAUPT,0.035051277293405202,s,,S13_Hauptanalyse_2026-09-25.R
S13.SEB1.SBJ.X.ITT.HAUPT,4.1682261565973588,cm,,S13_Hauptanalyse_2026-09-25.R
S13.SEB2.Z30.X.ITT.HAUPT,0.11730033713081897,s je s,,S13_Hauptanalyse_2026-09-25.R
S13.SEB2.CM.X.ITT.HAUPT,0.15205562977734766,s je s,,S13_Hauptanalyse_2026-09-25.R
S13.SEB2.SBJ.X.ITT.HAUPT,0.10865206154143239,cm je cm,,S13_Hauptanalyse_2026-09-25.R
S13.SEB3.Z30.X.ITT.HAUPT,0.0099637218581490293,s je %,,S13_Hauptanalyse_2026-09-25.R
S13.SEB3.CM.X.ITT.HAUPT,0.0053725257380039587,s je %,,S13_Hauptanalyse_2026-09-25.R
S13.SEB3.SBJ.X.ITT.HAUPT,0.64386227839999333,cm je %,,S13_Hauptanalyse_2026-09-25.R
S13.SIGMA.Z30.X.ITT.HAUPT,0.12977408838401228,s,,S13_Hauptanalyse_2026-09-25.R
S13.SIGMA.CM.X.ITT.HAUPT,0.065750523137140054,s,,S13_Hauptanalyse_2026-09-25.R
S13.SIGMA.SBJ.X.ITT.HAUPT,8.1299831406956180,cm,,S13_Hauptanalyse_2026-09-25.R
S13.DF.Z30.X.ITT.HAUPT,22,1,,S13_Hauptanalyse_2026-09-25.R
S13.DF.CM.X.ITT.HAUPT,19,1,,S13_Hauptanalyse_2026-09-25.R
S13.DF.SBJ.X.ITT.HAUPT,22,1,,S13_Hauptanalyse_2026-09-25.R
S13.R2.Z30.X.ITT.HAUPT,0.77715141871772930,1,,S13_Hauptanalyse_2026-09-25.R
S13.R2.CM.X.ITT.HAUPT,0.63329159226737919,1,,S13_Hauptanalyse_2026-09-25.R
S13.R2.SBJ.X.ITT.HAUPT,0.76357009301231871,1,,S13_Hauptanalyse_2026-09-25.R
S13.T.Z30.X.ITT.HAUPT,-0.59637158038394178,1,,S13_Hauptanalyse_2026-09-25.R
S13.T.CM.X.ITT.HAUPT,-0.34439298150100689,1,,S13_Hauptanalyse_2026-09-25.R
S13.T.SBJ.X.ITT.HAUPT,-0.016659393699179022,1,,S13_Hauptanalyse_2026-09-25.R
S13.P.Z30.X.ITT.HAUPT,0.55701433352800200,1,,S13_Hauptanalyse_2026-09-25.R
S13.P.CM.X.ITT.HAUPT,0.73433331003203972,1,,S13_Hauptanalyse_2026-09-25.R
S13.P.SBJ.X.ITT.HAUPT,0.98685850474666470,1,,S13_Hauptanalyse_2026-09-25.R
S13.KIU.Z30.X.ITT.HAUPT,-0.19927573971715812,s,,S13_Hauptanalyse_2026-09-25.R
S13.KIU.CM.X.ITT.HAUPT,-0.085434580405327226,s,,S13_Hauptanalyse_2026-09-25.R
S13.KIU.SBJ.X.ITT.HAUPT,-8.7138120876703429,cm,,S13_Hauptanalyse_2026-09-25.R
S13.KIO.Z30.X.ITT.HAUPT,0.11026338056609931,s,,S13_Hauptanalyse_2026-09-25.R
S13.KIO.CM.X.ITT.HAUPT,0.061291752620338508,s,,S13_Hauptanalyse_2026-09-25.R
S13.KIO.SBJ.X.ITT.HAUPT,8.5749318465303990,cm,,S13_Hauptanalyse_2026-09-25.R
S13.AMIG.Z30.X.ITT.HAUPT,4.6748053155478742,s,,S13_Hauptanalyse_2026-09-25.R
S13.AMIG.CM.X.ITT.HAUPT,2.4925776461336984,s,,S13_Hauptanalyse_2026-09-25.R
S13.AMIG.SBJ.X.ITT.HAUPT,229.39636918439626,cm,,S13_Hauptanalyse_2026-09-25.R
S13.AMKG.Z30.X.ITT.HAUPT,4.7193114951234030,s,,S13_Hauptanalyse_2026-09-25.R
S13.AMKG.CM.X.ITT.HAUPT,2.5046490600261930,s,,S13_Hauptanalyse_2026-09-25.R
S13.AMKG.SBJ.X.ITT.HAUPT,229.46580930496623,cm,,S13_Hauptanalyse_2026-09-25.R
S13.SEAMIG.Z30.X.ITT.HAUPT,0.038361640247149768,s,,S13_Hauptanalyse_2026-09-25.R
S13.SEAMIG.CM.X.ITT.HAUPT,0.020499030532863144,s,,S13_Hauptanalyse_2026-09-25.R
S13.SEAMIG.SBJ.X.ITT.HAUPT,2.2610423323618787,cm,,S13_Hauptanalyse_2026-09-25.R
S13.SEAMKG.Z30.X.ITT.HAUPT,0.052505777698484135,s,,S13_Hauptanalyse_2026-09-25.R
S13.SEAMKG.CM.X.ITT.HAUPT,0.024092766309128284,s,,S13_Hauptanalyse_2026-09-25.R
S13.SEAMKG.SBJ.X.ITT.HAUPT,3.0202189101904615,cm,,S13_Hauptanalyse_2026-09-25.R
S13.AMIGU.Z30.X.ITT.HAUPT,4.5952481429986873,s,,S13_Hauptanalyse_2026-09-25.R
S13.AMIGU.CM.X.ITT.HAUPT,2.4496726821363652,s,,S13_Hauptanalyse_2026-09-25.R
S13.AMIGU.SBJ.X.ITT.HAUPT,224.70725438592007,cm,,S13_Hauptanalyse_2026-09-25.R
S13.AMIGO.Z30.X.ITT.HAUPT,4.7543624880970610,s,,S13_Hauptanalyse_2026-09-25.R
S13.AMIGO.CM.X.ITT.HAUPT,2.5354826101310315,s,,S13_Hauptanalyse_2026-09-25.R
S13.AMIGO.SBJ.X.ITT.HAUPT,234.08548398287246,cm,,S13_Hauptanalyse_2026-09-25.R
S13.AMKGU.Z30.X.ITT.HAUPT,4.6104211768451613,s,,S13_Hauptanalyse_2026-09-25.R
S13.AMKGU.CM.X.ITT.HAUPT,2.4542223206039493,s,,S13_Hauptanalyse_2026-09-25.R
S13.AMKGU.SBJ.X.ITT.HAUPT,223.20225864794779,cm,,S13_Hauptanalyse_2026-09-25.R
S13.AMKGO.Z30.X.ITT.HAUPT,4.8282018134016447,s,,S13_Hauptanalyse_2026-09-25.R
S13.AMKGO.CM.X.ITT.HAUPT,2.5550757994484368,s,,S13_Hauptanalyse_2026-09-25.R
S13.AMKGO.SBJ.X.ITT.HAUPT,235.72935996198467,cm,,S13_Hauptanalyse_2026-09-25.R
S13.NIG.Z30.X.ITT.HAUPT,16,1,,S13_Hauptanalyse_2026-09-25.R
S13.NIG.CM.X.ITT.HAUPT,13,1,,S13_Hauptanalyse_2026-09-25.R
S13.NIG.SBJ.X.ITT.HAUPT,16,1,,S13_Hauptanalyse_2026-09-25.R
S13.NKG.Z30.X.ITT.HAUPT,10,1,,S13_Hauptanalyse_2026-09-25.R
S13.NKG.CM.X.ITT.HAUPT,10,1,,S13_Hauptanalyse_2026-09-25.R
S13.NKG.SBJ.X.ITT.HAUPT,10,1,,S13_Hauptanalyse_2026-09-25.R
S13.SIG.Z30.X.ITT.HAUPT,0,1,,S13_Hauptanalyse_2026-09-25.R
S13.SIG.CM.X.ITT.HAUPT,0,1,,S13_Hauptanalyse_2026-09-25.R
S13.SIG.SBJ.X.ITT.HAUPT,0,1,,S13_Hauptanalyse_2026-09-25.R
S13.H0REJ.X.X.ITT.HAUPT,0,1,,S13_Hauptanalyse_2026-09-25.R
S13.NTEST.X.X.ITT.HAUPT,3,1,,S13_Hauptanalyse_2026-09-25.R
S13.PREM.CM.X.ITT.HAUPT,2.4860869565217394,s,,S13_Hauptanalyse_2026-09-25.R
S13.PAHM.CM.X.ITT.HAUPT,92.929082260194960,%,,S13_Hauptanalyse_2026-09-25.R
S13.PREM.SBJ.X.ITT.HAUPT,233.38461538461539,cm,,S13_Hauptanalyse_2026-09-25.R
S13.PAHM.SBJ.X.ITT.HAUPT,93.107437203272511,%,,S13_Hauptanalyse_2026-09-25.R
S13.PREM.Z30.X.ITT.HAUPT,4.6580769230769228,s,,S13_Hauptanalyse_2026-09-25.R
S13.PAHM.Z30.X.ITT.HAUPT,93.107437203272511,%,,S13_Hauptanalyse_2026-09-25.R
S14.SWW.Z30.X.ITT.HAUPT,0.91478795672263802,1,,S14_Voraussetzungen_2026-09-25.R
S14.SWW.CM.X.ITT.HAUPT,0.93438487884199284,1,,S14_Voraussetzungen_2026-09-25.R
S14.SWW.SBJ.X.ITT.HAUPT,0.96829536608799960,1,,S14_Voraussetzungen_2026-09-25.R
S14.SWP.Z30.X.ITT.HAUPT,0.033990146305010148,1,,S14_Voraussetzungen_2026-09-25.R
S14.SWP.CM.X.ITT.HAUPT,0.13602114760558853,1,,S14_Voraussetzungen_2026-09-25.R
S14.SWP.SBJ.X.ITT.HAUPT,0.57963832386933101,1,,S14_Voraussetzungen_2026-09-25.R
S14.SWVERW.Z30.X.ITT.HAUPT,1,1,,S14_Voraussetzungen_2026-09-25.R
S14.SWVERW.CM.X.ITT.HAUPT,0,1,,S14_Voraussetzungen_2026-09-25.R
S14.SWVERW.SBJ.X.ITT.HAUPT,0,1,,S14_Voraussetzungen_2026-09-25.R
S14.BFF.Z30.X.ITT.HAUPT,2.2388790072347318,1,,S14_Voraussetzungen_2026-09-25.R
S14.BFF.CM.X.ITT.HAUPT,1.1249794627466059,1,,S14_Voraussetzungen_2026-09-25.R
S14.BFF.SBJ.X.ITT.HAUPT,0.76552062167881230,1,,S14_Voraussetzungen_2026-09-25.R
S14.BFDF1.Z30.X.ITT.HAUPT,1,1,,S14_Voraussetzungen_2026-09-25.R
S14.BFDF1.CM.X.ITT.HAUPT,1,1,,S14_Voraussetzungen_2026-09-25.R
S14.BFDF1.SBJ.X.ITT.HAUPT,1,1,,S14_Voraussetzungen_2026-09-25.R
S14.BFDF2.Z30.X.ITT.HAUPT,24,1,,S14_Voraussetzungen_2026-09-25.R
S14.BFDF2.CM.X.ITT.HAUPT,21,1,,S14_Voraussetzungen_2026-09-25.R
S14.BFDF2.SBJ.X.ITT.HAUPT,24,1,,S14_Voraussetzungen_2026-09-25.R
S14.BFP.Z30.X.ITT.HAUPT,0.14761427973986621,1,,S14_Voraussetzungen_2026-09-25.R
S14.BFP.CM.X.ITT.HAUPT,0.30089575384868045,1,,S14_Voraussetzungen_2026-09-25.R
S14.BFP.SBJ.X.ITT.HAUPT,0.39027854459462852,1,,S14_Voraussetzungen_2026-09-25.R
S14.BFVERW.Z30.X.ITT.HAUPT,0,1,,S14_Voraussetzungen_2026-09-25.R
S14.BFVERW.CM.X.ITT.HAUPT,0,1,,S14_Voraussetzungen_2026-09-25.R
S14.BFVERW.SBJ.X.ITT.HAUPT,0,1,,S14_Voraussetzungen_2026-09-25.R
S14.SDRIG.Z30.X.ITT.HAUPT,0.087181906888809585,s,,S14_Voraussetzungen_2026-09-25.R
S14.SDRIG.CM.X.ITT.HAUPT,0.057340860267060860,s,,S14_Voraussetzungen_2026-09-25.R
S14.SDRIG.SBJ.X.ITT.HAUPT,6.8318821367070139,cm,,S14_Voraussetzungen_2026-09-25.R
S14.SDRKG.Z30.X.ITT.HAUPT,0.16881898096886550,s,,S14_Voraussetzungen_2026-09-25.R
S14.SDRKG.CM.X.ITT.HAUPT,0.068866863092124697,s,,S14_Voraussetzungen_2026-09-25.R
S14.SDRKG.SBJ.X.ITT.HAUPT,9.1530599992452046,cm,,S14_Voraussetzungen_2026-09-25.R
S14.SDRQ.Z30.X.ITT.HAUPT,1.9363992712865816,1,,S14_Voraussetzungen_2026-09-25.R
S14.SDRQ.CM.X.ITT.HAUPT,1.2010085438443427,1,,S14_Voraussetzungen_2026-09-25.R
S14.SDRQ.SBJ.X.ITT.HAUPT,1.3397567194648654,1,,S14_Voraussetzungen_2026-09-25.R
S14.BINT.Z30.X.ITT.SLPRE,0.19720483161739266,s je s,,S14_Voraussetzungen_2026-09-25.R
S14.BINT.Z30.X.ITT.SLPAH,0.028072923460387221,s je %,,S14_Voraussetzungen_2026-09-25.R
S14.BINT.CM.X.ITT.SLPRE,-0.27034123056231119,s je s,,S14_Voraussetzungen_2026-09-25.R
S14.BINT.CM.X.ITT.SLPAH,0.0010691219430495461,s je %,,S14_Voraussetzungen_2026-09-25.R
S14.BINT.SBJ.X.ITT.SLPRE,0.27227687467445361,cm je cm,,S14_Voraussetzungen_2026-09-25.R
S14.BINT.SBJ.X.ITT.SLPAH,-1.0263811200649329,cm je %,,S14_Voraussetzungen_2026-09-25.R
S14.SEINT.Z30.X.ITT.SLPRE,0.22832450606500598,s je s,,S14_Voraussetzungen_2026-09-25.R
S14.SEINT.Z30.X.ITT.SLPAH,0.019499186495581328,s je %,,S14_Voraussetzungen_2026-09-25.R
S14.SEINT.CM.X.ITT.SLPRE,0.30020191854599859,s je s,,S14_Voraussetzungen_2026-09-25.R
S14.SEINT.CM.X.ITT.SLPAH,0.010825850448132720,s je %,,S14_Voraussetzungen_2026-09-25.R
S14.SEINT.SBJ.X.ITT.SLPRE,0.20500847246916820,cm je cm,,S14_Voraussetzungen_2026-09-25.R
S14.SEINT.SBJ.X.ITT.SLPAH,1.2906571297417175,cm je %,,S14_Voraussetzungen_2026-09-25.R
S14.TINT.Z30.X.ITT.SLPRE,0.86370418583648101,1,,S14_Voraussetzungen_2026-09-25.R
S14.TINT.Z30.X.ITT.SLPAH,1.4396971620712880,1,,S14_Voraussetzungen_2026-09-25.R
S14.TINT.CM.X.ITT.SLPRE,-0.90053132195718466,1,,S14_Voraussetzungen_2026-09-25.R
S14.TINT.CM.X.ITT.SLPAH,0.098756393150983529,1,,S14_Voraussetzungen_2026-09-25.R
S14.TINT.SBJ.X.ITT.SLPRE,1.3281249862266160,1,,S14_Voraussetzungen_2026-09-25.R
S14.TINT.SBJ.X.ITT.SLPAH,-0.79523918197416943,1,,S14_Voraussetzungen_2026-09-25.R
S14.DFINT.Z30.X.ITT.SLPRE,21,1,,S14_Voraussetzungen_2026-09-25.R
S14.DFINT.Z30.X.ITT.SLPAH,21,1,,S14_Voraussetzungen_2026-09-25.R
S14.DFINT.CM.X.ITT.SLPRE,18,1,,S14_Voraussetzungen_2026-09-25.R
S14.DFINT.CM.X.ITT.SLPAH,18,1,,S14_Voraussetzungen_2026-09-25.R
S14.DFINT.SBJ.X.ITT.SLPRE,21,1,,S14_Voraussetzungen_2026-09-25.R
S14.DFINT.SBJ.X.ITT.SLPAH,21,1,,S14_Voraussetzungen_2026-09-25.R
S14.PINT.Z30.X.ITT.SLPRE,0.39750835217633795,1,,S14_Voraussetzungen_2026-09-25.R
S14.PINT.Z30.X.ITT.SLPAH,0.16469459354952454,1,,S14_Voraussetzungen_2026-09-25.R
S14.PINT.CM.X.ITT.SLPRE,0.37972855837129627,1,,S14_Voraussetzungen_2026-09-25.R
S14.PINT.CM.X.ITT.SLPAH,0.92242317778044824,1,,S14_Voraussetzungen_2026-09-25.R
S14.PINT.SBJ.X.ITT.SLPRE,0.19839189006561680,1,,S14_Voraussetzungen_2026-09-25.R
S14.PINT.SBJ.X.ITT.SLPAH,0.43537113235424951,1,,S14_Voraussetzungen_2026-09-25.R
S14.VERW.Z30.X.ITT.SLPRE,0,1,,S14_Voraussetzungen_2026-09-25.R
S14.VERW.Z30.X.ITT.SLPAH,0,1,,S14_Voraussetzungen_2026-09-25.R
S14.VERW.CM.X.ITT.SLPRE,0,1,,S14_Voraussetzungen_2026-09-25.R
S14.VERW.CM.X.ITT.SLPAH,0,1,,S14_Voraussetzungen_2026-09-25.R
S14.VERW.SBJ.X.ITT.SLPRE,0,1,,S14_Voraussetzungen_2026-09-25.R
S14.VERW.SBJ.X.ITT.SLPAH,0,1,,S14_Voraussetzungen_2026-09-25.R
S14.OVPREIG.Z30.X.ITT.HAUPT,12,1,,S14_Voraussetzungen_2026-09-25.R
S14.OVPREIG.CM.X.ITT.HAUPT,12,1,,S14_Voraussetzungen_2026-09-25.R
S14.OVPREIG.SBJ.X.ITT.HAUPT,16,1,,S14_Voraussetzungen_2026-09-25.R
S14.OVPREKG.Z30.X.ITT.HAUPT,4,1,,S14_Voraussetzungen_2026-09-25.R
S14.OVPREKG.CM.X.ITT.HAUPT,6,1,,S14_Voraussetzungen_2026-09-25.R
S14.OVPREKG.SBJ.X.ITT.HAUPT,6,1,,S14_Voraussetzungen_2026-09-25.R
S14.OVPRL.Z30.X.ITT.HAUPT,4.4500000000000002,s,,S14_Voraussetzungen_2026-09-25.R
S14.OVPRL.CM.X.ITT.HAUPT,2.3200000000000003,s,,S14_Voraussetzungen_2026-09-25.R
S14.OVPRL.SBJ.X.ITT.HAUPT,207.00000000000000,cm,,S14_Voraussetzungen_2026-09-25.R
S14.OVPRU.Z30.X.ITT.HAUPT,4.8899999999999997,s,,S14_Voraussetzungen_2026-09-25.R
S14.OVPRU.CM.X.ITT.HAUPT,2.5750000000000002,s,,S14_Voraussetzungen_2026-09-25.R
S14.OVPRU.SBJ.X.ITT.HAUPT,255.00000000000000,cm,,S14_Voraussetzungen_2026-09-25.R
S14.OVPAHIG.Z30.X.ITT.HAUPT,7,1,,S14_Voraussetzungen_2026-09-25.R
S14.OVPAHIG.CM.X.ITT.HAUPT,5,1,,S14_Voraussetzungen_2026-09-25.R
S14.OVPAHIG.SBJ.X.ITT.HAUPT,7,1,,S14_Voraussetzungen_2026-09-25.R
S14.OVPAHKG.Z30.X.ITT.HAUPT,9,1,,S14_Voraussetzungen_2026-09-25.R
S14.OVPAHKG.CM.X.ITT.HAUPT,9,1,,S14_Voraussetzungen_2026-09-25.R
S14.OVPAHKG.SBJ.X.ITT.HAUPT,9,1,,S14_Voraussetzungen_2026-09-25.R
S14.OVPAL.Z30.X.ITT.HAUPT,87.066186063648942,%,,S14_Voraussetzungen_2026-09-25.R
S14.OVPAL.CM.X.ITT.HAUPT,87.066186063648942,%,,S14_Voraussetzungen_2026-09-25.R
S14.OVPAL.SBJ.X.ITT.HAUPT,87.066186063648942,%,,S14_Voraussetzungen_2026-09-25.R
S14.OVPAU.Z30.X.ITT.HAUPT,94.917025447097814,%,,S14_Voraussetzungen_2026-09-25.R
S14.OVPAU.CM.X.ITT.HAUPT,94.917025447097814,%,,S14_Voraussetzungen_2026-09-25.R
S14.OVPAU.SBJ.X.ITT.HAUPT,94.917025447097814,%,,S14_Voraussetzungen_2026-09-25.R
S14.CINT.Z30.PRE.BPAH.SLPAH,0.00056804192140951491,s je %,,S14_Voraussetzungen_2026-09-25.R
S14.CINT.CM.PRE.BPAH.SLPAH,-0.017800734127308780,s je %,,S14_Voraussetzungen_2026-09-25.R
S14.CINT.SBJ.PRE.BPAH.SLPAH,-1.9780513685892933,cm je %,,S14_Voraussetzungen_2026-09-25.R
S14.SECINT.Z30.PRE.BPAH.SLPAH,0.034176515824938830,s je %,,S14_Voraussetzungen_2026-09-25.R
S14.SECINT.CM.PRE.BPAH.SLPAH,0.013212441008739771,s je %,,S14_Voraussetzungen_2026-09-25.R
S14.SECINT.SBJ.PRE.BPAH.SLPAH,2.0973977356328057,cm je %,,S14_Voraussetzungen_2026-09-25.R
S14.TCINT.Z30.PRE.BPAH.SLPAH,0.016620825958947254,1,,S14_Voraussetzungen_2026-09-25.R
S14.TCINT.CM.PRE.BPAH.SLPAH,-1.3472706607003160,1,,S14_Voraussetzungen_2026-09-25.R
S14.TCINT.SBJ.PRE.BPAH.SLPAH,-0.94309788505254377,1,,S14_Voraussetzungen_2026-09-25.R
S14.DFCINT.Z30.PRE.BPAH.SLPAH,26,1,,S14_Voraussetzungen_2026-09-25.R
S14.DFCINT.CM.PRE.BPAH.SLPAH,23,1,,S14_Voraussetzungen_2026-09-25.R
S14.DFCINT.SBJ.PRE.BPAH.SLPAH,26,1,,S14_Voraussetzungen_2026-09-25.R
S14.PCINT.Z30.PRE.BPAH.SLPAH,0.98686599980871348,1,,S14_Voraussetzungen_2026-09-25.R
S14.PCINT.CM.PRE.BPAH.SLPAH,0.19101727669303975,1,,S14_Voraussetzungen_2026-09-25.R
S14.PCINT.SBJ.PRE.BPAH.SLPAH,0.35431244030812636,1,,S14_Voraussetzungen_2026-09-25.R
S14.SWW.Z30.PRE.BPAHIG.X,0.97711103459159099,1,,S14_Voraussetzungen_2026-09-25.R
S14.SWW.Z30.PRE.BPAHKG.X,0.95516340694562096,1,,S14_Voraussetzungen_2026-09-25.R
S14.SWW.CM.PRE.BPAHIG.X,0.87136648907366476,1,,S14_Voraussetzungen_2026-09-25.R
S14.SWW.CM.PRE.BPAHKG.X,0.97377211902155425,1,,S14_Voraussetzungen_2026-09-25.R
S14.SWW.SBJ.PRE.BPAHIG.X,0.93380631748516563,1,,S14_Voraussetzungen_2026-09-25.R
S14.SWW.SBJ.PRE.BPAHKG.X,0.91332972052139905,1,,S14_Voraussetzungen_2026-09-25.R
S14.SWP.Z30.PRE.BPAHIG.X,0.91542098330498634,1,,S14_Voraussetzungen_2026-09-25.R
S14.SWP.Z30.PRE.BPAHKG.X,0.71321034874373501,1,,S14_Voraussetzungen_2026-09-25.R
S14.SWP.CM.PRE.BPAHIG.X,0.028538540318269454,1,,S14_Voraussetzungen_2026-09-25.R
S14.SWP.CM.PRE.BPAHKG.X,0.92186010676863295,1,,S14_Voraussetzungen_2026-09-25.R
S14.SWP.SBJ.PRE.BPAHIG.X,0.22643157560599672,1,,S14_Voraussetzungen_2026-09-25.R
S14.SWP.SBJ.PRE.BPAHKG.X,0.23533006457341865,1,,S14_Voraussetzungen_2026-09-25.R
S15.SDPRE.Z30.X.ITT.HAUPT,0.23369618364449177,s,,S15_Effektstaerke_2026-09-25.R
S15.DFG.Z30.X.ITT.HAUPT,24,1,,S15_Effektstaerke_2026-09-25.R
S15.J.Z30.X.ITT.HAUPT,0.96842105263157896,1,,S15_Effektstaerke_2026-09-25.R
S15.G.Z30.X.ITT.HAUPT,-0.18443057392289658,1,,S15_Effektstaerke_2026-09-25.R
S15.GKIU.Z30.X.ITT.HAUPT,-0.82578507963313685,1,,S15_Effektstaerke_2026-09-25.R
S15.GKIO.Z30.X.ITT.HAUPT,0.45692393178734364,1,,S15_Effektstaerke_2026-09-25.R
S15.SDPRE.CM.X.ITT.HAUPT,0.10178520981817020,s,,S15_Effektstaerke_2026-09-25.R
S15.DFG.CM.X.ITT.HAUPT,21,1,,S15_Effektstaerke_2026-09-25.R
S15.J.CM.X.ITT.HAUPT,0.96385542168674698,1,,S15_Effektstaerke_2026-09-25.R
S15.G.CM.X.ITT.HAUPT,-0.11431029860320990,1,,S15_Effektstaerke_2026-09-25.R
S15.GKIU.CM.X.ITT.HAUPT,-0.80902307585071997,1,,S15_Effektstaerke_2026-09-25.R
S15.GKIO.CM.X.ITT.HAUPT,0.58040247864430028,1,,S15_Effektstaerke_2026-09-25.R
S15.SDPRE.SBJ.X.ITT.HAUPT,16.303629452773187,cm,,S15_Effektstaerke_2026-09-25.R
S15.DFG.SBJ.X.ITT.HAUPT,24,1,,S15_Effektstaerke_2026-09-25.R
S15.J.SBJ.X.ITT.HAUPT,0.96842105263157896,1,,S15_Effektstaerke_2026-09-25.R
S15.G.SBJ.X.ITT.HAUPT,-0.0041246812467144725,1,,S15_Effektstaerke_2026-09-25.R
S15.GKIU.SBJ.X.ITT.HAUPT,-0.51759266848033703,1,,S15_Effektstaerke_2026-09-25.R
S15.GKIO.SBJ.X.ITT.HAUPT,0.50934330598690802,1,,S15_Effektstaerke_2026-09-25.R
S15.UD.Z30.X.ITT.HAUPT,-0.32674999999999965,s,,S15_Effektstaerke_2026-09-25.R
S15.UDSE.Z30.X.ITT.HAUPT,0.082514534704499196,s,,S15_Effektstaerke_2026-09-25.R
S15.UDT.Z30.X.ITT.HAUPT,-3.9599084109260967,1,,S15_Effektstaerke_2026-09-25.R
S15.UDDF.Z30.X.ITT.HAUPT,24,1,,S15_Effektstaerke_2026-09-25.R
S15.UDP.Z30.X.ITT.HAUPT,0.00058305066526699611,1,,S15_Effektstaerke_2026-09-25.R
S15.UDKIU.Z30.X.ITT.HAUPT,-0.49705162949002135,s,,S15_Effektstaerke_2026-09-25.R
S15.UDKIO.Z30.X.ITT.HAUPT,-0.15644837050997798,s,,S15_Effektstaerke_2026-09-25.R
S15.MPOSTIG.Z30.X.ITT.HAUPT,4.5662500000000001,s,,S15_Effektstaerke_2026-09-25.R
S15.MPOSTKG.Z30.X.ITT.HAUPT,4.8929999999999998,s,,S15_Effektstaerke_2026-09-25.R
S15.SDPOST.Z30.X.ITT.HAUPT,0.20469336823649176,s,,S15_Effektstaerke_2026-09-25.R
S15.UD.CM.X.ITT.HAUPT,-0.060461538461538566,s,,S15_Effektstaerke_2026-09-25.R
S15.UDSE.CM.X.ITT.HAUPT,0.041388768396001363,s,,S15_Effektstaerke_2026-09-25.R
S15.UDT.CM.X.ITT.HAUPT,-1.4608199471666292,1,,S15_Effektstaerke_2026-09-25.R
S15.UDDF.CM.X.ITT.HAUPT,21,1,,S15_Effektstaerke_2026-09-25.R
S15.UDP.CM.X.ITT.HAUPT,0.15886631175497121,1,,S15_Effektstaerke_2026-09-25.R
S15.UDKIU.CM.X.ITT.HAUPT,-0.14653419423409045,s,,S15_Effektstaerke_2026-09-25.R
S15.UDKIO.CM.X.ITT.HAUPT,0.025611117311013315,s,,S15_Effektstaerke_2026-09-25.R
S15.MPOSTIG.CM.X.ITT.HAUPT,2.4715384615384615,s,,S15_Effektstaerke_2026-09-25.R
S15.MPOSTKG.CM.X.ITT.HAUPT,2.5320000000000000,s,,S15_Effektstaerke_2026-09-25.R
S15.SDPOST.CM.X.ITT.HAUPT,0.098398904070849891,s,,S15_Effektstaerke_2026-09-25.R
S15.UD.SBJ.X.ITT.HAUPT,10.112500000000011,cm,,S15_Effektstaerke_2026-09-25.R
S15.UDSE.SBJ.X.ITT.HAUPT,6.1140841292529924,cm,,S15_Effektstaerke_2026-09-25.R
S15.UDT.SBJ.X.ITT.HAUPT,1.6539680819268574,1,,S15_Effektstaerke_2026-09-25.R
S15.UDDF.SBJ.X.ITT.HAUPT,24,1,,S15_Effektstaerke_2026-09-25.R
S15.UDP.SBJ.X.ITT.HAUPT,0.11115597367139321,1,,S15_Effektstaerke_2026-09-25.R
S15.UDKIU.SBJ.X.ITT.HAUPT,-2.5063494400379778,cm,,S15_Effektstaerke_2026-09-25.R
S15.UDKIO.SBJ.X.ITT.HAUPT,22.731349440038002,cm,,S15_Effektstaerke_2026-09-25.R
S15.MPOSTIG.SBJ.X.ITT.HAUPT,233.31250000000000,cm,,S15_Effektstaerke_2026-09-25.R
S15.MPOSTKG.SBJ.X.ITT.HAUPT,223.19999999999999,cm,,S15_Effektstaerke_2026-09-25.R
S15.SDPOST.SBJ.X.ITT.HAUPT,15.167176044559731,cm,,S15_Effektstaerke_2026-09-25.R
S16.B1.Z30.X.PP6.HAUPT,0.032854366591676426,s,,S16_PerProtokoll_2026-09-25.R
S16.B1.CM.X.PP6.HAUPT,,s,Fallzahlregel,S16_PerProtokoll_2026-09-25.R
S16.B1.SBJ.X.PP6.HAUPT,0.51141282196942373,cm,,S16_PerProtokoll_2026-09-25.R
S16.SEB1.Z30.X.PP6.HAUPT,0.10991100054459806,s,,S16_PerProtokoll_2026-09-25.R
S16.SEB1.CM.X.PP6.HAUPT,,s,Fallzahlregel,S16_PerProtokoll_2026-09-25.R
S16.SEB1.SBJ.X.PP6.HAUPT,5.3720439062879315,cm,,S16_PerProtokoll_2026-09-25.R
S16.DF.Z30.X.PP6.HAUPT,15,1,,S16_PerProtokoll_2026-09-25.R
S16.DF.CM.X.PP6.HAUPT,,1,Fallzahlregel,S16_PerProtokoll_2026-09-25.R
S16.DF.SBJ.X.PP6.HAUPT,15,1,,S16_PerProtokoll_2026-09-25.R
S16.T.Z30.X.PP6.HAUPT,0.29891791020813491,1,,S16_PerProtokoll_2026-09-25.R
S16.T.CM.X.PP6.HAUPT,,1,Fallzahlregel,S16_PerProtokoll_2026-09-25.R
S16.T.SBJ.X.PP6.HAUPT,0.095198928171606967,1,,S16_PerProtokoll_2026-09-25.R
S16.P.Z30.X.PP6.HAUPT,0.76910411731922834,1,,S16_PerProtokoll_2026-09-25.R
S16.P.CM.X.PP6.HAUPT,,1,Fallzahlregel,S16_PerProtokoll_2026-09-25.R
S16.P.SBJ.X.PP6.HAUPT,0.92541696242260696,1,,S16_PerProtokoll_2026-09-25.R
S16.KIU.Z30.X.PP6.HAUPT,-0.20141538557112729,s,,S16_PerProtokoll_2026-09-25.R
S16.KIU.CM.X.PP6.HAUPT,,s,Fallzahlregel,S16_PerProtokoll_2026-09-25.R
S16.KIU.SBJ.X.PP6.HAUPT,-10.938827720815146,cm,,S16_PerProtokoll_2026-09-25.R
S16.KIO.Z30.X.PP6.HAUPT,0.26712411875448017,s,,S16_PerProtokoll_2026-09-25.R
S16.KIO.CM.X.PP6.HAUPT,,s,Fallzahlregel,S16_PerProtokoll_2026-09-25.R
S16.KIO.SBJ.X.PP6.HAUPT,11.961653364753994,cm,,S16_PerProtokoll_2026-09-25.R
S16.NIG.Z30.X.PP6.HAUPT,9,1,,S16_PerProtokoll_2026-09-25.R
S16.NIG.CM.X.PP6.HAUPT,7,1,,S16_PerProtokoll_2026-09-25.R
S16.NIG.SBJ.X.PP6.HAUPT,9,1,,S16_PerProtokoll_2026-09-25.R
S16.NKG.Z30.X.PP6.HAUPT,10,1,,S16_PerProtokoll_2026-09-25.R
S16.NKG.CM.X.PP6.HAUPT,10,1,,S16_PerProtokoll_2026-09-25.R
S16.NKG.SBJ.X.PP6.HAUPT,10,1,,S16_PerProtokoll_2026-09-25.R
S16.M.Z30.PRE.PP6IG.HAUPT,4.4955555555555557,s,,S16_PerProtokoll_2026-09-25.R
S16.M.Z30.POST.PP6IG.HAUPT,4.5822222222222226,s,,S16_PerProtokoll_2026-09-25.R
S16.M.CM.PRE.PP6IG.HAUPT,2.4214285714285717,s,,S16_PerProtokoll_2026-09-25.R
S16.M.CM.POST.PP6IG.HAUPT,2.4664285714285712,s,,S16_PerProtokoll_2026-09-25.R
S16.M.SBJ.PRE.PP6IG.HAUPT,243.33333333333334,cm,,S16_PerProtokoll_2026-09-25.R
S16.M.SBJ.POST.PP6IG.HAUPT,239.44444444444446,cm,,S16_PerProtokoll_2026-09-25.R
S16.SD.Z30.PRE.PP6IG.HAUPT,0.23361887290580324,s,,S16_PerProtokoll_2026-09-25.R
S16.SD.Z30.POST.PP6IG.HAUPT,0.19929737691310551,s,,S16_PerProtokoll_2026-09-25.R
S16.SD.CM.PRE.PP6IG.HAUPT,0.10769224228150809,s,,S16_PerProtokoll_2026-09-25.R
S16.SD.CM.POST.PP6IG.HAUPT,0.085620980962334142,s,,S16_PerProtokoll_2026-09-25.R
S16.SD.SBJ.PRE.PP6IG.HAUPT,8.9442719099991592,cm,,S16_PerProtokoll_2026-09-25.R
S16.SD.SBJ.POST.PP6IG.HAUPT,4.6127841676993491,cm,,S16_PerProtokoll_2026-09-25.R
S16.DIFF.Z30.DIFF.PBW-02.AK9,0.0099999999999997868,s,,S16_PerProtokoll_2026-09-25.R
S16.DIFF.Z30.DIFF.PBW-08.AK9,-0.0099999999999997868,s,,S16_PerProtokoll_2026-09-25.R
S16.DIFF.Z30.DIFF.PHL-03.AK9,0.12999999999999989,s,,S16_PerProtokoll_2026-09-25.R
S16.DIFF.CM.DIFF.PBW-02.AK9,-0.049999999999999822,s,,S16_PerProtokoll_2026-09-25.R
S16.DIFF.CM.DIFF.PBW-08.AK9,0.064999999999999947,s,,S16_PerProtokoll_2026-09-25.R
S16.DIFF.CM.DIFF.PHL-03.AK9,0.074999999999999734,s,,S16_PerProtokoll_2026-09-25.R
S16.DIFF.SBJ.DIFF.PBW-02.AK9,7.0000000000000000,cm,,S16_PerProtokoll_2026-09-25.R
S16.DIFF.SBJ.DIFF.PBW-08.AK9,-7.0000000000000000,cm,,S16_PerProtokoll_2026-09-25.R
S16.DIFF.SBJ.DIFF.PHL-03.AK9,-8.0000000000000000,cm,,S16_PerProtokoll_2026-09-25.R
S17.M.Z30.PRE.PP5IG.HAUPT,4.5010000000000003,s,,S17_Sensitivitaet_2026-09-25.R
S17.M.Z30.PRE.PP7IG.HAUPT,4.4787499999999998,s,,S17_Sensitivitaet_2026-09-25.R
S17.M.Z30.POST.PP5IG.HAUPT,4.5750000000000002,s,,S17_Sensitivitaet_2026-09-25.R
S17.M.Z30.POST.PP7IG.HAUPT,4.5700000000000003,s,,S17_Sensitivitaet_2026-09-25.R
S17.M.CM.PRE.PP5IG.HAUPT,2.4318750000000002,s,,S17_Sensitivitaet_2026-09-25.R
S17.M.CM.PRE.PP7IG.HAUPT,2.4208333333333334,s,,S17_Sensitivitaet_2026-09-25.R
S17.M.CM.POST.PP5IG.HAUPT,2.4612499999999997,s,,S17_Sensitivitaet_2026-09-25.R
S17.M.CM.POST.PP7IG.HAUPT,2.4683333333333333,s,,S17_Sensitivitaet_2026-09-25.R
S17.M.SBJ.PRE.PP5IG.HAUPT,239.69999999999999,cm,,S17_Sensitivitaet_2026-09-25.R
S17.M.SBJ.PRE.PP7IG.HAUPT,242.37500000000000,cm,,S17_Sensitivitaet_2026-09-25.R
S17.M.SBJ.POST.PP5IG.HAUPT,235.69999999999999,cm,,S17_Sensitivitaet_2026-09-25.R
S17.M.SBJ.POST.PP7IG.HAUPT,238.12500000000000,cm,,S17_Sensitivitaet_2026-09-25.R
S17.SD.Z30.PRE.PP5IG.HAUPT,0.22092985312084934,s,,S17_Sensitivitaet_2026-09-25.R
S17.SD.Z30.PRE.PP7IG.HAUPT,0.24386398433787421,s,,S17_Sensitivitaet_2026-09-25.R
S17.SD.Z30.POST.PP5IG.HAUPT,0.18928227010942617,s,,S17_Sensitivitaet_2026-09-25.R
S17.SD.Z30.POST.PP7IG.HAUPT,0.20942097043310362,s,,S17_Sensitivitaet_2026-09-25.R
S17.SD.CM.PRE.PP5IG.HAUPT,0.10398961143169193,s,,S17_Sensitivitaet_2026-09-25.R
S17.SD.CM.PRE.PP7IG.HAUPT,0.11795832597433152,s,,S17_Sensitivitaet_2026-09-25.R
S17.SD.CM.POST.PP5IG.HAUPT,0.080611502192393672,s,,S17_Sensitivitaet_2026-09-25.R
S17.SD.CM.POST.PP7IG.HAUPT,0.093630479367920960,s,,S17_Sensitivitaet_2026-09-25.R
S17.SD.SBJ.PRE.PP5IG.HAUPT,14.252095362515023,cm,,S17_Sensitivitaet_2026-09-25.R
S17.SD.SBJ.PRE.PP7IG.HAUPT,9.0543990886829633,cm,,S17_Sensitivitaet_2026-09-25.R
S17.SD.SBJ.POST.PP5IG.HAUPT,12.614365708279678,cm,,S17_Sensitivitaet_2026-09-25.R
S17.SD.SBJ.POST.PP7IG.HAUPT,2.5319388392523003,cm,,S17_Sensitivitaet_2026-09-25.R
S17.M.Z30.PRE.FAMSIG.FAMB,4.5106250000000001,s,,S17_Sensitivitaet_2026-09-25.R
S17.M.Z30.PRE.FAMSKG.FAMB,4.8940000000000001,s,,S17_Sensitivitaet_2026-09-25.R
S17.M.Z30.POST.FAMSIG.FAMB,4.5662500000000001,s,,S17_Sensitivitaet_2026-09-25.R
S17.M.Z30.POST.FAMSKG.FAMB,4.8929999999999998,s,,S17_Sensitivitaet_2026-09-25.R
S17.M.CM.PRE.FAMSIG.FAMB,2.4557692307692309,s,,S17_Sensitivitaet_2026-09-25.R
S17.M.CM.PRE.FAMSKG.FAMB,2.5255000000000001,s,,S17_Sensitivitaet_2026-09-25.R
S17.M.CM.POST.FAMSIG.FAMB,2.4715384615384615,s,,S17_Sensitivitaet_2026-09-25.R
S17.M.CM.POST.FAMSKG.FAMB,2.5320000000000000,s,,S17_Sensitivitaet_2026-09-25.R
S17.M.SBJ.PRE.FAMSIG.FAMB,237.75000000000000,cm,,S17_Sensitivitaet_2026-09-25.R
S17.M.SBJ.PRE.FAMSKG.FAMB,226.40000000000001,cm,,S17_Sensitivitaet_2026-09-25.R
S17.M.SBJ.POST.FAMSIG.FAMB,233.31250000000000,cm,,S17_Sensitivitaet_2026-09-25.R
S17.M.SBJ.POST.FAMSKG.FAMB,223.19999999999999,cm,,S17_Sensitivitaet_2026-09-25.R
S17.SD.Z30.PRE.FAMSIG.FAMB,0.20872529793966044,s,,S17_Sensitivitaet_2026-09-25.R
S17.SD.Z30.PRE.FAMSKG.FAMB,0.27023446609688168,s,,S17_Sensitivitaet_2026-09-25.R
S17.SD.Z30.POST.FAMSIG.FAMB,0.18416930616509722,s,,S17_Sensitivitaet_2026-09-25.R
S17.SD.Z30.POST.FAMSKG.FAMB,0.23494916707899000,s,,S17_Sensitivitaet_2026-09-25.R
S17.SD.CM.PRE.FAMSIG.FAMB,0.094446769704909964,s,,S17_Sensitivitaet_2026-09-25.R
S17.SD.CM.PRE.FAMSKG.FAMB,0.11081641474879872,s,,S17_Sensitivitaet_2026-09-25.R
S17.SD.CM.POST.FAMSIG.FAMB,0.080580824212521135,s,,S17_Sensitivitaet_2026-09-25.R
S17.SD.CM.POST.FAMSKG.FAMB,0.11804424782446808,s,,S17_Sensitivitaet_2026-09-25.R
S17.SD.SBJ.PRE.FAMSIG.FAMB,12.917688131653692,cm,,S17_Sensitivitaet_2026-09-25.R
S17.SD.SBJ.PRE.FAMSKG.FAMB,20.753580681682646,cm,,S17_Sensitivitaet_2026-09-25.R
S17.SD.SBJ.POST.FAMSIG.FAMB,13.931828068610857,cm,,S17_Sensitivitaet_2026-09-25.R
S17.SD.SBJ.POST.FAMSKG.FAMB,17.028081382103959,cm,,S17_Sensitivitaet_2026-09-25.R
S17.B1.Z30.X.ITT.MW,-0.061655820300019232,s,,S17_Sensitivitaet_2026-09-25.R
S17.SEB1.Z30.X.ITT.MW,0.076946671290732599,s,,S17_Sensitivitaet_2026-09-25.R
S17.DF.Z30.X.ITT.MW,22,1,,S17_Sensitivitaet_2026-09-25.R
S17.T.Z30.X.ITT.MW,-0.80127988990012378,1,,S17_Sensitivitaet_2026-09-25.R
S17.P.Z30.X.ITT.MW,0.43153921098637693,1,,S17_Sensitivitaet_2026-09-25.R
S17.KIU.Z30.X.ITT.MW,-0.22123344955473348,s,,S17_Sensitivitaet_2026-09-25.R
S17.KIO.Z30.X.ITT.MW,0.097921808954695017,s,,S17_Sensitivitaet_2026-09-25.R
S17.NIG.Z30.X.ITT.MW,16,1,,S17_Sensitivitaet_2026-09-25.R
S17.NKG.Z30.X.ITT.MW,10,1,,S17_Sensitivitaet_2026-09-25.R
S17.B1.CM.X.ITT.MW,0.0059582087481956716,s,,S17_Sensitivitaet_2026-09-25.R
S17.SEB1.CM.X.ITT.MW,0.039571634599641872,s,,S17_Sensitivitaet_2026-09-25.R
S17.DF.CM.X.ITT.MW,19,1,,S17_Sensitivitaet_2026-09-25.R
S17.T.CM.X.ITT.MW,0.15056766819153825,1,,S17_Sensitivitaet_2026-09-25.R
S17.P.CM.X.ITT.MW,0.88190376416580873,1,,S17_Sensitivitaet_2026-09-25.R
S17.KIU.CM.X.ITT.MW,-0.076866174341110899,s,,S17_Sensitivitaet_2026-09-25.R
S17.KIO.CM.X.ITT.MW,0.088782591837502228,s,,S17_Sensitivitaet_2026-09-25.R
S17.NIG.CM.X.ITT.MW,13,1,,S17_Sensitivitaet_2026-09-25.R
S17.NKG.CM.X.ITT.MW,10,1,,S17_Sensitivitaet_2026-09-25.R
S17.B1.SBJ.X.ITT.MW,-2.4121466588221789,cm,,S17_Sensitivitaet_2026-09-25.R
S17.SEB1.SBJ.X.ITT.MW,3.8568118765643069,cm,,S17_Sensitivitaet_2026-09-25.R
S17.DF.SBJ.X.ITT.MW,22,1,,S17_Sensitivitaet_2026-09-25.R
S17.T.SBJ.X.ITT.MW,-0.62542502357437957,1,,S17_Sensitivitaet_2026-09-25.R
S17.P.SBJ.X.ITT.MW,0.53812644554579880,1,,S17_Sensitivitaet_2026-09-25.R
S17.KIU.SBJ.X.ITT.MW,-10.410684937601282,cm,,S17_Sensitivitaet_2026-09-25.R
S17.KIO.SBJ.X.ITT.MW,5.5863916199569230,cm,,S17_Sensitivitaet_2026-09-25.R
S17.NIG.SBJ.X.ITT.MW,16,1,,S17_Sensitivitaet_2026-09-25.R
S17.NKG.SBJ.X.ITT.MW,10,1,,S17_Sensitivitaet_2026-09-25.R
S17.B1.Z30.X.PP5.HAUPT,0.0059507276480295452,s,,S17_Sensitivitaet_2026-09-25.R
S17.SEB1.Z30.X.PP5.HAUPT,0.10526361932623225,s,,S17_Sensitivitaet_2026-09-25.R
S17.DF.Z30.X.PP5.HAUPT,16,1,,S17_Sensitivitaet_2026-09-25.R
S17.T.Z30.X.PP5.HAUPT,0.056531664844119534,1,,S17_Sensitivitaet_2026-09-25.R
S17.P.Z30.X.PP5.HAUPT,0.95561822431902166,1,,S17_Sensitivitaet_2026-09-25.R
S17.KIU.Z30.X.PP5.HAUPT,-0.21719817677685904,s,,S17_Sensitivitaet_2026-09-25.R
S17.KIO.Z30.X.PP5.HAUPT,0.22909963207291811,s,,S17_Sensitivitaet_2026-09-25.R
S17.NIG.Z30.X.PP5.HAUPT,10,1,,S17_Sensitivitaet_2026-09-25.R
S17.NKG.Z30.X.PP5.HAUPT,10,1,,S17_Sensitivitaet_2026-09-25.R
S17.B1.CM.X.PP5.HAUPT,-0.013819395495416591,s,,S17_Sensitivitaet_2026-09-25.R
S17.SEB1.CM.X.PP5.HAUPT,0.049018047059445118,s,,S17_Sensitivitaet_2026-09-25.R
S17.DF.CM.X.PP5.HAUPT,14,1,,S17_Sensitivitaet_2026-09-25.R
S17.T.CM.X.PP5.HAUPT,-0.28192464458360711,1,,S17_Sensitivitaet_2026-09-25.R
S17.P.CM.X.PP5.HAUPT,0.78212590101703305,1,,S17_Sensitivitaet_2026-09-25.R
S17.KIU.CM.X.PP5.HAUPT,-0.11895265029624294,s,,S17_Sensitivitaet_2026-09-25.R
S17.KIO.CM.X.PP5.HAUPT,0.091313859305409750,s,,S17_Sensitivitaet_2026-09-25.R
S17.NIG.CM.X.PP5.HAUPT,8,1,,S17_Sensitivitaet_2026-09-25.R
S17.NKG.CM.X.PP5.HAUPT,10,1,,S17_Sensitivitaet_2026-09-25.R
S17.B1.SBJ.X.PP5.HAUPT,-1.9042064716914755,cm,,S17_Sensitivitaet_2026-09-25.R
S17.SEB1.SBJ.X.PP5.HAUPT,5.4200102753459509,cm,,S17_Sensitivitaet_2026-09-25.R
S17.DF.SBJ.X.PP5.HAUPT,16,1,,S17_Sensitivitaet_2026-09-25.R
S17.T.SBJ.X.PP5.HAUPT,-0.35132894126661651,1,,S17_Sensitivitaet_2026-09-25.R
S17.P.SBJ.X.PP5.HAUPT,0.72992534580231416,1,,S17_Sensitivitaet_2026-09-25.R
S17.KIU.SBJ.X.PP5.HAUPT,-13.394114976231005,cm,,S17_Sensitivitaet_2026-09-25.R
S17.KIO.SBJ.X.PP5.HAUPT,9.5857020328480544,cm,,S17_Sensitivitaet_2026-09-25.R
S17.NIG.SBJ.X.PP5.HAUPT,10,1,,S17_Sensitivitaet_2026-09-25.R
S17.NKG.SBJ.X.PP5.HAUPT,10,1,,S17_Sensitivitaet_2026-09-25.R
S17.B1.Z30.X.PP7.HAUPT,0.033412796495665878,s,,S17_Sensitivitaet_2026-09-25.R
S17.SEB1.Z30.X.PP7.HAUPT,0.11786755007571915,s,,S17_Sensitivitaet_2026-09-25.R
S17.DF.Z30.X.PP7.HAUPT,14,1,,S17_Sensitivitaet_2026-09-25.R
S17.T.Z30.X.PP7.HAUPT,0.28347748361785075,1,,S17_Sensitivitaet_2026-09-25.R
S17.P.Z30.X.PP7.HAUPT,0.78095969133204302,1,,S17_Sensitivitaet_2026-09-25.R
S17.KIU.Z30.X.PP7.HAUPT,-0.21938795584422172,s,,S17_Sensitivitaet_2026-09-25.R
S17.KIO.Z30.X.PP7.HAUPT,0.28621354883555344,s,,S17_Sensitivitaet_2026-09-25.R
S17.NIG.Z30.X.PP7.HAUPT,8,1,,S17_Sensitivitaet_2026-09-25.R
S17.NKG.Z30.X.PP7.HAUPT,10,1,,S17_Sensitivitaet_2026-09-25.R
S17.B1.CM.X.PP7.HAUPT,,s,Fallzahlregel,S17_Sensitivitaet_2026-09-25.R
S17.SEB1.CM.X.PP7.HAUPT,,s,Fallzahlregel,S17_Sensitivitaet_2026-09-25.R
S17.DF.CM.X.PP7.HAUPT,,1,Fallzahlregel,S17_Sensitivitaet_2026-09-25.R
S17.T.CM.X.PP7.HAUPT,,1,Fallzahlregel,S17_Sensitivitaet_2026-09-25.R
S17.P.CM.X.PP7.HAUPT,,1,Fallzahlregel,S17_Sensitivitaet_2026-09-25.R
S17.KIU.CM.X.PP7.HAUPT,,s,Fallzahlregel,S17_Sensitivitaet_2026-09-25.R
S17.KIO.CM.X.PP7.HAUPT,,s,Fallzahlregel,S17_Sensitivitaet_2026-09-25.R
S17.NIG.CM.X.PP7.HAUPT,6,1,,S17_Sensitivitaet_2026-09-25.R
S17.NKG.CM.X.PP7.HAUPT,10,1,,S17_Sensitivitaet_2026-09-25.R
S17.B1.SBJ.X.PP7.HAUPT,-0.85545717398431298,cm,,S17_Sensitivitaet_2026-09-25.R
S17.SEB1.SBJ.X.PP7.HAUPT,5.5078947450789286,cm,,S17_Sensitivitaet_2026-09-25.R
S17.DF.SBJ.X.PP7.HAUPT,14,1,,S17_Sensitivitaet_2026-09-25.R
S17.T.SBJ.X.PP7.HAUPT,-0.15531472796364307,1,,S17_Sensitivitaet_2026-09-25.R
S17.P.SBJ.X.PP7.HAUPT,0.87879029191345526,1,,S17_Sensitivitaet_2026-09-25.R
S17.KIU.SBJ.X.PP7.HAUPT,-12.668716501682026,cm,,S17_Sensitivitaet_2026-09-25.R
S17.KIO.SBJ.X.PP7.HAUPT,10.957802153713400,cm,,S17_Sensitivitaet_2026-09-25.R
S17.NIG.SBJ.X.PP7.HAUPT,8,1,,S17_Sensitivitaet_2026-09-25.R
S17.NKG.SBJ.X.PP7.HAUPT,10,1,,S17_Sensitivitaet_2026-09-25.R
S17.B1.Z30.X.ITT.AEND,0.049262787739309380,s,,S17_Sensitivitaet_2026-09-25.R
S17.SEB1.Z30.X.ITT.AEND,0.075270146120315171,s,,S17_Sensitivitaet_2026-09-25.R
S17.DF.Z30.X.ITT.AEND,23,1,,S17_Sensitivitaet_2026-09-25.R
S17.T.Z30.X.ITT.AEND,0.65447976759026794,1,,S17_Sensitivitaet_2026-09-25.R
S17.P.Z30.X.ITT.AEND,0.51929446189724238,1,,S17_Sensitivitaet_2026-09-25.R
S17.KIU.Z30.X.ITT.AEND,-0.10644537286983440,s,,S17_Sensitivitaet_2026-09-25.R
S17.KIO.Z30.X.ITT.AEND,0.20497094834845314,s,,S17_Sensitivitaet_2026-09-25.R
S17.NIG.Z30.X.ITT.AEND,16,1,,S17_Sensitivitaet_2026-09-25.R
S17.NKG.Z30.X.ITT.AEND,10,1,,S17_Sensitivitaet_2026-09-25.R
S17.B1.CM.X.ITT.AEND,-0.0089850140575752184,s,,S17_Sensitivitaet_2026-09-25.R
S17.SEB1.CM.X.ITT.AEND,0.036338770681145070,s,,S17_Sensitivitaet_2026-09-25.R
S17.DF.CM.X.ITT.AEND,20,1,,S17_Sensitivitaet_2026-09-25.R
S17.T.CM.X.ITT.AEND,-0.24725696244417072,1,,S17_Sensitivitaet_2026-09-25.R
S17.P.CM.X.ITT.AEND,0.80722985149084214,1,,S17_Sensitivitaet_2026-09-25.R
S17.KIU.CM.X.ITT.AEND,-0.084786361417020326,s,,S17_Sensitivitaet_2026-09-25.R
S17.KIO.CM.X.ITT.AEND,0.066816333301869882,s,,S17_Sensitivitaet_2026-09-25.R
S17.NIG.CM.X.ITT.AEND,13,1,,S17_Sensitivitaet_2026-09-25.R
S17.NKG.CM.X.ITT.AEND,10,1,,S17_Sensitivitaet_2026-09-25.R
S17.B1.SBJ.X.ITT.AEND,-0.63558015170350002,cm,,S17_Sensitivitaet_2026-09-25.R
S17.SEB1.SBJ.X.ITT.AEND,4.4365363047896968,cm,,S17_Sensitivitaet_2026-09-25.R
S17.DF.SBJ.X.ITT.AEND,23,1,,S17_Sensitivitaet_2026-09-25.R
S17.T.SBJ.X.ITT.AEND,-0.14326044193920512,1,,S17_Sensitivitaet_2026-09-25.R
S17.P.SBJ.X.ITT.AEND,0.88733222151315438,1,,S17_Sensitivitaet_2026-09-25.R
S17.KIU.SBJ.X.ITT.AEND,-9.8132547425071088,cm,,S17_Sensitivitaet_2026-09-25.R
S17.KIO.SBJ.X.ITT.AEND,8.5420944391001079,cm,,S17_Sensitivitaet_2026-09-25.R
S17.NIG.SBJ.X.ITT.AEND,16,1,,S17_Sensitivitaet_2026-09-25.R
S17.NKG.SBJ.X.ITT.AEND,10,1,,S17_Sensitivitaet_2026-09-25.R
S17.B1.Z30.X.ITT.OPAH,-0.060901770668528449,s,,S17_Sensitivitaet_2026-09-25.R
S17.SEB1.Z30.X.ITT.OPAH,0.066942784491489951,s,,S17_Sensitivitaet_2026-09-25.R
S17.DF.Z30.X.ITT.OPAH,23,1,,S17_Sensitivitaet_2026-09-25.R
S17.T.Z30.X.ITT.OPAH,-0.90975855174160758,1,,S17_Sensitivitaet_2026-09-25.R
S17.P.Z30.X.ITT.OPAH,0.37238557611541756,1,,S17_Sensitivitaet_2026-09-25.R
S17.KIU.Z30.X.ITT.OPAH,-0.19938347126949138,s,,S17_Sensitivitaet_2026-09-25.R
S17.KIO.Z30.X.ITT.OPAH,0.077579929932434483,s,,S17_Sensitivitaet_2026-09-25.R
S17.NIG.Z30.X.ITT.OPAH,16,1,,S17_Sensitivitaet_2026-09-25.R
S17.NKG.Z30.X.ITT.OPAH,10,1,,S17_Sensitivitaet_2026-09-25.R
S17.B1.CM.X.ITT.OPAH,-0.0084515931150488336,s,,S17_Sensitivitaet_2026-09-25.R
S17.SEB1.CM.X.ITT.OPAH,0.028634651299992184,s,,S17_Sensitivitaet_2026-09-25.R
S17.DF.CM.X.ITT.OPAH,20,1,,S17_Sensitivitaet_2026-09-25.R
S17.T.CM.X.ITT.OPAH,-0.29515264657862761,1,,S17_Sensitivitaet_2026-09-25.R
S17.P.CM.X.ITT.OPAH,0.77091947033975861,1,,S17_Sensitivitaet_2026-09-25.R
S17.KIU.CM.X.ITT.OPAH,-0.068182429052036503,s,,S17_Sensitivitaet_2026-09-25.R
S17.KIO.CM.X.ITT.OPAH,0.051279242821938839,s,,S17_Sensitivitaet_2026-09-25.R
S17.NIG.CM.X.ITT.OPAH,13,1,,S17_Sensitivitaet_2026-09-25.R
S17.NKG.CM.X.ITT.OPAH,10,1,,S17_Sensitivitaet_2026-09-25.R
S17.B1.SBJ.X.ITT.OPAH,1.0682078251873797,cm,,S17_Sensitivitaet_2026-09-25.R
S17.SEB1.SBJ.X.ITT.OPAH,3.4174033975965070,cm,,S17_Sensitivitaet_2026-09-25.R
S17.DF.SBJ.X.ITT.OPAH,23,1,,S17_Sensitivitaet_2026-09-25.R
S17.T.SBJ.X.ITT.OPAH,0.31257879182149251,1,,S17_Sensitivitaet_2026-09-25.R
S17.P.SBJ.X.ITT.OPAH,0.75741719318030676,1,,S17_Sensitivitaet_2026-09-25.R
S17.KIU.SBJ.X.ITT.OPAH,-6.0012297211225469,cm,,S17_Sensitivitaet_2026-09-25.R
S17.KIO.SBJ.X.ITT.OPAH,8.1376453714973067,cm,,S17_Sensitivitaet_2026-09-25.R
S17.NIG.SBJ.X.ITT.OPAH,16,1,,S17_Sensitivitaet_2026-09-25.R
S17.NKG.SBJ.X.ITT.OPAH,10,1,,S17_Sensitivitaet_2026-09-25.R
S17.B1.Z30.X.FAMS.FAMB,-0.053268782032876640,s,,S17_Sensitivitaet_2026-09-25.R
S17.SEB1.Z30.X.FAMS.FAMB,0.077194152438712249,s,,S17_Sensitivitaet_2026-09-25.R
S17.DF.Z30.X.FAMS.FAMB,21,1,,S17_Sensitivitaet_2026-09-25.R
S17.T.Z30.X.FAMS.FAMB,-0.69006239915865408,1,,S17_Sensitivitaet_2026-09-25.R
S17.P.Z30.X.FAMS.FAMB,0.49771100025007931,1,,S17_Sensitivitaet_2026-09-25.R
S17.KIU.Z30.X.FAMS.FAMB,-0.21380281017644162,s,,S17_Sensitivitaet_2026-09-25.R
S17.KIO.Z30.X.FAMS.FAMB,0.10726524611068836,s,,S17_Sensitivitaet_2026-09-25.R
S17.NIG.Z30.X.FAMS.FAMB,16,1,,S17_Sensitivitaet_2026-09-25.R
S17.NKG.Z30.X.FAMS.FAMB,10,1,,S17_Sensitivitaet_2026-09-25.R
S17.B1.CM.X.FAMS.FAMB,-0.0087922676853845350,s,,S17_Sensitivitaet_2026-09-25.R
S17.SEB1.CM.X.FAMS.FAMB,0.039536800700089837,s,,S17_Sensitivitaet_2026-09-25.R
S17.DF.CM.X.FAMS.FAMB,18,1,,S17_Sensitivitaet_2026-09-25.R
S17.T.CM.X.FAMS.FAMB,-0.22238187030051110,1,,S17_Sensitivitaet_2026-09-25.R
S17.P.CM.X.FAMS.FAMB,0.82652039401350175,1,,S17_Sensitivitaet_2026-09-25.R
S17.KIU.CM.X.FAMS.FAMB,-0.091856003676820577,s,,S17_Sensitivitaet_2026-09-25.R
S17.KIO.CM.X.FAMS.FAMB,0.074271468306051511,s,,S17_Sensitivitaet_2026-09-25.R
S17.NIG.CM.X.FAMS.FAMB,13,1,,S17_Sensitivitaet_2026-09-25.R
S17.NKG.CM.X.FAMS.FAMB,10,1,,S17_Sensitivitaet_2026-09-25.R
S17.B1.SBJ.X.FAMS.FAMB,0.31345107891709950,cm,,S17_Sensitivitaet_2026-09-25.R
S17.SEB1.SBJ.X.FAMS.FAMB,4.4835219082714630,cm,,S17_Sensitivitaet_2026-09-25.R
S17.DF.SBJ.X.FAMS.FAMB,21,1,,S17_Sensitivitaet_2026-09-25.R
S17.T.SBJ.X.FAMS.FAMB,0.069911798209087966,1,,S17_Sensitivitaet_2026-09-25.R
S17.P.SBJ.X.FAMS.FAMB,0.94492533861962491,1,,S17_Sensitivitaet_2026-09-25.R
S17.KIU.SBJ.X.FAMS.FAMB,-9.0105431546641022,cm,,S17_Sensitivitaet_2026-09-25.R
S17.KIO.SBJ.X.FAMS.FAMB,9.6374453124983006,cm,,S17_Sensitivitaet_2026-09-25.R
S17.NIG.SBJ.X.FAMS.FAMB,16,1,,S17_Sensitivitaet_2026-09-25.R
S17.NKG.SBJ.X.FAMS.FAMB,10,1,,S17_Sensitivitaet_2026-09-25.R
S17.N.Z30.DIFF.ITTIG.F1,9,1,,S17_Sensitivitaet_2026-09-25.R
S17.N.Z30.DIFF.ITTIG.F2,7,1,,S17_Sensitivitaet_2026-09-25.R
S17.N.Z30.DIFF.ITTKG.F1,0,1,,S17_Sensitivitaet_2026-09-25.R
S17.N.Z30.DIFF.ITTKG.F2,10,1,,S17_Sensitivitaet_2026-09-25.R
S17.N.CM.DIFF.ITTIG.F1,8,1,,S17_Sensitivitaet_2026-09-25.R
S17.N.CM.DIFF.ITTIG.F2,5,1,,S17_Sensitivitaet_2026-09-25.R
S17.N.CM.DIFF.ITTKG.F1,0,1,,S17_Sensitivitaet_2026-09-25.R
S17.N.CM.DIFF.ITTKG.F2,10,1,,S17_Sensitivitaet_2026-09-25.R
S17.N.SBJ.DIFF.ITTIG.F1,9,1,,S17_Sensitivitaet_2026-09-25.R
S17.N.SBJ.DIFF.ITTIG.F2,7,1,,S17_Sensitivitaet_2026-09-25.R
S17.N.SBJ.DIFF.ITTKG.F1,0,1,,S17_Sensitivitaet_2026-09-25.R
S17.N.SBJ.DIFF.ITTKG.F2,10,1,,S17_Sensitivitaet_2026-09-25.R
S17.M.Z30.DIFF.ITTIG.F1,0.088888888888888767,s,,S17_Sensitivitaet_2026-09-25.R
S17.M.Z30.DIFF.ITTIG.F2,0.012857142857142838,s,,S17_Sensitivitaet_2026-09-25.R
S17.M.Z30.DIFF.ITTKG.F1,,s,zu wenige Werte,S17_Sensitivitaet_2026-09-25.R
S17.M.Z30.DIFF.ITTKG.F2,-0.00099999999999997313,s,,S17_Sensitivitaet_2026-09-25.R
S17.M.CM.DIFF.ITTIG.F1,0.019374999999999754,s,,S17_Sensitivitaet_2026-09-25.R
S17.M.CM.DIFF.ITTIG.F2,0.0099999999999998770,s,,S17_Sensitivitaet_2026-09-25.R
S17.M.CM.DIFF.ITTKG.F1,,s,zu wenige Werte,S17_Sensitivitaet_2026-09-25.R
S17.M.CM.DIFF.ITTKG.F2,0.0064999999999999954,s,,S17_Sensitivitaet_2026-09-25.R
S17.M.SBJ.DIFF.ITTIG.F1,-5.0000000000000000,cm,,S17_Sensitivitaet_2026-09-25.R
S17.M.SBJ.DIFF.ITTIG.F2,-3.7142857142857144,cm,,S17_Sensitivitaet_2026-09-25.R
S17.M.SBJ.DIFF.ITTKG.F1,,cm,zu wenige Werte,S17_Sensitivitaet_2026-09-25.R
S17.M.SBJ.DIFF.ITTKG.F2,-3.2000000000000002,cm,,S17_Sensitivitaet_2026-09-25.R
S17.SD.Z30.DIFF.ITTIG.F1,0.10067825540359296,s,,S17_Sensitivitaet_2026-09-25.R
S17.SD.Z30.DIFF.ITTIG.F2,0.056484300389366526,s,,S17_Sensitivitaet_2026-09-25.R
S17.SD.Z30.DIFF.ITTKG.F1,,s,zu wenige Werte,S17_Sensitivitaet_2026-09-25.R
S17.SD.Z30.DIFF.ITTKG.F2,0.20425746280396023,s,,S17_Sensitivitaet_2026-09-25.R
S17.SD.CM.DIFF.ITTIG.F1,0.076971121671887813,s,,S17_Sensitivitaet_2026-09-25.R
S17.SD.CM.DIFF.ITTIG.F2,0.053967582862307267,s,,S17_Sensitivitaet_2026-09-25.R
S17.SD.CM.DIFF.ITTKG.F1,,s,zu wenige Werte,S17_Sensitivitaet_2026-09-25.R
S17.SD.CM.DIFF.ITTKG.F2,0.069083283071956145,s,,S17_Sensitivitaet_2026-09-25.R
S17.SD.SBJ.DIFF.ITTIG.F1,7.6974021591703261,cm,,S17_Sensitivitaet_2026-09-25.R
S17.SD.SBJ.DIFF.ITTIG.F2,4.5721725585067219,cm,,S17_Sensitivitaet_2026-09-25.R
S17.SD.SBJ.DIFF.ITTKG.F1,,cm,zu wenige Werte,S17_Sensitivitaet_2026-09-25.R
S17.SD.SBJ.DIFF.ITTKG.F2,11.193251935380035,cm,,S17_Sensitivitaet_2026-09-25.R
S18.NTOT.Z10.X.ITT.X,17,1,,S18_Poweranalyse_2026-09-25.R
S18.NTOT.Z30.X.ITT.X,26,1,,S18_Poweranalyse_2026-09-25.R
S18.NTOT.SBJ.X.ITT.X,26,1,,S18_Poweranalyse_2026-09-25.R
S18.NTOT.CM.X.ITT.X,23,1,,S18_Poweranalyse_2026-09-25.R
S18.DF1.Z10.X.ITT.X,1,1,,S18_Poweranalyse_2026-09-25.R
S18.DF1.Z30.X.ITT.X,1,1,,S18_Poweranalyse_2026-09-25.R
S18.DF1.SBJ.X.ITT.X,1,1,,S18_Poweranalyse_2026-09-25.R
S18.DF1.CM.X.ITT.X,1,1,,S18_Poweranalyse_2026-09-25.R
S18.DF2.Z10.X.ITT.X,13,1,,S18_Poweranalyse_2026-09-25.R
S18.DF2.Z30.X.ITT.X,22,1,,S18_Poweranalyse_2026-09-25.R
S18.DF2.SBJ.X.ITT.X,22,1,,S18_Poweranalyse_2026-09-25.R
S18.DF2.CM.X.ITT.X,19,1,,S18_Poweranalyse_2026-09-25.R
S18.FCRIT.Z10.X.ITT.X,4.6671927318268480,1,,S18_Poweranalyse_2026-09-25.R
S18.FCRIT.Z30.X.ITT.X,4.3009495017776569,1,,S18_Poweranalyse_2026-09-25.R
S18.FCRIT.SBJ.X.ITT.X,4.3009495017776569,1,,S18_Poweranalyse_2026-09-25.R
S18.FCRIT.CM.X.ITT.X,4.3807496923317988,1,,S18_Poweranalyse_2026-09-25.R
S18.MDES.Z30.X.ITT.X,1.1817570761884006,1,,S18_Poweranalyse_2026-09-25.R
S18.MDES.SBJ.X.ITT.X,1.1817570761884006,1,,S18_Poweranalyse_2026-09-25.R
S18.MDES.CM.X.ITT.X,1.2423435117310158,1,,S18_Poweranalyse_2026-09-25.R
S18.MDESR.Z30.X.ITT.X,5.9087853809420032,1,,S18_Poweranalyse_2026-09-25.R
S18.MDESR.SBJ.X.ITT.X,5.9087853809420032,1,,S18_Poweranalyse_2026-09-25.R
S18.MDESR.CM.X.ITT.X,6.2117175586550788,1,,S18_Poweranalyse_2026-09-25.R
S18.POW.Z10.X.ITT.D006,0.051465039746301122,1,,S18_Poweranalyse_2026-09-25.R
S18.POW.Z10.X.ITT.D011,0.054933987950295027,1,,S18_Poweranalyse_2026-09-25.R
S18.POW.Z30.X.ITT.D037,0.14196148211827675,1,,S18_Poweranalyse_2026-09-25.R
S18.POW.Z30.X.ITT.D093,0.59704610417137216,1,,S18_Poweranalyse_2026-09-25.R
S18.POW.SBJ.X.ITT.D037,0.14196148211827675,1,,S18_Poweranalyse_2026-09-25.R
S18.POW.SBJ.X.ITT.D093,0.59704610417137216,1,,S18_Poweranalyse_2026-09-25.R
S18.POW.CM.X.ITT.D037,0.13306683436039568,1,,S18_Poweranalyse_2026-09-25.R
S18.POW.CM.X.ITT.D093,0.55514364611747835,1,,S18_Poweranalyse_2026-09-25.R
S19.BKIU.Z30.X.ITT.BOOT,-0.17696714174146883,s,,S19_Bootstrap_2026-09-25.R
S19.BKIU.CM.X.ITT.BOOT,-0.10508396506537650,s,,S19_Bootstrap_2026-09-25.R
S19.BKIU.SBJ.X.ITT.BOOT,-13.113000390354621,cm,,S19_Bootstrap_2026-09-25.R
S19.BKIO.Z30.X.ITT.BOOT,0.10708819588395836,s,,S19_Bootstrap_2026-09-25.R
S19.BKIO.CM.X.ITT.BOOT,0.052634871468095153,s,,S19_Bootstrap_2026-09-25.R
S19.BKIO.SBJ.X.ITT.BOOT,9.6716035813647299,cm,,S19_Bootstrap_2026-09-25.R
S19.BSD.Z30.X.ITT.BOOT,0.071679174642008653,s,,S19_Bootstrap_2026-09-25.R
S19.BSD.CM.X.ITT.BOOT,0.040365877972483970,s,,S19_Bootstrap_2026-09-25.R
S19.BSD.SBJ.X.ITT.BOOT,5.7586337487000687,cm,,S19_Bootstrap_2026-09-25.R
S19.BMCU.Z30.X.ITT.BOOT,0.0021465768108100262,s,,S19_Bootstrap_2026-09-25.R
S19.BMCU.CM.X.ITT.BOOT,0.0010520255323711186,s,,S19_Bootstrap_2026-09-25.R
S19.BMCU.SBJ.X.ITT.BOOT,0.15113098635601988,cm,,S19_Bootstrap_2026-09-25.R
S19.BMCO.Z30.X.ITT.BOOT,0.0026385587879131254,s,,S19_Bootstrap_2026-09-25.R
S19.BMCO.CM.X.ITT.BOOT,0.00097145278006820191,s,,S19_Bootstrap_2026-09-25.R
S19.BMCO.SBJ.X.ITT.BOOT,0.13845250031142842,cm,,S19_Bootstrap_2026-09-25.R
S19.BNGUELT.Z30.X.ITT.BOOT,10000,1,,S19_Bootstrap_2026-09-25.R
S19.BNGUELT.CM.X.ITT.BOOT,10000,1,,S19_Bootstrap_2026-09-25.R
S19.BNGUELT.SBJ.X.ITT.BOOT,10000,1,,S19_Bootstrap_2026-09-25.R
S19.BNVERW.Z30.X.ITT.BOOT,0,1,,S19_Bootstrap_2026-09-25.R
S19.BNVERW.CM.X.ITT.BOOT,0,1,,S19_Bootstrap_2026-09-25.R
S19.BNVERW.SBJ.X.ITT.BOOT,0,1,,S19_Bootstrap_2026-09-25.R
