k_kennung,bezeichnung,kennungen_ergebnisdatei,rohwerte,darstellung,berichtsort
K-01.1,N zugeteilt und eingangsgetestet,S01.N.X.X.ALL.X,31,31,"I · Strukturprüfung, Zählkontrolle"
K-01.2,n Interventionsgruppe,S01.N.X.X.IG.X S08.FLZUG.X.X.IG.X,18 18,18,"I · Strukturprüfung, Zählkontrolle"
K-01.3,n Kontrollgruppe,S01.N.X.X.KG.X S08.FLZUG.X.X.KG.X,13 13,13,"I · Strukturprüfung, Zählkontrolle"
K-01.4,n Verein A (Hohenlind),S01.N.X.X.VA.X S08.FLZUG.X.X.VA.X,7 7,7,"I · Strukturprüfung, Zählkontrolle"
K-01.5,n Verein B (Blau-Weiß),S01.N.X.X.VB.X S08.FLZUG.X.X.VB.X,11 11,11,"I · Strukturprüfung, Zählkontrolle"
K-01.6,n Verein C (Vorwärts Spoho),S01.N.X.X.VC.X S08.FLZUG.X.X.VC.X,13 13,13,"I · Strukturprüfung, Zählkontrolle"
K-01.7,Zuteilungsverhältnis IG : KG,S01.N.X.X.IG.X S01.N.X.X.KG.X,18 13,"1,38 : 1","I · Strukturprüfung, Zählkontrolle"
K-01.8,mit Prätestdaten (mindestens ein gültiger Prä-Versuch),S08.FLPRE.X.X.IG.X S08.FLPRE.X.X.KG.X S08.FLPRE.X.X.VA.X S08.FLPRE.X.X.VB.X S08.FLPRE.X.X.VC.X,18 13 7 11 13,IG 18 · KG 13 (A 7 · B 11 · C 13),T · Abb. 1 Cluster- und Spielerebene
K-01.9,Post-Testung nicht angetreten,S08.FLNANG.X.X.IG.X S08.FLNANG.X.X.KG.X S08.FLNANG.X.X.VA.X S08.FLNANG.X.X.VB.X S08.FLNANG.X.X.VC.X,2 2 0 2 2,IG 2 · KG 2 (A 0 · B 2 · C 2),T · Abb. 1 Cluster- und Spielerebene
K-01.10,Status ausgewertet (zur Post-Testung angetreten),S08.FLAUSG.X.X.IG.X S08.FLAUSG.X.X.KG.X S08.FLAUSG.X.X.VA.X S08.FLAUSG.X.X.VB.X S08.FLAUSG.X.X.VC.X,16 11 7 9 11,IG 16 · KG 11 (A 7 · B 9 · C 11),T · Abb. 1 Cluster- und Spielerebene
K-01.11,ohne %PAH,S08.FLOPAH.PAH.X.IG.X S08.FLOPAH.PAH.X.KG.X,0 1,IG 0 · KG 1,T · Abb. 1
K-01.12,Familiarisierung IG,S12.NFAM1.FAM.PRE.IG.X S12.NFAM2.FAM.PRE.IG.X S12.NFAMNA.FAM.PRE.IG.X,10 8 0,"10× ein Termin, 8× zwei, 0 ohne Angabe",T · 4.3 Familiarisierung
K-01.13,Familiarisierung KG,S12.NFAM1.FAM.PRE.KG.X S12.NFAM2.FAM.PRE.KG.X S12.NFAMNA.FAM.PRE.KG.X,0 13 0,"0× ein Termin, 13× zwei, 0 ohne Angabe",T · 4.3 Familiarisierung
K-01.14,Analysepopulation ANA,S12.N.AGE.PRE.ANAIG.X S12.N.AGE.PRE.ANAKG.X,16 10,IG 16 · KG 10 = 26,"T · Tab. 2, 4.2"
K-01.15,nicht in der Analysepopulation,S08.MITGL.Z05.X.PBW-01.ITT S08.MITGL.Z10.X.PBW-01.ITT S08.MITGL.Z30.X.PBW-01.ITT S08.MITGL.CL.X.PBW-01.ITT S08.MITGL.CR.X.PBW-01.ITT S08.MITGL.CM.X.PBW-01.ITT S08.MITGL.SBJ.X.PBW-01.ITT S08.MITGL.Z05.X.PBW-02.ITT S08.MITGL.Z10.X.PBW-02.ITT S08.MITGL.Z30.X.PBW-02.ITT S08.MITGL.CL.X.PBW-02.ITT S08.MITGL.CR.X.PBW-02.ITT S08.MITGL.CM.X.PBW-02.ITT S08.MITGL.SBJ.X.PBW-02.ITT S08.MITGL.Z05.X.PBW-04.ITT S08.MITGL.Z10.X.PBW-04.ITT S08.MITGL.Z30.X.PBW-04.ITT S08.MITGL.CL.X.PBW-04.ITT S08.MITGL.CR.X.PBW-04.ITT S08.MITGL.CM.X.PBW-04.ITT S08.MITGL.SBJ.X.PBW-04.ITT S08.MITGL.Z05.X.PBW-05.ITT S08.MITGL.Z10.X.PBW-05.ITT S08.MITGL.Z30.X.PBW-05.ITT S08.MITGL.CL.X.PBW-05.ITT S08.MITGL.CR.X.PBW-05.ITT S08.MITGL.CM.X.PBW-05.ITT S08.MITGL.SBJ.X.PBW-05.ITT S08.MITGL.Z05.X.PBW-06.ITT S08.MITGL.Z10.X.PBW-06.ITT S08.MITGL.Z30.X.PBW-06.ITT S08.MITGL.CL.X.PBW-06.ITT S08.MITGL.CR.X.PBW-06.ITT S08.MITGL.CM.X.PBW-06.ITT S08.MITGL.SBJ.X.PBW-06.ITT S08.MITGL.Z05.X.PBW-07.ITT S08.MITGL.Z10.X.PBW-07.ITT S08.MITGL.Z30.X.PBW-07.ITT S08.MITGL.CL.X.PBW-07.ITT S08.MITGL.CR.X.PBW-07.ITT S08.MITGL.CM.X.PBW-07.ITT S08.MITGL.SBJ.X.PBW-07.ITT S08.MITGL.Z05.X.PBW-08.ITT S08.MITGL.Z10.X.PBW-08.ITT S08.MITGL.Z30.X.PBW-08.ITT S08.MITGL.CL.X.PBW-08.ITT S08.MITGL.CR.X.PBW-08.ITT S08.MITGL.CM.X.PBW-08.ITT S08.MITGL.SBJ.X.PBW-08.ITT S08.MITGL.Z05.X.PBW-09.ITT S08.MITGL.Z10.X.PBW-09.ITT S08.MITGL.Z30.X.PBW-09.ITT S08.MITGL.CL.X.PBW-09.ITT S08.MITGL.CR.X.PBW-09.ITT S08.MITGL.CM.X.PBW-09.ITT S08.MITGL.SBJ.X.PBW-09.ITT S08.MITGL.Z05.X.PBW-10.ITT S08.MITGL.Z10.X.PBW-10.ITT S08.MITGL.Z30.X.PBW-10.ITT S08.MITGL.CL.X.PBW-10.ITT S08.MITGL.CR.X.PBW-10.ITT S08.MITGL.CM.X.PBW-10.ITT S08.MITGL.SBJ.X.PBW-10.ITT S08.MITGL.Z05.X.PBW-11.ITT S08.MITGL.Z10.X.PBW-11.ITT S08.MITGL.Z30.X.PBW-11.ITT S08.MITGL.CL.X.PBW-11.ITT S08.MITGL.CR.X.PBW-11.ITT S08.MITGL.CM.X.PBW-11.ITT S08.MITGL.SBJ.X.PBW-11.ITT S08.MITGL.Z05.X.PBW-21.ITT S08.MITGL.Z10.X.PBW-21.ITT S08.MITGL.Z30.X.PBW-21.ITT S08.MITGL.CL.X.PBW-21.ITT S08.MITGL.CR.X.PBW-21.ITT S08.MITGL.CM.X.PBW-21.ITT S08.MITGL.SBJ.X.PBW-21.ITT S08.MITGL.Z05.X.PHL-01.ITT S08.MITGL.Z10.X.PHL-01.ITT S08.MITGL.Z30.X.PHL-01.ITT S08.MITGL.CL.X.PHL-01.ITT S08.MITGL.CR.X.PHL-01.ITT S08.MITGL.CM.X.PHL-01.ITT S08.MITGL.SBJ.X.PHL-01.ITT S08.MITGL.Z05.X.PHL-02.ITT S08.MITGL.Z10.X.PHL-02.ITT S08.MITGL.Z30.X.PHL-02.ITT S08.MITGL.CL.X.PHL-02.ITT S08.MITGL.CR.X.PHL-02.ITT S08.MITGL.CM.X.PHL-02.ITT S08.MITGL.SBJ.X.PHL-02.ITT S08.MITGL.Z05.X.PHL-03.ITT S08.MITGL.Z10.X.PHL-03.ITT S08.MITGL.Z30.X.PHL-03.ITT S08.MITGL.CL.X.PHL-03.ITT S08.MITGL.CR.X.PHL-03.ITT S08.MITGL.CM.X.PHL-03.ITT S08.MITGL.SBJ.X.PHL-03.ITT S08.MITGL.Z05.X.PHL-05.ITT S08.MITGL.Z10.X.PHL-05.ITT S08.MITGL.Z30.X.PHL-05.ITT S08.MITGL.CL.X.PHL-05.ITT S08.MITGL.CR.X.PHL-05.ITT S08.MITGL.CM.X.PHL-05.ITT S08.MITGL.SBJ.X.PHL-05.ITT S08.MITGL.Z05.X.PHL-06.ITT S08.MITGL.Z10.X.PHL-06.ITT S08.MITGL.Z30.X.PHL-06.ITT S08.MITGL.CL.X.PHL-06.ITT S08.MITGL.CR.X.PHL-06.ITT S08.MITGL.CM.X.PHL-06.ITT S08.MITGL.SBJ.X.PHL-06.ITT S08.MITGL.Z05.X.PHL-07.ITT S08.MITGL.Z10.X.PHL-07.ITT S08.MITGL.Z30.X.PHL-07.ITT S08.MITGL.CL.X.PHL-07.ITT S08.MITGL.CR.X.PHL-07.ITT S08.MITGL.CM.X.PHL-07.ITT S08.MITGL.SBJ.X.PHL-07.ITT S08.MITGL.Z05.X.PHL-08.ITT S08.MITGL.Z10.X.PHL-08.ITT S08.MITGL.Z30.X.PHL-08.ITT S08.MITGL.CL.X.PHL-08.ITT S08.MITGL.CR.X.PHL-08.ITT S08.MITGL.CM.X.PHL-08.ITT S08.MITGL.SBJ.X.PHL-08.ITT S08.MITGL.Z05.X.PVS-01.ITT S08.MITGL.Z10.X.PVS-01.ITT S08.MITGL.Z30.X.PVS-01.ITT S08.MITGL.CL.X.PVS-01.ITT S08.MITGL.CR.X.PVS-01.ITT S08.MITGL.CM.X.PVS-01.ITT S08.MITGL.SBJ.X.PVS-01.ITT S08.MITGL.Z05.X.PVS-02.ITT S08.MITGL.Z10.X.PVS-02.ITT S08.MITGL.Z30.X.PVS-02.ITT S08.MITGL.CL.X.PVS-02.ITT S08.MITGL.CR.X.PVS-02.ITT S08.MITGL.CM.X.PVS-02.ITT S08.MITGL.SBJ.X.PVS-02.ITT S08.MITGL.Z05.X.PVS-03.ITT S08.MITGL.Z10.X.PVS-03.ITT S08.MITGL.Z30.X.PVS-03.ITT S08.MITGL.CL.X.PVS-03.ITT S08.MITGL.CR.X.PVS-03.ITT S08.MITGL.CM.X.PVS-03.ITT S08.MITGL.SBJ.X.PVS-03.ITT S08.MITGL.Z05.X.PVS-04.ITT S08.MITGL.Z10.X.PVS-04.ITT S08.MITGL.Z30.X.PVS-04.ITT S08.MITGL.CL.X.PVS-04.ITT S08.MITGL.CR.X.PVS-04.ITT S08.MITGL.CM.X.PVS-04.ITT S08.MITGL.SBJ.X.PVS-04.ITT S08.MITGL.Z05.X.PVS-05.ITT S08.MITGL.Z10.X.PVS-05.ITT S08.MITGL.Z30.X.PVS-05.ITT S08.MITGL.CL.X.PVS-05.ITT S08.MITGL.CR.X.PVS-05.ITT S08.MITGL.CM.X.PVS-05.ITT S08.MITGL.SBJ.X.PVS-05.ITT S08.MITGL.Z05.X.PVS-06.ITT S08.MITGL.Z10.X.PVS-06.ITT S08.MITGL.Z30.X.PVS-06.ITT S08.MITGL.CL.X.PVS-06.ITT S08.MITGL.CR.X.PVS-06.ITT S08.MITGL.CM.X.PVS-06.ITT S08.MITGL.SBJ.X.PVS-06.ITT S08.MITGL.Z05.X.PVS-07.ITT S08.MITGL.Z10.X.PVS-07.ITT S08.MITGL.Z30.X.PVS-07.ITT S08.MITGL.CL.X.PVS-07.ITT S08.MITGL.CR.X.PVS-07.ITT S08.MITGL.CM.X.PVS-07.ITT S08.MITGL.SBJ.X.PVS-07.ITT S08.MITGL.Z05.X.PVS-08.ITT S08.MITGL.Z10.X.PVS-08.ITT S08.MITGL.Z30.X.PVS-08.ITT S08.MITGL.CL.X.PVS-08.ITT S08.MITGL.CR.X.PVS-08.ITT S08.MITGL.CM.X.PVS-08.ITT S08.MITGL.SBJ.X.PVS-08.ITT S08.MITGL.Z05.X.PVS-10.ITT S08.MITGL.Z10.X.PVS-10.ITT S08.MITGL.Z30.X.PVS-10.ITT S08.MITGL.CL.X.PVS-10.ITT S08.MITGL.CR.X.PVS-10.ITT S08.MITGL.CM.X.PVS-10.ITT S08.MITGL.SBJ.X.PVS-10.ITT S08.MITGL.Z05.X.PVS-16.ITT S08.MITGL.Z10.X.PVS-16.ITT S08.MITGL.Z30.X.PVS-16.ITT S08.MITGL.CL.X.PVS-16.ITT S08.MITGL.CR.X.PVS-16.ITT S08.MITGL.CM.X.PVS-16.ITT S08.MITGL.SBJ.X.PVS-16.ITT S08.MITGL.Z05.X.PVS-17.ITT S08.MITGL.Z10.X.PVS-17.ITT S08.MITGL.Z30.X.PVS-17.ITT S08.MITGL.CL.X.PVS-17.ITT S08.MITGL.CR.X.PVS-17.ITT S08.MITGL.CM.X.PVS-17.ITT S08.MITGL.SBJ.X.PVS-17.ITT S08.MITGL.Z05.X.PVS-18.ITT S08.MITGL.Z10.X.PVS-18.ITT S08.MITGL.Z30.X.PVS-18.ITT S08.MITGL.CL.X.PVS-18.ITT S08.MITGL.CR.X.PVS-18.ITT S08.MITGL.CM.X.PVS-18.ITT S08.MITGL.SBJ.X.PVS-18.ITT S08.MITGL.Z05.X.PVS-11.ITT S08.MITGL.Z10.X.PVS-11.ITT S08.MITGL.Z30.X.PVS-11.ITT S08.MITGL.CL.X.PVS-11.ITT S08.MITGL.CR.X.PVS-11.ITT S08.MITGL.CM.X.PVS-11.ITT S08.MITGL.SBJ.X.PVS-11.ITT,1 0 1 1 1 1 1 1 0 1 1 1 1 1 1 0 1 1 1 1 1 1 0 1 1 0 0 1 1 0 1 1 1 1 1 0 0 0 0 0 0 0 1 0 1 1 1 1 1 1 0 1 1 1 1 1 1 0 1 1 1 1 1 1 0 1 1 0 0 1 0 0 0 0 0 0 0 1 1 1 1 1 1 1 1 1 1 1 1 1 1 1 1 1 1 1 1 1 1 1 1 1 1 1 1 1 1 1 1 1 1 1 1 1 1 0 1 0 1 1 1 1 1 1 1 1 1 1 1 1 1 1 1 1 1 1 1 1 1 1 1 1 1 1 1 1 1 1 1 1 1 1 1 1 1 1 1 1 1 1 1 0 1 1 1 1 1 1 0 0 0 0 0 0 0 0 1 1 1 1 1 1 1 1 1 1 1 1 1 0 0 0 0 0 0 0 0 1 1 1 1 1 1 0 0 0 0 0 0 0 1 1 1 1 1 1 1,"5: BW-07, BW-21, VS-07, VS-16, VS-18",I · Steuerung der Analysen
K-01.16,Analysepopulation je Verein,,,A 7 · B 9 · C 10,nicht aus der Ergebnisdatei
K-01.17,Intervention erhalten,S07.GE01.ADH.X.IG.GANZ,14,14,T · Abb. 1 Intervention erhalten (CONSORT 13a)
K-01.24,"Vereine angefragt, zugesagt, ohne Zusage",,,"angefragt 4 · zugesagt 3 (A, B, C) · ohne Zusage 1",nicht aus der Ergebnisdatei
K-01.18,"Nichteinhaltung (IG mit GANZ < 6, einschließlich 0)",S08.B6NE.X.X.IG.X,7,IG 7,"T · Abb. 1, 4.7 (Box 6)"
K-01.19,davon ohne jede Meldung,S08.B6NEKM.X.X.IG.X,2,IG 2,"T · Abb. 1, 4.7 (Box 6)"
K-01.20,Instrumentenfehler (kein Listenplatz),S08.B6IF.X.X.IG.X,1,IG 1,"T · Abb. 1, 4.7 (Box 6)"
K-01.21,fehlende Kovariate %PAH,S08.B6FK.X.X.IG.X S08.B6FK.X.X.KG.X,0 1,IG 0 · KG 1,"T · Abb. 1, 4.7 (Box 6)"
K-01.22,nicht angetreten,S08.B6NA.X.X.IG.X S08.B6NA.X.X.KG.X,2 2,IG 2 · KG 2,"T · Abb. 1, 4.7 (Box 6)"
K-01.23 Z05,Erhebungsanteil Sprint 5 m,S08.ANT.Z05.X.IG.X S08.ANT.Z05.X.KG.X S08.ANT.Z05.X.ALL.X,0.88888888888888884 0.53846153846153844 0.74193548387096775,"88,9 % · 53,8 % · 74,2 %",T · 6.3 Attrition je Zielgröße (TESTEX 6)
K-01.23 Z10,Erhebungsanteil Sprint 10 m,S08.ANT.Z10.X.IG.X S08.ANT.Z10.X.KG.X S08.ANT.Z10.X.ALL.X,0.38888888888888890 0.84615384615384615 0.58064516129032262,"38,9 % · 84,6 % · 58,1 %",T · 6.3 Attrition je Zielgröße (TESTEX 6)
K-01.23 Z30,Erhebungsanteil Sprint 30 m,S08.ANT.Z30.X.IG.X S08.ANT.Z30.X.KG.X S08.ANT.Z30.X.ALL.X,0.88888888888888884 0.84615384615384615 0.87096774193548387,"88,9 % · 84,6 % · 87,1 %",T · 6.3 Attrition je Zielgröße (TESTEX 6)
K-01.23 CL,Erhebungsanteil 505 links,S08.ANT.CL.X.IG.X S08.ANT.CL.X.KG.X S08.ANT.CL.X.ALL.X,0.83333333333333337 0.84615384615384615 0.83870967741935487,"83,3 % · 84,6 % · 83,9 %",T · 6.3 Attrition je Zielgröße (TESTEX 6)
K-01.23 CR,Erhebungsanteil 505 rechts,S08.ANT.CR.X.IG.X S08.ANT.CR.X.KG.X S08.ANT.CR.X.ALL.X,0.77777777777777779 0.76923076923076927 0.77419354838709675,"77,8 % · 76,9 % · 77,4 %",T · 6.3 Attrition je Zielgröße (TESTEX 6)
K-01.23 CM,Erhebungsanteil 505-Seitenmittel,S08.ANT.CM.X.IG.X S08.ANT.CM.X.KG.X S08.ANT.CM.X.ALL.X,0.72222222222222221 0.76923076923076927 0.74193548387096775,"72,2 % · 76,9 % · 74,2 %",T · 6.3 Attrition je Zielgröße (TESTEX 6)
K-01.23 SBJ,Erhebungsanteil Standweitsprung,S08.ANT.SBJ.X.IG.X S08.ANT.SBJ.X.KG.X S08.ANT.SBJ.X.ALL.X,0.88888888888888884 0.84615384615384615 0.87096774193548387,"88,9 % · 84,6 % · 87,1 %",T · 6.3 Attrition je Zielgröße (TESTEX 6)
K-01.23 TN,Erhebungsanteil Teilnehmerebene,S08.ANTTN.X.X.IG.X S08.ANTTN.X.X.KG.X S08.ANTTN.X.X.ALL.X,0.88888888888888884 0.84615384615384615 0.87096774193548387,"88,9 % · 84,6 % · 87,1 %",T · 6.3 Attrition je Zielgröße (TESTEX 6)
K-02.1,Alter (Jahre),S12.N.AGE.PRE.ANAIG.X S12.M.AGE.PRE.ANAIG.X S12.SD.AGE.PRE.ANAIG.X S12.N.AGE.PRE.ANAKG.X S12.M.AGE.PRE.ANAKG.X S12.SD.AGE.PRE.ANAKG.X,16 15.097535934291582 0.26106499549254425 10 14.082683093771390 0.31116102128380552,"15,10 ± 0,26 (n = 16) | 14,08 ± 0,31 (n = 10)","T · Tab. 2, 4.2"
K-02.2,Körperhöhe (cm),S12.N.HGT.PRE.ANAIG.X S12.M.HGT.PRE.ANAIG.X S12.SD.HGT.PRE.ANAIG.X S12.N.HGT.PRE.ANAKG.X S12.M.HGT.PRE.ANAKG.X S12.SD.HGT.PRE.ANAKG.X,16 173.87500000000000 10.670051546267244 10 168.69999999999999 6.6340870593557257,"173,9 ± 10,7 (n = 16) | 168,7 ± 6,6 (n = 10)","T · Tab. 2, 4.2"
K-02.3,Körpermasse (kg),S12.N.MASS.PRE.ANAIG.X S12.M.MASS.PRE.ANAIG.X S12.SD.MASS.PRE.ANAIG.X S12.N.MASS.PRE.ANAKG.X S12.M.MASS.PRE.ANAKG.X S12.SD.MASS.PRE.ANAKG.X,16 60.781250000000000 10.057648416338019 10 53.340000000000003 7.5343952053971206,"60,8 ± 10,1 (n = 16) | 53,3 ± 7,5 (n = 10)","T · Tab. 2, 4.2"
K-02.4,%PAH,S12.N.PAH.PRE.ANAIG.X S12.M.PAH.PRE.ANAIG.X S12.SD.PAH.PRE.ANAIG.X S12.N.PAH.PRE.ANAKG.X S12.M.PAH.PRE.ANAKG.X S12.SD.PAH.PRE.ANAKG.X,16 94.740153451538944 2.7665338027787976 10 90.495091206046226 2.7255734088945367,"94,74 ± 2,77 (n = 16) | 90,50 ± 2,73 (n = 10)","T · Tab. 2, 4.2"
K-02.5,Geburtsjahrgang,,,2011 | 2012,nicht aus der Ergebnisdatei
K-03.1,Termine Verein A (Hohenlind),,,"02.07.2026 | 10.09.2026 | 70 Tage = 10,0 Wochen",nicht aus der Ergebnisdatei
K-03.2,Termine Verein B (Blau-Weiß Köln),,,"14.07.2026 | 01.09.2026 | 49 Tage = 7,0 Wochen",nicht aus der Ergebnisdatei
K-03.3,Termine Verein C (Vorwärts Spoho),,,"13.07.2026 | 14.09.2026 | 63 Tage = 9,0 Wochen",nicht aus der Ergebnisdatei
K-03.4,Spanne der Prä-Post-Intervalle,,,"7,0 bis 10,0 Wochen",nicht aus der Ergebnisdatei
K-04.1,Ausgangswerte ITT Sprint 5 m,S08.N.Z05.X.ITTIG.X S12.N.Z05.PRE.ITTIG.HAUPT S12.M.Z05.PRE.ITTIG.HAUPT S12.SD.Z05.PRE.ITTIG.HAUPT S08.N.Z05.X.ITTKG.X S12.N.Z05.PRE.ITTKG.HAUPT S12.M.Z05.PRE.ITTKG.HAUPT S12.SD.Z05.PRE.ITTKG.HAUPT S12.D.Z05.PRE.ITT.HAUPT,16 16 1.0462500000000001 0.081312155712824796 7 7 1.1285714285714286 0.035790395093549546 -1.1540204619054364,"16 | 1,05 ± 0,08 | 7 | 1,13 ± 0,04 | d −1,15 | –","T · Tab. 2, Tab. 3 Nenner (CONSORT 16)"
K-04.2,Ausgangswerte ITT Sprint 10 m,S08.N.Z10.X.ITTIG.X S12.N.Z10.PRE.ITTIG.HAUPT S12.M.Z10.PRE.ITTIG.HAUPT S12.SD.Z10.PRE.ITTIG.HAUPT S08.N.Z10.X.ITTKG.X S12.N.Z10.PRE.ITTKG.HAUPT S12.M.Z10.PRE.ITTKG.HAUPT S12.SD.Z10.PRE.ITTKG.HAUPT S12.D.Z10.PRE.ITT.HAUPT,7 7 1.7700000000000000 0.075938571665963517 10 10 1.9520000000000000 0.084957505717727907 -2.2339557867629631,"7 | 1,77 ± 0,08 | 10 | 1,95 ± 0,08 | d −2,23 | –","T · Tab. 2, Tab. 3 Nenner (CONSORT 16)"
K-04.3,Ausgangswerte ITT Sprint 30 m,S08.N.Z30.X.ITTIG.X S12.N.Z30.PRE.ITTIG.HAUPT S12.M.Z30.PRE.ITTIG.HAUPT S12.SD.Z30.PRE.ITTIG.HAUPT S08.N.Z30.X.ITTKG.X S12.N.Z30.PRE.ITTKG.HAUPT S12.M.Z30.PRE.ITTKG.HAUPT S12.SD.Z30.PRE.ITTKG.HAUPT S12.D.Z30.PRE.ITT.HAUPT S14.OVPREIG.Z30.X.ITT.HAUPT S14.OVPREKG.Z30.X.ITT.HAUPT S14.OVPAHIG.Z30.X.ITT.HAUPT S14.OVPAHKG.Z30.X.ITT.HAUPT,16 16 4.5106250000000001 0.20872529793966044 10 10 4.8940000000000001 0.27023446609688168 -1.6404846413033678 12 4 7 9,"16 | 4,51 ± 0,21 | 10 | 4,89 ± 0,27 | d −1,64 | Prä IG 12, KG 4 · %PAH IG 7, KG 9","T · Tab. 2, Tab. 3 Nenner (CONSORT 16)"
K-04.4,Ausgangswerte ITT 505 links,S08.N.CL.X.ITTIG.X S12.N.CL.PRE.ITTIG.HAUPT S12.M.CL.PRE.ITTIG.HAUPT S12.SD.CL.PRE.ITTIG.HAUPT S08.N.CL.X.ITTKG.X S12.N.CL.PRE.ITTKG.HAUPT S12.M.CL.PRE.ITTKG.HAUPT S12.SD.CL.PRE.ITTKG.HAUPT S12.D.CL.PRE.ITT.HAUPT,15 15 2.4546666666666668 0.094556609398562794 10 10 2.5419999999999998 0.12016655108639840 -0.82920202310557101,"15 | 2,45 ± 0,09 | 10 | 2,54 ± 0,12 | d −0,83 | –","T · Tab. 2, Tab. 3 Nenner (CONSORT 16)"
K-04.5,Ausgangswerte ITT 505 rechts,S08.N.CR.X.ITTIG.X S12.N.CR.PRE.ITTIG.HAUPT S12.M.CR.PRE.ITTIG.HAUPT S12.SD.CR.PRE.ITTIG.HAUPT S08.N.CR.X.ITTKG.X S12.N.CR.PRE.ITTKG.HAUPT S12.M.CR.PRE.ITTKG.HAUPT S12.SD.CR.PRE.ITTKG.HAUPT S12.D.CR.PRE.ITT.HAUPT,14 14 2.4714285714285715 0.12177262183500617 10 10 2.5089999999999999 0.12775410408715299 -0.30237503591771087,"14 | 2,47 ± 0,12 | 10 | 2,51 ± 0,13 | d −0,30 | –","T · Tab. 2, Tab. 3 Nenner (CONSORT 16)"
K-04.6,Ausgangswerte ITT 505-Seitenmittel,S08.N.CM.X.ITTIG.X S12.N.CM.PRE.ITTIG.HAUPT S12.M.CM.PRE.ITTIG.HAUPT S12.SD.CM.PRE.ITTIG.HAUPT S08.N.CM.X.ITTKG.X S12.N.CM.PRE.ITTKG.HAUPT S12.M.CM.PRE.ITTKG.HAUPT S12.SD.CM.PRE.ITTKG.HAUPT S12.D.CM.PRE.ITT.HAUPT S14.OVPREIG.CM.X.ITT.HAUPT S14.OVPREKG.CM.X.ITT.HAUPT S14.OVPAHIG.CM.X.ITT.HAUPT S14.OVPAHKG.CM.X.ITT.HAUPT,13 13 2.4557692307692309 0.094446769704909964 10 10 2.5255000000000001 0.11081641474879872 -0.68507761938435530 12 6 5 9,"13 | 2,46 ± 0,09 | 10 | 2,53 ± 0,11 | d −0,69 | Prä IG 12, KG 6 · %PAH IG 5, KG 9","T · Tab. 2, Tab. 3 Nenner (CONSORT 16)"
K-04.7,Ausgangswerte ITT Standweitsprung,S08.N.SBJ.X.ITTIG.X S12.N.SBJ.PRE.ITTIG.HAUPT S12.M.SBJ.PRE.ITTIG.HAUPT S12.SD.SBJ.PRE.ITTIG.HAUPT S08.N.SBJ.X.ITTKG.X S12.N.SBJ.PRE.ITTKG.HAUPT S12.M.SBJ.PRE.ITTKG.HAUPT S12.SD.SBJ.PRE.ITTKG.HAUPT S12.D.SBJ.PRE.ITT.HAUPT S14.OVPREIG.SBJ.X.ITT.HAUPT S14.OVPREKG.SBJ.X.ITT.HAUPT S14.OVPAHIG.SBJ.X.ITT.HAUPT S14.OVPAHKG.SBJ.X.ITT.HAUPT,16 16 237.75000000000000 12.917688131653692 10 10 226.40000000000001 20.753580681682646 0.69616400647951437 16 6 7 9,"16 | 238 ± 13 | 10 | 226 ± 21 | d +0,70 | Prä IG 16, KG 6 · %PAH IG 7, KG 9","T · Tab. 2, Tab. 3 Nenner (CONSORT 16)"
K-04.8 Z30,gemeinsamer Bereich Sprint 30 m,S14.OVPRL.Z30.X.ITT.HAUPT S14.OVPRU.Z30.X.ITT.HAUPT S14.OVPAL.Z30.X.ITT.HAUPT S14.OVPAU.Z30.X.ITT.HAUPT,4.4500000000000002 4.8899999999999997 87.066186063648942 94.917025447097814,"Prä 4,450 bis 4,890 s · %PAH 87,07 bis 94,92",A · Tab. H4 Grenzen
K-04.8 CM,gemeinsamer Bereich 505-Seitenmittel,S14.OVPRL.CM.X.ITT.HAUPT S14.OVPRU.CM.X.ITT.HAUPT S14.OVPAL.CM.X.ITT.HAUPT S14.OVPAU.CM.X.ITT.HAUPT,2.3200000000000003 2.5750000000000002 87.066186063648942 94.917025447097814,"Prä 2,320 bis 2,575 s · %PAH 87,07 bis 94,92",A · Tab. H4 Grenzen
K-04.8 SBJ,gemeinsamer Bereich Standweitsprung,S14.OVPRL.SBJ.X.ITT.HAUPT S14.OVPRU.SBJ.X.ITT.HAUPT S14.OVPAL.SBJ.X.ITT.HAUPT S14.OVPAU.SBJ.X.ITT.HAUPT,207.00000000000000 255.00000000000000 87.066186063648942 94.917025447097814,"Prä 207,0 bis 255,0 cm · %PAH 87,07 bis 94,92",A · Tab. H4 Grenzen
K-04.9,Ausgangswerte BASE Sprint 5 m,S12.N.Z05.PRE.IG.HAUPT S12.M.Z05.PRE.IG.HAUPT S12.SD.Z05.PRE.IG.HAUPT S12.N.Z05.PRE.KG.HAUPT S12.M.Z05.PRE.KG.HAUPT S12.SD.Z05.PRE.KG.HAUPT S12.D.Z05.PRE.BASE.HAUPT,18 1.0511111111111111 0.078881063774661545 8 1.1362500000000000 0.039618718519695346 -1.2206094853436651,"18 | 1,05 ± 0,08 | 8 | 1,14 ± 0,04 | d −1,22",A · Tab. H3 alle eingangsgetesteten Spieler
K-04.10,Ausgangswerte BASE Sprint 10 m,S12.N.Z10.PRE.IG.HAUPT S12.M.Z10.PRE.IG.HAUPT S12.SD.Z10.PRE.IG.HAUPT S12.N.Z10.PRE.KG.HAUPT S12.M.Z10.PRE.KG.HAUPT S12.SD.Z10.PRE.KG.HAUPT S12.D.Z10.PRE.BASE.HAUPT,18 1.8483333333333334 0.098054606635042618 13 1.9661538461538461 0.080160096217763002 -1.2936306096092860,"18 | 1,85 ± 0,10 | 13 | 1,97 ± 0,08 | d −1,29",A · Tab. H3 alle eingangsgetesteten Spieler
K-04.11,Ausgangswerte BASE Sprint 30 m,S12.N.Z30.PRE.IG.HAUPT S12.M.Z30.PRE.IG.HAUPT S12.SD.Z30.PRE.IG.HAUPT S12.N.Z30.PRE.KG.HAUPT S12.M.Z30.PRE.KG.HAUPT S12.SD.Z30.PRE.KG.HAUPT S12.D.Z30.PRE.BASE.HAUPT,18 4.5255555555555560 0.23485219938411386 13 4.9323076923076927 0.25123540906733433 -1.6824197398383967,"18 | 4,53 ± 0,23 | 13 | 4,93 ± 0,25 | d −1,68",A · Tab. H3 alle eingangsgetesteten Spieler
K-04.12,Ausgangswerte BASE 505 links,S12.N.CL.PRE.IG.HAUPT S12.M.CL.PRE.IG.HAUPT S12.SD.CL.PRE.IG.HAUPT S12.N.CL.PRE.KG.HAUPT S12.M.CL.PRE.KG.HAUPT S12.SD.CL.PRE.KG.HAUPT S12.D.CL.PRE.BASE.HAUPT,17 2.4664705882352944 0.10752564673547585 12 2.5433333333333334 0.11170849510573434 -0.70355492390488050,"17 | 2,47 ± 0,11 | 12 | 2,54 ± 0,11 | d −0,70",A · Tab. H3 alle eingangsgetesteten Spieler
K-04.13,Ausgangswerte BASE 505 rechts,S12.N.CR.PRE.IG.HAUPT S12.M.CR.PRE.IG.HAUPT S12.SD.CR.PRE.IG.HAUPT S12.N.CR.PRE.KG.HAUPT S12.M.CR.PRE.KG.HAUPT S12.SD.CR.PRE.KG.HAUPT S12.D.CR.PRE.BASE.HAUPT,17 2.4770588235294118 0.11060993998519937 12 2.4966666666666666 0.12879393925134364 -0.16566840307738701,"17 | 2,48 ± 0,11 | 12 | 2,50 ± 0,13 | d −0,17",A · Tab. H3 alle eingangsgetesteten Spieler
K-04.14,Ausgangswerte BASE 505-Seitenmittel,S12.N.CM.PRE.IG.HAUPT S12.M.CM.PRE.IG.HAUPT S12.SD.CM.PRE.IG.HAUPT S12.N.CM.PRE.KG.HAUPT S12.M.CM.PRE.KG.HAUPT S12.SD.CM.PRE.KG.HAUPT S12.D.CM.PRE.BASE.HAUPT,16 2.4665625000000002 0.092856856684540690 11 2.5249999999999999 0.10514276009312290 -0.59656701604136497,"16 | 2,47 ± 0,09 | 11 | 2,52 ± 0,11 | d −0,60",A · Tab. H3 alle eingangsgetesteten Spieler
K-04.15,Ausgangswerte BASE Standweitsprung,S12.N.SBJ.PRE.IG.HAUPT S12.M.SBJ.PRE.IG.HAUPT S12.SD.SBJ.PRE.IG.HAUPT S12.N.SBJ.PRE.KG.HAUPT S12.M.SBJ.PRE.KG.HAUPT S12.SD.SBJ.PRE.KG.HAUPT S12.D.SBJ.PRE.BASE.HAUPT,18 237.44444444444446 12.843960458574990 13 224.46153846153845 18.675364274070553 0.83626209683582053,"18 | 237 ± 13 | 13 | 224 ± 19 | d +0,84",A · Tab. H3 alle eingangsgetesteten Spieler
K-04.16,Prä und Post deskriptiv Sprint 5 m,S12.N.Z05.PRE.ITTIG.HAUPT S12.M.Z05.PRE.ITTIG.HAUPT S12.SD.Z05.PRE.ITTIG.HAUPT S12.N.Z05.PRE.ITTKG.HAUPT S12.M.Z05.PRE.ITTKG.HAUPT S12.SD.Z05.PRE.ITTKG.HAUPT S12.N.Z05.POST.ITTIG.HAUPT S12.M.Z05.POST.ITTIG.HAUPT S12.SD.Z05.POST.ITTIG.HAUPT S12.N.Z05.POST.ITTKG.HAUPT S12.M.Z05.POST.ITTKG.HAUPT S12.SD.Z05.POST.ITTKG.HAUPT,16 1.0462500000000001 0.081312155712824796 7 1.1285714285714286 0.035790395093549546 16 1.0768750000000000 0.041588259561243145 7 1.1742857142857142 0.038234863173611133,"1,05 ± 0,08 (n = 16) | 1,13 ± 0,04 (n = 7) | 1,08 ± 0,04 (n = 16) | 1,17 ± 0,04 (n = 7)",T · Tab. 2
K-04.17,Prä und Post deskriptiv Sprint 10 m,S12.N.Z10.PRE.ITTIG.HAUPT S12.M.Z10.PRE.ITTIG.HAUPT S12.SD.Z10.PRE.ITTIG.HAUPT S12.N.Z10.PRE.ITTKG.HAUPT S12.M.Z10.PRE.ITTKG.HAUPT S12.SD.Z10.PRE.ITTKG.HAUPT S12.N.Z10.POST.ITTIG.HAUPT S12.M.Z10.POST.ITTIG.HAUPT S12.SD.Z10.POST.ITTIG.HAUPT S12.N.Z10.POST.ITTKG.HAUPT S12.M.Z10.POST.ITTKG.HAUPT S12.SD.Z10.POST.ITTKG.HAUPT,7 1.7700000000000000 0.075938571665963517 10 1.9520000000000000 0.084957505717727907 7 1.8671428571428572 0.069693205243716930 10 1.9760000000000000 0.080166493416306189,"1,77 ± 0,08 (n = 7) | 1,95 ± 0,08 (n = 10) | 1,87 ± 0,07 (n = 7) | 1,98 ± 0,08 (n = 10)",T · Tab. 2
K-04.18,Prä und Post deskriptiv 505 links,S12.N.CL.PRE.ITTIG.HAUPT S12.M.CL.PRE.ITTIG.HAUPT S12.SD.CL.PRE.ITTIG.HAUPT S12.N.CL.PRE.ITTKG.HAUPT S12.M.CL.PRE.ITTKG.HAUPT S12.SD.CL.PRE.ITTKG.HAUPT S12.N.CL.POST.ITTIG.HAUPT S12.M.CL.POST.ITTIG.HAUPT S12.SD.CL.POST.ITTIG.HAUPT S12.N.CL.POST.ITTKG.HAUPT S12.M.CL.POST.ITTKG.HAUPT S12.SD.CL.POST.ITTKG.HAUPT,15 2.4546666666666668 0.094556609398562794 10 2.5419999999999998 0.12016655108639840 15 2.4546666666666668 0.079719747210073993 10 2.5070000000000001 0.13250157231771498,"2,45 ± 0,09 (n = 15) | 2,54 ± 0,12 (n = 10) | 2,45 ± 0,08 (n = 15) | 2,51 ± 0,13 (n = 10)",T · Tab. 2
K-04.19,Prä und Post deskriptiv 505 rechts,S12.N.CR.PRE.ITTIG.HAUPT S12.M.CR.PRE.ITTIG.HAUPT S12.SD.CR.PRE.ITTIG.HAUPT S12.N.CR.PRE.ITTKG.HAUPT S12.M.CR.PRE.ITTKG.HAUPT S12.SD.CR.PRE.ITTKG.HAUPT S12.N.CR.POST.ITTIG.HAUPT S12.M.CR.POST.ITTIG.HAUPT S12.SD.CR.POST.ITTIG.HAUPT S12.N.CR.POST.ITTKG.HAUPT S12.M.CR.POST.ITTKG.HAUPT S12.SD.CR.POST.ITTKG.HAUPT,14 2.4714285714285715 0.12177262183500617 10 2.5089999999999999 0.12775410408715299 14 2.4828571428571431 0.11451762185046334 10 2.5569999999999999 0.12055888372262098,"2,47 ± 0,12 (n = 14) | 2,51 ± 0,13 (n = 10) | 2,48 ± 0,11 (n = 14) | 2,56 ± 0,12 (n = 10)",T · Tab. 2
K-05.1,Messgüte Sprint 5 m,S10.NTE.Z05.PRE.ALL.X S10.TE.Z05.PRE.ALL.X S10.TELO.Z05.PRE.ALL.X S10.TEHI.Z05.PRE.ALL.X S10.DFTE.Z05.PRE.ALL.X S10.CV.Z05.PRE.ALL.X S10.NSB.Z05.PRE.ALL.X S10.SB.Z05.PRE.ALL.X S10.SESOI.Z05.PRE.ALL.X S10.RTS.Z05.PRE.ALL.X S10.FLEINZ.Z05.PRE.ALL.X S10.NTE.Z05.POST.ALL.X S10.TE.Z05.POST.ALL.X S10.TELO.Z05.POST.ALL.X S10.TEHI.Z05.POST.ALL.X S10.DFTE.Z05.POST.ALL.X,21 0.046234773936807042 0.036554120560580737 0.062931840788251106 27 4.2344383685684761 26 0.079224122200637459 0.015844824440127494 2.9179732543906316 1 25 0.039666401694928459 0.032338581242701427 0.051318298341222958 37,"21 | 0,046 [0,037 bis 0,063] | 27 | 4,2 | 0,079 (n = 26) | 0,016 | 2,92 | 1 | 0,040 [0,032 bis 0,051] (n = 25)",T · Tab. 1
K-05.2,Messgüte Sprint 10 m,S10.NTE.Z10.PRE.ALL.X S10.TE.Z10.PRE.ALL.X S10.TELO.Z10.PRE.ALL.X S10.TEHI.Z10.PRE.ALL.X S10.DFTE.Z10.PRE.ALL.X S10.CV.Z10.PRE.ALL.X S10.NSB.Z10.PRE.ALL.X S10.SB.Z10.PRE.ALL.X S10.SESOI.Z10.PRE.ALL.X S10.RTS.Z10.PRE.ALL.X S10.FLEINZ.Z10.PRE.ALL.X S10.NTE.Z10.POST.ALL.X S10.TE.Z10.POST.ALL.X S10.TELO.Z10.POST.ALL.X S10.TEHI.Z10.POST.ALL.X S10.DFTE.Z10.POST.ALL.X,26 0.036937133779597085 0.030037665712638328 0.047979878825558993 36 1.9429051449351145 31 0.10729118253361905 0.021458236506723811 1.7213499239801489 1 13 0.050207901104640219 0.038412013516665108 0.072503698141416786 20,"26 | 0,037 [0,030 bis 0,048] | 36 | 1,9 | 0,107 (n = 31) | 0,021 | 1,72 | 1 | 0,050 [0,038 bis 0,073] (n = 13)",T · Tab. 1
K-05.3,Messgüte Sprint 30 m,S10.NTE.Z30.PRE.ALL.X S10.TE.Z30.PRE.ALL.X S10.TELO.Z30.PRE.ALL.X S10.TEHI.Z30.PRE.ALL.X S10.DFTE.Z30.PRE.ALL.X S10.CV.Z30.PRE.ALL.X S10.NSB.Z30.PRE.ALL.X S10.SB.Z30.PRE.ALL.X S10.SESOI.Z30.PRE.ALL.X S10.RTS.Z30.PRE.ALL.X S10.FLEINZ.Z30.PRE.ALL.X S10.NTE.Z30.POST.ALL.X S10.TE.Z30.POST.ALL.X S10.TELO.Z30.POST.ALL.X S10.TEHI.Z30.POST.ALL.X S10.DFTE.Z30.POST.ALL.X,30 0.077491706259490062 0.064509427589035329 0.097064589703747386 47 1.6443070386851670 31 0.31325897081440296 0.062651794162880595 1.2368633220307950 1 26 0.090350195875475756 0.073838328891257632 0.11644136581685791 38,"30 | 0,077 [0,065 bis 0,097] | 47 | 1,6 | 0,313 (n = 31) | 0,063 | 1,24 | 1 | 0,090 [0,074 bis 0,116] (n = 26)",T · Tab. 1
K-05.4,Messgüte 505 links,S10.NTE.CL.PRE.ALL.X S10.TE.CL.PRE.ALL.X S10.TELO.CL.PRE.ALL.X S10.TEHI.CL.PRE.ALL.X S10.DFTE.CL.PRE.ALL.X S10.CV.CL.PRE.ALL.X S10.NSB.CL.PRE.ALL.X S10.SB.CL.PRE.ALL.X S10.SESOI.CL.PRE.ALL.X S10.RTS.CL.PRE.ALL.X S10.FLEINZ.CL.PRE.ALL.X S10.NTE.CL.POST.ALL.X S10.TE.CL.POST.ALL.X S10.TELO.CL.POST.ALL.X S10.TEHI.CL.POST.ALL.X S10.DFTE.CL.POST.ALL.X,22 0.088784527411550129 0.069919272960127371 0.12167312331278593 26 3.5037879764485780 29 0.11398837552002650 0.022797675104005301 3.8944553339981436 1 21 0.053027396333449738 0.040796699094122972 0.075779579599506403 21,"22 | 0,089 [0,070 bis 0,122] | 26 | 3,5 | 0,114 (n = 29) | 0,023 | 3,89 | 1 | 0,053 [0,041 bis 0,076] (n = 21)",T · Tab. 1
K-05.5,Messgüte 505 rechts,S10.NTE.CR.PRE.ALL.X S10.TE.CR.PRE.ALL.X S10.TELO.CR.PRE.ALL.X S10.TEHI.CR.PRE.ALL.X S10.DFTE.CR.PRE.ALL.X S10.CV.CR.PRE.ALL.X S10.NSB.CR.PRE.ALL.X S10.SB.CR.PRE.ALL.X S10.SESOI.CR.PRE.ALL.X S10.RTS.CR.PRE.ALL.X S10.FLEINZ.CR.PRE.ALL.X S10.NTE.CR.POST.ALL.X S10.TE.CR.POST.ALL.X S10.TELO.CR.POST.ALL.X S10.TEHI.CR.POST.ALL.X S10.DFTE.CR.POST.ALL.X,26 0.082875408495725278 0.066226729047673752 0.11077735050412871 30 3.2543460316672150 29 0.11663804481187494 0.023327608962374988 3.5526747996073968 1 14 0.071937472849690778 0.052667336310750143 0.11345251738079319 14,"26 | 0,083 [0,066 bis 0,111] | 30 | 3,3 | 0,117 (n = 29) | 0,023 | 3,55 | 1 | 0,072 [0,053 bis 0,113] (n = 14)",T · Tab. 1
K-05.6,Messgüte 505-Seitenmittel,S10.NTE.CM.PRE.ALL.X S10.TE.CM.PRE.ALL.X S10.TELO.CM.PRE.ALL.X S10.TEHI.CM.PRE.ALL.X S10.DFTE.CM.PRE.ALL.X S10.CV.CM.PRE.ALL.X S10.NSB.CM.PRE.ALL.X S10.SB.CM.PRE.ALL.X S10.SESOI.CM.PRE.ALL.X S10.RTS.CM.PRE.ALL.X S10.FLEINZ.CM.PRE.ALL.X S10.NTE.CM.POST.ALL.X S10.TE.CM.POST.ALL.X S10.TELO.CM.POST.ALL.X S10.TEHI.CM.POST.ALL.X S10.DFTE.CM.POST.ALL.X,19 0.054851892936617498 0.042200378023588565 0.078386903268565483 21 2.1543283592367817 27 0.10041190097568044 0.020082380195136088 2.7313442133668255 1 12 0.040888568084490269 0.029320619142108165 0.067496196122611443 12,"19 | 0,055 [0,042 bis 0,078] | 21 | 2,2 | 0,100 (n = 27) | 0,020 | 2,73 | 1 | 0,041 [0,029 bis 0,067] (n = 12)",T · Tab. 1
K-05.7,Messgüte Standweitsprung,S10.NTE.SBJ.PRE.ALL.X S10.TE.SBJ.PRE.ALL.X S10.TELO.SBJ.PRE.ALL.X S10.TEHI.SBJ.PRE.ALL.X S10.DFTE.SBJ.PRE.ALL.X S10.CV.SBJ.PRE.ALL.X S10.NSB.SBJ.PRE.ALL.X S10.SB.SBJ.PRE.ALL.X S10.SESOI.SBJ.PRE.ALL.X S10.RTS.SBJ.PRE.ALL.X S10.FLEINZ.SBJ.PRE.ALL.X S10.NTE.SBJ.POST.ALL.X S10.TE.SBJ.POST.ALL.X S10.TELO.SBJ.POST.ALL.X S10.TEHI.SBJ.POST.ALL.X S10.DFTE.SBJ.POST.ALL.X,29 6.1482365771113656 5.0588000640398931 7.8400197704585768 41 2.6856571631687713 31 16.595180023127195 3.3190360046254392 1.8524163547919115 1 23 6.7110700740240778 5.2850778625554566 9.1970626018250545 26,"29 | 6,1 [5,1 bis 7,8] | 41 | 2,7 | 16,6 (n = 31) | 3,3 | 1,85 | 1 | 6,7 [5,3 bis 9,2] (n = 23)",T · Tab. 1
K-05.8 Z05,TE je Verein Sprint 5 m,S10.TE.Z05.PRE.VA.X S10.DFTE.Z05.PRE.VA.X S10.NTE.Z05.PRE.VA.X S10.TE.Z05.PRE.VB.X S10.DFTE.Z05.PRE.VB.X S10.NTE.Z05.PRE.VB.X S10.TE.Z05.PRE.VC.X S10.DFTE.Z05.PRE.VC.X S10.NTE.Z05.PRE.VC.X S10.TE.Z05.POST.VA.X S10.DFTE.Z05.POST.VA.X S10.NTE.Z05.POST.VA.X S10.TE.Z05.POST.VB.X S10.DFTE.Z05.POST.VB.X S10.NTE.Z05.POST.VB.X S10.TE.Z05.POST.VC.X S10.DFTE.Z05.POST.VC.X S10.NTE.Z05.POST.VC.X,0.049020713000019721 11 7 0.034267220842117058 11 10 0.060608030271023738 5 4 0.037825510317366876 13 7 0.017861904127153386 14 9 0.059287435431126592 10 9,"0,049 (df 11, n 7) | 0,034 (df 11, n 10) | 0,061 (df 5, n 4) | 0,038 (df 13, n 7) | 0,018 (df 14, n 9) | 0,059 (df 10, n 9)",A · Tab. H1 Messgüte je Verein
K-05.8 Z10,TE je Verein Sprint 10 m,S10.TE.Z10.PRE.VA.X S10.DFTE.Z10.PRE.VA.X S10.NTE.Z10.PRE.VA.X S10.TE.Z10.PRE.VB.X S10.DFTE.Z10.PRE.VB.X S10.NTE.Z10.PRE.VB.X S10.TE.Z10.PRE.VC.X S10.DFTE.Z10.PRE.VC.X S10.NTE.Z10.PRE.VC.X S10.TE.Z10.POST.VA.X S10.DFTE.Z10.POST.VA.X S10.NTE.Z10.POST.VA.X S10.TE.Z10.POST.VB.X S10.DFTE.Z10.POST.VB.X S10.NTE.Z10.POST.VB.X S10.TE.Z10.POST.VC.X S10.DFTE.Z10.POST.VC.X S10.NTE.Z10.POST.VC.X,0.037899388337592432 11 7 0.027830016240052168 17 11 0.050187149749711842 8 8 0.028889710704944498 13 7  0 0 0.075182318083316296 7 6,"0,038 (df 11, n 7) | 0,028 (df 17, n 11) | 0,050 (df 8, n 8) | 0,029 (df 13, n 7) | fehlend (zu wenige Werte) | 0,075 (df 7, n 6)",A · Tab. H1 Messgüte je Verein
K-05.8 Z30,TE je Verein Sprint 30 m,S10.TE.Z30.PRE.VA.X S10.DFTE.Z30.PRE.VA.X S10.NTE.Z30.PRE.VA.X S10.TE.Z30.PRE.VB.X S10.DFTE.Z30.PRE.VB.X S10.NTE.Z30.PRE.VB.X S10.TE.Z30.PRE.VC.X S10.DFTE.Z30.PRE.VC.X S10.NTE.Z30.PRE.VC.X S10.TE.Z30.POST.VA.X S10.DFTE.Z30.POST.VA.X S10.NTE.Z30.POST.VA.X S10.TE.Z30.POST.VB.X S10.DFTE.Z30.POST.VB.X S10.NTE.Z30.POST.VB.X S10.TE.Z30.POST.VC.X S10.DFTE.Z30.POST.VC.X S10.NTE.Z30.POST.VC.X,0.047463436219660426 12 7 0.051468627413630640 17 11 0.10805519851412022 18 12 0.12149947000757323 11 7 0.034330328116279743 14 9 0.10050513445233558 13 10,"0,047 (df 12, n 7) | 0,051 (df 17, n 11) | 0,108 (df 18, n 12) | 0,121 (df 11, n 7) | 0,034 (df 14, n 9) | 0,101 (df 13, n 10)",A · Tab. H1 Messgüte je Verein
K-05.8 CL,TE je Verein 505 links,S10.TE.CL.PRE.VA.X S10.DFTE.CL.PRE.VA.X S10.NTE.CL.PRE.VA.X S10.TE.CL.PRE.VB.X S10.DFTE.CL.PRE.VB.X S10.NTE.CL.PRE.VB.X S10.TE.CL.PRE.VC.X S10.DFTE.CL.PRE.VC.X S10.NTE.CL.PRE.VC.X S10.TE.CL.POST.VA.X S10.DFTE.CL.POST.VA.X S10.NTE.CL.POST.VA.X S10.TE.CL.POST.VB.X S10.DFTE.CL.POST.VB.X S10.NTE.CL.POST.VB.X S10.TE.CL.POST.VC.X S10.DFTE.CL.POST.VC.X S10.NTE.CL.POST.VC.X,0.10551461194229608 7 4 0.067288764127287751 9 9 0.092879850703296546 10 9 0.076892782496148532 4 4 0.055901699437494658 6 6 0.038905479866419353 11 11,"0,106 (df 7, n 4) | 0,067 (df 9, n 9) | 0,093 (df 10, n 9) | 0,077 (df 4, n 4) | 0,056 (df 6, n 6) | 0,039 (df 11, n 11)",A · Tab. H1 Messgüte je Verein
K-05.8 CR,TE je Verein 505 rechts,S10.TE.CR.PRE.VA.X S10.DFTE.CR.PRE.VA.X S10.NTE.CR.PRE.VA.X S10.TE.CR.PRE.VB.X S10.DFTE.CR.PRE.VB.X S10.NTE.CR.PRE.VB.X S10.TE.CR.PRE.VC.X S10.DFTE.CR.PRE.VC.X S10.NTE.CR.PRE.VC.X S10.TE.CR.POST.VA.X S10.DFTE.CR.POST.VA.X S10.NTE.CR.POST.VA.X S10.TE.CR.POST.VB.X S10.DFTE.CR.POST.VB.X S10.NTE.CR.POST.VB.X S10.TE.CR.POST.VC.X S10.DFTE.CR.POST.VC.X S10.NTE.CR.POST.VC.X,0.090205526643532360 9 7 0.070975347832892027 8 8 0.084360338232291748 13 11 0.10157099323461720 3 3 0.066783231428256054 5 5 0.056568542494923754 6 6,"0,090 (df 9, n 7) | 0,071 (df 8, n 8) | 0,084 (df 13, n 11) | 0,102 (df 3, n 3) | 0,067 (df 5, n 5) | 0,057 (df 6, n 6)",A · Tab. H1 Messgüte je Verein
K-05.8 CM,TE je Verein 505-Seitenmittel,S10.TE.CM.PRE.VA.X S10.DFTE.CM.PRE.VA.X S10.NTE.CM.PRE.VA.X S10.TE.CM.PRE.VB.X S10.DFTE.CM.PRE.VB.X S10.NTE.CM.PRE.VB.X S10.TE.CM.PRE.VC.X S10.DFTE.CM.PRE.VC.X S10.NTE.CM.PRE.VC.X S10.TE.CM.POST.VA.X S10.DFTE.CM.POST.VA.X S10.NTE.CM.POST.VA.X S10.TE.CM.POST.VB.X S10.DFTE.CM.POST.VB.X S10.NTE.CM.POST.VB.X S10.TE.CM.POST.VC.X S10.DFTE.CM.POST.VC.X S10.NTE.CM.POST.VC.X,0.046748440259185765 4 3 0.041589511899035321 8 8 0.067168251980188179 9 8 0.081317279836453121 1 1 0.027568097504180405 5 5 0.040104031385053078 6 6,"0,047 (df 4, n 3) | 0,042 (df 8, n 8) | 0,067 (df 9, n 8) | 0,081 (df 1, n 1) | 0,028 (df 5, n 5) | 0,040 (df 6, n 6)",A · Tab. H1 Messgüte je Verein
K-05.8 SBJ,TE je Verein Standweitsprung,S10.TE.SBJ.PRE.VA.X S10.DFTE.SBJ.PRE.VA.X S10.NTE.SBJ.PRE.VA.X S10.TE.SBJ.PRE.VB.X S10.DFTE.SBJ.PRE.VB.X S10.NTE.SBJ.PRE.VB.X S10.TE.SBJ.PRE.VC.X S10.DFTE.SBJ.PRE.VC.X S10.NTE.SBJ.PRE.VC.X S10.TE.SBJ.POST.VA.X S10.DFTE.SBJ.POST.VA.X S10.NTE.SBJ.POST.VA.X S10.TE.SBJ.POST.VB.X S10.DFTE.SBJ.POST.VB.X S10.NTE.SBJ.POST.VB.X S10.TE.SBJ.POST.VC.X S10.DFTE.SBJ.POST.VC.X S10.NTE.SBJ.POST.VC.X,7.0504136994458229 12 7 5.0738983478627597 15 11 6.3648962883855980 14 11 7.4966659255965249 5 5 8.1212403889150728 11 8 4.0558599581346497 10 10,"7,1 (df 12, n 7) | 5,1 (df 15, n 11) | 6,4 (df 14, n 11) | 7,5 (df 5, n 5) | 8,1 (df 11, n 8) | 4,1 (df 10, n 10)",A · Tab. H1 Messgüte je Verein
K-06.1,Hauptanalyse Sprint 30 m,S13.NIG.Z30.X.ITT.HAUPT S13.NKG.Z30.X.ITT.HAUPT S15.MPOSTIG.Z30.X.ITT.HAUPT S15.MPOSTKG.Z30.X.ITT.HAUPT S15.SDPOST.Z30.X.ITT.HAUPT S15.UD.Z30.X.ITT.HAUPT S15.UDKIU.Z30.X.ITT.HAUPT S15.UDKIO.Z30.X.ITT.HAUPT S15.UDP.Z30.X.ITT.HAUPT S13.B1.Z30.X.ITT.HAUPT S13.KIU.Z30.X.ITT.HAUPT S13.KIO.Z30.X.ITT.HAUPT S13.P.Z30.X.ITT.HAUPT S15.G.Z30.X.ITT.HAUPT S15.GKIU.Z30.X.ITT.HAUPT S15.GKIO.Z30.X.ITT.HAUPT S13.SIG.Z30.X.ITT.HAUPT S10.SESOI.Z30.PRE.ALL.X S12.SD.Z30.POST.ITTIG.HAUPT S12.SD.Z30.POST.ITTKG.HAUPT S12.N.Z30.POST.ITTIG.HAUPT S12.M.Z30.POST.ITTIG.HAUPT S12.N.Z30.POST.ITTKG.HAUPT S12.M.Z30.POST.ITTKG.HAUPT,16 10 4.5662500000000001 4.8929999999999998 0.20469336823649176 -0.32674999999999965 -0.49705162949002135 -0.15644837050997798 0.00058305066526699611 -0.044506179575529395 -0.19927573971715812 0.11026338056609931 0.55701433352800200 -0.18443057392289658 -0.82578507963313685 0.45692393178734364 0 0.062651794162880595 0.18416930616509722 0.23494916707899000 16 4.5662500000000001 10 4.8929999999999998,"16 / 10 | 4,57 ± 0,18 | 4,89 ± 0,23 | −0,327 [−0,497 bis −0,156] | −0,045 [−0,199 bis +0,110] | 0,557 | −0,18 [−0,83 bis +0,46] | Fall C1","T · Tab. 3, 5.2"
K-06.2,Hauptanalyse 505-Seitenmittel,S13.NIG.CM.X.ITT.HAUPT S13.NKG.CM.X.ITT.HAUPT S15.MPOSTIG.CM.X.ITT.HAUPT S15.MPOSTKG.CM.X.ITT.HAUPT S15.SDPOST.CM.X.ITT.HAUPT S15.UD.CM.X.ITT.HAUPT S15.UDKIU.CM.X.ITT.HAUPT S15.UDKIO.CM.X.ITT.HAUPT S15.UDP.CM.X.ITT.HAUPT S13.B1.CM.X.ITT.HAUPT S13.KIU.CM.X.ITT.HAUPT S13.KIO.CM.X.ITT.HAUPT S13.P.CM.X.ITT.HAUPT S15.G.CM.X.ITT.HAUPT S15.GKIU.CM.X.ITT.HAUPT S15.GKIO.CM.X.ITT.HAUPT S13.SIG.CM.X.ITT.HAUPT S10.SESOI.CM.PRE.ALL.X S12.SD.CM.POST.ITTIG.HAUPT S12.SD.CM.POST.ITTKG.HAUPT S12.N.CM.POST.ITTIG.HAUPT S12.M.CM.POST.ITTIG.HAUPT S12.N.CM.POST.ITTKG.HAUPT S12.M.CM.POST.ITTKG.HAUPT,13 10 2.4715384615384615 2.5320000000000000 0.098398904070849891 -0.060461538461538566 -0.14653419423409045 0.025611117311013315 0.15886631175497121 -0.012071413892494361 -0.085434580405327226 0.061291752620338508 0.73433331003203972 -0.11431029860320990 -0.80902307585071997 0.58040247864430028 0 0.020082380195136088 0.080580824212521135 0.11804424782446808 13 2.4715384615384615 10 2.5320000000000000,"13 / 10 | 2,47 ± 0,08 | 2,53 ± 0,12 | −0,060 [−0,147 bis +0,026] | −0,012 [−0,085 bis +0,061] | 0,734 | −0,11 [−0,81 bis +0,58] | Fall C1","T · Tab. 3, 5.2"
K-06.3,Hauptanalyse Standweitsprung,S13.NIG.SBJ.X.ITT.HAUPT S13.NKG.SBJ.X.ITT.HAUPT S15.MPOSTIG.SBJ.X.ITT.HAUPT S15.MPOSTKG.SBJ.X.ITT.HAUPT S15.SDPOST.SBJ.X.ITT.HAUPT S15.UD.SBJ.X.ITT.HAUPT S15.UDKIU.SBJ.X.ITT.HAUPT S15.UDKIO.SBJ.X.ITT.HAUPT S15.UDP.SBJ.X.ITT.HAUPT S13.B1.SBJ.X.ITT.HAUPT S13.KIU.SBJ.X.ITT.HAUPT S13.KIO.SBJ.X.ITT.HAUPT S13.P.SBJ.X.ITT.HAUPT S15.G.SBJ.X.ITT.HAUPT S15.GKIU.SBJ.X.ITT.HAUPT S15.GKIO.SBJ.X.ITT.HAUPT S13.SIG.SBJ.X.ITT.HAUPT S10.SESOI.SBJ.PRE.ALL.X S12.SD.SBJ.POST.ITTIG.HAUPT S12.SD.SBJ.POST.ITTKG.HAUPT S12.N.SBJ.POST.ITTIG.HAUPT S12.M.SBJ.POST.ITTIG.HAUPT S12.N.SBJ.POST.ITTKG.HAUPT S12.M.SBJ.POST.ITTKG.HAUPT,16 10 233.31250000000000 223.19999999999999 15.167176044559731 10.112500000000011 -2.5063494400379778 22.731349440038002 0.11115597367139321 -0.069440120569971231 -8.7138120876703429 8.5749318465303990 0.98685850474666470 -0.0041246812467144725 -0.51759266848033703 0.50934330598690802 0 3.3190360046254392 13.931828068610857 17.028081382103959 16 233.31250000000000 10 223.19999999999999,"16 / 10 | 233 ± 14 | 223 ± 17 | +10,1 [−2,5 bis +22,7] | −0,1 [−8,7 bis +8,6] | 0,987 | −0,00 [−0,52 bis +0,51] | Fall C1","T · Tab. 3, 5.2"
K-06.4,Entscheidung über H0,S13.H0REJ.X.X.ITT.HAUPT S13.NTEST.X.X.ITT.HAUPT S13.SIG.Z30.X.ITT.HAUPT S13.SIG.CM.X.ITT.HAUPT S13.SIG.SBJ.X.ITT.HAUPT,0 3 0 0 0,"H0 nicht abgelehnt (H0REJ = 0), 3 konfirmatorische Tests, SIG je Zielgröße Z30 0, CM 0, SBJ 0","T · Tab. 3, 5.2"
K-06.5 Z30,Modellkennwerte Sprint 30 m,S13.B0.Z30.X.ITT.HAUPT S13.SEB0.Z30.X.ITT.HAUPT S13.B2.Z30.X.ITT.HAUPT S13.SEB2.Z30.X.ITT.HAUPT S13.B3.Z30.X.ITT.HAUPT S13.SEB3.Z30.X.ITT.HAUPT S13.SEB1.Z30.X.ITT.HAUPT S13.T.Z30.X.ITT.HAUPT S13.DF.Z30.X.ITT.HAUPT S13.SIGMA.Z30.X.ITT.HAUPT S13.R2.Z30.X.ITT.HAUPT S13.AMIG.Z30.X.ITT.HAUPT S13.AMIGU.Z30.X.ITT.HAUPT S13.AMIGO.Z30.X.ITT.HAUPT S13.AMKG.Z30.X.ITT.HAUPT S13.AMKGU.Z30.X.ITT.HAUPT S13.AMKGO.Z30.X.ITT.HAUPT S13.PREM.Z30.X.ITT.HAUPT S13.PAHM.Z30.X.ITT.HAUPT,2.0592026561814643 1.1876714970058460 0.67734050993057981 0.11730033713081897 -0.0053163890479572999 0.0099637218581490293 0.074628270426428570 -0.59637158038394178 22 0.12977408838401228 0.77715141871772930 4.6748053155478742 4.5952481429986873 4.7543624880970610 4.7193114951234030 4.6104211768451613 4.8282018134016447 4.6580769230769228 93.107437203272511,"2,059 (SE 1,188) | 0,677 (SE 0,117) | −0,005 (SE 0,010) | 0,075 | −0,60 | 22 | 0,130 | 0,78 | 4,675 [4,595 bis 4,754] | 4,719 [4,610 bis 4,828] | 4,658 · 93,11",A · Tab. H4 Modellkennwerte
K-06.5 CM,Modellkennwerte 505-Seitenmittel,S13.B0.CM.X.ITT.HAUPT S13.SEB0.CM.X.ITT.HAUPT S13.B2.CM.X.ITT.HAUPT S13.SEB2.CM.X.ITT.HAUPT S13.B3.CM.X.ITT.HAUPT S13.SEB3.CM.X.ITT.HAUPT S13.SEB1.CM.X.ITT.HAUPT S13.T.CM.X.ITT.HAUPT S13.DF.CM.X.ITT.HAUPT S13.SIGMA.CM.X.ITT.HAUPT S13.R2.CM.X.ITT.HAUPT S13.AMIG.CM.X.ITT.HAUPT S13.AMIGU.CM.X.ITT.HAUPT S13.AMIGO.CM.X.ITT.HAUPT S13.AMKG.CM.X.ITT.HAUPT S13.AMKGU.CM.X.ITT.HAUPT S13.AMKGO.CM.X.ITT.HAUPT S13.PREM.CM.X.ITT.HAUPT S13.PAHM.CM.X.ITT.HAUPT,0.52925593407466842 0.72407539658277609 0.75663889257399952 0.15205562977734766 0.0010150002779770555 0.0053725257380039587 0.035051277293405202 -0.34439298150100689 19 0.065750523137140054 0.63329159226737919 2.4925776461336984 2.4496726821363652 2.5354826101310315 2.5046490600261930 2.4542223206039493 2.5550757994484368 2.4860869565217394 92.929082260194960,"0,529 (SE 0,724) | 0,757 (SE 0,152) | 0,001 (SE 0,005) | 0,035 | −0,34 | 19 | 0,066 | 0,63 | 2,493 [2,450 bis 2,535] | 2,505 [2,454 bis 2,555] | 2,486 · 92,93",A · Tab. H4 Modellkennwerte
K-06.5 SBJ,Modellkennwerte Standweitsprung,S13.B0.SBJ.X.ITT.HAUPT S13.SEB0.SBJ.X.ITT.HAUPT S13.B2.SBJ.X.ITT.HAUPT S13.SEB2.SBJ.X.ITT.HAUPT S13.B3.SBJ.X.ITT.HAUPT S13.SEB3.SBJ.X.ITT.HAUPT S13.SEB1.SBJ.X.ITT.HAUPT S13.T.SBJ.X.ITT.HAUPT S13.DF.SBJ.X.ITT.HAUPT S13.SIGMA.SBJ.X.ITT.HAUPT S13.R2.SBJ.X.ITT.HAUPT S13.AMIG.SBJ.X.ITT.HAUPT S13.AMIGU.SBJ.X.ITT.HAUPT S13.AMIGO.SBJ.X.ITT.HAUPT S13.AMKG.SBJ.X.ITT.HAUPT S13.AMKGU.SBJ.X.ITT.HAUPT S13.AMKGO.SBJ.X.ITT.HAUPT S13.PREM.SBJ.X.ITT.HAUPT S13.PAHM.SBJ.X.ITT.HAUPT,18.248010190682404 54.808901144051134 0.77807132014069247 0.10865206154143239 0.31821220958713065 0.64386227839999333 4.1682261565973588 -0.016659393699179022 22 8.1299831406956180 0.76357009301231871 229.39636918439626 224.70725438592007 234.08548398287246 229.46580930496623 223.20225864794779 235.72935996198467 233.38461538461539 93.107437203272511,"18,25 (SE 54,81) | 0,778 (SE 0,109) | 0,32 (SE 0,64) | 4,2 | −0,02 | 22 | 8,1 | 0,76 | 229 [225 bis 234] | 229 [223 bis 236] | 233,4 · 93,11",A · Tab. H4 Modellkennwerte
K-07.1 Z30,Voraussetzungen Sprint 30 m,S14.SWW.Z30.X.ITT.HAUPT S14.SWP.Z30.X.ITT.HAUPT S14.SWVERW.Z30.X.ITT.HAUPT S14.BFF.Z30.X.ITT.HAUPT S14.BFDF1.Z30.X.ITT.HAUPT S14.BFDF2.Z30.X.ITT.HAUPT S14.BFP.Z30.X.ITT.HAUPT S14.BFVERW.Z30.X.ITT.HAUPT S14.SDRIG.Z30.X.ITT.HAUPT S14.SDRKG.Z30.X.ITT.HAUPT S14.SDRQ.Z30.X.ITT.HAUPT S14.BINT.Z30.X.ITT.SLPRE S14.SEINT.Z30.X.ITT.SLPRE S14.TINT.Z30.X.ITT.SLPRE S14.DFINT.Z30.X.ITT.SLPRE S14.PINT.Z30.X.ITT.SLPRE S14.VERW.Z30.X.ITT.SLPRE S14.BINT.Z30.X.ITT.SLPAH S14.SEINT.Z30.X.ITT.SLPAH S14.TINT.Z30.X.ITT.SLPAH S14.DFINT.Z30.X.ITT.SLPAH S14.PINT.Z30.X.ITT.SLPAH S14.VERW.Z30.X.ITT.SLPAH,0.91478795672263802 0.033990146305010148 1 2.2388790072347318 1 24 0.14761427973986621 0 0.087181906888809585 0.16881898096886550 1.9363992712865816 0.19720483161739266 0.22832450606500598 0.86370418583648101 21 0.39750835217633795 0 0.028072923460387221 0.019499186495581328 1.4396971620712880 21 0.16469459354952454 0,"W = 0,915, p = 0,034, verworfen | F(1, 24) = 2,24, p = 0,148, nicht verworfen | IG 0,087, KG 0,169, Verhältnis KG/IG 1,94 | b = +0,197 (SE 0,228), t(21) = 0,86, p = 0,398 | b = +0,0281 (SE 0,0195), t(21) = 1,44, p = 0,165","T · 5.2 Satz, Tab. H4"
K-07.1 CM,Voraussetzungen 505-Seitenmittel,S14.SWW.CM.X.ITT.HAUPT S14.SWP.CM.X.ITT.HAUPT S14.SWVERW.CM.X.ITT.HAUPT S14.BFF.CM.X.ITT.HAUPT S14.BFDF1.CM.X.ITT.HAUPT S14.BFDF2.CM.X.ITT.HAUPT S14.BFP.CM.X.ITT.HAUPT S14.BFVERW.CM.X.ITT.HAUPT S14.SDRIG.CM.X.ITT.HAUPT S14.SDRKG.CM.X.ITT.HAUPT S14.SDRQ.CM.X.ITT.HAUPT S14.BINT.CM.X.ITT.SLPRE S14.SEINT.CM.X.ITT.SLPRE S14.TINT.CM.X.ITT.SLPRE S14.DFINT.CM.X.ITT.SLPRE S14.PINT.CM.X.ITT.SLPRE S14.VERW.CM.X.ITT.SLPRE S14.BINT.CM.X.ITT.SLPAH S14.SEINT.CM.X.ITT.SLPAH S14.TINT.CM.X.ITT.SLPAH S14.DFINT.CM.X.ITT.SLPAH S14.PINT.CM.X.ITT.SLPAH S14.VERW.CM.X.ITT.SLPAH,0.93438487884199284 0.13602114760558853 0 1.1249794627466059 1 21 0.30089575384868045 0 0.057340860267060860 0.068866863092124697 1.2010085438443427 -0.27034123056231119 0.30020191854599859 -0.90053132195718466 18 0.37972855837129627 0 0.0010691219430495461 0.010825850448132720 0.098756393150983529 18 0.92242317778044824 0,"W = 0,934, p = 0,136, nicht verworfen | F(1, 21) = 1,12, p = 0,301, nicht verworfen | IG 0,057, KG 0,069, Verhältnis KG/IG 1,20 | b = −0,270 (SE 0,300), t(18) = −0,90, p = 0,380 | b = +0,0011 (SE 0,0108), t(18) = 0,10, p = 0,922","T · 5.2 Satz, Tab. H4"
K-07.1 SBJ,Voraussetzungen Standweitsprung,S14.SWW.SBJ.X.ITT.HAUPT S14.SWP.SBJ.X.ITT.HAUPT S14.SWVERW.SBJ.X.ITT.HAUPT S14.BFF.SBJ.X.ITT.HAUPT S14.BFDF1.SBJ.X.ITT.HAUPT S14.BFDF2.SBJ.X.ITT.HAUPT S14.BFP.SBJ.X.ITT.HAUPT S14.BFVERW.SBJ.X.ITT.HAUPT S14.SDRIG.SBJ.X.ITT.HAUPT S14.SDRKG.SBJ.X.ITT.HAUPT S14.SDRQ.SBJ.X.ITT.HAUPT S14.BINT.SBJ.X.ITT.SLPRE S14.SEINT.SBJ.X.ITT.SLPRE S14.TINT.SBJ.X.ITT.SLPRE S14.DFINT.SBJ.X.ITT.SLPRE S14.PINT.SBJ.X.ITT.SLPRE S14.VERW.SBJ.X.ITT.SLPRE S14.BINT.SBJ.X.ITT.SLPAH S14.SEINT.SBJ.X.ITT.SLPAH S14.TINT.SBJ.X.ITT.SLPAH S14.DFINT.SBJ.X.ITT.SLPAH S14.PINT.SBJ.X.ITT.SLPAH S14.VERW.SBJ.X.ITT.SLPAH,0.96829536608799960 0.57963832386933101 0 0.76552062167881230 1 24 0.39027854459462852 0 6.8318821367070139 9.1530599992452046 1.3397567194648654 0.27227687467445361 0.20500847246916820 1.3281249862266160 21 0.19839189006561680 0 -1.0263811200649329 1.2906571297417175 -0.79523918197416943 21 0.43537113235424951 0,"W = 0,968, p = 0,580, nicht verworfen | F(1, 24) = 0,77, p = 0,390, nicht verworfen | IG 6,8, KG 9,2, Verhältnis KG/IG 1,34 | b = +0,272 (SE 0,205), t(21) = 1,33, p = 0,198 | b = −1,0264 (SE 1,2907), t(21) = −0,80, p = 0,435","T · 5.2 Satz, Tab. H4"
K-07.2 Z30,Vorab-Prüfung Sprint 30 m,S14.CINT.Z30.PRE.BPAH.SLPAH S14.SECINT.Z30.PRE.BPAH.SLPAH S14.TCINT.Z30.PRE.BPAH.SLPAH S14.DFCINT.Z30.PRE.BPAH.SLPAH S14.PCINT.Z30.PRE.BPAH.SLPAH S14.SWW.Z30.PRE.BPAHIG.X S14.SWP.Z30.PRE.BPAHIG.X S14.SWW.Z30.PRE.BPAHKG.X S14.SWP.Z30.PRE.BPAHKG.X,0.00056804192140951491 0.034176515824938830 0.016620825958947254 26 0.98686599980871348 0.97711103459159099 0.91542098330498634 0.95516340694562096 0.71321034874373501,"c3 = +0,0006 (SE 0,0342), t(26) = 0,02, p = 0,987 | W = 0,977, p = 0,915 | W = 0,955, p = 0,713",A · Tab. H4 Vorab-Prüfung Regel 6
K-07.2 CM,Vorab-Prüfung 505-Seitenmittel,S14.CINT.CM.PRE.BPAH.SLPAH S14.SECINT.CM.PRE.BPAH.SLPAH S14.TCINT.CM.PRE.BPAH.SLPAH S14.DFCINT.CM.PRE.BPAH.SLPAH S14.PCINT.CM.PRE.BPAH.SLPAH S14.SWW.CM.PRE.BPAHIG.X S14.SWP.CM.PRE.BPAHIG.X S14.SWW.CM.PRE.BPAHKG.X S14.SWP.CM.PRE.BPAHKG.X,-0.017800734127308780 0.013212441008739771 -1.3472706607003160 23 0.19101727669303975 0.87136648907366476 0.028538540318269454 0.97377211902155425 0.92186010676863295,"c3 = −0,0178 (SE 0,0132), t(23) = −1,35, p = 0,191 | W = 0,871, p = 0,029 | W = 0,974, p = 0,922",A · Tab. H4 Vorab-Prüfung Regel 6
K-07.2 SBJ,Vorab-Prüfung Standweitsprung,S14.CINT.SBJ.PRE.BPAH.SLPAH S14.SECINT.SBJ.PRE.BPAH.SLPAH S14.TCINT.SBJ.PRE.BPAH.SLPAH S14.DFCINT.SBJ.PRE.BPAH.SLPAH S14.PCINT.SBJ.PRE.BPAH.SLPAH S14.SWW.SBJ.PRE.BPAHIG.X S14.SWP.SBJ.PRE.BPAHIG.X S14.SWW.SBJ.PRE.BPAHKG.X S14.SWP.SBJ.PRE.BPAHKG.X,-1.9780513685892933 2.0973977356328057 -0.94309788505254377 26 0.35431244030812636 0.93380631748516563 0.22643157560599672 0.91332972052139905 0.23533006457341865,"c3 = −1,9781 (SE 2,0974), t(26) = −0,94, p = 0,354 | W = 0,934, p = 0,226 | W = 0,913, p = 0,235",A · Tab. H4 Vorab-Prüfung Regel 6
K-08.1 Z30,"PP6 (Per-Protokoll ≥ 6, Hauptschwelle) Sprint 30 m",S16.B1.Z30.X.PP6.HAUPT S16.KIU.Z30.X.PP6.HAUPT S16.KIO.Z30.X.PP6.HAUPT S16.P.Z30.X.PP6.HAUPT S16.NIG.Z30.X.PP6.HAUPT S16.NKG.Z30.X.PP6.HAUPT S16.DF.Z30.X.PP6.HAUPT,0.032854366591676426 -0.20141538557112729 0.26712411875448017 0.76910411731922834 9 10 15,"9 / 10 | +0,033 [−0,201 bis +0,267] | 0,769 | Fall C1","T · 5.2 Satz, Tab. H4"
K-08.1 CM,"PP6 (Per-Protokoll ≥ 6, Hauptschwelle) 505-Seitenmittel",S16.B1.CM.X.PP6.HAUPT S16.KIU.CM.X.PP6.HAUPT S16.KIO.CM.X.PP6.HAUPT S16.P.CM.X.PP6.HAUPT S16.NIG.CM.X.PP6.HAUPT S16.NKG.CM.X.PP6.HAUPT S16.DF.CM.X.PP6.HAUPT,    7 10 ,7 / 10 | fehlend (Fallzahlregel) | – | Fall –,"T · 5.2 Satz, Tab. H4"
K-08.1 SBJ,"PP6 (Per-Protokoll ≥ 6, Hauptschwelle) Standweitsprung",S16.B1.SBJ.X.PP6.HAUPT S16.KIU.SBJ.X.PP6.HAUPT S16.KIO.SBJ.X.PP6.HAUPT S16.P.SBJ.X.PP6.HAUPT S16.NIG.SBJ.X.PP6.HAUPT S16.NKG.SBJ.X.PP6.HAUPT S16.DF.SBJ.X.PP6.HAUPT,0.51141282196942373 -10.938827720815146 11.961653364753994 0.92541696242260696 9 10 15,"9 / 10 | +0,5 [−10,9 bis +12,0] | 0,925 | Fall C1","T · 5.2 Satz, Tab. H4"
K-08.2 Z30,Mittelwert statt Bestwert (MW) Sprint 30 m,S17.B1.Z30.X.ITT.MW S17.KIU.Z30.X.ITT.MW S17.KIO.Z30.X.ITT.MW S17.P.Z30.X.ITT.MW S17.NIG.Z30.X.ITT.MW S17.NKG.Z30.X.ITT.MW S17.DF.Z30.X.ITT.MW,-0.061655820300019232 -0.22123344955473348 0.097921808954695017 0.43153921098637693 16 10 22,"16 / 10 | −0,062 [−0,221 bis +0,098] | 0,432 | Fall C1",A · Tab. H4
K-08.2 CM,Mittelwert statt Bestwert (MW) 505-Seitenmittel,S17.B1.CM.X.ITT.MW S17.KIU.CM.X.ITT.MW S17.KIO.CM.X.ITT.MW S17.P.CM.X.ITT.MW S17.NIG.CM.X.ITT.MW S17.NKG.CM.X.ITT.MW S17.DF.CM.X.ITT.MW,0.0059582087481956716 -0.076866174341110899 0.088782591837502228 0.88190376416580873 13 10 19,"13 / 10 | +0,006 [−0,077 bis +0,089] | 0,882 | Fall C1",A · Tab. H4
K-08.2 SBJ,Mittelwert statt Bestwert (MW) Standweitsprung,S17.B1.SBJ.X.ITT.MW S17.KIU.SBJ.X.ITT.MW S17.KIO.SBJ.X.ITT.MW S17.P.SBJ.X.ITT.MW S17.NIG.SBJ.X.ITT.MW S17.NKG.SBJ.X.ITT.MW S17.DF.SBJ.X.ITT.MW,-2.4121466588221789 -10.410684937601282 5.5863916199569230 0.53812644554579880 16 10 22,"16 / 10 | −2,4 [−10,4 bis +5,6] | 0,538 | Fall C1",A · Tab. H4
K-08.3 Z30,PP5 (≥ 5) Sprint 30 m,S17.B1.Z30.X.PP5.HAUPT S17.KIU.Z30.X.PP5.HAUPT S17.KIO.Z30.X.PP5.HAUPT S17.P.Z30.X.PP5.HAUPT S17.NIG.Z30.X.PP5.HAUPT S17.NKG.Z30.X.PP5.HAUPT S17.DF.Z30.X.PP5.HAUPT,0.0059507276480295452 -0.21719817677685904 0.22909963207291811 0.95561822431902166 10 10 16,"10 / 10 | +0,006 [−0,217 bis +0,229] | 0,956 | Fall C1",A · Tab. H4
K-08.3 CM,PP5 (≥ 5) 505-Seitenmittel,S17.B1.CM.X.PP5.HAUPT S17.KIU.CM.X.PP5.HAUPT S17.KIO.CM.X.PP5.HAUPT S17.P.CM.X.PP5.HAUPT S17.NIG.CM.X.PP5.HAUPT S17.NKG.CM.X.PP5.HAUPT S17.DF.CM.X.PP5.HAUPT,-0.013819395495416591 -0.11895265029624294 0.091313859305409750 0.78212590101703305 8 10 14,"8 / 10 | −0,014 [−0,119 bis +0,091] | 0,782 | Fall C1",A · Tab. H4
K-08.3 SBJ,PP5 (≥ 5) Standweitsprung,S17.B1.SBJ.X.PP5.HAUPT S17.KIU.SBJ.X.PP5.HAUPT S17.KIO.SBJ.X.PP5.HAUPT S17.P.SBJ.X.PP5.HAUPT S17.NIG.SBJ.X.PP5.HAUPT S17.NKG.SBJ.X.PP5.HAUPT S17.DF.SBJ.X.PP5.HAUPT,-1.9042064716914755 -13.394114976231005 9.5857020328480544 0.72992534580231416 10 10 16,"10 / 10 | −1,9 [−13,4 bis +9,6] | 0,730 | Fall C1",A · Tab. H4
K-08.4 Z30,PP7 (≥ 7) Sprint 30 m,S17.B1.Z30.X.PP7.HAUPT S17.KIU.Z30.X.PP7.HAUPT S17.KIO.Z30.X.PP7.HAUPT S17.P.Z30.X.PP7.HAUPT S17.NIG.Z30.X.PP7.HAUPT S17.NKG.Z30.X.PP7.HAUPT S17.DF.Z30.X.PP7.HAUPT,0.033412796495665878 -0.21938795584422172 0.28621354883555344 0.78095969133204302 8 10 14,"8 / 10 | +0,033 [−0,219 bis +0,286] | 0,781 | Fall C1",A · Tab. H4
K-08.4 CM,PP7 (≥ 7) 505-Seitenmittel,S17.B1.CM.X.PP7.HAUPT S17.KIU.CM.X.PP7.HAUPT S17.KIO.CM.X.PP7.HAUPT S17.P.CM.X.PP7.HAUPT S17.NIG.CM.X.PP7.HAUPT S17.NKG.CM.X.PP7.HAUPT S17.DF.CM.X.PP7.HAUPT,    6 10 ,6 / 10 | fehlend (Fallzahlregel) | – | Fall –,A · Tab. H4
K-08.4 SBJ,PP7 (≥ 7) Standweitsprung,S17.B1.SBJ.X.PP7.HAUPT S17.KIU.SBJ.X.PP7.HAUPT S17.KIO.SBJ.X.PP7.HAUPT S17.P.SBJ.X.PP7.HAUPT S17.NIG.SBJ.X.PP7.HAUPT S17.NKG.SBJ.X.PP7.HAUPT S17.DF.SBJ.X.PP7.HAUPT,-0.85545717398431298 -12.668716501682026 10.957802153713400 0.87879029191345526 8 10 14,"8 / 10 | −0,9 [−12,7 bis +11,0] | 0,879 | Fall C1",A · Tab. H4
K-08.5 Z30,Änderungswertmodell (AEND) Sprint 30 m,S17.B1.Z30.X.ITT.AEND S17.KIU.Z30.X.ITT.AEND S17.KIO.Z30.X.ITT.AEND S17.P.Z30.X.ITT.AEND S17.NIG.Z30.X.ITT.AEND S17.NKG.Z30.X.ITT.AEND S17.DF.Z30.X.ITT.AEND,0.049262787739309380 -0.10644537286983440 0.20497094834845314 0.51929446189724238 16 10 23,"16 / 10 | +0,049 [−0,106 bis +0,205] | 0,519 | Fall C1",A · Tab. H4
K-08.5 CM,Änderungswertmodell (AEND) 505-Seitenmittel,S17.B1.CM.X.ITT.AEND S17.KIU.CM.X.ITT.AEND S17.KIO.CM.X.ITT.AEND S17.P.CM.X.ITT.AEND S17.NIG.CM.X.ITT.AEND S17.NKG.CM.X.ITT.AEND S17.DF.CM.X.ITT.AEND,-0.0089850140575752184 -0.084786361417020326 0.066816333301869882 0.80722985149084214 13 10 20,"13 / 10 | −0,009 [−0,085 bis +0,067] | 0,807 | Fall C1",A · Tab. H4
K-08.5 SBJ,Änderungswertmodell (AEND) Standweitsprung,S17.B1.SBJ.X.ITT.AEND S17.KIU.SBJ.X.ITT.AEND S17.KIO.SBJ.X.ITT.AEND S17.P.SBJ.X.ITT.AEND S17.NIG.SBJ.X.ITT.AEND S17.NKG.SBJ.X.ITT.AEND S17.DF.SBJ.X.ITT.AEND,-0.63558015170350002 -9.8132547425071088 8.5420944391001079 0.88733222151315438 16 10 23,"16 / 10 | −0,6 [−9,8 bis +8,5] | 0,887 | Fall C1",A · Tab. H4
K-08.6 Z30,ohne %PAH (OPAH) Sprint 30 m,S17.B1.Z30.X.ITT.OPAH S17.KIU.Z30.X.ITT.OPAH S17.KIO.Z30.X.ITT.OPAH S17.P.Z30.X.ITT.OPAH S17.NIG.Z30.X.ITT.OPAH S17.NKG.Z30.X.ITT.OPAH S17.DF.Z30.X.ITT.OPAH,-0.060901770668528449 -0.19938347126949138 0.077579929932434483 0.37238557611541756 16 10 23,"16 / 10 | −0,061 [−0,199 bis +0,078] | 0,372 | Fall C1",A · Tab. H4
K-08.6 CM,ohne %PAH (OPAH) 505-Seitenmittel,S17.B1.CM.X.ITT.OPAH S17.KIU.CM.X.ITT.OPAH S17.KIO.CM.X.ITT.OPAH S17.P.CM.X.ITT.OPAH S17.NIG.CM.X.ITT.OPAH S17.NKG.CM.X.ITT.OPAH S17.DF.CM.X.ITT.OPAH,-0.0084515931150488336 -0.068182429052036503 0.051279242821938839 0.77091947033975861 13 10 20,"13 / 10 | −0,008 [−0,068 bis +0,051] | 0,771 | Fall C1",A · Tab. H4
K-08.6 SBJ,ohne %PAH (OPAH) Standweitsprung,S17.B1.SBJ.X.ITT.OPAH S17.KIU.SBJ.X.ITT.OPAH S17.KIO.SBJ.X.ITT.OPAH S17.P.SBJ.X.ITT.OPAH S17.NIG.SBJ.X.ITT.OPAH S17.NKG.SBJ.X.ITT.OPAH S17.DF.SBJ.X.ITT.OPAH,1.0682078251873797 -6.0012297211225469 8.1376453714973067 0.75741719318030676 16 10 23,"16 / 10 | +1,1 [−6,0 bis +8,1] | 0,757 | Fall C1",A · Tab. H4
K-08.7 Z30,Familiarisierung als Kovariate (FAMB) Sprint 30 m,S17.B1.Z30.X.FAMS.FAMB S17.KIU.Z30.X.FAMS.FAMB S17.KIO.Z30.X.FAMS.FAMB S17.P.Z30.X.FAMS.FAMB S17.NIG.Z30.X.FAMS.FAMB S17.NKG.Z30.X.FAMS.FAMB S17.DF.Z30.X.FAMS.FAMB,-0.053268782032876640 -0.21380281017644162 0.10726524611068836 0.49771100025007931 16 10 21,"16 / 10 | −0,053 [−0,214 bis +0,107] | 0,498 | Fall C1",A · Tab. H4
K-08.7 CM,Familiarisierung als Kovariate (FAMB) 505-Seitenmittel,S17.B1.CM.X.FAMS.FAMB S17.KIU.CM.X.FAMS.FAMB S17.KIO.CM.X.FAMS.FAMB S17.P.CM.X.FAMS.FAMB S17.NIG.CM.X.FAMS.FAMB S17.NKG.CM.X.FAMS.FAMB S17.DF.CM.X.FAMS.FAMB,-0.0087922676853845350 -0.091856003676820577 0.074271468306051511 0.82652039401350175 13 10 18,"13 / 10 | −0,009 [−0,092 bis +0,074] | 0,827 | Fall C1",A · Tab. H4
K-08.7 SBJ,Familiarisierung als Kovariate (FAMB) Standweitsprung,S17.B1.SBJ.X.FAMS.FAMB S17.KIU.SBJ.X.FAMS.FAMB S17.KIO.SBJ.X.FAMS.FAMB S17.P.SBJ.X.FAMS.FAMB S17.NIG.SBJ.X.FAMS.FAMB S17.NKG.SBJ.X.FAMS.FAMB S17.DF.SBJ.X.FAMS.FAMB,0.31345107891709950 -9.0105431546641022 9.6374453124983006 0.94492533861962491 16 10 21,"16 / 10 | +0,3 [−9,0 bis +9,6] | 0,945 | Fall C1",A · Tab. H4
K-08.8 Z30,Bootstrap-KI Sprint 30 m,S19.BKIU.Z30.X.ITT.BOOT S19.BKIO.Z30.X.ITT.BOOT S19.BSD.Z30.X.ITT.BOOT S19.BMCU.Z30.X.ITT.BOOT S19.BMCO.Z30.X.ITT.BOOT S19.BNGUELT.Z30.X.ITT.BOOT S19.BNVERW.Z30.X.ITT.BOOT,-0.17696714174146883 0.10708819588395836 0.071679174642008653 0.0021465768108100262 0.0026385587879131254 10000 0,"−0,177 bis +0,107","T · 5.2 Satz, Tab. H4"
K-08.8 CM,Bootstrap-KI 505-Seitenmittel,S19.BKIU.CM.X.ITT.BOOT S19.BKIO.CM.X.ITT.BOOT S19.BSD.CM.X.ITT.BOOT S19.BMCU.CM.X.ITT.BOOT S19.BMCO.CM.X.ITT.BOOT S19.BNGUELT.CM.X.ITT.BOOT S19.BNVERW.CM.X.ITT.BOOT,-0.10508396506537650 0.052634871468095153 0.040365877972483970 0.0010520255323711186 0.00097145278006820191 10000 0,"−0,105 bis +0,053","T · 5.2 Satz, Tab. H4"
K-08.8 SBJ,Bootstrap-KI Standweitsprung,S19.BKIU.SBJ.X.ITT.BOOT S19.BKIO.SBJ.X.ITT.BOOT S19.BSD.SBJ.X.ITT.BOOT S19.BMCU.SBJ.X.ITT.BOOT S19.BMCO.SBJ.X.ITT.BOOT S19.BNGUELT.SBJ.X.ITT.BOOT S19.BNVERW.SBJ.X.ITT.BOOT,-13.113000390354621 9.6716035813647299 5.7586337487000687 0.15113098635601988 0.13845250031142842 10000 0,"−13,1 bis +9,7","T · 5.2 Satz, Tab. H4"
K-08.9 Z30,Deskription PP und FAMS Sprint 30 m,S16.M.Z30.PRE.PP6IG.HAUPT S16.SD.Z30.PRE.PP6IG.HAUPT S16.M.Z30.POST.PP6IG.HAUPT S16.SD.Z30.POST.PP6IG.HAUPT S17.M.Z30.PRE.PP5IG.HAUPT S17.SD.Z30.PRE.PP5IG.HAUPT S17.M.Z30.POST.PP5IG.HAUPT S17.SD.Z30.POST.PP5IG.HAUPT S17.M.Z30.PRE.PP7IG.HAUPT S17.SD.Z30.PRE.PP7IG.HAUPT S17.M.Z30.POST.PP7IG.HAUPT S17.SD.Z30.POST.PP7IG.HAUPT S17.M.Z30.PRE.FAMSIG.FAMB S17.SD.Z30.PRE.FAMSIG.FAMB S17.M.Z30.POST.FAMSIG.FAMB S17.SD.Z30.POST.FAMSIG.FAMB S17.M.Z30.PRE.FAMSKG.FAMB S17.SD.Z30.PRE.FAMSKG.FAMB S17.M.Z30.POST.FAMSKG.FAMB S17.SD.Z30.POST.FAMSKG.FAMB,4.4955555555555557 0.23361887290580324 4.5822222222222226 0.19929737691310551 4.5010000000000003 0.22092985312084934 4.5750000000000002 0.18928227010942617 4.4787499999999998 0.24386398433787421 4.5700000000000003 0.20942097043310362 4.5106250000000001 0.20872529793966044 4.5662500000000001 0.18416930616509722 4.8940000000000001 0.27023446609688168 4.8929999999999998 0.23494916707899000,"4,50 ± 0,23 | 4,58 ± 0,20 | 4,50 ± 0,22 | 4,58 ± 0,19 | 4,48 ± 0,24 | 4,57 ± 0,21 | 4,51 ± 0,21 | 4,57 ± 0,18 | 4,89 ± 0,27 | 4,89 ± 0,23",A · Tab. H4 Deskription (R5)
K-08.9 CM,Deskription PP und FAMS 505-Seitenmittel,S16.M.CM.PRE.PP6IG.HAUPT S16.SD.CM.PRE.PP6IG.HAUPT S16.M.CM.POST.PP6IG.HAUPT S16.SD.CM.POST.PP6IG.HAUPT S17.M.CM.PRE.PP5IG.HAUPT S17.SD.CM.PRE.PP5IG.HAUPT S17.M.CM.POST.PP5IG.HAUPT S17.SD.CM.POST.PP5IG.HAUPT S17.M.CM.PRE.PP7IG.HAUPT S17.SD.CM.PRE.PP7IG.HAUPT S17.M.CM.POST.PP7IG.HAUPT S17.SD.CM.POST.PP7IG.HAUPT S17.M.CM.PRE.FAMSIG.FAMB S17.SD.CM.PRE.FAMSIG.FAMB S17.M.CM.POST.FAMSIG.FAMB S17.SD.CM.POST.FAMSIG.FAMB S17.M.CM.PRE.FAMSKG.FAMB S17.SD.CM.PRE.FAMSKG.FAMB S17.M.CM.POST.FAMSKG.FAMB S17.SD.CM.POST.FAMSKG.FAMB,2.4214285714285717 0.10769224228150809 2.4664285714285712 0.085620980962334142 2.4318750000000002 0.10398961143169193 2.4612499999999997 0.080611502192393672 2.4208333333333334 0.11795832597433152 2.4683333333333333 0.093630479367920960 2.4557692307692309 0.094446769704909964 2.4715384615384615 0.080580824212521135 2.5255000000000001 0.11081641474879872 2.5320000000000000 0.11804424782446808,"2,42 ± 0,11 | 2,47 ± 0,09 | 2,43 ± 0,10 | 2,46 ± 0,08 | 2,42 ± 0,12 | 2,47 ± 0,09 | 2,46 ± 0,09 | 2,47 ± 0,08 | 2,53 ± 0,11 | 2,53 ± 0,12",A · Tab. H4 Deskription (R5)
K-08.9 SBJ,Deskription PP und FAMS Standweitsprung,S16.M.SBJ.PRE.PP6IG.HAUPT S16.SD.SBJ.PRE.PP6IG.HAUPT S16.M.SBJ.POST.PP6IG.HAUPT S16.SD.SBJ.POST.PP6IG.HAUPT S17.M.SBJ.PRE.PP5IG.HAUPT S17.SD.SBJ.PRE.PP5IG.HAUPT S17.M.SBJ.POST.PP5IG.HAUPT S17.SD.SBJ.POST.PP5IG.HAUPT S17.M.SBJ.PRE.PP7IG.HAUPT S17.SD.SBJ.PRE.PP7IG.HAUPT S17.M.SBJ.POST.PP7IG.HAUPT S17.SD.SBJ.POST.PP7IG.HAUPT S17.M.SBJ.PRE.FAMSIG.FAMB S17.SD.SBJ.PRE.FAMSIG.FAMB S17.M.SBJ.POST.FAMSIG.FAMB S17.SD.SBJ.POST.FAMSIG.FAMB S17.M.SBJ.PRE.FAMSKG.FAMB S17.SD.SBJ.PRE.FAMSKG.FAMB S17.M.SBJ.POST.FAMSKG.FAMB S17.SD.SBJ.POST.FAMSKG.FAMB,243.33333333333334 8.9442719099991592 239.44444444444446 4.6127841676993491 239.69999999999999 14.252095362515023 235.69999999999999 12.614365708279678 242.37500000000000 9.0543990886829633 238.12500000000000 2.5319388392523003 237.75000000000000 12.917688131653692 233.31250000000000 13.931828068610857 226.40000000000001 20.753580681682646 223.19999999999999 17.028081382103959,243 ± 9 | 239 ± 5 | 240 ± 14 | 236 ± 13 | 242 ± 9 | 238 ± 3 | 238 ± 13 | 233 ± 14 | 226 ± 21 | 223 ± 17,A · Tab. H4 Deskription (R5)
K-08.10 Z30,Setgrößen Sprint 30 m,S08.N.Z30.X.PP5IG.X S08.N.Z30.X.PP6IG.X S08.N.Z30.X.PP7IG.X S08.N.Z30.X.AK9IG.X S08.N.Z30.X.FAMSIG.X S08.N.Z30.X.FAMSKG.X S08.INF.Z30.X.ITT.X S08.INF.Z30.X.PP5.X S08.INF.Z30.X.PP6.X S08.INF.Z30.X.PP7.X S08.INF.Z30.X.FAMS.X,10 9 8 3 16 10 1 1 1 1 1,"PP5 10 · PP6 9 · PP7 8 · AK9 3 · FAMS IG 16, KG 10 · inferenzfähig (ITT, PP5, PP6, PP7, FAMS): 1, 1, 1, 1, 1",A · Tab. H4
K-08.10 CM,Setgrößen 505-Seitenmittel,S08.N.CM.X.PP5IG.X S08.N.CM.X.PP6IG.X S08.N.CM.X.PP7IG.X S08.N.CM.X.AK9IG.X S08.N.CM.X.FAMSIG.X S08.N.CM.X.FAMSKG.X S08.INF.CM.X.ITT.X S08.INF.CM.X.PP5.X S08.INF.CM.X.PP6.X S08.INF.CM.X.PP7.X S08.INF.CM.X.FAMS.X,8 7 6 3 13 10 1 1 0 0 1,"PP5 8 · PP6 7 · PP7 6 · AK9 3 · FAMS IG 13, KG 10 · inferenzfähig (ITT, PP5, PP6, PP7, FAMS): 1, 1, 0, 0, 1",A · Tab. H4
K-08.10 SBJ,Setgrößen Standweitsprung,S08.N.SBJ.X.PP5IG.X S08.N.SBJ.X.PP6IG.X S08.N.SBJ.X.PP7IG.X S08.N.SBJ.X.AK9IG.X S08.N.SBJ.X.FAMSIG.X S08.N.SBJ.X.FAMSKG.X S08.INF.SBJ.X.ITT.X S08.INF.SBJ.X.PP5.X S08.INF.SBJ.X.PP6.X S08.INF.SBJ.X.PP7.X S08.INF.SBJ.X.FAMS.X,10 9 8 3 16 10 1 1 1 1 1,"PP5 10 · PP6 9 · PP7 8 · AK9 3 · FAMS IG 16, KG 10 · inferenzfähig (ITT, PP5, PP6, PP7, FAMS): 1, 1, 1, 1, 1",A · Tab. H4
K-08.11 Z30,Familiarisierung Variante a Sprint 30 m,S17.N.Z30.DIFF.ITTIG.F1 S17.M.Z30.DIFF.ITTIG.F1 S17.SD.Z30.DIFF.ITTIG.F1 S17.N.Z30.DIFF.ITTIG.F2 S17.M.Z30.DIFF.ITTIG.F2 S17.SD.Z30.DIFF.ITTIG.F2 S17.N.Z30.DIFF.ITTKG.F1 S17.M.Z30.DIFF.ITTKG.F1 S17.SD.Z30.DIFF.ITTKG.F1 S17.N.Z30.DIFF.ITTKG.F2 S17.M.Z30.DIFF.ITTKG.F2 S17.SD.Z30.DIFF.ITTKG.F2,9 0.088888888888888767 0.10067825540359296 7 0.012857142857142838 0.056484300389366526 0   10 -0.00099999999999997313 0.20425746280396023,"n = 9: +0,089 ± 0,101 | n = 7: +0,013 ± 0,056 | n = 0: fehlend (zu wenige Werte) | n = 10: −0,001 ± 0,204",A · Tab. H4 Familiarisierung Variante a
K-08.11 CM,Familiarisierung Variante a 505-Seitenmittel,S17.N.CM.DIFF.ITTIG.F1 S17.M.CM.DIFF.ITTIG.F1 S17.SD.CM.DIFF.ITTIG.F1 S17.N.CM.DIFF.ITTIG.F2 S17.M.CM.DIFF.ITTIG.F2 S17.SD.CM.DIFF.ITTIG.F2 S17.N.CM.DIFF.ITTKG.F1 S17.M.CM.DIFF.ITTKG.F1 S17.SD.CM.DIFF.ITTKG.F1 S17.N.CM.DIFF.ITTKG.F2 S17.M.CM.DIFF.ITTKG.F2 S17.SD.CM.DIFF.ITTKG.F2,8 0.019374999999999754 0.076971121671887813 5 0.0099999999999998770 0.053967582862307267 0   10 0.0064999999999999954 0.069083283071956145,"n = 8: +0,019 ± 0,077 | n = 5: +0,010 ± 0,054 | n = 0: fehlend (zu wenige Werte) | n = 10: +0,006 ± 0,069",A · Tab. H4 Familiarisierung Variante a
K-08.11 SBJ,Familiarisierung Variante a Standweitsprung,S17.N.SBJ.DIFF.ITTIG.F1 S17.M.SBJ.DIFF.ITTIG.F1 S17.SD.SBJ.DIFF.ITTIG.F1 S17.N.SBJ.DIFF.ITTIG.F2 S17.M.SBJ.DIFF.ITTIG.F2 S17.SD.SBJ.DIFF.ITTIG.F2 S17.N.SBJ.DIFF.ITTKG.F1 S17.M.SBJ.DIFF.ITTKG.F1 S17.SD.SBJ.DIFF.ITTKG.F1 S17.N.SBJ.DIFF.ITTKG.F2 S17.M.SBJ.DIFF.ITTKG.F2 S17.SD.SBJ.DIFF.ITTKG.F2,9 -5.0000000000000000 7.6974021591703261 7 -3.7142857142857144 4.5721725585067219 0   10 -3.2000000000000002 11.193251935380035,"n = 9: −5,0 ± 7,7 | n = 7: −3,7 ± 4,6 | n = 0: fehlend (zu wenige Werte) | n = 10: −3,2 ± 11,2",A · Tab. H4 Familiarisierung Variante a
K-09.1,Poweranalyse Sprint 10 m,S18.NTOT.Z10.X.ITT.X S18.DF1.Z10.X.ITT.X S18.DF2.Z10.X.ITT.X S18.FCRIT.Z10.X.ITT.X S18.POW.Z10.X.ITT.D006 S18.POW.Z10.X.ITT.D011,17 1 13 4.6671927318268480 0.051465039746301122 0.054933987950295027,"N 17 | – | d = 0,06: 0,051 · d = 0,11: 0,055",A · Anhang G Protokoll
K-09.2,Poweranalyse Sprint 30 m,S18.NTOT.Z30.X.ITT.X S18.DF1.Z30.X.ITT.X S18.DF2.Z30.X.ITT.X S18.FCRIT.Z30.X.ITT.X S18.MDES.Z30.X.ITT.X S18.MDESR.Z30.X.ITT.X S18.POW.Z30.X.ITT.D037 S18.POW.Z30.X.ITT.D093,26 1 22 4.3009495017776569 1.1817570761884006 5.9087853809420032 0.14196148211827675 0.59704610417137216,"N 26 | 1,18 (5,9 × SESOI) | d = 0,37: 0,14 · d = 0,93: 0,60",A · Anhang G Protokoll
K-09.3,Poweranalyse 505-Seitenmittel,S18.NTOT.CM.X.ITT.X S18.DF1.CM.X.ITT.X S18.DF2.CM.X.ITT.X S18.FCRIT.CM.X.ITT.X S18.MDES.CM.X.ITT.X S18.MDESR.CM.X.ITT.X S18.POW.CM.X.ITT.D037 S18.POW.CM.X.ITT.D093,23 1 19 4.3807496923317988 1.2423435117310158 6.2117175586550788 0.13306683436039568 0.55514364611747835,"N 23 | 1,24 (6,2 × SESOI) | d = 0,37: 0,13 · d = 0,93: 0,56",A · Anhang G Protokoll
K-09.4,Poweranalyse Standweitsprung,S18.NTOT.SBJ.X.ITT.X S18.DF1.SBJ.X.ITT.X S18.DF2.SBJ.X.ITT.X S18.FCRIT.SBJ.X.ITT.X S18.MDES.SBJ.X.ITT.X S18.MDESR.SBJ.X.ITT.X S18.POW.SBJ.X.ITT.D037 S18.POW.SBJ.X.ITT.D093,26 1 22 4.3009495017776569 1.1817570761884006 5.9087853809420032 0.14196148211827675 0.59704610417137216,"N 26 | 1,18 (5,9 × SESOI) | d = 0,37: 0,14 · d = 0,93: 0,60",A · Anhang G Protokoll
K-10.1,Meldungen des Fragebogens A gesamt,S06.NMELD.FB.X.ALL.X,111,111,A · Tab. H2 Anmerkung
K-10.2,korrigierte Meldungen (Fallkorrekturen) · Dublettenpaare · Sammelmeldungspaare,S06.NKORR.FB.X.ALL.X S06.NDUBL.FB.X.ALL.X S06.NSAMM.FB.X.ALL.X,7 1 7,7 · 1 · 7,I · Zuordnungskontrolle
K-10.3,Meldungen je Status: ganz · teilweise · gar nicht,S06.NSTAT.FB.X.IG.GANZ S06.NSTAT.FB.X.IG.TEILW S06.NSTAT.FB.X.IG.GARN,92 6 13,92 · 6 · 13,T · 5.1 Status der Meldungen
K-10.4,zugeteilte IG-Spieler (Nenner 12 Einheiten je Spieler),S07.NZUG.ADH.X.IG.X,18,18,T · 5.1 Nenner
K-10.5,Summe und Umsetzungsrate GANZ,S07.SUMME.ADH.X.IG.GANZ S07.RATE.ADH.X.IG.GANZ,92 0.42592592592592593,"92 Einheiten, 42,6 %",T · 5.1 Umsetzungs- und Beteiligungsrate
K-10.6,Summe und Beteiligungsrate GT (ganz oder teilweise),S07.SUMME.ADH.X.IG.GT S07.RATE.ADH.X.IG.GT,98 0.45370370370370372,"98 Einheiten, 45,4 %",T · 5.1 Umsetzungs- und Beteiligungsrate
K-10.7,Untergrenzen: Summe und Rate wochengedeckelt (WOCAP) · nach distinkten Nummern (DIST),S07.SUMME.ADH.X.IG.WOCAP S07.RATE.ADH.X.IG.WOCAP S07.SUMME.ADH.X.IG.DIST S07.RATE.ADH.X.IG.DIST,90 0.41666666666666669 86 0.39814814814814814,"90, 41,7 % · 86, 39,8 %",A · Tab. H2 Untergrenzen
K-10.8,Median und Mittel der Zählung GANZ je zugeteiltem Spieler,S07.MED.ADH.X.IG.GANZ S07.MITT.ADH.X.IG.GANZ,6.0000000000000000 5.1111111111111107,"Median 6,0, Mittel 5,11",T · 5.1 Median je Spieler
K-10.9,Spieler mit mindestens einer Meldung (gleich welchen Status),S07.NMELDSP.ADH.X.IG.X,15,15,A · Tab. H2 Anmerkung
K-10.10,Spieler mit GANZ ≥ 6 · ≥ 9 (Hauptzählung),S07.GE06.ADH.X.IG.GANZ S07.GE09.ADH.X.IG.GANZ,10 3,10 · 3,A · Tab. H5 Schwellenlandschaft
K-10.11,Spieler mit ≥ 6 · ≥ 9 nach WOCAP und nach DIST,S07.GE06.ADH.X.IG.WOCAP S07.GE09.ADH.X.IG.WOCAP S07.GE06.ADH.X.IG.DIST S07.GE09.ADH.X.IG.DIST,9 2 9 1,"WOCAP 9 · 2, DIST 9 · 1",T · 5.1 Untergrenzen ≥ 6 und ≥ 9
K-10.12,unerwünschte Ereignisse (H007 = 1): Meldungen gesamt · ganz · teilweise · gar nicht · Spieler,S07.UE.FB.X.IG.X S07.UE.FB.X.IG.GANZ S07.UE.FB.X.IG.TEILW S07.UE.FB.X.IG.GARN S07.UESP.FB.X.IG.X,12 8 2 2 9,12 · 8 · 2 · 2 · 9 Spieler,T · 5.1 unerwünschte Ereignisse (CONSORT 19)
K-10.13,CR-10 der Meldungen „ganz“,S07.N.CR10.X.IG.GANZ S07.M.CR10.X.IG.GANZ S07.SD.CR10.X.IG.GANZ S07.MED.CR10.X.IG.GANZ S07.MIN.CR10.X.IG.GANZ S07.MAX.CR10.X.IG.GANZ,92 2.9021739130434785 0.91459211600180101 3.0000000000000000 0.0000000000000000 5.0000000000000000,"n = 92, 2,9 ± 0,9, Median 3,0, Min 0,0, Max 5,0",T · 5.1 Beanspruchung (Antrag § 3)
K-10.14,"sRPE-Load der Meldungen „ganz“ (AU, CR-10 mal Solldauer der Woche)",S07.N.LOAD.X.IG.GANZ S07.M.LOAD.X.IG.GANZ S07.SD.LOAD.X.IG.GANZ S07.MED.LOAD.X.IG.GANZ S07.MIN.LOAD.X.IG.GANZ S07.MAX.LOAD.X.IG.GANZ,92 106.66974637681159 35.873449384649909 110.75000000000000 0.0000000000000000 199.66666666666666,"n = 92, 106,7 ± 35,9, Median 110,8, Min 0,0, Max 199,7","T · 5.1 Beanspruchung, sRPE-Load mit Solldauer (Verfasser 24.09.)"
K-10.15,Verteilung und Schwellenlandschaft GANZ,S07.V00.ADH.X.IG.GANZ S07.V01.ADH.X.IG.GANZ S07.V02.ADH.X.IG.GANZ S07.V03.ADH.X.IG.GANZ S07.V04.ADH.X.IG.GANZ S07.V05.ADH.X.IG.GANZ S07.V06.ADH.X.IG.GANZ S07.V07.ADH.X.IG.GANZ S07.V08.ADH.X.IG.GANZ S07.V09.ADH.X.IG.GANZ S07.V10.ADH.X.IG.GANZ S07.V11.ADH.X.IG.GANZ S07.V12.ADH.X.IG.GANZ S07.GE01.ADH.X.IG.GANZ S07.GE02.ADH.X.IG.GANZ S07.GE03.ADH.X.IG.GANZ S07.GE04.ADH.X.IG.GANZ S07.GE05.ADH.X.IG.GANZ S07.GE06.ADH.X.IG.GANZ S07.GE07.ADH.X.IG.GANZ S07.GE08.ADH.X.IG.GANZ S07.GE09.ADH.X.IG.GANZ S07.GE10.ADH.X.IG.GANZ S07.GE11.ADH.X.IG.GANZ S07.GE12.ADH.X.IG.GANZ,4 0 2 0 1 1 2 3 2 2 0 0 1 14 14 12 12 11 10 8 5 3 1 1 1,genau: 4 0 2 0 1 1 2 3 2 2 0 0 1 | mindestens: 14 14 12 12 11 10 8 5 3 1 1 1,A · Tab. H2 Verteilung
K-10.16 W1,Wochenverlauf W1,S07.ANTW.ADH.W1.IG.GANZ S07.N.CR10.W1.IG.GANZ S07.M.CR10.W1.IG.GANZ S07.SD.CR10.W1.IG.GANZ S07.N.LOAD.W1.IG.GANZ S07.M.LOAD.W1.IG.GANZ S07.SD.LOAD.W1.IG.GANZ,0.44444444444444442 16 2.8125000000000000 0.65510813356778486 16 104.48437500000000 24.337267162043204,"44,4 % | n = 16, 2,8 ± 0,7 | n = 16, 104,5 ± 24,3",A · Tab. H2 Verlauf je Woche
K-10.16 W2,Wochenverlauf W2,S07.ANTW.ADH.W2.IG.GANZ S07.N.CR10.W2.IG.GANZ S07.M.CR10.W2.IG.GANZ S07.SD.CR10.W2.IG.GANZ S07.N.LOAD.W2.IG.GANZ S07.M.LOAD.W2.IG.GANZ S07.SD.LOAD.W2.IG.GANZ,0.55555555555555558 20 3.0000000000000000 0.64888568452305018 20 110.75000000000000 23.954696520309266,"55,6 % | n = 20, 3,0 ± 0,6 | n = 20, 110,8 ± 24,0",A · Tab. H2 Verlauf je Woche
K-10.16 W3,Wochenverlauf W3,S07.ANTW.ADH.W3.IG.GANZ S07.N.CR10.W3.IG.GANZ S07.M.CR10.W3.IG.GANZ S07.SD.CR10.W3.IG.GANZ S07.N.LOAD.W3.IG.GANZ S07.M.LOAD.W3.IG.GANZ S07.SD.LOAD.W3.IG.GANZ,0.44444444444444442 16 2.6250000000000000 0.50000000000000000 16 87.062500000000000 16.583333333333336,"44,4 % | n = 16, 2,6 ± 0,5 | n = 16, 87,1 ± 16,6",A · Tab. H2 Verlauf je Woche
K-10.16 W4,Wochenverlauf W4,S07.ANTW.ADH.W4.IG.GANZ S07.N.CR10.W4.IG.GANZ S07.M.CR10.W4.IG.GANZ S07.SD.CR10.W4.IG.GANZ S07.N.LOAD.W4.IG.GANZ S07.M.LOAD.W4.IG.GANZ S07.SD.LOAD.W4.IG.GANZ,0.50000000000000000 18 2.8333333333333335 1.2485285456935955 18 98.599999999999994 43.448793390137126,"50,0 % | n = 18, 2,8 ± 1,2 | n = 18, 98,6 ± 43,4",A · Tab. H2 Verlauf je Woche
K-10.16 W5,Wochenverlauf W5,S07.ANTW.ADH.W5.IG.GANZ S07.N.CR10.W5.IG.GANZ S07.M.CR10.W5.IG.GANZ S07.SD.CR10.W5.IG.GANZ S07.N.LOAD.W5.IG.GANZ S07.M.LOAD.W5.IG.GANZ S07.SD.LOAD.W5.IG.GANZ,0.41666666666666669 15 3.2666666666666666 1.1629191512658790 15 130.44888888888889 46.439238107217427,"41,7 % | n = 15, 3,3 ± 1,2 | n = 15, 130,4 ± 46,4",A · Tab. H2 Verlauf je Woche
K-10.16 W6,Wochenverlauf W6,S07.ANTW.ADH.W6.IG.GANZ S07.N.CR10.W6.IG.GANZ S07.M.CR10.W6.IG.GANZ S07.SD.CR10.W6.IG.GANZ S07.N.LOAD.W6.IG.GANZ S07.M.LOAD.W6.IG.GANZ S07.SD.LOAD.W6.IG.GANZ,0.19444444444444445 7 2.8571428571428572 1.2149857925879117 7 114.61904761904762 48.741180045985061,"19,4 % | n = 7, 2,9 ± 1,2 | n = 7, 114,6 ± 48,7",A · Tab. H2 Verlauf je Woche
K-10.17 BW-02,Antragskriterium Δ BW-02,S16.DIFF.Z30.DIFF.PBW-02.AK9 S16.DIFF.CM.DIFF.PBW-02.AK9 S16.DIFF.SBJ.DIFF.PBW-02.AK9,0.0099999999999997868 -0.049999999999999822 7.0000000000000000,"+0,010 s | −0,050 s | +7,0 cm","A · Tab. H2 Antragskriterium, Einzelwerte"
K-10.17 BW-08,Antragskriterium Δ BW-08,S16.DIFF.Z30.DIFF.PBW-08.AK9 S16.DIFF.CM.DIFF.PBW-08.AK9 S16.DIFF.SBJ.DIFF.PBW-08.AK9,-0.0099999999999997868 0.064999999999999947 -7.0000000000000000,"−0,010 s | +0,065 s | −7,0 cm","A · Tab. H2 Antragskriterium, Einzelwerte"
K-10.17 HL-03,Antragskriterium Δ HL-03,S16.DIFF.Z30.DIFF.PHL-03.AK9 S16.DIFF.CM.DIFF.PHL-03.AK9 S16.DIFF.SBJ.DIFF.PHL-03.AK9,0.12999999999999989 0.074999999999999734 -8.0000000000000000,"+0,130 s | +0,075 s | −8,0 cm","A · Tab. H2 Antragskriterium, Einzelwerte"
K-11.1,Zeilen der Versuchsdaten (Raster),S01.NZEIL.X.X.ALL.X,1116,1116,"I · Strukturprüfung, Zählkontrolle"
K-11.2,auslösegestörte Sprintläufe prä · post,S02.NAUSL.X.PRE.ALL.X S02.NAUSL.X.POST.ALL.X,0 0,0 · 0,"I · Strukturprüfung, Zählkontrolle"
K-11.3 Z05,gültige Versuche Sprint 5 m,S02.NGUELT.Z05.PRE.ALL.X S02.NGUELT.Z05.POST.ALL.X S09.KMEAN.Z05.PRE.IG.X S09.KMEAN.Z05.PRE.KG.X S09.KMEAN.Z05.POST.IG.X S09.KMEAN.Z05.POST.KG.X,53 64 2.2222222222222223 1.0000000000000000 2.6875000000000000 1.9090909090909092,"53 | 64 | 2,22 | 1,00 | 2,69 | 1,91","I · Strukturprüfung, Zählkontrolle"
K-11.3 Z10,gültige Versuche Sprint 10 m,S02.NGUELT.Z10.PRE.ALL.X S02.NGUELT.Z10.POST.ALL.X S09.KMEAN.Z10.PRE.IG.X S09.KMEAN.Z10.PRE.KG.X S09.KMEAN.Z10.POST.IG.X S09.KMEAN.Z10.POST.KG.X,67 38 2.5555555555555554 1.6153846153846154 1.2500000000000000 1.6363636363636362,"67 | 38 | 2,56 | 1,62 | 1,25 | 1,64","I · Strukturprüfung, Zählkontrolle"
K-11.3 Z30,gültige Versuche Sprint 30 m,S02.NGUELT.Z30.PRE.ALL.X S02.NGUELT.Z30.POST.ALL.X S09.KMEAN.Z30.PRE.IG.X S09.KMEAN.Z30.PRE.KG.X S09.KMEAN.Z30.POST.IG.X S09.KMEAN.Z30.POST.KG.X,78 65 2.6111111111111112 2.3846153846153846 2.5625000000000000 2.1818181818181817,"78 | 65 | 2,61 | 2,38 | 2,56 | 2,18","I · Strukturprüfung, Zählkontrolle"
K-11.3 CL,gültige Versuche 505 links,S02.NGUELT.CL.PRE.ALL.X S02.NGUELT.CL.POST.ALL.X S09.KMEAN.CL.PRE.IG.X S09.KMEAN.CL.PRE.KG.X S09.KMEAN.CL.POST.IG.X S09.KMEAN.CL.POST.KG.X,55 48 1.8333333333333333 1.6923076923076923 1.6250000000000000 2.0000000000000000,"55 | 48 | 1,83 | 1,69 | 1,62 | 2,00","I · Strukturprüfung, Zählkontrolle"
K-11.3 CR,gültige Versuche 505 rechts,S02.NGUELT.CR.PRE.ALL.X S02.NGUELT.CR.POST.ALL.X S09.KMEAN.CR.PRE.IG.X S09.KMEAN.CR.PRE.KG.X S09.KMEAN.CR.POST.IG.X S09.KMEAN.CR.POST.KG.X,59 40 1.8888888888888888 1.9230769230769231 1.4375000000000000 1.5454545454545454,"59 | 40 | 1,89 | 1,92 | 1,44 | 1,55","I · Strukturprüfung, Zählkontrolle"
K-11.3 SBJ,gültige Versuche Standweitsprung,S02.NGUELT.SBJ.PRE.ALL.X S02.NGUELT.SBJ.POST.ALL.X S09.KMEAN.SBJ.PRE.IG.X S09.KMEAN.SBJ.PRE.KG.X S09.KMEAN.SBJ.POST.IG.X S09.KMEAN.SBJ.POST.KG.X,72 53 2.5000000000000000 2.0769230769230766 2.0000000000000000 1.9090909090909092,"72 | 53 | 2,50 | 2,08 | 2,00 | 1,91","I · Strukturprüfung, Zählkontrolle"
K-11.4 Z05 PRE,Ausfallkategorien Sprint 5 m PRE,S03.NKAT.Z05.PRE.IG.TECH S03.NKAT.Z05.PRE.IG.ZEIT S03.NKAT.Z05.PRE.IG.FEHL S03.NKAT.Z05.PRE.IG.FALSCH S03.NKAT.Z05.PRE.IG.AUSL S03.NKAT.Z05.PRE.KG.TECH S03.NKAT.Z05.PRE.KG.ZEIT S03.NKAT.Z05.PRE.KG.FEHL S03.NKAT.Z05.PRE.KG.FALSCH S03.NKAT.Z05.PRE.KG.AUSL,9 5 0 0 0 26 0 0 0 0,9 5 0 0 – 0 26 0 0 0 – 0,A · Tab. H1 Ausfallmechanismen
K-11.4 Z05 POST,Ausfallkategorien Sprint 5 m POST,S03.NKAT.Z05.POST.IG.TECH S03.NKAT.Z05.POST.IG.ZEIT S03.NKAT.Z05.POST.IG.FEHL S03.NKAT.Z05.POST.IG.FALSCH S03.NKAT.Z05.POST.IG.NANG S03.NKAT.Z05.POST.IG.AUSL S03.NKAT.Z05.POST.KG.TECH S03.NKAT.Z05.POST.KG.ZEIT S03.NKAT.Z05.POST.KG.FEHL S03.NKAT.Z05.POST.KG.FALSCH S03.NKAT.Z05.POST.KG.NANG S03.NKAT.Z05.POST.KG.AUSL,1 4 0 0 6 0 5 7 0 0 6 0,1 4 0 0 6 0 5 7 0 0 6 0,A · Tab. H1 Ausfallmechanismen
K-11.4 Z10 PRE,Ausfallkategorien Sprint 10 m PRE,S03.NKAT.Z10.PRE.IG.TECH S03.NKAT.Z10.PRE.IG.ZEIT S03.NKAT.Z10.PRE.IG.FEHL S03.NKAT.Z10.PRE.IG.FALSCH S03.NKAT.Z10.PRE.IG.AUSL S03.NKAT.Z10.PRE.KG.TECH S03.NKAT.Z10.PRE.KG.ZEIT S03.NKAT.Z10.PRE.KG.FEHL S03.NKAT.Z10.PRE.KG.FALSCH S03.NKAT.Z10.PRE.KG.AUSL,3 5 0 0 0 18 0 0 0 0,3 5 0 0 – 0 18 0 0 0 – 0,A · Tab. H1 Ausfallmechanismen
K-11.4 Z10 POST,Ausfallkategorien Sprint 10 m POST,S03.NKAT.Z10.POST.IG.TECH S03.NKAT.Z10.POST.IG.ZEIT S03.NKAT.Z10.POST.IG.FEHL S03.NKAT.Z10.POST.IG.FALSCH S03.NKAT.Z10.POST.IG.NANG S03.NKAT.Z10.POST.IG.AUSL S03.NKAT.Z10.POST.KG.TECH S03.NKAT.Z10.POST.KG.ZEIT S03.NKAT.Z10.POST.KG.FEHL S03.NKAT.Z10.POST.KG.FALSCH S03.NKAT.Z10.POST.KG.NANG S03.NKAT.Z10.POST.KG.AUSL,1 0 0 27 6 0 7 8 0 0 6 0,1 0 0 27 6 0 7 8 0 0 6 0,A · Tab. H1 Ausfallmechanismen
K-11.4 Z30 PRE,Ausfallkategorien Sprint 30 m PRE,S03.NKAT.Z30.PRE.IG.TECH S03.NKAT.Z30.PRE.IG.ZEIT S03.NKAT.Z30.PRE.IG.FEHL S03.NKAT.Z30.PRE.IG.FALSCH S03.NKAT.Z30.PRE.IG.AUSL S03.NKAT.Z30.PRE.KG.TECH S03.NKAT.Z30.PRE.KG.ZEIT S03.NKAT.Z30.PRE.KG.FEHL S03.NKAT.Z30.PRE.KG.FALSCH S03.NKAT.Z30.PRE.KG.AUSL,2 5 0 0 0 8 0 0 0 0,2 5 0 0 – 0 8 0 0 0 – 0,A · Tab. H1 Ausfallmechanismen
K-11.4 Z30 POST,Ausfallkategorien Sprint 30 m POST,S03.NKAT.Z30.POST.IG.TECH S03.NKAT.Z30.POST.IG.ZEIT S03.NKAT.Z30.POST.IG.FEHL S03.NKAT.Z30.POST.IG.FALSCH S03.NKAT.Z30.POST.IG.NANG S03.NKAT.Z30.POST.IG.AUSL S03.NKAT.Z30.POST.KG.TECH S03.NKAT.Z30.POST.KG.ZEIT S03.NKAT.Z30.POST.KG.FEHL S03.NKAT.Z30.POST.KG.FALSCH S03.NKAT.Z30.POST.KG.NANG S03.NKAT.Z30.POST.KG.AUSL,3 4 0 0 6 0 2 7 0 0 6 0,3 4 0 0 6 0 2 7 0 0 6 0,A · Tab. H1 Ausfallmechanismen
K-11.4 CL PRE,Ausfallkategorien 505 links PRE,S03.NKAT.CL.PRE.IG.TECH S03.NKAT.CL.PRE.IG.ZEIT S03.NKAT.CL.PRE.IG.FEHL S03.NKAT.CL.PRE.IG.FALSCH S03.NKAT.CL.PRE.IG.AUSL S03.NKAT.CL.PRE.KG.TECH S03.NKAT.CL.PRE.KG.ZEIT S03.NKAT.CL.PRE.KG.FEHL S03.NKAT.CL.PRE.KG.FALSCH S03.NKAT.CL.PRE.KG.AUSL,8 11 2 0 0 7 7 3 0 0,8 11 2 0 – 0 7 7 3 0 – 0,A · Tab. H1 Ausfallmechanismen
K-11.4 CL POST,Ausfallkategorien 505 links POST,S03.NKAT.CL.POST.IG.TECH S03.NKAT.CL.POST.IG.ZEIT S03.NKAT.CL.POST.IG.FEHL S03.NKAT.CL.POST.IG.FALSCH S03.NKAT.CL.POST.IG.NANG S03.NKAT.CL.POST.IG.AUSL S03.NKAT.CL.POST.KG.TECH S03.NKAT.CL.POST.KG.ZEIT S03.NKAT.CL.POST.KG.FEHL S03.NKAT.CL.POST.KG.FALSCH S03.NKAT.CL.POST.KG.NANG S03.NKAT.CL.POST.KG.AUSL,0 16 6 0 6 0 0 11 0 0 6 0,0 16 6 0 6 0 0 11 0 0 6 0,A · Tab. H1 Ausfallmechanismen
K-11.4 CR PRE,Ausfallkategorien 505 rechts PRE,S03.NKAT.CR.PRE.IG.TECH S03.NKAT.CR.PRE.IG.ZEIT S03.NKAT.CR.PRE.IG.FEHL S03.NKAT.CR.PRE.IG.FALSCH S03.NKAT.CR.PRE.IG.AUSL S03.NKAT.CR.PRE.KG.TECH S03.NKAT.CR.PRE.KG.ZEIT S03.NKAT.CR.PRE.KG.FEHL S03.NKAT.CR.PRE.KG.FALSCH S03.NKAT.CR.PRE.KG.AUSL,5 11 4 0 0 3 8 3 0 0,5 11 4 0 – 0 3 8 3 0 – 0,A · Tab. H1 Ausfallmechanismen
K-11.4 CR POST,Ausfallkategorien 505 rechts POST,S03.NKAT.CR.POST.IG.TECH S03.NKAT.CR.POST.IG.ZEIT S03.NKAT.CR.POST.IG.FEHL S03.NKAT.CR.POST.IG.FALSCH S03.NKAT.CR.POST.IG.NANG S03.NKAT.CR.POST.IG.AUSL S03.NKAT.CR.POST.KG.TECH S03.NKAT.CR.POST.KG.ZEIT S03.NKAT.CR.POST.KG.FEHL S03.NKAT.CR.POST.KG.FALSCH S03.NKAT.CR.POST.KG.NANG S03.NKAT.CR.POST.KG.AUSL,0 16 9 0 6 0 0 11 5 0 6 0,0 16 9 0 6 0 0 11 5 0 6 0,A · Tab. H1 Ausfallmechanismen
K-11.4 SBJ PRE,Ausfallkategorien Standweitsprung PRE,S03.NKAT.SBJ.PRE.IG.TECH S03.NKAT.SBJ.PRE.IG.ZEIT S03.NKAT.SBJ.PRE.IG.FEHL S03.NKAT.SBJ.PRE.IG.FALSCH S03.NKAT.SBJ.PRE.IG.AUSL S03.NKAT.SBJ.PRE.KG.TECH S03.NKAT.SBJ.PRE.KG.ZEIT S03.NKAT.SBJ.PRE.KG.FEHL S03.NKAT.SBJ.PRE.KG.FALSCH S03.NKAT.SBJ.PRE.KG.AUSL,2 5 2 0 0 3 7 2 0 0,2 5 2 0 – 0 3 7 2 0 – 0,A · Tab. H1 Ausfallmechanismen
K-11.4 SBJ POST,Ausfallkategorien Standweitsprung POST,S03.NKAT.SBJ.POST.IG.TECH S03.NKAT.SBJ.POST.IG.ZEIT S03.NKAT.SBJ.POST.IG.FEHL S03.NKAT.SBJ.POST.IG.FALSCH S03.NKAT.SBJ.POST.IG.NANG S03.NKAT.SBJ.POST.IG.AUSL S03.NKAT.SBJ.POST.KG.TECH S03.NKAT.SBJ.POST.KG.ZEIT S03.NKAT.SBJ.POST.KG.FEHL S03.NKAT.SBJ.POST.KG.FALSCH S03.NKAT.SBJ.POST.KG.NANG S03.NKAT.SBJ.POST.KG.AUSL,0 11 5 0 6 0 0 11 1 0 6 0,0 11 5 0 6 0 0 11 1 0 6 0,A · Tab. H1 Ausfallmechanismen
K-11.4 Summe PRE,Ausfallkategorien Summe PRE,,,29 42 8 0 – 0 65 22 8 0 – 0,nicht aus der Ergebnisdatei
K-11.4 Summe POST,Ausfallkategorien Summe POST,,,5 51 20 27 36 0 14 55 6 0 36 0,nicht aus der Ergebnisdatei
K-11.5 Z05,fehlende Werte Sprint 5 m,S08.FLOPRE.Z05.X.IG.X S08.FLOPRE.Z05.X.KG.X S08.FLOPOST.Z05.X.IG.X S08.FLOPOST.Z05.X.KG.X,0 5 2 2,"ohne Prä: IG 0, KG 5 · ohne Post: IG 2, KG 2",A · Tab. H1 Gründe je Zielgröße
K-11.5 Z10,fehlende Werte Sprint 10 m,S08.FLOPRE.Z10.X.IG.X S08.FLOPRE.Z10.X.KG.X S08.FLOPOST.Z10.X.IG.X S08.FLOPOST.Z10.X.KG.X,0 0 11 2,"ohne Prä: IG 0, KG 0 · ohne Post: IG 11, KG 2",A · Tab. H1 Gründe je Zielgröße
K-11.5 Z30,fehlende Werte Sprint 30 m,S08.FLOPRE.Z30.X.IG.X S08.FLOPRE.Z30.X.KG.X S08.FLOPOST.Z30.X.IG.X S08.FLOPOST.Z30.X.KG.X,0 0 2 2,"ohne Prä: IG 0, KG 0 · ohne Post: IG 2, KG 2",A · Tab. H1 Gründe je Zielgröße
K-11.5 CL,fehlende Werte 505 links,S08.FLOPRE.CL.X.IG.X S08.FLOPRE.CL.X.KG.X S08.FLOPOST.CL.X.IG.X S08.FLOPOST.CL.X.KG.X,1 1 2 2,"ohne Prä: IG 1, KG 1 · ohne Post: IG 2, KG 2",A · Tab. H1 Gründe je Zielgröße
K-11.5 CR,fehlende Werte 505 rechts,S08.FLOPRE.CR.X.IG.X S08.FLOPRE.CR.X.KG.X S08.FLOPOST.CR.X.IG.X S08.FLOPOST.CR.X.KG.X,1 1 3 2,"ohne Prä: IG 1, KG 1 · ohne Post: IG 3, KG 2",A · Tab. H1 Gründe je Zielgröße
K-11.5 CM,fehlende Werte 505-Seitenmittel,S08.FLOPRE.CM.X.IG.X S08.FLOPRE.CM.X.KG.X S08.FLOPOST.CM.X.IG.X S08.FLOPOST.CM.X.KG.X,2 2 3 2,"ohne Prä: IG 2, KG 2 · ohne Post: IG 3, KG 2",A · Tab. H1 Gründe je Zielgröße
K-11.5 SBJ,fehlende Werte Standweitsprung,S08.FLOPRE.SBJ.X.IG.X S08.FLOPRE.SBJ.X.KG.X S08.FLOPOST.SBJ.X.IG.X S08.FLOPOST.SBJ.X.KG.X,0 0 2 2,"ohne Prä: IG 0, KG 0 · ohne Post: IG 2, KG 2",A · Tab. H1 Gründe je Zielgröße
K-11.6 Z05,Bestwert-Bias Sprint 5 m,S11.N.Z05.PRE.ALL.X S11.DMEAN.Z05.PRE.ALL.X S11.DSESOI.Z05.PRE.ALL.X S11.N.Z05.POST.ALL.X S11.DMEAN.Z05.POST.ALL.X S11.DSESOI.Z05.POST.ALL.X,6 -0.028333333333333339 -1.7881759081898263 12 -0.0058333333333333388 -0.44971599906581999,"n = 6, −0,0283 s (−1,79 × SESOI) | n = 12, −0,0058 s (−0,45 × SESOI)",A · Tab. H1 Bestwert-Bias
K-11.6 Z10,Bestwert-Bias Sprint 10 m,S11.N.Z10.PRE.ALL.X S11.DMEAN.Z10.PRE.ALL.X S11.DSESOI.Z10.PRE.ALL.X S11.N.Z10.POST.ALL.X S11.DMEAN.Z10.POST.ALL.X S11.DSESOI.Z10.POST.ALL.X,10 -0.0050000000000000044 -0.23301076015418529 7 -0.018571428571428555 -0.96719262842723919,"n = 10, −0,0050 s (−0,23 × SESOI) | n = 7, −0,0186 s (−0,97 × SESOI)",A · Tab. H1 Bestwert-Bias
K-11.6 Z30,Bestwert-Bias Sprint 30 m,S11.N.Z30.PRE.ALL.X S11.DMEAN.Z30.PRE.ALL.X S11.DSESOI.Z30.PRE.ALL.X S11.N.Z30.POST.ALL.X S11.DMEAN.Z30.POST.ALL.X S11.DSESOI.Z30.POST.ALL.X,17 -0.015882352941176445 -0.25350196516137902 12 -0.0074999999999999884 -0.13901362733023495,"n = 17, −0,0159 s (−0,25 × SESOI) | n = 12, −0,0075 s (−0,14 × SESOI)",A · Tab. H1 Bestwert-Bias
K-11.6 CL,Bestwert-Bias 505 links,S11.N.CL.PRE.ALL.X S11.DMEAN.CL.PRE.ALL.X S11.DSESOI.CL.PRE.ALL.X S11.N.CL.POST.ALL.X S11.DMEAN.CL.POST.ALL.X S11.DSESOI.CL.POST.ALL.X,4 -0.032499999999999973 -1.4255839620369921 0  ,"n = 4, −0,0325 s (−1,43 × SESOI) | n = 0, fehlend (zu wenige Werte)",A · Tab. H1 Bestwert-Bias
K-11.6 CR,Bestwert-Bias 505 rechts,S11.N.CR.PRE.ALL.X S11.DMEAN.CR.PRE.ALL.X S11.DSESOI.CR.PRE.ALL.X S11.N.CR.POST.ALL.X S11.DMEAN.CR.POST.ALL.X S11.DSESOI.CR.POST.ALL.X,4 -0.074999999999999956 -3.2150744690965616 0  ,"n = 4, −0,0750 s (−3,22 × SESOI) | n = 0, fehlend (zu wenige Werte)",A · Tab. H1 Bestwert-Bias
K-11.6 SBJ,Bestwert-Bias Standweitsprung,S11.N.SBJ.PRE.ALL.X S11.DMEAN.SBJ.PRE.ALL.X S11.DSESOI.SBJ.PRE.ALL.X S11.N.SBJ.POST.ALL.X S11.DMEAN.SBJ.POST.ALL.X S11.DSESOI.SBJ.POST.ALL.X,12 0.75000000000000000 0.22596922689443352 3 0.33333333333333337 0.10831437997511145,"n = 12, +0,75 cm (+0,23 × SESOI) | n = 3, +0,33 cm (+0,11 × SESOI)",A · Tab. H1 Bestwert-Bias
K-12 BW-01,Spieler BW-01,S05.PAH.PAH.PRE.PBW-01.X S08.MITGL.Z05.X.PBW-01.ITT S08.MITGL.Z10.X.PBW-01.ITT S08.MITGL.Z30.X.PBW-01.ITT S08.MITGL.CL.X.PBW-01.ITT S08.MITGL.CR.X.PBW-01.ITT S08.MITGL.CM.X.PBW-01.ITT S08.MITGL.SBJ.X.PBW-01.ITT S04.BEST.Z30.PRE.PBW-01.X S04.BEST.Z30.POST.PBW-01.X S04.BEST.CM.PRE.PBW-01.X S04.BEST.CM.POST.PBW-01.X S04.BEST.SBJ.PRE.PBW-01.X S04.BEST.SBJ.POST.PBW-01.X S07.ADH.ADH.X.PBW-01.GANZ,91.854362727312605 1 0 1 1 1 1 1 4.5300000000000002 4.5400000000000000 2.5549999999999997 2.5449999999999999 222.00000000000000 218.00000000000000 0,"91,85 | ✓ | – | ✓ | ✓ | ✓ | ✓ | ✓ | 4,530 | 4,540 | 2,555 | 2,545 | 222 | 218 | 0 | —","I · Zwischenwert je Spieler, Kovariate"
K-12 BW-02,Spieler BW-02,S05.PAH.PAH.PRE.PBW-02.X S08.MITGL.Z05.X.PBW-02.ITT S08.MITGL.Z10.X.PBW-02.ITT S08.MITGL.Z30.X.PBW-02.ITT S08.MITGL.CL.X.PBW-02.ITT S08.MITGL.CR.X.PBW-02.ITT S08.MITGL.CM.X.PBW-02.ITT S08.MITGL.SBJ.X.PBW-02.ITT S04.BEST.Z30.PRE.PBW-02.X S04.BEST.Z30.POST.PBW-02.X S04.BEST.CM.PRE.PBW-02.X S04.BEST.CM.POST.PBW-02.X S04.BEST.SBJ.PRE.PBW-02.X S04.BEST.SBJ.POST.PBW-02.X S07.ADH.ADH.X.PBW-02.GANZ,97.145696051226977 1 0 1 1 1 1 1 4.6900000000000004 4.7000000000000002 2.4699999999999998 2.4199999999999999 228.00000000000000 235.00000000000000 12,"97,15 | ✓ | – | ✓ | ✓ | ✓ | ✓ | ✓ | 4,690 | 4,700 | 2,470 | 2,420 | 228 | 235 | 12 | —","I · Zwischenwert je Spieler, Kovariate"
K-12 BW-04,Spieler BW-04,S05.PAH.PAH.PRE.PBW-04.X S08.MITGL.Z05.X.PBW-04.ITT S08.MITGL.Z10.X.PBW-04.ITT S08.MITGL.Z30.X.PBW-04.ITT S08.MITGL.CL.X.PBW-04.ITT S08.MITGL.CR.X.PBW-04.ITT S08.MITGL.CM.X.PBW-04.ITT S08.MITGL.SBJ.X.PBW-04.ITT S04.BEST.Z30.PRE.PBW-04.X S04.BEST.Z30.POST.PBW-04.X S04.BEST.CM.PRE.PBW-04.X S04.BEST.CM.POST.PBW-04.X S04.BEST.SBJ.PRE.PBW-04.X S04.BEST.SBJ.POST.PBW-04.X S07.ADH.ADH.X.PBW-04.GANZ,94.990234197846334 1 0 1 1 1 1 1 4.6299999999999999 4.6799999999999997 2.4249999999999998 2.4550000000000001 251.00000000000000 250.00000000000000 6,"94,99 | ✓ | – | ✓ | ✓ | ✓ | ✓ | ✓ | 4,630 | 4,680 | 2,425 | 2,455 | 251 | 250 | 6 | —","I · Zwischenwert je Spieler, Kovariate"
K-12 BW-05,Spieler BW-05,S05.PAH.PAH.PRE.PBW-05.X S08.MITGL.Z05.X.PBW-05.ITT S08.MITGL.Z10.X.PBW-05.ITT S08.MITGL.Z30.X.PBW-05.ITT S08.MITGL.CL.X.PBW-05.ITT S08.MITGL.CR.X.PBW-05.ITT S08.MITGL.CM.X.PBW-05.ITT S08.MITGL.SBJ.X.PBW-05.ITT S04.BEST.Z30.PRE.PBW-05.X S04.BEST.Z30.POST.PBW-05.X S04.BEST.CM.PRE.PBW-05.X S04.BEST.CM.POST.PBW-05.X S04.BEST.SBJ.PRE.PBW-05.X S04.BEST.SBJ.POST.PBW-05.X S07.ADH.ADH.X.PBW-05.GANZ,94.208426744683720 1 0 1 1 0 0 1 4.4199999999999999 4.5400000000000000 2.4750000000000001  238.00000000000000 237.00000000000000 7,"94,21 | ✓ | – | ✓ | ✓ | – | – | ✓ | 4,420 | 4,540 | 2,475 | – | 238 | 237 | 7 | —","I · Zwischenwert je Spieler, Kovariate"
K-12 BW-06,Spieler BW-06,S05.PAH.PAH.PRE.PBW-06.X S08.MITGL.Z05.X.PBW-06.ITT S08.MITGL.Z10.X.PBW-06.ITT S08.MITGL.Z30.X.PBW-06.ITT S08.MITGL.CL.X.PBW-06.ITT S08.MITGL.CR.X.PBW-06.ITT S08.MITGL.CM.X.PBW-06.ITT S08.MITGL.SBJ.X.PBW-06.ITT S04.BEST.Z30.PRE.PBW-06.X S04.BEST.Z30.POST.PBW-06.X S04.BEST.CM.PRE.PBW-06.X S04.BEST.CM.POST.PBW-06.X S04.BEST.SBJ.PRE.PBW-06.X S04.BEST.SBJ.POST.PBW-06.X S07.ADH.ADH.X.PBW-06.GANZ,87.066186063648942 1 0 1 1 1 1 1 4.5000000000000000 4.5099999999999998 2.5750000000000002 2.5899999999999999 243.00000000000000 244.00000000000000 2,"87,07 | ✓ | – | ✓ | ✓ | ✓ | ✓ | ✓ | 4,500 | 4,510 | 2,575 | 2,590 | 243 | 244 | 2 | —","I · Zwischenwert je Spieler, Kovariate"
K-12 BW-07,Spieler BW-07,S05.PAH.PAH.PRE.PBW-07.X S08.MITGL.Z05.X.PBW-07.ITT S08.MITGL.Z10.X.PBW-07.ITT S08.MITGL.Z30.X.PBW-07.ITT S08.MITGL.CL.X.PBW-07.ITT S08.MITGL.CR.X.PBW-07.ITT S08.MITGL.CM.X.PBW-07.ITT S08.MITGL.SBJ.X.PBW-07.ITT S04.BEST.Z30.PRE.PBW-07.X S04.BEST.Z30.POST.PBW-07.X S04.BEST.CM.PRE.PBW-07.X S04.BEST.CM.POST.PBW-07.X S04.BEST.SBJ.PRE.PBW-07.X S04.BEST.SBJ.POST.PBW-07.X S07.ADH.ADH.X.PBW-07.GANZ,92.485333171593695 0 0 0 0 0 0 0 4.2900000000000000  2.4550000000000001  247.00000000000000  6,"92,49 | – | – | – | – | – | – | – | 4,290 | – | 2,455 | – | 247 | – | 6 | Post nicht angetreten","I · Zwischenwert je Spieler, Kovariate"
K-12 BW-08,Spieler BW-08,S05.PAH.PAH.PRE.PBW-08.X S08.MITGL.Z05.X.PBW-08.ITT S08.MITGL.Z10.X.PBW-08.ITT S08.MITGL.Z30.X.PBW-08.ITT S08.MITGL.CL.X.PBW-08.ITT S08.MITGL.CR.X.PBW-08.ITT S08.MITGL.CM.X.PBW-08.ITT S08.MITGL.SBJ.X.PBW-08.ITT S04.BEST.Z30.PRE.PBW-08.X S04.BEST.Z30.POST.PBW-08.X S04.BEST.CM.PRE.PBW-08.X S04.BEST.CM.POST.PBW-08.X S04.BEST.SBJ.PRE.PBW-08.X S04.BEST.SBJ.POST.PBW-08.X S07.ADH.ADH.X.PBW-08.GANZ,96.750530062199772 1 0 1 1 1 1 1 4.4500000000000002 4.4400000000000004 2.4150000000000000 2.4800000000000000 246.00000000000000 239.00000000000000 9,"96,75 | ✓ | – | ✓ | ✓ | ✓ | ✓ | ✓ | 4,450 | 4,440 | 2,415 | 2,480 | 246 | 239 | 9 | —","I · Zwischenwert je Spieler, Kovariate"
K-12 BW-09,Spieler BW-09,S05.PAH.PAH.PRE.PBW-09.X S08.MITGL.Z05.X.PBW-09.ITT S08.MITGL.Z10.X.PBW-09.ITT S08.MITGL.Z30.X.PBW-09.ITT S08.MITGL.CL.X.PBW-09.ITT S08.MITGL.CR.X.PBW-09.ITT S08.MITGL.CM.X.PBW-09.ITT S08.MITGL.SBJ.X.PBW-09.ITT S04.BEST.Z30.PRE.PBW-09.X S04.BEST.Z30.POST.PBW-09.X S04.BEST.CM.PRE.PBW-09.X S04.BEST.CM.POST.PBW-09.X S04.BEST.SBJ.PRE.PBW-09.X S04.BEST.SBJ.POST.PBW-09.X S07.ADH.ADH.X.PBW-09.GANZ,92.252741234708381 1 0 1 1 1 1 1 4.8200000000000003 4.7800000000000002 2.5300000000000002 2.5499999999999998 237.00000000000000 236.00000000000000 7,"92,25 | ✓ | – | ✓ | ✓ | ✓ | ✓ | ✓ | 4,820 | 4,780 | 2,530 | 2,550 | 237 | 236 | 7 | —","I · Zwischenwert je Spieler, Kovariate"
K-12 BW-10,Spieler BW-10,S05.PAH.PAH.PRE.PBW-10.X S08.MITGL.Z05.X.PBW-10.ITT S08.MITGL.Z10.X.PBW-10.ITT S08.MITGL.Z30.X.PBW-10.ITT S08.MITGL.CL.X.PBW-10.ITT S08.MITGL.CR.X.PBW-10.ITT S08.MITGL.CM.X.PBW-10.ITT S08.MITGL.SBJ.X.PBW-10.ITT S04.BEST.Z30.PRE.PBW-10.X S04.BEST.Z30.POST.PBW-10.X S04.BEST.CM.PRE.PBW-10.X S04.BEST.CM.POST.PBW-10.X S04.BEST.SBJ.PRE.PBW-10.X S04.BEST.SBJ.POST.PBW-10.X S07.ADH.ADH.X.PBW-10.GANZ,94.092031887268604 1 0 1 1 1 1 1 4.5499999999999998 4.5099999999999998 2.5049999999999999 2.4249999999999998 207.00000000000000 202.00000000000000 5,"94,09 | ✓ | – | ✓ | ✓ | ✓ | ✓ | ✓ | 4,550 | 4,510 | 2,505 | 2,425 | 207 | 202 | 5 | —","I · Zwischenwert je Spieler, Kovariate"
K-12 BW-11,Spieler BW-11,S05.PAH.PAH.PRE.PBW-11.X S08.MITGL.Z05.X.PBW-11.ITT S08.MITGL.Z10.X.PBW-11.ITT S08.MITGL.Z30.X.PBW-11.ITT S08.MITGL.CL.X.PBW-11.ITT S08.MITGL.CR.X.PBW-11.ITT S08.MITGL.CM.X.PBW-11.ITT S08.MITGL.SBJ.X.PBW-11.ITT S04.BEST.Z30.PRE.PBW-11.X S04.BEST.Z30.POST.PBW-11.X S04.BEST.CM.PRE.PBW-11.X S04.BEST.CM.POST.PBW-11.X S04.BEST.SBJ.PRE.PBW-11.X S04.BEST.SBJ.POST.PBW-11.X S07.ADH.ADH.X.PBW-11.GANZ,92.734207111345768 1 0 1 1 0 0 1 4.8899999999999997 4.8899999999999997  2.5299999999999998 222.00000000000000 210.00000000000000 2,"92,73 | ✓ | – | ✓ | ✓ | – | – | ✓ | 4,890 | 4,890 | – | 2,530 | 222 | 210 | 2 | —","I · Zwischenwert je Spieler, Kovariate"
K-12 BW-21,Spieler BW-21,S05.PAH.PAH.PRE.PBW-21.X S08.MITGL.Z05.X.PBW-21.ITT S08.MITGL.Z10.X.PBW-21.ITT S08.MITGL.Z30.X.PBW-21.ITT S08.MITGL.CL.X.PBW-21.ITT S08.MITGL.CR.X.PBW-21.ITT S08.MITGL.CM.X.PBW-21.ITT S08.MITGL.SBJ.X.PBW-21.ITT S04.BEST.Z30.PRE.PBW-21.X S04.BEST.Z30.POST.PBW-21.X S04.BEST.CM.PRE.PBW-21.X S04.BEST.CM.POST.PBW-21.X S04.BEST.SBJ.PRE.PBW-21.X S04.BEST.SBJ.POST.PBW-21.X S07.ADH.ADH.X.PBW-21.GANZ,90.736385396512148 0 0 0 0 0 0 0 5.0000000000000000  2.6100000000000003  223.00000000000000  ,"90,74 | – | – | – | – | – | – | – | 5,000 | – | 2,610 | – | 223 | – | nicht erhebbar | Post nicht angetreten","I · Zwischenwert je Spieler, Kovariate"
K-12 HL-01,Spieler HL-01,S05.PAH.PAH.PRE.PHL-01.X S08.MITGL.Z05.X.PHL-01.ITT S08.MITGL.Z10.X.PHL-01.ITT S08.MITGL.Z30.X.PHL-01.ITT S08.MITGL.CL.X.PHL-01.ITT S08.MITGL.CR.X.PHL-01.ITT S08.MITGL.CM.X.PHL-01.ITT S08.MITGL.SBJ.X.PHL-01.ITT S04.BEST.Z30.PRE.PHL-01.X S04.BEST.Z30.POST.PHL-01.X S04.BEST.CM.PRE.PHL-01.X S04.BEST.CM.POST.PHL-01.X S04.BEST.SBJ.PRE.PHL-01.X S04.BEST.SBJ.POST.PHL-01.X S07.ADH.ADH.X.PHL-01.GANZ,98.237137437483753 1 1 1 1 1 1 1 4.6600000000000001 4.7199999999999998 2.4850000000000003 2.5499999999999998 236.00000000000000 237.00000000000000 8,"98,24 | ✓ | ✓ | ✓ | ✓ | ✓ | ✓ | ✓ | 4,660 | 4,720 | 2,485 | 2,550 | 236 | 237 | 8 | —","I · Zwischenwert je Spieler, Kovariate"
K-12 HL-02,Spieler HL-02,S05.PAH.PAH.PRE.PHL-02.X S08.MITGL.Z05.X.PHL-02.ITT S08.MITGL.Z10.X.PHL-02.ITT S08.MITGL.Z30.X.PHL-02.ITT S08.MITGL.CL.X.PHL-02.ITT S08.MITGL.CR.X.PHL-02.ITT S08.MITGL.CM.X.PHL-02.ITT S08.MITGL.SBJ.X.PHL-02.ITT S04.BEST.Z30.PRE.PHL-02.X S04.BEST.Z30.POST.PHL-02.X S04.BEST.CM.PRE.PHL-02.X S04.BEST.CM.POST.PHL-02.X S04.BEST.SBJ.PRE.PHL-02.X S04.BEST.SBJ.POST.PHL-02.X S07.ADH.ADH.X.PHL-02.GANZ,97.003449680519481 1 1 1 1 1 1 1 4.0899999999999999 4.2400000000000002 2.1950000000000003 2.3049999999999997 251.00000000000000 238.00000000000000 8,"97,00 | ✓ | ✓ | ✓ | ✓ | ✓ | ✓ | ✓ | 4,090 | 4,240 | 2,195 | 2,305 | 251 | 238 | 8 | —","I · Zwischenwert je Spieler, Kovariate"
K-12 HL-03,Spieler HL-03,S05.PAH.PAH.PRE.PHL-03.X S08.MITGL.Z05.X.PHL-03.ITT S08.MITGL.Z10.X.PHL-03.ITT S08.MITGL.Z30.X.PHL-03.ITT S08.MITGL.CL.X.PHL-03.ITT S08.MITGL.CR.X.PHL-03.ITT S08.MITGL.CM.X.PHL-03.ITT S08.MITGL.SBJ.X.PHL-03.ITT S04.BEST.Z30.PRE.PHL-03.X S04.BEST.Z30.POST.PHL-03.X S04.BEST.CM.PRE.PHL-03.X S04.BEST.CM.POST.PHL-03.X S04.BEST.SBJ.PRE.PHL-03.X S04.BEST.SBJ.POST.PHL-03.X S07.ADH.ADH.X.PHL-03.GANZ,96.786153818455631 1 1 1 1 1 1 1 4.2199999999999998 4.3499999999999996 2.4300000000000002 2.5049999999999999 248.00000000000000 240.00000000000000 9,"96,79 | ✓ | ✓ | ✓ | ✓ | ✓ | ✓ | ✓ | 4,220 | 4,350 | 2,430 | 2,505 | 248 | 240 | 9 | —","I · Zwischenwert je Spieler, Kovariate"
K-12 HL-05,Spieler HL-05,S05.PAH.PAH.PRE.PHL-05.X S08.MITGL.Z05.X.PHL-05.ITT S08.MITGL.Z10.X.PHL-05.ITT S08.MITGL.Z30.X.PHL-05.ITT S08.MITGL.CL.X.PHL-05.ITT S08.MITGL.CR.X.PHL-05.ITT S08.MITGL.CM.X.PHL-05.ITT S08.MITGL.SBJ.X.PHL-05.ITT S04.BEST.Z30.PRE.PHL-05.X S04.BEST.Z30.POST.PHL-05.X S04.BEST.CM.PRE.PHL-05.X S04.BEST.CM.POST.PHL-05.X S04.BEST.SBJ.PRE.PHL-05.X S04.BEST.SBJ.POST.PHL-05.X S07.ADH.ADH.X.PHL-05.GANZ,95.260890593207407 1 1 1 1 1 1 1 4.2500000000000000 4.2999999999999998 2.4500000000000002 2.4199999999999999 232.00000000000000 216.00000000000000 0,"95,26 | ✓ | ✓ | ✓ | ✓ | ✓ | ✓ | ✓ | 4,250 | 4,300 | 2,450 | 2,420 | 232 | 216 | 0 | —","I · Zwischenwert je Spieler, Kovariate"
K-12 HL-06,Spieler HL-06,S05.PAH.PAH.PRE.PHL-06.X S08.MITGL.Z05.X.PHL-06.ITT S08.MITGL.Z10.X.PHL-06.ITT S08.MITGL.Z30.X.PHL-06.ITT S08.MITGL.CL.X.PHL-06.ITT S08.MITGL.CR.X.PHL-06.ITT S08.MITGL.CM.X.PHL-06.ITT S08.MITGL.SBJ.X.PHL-06.ITT S04.BEST.Z30.PRE.PHL-06.X S04.BEST.Z30.POST.PHL-06.X S04.BEST.CM.PRE.PHL-06.X S04.BEST.CM.POST.PHL-06.X S04.BEST.SBJ.PRE.PHL-06.X S04.BEST.SBJ.POST.PHL-06.X S07.ADH.ADH.X.PHL-06.GANZ,96.129162714014257 1 1 1 1 1 1 1 4.5099999999999998 4.4900000000000002 2.4100000000000001 2.5049999999999999 243.00000000000000 243.00000000000000 0,"96,13 | ✓ | ✓ | ✓ | ✓ | ✓ | ✓ | ✓ | 4,510 | 4,490 | 2,410 | 2,505 | 243 | 243 | 0 | —","I · Zwischenwert je Spieler, Kovariate"
K-12 HL-07,Spieler HL-07,S05.PAH.PAH.PRE.PHL-07.X S08.MITGL.Z05.X.PHL-07.ITT S08.MITGL.Z10.X.PHL-07.ITT S08.MITGL.Z30.X.PHL-07.ITT S08.MITGL.CL.X.PHL-07.ITT S08.MITGL.CR.X.PHL-07.ITT S08.MITGL.CM.X.PHL-07.ITT S08.MITGL.SBJ.X.PHL-07.ITT S04.BEST.Z30.PRE.PHL-07.X S04.BEST.Z30.POST.PHL-07.X S04.BEST.CM.PRE.PHL-07.X S04.BEST.CM.POST.PHL-07.X S04.BEST.SBJ.PRE.PHL-07.X S04.BEST.SBJ.POST.PHL-07.X S07.ADH.ADH.X.PHL-07.GANZ,96.481841444571813 1 1 1 0 1 0 1 4.4800000000000004 4.7900000000000000  2.3650000000000002 255.00000000000000 243.00000000000000 7,"96,48 | ✓ | ✓ | ✓ | – | ✓ | – | ✓ | 4,480 | 4,790 | – | 2,365 | 255 | 243 | 7 | —","I · Zwischenwert je Spieler, Kovariate"
K-12 HL-08,Spieler HL-08,S05.PAH.PAH.PRE.PHL-08.X S08.MITGL.Z05.X.PHL-08.ITT S08.MITGL.Z10.X.PHL-08.ITT S08.MITGL.Z30.X.PHL-08.ITT S08.MITGL.CL.X.PHL-08.ITT S08.MITGL.CR.X.PHL-08.ITT S08.MITGL.CM.X.PHL-08.ITT S08.MITGL.SBJ.X.PHL-08.ITT S04.BEST.Z30.PRE.PHL-08.X S04.BEST.Z30.POST.PHL-08.X S04.BEST.CM.PRE.PHL-08.X S04.BEST.CM.POST.PHL-08.X S04.BEST.SBJ.PRE.PHL-08.X S04.BEST.SBJ.POST.PHL-08.X S07.ADH.ADH.X.PHL-08.GANZ,94.849403456129608 1 1 1 1 1 1 1 4.4800000000000004 4.5800000000000001 2.4800000000000004 2.3799999999999999 245.00000000000000 245.00000000000000 4,"94,85 | ✓ | ✓ | ✓ | ✓ | ✓ | ✓ | ✓ | 4,480 | 4,580 | 2,480 | 2,380 | 245 | 245 | 4 | —","I · Zwischenwert je Spieler, Kovariate"
K-12 VS-01,Spieler VS-01,S05.PAH.PAH.PRE.PVS-01.X S08.MITGL.Z05.X.PVS-01.ITT S08.MITGL.Z10.X.PVS-01.ITT S08.MITGL.Z30.X.PVS-01.ITT S08.MITGL.CL.X.PVS-01.ITT S08.MITGL.CR.X.PVS-01.ITT S08.MITGL.CM.X.PVS-01.ITT S08.MITGL.SBJ.X.PVS-01.ITT S04.BEST.Z30.PRE.PVS-01.X S04.BEST.Z30.POST.PVS-01.X S04.BEST.CM.PRE.PVS-01.X S04.BEST.CM.POST.PVS-01.X S04.BEST.SBJ.PRE.PVS-01.X S04.BEST.SBJ.POST.PVS-01.X,90.038630613142971 1 1 1 1 1 1 1 4.9100000000000001 4.7900000000000000 2.4600000000000000 2.4450000000000003 228.00000000000000 224.00000000000000,"90,04 | ✓ | ✓ | ✓ | ✓ | ✓ | ✓ | ✓ | 4,910 | 4,790 | 2,460 | 2,445 | 228 | 224 | – | —","I · Zwischenwert je Spieler, Kovariate"
K-12 VS-02,Spieler VS-02,S05.PAH.PAH.PRE.PVS-02.X S08.MITGL.Z05.X.PVS-02.ITT S08.MITGL.Z10.X.PVS-02.ITT S08.MITGL.Z30.X.PVS-02.ITT S08.MITGL.CL.X.PVS-02.ITT S08.MITGL.CR.X.PVS-02.ITT S08.MITGL.CM.X.PVS-02.ITT S08.MITGL.SBJ.X.PVS-02.ITT S04.BEST.Z30.PRE.PVS-02.X S04.BEST.Z30.POST.PVS-02.X S04.BEST.CM.PRE.PVS-02.X S04.BEST.CM.POST.PVS-02.X S04.BEST.SBJ.PRE.PVS-02.X S04.BEST.SBJ.POST.PVS-02.X,86.454303043900609 1 1 1 1 1 1 1 4.8899999999999997 4.9100000000000001 2.5049999999999999 2.5599999999999996 208.00000000000000 197.00000000000000,"86,45 | ✓ | ✓ | ✓ | ✓ | ✓ | ✓ | ✓ | 4,890 | 4,910 | 2,505 | 2,560 | 208 | 197 | – | —","I · Zwischenwert je Spieler, Kovariate"
K-12 VS-03,Spieler VS-03,S05.PAH.PAH.PRE.PVS-03.X S08.MITGL.Z05.X.PVS-03.ITT S08.MITGL.Z10.X.PVS-03.ITT S08.MITGL.Z30.X.PVS-03.ITT S08.MITGL.CL.X.PVS-03.ITT S08.MITGL.CR.X.PVS-03.ITT S08.MITGL.CM.X.PVS-03.ITT S08.MITGL.SBJ.X.PVS-03.ITT S04.BEST.Z30.PRE.PVS-03.X S04.BEST.Z30.POST.PVS-03.X S04.BEST.CM.PRE.PVS-03.X S04.BEST.CM.POST.PVS-03.X S04.BEST.SBJ.PRE.PVS-03.X S04.BEST.SBJ.POST.PVS-03.X,90.205655127943359 1 1 1 1 1 1 1 4.9400000000000004 5.2300000000000004 2.6050000000000004 2.6250000000000000 235.00000000000000 226.00000000000000,"90,21 | ✓ | ✓ | ✓ | ✓ | ✓ | ✓ | ✓ | 4,940 | 5,230 | 2,605 | 2,625 | 235 | 226 | – | —","I · Zwischenwert je Spieler, Kovariate"
K-12 VS-04,Spieler VS-04,S05.PAH.PAH.PRE.PVS-04.X S08.MITGL.Z05.X.PVS-04.ITT S08.MITGL.Z10.X.PVS-04.ITT S08.MITGL.Z30.X.PVS-04.ITT S08.MITGL.CL.X.PVS-04.ITT S08.MITGL.CR.X.PVS-04.ITT S08.MITGL.CM.X.PVS-04.ITT S08.MITGL.SBJ.X.PVS-04.ITT S04.BEST.Z30.PRE.PVS-04.X S04.BEST.Z30.POST.PVS-04.X S04.BEST.CM.PRE.PVS-04.X S04.BEST.CM.POST.PVS-04.X S04.BEST.SBJ.PRE.PVS-04.X S04.BEST.SBJ.POST.PVS-04.X,88.040604531874038 1 1 1 1 1 1 1 5.0199999999999996 4.9900000000000002 2.6150000000000002 2.5300000000000002 210.00000000000000 212.00000000000000,"88,04 | ✓ | ✓ | ✓ | ✓ | ✓ | ✓ | ✓ | 5,020 | 4,990 | 2,615 | 2,530 | 210 | 212 | – | —","I · Zwischenwert je Spieler, Kovariate"
K-12 VS-05,Spieler VS-05,S05.PAH.PAH.PRE.PVS-05.X S08.MITGL.Z05.X.PVS-05.ITT S08.MITGL.Z10.X.PVS-05.ITT S08.MITGL.Z30.X.PVS-05.ITT S08.MITGL.CL.X.PVS-05.ITT S08.MITGL.CR.X.PVS-05.ITT S08.MITGL.CM.X.PVS-05.ITT S08.MITGL.SBJ.X.PVS-05.ITT S04.BEST.Z30.PRE.PVS-05.X S04.BEST.Z30.POST.PVS-05.X S04.BEST.CM.PRE.PVS-05.X S04.BEST.CM.POST.PVS-05.X S04.BEST.SBJ.PRE.PVS-05.X S04.BEST.SBJ.POST.PVS-05.X,87.231076744492754 1 1 1 1 1 1 1 4.9500000000000002 5.0300000000000002 2.5400000000000000 2.5750000000000002 228.00000000000000 225.00000000000000,"87,23 | ✓ | ✓ | ✓ | ✓ | ✓ | ✓ | ✓ | 4,950 | 5,030 | 2,540 | 2,575 | 228 | 225 | – | —","I · Zwischenwert je Spieler, Kovariate"
K-12 VS-06,Spieler VS-06,S05.PAH.PAH.PRE.PVS-06.X S08.MITGL.Z05.X.PVS-06.ITT S08.MITGL.Z10.X.PVS-06.ITT S08.MITGL.Z30.X.PVS-06.ITT S08.MITGL.CL.X.PVS-06.ITT S08.MITGL.CR.X.PVS-06.ITT S08.MITGL.CM.X.PVS-06.ITT S08.MITGL.SBJ.X.PVS-06.ITT S04.BEST.Z30.PRE.PVS-06.X S04.BEST.Z30.POST.PVS-06.X S04.BEST.CM.PRE.PVS-06.X S04.BEST.CM.POST.PVS-06.X S04.BEST.SBJ.PRE.PVS-06.X S04.BEST.SBJ.POST.PVS-06.X,92.993487093762354 0 1 1 1 1 1 1 4.4500000000000002 4.5000000000000000 2.3200000000000003 2.2900000000000000 259.00000000000000 262.00000000000000,"92,99 | – | ✓ | ✓ | ✓ | ✓ | ✓ | ✓ | 4,450 | 4,500 | 2,320 | 2,290 | 259 | 262 | – | —","I · Zwischenwert je Spieler, Kovariate"
K-12 VS-07,Spieler VS-07,S05.PAH.PAH.PRE.PVS-07.X S08.MITGL.Z05.X.PVS-07.ITT S08.MITGL.Z10.X.PVS-07.ITT S08.MITGL.Z30.X.PVS-07.ITT S08.MITGL.CL.X.PVS-07.ITT S08.MITGL.CR.X.PVS-07.ITT S08.MITGL.CM.X.PVS-07.ITT S08.MITGL.SBJ.X.PVS-07.ITT S04.BEST.Z30.PRE.PVS-07.X S04.BEST.Z30.POST.PVS-07.X S04.BEST.CM.PRE.PVS-07.X S04.BEST.CM.POST.PVS-07.X S04.BEST.SBJ.PRE.PVS-07.X S04.BEST.SBJ.POST.PVS-07.X,88.128854753528628 0 0 0 0 0 0 0 5.1900000000000004  2.5200000000000000  219.00000000000000 ,"88,13 | – | – | – | – | – | – | – | 5,190 | – | 2,520 | – | 219 | – | – | Post nicht angetreten","I · Zwischenwert je Spieler, Kovariate"
K-12 VS-08,Spieler VS-08,S05.PAH.PAH.PRE.PVS-08.X S08.MITGL.Z05.X.PVS-08.ITT S08.MITGL.Z10.X.PVS-08.ITT S08.MITGL.Z30.X.PVS-08.ITT S08.MITGL.CL.X.PVS-08.ITT S08.MITGL.CR.X.PVS-08.ITT S08.MITGL.CM.X.PVS-08.ITT S08.MITGL.SBJ.X.PVS-08.ITT S04.BEST.Z30.PRE.PVS-08.X S04.BEST.Z30.POST.PVS-08.X S04.BEST.CM.PRE.PVS-08.X S04.BEST.CM.POST.PVS-08.X S04.BEST.SBJ.PRE.PVS-08.X S04.BEST.SBJ.POST.PVS-08.X,91.656974681660188 0 1 1 1 1 1 1 5.4400000000000004 5.2199999999999998 2.5999999999999996 2.6850000000000001 202.00000000000000 213.00000000000000,"91,66 | – | ✓ | ✓ | ✓ | ✓ | ✓ | ✓ | 5,440 | 5,220 | 2,600 | 2,685 | 202 | 213 | – | —","I · Zwischenwert je Spieler, Kovariate"
K-12 VS-10,Spieler VS-10,S05.PAH.PAH.PRE.PVS-10.X S08.MITGL.Z05.X.PVS-10.ITT S08.MITGL.Z10.X.PVS-10.ITT S08.MITGL.Z30.X.PVS-10.ITT S08.MITGL.CL.X.PVS-10.ITT S08.MITGL.CR.X.PVS-10.ITT S08.MITGL.CM.X.PVS-10.ITT S08.MITGL.SBJ.X.PVS-10.ITT S04.BEST.Z30.PRE.PVS-10.X S04.BEST.Z30.POST.PVS-10.X S04.BEST.CM.PRE.PVS-10.X S04.BEST.CM.POST.PVS-10.X S04.BEST.SBJ.PRE.PVS-10.X S04.BEST.SBJ.POST.PVS-10.X,90.387580658840278 1 1 1 1 1 1 1 4.6399999999999997 4.8600000000000003 2.4050000000000002 2.4100000000000001 232.00000000000000 220.00000000000000,"90,39 | ✓ | ✓ | ✓ | ✓ | ✓ | ✓ | ✓ | 4,640 | 4,860 | 2,405 | 2,410 | 232 | 220 | – | —","I · Zwischenwert je Spieler, Kovariate"
K-12 VS-16,Spieler VS-16,S05.PAH.PAH.PRE.PVS-16.X S08.MITGL.Z05.X.PVS-16.ITT S08.MITGL.Z10.X.PVS-16.ITT S08.MITGL.Z30.X.PVS-16.ITT S08.MITGL.CL.X.PVS-16.ITT S08.MITGL.CR.X.PVS-16.ITT S08.MITGL.CM.X.PVS-16.ITT S08.MITGL.SBJ.X.PVS-16.ITT S04.BEST.Z30.PRE.PVS-16.X S04.BEST.Z30.POST.PVS-16.X S04.BEST.CM.PRE.PVS-16.X S04.BEST.CM.POST.PVS-16.X S04.BEST.SBJ.PRE.PVS-16.X S04.BEST.SBJ.POST.PVS-16.X,87.531180136917001 0 0 0 0 0 0 0 4.9199999999999999    226.00000000000000 ,"87,53 | – | – | – | – | – | – | – | 4,920 | – | – | – | 226 | – | – | Post nicht angetreten","I · Zwischenwert je Spieler, Kovariate"
K-12 VS-17,Spieler VS-17,S05.PAH.PAH.PRE.PVS-17.X S08.MITGL.Z05.X.PVS-17.ITT S08.MITGL.Z10.X.PVS-17.ITT S08.MITGL.Z30.X.PVS-17.ITT S08.MITGL.CL.X.PVS-17.ITT S08.MITGL.CR.X.PVS-17.ITT S08.MITGL.CM.X.PVS-17.ITT S08.MITGL.SBJ.X.PVS-17.ITT S04.BEST.Z30.PRE.PVS-17.X S04.BEST.Z30.POST.PVS-17.X S04.BEST.CM.PRE.PVS-17.X S04.BEST.CM.POST.PVS-17.X S04.BEST.SBJ.PRE.PVS-17.X S04.BEST.SBJ.POST.PVS-17.X,94.917025447097814 0 1 1 1 1 1 1 4.6600000000000001 4.7599999999999998 2.5099999999999998 2.6150000000000002 258.00000000000000 235.00000000000000,"94,92 | – | ✓ | ✓ | ✓ | ✓ | ✓ | ✓ | 4,660 | 4,760 | 2,510 | 2,615 | 258 | 235 | – | —","I · Zwischenwert je Spieler, Kovariate"
K-12 VS-18,Spieler VS-18,S05.PAH.PAH.PRE.PVS-18.X S08.MITGL.Z05.X.PVS-18.ITT S08.MITGL.Z10.X.PVS-18.ITT S08.MITGL.Z30.X.PVS-18.ITT S08.MITGL.CL.X.PVS-18.ITT S08.MITGL.CR.X.PVS-18.ITT S08.MITGL.CM.X.PVS-18.ITT S08.MITGL.SBJ.X.PVS-18.ITT S04.BEST.Z30.PRE.PVS-18.X S04.BEST.Z30.POST.PVS-18.X S04.BEST.CM.PRE.PVS-18.X S04.BEST.CM.POST.PVS-18.X S04.BEST.SBJ.PRE.PVS-18.X S04.BEST.SBJ.POST.PVS-18.X, 0 0 0 0 0 0 0 5.0700000000000003 5.1799999999999997  2.5400000000000000 209.00000000000000 227.00000000000000,"fehlend | – | – | – | – | – | – | – | 5,070 | 5,180 | – | 2,540 | 209 | 227 | – | ohne %PAH","I · Zwischenwert je Spieler, Kovariate"
K-12 VS-11,Spieler VS-11,S05.PAH.PAH.PRE.PVS-11.X S08.MITGL.Z05.X.PVS-11.ITT S08.MITGL.Z10.X.PVS-11.ITT S08.MITGL.Z30.X.PVS-11.ITT S08.MITGL.CL.X.PVS-11.ITT S08.MITGL.CR.X.PVS-11.ITT S08.MITGL.CM.X.PVS-11.ITT S08.MITGL.SBJ.X.PVS-11.ITT S04.BEST.Z30.PRE.PVS-11.X S04.BEST.Z30.POST.PVS-11.X S04.BEST.CM.PRE.PVS-11.X S04.BEST.CM.POST.PVS-11.X S04.BEST.SBJ.PRE.PVS-11.X S04.BEST.SBJ.POST.PVS-11.X,93.025574117747837 1 1 1 1 1 1 1 5.0400000000000000 4.6399999999999997 2.6950000000000003 2.5850000000000000 204.00000000000000 218.00000000000000,"93,03 | ✓ | ✓ | ✓ | ✓ | ✓ | ✓ | ✓ | 5,040 | 4,640 | 2,695 | 2,585 | 204 | 218 | – | —","I · Zwischenwert je Spieler, Kovariate"
K-12.1,Spieler mit %PAH,S05.NPAH.PAH.PRE.IG.X S05.NPAH.PAH.PRE.KG.X,18 12,IG 18 · KG 12,"I · Zwischenwert je Spieler, Kovariate"
