gruppe;id;typ;population;zielgroessen;woerter_haupttext;eigener_abschnitt;ort;titel;titel_hinweis;zg_woerter;zg_anteil_prozent;zg_inhalt;zg_ziel;einleitung_woerter;einleitung_zg_woerter;einleitung_absaetze;kette_zuege;kette_belege;methodik_belege;diskussion_relevanzsatz;fuer_2_4;datei
Interventionskorpus;Aloui 2022;Intervention (randomisiert);"14,6 J., männlich, U15 einer Mannschaft der ersten nationalen Liga (als 'elite' bezeichnet), Fußball; n = 34";Sprint 10/30 m, S90° und SBF (Richtungswechsel), Squat Jump, CMJ mit Armschwung (CMJA), Fünfersprung (FJT), RSSA, Y-Balance-Test;3281;ja;Methodik;Testing Schedule;"Abschnitt enthält nur Bedingungen und Reihenfolge; die Testprotokolle werden nicht beschrieben, sondern auf frühere Arbeiten verwiesen. Reliabilität (ICC, CV) steht im Statistikabschnitt und in Tab. 3, Familiarisierung im Abschnitt 'Experimental Design' (nicht mitgezählt).";216;6.6;Standardisierung/Aufwärmen | Testreihenfolge | Versuche/Pausen | Sonstiges: Verweis auf frühere Protokollbeschreibungen statt eigener Beschreibung | Sonstiges: gleicher Tester je Station | Sonstiges: Anthropometrie (BIA);Regelt nur Testbedingungen, Reihenfolge und Anthropometrie und ersetzt die Testbeschreibungen durch Verweise auf frühere Arbeiten.;794;189;1 Anforderung/Leistungsrelevanz der Zielgrößen (189) · 2 Mechanismus/Trainingsmethode (199) · 3 Interventionsevidenz (223) · 4 Zweck/Hypothese (149) · 5 Zweck/Hypothese (34);Z1 → Z2 → Z2 → Z1 → Z5 → Z10;"Z1 B1 [Review/MA] S. 1: repeatedly sprint, turn, jump, and accelerate/decelerate which places the substantial neuromuscular load on players (Spencer et al., 2005; Stølen et al., 2005). || Z2 B2 [Primärstudie] S. 1–2: the ability of lower limb musculature to produce a high power output is an important fitness trait in soccer players (Wisløff et al., 2004). || Z2 B2 [Primärstudie] S. 2: sprint ability over short distances, agility performance, and vertical jumping are discriminative in terms of elite and sub-elite young soccer players (Reilly et al., 2000b). || Z1 B1 [Review/MA] S. 2: Notably, 96% of sprints are less than 30 m, and 49% are less than 10 m (Stølen et al., 2005). || Z5 B4 [Review/MA + Primärstudie] S. 2: plyometric training consistently results in improved vertical jumping, agility, and sprinting (Andrade et al., 2018; Ramirez-Campillo and Sanchez-Sanchez, 2020; Ramirez-Campillo et al., 2021b). || Z10 ohne [ohne Beleg] S. 2: Herein, we examined vertical and horizontal jump performances (i.e., squat jump (SJ), countermovement jump with aimed arms (CMJA), five-jump test (FJT)), sprint performance";"B8 alle Tests (Sprint 10/30 m, S90°, SBF, SJ, CMJA, FJT, Y-Balance, RSSA) [Primärstudie] S. 4: have all been previously described in detail (Sporis et al., 2010; Hammami et al., 2020; Negra et al., 2020) so are not repeated || B5 alle Tests [ohne Beleg (eigene Daten)] S. 5: Vertical and horizontal jump parameters, sprint parameters, change-of-direction ability, and balance performance had an ICC > 0.80 and a CV < 5% (Table 3).";"teilweise: The ability to jump is a distinctive feature of success in adult and young soccer players (Söhnlein et al., 2014; Ramirez-Campillo et al., 2018b). S. 5";Sprintstrecken über die Anforderung begründet: 96 % der Sprints unter 30 m, 49 % unter 10 m (Stølen et al., 2005, Review, S. 2), in der Diskussion wiederholt. Warnung: Testprotokolle nur per Verweis, Sprung-Relevanz mit Trainingsstudien belegt (S. 5).;2022_Aloui_et_al_Combined_Plyometric_and_Short_Sprint_traini
Interventionskorpus;Beato 2018;Intervention (randomisiert);"17 ± 0,8 J., männlich, Elite-Nachwuchsakademie (Schweiz), Fußball; n = 21, zwei Trainingsgruppen ohne Kontrollgruppe";Sprint 10/30/40 m, Weitsprung, Dreifach-Hop links/rechts, 505-Test (bevorzugtes Bein);3573;nein;Methodik;Design and training protocol;"Keine Testüberschrift: Testbeschreibung in drei Absätzen von 'Design and training protocol' (Testzeitpunkte und Konstruktangaben, Karenz und Familiarisierung, Hauptabsatz ab 'Before test evaluation' mit Protokollen und Güte); Begründung von Weitsprung und Dreifach-Hop steht doppelt.";534;14.9;Standardisierung/Aufwärmen | Sonstiges: keine gesonderte Familiarisierung (Testbatterie Teil der Vereinsroutine) | Versuche/Pausen | Aggregationsregel | Protokoll/Ablauf | Gerät | Konstruktdefinition | Begründung der Testwahl | Reliabilität (zitiert) | Reliabilität (eigene Daten) | Validität | Sonstiges: Anthropometrie (Körperfett);Beschreibt ohne eigene Überschrift Aufwärmen, Versuchs- und Bestwertregel sowie die Protokolle der Sprung-, Sprint- und 505-Tests und begründet jeden Test über das erfasste Konstrukt und zitierte Güte.;665;97;1 Anforderung/Leistungsrelevanz der Zielgrößen (84) · 2 Interventionsevidenz (157) · 3 Mechanismus/Trainingsmethode (166) · 4 Lücke (176) · 5 Lücke (82);Z1 → Z2 → Z5 → Z4;Z1 B1 [Review/MA] Ms.-S. 3: Players cover distances of 10–13 km during matches and perform approximately 1350 activities (every 4-6 s), such as accelerations/decelerations, changes of direction (COD) and jumps || Z2 B1 [Primärstudie] Ms.-S. 3: the capacity to perform quick and powerful movements in soccer, as well as in other team sports is one of the most important abilities || Z5 B4 [Review/MA + Primärstudie] Ms.-S. 3: Literature reports positive effects on explosive power associated with improved performance of the vertical jump, agility and sprint performance after plyometric training (24,28,30). || Z4 B3 [Review/MA + Primärstudie] Ms.-S. 4: such mechanism is a key component also during soccer-specific actions such as COD, short shuttle runs and sprint activities (17,24,28).;B9 Weitsprung [ohne Beleg] Ms.-S. 7: Long-jump test was utilized to evaluate improvement of horizontal non-rebounding ability (players’ isolated explosive strength abilities of the leg muscles). || B9 Dreifach-Hop (links/rechts) [Primärstudie] Ms.-S. 8: Triple hop distance test (triple hop test) was performed with both the legs (left and right) to evaluate improvement in rebounding jump ability (10). || B6 Dreifach-Hop (links/rechts), zusätzlich eigene ICC = 0,95 [Primärstudie] Ms.-S. 8: The validity of this test, as well as its reliability (intraclass correlation coefficient = 0.98), has been shown previously (10) || B9 Sprint 10/30/40 m [ohne Beleg] Ms.-S. 8: Sprint 10, 30 and 40 m were performed to evaluate players’ improvements in short-sprint ability. || B6 505 [Primärstudie] Ms.-S. 9: The validity and specifically of this test was proved previously in football (25). || B5 505 [ohne Beleg] Ms.-S. 9: 505 COD test is a highly reliable assessment with a coefficient of variation of 2.8%. || B9 Konstrukt Richtungswechsel (in der Trainingsbeschreibung) [Primärstudie] Ms.-S. 7: the direction change is pre-planned, while agility requires external and perceived stimuli prior to any direction change (3,15,29).;teilweise: Soccer players perform several COD, sprints and power type activities during a match involving decelerations, re-accelerations and constant adjustments of steps and body posture (20,23). Ms.-S. 11–12;Jeder Test wird über sein Konstrukt eingeführt (Weitsprung nicht-reaktiv, Dreifach-Hop reaktiv, 505 Richtungswechsel, Ms.-S. 7–9). COD als vorgeplant gegen Agilität abgegrenzt. Nur ein COD-Test, begründet mit Stewart et al. (2014). Zweck-Satz nennt keine Zielgrößen.;2018_Beato_et_al_Effects_of_Plyometric_and_Directional_Train
Interventionskorpus;Bouafif 2026;Intervention (randomisiert);prä-PHV 8,7–8,8 J. und post-PHV 13,4 J., männlich, Tier 2 (Akademien, Tunesien), Fußball;Y-Balance-Test, einbeiniger Hop-Test rechts/links, 505 (Wende links/rechts), Asymmetrie je Test;5531;ja;Methodik;Procedure | Measurements | Dynamic balance;"Aufteilung in „Procedure“ (Zeitpunkte, Aufwärmen, Versuche) und „Measurements“; nur „Dynamic balance“ mit Run-in-Überschrift, Hop, 505 und Asymmetrieformel ohne Überschrift; Anthropometrie/Reife (99 W.) nicht mitgezählt";820;14.8;Standardisierung/Aufwärmen | Testreihenfolge | Protokoll/Ablauf | Gerät | Versuche/Pausen | Aggregationsregel | Reliabilität (zitiert) | Reliabilität (eigene Daten) | Sonstiges: Protokollverweise (YBT [22], 505 [24]), Definition des dominanten Beins, Fehlversuchsregel, Asymmetrieformel nach [25];Legt Testzeitpunkte, Aufwärmen, Versuchs- und Bestwertregel fest und beschreibt je Test Ablauf, Gerät und ICC einschließlich der Asymmetrieberechnung.;801;198;1 Anforderung/Leistungsrelevanz der Zielgrößen (102) · 2 Mechanismus/Trainingsmethode (91) · 3 Interventionsevidenz (126) · 4 Reifung/Alter (115) · 5 Reifung/Alter (168) · 6 Konstrukt/Diagnostik (96) · 7 Sonstiges (24) · 8 Zweck/Hypothese (79);Z1 → Z2 → Z9 → Z2 → Z5 → Z8 → Z6 → Z7 → Z8 → Z10;Z1 B1 [Review/MA + Primärstudie] S. 2: Lower-limb asymmetries are common in youth soccer players due to the sport’s inherently unilateral demands, such as frequent kicking, cutting, and pivoting [1,2]. || Z2 B2 [Review/MA + Primärstudie] S. 2: have been linked to impaired performance and elevated injury risk, particularly during dynamic actions such as jumping, change of direction (CoD), and balance-related tasks [3,4] || Z9 B10 [ohne Beleg] S. 2: there remains a lack of research examining asymmetry across different stages of maturation using ecologically valid and practically applicable screening tools || Z2 B2 [Review/MA + Primärstudie] S. 2: which in turn benefit balance and CoD abilities-key physical attributes in soccer [9,10] || Z5 B4 [Primärstudie] S. 2: Sammoud et al. [5] reported significant reductions in inter-limb asymmetry following an 8-week plyometric program in Tier 2 prepubertal male soccer players || Z8 B4 [Review/MA] S. 2: youth athletes, regardless of maturity, benefit similarly from plyometric training in most physical fitness outcomes except for CoD, which improves more significantly in prepubertal players || Z6 B10 [Primärstudie] S. 3: field-based functional tests, such as the single-leg countermovement jump, Y-balance, and 505 CoD test, … in a practical, reliable, and sport-specific manner [11,19,20] || Z7 B6 [ohne Beleg] S. 3: These tests are not only predictive of asymmetry-related injury risk but are also sensitive to detecting changes in functional performance across different maturity levels. || Z8 B12 [Primärstudie + Positionspapier/Lehrbuch] S. 3: asymmetries may emerge early in development and remain relatively stable, advocating for early, ongoing interventions … to prevent long-term performance limitations and injury risk || Z10 ohne [ohne Beleg] S. 3: measures of physical fitness (dynamic balance, unilateral horizontal jumping, and CoD speed) and lower-limb asymmetries in Tier 2 youth soccer players;B8 Y-Balance-Test [Primärstudie] S. 5: according to a previously described protocol [22] || B5 Y-Balance-Test [Primärstudie] S. 5: which has been shown to be reliable for youth soccer players (ICC = 0.92) [14] || B9 Einbeiniger Hop-Test [Primärstudie] S. 6: The leg used to kick a soccer ball was identified as the dominant leg [14]. || B5 Einbeiniger Hop-Test [ohne Beleg] S. 6: The between-trials ICCs were 0.94 and 0.91 for right and left legged jumps, respectively. || B8 505 [Primärstudie] S. 6: aiming to complete the test in the shortest time possible [24] || B5 505 [ohne Beleg] S. 6: which yielded a value of 0.90, indicating a high level of consistency between the trials || B8 Asymmetrie [Review/MA] S. 6: In the literature [25], relative inter-limb asymmetry for the lower limbs was determined the formula || B5 Asymmetrie [ohne Beleg] S. 6: Test–retest reliability scores for these measures from the present results have been shown good with our study (ICC = 0.73).;nein:  ;"Einziger expliziter Testwahl-Zug der Gruppe (Z6/Z7: Feldtests „practical, reliable, and sport-specific“, prädiktiv und änderungssensitiv), Z7-Satz aber ohne Beleg. Warnung: Hop- und 505-Text samt ICC weitgehend wortgleich aus Sammoud 2024; Referenznummern verschoben ([11]≠McKay, [17,18]).";2026_Bouafif_et_al_Effects_of_plyometric_jump_training_on_me
Interventionskorpus;Hammami 2016;Intervention (randomisiert);"15,7 J., männlich, gut trainierte Junioren einer Mannschaft (Tanner 4–5, nationale Meisterschaft), Fußball; n = 28";Sprint 5/10/20/30/40 m, Agilität (S 4×5 m, S180° 9-3-6-3-9 m mit Wenden, SBF 9-3-6-3-9 m vor-/rückwärts), RSSA (6 × 20 + 20 m), RCOD (6 × 20 m mit vier 100°-Wenden);4144;ja;Methodik;Procedures and evaluation | Testing Schedule | Day 1 | Anthropometry | Sprint 4 X 5m (S 4 X 5m) | 40m sprint performance | Day 2 | Day 3 | Sprint 9-3-6-3-9 m with backward and forward running (SBF) | Repeated-shuttle-sprint Ability Test (RSSA);"Testabschnitt nach Testtagen gegliedert; Testbedingungen stehen zusätzlich wortgleich im Designabschnitt 'Experimental approach to the problem' (70 Wörter, mitgezählt).";1061;25.6;Sonstiges: Familiarisierung (zwei Termine) | Standardisierung/Aufwärmen | Testreihenfolge | Protokoll/Ablauf | Gerät | Versuche/Pausen | Aggregationsregel | Reliabilität (eigene Daten) | Sonstiges: Protokollherkunft zitiert | Sonstiges: Anthropometrie (Körperfett);Beschreibt nach Testtagen geordnet Testbedingungen, Protokolle, Geräte und Kennwerte aller Sprint-, Agilitäts- und Wiederholungssprinttests und weist je Test die eigene Test-Retest-Reliabilität aus.;927;287;1 Anforderung/Leistungsrelevanz der Zielgrößen (106) · 2 Anforderung/Leistungsrelevanz der Zielgrößen (216) · 3 Interventionsevidenz (49) · 4 Interventionsevidenz (220) · 5 Mechanismus/Trainingsmethode (236) · 6 Zweck/Hypothese (100);Z2 → Z1 → Z3 → Z1 → Z5 → Z3 → Z2 → Z9 → Z10;Z2 B2 [Review/MA] Ms.-S. 3: Successful players are characterized by strength, power, and their derivatives (acceleration, sprinting, jumping and changes of direction) (20). || Z1 B1 [Review/MA] Ms.-S. 3: Sprinting occurs approximately every 90 seconds, each bout lasting 2-4 seconds (42). || Z3 B9 [Primärstudie] Ms.-S. 3: In the context of soccer, agility involves the ability to make such changes of direction and to start and stop rapidly (24) || Z1 B1 [Positionspapier/Lehrbuch + Primärstudie] Ms.-S. 3: A soccer player changes direction every 2–4 seconds (45) and makes 1,200–1,400 changes of direction during a game (2). || Z5 B4 [Primärstudie] Ms.-S. 3: This type of agility can be developed by a training program that includes making repeated changes of direction (RCOD) (41). || Z3 B9 [Primärstudie] Ms.-S. 4: repeated sprint ability (RSA) is the ability to perform repeated straight sprints or shuttle sprints with minimal recovery periods || Z2 B2 [Primärstudie] Ms.-S. 4: Repeated changes of direction and repeated sprint ability make independent contributions to a soccer player's ability (49). || Z9 ohne [ohne Beleg] Ms.-S. 5: Few investigators have examined the impact of plyometric training on repeated sprint ability, and to our knowledge this is the first study || Z10 ohne [ohne Beleg] Ms.-S. 5: the effects of a plyometric training program on sprint speed, agility, repeated shuttle sprint ability and repeated changes of direction scores;B5 Sprint 5/10/20/30/40 m [ohne Beleg (eigene Daten)] Ms.-S. 10: The intraclass ICC for test-retest trials were 0.971, 0.989, 0.882, 0.945, and 0.995 for distances of 5-m, 10-m, 20-m, 30-m, and 40-m, respectively. || B8 S 4×5 m [Primärstudie] Ms.-S. 10: they made an 180° turn and ran to the finish line (41). || B5 S 4×5 m [ohne Beleg (eigene Daten)] Ms.-S. 10: The intraclass correlation coefficient (ICC) for test-retest trials was 0.854. || B8 S180° [Primärstudie] Ms.-S. 10: For the S180° (41), they ran 9 m from the starting line to line A. || B5 S180° und SBF [ohne Beleg (eigene Daten)] Ms.-S. 11: The intraclass correlation coefficients (ICC) for the test-retest trials were 0.959 for the first variety and 0.911 for the second one. || B8 RCOD [Primärstudie] Ms.-S. 10: each beginning from a standing position, 0.2 m behind the sensor, with 25-second active recovery intervals (49). || B8 RSSA [Primärstudie] Ms.-S. 11: This first trial provided the criterion score for the definitive shuttle sprint test (34). || B5 Sprint- und Agilitätstests gesamt [ohne Beleg (eigene Daten)] Ms.-S. 12: all of our measurements of agility and sprinting ability reached an acceptable level of reliability (r > 0.85) (Table 3).;nein:  ;Warnung: „1,200–1,400 changes of direction during a game“ (Bangsbo, 1992, Ms.-S. 3) ist im Projekt ausgeschlossen. Nützlich: Agilitätsdefinition mit Spielanforderung (Ms.-S. 3). Diskussion nennt Distanz, Zahl und Winkel der Richtungswechsel als testabhängige Einflussgrößen (Ms.-S. 15).;2016_Hammami_Effects_of_an_in_season_plyometric_training_pro
Interventionskorpus;Liu 2024;Intervention (randomisiert);U19, 17,6 ± 0,6 J., männlich, regionale Ebene (trained/developmental), Fußball (Feldspieler);CMJ (MyJump 2), 30-m-Sprint (Lichtschranken), Yo-Yo IR1;4343;ja;Methodik;Physical fitness assessments | Countermovement jump | 30-m linear sprint test | Yo-Yo Intermittent recovery test;Pendant zu „Zielgrößen und Diagnostik“ als Methodik-Unterabschnitt nach der Durchführung betitelt („assessments“), Tests als Run-in-Überschriften;526;12.1;Protokoll/Ablauf | Gerät | Versuche/Pausen | Aggregationsregel | Validität | Reliabilität (zitiert) | Reliabilität (eigene Daten) | Standardisierung/Aufwärmen | Testreihenfolge | Sonstiges: Zweckangabe je Test („to assess sprinting performance“);Macht die drei Tests replizierbar (Ablauf, Gerät, Versuche, Bestwertregel) und sichert die Messung über zitierte App-Validität und eigene Variationskoeffizienten ab.;667;88;1 Saisonphase/Detraining (88) · 2 Saisonphase/Detraining (116) · 3 Saisonphase/Detraining (74) · 4 Interventionsevidenz (94) · 5 Lücke (103) · 6 Mechanismus/Trainingsmethode (130) · 7 Zweck/Hypothese (62);Z8 → Z8 → Z2 → Z5 → Z2 → Z10;Z8 B4 [Primärstudie] S. 219: The immediate effects of detraining resulting from the season's cessation can lead to reductions ranging from 12.2% (Nakamura et al., 2012) to 22.6% || Z8 B4 [Primärstudie] S. 219: decreases of approximately 5.3% in countermovement jump height (CMJ) (Caldwell and Peters, 2009) and up to 3.3% (Caldwell and Peters, 2009) in linear sprint performance || Z2 B12 [Primärstudie + Review/MA] S. 219: may compromise the ability to handle the higher training loads typically encountered during the pre-season, potentially leading to overreaching or an increased risk of injuries || Z5 B4 [Primärstudie] S. 219: players experiencing training cessation showed a drop in YYIRT levels of about -14.8%, those exposed to high-intensity interval training (HIIT) during the off-season actually improved || Z2 B2 [Review/MA] S. 220: CMJ and linear sprint as important physical attributes associated with muscle power in soccer's most intense actions (Aquino et al., 2020) || Z10 ohne [ohne Beleg] S. 220: the purpose of this study was to analyze the effects of three offseason training programs on the aerobic capacity, countermovement jump, and linear sprint performances;B6 CMJ [Primärstudie] S. 221: Flight time was assessed using the validated MyJump 2 mobile application, which has demonstrated reliability in previous studies || B5 CMJ [ohne Beleg] S. 221: The average within-player coefficient of variation between trials was 2.3%. || B5 30-m-Sprint [ohne Beleg] S. 222: The within-participant variability between trials, presented as a coefficient of variation, averaged 1.9%. || B8 Yo-Yo IR1 [Primärstudie] S. 222: The speed started at 10 km/h and gradually increased throughout the test (Krustrup et al., 2003).;nein:  ;Relevanz nur als Sammelsatz (CMJ und Sprint als „important physical attributes associated with muscle power in soccer's most intense actions“, Aquino-Review), sonst Detraining-Prozentwerte je Test. Warnung: MyJump-2-Validität nur an Grundschulkindern belegt.;2024_Liu_et_al_Supervised_Offseason_Training_Programs_are_ab
Interventionskorpus;Lloyd 2016;Intervention (randomisiert);"12,7 J. (prä-PHV) bzw. 16,3 J. (post-PHV), männlich, Schüler ohne formales Krafttraining, Schulsport; n = 80";10-m-Sprint (Beschleunigung, stehender Start), fliegender 20-m-Sprint (Maximalgeschwindigkeit), Squat Jump, RSI (5-maximal rebound test);3926;ja;Methodik;Testing Procedures | Anthropometrics | Jump Protocols | Sprinting Protocols;;509;13.0;Sonstiges: Familiarisierungseinheit | Standardisierung/Aufwärmen | Testreihenfolge | Versuche/Pausen | Aggregationsregel | Gerät | Protokoll/Ablauf | Reliabilität (zitiert) | Validität | Sonstiges: Anthropometrie zur Reifebestimmung (Regressionsgleichung);Standardisiert und beschreibt die Durchführung der Sprung- und Sprinttests (Familiarisierung, Aufwärmen, Reihenfolge, drei Versuche mit Bestwert, Geräte, Startbedingungen) und belegt nur für die Sprungtests die Güte mit zitierten ICC-Werten.;526;46;1 Interventionsevidenz (156) · 2 Reifung/Alter (161) · 3 Reifung/Alter (149) · 4 Zweck/Hypothese (60);Z3 → Z6 → Z2 → Z5 → Z8 → Z10;Z3 B9 [Positionspapier/Lehrbuch] S. 1240: Sprinting and jumping ability are fundamental locomotive skills that form part of the athletic motor skill spectrum (23). || Z6 B7 [Primärstudie] S. 1240: they are commonly used as indicators of neuromuscular fitness in youth (33) || Z2 B2 [Primärstudie] S. 1240: within talent identification screens to discriminate between potential elite and nonelite youth athletes (12) || Z5 B4 [Review/MA] S. 1240: Recently, Rumpf et al. (32) reviewed existing speed training literature to examine the effects of different training methods on sprint performance in male youth. || Z8 B4 [Review/MA] S. 1240: boys who were pre-peak height velocity (PHV) and circum-PHV seemed to benefit most from plyometric training || Z10 ohne [ohne Beleg] S. 1240: on measures of neuromuscular performance (squat jump height, reactive strength index, acceleration, and maximal running velocity) in boys of different maturational status;"B6 Squat Jump und RSI (5-maximal rebound test) [Primärstudie] S. 1241: Both protocols have been shown to be a valid and reliable means of assessing neuromuscular performance in youth || B5 Squat Jump und RSI (5-maximal rebound test) [Primärstudie] S. 1241: squat jump, intraclass correlation coefficient = 0.93; reactive strength index, intraclass correlation coefficient = 0.90; (24)). || B8 RSI (5-maximal rebound test) [Primärstudie] S. 1242: Participants were instructed to maximize jump height and minimize ground contact time (8).";nein:  ;Knappe Konstruktkette: Sprint und Sprung als fundamentale Bewegungsfertigkeiten, Indikatoren neuromuskulärer Fitness und Talentkriterium (S. 1240). Diskussion ordnet Squat Jump und Beschleunigung dem langsamen, RSI und Maximalgeschwindigkeit dem schnellen DVZ zu (S. 1246).;2016_Lloyd_et_al_Changes_in_Sprint_and_Jump_performance_afte
Interventionskorpus;Moran 2024;Intervention (randomisiert);22,3 ± 2,7 J., männlich, semiprofessionell (3. Liga Iran), Fußball;Sprint 10/40 m (Lichtschranken), 505, Standweitsprung, Vertikalsprung (Sargent);3996;ja;Methodik;Procedures | Horizontal jump | Vertical jump | Sprint test | Change-of-direction test;"Tests unter „Procedures“ (Ablauf/Standardisierung) mit Run-in-Überschriften je Test; Unterabschnitt „Anthropometry“ (47 W.) nicht mitgezählt";764;19.1;Standardisierung/Aufwärmen | Testreihenfolge | Protokoll/Ablauf | Gerät | Versuche/Pausen | Aggregationsregel | Reliabilität (zitiert) | Sonstiges: Protokollverweis SLJ [13], Familiarisierung über Trainingsroutine, Begründung der Lichtschrankenhöhe;Standardisiert die Testbedingungen und beschreibt je Test Ablauf, Gerät, Versuche und Bestwertregel, jeweils legitimiert über einen zitierten ICC.;506;27;1 Mechanismus/Trainingsmethode (149) · 2 Interventionsevidenz (175) · 3 Lücke (182);Z4 → Z5 → Z5 → Z10;Z4 B3 [Primärstudie] S. 2: ability to generate force at specific velocities, and in specific directions, is important in sports that require dynamic actions such as jumping or sprinting [1] || Z5 B3 [Review/MA + Positionspapier/Lehrbuch] S. 2: supports the use of vertical and horizontal jumps to improve performance in vertically- and horizontally-orientated tasks such as jumping and sprinting respectively [2, 3] || Z5 B4 [Review/MA] S. 2: enhancing vertical performance (i.e. vertical jump) but was superior at enhancing horizontal performance (i.e. horizontal jump, or sprint) || Z10 ohne [ohne Beleg] S. 2: comparing the relative effects on sprint, jump and change of direction (COD) performance of VPT, HPT and V+HPT in adult male soccer players;B8 Standweitsprung [Primärstudie] S. 4: The SLJ was employed to measure horizontal jumping performance and followed the protocol of previous researchers || B5 Standweitsprung [Primärstudie] S. 4: (intraclass correlation coefficient [ICC] = 0.94) [13] || B5 Vertikalsprung (Sargent) [Primärstudie] S. 5: The intra-class coefficient (ICC) in this test was 0.88 [14]. || B5 Sprint 10/40 m [Primärstudie] S. 5: highly reliable in the measurement of linear sprint speed (ICC = 0.89–0.9) in soccer players of a similar age [15, 16] || B13: Vermeidung von Fehlauslösungen Sprint 10/40 m [ohne Beleg] S. 5: The photocells were positioned at roughly hip height to enable the capturing of trunk movement, rather than a false trigger from a limb. || B5 505 [Primärstudie] S. 5: shown to be highly reliable in the measurement of COD ability (ICC = 0.93) in soccer players of a similar age [16];nein:  ;"Zielgrößenwahl über Richtungsspezifität (vertikale vs. horizontale Leistung: VJ vs. SLJ/Sprint); 505 wird nirgends eingeführt. Warnung: ICC-Werte für VJ, Sprint und 505 teils aus Interventionsstudien [14, 16] statt aus Reliabilitätsstudien zitiert.";2024_Moran_et_al_Effect_of_vertical_horizontal_and_combined
Interventionskorpus;Negra 2019;Intervention (randomisiert);"13,0 J., männlich, präpubertär (Maturity Offset etwa −1 J.), regionale Fußballakademie, ca. 5 J. Trainingserfahrung; n = 29, zwei Trainingsgruppen ohne Kontrollgruppe";Sprint 5/10/20 m, Illinois-COD-Test, modifizierter 505 (5 + 5 m), CMJ, Standweitsprung, maximale Schussweite;3778;ja;Methodik;Illinois change of direction test | The modified 505 change of direction test | Sprint-time | Countermovement jump | Standing-long-jump | Maximal kicking distance test;"Je Test eine eigene Überschrift; Familiarisierung, Testliste, 48-h-Abstand und Aufwärmen stehen im Abschnitt 'Experimental design' (115 Wörter, mitgezählt).";638;16.9;Sonstiges: Familiarisierung (zwei Termine) | Standardisierung/Aufwärmen | Protokoll/Ablauf | Gerät | Versuche/Pausen | Aggregationsregel | Reliabilität (eigene Daten) | Sonstiges: Protokollherkunft zitiert (nur Illinois-Test, Schusstest) | Sonstiges: Windbedingung beim Schusstest;Beschreibt je Test in eigenem Unterabschnitt Ablauf, Gerät, Versuche, Pausen, Bestwertregel und eigene Test-Retest-ICC, ergänzt um Familiarisierung und Aufwärmen im Designabschnitt.;755;90;1 Anforderung/Leistungsrelevanz der Zielgrößen (85) · 2 Mechanismus/Trainingsmethode (116) · 3 Mechanismus/Trainingsmethode (119) · 4 Interventionsevidenz (148) · 5 Interventionsevidenz (164) · 6 Zweck/Hypothese (123);Z2 → Z2 → Z5 → Z9 → Z5 → Z10;Z2 B2 [Primärstudie] Ms.-S. 4: physical qualities such as sprinting, jumping, and change of direction (CoD) speed are major determinants of performance. 1 || Z2 B2 [Review/MA + Primärstudie] Ms.-S. 4: characterized by high levels of muscular strength, speed and derivatives thereof (i.e., acceleration, sprinting, jumping, and CoD), when compared to sub-elite soccer players.2,3 || Z5 B4 [Primärstudie] Ms.-S. 5: These authors reported small performance improvements in countermovement jump (CMJ), horizontal jumps, reactive strength index and maximal kicking-velocity (effect size [ES]=0.27 to 0.47) || Z9 B2 [Review/MA] Ms.-S. 5: did not include any measure of CoD or sprinting speed performance, thus limiting the applicability of the results to an important determinant || Z5 B4 [Primärstudie] Ms.-S. 6: These authors found that CoD and sprint performances improved to a larger extent in the LPJT group || Z10 ohne [ohne Beleg] Ms.-S. 6: on a wider range of important performance determinants (i.e., vertical and horizontal jump performance, linear sprint-time, CoD, and kicking distance) in youth soccer players.;B8 Illinois-COD-Test [Primärstudie] Ms.-S. 8: The ICoDT was conducted as previously outlined by Negra et al.3 || B5 Illinois-COD-Test [ohne Beleg (eigene Daten)] Ms.-S. 8: The ICC for test-retest trials was 0.94. || B5 modifizierter 505 (5 + 5 m) [ohne Beleg (eigene Daten)] Ms.-S. 8: The ICC for test-retest trials was 0.94. || B5 Sprint 5/10/20 m [ohne Beleg (eigene Daten)] Ms.-S. 9: The ICCs for test-retest reliability were 0.92, 0.94, and 0.97 for 5-m, 10-m, and 20-m, respectively. || B5 CMJ [ohne Beleg (eigene Daten)] Ms.-S. 9: The ICC for test-retest reliability was 0.96. || B5 Standweitsprung [ohne Beleg (eigene Daten)] Ms.-S. 9: The ICC for test-retest reliability was 0.97. || B8 Schussweite (MKD) [Primärstudie] Ms.-S. 9: The maximal kicking distance test (MKD) was conducted as previously outlined by Bouguezzi et al. 20 || B5 Schussweite (MKD) [ohne Beleg (eigene Daten)] Ms.-S. 10: The ICC for test-retest trials was 0.95.;ja: Mirkov et al.24 reported that CoD performance is a key determinant of high performance play in the sport of soccer. Ms.-S. 13;Diskussion eröffnet jede Zielgröße mit einem Relevanzsatz (Ms.-S. 13–16). Warnung: Relevanzbelege sind teils Interventionsstudien (Einleitung Ref. 1 und 3, Sprung als Talentmarker Ref. 33 = Meylan & Malatesta, 2009). Modifizierter 505 ohne Protokollquelle.;2019_Negra_et_al_The_Increased_Effectiveness_of_Loaded_Versu
Interventionskorpus;Negra 2020;Intervention (randomisiert);"12,8 J., männlich, präpubertär (Tanner, Maturity Offset etwa −1,3 bis −1,5 J.), regionale Vereinsmannschaft, Fußball; n = 34";20-m-Sprint, Illinois-COD-Test, Squat Jump, CMJ, Standweitsprung, 5er-Sprunglauf (MB5), 1RM-Halbkniebeuge;4352;ja;Methodik;2.3. Sprint testing | 2.4. The Illinois change of direction test | 2.5. SJ and CMJ | 2.6. Multiple MB5 | 2.7. SLJ | 2.8. Half-squat | 2.9. Maximal strength assessment;"Je Test eine eigene Überschrift; allgemeine Testbedingungen (Testliste, Familiarisierung, Uhrzeit, Temperatur, Aufwärmen, 2 Versuche mit Bestwert, Reihenfolge) stehen in '2.2. Procedures' (224 Wörter, mitgezählt).";693;15.9;Konstruktdefinition | Sonstiges: Familiarisierung (zwei Termine) | Standardisierung/Aufwärmen | Testreihenfolge | Versuche/Pausen | Aggregationsregel | Protokoll/Ablauf | Gerät | Reliabilität (eigene Daten) | Sonstiges: Protokollherkunft zitiert | Sonstiges: Zwischentests nach 4, 8 und 12 Wochen;Legt Testbedingungen, Reihenfolge und Bestwertregel fest und beschreibt je Test knapp Ablauf, Gerät und eigene Test-Retest-ICC.;514;192;1 Anforderung/Leistungsrelevanz der Zielgrößen (209) · 2 Lücke (305);Z2 → Z1 → Z1 → Z6 → Z2 → Z5 → Z10;Z2 B2 [Primärstudie] S. 620: The capacity of soccer players to produce varied forceful and explosive actions (i.e., sprinting, jumping, and changing direction) highly influences soccer match outcomes.1-3 || Z1 B1 [Primärstudie] S. 620: the majority of the goals are preceded by a linear sprint, a vertical jump, or a change of direction (CoD) || Z1 B1 [Primärstudie] S. 620: Determinant moments of the game such as winning ball possession, scoring, and conceding goals depend on high-speed sprinting,4 || Z6 B2 [Primärstudie + Review/MA] S. 620–621: was shown to be based on CoD performance, and, therefore, the testing of CoD should be used for early selection.2,4–6 || Z2 B2 [Primärstudie] S. 621: these actions discriminate between a successful and less successful performance.1,3 || Z5 B4 [Primärstudie] S. 621: Several studies have reported that RT14–17 and PT5,8 conducted within high-level prepubertal soccer players are better able to enhance varied forceful and explosive actions || Z10 ohne [ohne Beleg] S. 621: explore whether a 12-week RT and PT program would enhance the explosive actions (i.e., sprinting, CoD, strength, and jumping) of prepubertal soccer players;B9 Illinois-COD-Test [ohne Beleg] S. 621: The CoD was evaluated through the Illinois Change of Direction Test. This test evaluates the capacity of subjects to quickly change direction. || B8 Illinois-COD-Test [Primärstudie] S. 622: they swerved in and out of 4 markers, completing two 10-m sprints to finish the course.23 || B5 20-m-Sprint [ohne Beleg (eigene Daten)] S. 622: The intraclass correlation coefficient (ICC) for test–retest trials was 0.96. || B5 Squat Jump, CMJ [ohne Beleg (eigene Daten)] S. 622: The ICCs for test–retest trials were 0.97 and 0.98 for the CMJ and SJ, respectively. || B8 5er-Sprunglauf (MB5) [Primärstudie] S. 622: Participants tried to cover as much distance as possible with 5 forward jumps by alternating left- and right-leg contact.24 || B5 Standweitsprung [ohne Beleg (eigene Daten)] S. 622: The ICC for test–retest trials was 0.93. || B8 1RM-Halbkniebeuge [Primärstudie] S. 622: 1RM assessment was conducted according to the protocol proposed by Faigenbaum et al.18 || B5 alle Tests (Bewertungsschwellen) [Positionspapier/Lehrbuch] S. 623: Reliability for test–retest trials was assessed using ICC, with a value of 0.7–0.8 being questionable and 0.9 being high.26;teilweise: Therefore, these tests were selected because they provided clear information about soccer’s physical demands.8,12,24 S. 624;Testwahl erst in der Diskussion begründet („selected because they provided clear information about soccer’s physical demands“, S. 624), belegt nur mit Trainingsstudien. Warnung: Tor-Aussage (S. 620) mit Little & Williams (2005) und Reilly et al. (2000) statt Spielanalyse belegt.;2020_Negra_et_al_Effectiveness_and_time_course_adaptation_of
Interventionskorpus;Padrón-Cabo 2025;Detraining/Beobachtung (Längsschnitt);U15 (14,7 J.) und U17 (16,8 J.), männlich, Elite (Akademie eines LaLiga-Klubs), Fußball;SJ, CMJ (Kontaktmatte), 20-m-Sprint mit 5-/10-m-Zwischenzeiten (Witty), modifizierter 505, 30-15 IFT;3970;ja;Methodik;Procedures | Vertical Jump Tests | Linear Sprint Test | Modified 505 Test | 30-15 Intermittent Fitness Test;"Tests unter „Procedures“ mit Run-in-Überschriften; Testauswahl nur im Designabschnitt aufgezählt („the following tests were selected“), Messgüte (ICC, CV) im Statistikteil und als Tab. 2 der Ergebnisse";826;20.8;Standardisierung/Aufwärmen | Protokoll/Ablauf | Gerät | Versuche/Pausen | Aggregationsregel | Sonstiges: Ernährungs- und Koffeinvorgaben, Familiarisierung über Trainingsinhalte, Fehlversuchsregeln, Protokollverweise (505 [34], 30-15 IFT [3,6]);Standardisiert beide Testtermine (Kleidung, Tageszeit, Halle, Temperatur, Ruhe, Aufwärmen, Ernährung) und beschreibt je Test Gerät, Ablauf, Versuche und Bestwertregel.;488;0;1 Saisonphase/Detraining (104) · 2 Saisonphase/Detraining (132) · 3 Lücke (154) · 4 Zweck/Hypothese (77);Z8 → Z8 → Z8 → Z9 → Z10;Z8 B4 [Review/MA] S. e149: training cessations during the transition period have shown negative effects on performance in vertical jump, sprint, repeated sprint ability, and intermittent endurance (10,35) || Z8 B4 [Primärstudie] S. e149: Previous studies in professional and semiprofessional soccer players have shown significant decrements in sprint performance (26), repeated sprint ability (9,17,18,37) || Z8 B4 [Primärstudie] S. e149: Joo (17) reported a significant increase in sprint performance after a 1-week training cessation, whereas other studies reported improvements in countermovement jump (29) || Z9 B13: Forschungslücke zu den Zielgrößen [ohne Beleg] S. e149: Moreover, the existing evidence has only focused on repeated sprint ability and intermittent endurance. || Z10 ohne [ohne Beleg] S. e149: the aim of this study was to examine the effects of a 2-week in-season training cessation on neuromuscular and endurance performance;B8 modifizierter 505 [Review/MA] S. e150: was employed to record the performance data during the modified 505 COD test (34) || B8 30-15 IFT [Primärstudie] S. e151: The 30-15IFT was performed as previously described (3,6). || B5 alle (SJ, CMJ, Sprint, 505) [ohne Beleg] S. e151: The within-sessions reliability was analyzed using the intraclass correlation coefficient (ICC3,1) and coefficient of variation (CV).;ja: In soccer, sprinting is considered a key capability for performance and injury prevention (12,22). S. e152;"Relevanz je Zielgröße erst in der Diskussion (Eröffnungssatz je Absatz), Einleitung nur Detraining-Kette mit Gegenbefund. Diagnostik nah am eigenen Setting (Witty, Start 0,5 m, Bestwert aus zwei Versuchen); Abnahmen gegen CV und SWC (Haugen & Buchheit) eingeordnet.";2025_Padron_Cabro_et_al_Effects_of_a_Short_Term_Detraining_P
Interventionskorpus;Sammoud 2024;Intervention (randomisiert);11,8–12,7 J., männlich, präpubertär, regionales Team („highly-trained“, Tunesien), Fußball;CMJ, Standweitsprung, einbeiniger Hop-Test (dominant/nicht dominant), 505, Asymmetriescore;4569;ja;Methodik;Physical fitness tests | Countermovement jump | Standing long jump | Single leg hop test for distance with dominant and non‑dominant leg | The 505 change of direction test;"„Physical fitness tests“ mit Testnamen als Unterüberschriften; Aufwärmen, Testzeit, Umgebung und Familiarisierung stehen im Designabschnitt, die Asymmetrieformel im Statistikteil (beides nicht mitgezählt)";518;11.3;"Protokoll/Ablauf | Gerät | Versuche/Pausen | Aggregationsregel | Reliabilität (eigene Daten) | Sonstiges: Definition des dominanten Beins, Fehlversuchsregel und Protokollverweis beim 505; Zeitmessgerät für den 505 nicht genannt";Beschreibt je Test Ausführung, Versuchszahl und Bestwertregel und belegt die Messgüte mit eigenen Zwischenversuchs-ICCs, ohne die Testwahl zu begründen.;647;366;1 Anforderung/Leistungsrelevanz der Zielgrößen (187) · 2 Anforderung/Leistungsrelevanz der Zielgrößen (288) · 3 Mechanismus/Trainingsmethode (86) · 4 Zweck/Hypothese (86);Z1 → Z1 → Z2 → Z2 → Z5 → Z1 → Z2 → Z9 → Z2 → Z10;Z1 B1 [Review/MA] S. 2: a team sport that places considerable demands on players’ physical fitness, including muscle power, sprint speed, and change of direction [CoD] speed || Z1 B1 [Review/MA] S. 2: soccer players must perform a wide range of activities, such as jumping, kicking, accelerating, and decelerating, sprinting, and changing directions at different angles numerous times || Z2 B2 [Positionspapier/Lehrbuch + Review/MA] S. 2: sprint speed, jump height, and CoD speed can differentiate between soccer players of varying skill levels [3], underscoring the utility of these physical fitness factors || Z2 B2 [Primärstudie] S. 2: these same fitness components appear to correlate with a team’s final ranking in the league during a competitive season [5] || Z5 B4 [Primärstudie + Review/MA] S. 2: growth and maturation cause improvements in these key components of physical fitness [6], the development of these qualities can be further optimized || Z1 B1 [Positionspapier/Lehrbuch + Primärstudie] S. 2: some of the aforementioned qualities are performed unilaterally, which might lead players to develop a preference for using one limb over the other [3, 5] || Z2 B2 [Primärstudie] S. 2: correlation between inter-limb asymmetry derived from the drop jump test and slower sprint … performance in female soccer players aged 21 years [10] || Z9 B2 [Primärstudie] S. 2: revealed no significant relationship between asymmetry measured during jump tests and physical fitness tests (i.e., 30-m linear sprint, and CoD speed tests) || Z2 B12 [Primärstudie] S. 2: increased levels of inter-limb asymmetries may increase the risk of injury in male youth soccer players [14, 15] || Z10 ohne [ohne Beleg] S. 2: the objective of this study was to assess the effects of PJT on physical fitness measures and lower-limb asymmetries in prepuberal male soccer players;B5 CMJ [ohne Beleg] S. 4: The between-trials intraclass correlation coefficient (ICC3,1) was 0.93. || B5 Standweitsprung [ohne Beleg] S. 4: which yielded a value of 0.97, indicating a high level of consistency between the trials || B9 Einbeiniger Hop-Test [Primärstudie] S. 4: The leg used to kick a soccer ball is identified as the dominant leg [27]. || B5 Einbeiniger Hop-Test [ohne Beleg] S. 5: The between-trials ICCs were 0.94 and 0.91 for SHTD-D and SHTD-ND, respectively. || B8 505 [Primärstudie] S. 5: aiming to complete the test in the shortest time possible [28] || B5 505 [ohne Beleg] S. 5: which yielded a value of 0.90, indicating a high level of consistency between the trials || B8 Asymmetriescore [Review/MA] S. 6: using the following equation: (100 / [maximum value] × [minimum value] × -1 + 100) [32];ja: CoD ability is a distinctive feature of performance in male soccer players [37]. S. 6;"Gute Z1→Z2-Kette (Spielanforderung → Trennschärfe → Tabellenplatz → Asymmetrie mit Gegenbefund), Population im Satz genannt. Warnung: Referenznummern teils falsch (McKay-Rahmenwerk als Trennschärfebeleg; „Negra et al. [18]“ ist Al Attar); Sprint begründet, aber nicht getestet.";2024_Sammoud_et_al_Effects_of_plyometric_jump_training
Weitere Trainings-, Akut- und Laborstudien;Birch 2025;Biomechanik/Querschnitt;"Erwachsene, 27 ± 4 J., 10 m./5 w., gesund, ohne Angabe von Sportart/Niveau (Laborstudie); Tabellen n = 12";"präferierte Hüpffrequenz vs. 2,2 Hz und ±20 % auf starrem/elastischem Untergrund; Kontaktzeit, KSP-Exkursion, Plattformenergie; Sprunggelenk-/Mittelfußwinkel, -moment, -arbeit, Quasi-Steifigkeit; iEMG (FDB, AH, Soleus)";4506;ja;Methodik;2.2 Experimental Protocol | 2.3 Platform Characteristics | 2.4 Data Acquisition | 2.4.1 Kinematic and Kinetic Measurements | 2.4.2 Electromyography (EMG) Measurements | 2.5 Data Analysis | 2.5.1 Kinematics and Kinetics | 2.5.2 EMG;"Kein Abschnitt „Testing/Outcome measures“: Messung verteilt auf Versuchsprotokoll (Hüpfaufgabe, Frequenzbedingungen), Plattform (Untergrundbedingung, Kraftmessplatte, Energieberechnung), Datenerhebung und Datenanalyse; Bedingungsvariation und Messung sind verschränkt";1174;26.1;Protokoll/Ablauf | Gerät | Versuche/Pausen | Standardisierung/Aufwärmen | Testreihenfolge | Begründung der Testwahl | Konstruktdefinition | Validität | Sonstiges: Signalverarbeitung und Berechnungswege (Filter, Segmentmodell, inverse Dynamik, Quasi-/Beinsteifigkeit, KSP-Verschiebung, EMG-Normalisierung) | Sonstiges: Beschreibung der Untergrundbedingung (Steifigkeit, Energiespeicherung);Macht den Laborversuch reproduzierbar: Hüpfaufgabe und Bedingungen, Plattform und Messapparatur sowie die Berechnung der biomechanischen Zielgrößen.;691;298;1 Mechanismus/Trainingsmethode (196) · 2 Konstrukt/Diagnostik (290) · 3 Mechanismus/Trainingsmethode (104) · 4 Zweck/Hypothese (101);Z5 → Z6 → Z4 → Z3 → Z6 → Z9 → Z9 → Z4 → Z5 → Z10 → Z10;Z5 B4 [Primärstudie] S. 1: As the energy returned from underfoot surfaces increases, hopping humans reduce active muscle work and muscle activation of the ankle plantar flexors … || Z6 B7 [Primärstudie] S. 2: … often studied using hopping movements as a simplified representation of the “bouncing” gait mechanics that characterize running || Z4 B3 [Primärstudie] S. 2: With increasing hopping cycle frequency and running stride frequency, leg stiffness increases allowing greater peak forces to be applied to the ground || Z3 B9 [Primärstudie] S. 2: It is assumed that unconstrained humans will self-select a preferred frequency at which energy requirements of the task are minimized while spring-like mechanics are maintained || Z6 B7 [Primärstudie] S. 2: It has often been accepted that 2.2 Hz represents the optimal frequency for human hopping || Z9 B13 (Kritik der Datenbasis der Konvention, n = 4) [Primärstudie] S. 2: However, this is informed by an analysis of only four participants on an infinitely stiff surface || Z9 ohne [ohne Beleg] S. 2: our current understanding of how surface stiffness affects lower limb mechanics might be based on unfounded assumptions regarding preferred frequency || Z4 B3 [Primärstudie] S. 2: it appears that both our ankles and feet are responsible for modulating the stiffness requirements of the lower limb || Z5 B4 [Primärstudie] S. 2: it has been shown that foot and ankle muscles adjust their activation levels to modify mechanical work in response to changes in surface stiffness || Z10 ohne [ohne Beleg] S. 2: We first sought to test if preferred human hopping frequency is affected by the mechanical stiffness of the surface underfoot. || Z10 ohne [ohne Beleg] S. 2: we measured kinematics, ground reaction forces, and muscle activation of the right lower limb and foot during a bilateral hopping protocol …;B7 Hüpffrequenz 2,2 Hz (Vorgabebedingung) [ohne Beleg] S. 2: The frequency settings were as follows: 2.2 Hz (as per prior studies) || B13 (Protokolldauer durch Vorbefund gestützt) präferierte Hüpffrequenz [Primärstudie] S. 2: Raburn et al. showed that frequency adjustments plateaued within 30 s, as was allowed here. || B8 Fuß-/Sprunggelenkkinematik (Mehrsegmentmodell) [Primärstudie] S. 3: Foot markers were positioned in accordance with the Istituto Ortopedico Rizzoli (IOR) foot model. || B6 Fuß-/Sprunggelenkkinematik (Mehrsegmentmodell) [Primärstudie] S. 3: Sagittal plane motion recorded using this approach shows good agreement with segment positions recorded using biplanar video radiography. || B8 EMG [Primärstudie] S. 3: … in accordance with previously described B-mode ultrasound-guided insertion techniques || B13 (Artefaktunterdrückung, Signalkonsistenz) EMG [ohne Beleg] S. 4: The 35 Hz cut-off is higher than usual for surface EMG but provided consistency across all signals in our attempt to remove motion artifacts;teilweise: Previously, an average “preferred” frequency of 2.2 Hz has been imposed to understand how humans tune their lower limb mechanics to sustain movement across surfaces S. 6;Für 2.4 nicht einschlägig (Laborbiomechanik, Erwachsene). Allenfalls Warnfigur: Eine verbreitete Testkonvention (2,2 Hz) beruht auf n = 4. Präferierte Hüpffrequenz ≈ 2,2 Hz, eher für 4.5.1 (Tonsignal) relevant.;2025_Birch_et_al_Hz_Plyos
Weitere Trainings-, Akut- und Laborstudien;Hilska 2021;Intervention (randomisiert);"9–14 J. (U11–U14), 1123 m./280 w., wettkampforientierte Top-Nachwuchsvereine (SHA-Auswahl), Fußball, Finnland; n = 1403";"akute fußballbezogene Verletzungen der unteren Extremität (primär), akute Nichtkontaktverletzungen UE (sekundär); Inzidenz je 1000 h Exposition, Subanalysen nach Lokalisation, Gewebe, Schweregrad";3167;ja;Methodik;Outcome Measures | Data Collection;"Verletzungs- und Expositionserfassung (wöchentliche SMS-Abfrage, strukturiertes Telefoninterview durch verblindete Physiotherapeuten, Trainings-/Spielstunden) steht unter „Data Collection“; davon nur diese zwei Absätze gezählt (194 W.), nicht Baseline-Fragebogen und Adhärenzprotokoll";355;11.2;Konstruktdefinition | Begründung der Testwahl | Protokoll/Ablauf | Sonstiges: Klassifikation von Lokalisation und Schweregrad nach Konsensus-Statement | Sonstiges: Expositionserfassung (Trainings-/Spielstunden, Imputation fehlender Angaben) | Sonstiges: Erhebung durch verblindete Physiotherapeuten;Legt primären und sekundären Endpunkt samt Verletzungsdefinition, Lokalisation und Schweregrad nach Konsensus fest und beschreibt die Erfassung von Verletzungen und Exposition als Grundlage der Inzidenzrate.;354;150;1 Anforderung/Leistungsrelevanz der Zielgrößen (59) · 2 Anforderung/Leistungsrelevanz der Zielgrößen (122) · 3 Interventionsevidenz (115) · 4 Zweck/Hypothese (58);Z1 → Z2 → Z2 → Z1 → Z8 → Z4 → Z5 → Z5 → Z10 → Z10;Z1 B12 [Review/MA + Primärstudie] S. 1: Soccer is broadly beneficial for overall health, but there is a downside to participation in the sport—an increased risk of injury. || Z2 B12 [Review/MA] S. 1: Severe and recurrent sports injuries are associated with decreased future physical activity and, consequently, a greater risk for all-cause morbidity, obesity, and posttraumatic osteoarthritis. || Z2 B12 [Review/MA] S. 1: Injuries in youth sports are a public health concern that requires special attention. || Z1 B1 [Primärstudie] S. 2: Injury rates in children’s soccer range from moderate to high when compared with those in other sports but are 3 to 7 times lower … || Z8 B13 (Reifung als Moderator) [Primärstudie] S. 2: Added to the incidence, the severity of injuries also increases during maturation. || Z4 B12 [Primärstudie] S. 2: Previous injuries seem to be a significant risk factor for both reinjuries and new injuries in the youth and adult settings. || Z5 B4 [Primärstudie] S. 2: Several high-quality randomized controlled trials (RCTs) have shown that neuromuscular training (NMT) can prevent lower extremity (LE) injuries in youth and adult soccer … || Z5 B4 [Primärstudie] S. 2: … reported 48% and 50% lower overall injury incidence rates in the intervention groups compared with the control groups having their standard-of-practice warm-up. || Z10 ohne [ohne Beleg] S. 2: our aim was to examine whether an NMT warm-up can reduce the risk of acute LE injuries in Finnish children (U11-U14) soccer players. || Z10 ohne [ohne Beleg] S. 2: Our hypothesis was that the NMT warm-up program would reduce the acute LE injury rate in youth soccer players.;B8 Verletzungsdefinition (Endpunkt) [Positionspapier/Lehrbuch] S. 3: The definition of injury used in this study was according to Fuller and colleagues: any physical complaint sustained by a player … || B9 Verletzungsdefinition (Endpunkt) [ohne Beleg] S. 3–4: This sensitive definition was chosen to cover the whole extent of the injury problem in a youth population. || B8 Lokalisation und Schweregrad [Positionspapier/Lehrbuch] S. 4: Injury site was categorized following the same consensus methdology. || B8 Exposition (Spielzeit) [Positionspapier/Lehrbuch] S. 4: Game exposure was calculated using standard game durations (20-80 minutes) for each age group and number of players on the field (8-11 players).;nein:  ;Für 2.4 kaum einschlägig (Verletzungsendpunkt). Übertragbare Figur: Endpunkt nach Konsensus definieren und die Wahl begründen („sensitive definition was chosen to cover the whole extent…“). Im Projekt Adhärenzreferenz (§ 12, G5).;2021_Hilska_et_al_Neuromuscular_Training_Warm_up_Prevents_Ac
Weitere Trainings-, Akut- und Laborstudien;Koch 2003;Intervention (randomisiert);"32 College-Studierende, 20 ± 3 J., 16 m/16 w; 21 Untrainierte (Krafttrainingskurs), 11 NCAA-Division-I-Sprinter/-Springer (Leichtathletik)";"Standweitsprung (3 Versuche, Bestwert; sofort und 15 min nach vier Aufwärmbedingungen, akutes Crossover); 1RM Kniebeuge als Korrelat";2358;teilweise;Methodik;1RM Tests | Jump Testing and Warm-Up Treatments | Broad jumps.;Kein eigener Testabschnitt für den Standweitsprung: Wahlbegründung steht im gemeinsamen Abschnitt mit den Aufwärmbedingungen (Intervention), das Protokoll unter dem Run-in-Kopf „Broad jumps.“;310;13.1;"Begründung der Testwahl | Validität | Protokoll/Ablauf | Gerät | Versuche/Pausen | Aggregationsregel | Reliabilität (eigene Daten) | Standardisierung/Aufwärmen | Sonstiges: Vertrautheit mit dem Test (Sprungübungen seit Wochen im Training); 1RM-Protokoll nach Lehrbuch mit eigener ICC";Begründet die Wahl des Standweitsprungs mit Verbreitung im Training und Übertragbarkeit auf andere explosive Leistungen und legt Protokoll, Bestwertregel und eigene Reliabilität fest.;445;12;1 Mechanismus/Trainingsmethode (46) · 2 Interventionsevidenz (84) · 3 Lücke (33) · 4 Mechanismus/Trainingsmethode (87) · 5 Mechanismus/Trainingsmethode (98) · 6 Interventionsevidenz (97);Z4 → Z10 → Z10;Z4 ohne [ohne Beleg] S. 710: Thus, many sport activities such as jumping, which rely on dynamic explosive strength, may be enhanced by PAP. || Z10 ohne [ohne Beleg] S. 711: to observe the possible positive or negative effects of stretching, high-force, and high-power warm-ups on the standing broad jump || Z10 ohne [ohne Beleg] S. 711: Secondarily, the relationship between strength (1RM squat) and jump performance was calculated.;B7 Standweitsprung [ohne Beleg] S. 711: The standing broad jump was chosen because it (and derivatives) is commonly used in the training of athletes in various sports. || B6 Standweitsprung [Primärstudie + Positionspapier/Lehrbuch] S. 711: this exercise/test represents an explosive type of movement, which correlates well with other types of explosive movement such as the vertical jump and sprinting || B8 1RM Kniebeuge [Positionspapier/Lehrbuch] S. 711: all subjects were tested for their 1RM squat according to the procedures outlined by Stone and O’Bryant (21). || B5 1RM Kniebeuge [ohne Beleg (eigene Daten)] S. 711: We have shown a high degree of test-retest reliability (intraclass R = 0.93) when using this method in our laboratory.;nein:  ;"Testwahl-Begründung im Methodenteil: Verbreitung im Training plus Korrelation mit Sprint und Vertikalsprung (Übertragbarkeit); eigene ICC 0,984, Bestwert aus drei Versuchen. Aufwärmart ohne Einfluss auf den SBJ (p = 0,157), allerdings College-Stichprobe.";2003_Koch_et_al_Effect_of_Warm_Up_on_the_Standing_Broad_Jump
Weitere Trainings-, Akut- und Laborstudien;Sylvester 2024;Intervention (nicht randomisiert/kontrolliert);"11,8–15,8 J. (13,8 ± 1,2), weiblich, post-PHV, Volleyball-Akademie (höchste nationale Jugendliga U13–U16); n = 23, einarmig ohne KG";Beinsteifigkeit beim submaximalen Hüpfen (bilateral 2,0/2,2 Hz, einbeinig 2,5/3,0 Hz), Standweitsprung und Dreier-Standweitsprung, einbeinige Einfach-/Dreifach-Hops (Landung beidbeinig), Drop Jump 30 cm (RSI);8201;ja;Methodik;2.2 Study procedures | 2.3 Testing protocols | 2.3.1 Anthropometric and maturity measures | 2.3.2 Sub-maximal hopping | 2.3.3 Horizontal jump and hop tests | 2.3.3.1 Broad jumps | 2.3.3.2 Broad hops | 2.3.4 Drop jump | 2.3.5 Generalized joint hypermobility;"Testlogistik (Familiarisierung, Testtage und -reihenfolge, 24-h-Belastungsverzicht, standardisiertes Aufwärmen) steht unter „2.2 Study procedures“, mitgezählt ohne den Designsatz (256 W.); enthalten sind auch die Moderatorentests 2.3.1 und 2.3.5 (292 W.); reine Zielgrößentests 782 W.";1330;16.2;Konstruktdefinition | Begründung der Testwahl | Protokoll/Ablauf | Gerät | Versuche/Pausen | Aggregationsregel | Reliabilität (zitiert) | Validität | Standardisierung/Aufwärmen | Testreihenfolge | Sonstiges: Fehlversuchs- und Ausschlusskriterien | Sonstiges: Familiarisierungstermin eine Woche vor dem Prätest | Sonstiges: Moderatorentests Anthropometrie/Reife und Gelenkhypermobilität (292 W.);Beschreibt Testvorbereitung, Ablauf, Geräte, Versuchszahl und Aggregation der Hüpf-, Sprung- und Drop-Jump-Tests sowie der Moderatorerhebung und stützt Testwahl und Berechnung punktuell auf zitierte Güte- und Protokollquellen.;979;423;1 Anforderung/Leistungsrelevanz der Zielgrößen (252) · 2 Mechanismus/Trainingsmethode (133) · 3 Reifung/Alter (180) · 4 Lücke (414);Z3 → Z1 → Z1 → Z2 → Z4 → Z4 → Z8 → Z5 → Z5 → Z9 → Z10 → Z10;Z3 B9 [Primärstudie] S. 2: The stretch-shortening cycle (SSC) involves the coupling of a stretch action and rapid shortening action, divided by a very brief pause || Z1 B1 [Primärstudie] S. 2: The SSC plays an important role in jumping ability (…), which is a fundamental component for offensive and defensive actions in volleyball || Z1 B1 [Primärstudie] S. 2: These actions require a high level of explosive ability to successfully execute these jumps within the context of a match || Z2 B2 [Review/MA + Primärstudie] S. 2: Jumping high and jumping quickly are relevant skills to develop in volleyball players || Z4 B3 [Review/MA] S. 2: Effective SSC function optimizes elastic energy storage and return, increases stretch-reflex contribution, and increases neuromuscular recruitment and activation || Z4 B3 [Review/MA] S. 2: SSC function is governed by the effective interaction between neural, muscular and muscle-tendon structural factors || Z8 B13 (Reifung als Moderator) [Review/MA] S. 2: These changes lead to a non-linear natural development of the SSC throughout childhood and adolescence || Z5 B4 [Review/MA + Primärstudie] S. 2: In youth, plyometric training enhances the ability to use the SSC, improving jump height, jump distance, reactive strength index (RSI) (…), stiffness (…), and power || Z5 B4 [Primärstudie + Review/MA] S. 2: for outcomes like stiffness, shorter durations of training have proven effective in boys, but are largely unknown in girls || Z9 B4 [Primärstudie + Review/MA] S. 2: fewer studies in girls that evaluate the effect of plyometric training only on leg stiffness, standing long jumps, broad hops (…), triple broad hops … || Z10 ohne [ohne Beleg] S. 2: the aims of this study are to explore the effect of horizontal plyometric training on SSC jumping and hopping || Z10 ohne [ohne Beleg] S. 2–3: The first hypothesis of the study was that an 8-week plyometric training program with horizontal exercises would improve variables associated with stretch-shortening cycle function.;B13 (Ermüdungskontrolle) Testvorbereitung (alle Tests) [Positionspapier/Lehrbuch] S. 3: Participants were asked to refrain from any vigorous activity for 24 h prior to the testing sessions to limit the effects of fatigue || B8 Reifestatus (Moderator) [Primärstudie] S. 3: This data was used in a regression equation to estimate maturity offset and age at PHV which indicate maturity timing || B5, B6 Submaximales Hüpfen (Beinsteifigkeit) [Primärstudie] S. 3: The calculation of leg stiffness using the method described by Dalleau et al. (2004) is valid and reliable in youth hopping on a contact mat || B9 Submaximales Hüpfen (Beinsteifigkeit) [Primärstudie] S. 3: Hopping at 2.5 Hz has been referred to as the hopping frequency during which stiffness is best expressed || B9 Horizontale Sprung- und Hüpftests (allgemein) [Primärstudie] S. 4: Hopping tests are typically executed by taking off and landing on the same leg || B8 Horizontale Sprung- und Hüpftests (allgemein) [Primärstudie] S. 4: The average of the two trials was used for analysis || B8 Standweitsprung einfach/dreifach (broad jump) [Primärstudie] S. 4: Both the single and triple broad jump required the participant to start with a countermovement and jump horizontally as far as possible || B8 Einbeinige Hops einfach/dreifach (broad hop) [Review/MA + Primärstudie] S. 4: The triple broad hop test required participants to perform three maximal consecutive hops for distance without pausing between hops || B5, B6 Drop Jump (RSI) [Primärstudie] S. 4: This method has been shown to be valid and reliable in youth athletes || B8 Drop Jump (RSI) [Primärstudie] S. 4: Three trials were performed and the average of the two best results were used for further analysis || B5, B6 Generalisierte Gelenkhypermobilität (Beighton, Moderator) [Review/MA] S. 4: The GJH was tested using the Beighton score which is a valid and reliable criterion used in diagnosing this condition;teilweise: it is generally accepted that RSI is an important measure of SSC capability in youth athletes related to both athletic performance (…) and injury prevention S. 10;"Muster-Kette: SSC-Definition → Sprungrelevanz im Volleyball → Mechanismus → Reifung. Warnungen: einarmig ohne KG; Projekt führt Sylvester 2024 unter „nicht aufnehmen“ (§ 6.5); DJ-Aggregationsregel mit fachfremder Quelle belegt (Sole 2007, Isokinetik).";2024_Sylvester_et_al_Hz_Dosis_Plyos
Übersichten Training;Bedoya 2015;Systematische Übersicht ohne MA;"7 Studien; Fußballer 10–17 J. (5 männliche, 2 weibliche Kohorten), Nachwuchs präpubertär bis postpubertär";Sprint (10–40 m, RSA), Sprünge (CMJ, SJ, DJ, VJ, SLJ, MB5, RRJ15), Agility (u. a. 505), Schussweite, LIST, Sprint-Cycling;5036;teilweise;Methodik;Experimental Approach to the Problem;"Keine Outcome-Überschrift: Zielgröße nur als Einschlusskriterium „athletic performance“ im ersten Methodenabsatz; die Testkategorien werden erst in Ergebnissen und Diskussion geordnet.";18;0.4;Sonstiges: Einschlusskriterium „athletic performance“ ohne Operationalisierung;"Grenzt lediglich ein, dass eingeschlossene Studien athletische Leistung erfasst haben mussten; Tests werden weder festgelegt noch begründet.";597;36;1 Sonstiges: Verbreitung des Jugendfußballs (130) · 2 Mechanismus/Trainingsmethode (154) · 3 Sonstiges: Sicherheit und Nutzen im Kindes- und Jugendalter (106) · 4 Sonstiges: Verletzungsrisiko und Sicherheit (110) · 5 Lücke (71) · 6 Zweck/Hypothese (26);Z5 → Z1 → Z6 → Z10;Z5 B4 [Review/MA] S. 2351: plyometric training has frequently been used for improving human neuromuscular function and improving performance in both explosive and endurance athletic events (12) || Z1 B1 [ohne Beleg] S. 2351: Soccer is a sport in which the need for power is innate. || Z6 B7 [ohne Beleg] S. 2352: Many types of testing involve jumping, speed, and agility. || Z10 ohne [ohne Beleg] S. 2352: to determine the effectiveness of plyometric training on athletic performance in youth soccer athletes;;teilweise: Improvements in the CMJ can potentially translate into improvements on the field during a soccer game. S. 2358;Warnung: Relevanzsätze der Diskussion schwach belegt – CMJ über Kopfball/Torwartaktionen (langsamer DVZ) ohne Beleg, LIST-Validität nur über Interventionsstudie Siegler et al. (S. 2358). Einleitung begründet Testauswahl nur als Konvention (S. 2352).;2015_Bedoya_et_al_Plyometric_Training_Effects_on_Athletic_Pe
Übersichten Training;Behm 2017;SR/MA;"Kinder und Jugendliche < 18 J. (Studienmittel ca. 12–13,5 J.), überwiegend männlich, trainiert (am häufigsten Fußball) und untrainiert/Sportunterricht; 63 Kraft- und 52 Power-Studien";Kraft (1RM, isometrisch/isokinetisch), Power/Sprung (v. a. CMJ, SJ, DJ, SLJ), Sprint (5–50 m, v. a. 10/20/30 m);4133;teilweise;Methodik;Inclusion Criteria (Study Selection);"Kein Outcome-Abschnitt: Zielgrößen nur als Einschlusskriterium (2) mit Beispieltests; die Kategorisierung Kraft / Power (Sprung) / Speed (Sprint) gliedert erst die Ergebnisüberschriften.";44;1.1;Sonstiges: Kategorisierung der Zielgrößen (Kraft, Power als Sprung, Speed als Sprint) mit Beispieltests (1RM, CMJ, SLJ, 10-m-Sprint);Legt über ein Einschlusskriterium fest, welche Kraft-, Sprung- (als Power-Proxy) und Sprintmaße als Zielgrößen zählen.;858;80;1 Interventionsevidenz (239) · 2 Mechanismus/Trainingsmethode (410) · 3 Reifung/Alter (116) · 4 Zweck/Hypothese (93);Z9 → Z9 → Z6 → Z4 → Z5 → Z8 → Z5 → Z10 → Z10;Z9 B4 [Primärstudie] S. 2: far fewer RT studies that measured power capacities, which only provided small effects for adolescents and unclear effects of RT on improving power for children || Z9 ohne [ohne Beleg] S. 2: could be attributed to the few studies published up to that year that monitored proxies of power. || Z6 B3 [Review/MA] S. 2: According to the concept of training specificity, an effective transfer of training adaptations occurs when the training matches the task (e.g., testing, competition) || Z4 B3 [ohne Beleg] S. 2: Since high power outputs involve explosive contractions with forces exerted at higher velocities, RT programs using low to moderate loads … would not match power characteristics. || Z5 B4 [Review/MA] S. 2: They suggested that plyometric training had a large positive effect on running, jumping, kicking distance, balance, and agility with children. || Z8 B13 (Alters-/Reifeunterschiede) [Positionspapier/Lehrbuch] S. 2: While many power activities involve shorter duration, higher intensity, explosive type contractions (anaerobic emphasis), children are reported to possess reduced anaerobic capacities || Z5 B4 [Review/MA] S. 2: show small effect sizes following RT on measures of power in child athletes and moderate effect sizes in adolescent athletes || Z10 ohne [ohne Beleg] S. 2: whether there are different effects following strength vs. power training on measures of muscle strength, power, and speed in … children and adolescents || Z10 B3 [ohne Beleg] S. 2: power training programs will provide more substantial improvements in power and speed measures than traditional strength programs with youth.;B9 Sprung (CMJ, SLJ) als Power-, 10-m-Sprint als Speed-Maß [ohne Beleg] S. 3: power-related [e.g., countermovement jump (CMJ), horizontal or standing long jump (SLJ)] or speed-related (e.g., 10-m sprint time) dependent variables;nein:  ;"Testspezifität als Brücke Intervention–Zielgröße: Transfer nur bei Passung von Training und Test (Sale & MacDougall, 1981); Diskussion kontrastiert beidbeinige Sprungtests mit einbeinigen Landungen/Abdrücken im Sprint. Zielgrößen selbst weder definiert noch begründet.";2017_Behm_et_al_ffectiveness_of_Traditional_Strength_vs_Powe
Übersichten Training;Markovic 2010;Narrative Übersicht/Positionspapier;"Kinder, Jugendliche und Erwachsene (bis postmenopausal), beide Geschlechter, Athleten und Nicht-Athleten verschiedener Sportarten; PLY-Studien ≥ 4 Wochen (1966–2009)";Knochen, Muskel-Sehnen-Steifigkeit, Muskelphysiologie/EMG, Kraft/Power/RFD, DVZ-Funktion (CMJ–SJ, RSI), Vertikalsprung (SJ, CMJ, CMJA, DJ), Horizontalsprung (Weitsprung, SLJ, 5er-Sprung), Sprint 10–55 m, Agility (T-Test, Illinois u. a.), Ausdauer (VO2max, RE, Wettkampfzeit), Verletzungsrate;9319;teilweise;mehrere: Methodik (1. Search Strategy) und Hauptteil (2.2.7, 2.3.1–2.3.4);1. Search Strategy | 2.2.7 Stretch-Shortening Cycle Muscle Function | 2.3 Athletic Performance Adaptation to PLY | 2.3.1 Jumping Performance (Vertical/Horizontal Jumping Performance) | 2.3.2 Sprinting Performance | 2.3.3 Agility Performance | 2.3.4 Endurance Performance;Kein Zielgrößen-/Diagnostikabschnitt: Die Leistungszielgrößen werden in den nach Zielgröße gegliederten Ergebnisabschnitten 2.3.1–2.3.4 mit 1–4 Sätzen (Relevanz, Definition, Determinanten) und einer Liste der in den Primärstudien verwendeten Tests eingeführt. Gezählt sind nur diese Passagen, dazu die Definition der Leistungsvariablen/Effektmaße in 1. und die Messung der DVZ-Funktion in 2.2.7 (Satzzählung mit text).;764;8.2;Konstruktdefinition | Relevanzbegründung | Validität | Sonstiges: Liste der Leistungsvariablen und relatives Effektmaß (%) | Sonstiges: Übersicht der in den Primärstudien verwendeten Tests (Sprungtypen, Horizontalsprung-, Agility-Tests) | Sonstiges: Determinanten der Fähigkeit (DVZ, Motorik, VO2max/Laufökonomie);Führt jede Leistungszielgröße vor der Effektsynthese knapp über Relevanz, Definition und die in den Primärstudien verwendeten Tests ein.;299;20;1 Mechanismus/Trainingsmethode (120) · 2 Interventionsevidenz (98) · 3 Zweck/Hypothese (81);Z5 → Z6 → Z5 → Z10 → Z3 → Z2 → Z2 → Z4 → Z3 → Z4 → Z6;Z5 B4 [Review/MA] S. 860: PLY has been extensively used for augmenting dynamic athletic performance, particularly vertical jump ability.[2-4] || Z6 B7 [Primärstudie] S. 860: the vast majority of the earliest PLY studies examined the effects of SSC jumping programmes on vertical jump height.[5-12] || Z5 B4 [Primärstudie] S. 860: PLY has been frequently used for improving human neuromuscular function in general,[14-16] as well as for improving performance in both explosive[9,17,18] and endurance athletic events.[19,20] || Z10 ohne [ohne Beleg] S. 860–861: to critically review the available literature related to PLY and its effects on the human neural and musculoskeletal systems, athletic performance and injury prevention || Z3 B7 [Primärstudie] S. 875 (Abschn. 2.2.7): The efficacy of the fast SSC, also known as reactive strength,[108] is usually assessed by dividing the DJ height with ground contact time || Z2 B2 [Review/MA] S. 880 (Abschn. 2.3.1): the improvement in vertical jump height of ~7–13% … may be of high importance for trained athletes in sports such as volleyball, basketball or high jump.[3] || Z2 B2 [ohne Beleg] S. 881 (Abschn. 2.3.2): Sprint running, in varying degrees, is essential for successful performance in many sports. || Z4 B3 [ohne Beleg] S. 881–882 (Abschn. 2.3.2): It represents a multidimensional movement skill that requires an explosive concentric and SSC force production of a number of lower-limb muscles. || Z3 B9 [Review/MA] S. 882 (Abschn. 2.3.3): Agility has been defined as a rapid whole-body movement with change of velocity or direction in response to a stimulus.[151] || Z4 B3 [ohne Beleg] S. 882 (Abschn. 2.3.3): Most agility tasks require a rapid switch from eccentric to concentric muscle action in the leg extensor muscles (i.e. the SSC muscle function). || Z6 ohne [Primärstudie] S. 883 (Abschn. 2.3.3): Agility assessment has been performed using the following various agility tests: T-agility test,[121,123] Illinois agility run,[121] pro agility shuttle run,[140] 20 yard shuttle run,[7,14];;teilweise: Sprint running, in varying degrees, is essential for successful performance in many sports. S. 881;"Agility-Definition (Sheppard & Young, 2006) mit ausdrücklicher Beschränkung auf die physische Richtungswechselkomponente; RSI als Maß des schnellen DVZ (DJ-Höhe/Kontaktzeit, Grenze 0,25 s). Warnung: Sprint-Relevanzsatz ohne Beleg; Horizontalsprung nur sechs Studien.";2010_markovic_Mikulic_Neuro_MusculoskeletalandPerformance
Übersichten Training;Moran 2016;SR/MA;"21 Studien (30 ES); männliche Nachwuchsathleten im organisierten Sport, Mittelalter 10–18 J. (PRE/MID/POST-PHV über Altersgruppen), überwiegend Fußball, dazu u. a. Basketball, Handball, Tennis";CMJ-Sprunghöhe (Post-Werte Interventions- vs. Kontrollgruppe);4724;teilweise;Methodik;Literature Search | Data extraction;Kein Outcome-Abschnitt: CMJ als Einschlusskriterium (Post-Werte M, SD) unter „Literature Search“, Wahl des CMJ mit Begründung in einem Satz unter „Data extraction“.;48;1.0;Begründung der Testwahl | Relevanzbegründung | Reliabilität (zitiert) | Sonstiges: Einschlusskriterium Post-Werte (M, SD) des CMJ in Interventions- und Kontrollgruppe;Legt den CMJ als einheitliches Effektmaß fest und begründet die Wahl mit Konsistenz, Sportrelevanz und hoher Reliabilität.;656;68;1 Konstrukt/Diagnostik (68) · 2 Interventionsevidenz (305) · 3 Reifung/Alter (157) · 4 Lücke (89) · 5 Zweck/Hypothese (37);Z4 → Z2 → Z5 → Z5 → Z8 → Z8 → Z10;Z4 B9 [Positionspapier/Lehrbuch + Review/MA] Ms.-S. 1: The stretch forces that occur during movement give rise to eccentric muscle contractions, with the resultant stored elastic energy contributing to a potentiation of force || Z2 B3 [Primärstudie] Ms.-S. 1: an important determinant of good athleticism considering its influence on sprinting (79), jumping (35) and change of direction ability (58) || Z5 B4 [Primärstudie] Ms.-S. 1: has been validated as an effective way of enhancing power performance in youth (9, 10, 63, 65, 76, 84, 93) || Z5 B4 [Review/MA] Ms.-S. 2: Markovic (55) reported a pooled effect size of 0.88 (95% confidence interval: 0.64-1.11) in relation to jump performance || Z8 ohne [Primärstudie] Ms.-S. 2: Lloyd et al. (45) demonstrated that there may exist periods of accelerated adaptation for SSC development || Z8 ohne [Primärstudie] Ms.-S. 2: maturation-dependent development of the neuromuscular system plays a role in the prospective pattern of adaptation to PT (46) || Z10 ohne [ohne Beleg] Ms.-S. 3: This meta-analysis seeks to establish if PT is more effective at enhancing power performance in male youth athletes at specific junctures across childhood and adolescence;B2 CMJ [Positionspapier/Lehrbuch] Ms.-S. 5: For consistency, a CMJ was used for the calculation of effect sizes due to its relevance to sport (28) || B5 CMJ [Primärstudie] Ms.-S. 5: due to its relevance to sport (28) and high reliability (86);nein:  ;CMJ-Wahl begründet mit „relevance to sport“ (Harman, Lehrbuch) und „high reliability“ (Slinde et al., 2008) (Ms.-S. 5). CMJ als langsame DVZ-Bewegung (Ms.-S. 10). Warnung: CMJ-Befunde evtl. nicht auf horizontale Sprünge übertragbar (Ms.-S. 13).;2016_Moran_et_al_Age_related_variation_in_male_youth_athlete
Übersichten Training;Oliver 2024;SR/MA;≤ U18, männlich, hohes Niveau/hochtrainiert (Tier 3+ oder Trainingsstunden), Fußball;"Beinkraft; SJ; CMJ; horizontale Sprungkraft (Standweitsprung, Dreisprung, Bounding); Beschleunigung 0–10 m; Geschwindigkeit 15–40 m; Richtungswechsel (CODS)";5486;teilweise;Methodik;2.2.2.2 Outcome | 2.4 Data Extraction and Interpretation;"Eigene PICO-Unterüberschrift „Outcome“ mit nur einem Satz; Kategorisierung und Operationalisierung (Distanzen, Testauswahl je Studie) stehen im Abschnitt „Data Extraction and Interpretation“.";215;3.9;Konstruktdefinition | Begründung der Testwahl | Sonstiges: Einschlusskriterium Zielgröße (PICO) | Sonstiges: Auswahlregel bei mehreren Tests/Distanzen je Studie (längste Distanz, längster COD-Test, Einzelsprung);Legt fest, welche Tests als Kraft-, Sprung-, Sprint- und Richtungswechselmaße gelten, grenzt Beschleunigung (0–10 m) von Geschwindigkeit (15–40 m) ab und regelt, welcher Wert je Studie eingeht.;959;167;1 Anforderung/Leistungsrelevanz der Zielgrößen (126) · 2 Sonstiges: Trainingsstatus (Frühspezialisierung, Trainingsumfang, Elite vs. Nicht-Elite) (244) · 3 Mechanismus/Trainingsmethode (200) · 4 Lücke (389);Z1 → Z1 → Z2 → Z2 → Z4 → Z5 → Z8 → Z8 → Z10;Z1 B1 [Primärstudie + Review/MA] S. 624: Soccer is considered to be highly physical and demanding in nature [1, 2], even at a youth level [3–6]. || Z1 B1 [Primärstudie] S. 624: During a full-length game, players can be required to perform ~ 1350 high-intensity activities, including jumps, brief sprints and changes of direction || Z2 B1 [Primärstudie + Review/MA] S. 624: These strength, power and speed-related actions are important for success, contributing towards retaining or retrieving ball possession and creating goal scoring opportunities || Z2 B2 [Primärstudie + Review/MA] S. 624: sprint speed, change of direction speed (CODS) and jump performance […] distinguish between more and less successful players at the junior level || Z4 B3 [Primärstudie] S. 624: strength has been shown to be related to acceleration, speed, CODS and power in youth soccer players [24–28] || Z5 B4 [Primärstudie + Review/MA] S. 624: this form of training can improve muscular power, maximal strength, and sprinting and acceleration capabilities in young male and female soccer players [31–33] || Z8 ohne [ohne Beleg] S. 625: exposed to a high volume of training, which will include a high exposure to sprinting, accelerating and decelerating, changing direction and jumping || Z8 B4 [Review/MA] S. 625: Behm et al. [39] showed that trained youth athletes experience smaller gains in strength and power than their untrained counterparts || Z10 ohne [ohne Beleg] S. 625: the purpose […] was to examine the specific effects of strength, plyometric and combined training on the strength, power and speed characteristics;"B9 Sprint (Beschleunigung 0–10 m, Geschwindigkeit 15–40 m) [Review/MA] S. 626: Acceleration was presented as sprint time over distances of 0–10 m, and speed was represented as sprint time over distances of 15–40 m [56] || B8 Richtungswechsel (CODS) [Review/MA] S. 626: Where multiple CODS tests were reported, the test with the longest time to completion was taken forward to the analysis [57]. || B9 horizontale Sprungkraft (Standweitsprung, Dreisprung, Bounding) [ohne Beleg] S. 626: Horizontal power was represented by jump distance in tests such as a standing broad jump, triple hop and bounding tests || B13 alle Zielgrößen (ein Wert je Studie; Sonstiges: Vermeidung abhängiger Effektgrößen) [ohne Beleg] S. 626: To prevent the inflation of effects, where a study reported multiple measures for a given outcome […], a single outcome was extracted";teilweise: Strength and strength training have been suggested to be important in youth soccer because of associations with both physical performance […] and injury prevention S. 633;Kette: ~1350 hochintensive Aktionen je Spiel (Mohr et al., 2003) → Torsituationen → Trennschärfe bei Junioren. Operationalisierung: Beschleunigung 0–10 m, Geschwindigkeit 15–40 m (Rumpf et al., 2011). Warnung: COD-Effekte test- und bewegungsspezifisch.;2024_Oliver_et_al_The_Effects_of_Strength_Plyometric_and_Com
Übersichten Training;Olivier 2026;SR/MA;13–18 J., männlich, verschiedene Sportarten (12 von 18 Studien Fußball), Schul- bis Akademieniveau;"Verletzungen: Anzahl, Inzidenz (je 1000 h), Prävalenz; sekundär Kontakt-/Nicht-Kontakt-Verletzungen, Schweregrad (IOC-Konsens)";5291;teilweise;Methodik;2.3. Procedures | 2.1. Deviation from the published protocol | 2.5. Statistical analysis;"Keine Outcome-Überschrift: Zielgrößendefinition als Absatz in „Procedures“ (primär Anzahl, Inzidenz, Prävalenz; sekundär Kontakt/Nicht-Kontakt, Schweregrad nach IOC-Konsens), ergänzt um Protokollabweichungen bei den Zielgrößen („Deviation“) und operationale Definitionen von Inzidenz und Prävalenz („Statistical analysis“).";150;2.8;Konstruktdefinition | Sonstiges: Schweregradkategorien nach IOC-Konsens (Bahr et al., 2020) | Sonstiges: Protokollabweichung bei Zielgrößen (akut/chronisch → Kontakt/Nicht-Kontakt) | Sonstiges: Vergleichbarkeit der Definitionen zwischen Studien;Legt primäre (Anzahl, Inzidenz, Prävalenz) und sekundäre Verletzungszielgrößen (Kontakt/Nicht-Kontakt, Schweregrad) fest und sichert ihre Vergleichbarkeit über Konsensdefinitionen.;536;150;1 Anforderung/Leistungsrelevanz der Zielgrößen (181) · 2 Mechanismus/Trainingsmethode (89) · 3 Lücke (93) · 4 Lücke (97) · 5 Zweck/Hypothese (76);Z2 → Z1 → Z8 → Z8 → Z4 → Z4 → Z9 → Z9 → Z6 → Z10 → Z10;Z2 B12 [Review/MA] S. 1: Youth sports promote physical health, social growth, and psychological well-being but carry potential injury risks (McKay et al., 2019). || Z1 B12 [Primärstudie] S. 1: Prieto-González et al. (2021) found adolescent injury rates at 2.64 per 1000 h with 40.4% annual prevalence in organised sports. || Z8 B12 [Primärstudie] S. 1: Male data have been reported to be double the injury rate of females (23.8% vs. 12.4%) (LeBrun et al., 2018). || Z8 B12 [Positionspapier/Lehrbuch] S. 1: Rapid growth has been described as a risk factor for overuse and growth plate injuries during adolescence (Jayanthi et al., 2022). || Z4 B13 [Primärstudie] S. 1: Changes in the center of mass, skill regression, and higher training volumes also elevate the injury risk (Patel et al., 2021). || Z4 B3 [Primärstudie] S. 1: Additional risk factors include decreased bone density, increased tensile forces, limited flexibility, and reduced neuromuscular control (McKay et al., 2016). || Z9 ohne [Review/MA] S. 2: Previous reviews included both sexes (Hübscher et al., 2010), focused on lower extremity or ankle injuries || Z9 ohne [ohne Beleg] S. 2: Previous reviews mostly excluded severity. || Z6 B9 [Positionspapier/Lehrbuch] S. 2: This comprehensive approach is important as reduced injury incidence may not affect injury severity (Verhagen et al., 2024), which impacts developing athletes' long-term health || Z10 ohne [ohne Beleg] S. 2: evaluate the effect of NMTS on injury rates among adolescent male athletes by examining injury numbers, incidence (injuries per 1000 athlete hours), and prevalence || Z10 ohne [ohne Beleg] S. 2: Our secondary objectives were to analyse the impact of NMTS holistically on contact and non-contact injuries and their severity.;B7 Verletzungsschweregrad [Positionspapier/Lehrbuch] S. 2: The injury severity definition was updated to align with the International Olympic Committee (IOC) consensus statement (Bahr et al., 2020). || B9 Verletzungsschweregrad [Positionspapier/Lehrbuch] S. 2: injury severity categorised as slight (0 days), minor (1-7 days), moderate (8-28 days), and severe (>28 days) (Bahr et al., 2020) || B13 Kontakt-/Nicht-Kontakt-Verletzungen (Sonstiges: Berichtslage der Primärstudien) [ohne Beleg] S. 2: The inadequate reporting of acute/chronic injuries urged the authors to modify and examine contact and non-contact injuries instead. || B11 alle Verletzungsmaße [ohne Beleg] S. 2: Authors were contacted when definitions were unclear, and only compatible definitions were used to compare results.;"nein: Kein Relevanzsatz; nächstliegend (Konstruktsatz): „Contact injuries are caused by another player or external influence (Owoeye et al., 2014; Steffen et al., 2008) and difficult to prevent through intervention.“ S. 10";Übertragbar: Zielgrößen nach Konsensdefinition (IOC) festlegen – „different definitions make results incomparable“. Warnung: Risikofaktorsatz zitiert McKay et al. (2016), eine Studie zur Umsetzungsabsicht des FIFA 11+.;2026_et_al_Effect_of_neuromuscular_training_strategies_on_in
Übersichten Training;Ramirez-Campillo 2020;SR/MA;"33 Studien (1.499 Teilnehmende); gesunde männliche Fußballer ≤ 23 J. (U-17 bis U-23), unterschiedliche Leistungsniveaus";Vertikalsprung (CMJ, CMJ mit Armen, SJ), Linearsprint 5, 10, 20, 30, 40 m;7027;teilweise;Methodik;2.1 Eligibility criteria | 2.4 Data items;Keine Überschrift „Outcomes“: Zielgrößen im PRISMA-Punkt „Data items“ (erste zwei Sätze) und als Einschlusskriterium iv festgelegt.;104;1.5;Konstruktdefinition | Begründung der Testwahl | Relevanzbegründung | Reliabilität (zitiert) | Sonstiges: Einschlusskriterium „logically defensible rationale“ mit Schwellen ICC > 0,75 und CV < 8 %;Legt Vertikalsprung (Höhe) und Linearsprint (Zeit) als Hauptzielgrößen fest und begründet sie mit Konsistenz zwischen Studien, Fußballrelevanz im Nachwuchs und einem Reliabilitätskriterium.;939;245;1 Anforderung/Leistungsrelevanz der Zielgrößen (245) · 2 Interventionsevidenz (361) · 3 Lücke (202) · 4 Zweck/Hypothese (131);Z1 → Z1 → Z2 → Z2 → Z5 → Z5 → Z7 → Z9 → Z8 → Z10 → Z10;Z1 B1 [Review/MA] Ms.-S. 3: soccer players must also perform numerous explosive actions [6], including jumping, kicking, accelerating, decelerating and changing of movement direction || Z1 B1 [Primärstudie] Ms.-S. 3: the straight sprint (45%) and the vertical jump (16%) have been shown to be the two most frequent actions preceding goal situations in soccer [4] || Z2 B2 [Primärstudie] Ms.-S. 3: a significant relationship between team average for vertical jump height and the final league standing of teams has been observed [1] || Z2 B2 [Primärstudie] Ms.-S. 3: youth elite and sub-elite players were shown to jump higher and run faster than non-elite [8, 9] || Z5 B4 [Review/MA] Ms.-S. 3: the inclusion of plyometric jump training (PJT), combined with young athletes’ regular soccer sessions, has the potential to improve many components of physical fitness [13] || Z5 B4 [Primärstudie] Ms.-S. 3: previous research in U-17 male soccer players showed that PJT can substantially improve these physical fitness traits after eight weeks of exercise [20] || Z7 B13 (Testprotokoll als Ursache widersprüchlicher Befunde) [Review/MA] Ms.-S. 3: participants’ characteristics (e.g., initial fitness level) [26, 27] or the sprint or jump testing protocols [28, 29] || Z9 ohne [Review/MA] Ms.-S. 4: in some of the analysed outcomes (i.e., 15-m sprint) very few studies were included (n=2) [30], precluding a robust conclusion || Z8 ohne [Review/MA] Ms.-S. 4: males and females experience different effects from PJT according to sex-specific maturational development [31-37] || Z10 ohne [ohne Beleg] Ms.-S. 4: the aim of this SRMA was to assess the effects of PJT on jumping and sprinting among young male soccer players || Z10 B4 [Review/MA] Ms.-S. 4: we hypothesised PJT would exert beneficial effects on jumping and sprinting among young male soccer players;"B5 Vertikalsprung und Linearsprint [Primärstudie + Review/MA] Ms.-S. 4: selected based on a logically defensible rationale [4, 44, 46], usually with a high measurement reliability (ICC >0.75; CV <8%) [47, 48] || B7 Vertikalsprung und Linearsprint [ohne Beleg] Ms.-S. 5: were chosen as the main outcomes based on establishing a degree of consistency between analysed studies || B2 Vertikalsprung und Linearsprint [Primärstudie] Ms.-S. 5: separate indicators of fitness relevant to soccer performance, particularly at youth level where maturational changes are taking place [12, 49, 50]";teilweise: the attainment of the more sport-specific horizontally-orientated performance [4] could take longer to achieve Ms.-S. 13;Relevanzkette (Ms.-S. 3): Sprint 45 %/Sprung 16 % vor Toren (Faude 2012, Profis) → Trennschärfe Elite/Nicht-Elite. Methodik: ICC > 0,75, CV < 8 %. Warnung: „testing protocols“-Beleg [28] = Sáez de Villarreal 2009, dort kein Testart-Effekt.;2020_Ramirez_Campillo_et_al_Effects_of_plyometric_jump_train
Übersichten Training;Ramirez-Campillo 2023;SR/MA;"Kinder/Jugendliche < 18 J. (Gruppenmittel 10,5–16,4 J.), 7 Studien männlich, 4 weiblich, Schulsport und Vereinssport (u. a. Fußball, Feldhockey, Volleyball), prä-/post-PHV; 11 Studien, n = 744";Maximalkraft (1RM), COD-Zeit, Linearsprint-Zeit, Horizontalsprung, SJ, CMJ, RSI, sportspezifisch (Schussgeschwindigkeit/-weite, Dribbling);6947;teilweise;Methodik;Data Extraction;"Inhaltlich ein Outcome-Abschnitt („Types of outcome measures“), aber als „Data Extraction“ betitelt; gezählt Abs. 1–2 ohne Extraktionsverfahren. Die PICO-Zeile „Outcome“ steht nur in Tab. 1 und ist nicht gezählt.";348;5.0;Relevanzbegründung | Reliabilität (zitiert) | Begründung der Testwahl | Sonstiges: Auswahlhierarchie bei mehreren Tests/Messgrößen (Repräsentativität, Spezifität, Reliabilität), Messzeitpunktregel, Leistungs- vor biomechanischen Variablen;Legt fest, welcher Test je Fitness-/SSP-Kategorie in die Metaanalyse eingeht, und begründet die Auswahl über Gesundheits-/Leistungsbezug, Reliabilität, Repräsentativität und Spezifität.;878;60;1 Mechanismus/Trainingsmethode (137) · 2 Mechanismus/Trainingsmethode (210) · 3 Reifung/Alter (397) · 4 Lücke (134);Z2 → Z2 → Z5 → Z8 → Z9 → Z9 → Z10;"Z2 B12 [Review/MA] S. 2: Physical fitness is correlated to current and future health outcomes [1–3]. || Z2 B12 [Review/MA] S. 2: high levels of physical fitness appear to facilitate motor skill learning [5–8] … and help to reduce the risk of sustaining musculoskeletal injuries [9–12]. || Z5 B4 [Primärstudie] S. 2: Interventions using PJT have proven to be effective to promote … measures of physical fitness (e.g., linear sprint speed) [8, 24–28] and SSP || Z8 B13 (Reifung) [Review/MA] S. 2: during the youths’ maturation process a cascade of biological events … all of which may influence the physical fitness and SSP responsiveness to PJT || Z9 ohne [Review/MA] S. 3: used different methods to estimate participants’ maturity status (e.g., age at peak height velocity [PHV]; Tanner stages) … This makes a comparison between studies difficult. || Z9 ohne [ohne Beleg] S. 3: Therefore, there is a need for a meta-analysis to compute outcome-specific results according to the maturity status of the participants involved in PJT. || Z10 ohne [ohne Beleg] S. 3: set out to analyse … peer-reviewed articles assessing the effects of PJT on measures of physical fitness and SSP according to the participants’ maturity status";B12 alle Fitness- und SSP-Tests [Review/MA] S. 5: as these may reflect different physiological and biomechanical markers related to the health status, the injury risk, and sport-related long-term effective participation [2, 72–75] || B5 Sprung (CMJ-Höhe), Sprint (20 m), Balance, Ausdauer, Kraft (1RM) [Review/MA] S. 5: show very high test–retest reliability with an intraclass correlation coefficient of > 0.9 [76–81], which is essential to ensure strong consistency between the analysed studies || B13 (Repräsentativität/Spezifität) mehrere Tests derselben Kategorie (z. B. 20-m-Shuttle-Run vs. Yo-Yo) [ohne Beleg] S. 5: we included the test that is most representative of the respective outcome variable under consideration;teilweise: Maximal-intensity short-duration linear and COD running movements frequently occur in youth male and female basketball (every 1–2 s), soccer (every 3–6 s) S. 14;"Methodik-Muster: Testauswahl nach Repräsentativität, Spezifität, Reliabilität; Diskussionskette Sprint/COD: Häufigkeit im Jugendspiel → Determinanten → Verletzung/SSP; COD vorgeplant vs. reaktiv. Warnung: ICC-Sammelbeleg enthält Trainings-MA (Asadi 2016); Häufigkeitsbeleg u. a. „high-standard“-Spieler (Mohr 2003).";2023_Ramirez_Campilo_et_al_Plyometric_Jump_Training_Effects
Übersichten Training;Sáez de Villarreal 2009;SR/MA;"56 Studien (225 ES) ohne Alters-/Geschlechtsgrenze; Männer und Frauen, Mittelalter ca. 11–31 J., Nichtsportler bis international, diverse Sportarten (u. a. Leichtathletik, Volleyball, Basketball, Fußball)";Vertikale Sprunghöhe (VJH) aus SJ, CMJ, DJ, Sargent-Sprung;3318;teilweise;Methodik;Study Selection | Identification of the Independent Variables;Keine Outcome-Überschrift: Zielgröße nur als vierter Bereich „outcome measurements“ (Art des Sprungtests) der unabhängigen Variablen kodiert, Messgüte als Auswahlkriterium 3 der Studienselektion.;28;0.8;Sonstiges: Auswahlkriterium Messgüte (hohe Reliabilität und Validität der Instrumente) | Sonstiges: Kategorisierung der Zielgröße nach Sprungtest (SJ, CMJ, DJ, Sargent) als Moderatorvariable;"Kodiert die Zielgröße nur als Moderatorvariable (Art des Sprungtests) und verlangt reliable, valide Messinstrumente; eine inhaltliche Begründung der Zielgröße fehlt.";592;0;1 Mechanismus/Trainingsmethode (175) · 2 Interventionsevidenz (98) · 3 Interventionsevidenz (88) · 4 Interventionsevidenz (78) · 5 Sonstiges: Begründung der Metaanalyse (mit Lücke und Zweck) (153);Z5 → Z5;Z5 B4 [Primärstudie] S. 495: Numerous studies on plyometric training have demonstrated improvements in vertical jump height (VJH) || Z5 B4 [Primärstudie] S. 495–496: a number of authors failed to report significant positive effects of plyometric on VJH;B5, B6 Vertikalsprungtests (SJ, CMJ, DJ, Sargent) [Positionspapier/Lehrbuch] S. 496: studies using instruments with high reliability and validity;ja: could be of practical relevance for trained athletes in sports aiming at achieving optimum jumping performance S. 500;Testart (SJ, CMJ, DJ, Sargent) ohne Einfluss auf ES (Tab. 5, S. 503: F(3,121) = 0,731, p = 0,572). Warnung: S. 502 behauptet größere DJ-Effekte, Tab. 5 zeigt SJ 0,79 > CMJ 0,74 > DJ 0,71.;2009_S_ez_S_ez_de_Villarreal_et_al_DETERMINING_VARIABLES_OF
Übersichten Training;Zheng 2025;SR/MA;10–18,99 J., überwiegend männlich (eine Studie weiblich), Niveau nicht eingegrenzt, Fußball;"Sprung (CMJ, SJ, Standweitsprung); Sprint (10, 20, 30 m); Richtungswechsel (Illinois, T-Test, Zig-Zag)";4279;teilweise;Methodik;Eligibility criteria | Outcome | Table 2. Categories and Metrics for Sport Performance Assessment;Keine Outcome-Überschrift im Fließtext: Festlegung als Zeile „Outcome“ der PICO-Tabelle 1 (Abschnitt „Eligibility criteria“ verweist nur auf die Tabelle), Kategorisierung Sprung/Sprint/COD mit je drei Tests in Tabelle 2, je ein Satz unter „Data extraction“ und „Statistical analysis“.;69;1.6;Relevanzbegründung | Reliabilität (zitiert) | Sonstiges: Einschlusskriterium Zielgröße (PICO) | Sonstiges: Kategorisierung in Sprung, Sprint, Richtungswechsel mit je drei Tests (Tab. 2);Legt Sprung, Sprint und Richtungswechsel als Einschlusskriterium fest, begründet die Wahl in einem Satz mit Reliabilität und Spielrelevanz und ordnet jeder Fähigkeit drei Tests zu.;560;135;1 Anforderung/Leistungsrelevanz der Zielgrößen (112) · 2 Mechanismus/Trainingsmethode (192) · 3 Reifung/Alter (106) · 4 Lücke (150);Z2 → Z2 → Z4 → Z5 → Z9 → Z9 → Z10;Z2 B1 [Review/MA] S. 2: high-intensity actions such as jumping, sprinting, and changes of direction are not only critical abilities for creating scoring opportunities [2] || Z2 B2 [Positionspapier/Lehrbuch] S. 2: but also key indicators distinguishing players of different competitive levels [3] || Z4 B3 [Primärstudie] S. 2: The execution of these high-intensity movements heavily relies on rapid force generation and high power output by the muscles || Z5 B4 [Primärstudie] S. 2: plyometric training significantly improves the maximum strength [9], jumping ability [7,10], acceleration [8,11], speed [8,12], and change-of-direction (COD) capacity [13,14] of youth soccer players || Z9 B9 [Review/MA] S. 3: only evaluated CMJ (countermovement jump) and 20-meter sprint, overlooking multi-dimensional aspects of speed development (e.g., acceleration and top speed) || Z9 ohne [ohne Beleg] S. 3: existing research still lacks a comprehensive assessment of different types of jumps, sprints, and COD abilities in youth soccer players || Z10 ohne [ohne Beleg] S. 3: this study aims to systematically assess the overall effects of plyometric training on jumping, sprinting, and COD abilities in youth soccer players;B5 Sprung, Sprint, Richtungswechsel (gemeinsam) [Primärstudie] S. 5: Outcome measures were selected to reflect jumping, sprinting, and change-of-direction capabilities, based on their proven reliability || B1 Sprung, Sprint, Richtungswechsel (gemeinsam) [Primärstudie] S. 5: and strong relevance to the physical demands of soccer. Studies were deemed eligible for inclusion if they assessed at least one of these indicators [25–27].;teilweise: This finding is significant in soccer, where over 90% of sprints occur within 20 meters, with short sprints of approximately 10 meters being especially frequent S. 14;Nützlich: Diskussionssatz >90 % der Sprints unter 20 m, ~10 m besonders häufig (Haugen et al., 2014). Warnung: Trennschärfe mit McKay et al. (2022) belegt (Klassifikationsrahmen), Reliabilität aller Zielgrößen nur über CMJ-Studie (Slinde et al., 2008).;2025_Zheng_et_al_Effects_of_plyometric_training_on_jump_spri
Diagnostik;Altmann 2015;Reliabilität/Validität;25,6 ± 1,8 J. (22–29), männlich, Sportstudierende mit Teamsporthintergrund, n = 13;"5-m-Sprint aus 0,3/0,5/1,0 m Startdistanz (Einzelstrahl-Lichtschranken, 1 m Höhe); Fehler der Startschranke gegen Hochgeschwindigkeitsvideo";2247;ja;Methodik;Experimental Approach to the Problem | Procedures;"Testbeschreibung unter den generischen JSCR-Überschriften, ohne eigene Testüberschrift; Aggregation (Mittel aus 3 gültigen Versuchen) und Reliabilität stehen unter „Statistical Analyses“ und sind nicht gezählt";459;20.4;Begründung der Testwahl | Protokoll/Ablauf | Gerät | Versuche/Pausen | Standardisierung/Aufwärmen | Testreihenfolge | Validität | Sonstiges: Definition und Berechnung des Startschrankenfehlers (Videoabgleich, korrigierte 5-m-Zeit);Legt Messaufbau (Einzelstrahl-Lichtschranken, Videokriterium) und standardisiertes Sprintprotokoll fest, damit der Effekt der Startdistanz auf 5-m-Zeit und Schrankenfehler isoliert werden kann.;407;407;1 Anforderung/Leistungsrelevanz der Zielgrößen (59) · 2 Konstrukt/Diagnostik (162) · 3 Konstrukt/Diagnostik (120) · 4 Zweck/Hypothese (66);Z1 → Z2 → Z6 → Z7 → Z7 → Z6 → Z6 → Z7 → Z9 → Z10;Z1 ohne [ohne Beleg] S. 2361: Sprint performance is an important athletic skill in many field and court sports, such as soccer, field hockey, or tennis. || Z2 B1 [Primärstudie] S. 2361: Although representing only a small percentage of total game time, the ability to accelerate can contribute to winning or losing (7,17). || Z6 B7 [Primärstudie] S. 2361: Consequently, testing sprint performance has become a standard component of performance diagnostics in many professional soccer clubs (11). || Z7 B6 [Primärstudie] S. 2361: Several factors have been identified to influence sprint performance, including starting stance (…), running surface (8), or the type of timing light system (3,5). || Z7 B6 [Primärstudie] S. 2361: Although timing gates are more accurate and reliable for measuring sprint times than manual systems (…), timing gates are not free of timing gate errors. || Z6 B7 [ohne Beleg] S. 2361: differences in measurement setup can influence results and single-beam timing gates are still frequently used for sprint performance testing || Z6 B7 [Primärstudie] S. 2361: different starting distances ranging from 0.3 to 1.0 m from the placement of the initial timing gate are used in sprint performance testing (1,19,20) || Z7 B6 [ohne Beleg] S. 2361: depending on the specific starting distance, athletes start to accelerate before reaching the initial timing gate || Z9 ohne [ohne Beleg] S. 2362: To date, the effect of starting distance on 5-m sprint times and initial timing gate error has not been investigated. || Z10 ohne [ohne Beleg] S. 2362: We hypothesized that greater distances between the starting position and single-beam timing light placement would reduce 5-m sprint times and the initial timing gate errors;B7 5-m-Sprint (Startdistanzen) [Primärstudie] S. 2362: These distances cover the range of starting distances commonly used in sprint performance testing (1,19,20). || B6 5-m-Sprint (Lichtschrankenhöhe) [ohne Beleg] S. 2362: The gates were adjusted to a height of 1 m approximately matching the subjects’ hip height. || B6 Startschrankenfehler (Video) [ohne Beleg] S. 2362: A reflective marker was placed on the subjects’ left hip representing the body close to the height of the center of mass.;teilweise: improvements of about 1%, which can be crucial for winning or losing at an elite level (5,21) S. 2365;Stützt Limitation Startdistanz 0,5 m: Werte verschiedener Startdistanzen nicht vergleichbar (S. 2364), 0,3 vs. 0,5 m 0,04 s, n. s., n = 13 Erwachsene (S. 2365). Warnung: „respectively“-Angabe S. 2363 widerspricht Tab. 1.;2015_Altmann_et_al_starting_distances_affect_5_m_sprint_time
Diagnostik;Bianco 2015;Systematische Übersicht ohne MA;Jugendliche (Schulsetting), beide Geschlechter, gesund, keine Sportartbindung;"Feldtests der Fitness: 20-m-Shuttle-Run, Handgrip, Standweitsprung, Sit-up-Tests, Sit-and-Reach, 4×10-m-Shuttle-Run, Sprinttests (5–50 m); Testbatterien (ALPHA, EUROFIT, FITNESSGRAM u. a.)";6542;ja;mehrere: Ergebnisteil (gezählt), Testauswahl je Komponente zusätzlich in der Diskussion (nicht gezählt);RESULTS | Reviews and meta-analyses | Original articles | Health-related components | Cardio-respiratory fitness | Strength | Muscular endurance | Flexibility | Skill-related components | Fitness Test Batteries;"Ergebnisteil (ohne Flussabsatz) nach Fitnesskomponenten gegliedert; je Komponente Relevanz, Definition, Tests mit Trefferzahl, Güte, Schultauglichkeit. Davon Komponentenabschnitte unter „Original articles“ 2400 Wörter; Standweitsprung unter „Strength“, Sprint/Agilität unter „Skill-related components“.";4151;63.5;Konstruktdefinition | Relevanzbegründung | Begründung der Testwahl | Protokoll/Ablauf | Gerät | Reliabilität (zitiert) | Validität | Normwerte | Sonstiges: Praktikabilität, Kosten und Platzbedarf im Schulsetting | Sonstiges: Verbreitung der Tests (Trefferzahlen je Test) | Sonstiges: Vergleich der Testbatterien;Stellt je Fitnesskomponente Definition, Gesundheitsrelevanz, verbreitete Feldtests sowie deren Güte und Schultauglichkeit dar und bereitet so die Auswahl der ASSO-Testbatterie vor.;631;443;1 Sonstiges: Gesundheit und Bewegungsmangel (93) · 2 Anforderung/Leistungsrelevanz der Zielgrößen (88) · 3 Konstrukt/Diagnostik (34) · 4 Konstrukt/Diagnostik (126) · 5 Konstrukt/Diagnostik (128) · 6 Sonstiges: ASSO-Projekt (69) · 7 Sonstiges: ASSO-Projekt (43) · 8 Zweck/Hypothese (50);Z2 → Z3 → Z2 → Z3 → Z7 → Z6 → Z7 → Z9 → Z10;Z2 B12 [Primärstudie] PDF-S. 2: a high level of fitness has a positive effect on health [7] || Z3 B9 [Positionspapier/Lehrbuch] PDF-S. 2: Physical fitness is defined as “the ability to perform daily tasks with vigour and alertness, without undue fatigue […]” [8,9] || Z2 B12 [Positionspapier/Lehrbuch] PDF-S. 2: Reduced physical fitness is also associated with several noncommunicable diseases that affect people’s health [10]. || Z3 B9 [Positionspapier/Lehrbuch + Review/MA] PDF-S. 2: 2 components can be recognised in physical fitness […] one mainly related to health and the other related to motor skills || Z7 B6 [ohne Beleg] PDF-S. 2: Laboratory tests have been used for many years as the gold standard […], since they are usually accurate, reliable and safe || Z6 B10 [Primärstudie] PDF-S. 2: lower costs, feasibility and the large number of participants that can be screened using field-based tests, make these more suitable for large epidemiological studies || Z7 B5 [Primärstudie] PDF-S. 2: Different field-based tests have been shown to be valid and reliable, and have been used in adolescent populations throughout the world [26–29]. || Z9 ohne [ohne Beleg] PDF-S. 2: an accurate monitoring of the level of physical fitness in most countries is still facing significant difficulties || Z10 ohne [ohne Beleg] PDF-S. 2–3: providing an overview of previously validated and reliable field-based tests […] for the assessment of health- and skill-related physical fitness components;B6 alle Feldtests (Einschlusskriterium) [ohne Beleg] PDF-S. 3: A systematic review of papers using valid and reliable field-based fitness tests (FTs), alone or combined in a battery, within a school environment || B9 Maximalkraft (Operationalisierung aus der Definition) [Positionspapier/Lehrbuch] PDF-S. 9: According to this definition, isometric contractions or high intensity low volume contractions can be considered accurate and reliable methods to assess strength. || B5 Standweitsprung [Review/MA] PDF-S. 9: strong levels of evidence have shown no significant differences with a test-retest performed with the SBJ || B10 Standweitsprung [ohne Beleg] PDF-S. 9: A more practical approach is provided by the use of the Abalakov jump and the SBJ. || B5 4×10-m-Shuttle-Run (Schnelligkeit/Agilität) [Primärstudie] PDF-S. 14: the 4×10 mSRT a non-significant (p > 0.05) mean difference of 0.1±0.7 s for boys and 0.1±0.8 s for girls in a test-retest || B11 lineare Sprinttests (5–50 m) [ohne Beleg] PDF-S. 14: A validation protocol including related tables containing reference values, for any of the sprint tests mentioned above hasn’t been documented well in the literature;teilweise: These are other important aspects of physical fitness in adolescents, indirectly related to health status, and also highly related to each other PDF-S. 20;"Muster je Komponente: Relevanz → Definition → Testoptionen → Güte → Praktikabilität. SBJ als reliabler Test der Maximalkraft der unteren Extremität (Artero et al., 2011; Ortega et al., 2008). Warnung: für lineare Sprinttests kaum Validierung mit Referenzwerten.";2015_Bianco_et_al_Test_Batteries
Diagnostik;Clarke 2020;Reliabilität/Validität;21 männliche Nachwuchs-Rugbyspieler, 16,0 ± 0,5 J., Wettkampfniveau, ≥ 12 Monate Krafttraining;traditioneller 505 in beide Drehrichtungen: Gesamtzeit, 505-Zeit, Teilphasen (Anlauf, Eintritt, Austritt, Bodenkontaktzeit) an 3 Terminen;3271;ja;Methodik;Study Design | Procedures > 505 Test;Testbedingungen (Familiarisierung, Untergrund, Schuhe, Aufwärmen, Versuche, Pausen) stehen unter ‚Study Design‘;759;23.2;Standardisierung/Aufwärmen | Protokoll/Ablauf | Gerät | Versuche/Pausen | Aggregationsregel | Sonstiges: Familiarisierungstermin, Gültigkeitskriterium Einzelkontakt, Definition der Teilphasen und der dominanten Drehrichtung;Legt das 505-Protokoll mit Zeitmessung (Lichtschranken plus OptoJump) und die Definitionen der Teilphasen fest, deren Reliabilität geprüft wird.;656;656;1 Konstrukt/Diagnostik (156) · 2 Konstrukt/Diagnostik (162) · 3 Konstrukt/Diagnostik (192) · 4 Zweck/Hypothese (146);Z2 → Z6 → Z6 → Z3 → Z7 → Z7 → Z7 → Z6 → Z6 → Z9 → Z7 → Z7 → Z7 → Z9 → Z9 → Z9 → Z10 → Z10 → Z10;"Z2 B2 [Primärstudie + Review/MA] S. 3: The importance of change of direction (COD) speed for sports performance is well established (Little & Williams, 2005; Sheppard & Young, 2006). || Z6 B7 [Primärstudie] S. 3: A variety of tests have been developed in an attempt to measure this physical quality (Stewart, Turner, & Miller, 2014) || Z6 B7, B8, B5 [Primärstudie] S. 3: One common protocol is the 505 test (Draper & Lancaster, 1985), which displays excellent reliability (CV = 1.9-2.4%) || Z3 B9 [Primärstudie] S. 3: The 505 test involves a number of different phases; a 15m approach which includes a maximal acceleration and a deceleration to a complete stop || Z7 B6 [Primärstudie] S. 3: Thus, the use of a single total time measure to quantify an athlete’s performance is likely insufficient || Z7 B6 [Primärstudie] S. 3: the ‘COD Deficit’ has been proposed to provide a more accurate measure of COD ability by controlling for the influence of an athlete’s linear speed || Z7 B6 [ohne Beleg] S. 3: However, this metric is still a composite of multi-directional re-acceleration and deceleration. || Z6 B13 (diagnostischer Nutzen für die Trainingsgestaltung) [Review/MA] S. 3: Assessing deceleration (entry) or acceleration (exit) abilities independently can help improve our understanding of how athletes change direction || Z6 B9 [ohne Beleg] S. 3: The completion of the 505 test may be sectioned into an initial 10m acceleration, a 5m entry period (deceleration) and a 5m exit period (re-acceleration) || Z9 ohne [ohne Beleg] S. 3: However, the reliability of these phases remains unknown and requires further investigation. || Z7 B5 [Primärstudie] S. 4: Learning effects may be present during COD testing, affecting test reliability (Barber et al., 2016; Munro & Herrington, 2011). || Z7 B5 [Primärstudie] S. 4: highlighting the need for appropriate familiarisation to the test before reliability data can be collected || Z7 B5 [Primärstudie] S. 4: Barber at al., (2016) reported significantly faster dominant limb 505 performance on testing days three and four vs day one || Z9 ohne [ohne Beleg] S. 4: it is also unclear how familiarisation effects the overall strategy used to complete the task || Z9 ohne [ohne Beleg] S. 4: a greater understanding of between session learning effects and reliability is needed for both turning directions and the different phases || Z9 ohne [ohne Beleg] S. 4: Cumulatively, there is a paucity of literature to examine the between session and turning direction reliability of the different phases || Z10 ohne [ohne Beleg] S. 4: the primary aim of this study was to examine the between session reliability in the initial approach, entry to the turn, full approach || Z10 ohne [ohne Beleg] S. 4: The secondary aim of this study was to investigate how the reliability of these phases change between the dominant and non-dominant turning direction || Z10 ohne [ohne Beleg] S. 4: It is hypothesised that total time measures would show higher levels of reliability vs the different phases";"B8 505 [Primärstudie] S. 6: The 505 test was administered in accordance with previous studies (Draper & Lancaster, 1985). || B8 505 (Startposition) [Primärstudie + Review/MA] S. 6: Subjects began each sprint 50 cm behind the 0 m line in a two-point staggered stance (Altman et al., 2015; Haugen and Buchheit, 2016). || B13 (Phasendefinition) 505-Eintrittszeit [Primärstudie] S. 7: 50% of ground contact was used to ensure the athlete fully decelerated before time was considered to contribute to the exit speed";nein: None None;Kurze Kette: Relevanz (1 Satz) → 505 verbreitet, reliabel → Gesamtzeit unzureichend → Lerneffekte. Methodik: Start 50 cm (Altmann-Beleg), Bestwert je Richtung (S. 7), dominante Richtung = schnellster Versuch, aufgabenabhängig (S. 6).;2020_Clark_et_al_505_COD
Diagnostik;Dos'Santos 2018;Narrative Übersicht/Positionspapier;"keine eigene Stichprobe; Übersicht über Biomechanikstudien an Athleten aus Mehrrichtungssportarten";Biomechanik des Richtungswechsels (Bodenreaktionskräfte, Kniegelenkbelastung, Kinematik, Bodenkontaktzeit, Muskelaktivität, Zeit, ausgeführter Winkel) in Abhängigkeit von Winkel (30–180°) und Anlaufgeschwindigkeit;6990;teilweise;eigenes Kapitel;4 Effect of Velocity and Angle on COD Performance;"Kein Diagnostik- oder Testkapitel; Leistungsvoraussetzungen des Richtungswechsels in Kap. 4, übrige Kapitel behandeln Biomechanik und Verletzungsrisiko je Winkel und Geschwindigkeit; 2.7 (intendierter vs. ausgeführter Winkel) und Einstieg von Kap. 3 (uneinheitliche Anlaufgeschwindigkeiten) berühren die Testgestaltung, nicht gezählt";803;11.5;Sonstiges: Leistungsdeterminanten des Richtungswechsels (Sprint- und Minimalgeschwindigkeit, Anlaufgeschwindigkeit, exzentrische Kraft, Technik je Winkel) | Sonstiges: Zeit und COD-Defizit steigen mit dem Winkel (Trend);Ordnet die Leistungsdeterminanten des Richtungswechsels nach Winkel und Anlaufgeschwindigkeit und leitet daraus Technik- und Coachingempfehlungen ab.;386;354;1 Konstrukt/Diagnostik (166) · 2 Konstrukt/Diagnostik (220);Z2 → Z8 → Z1 → Z4 → Z4 → Z10 → Z3;Z2 B2 [Primärstudie + Review/MA + Positionspapier/Lehrbuch] S. 2236: The ability to change direction efficiently is central to the success of multidirectional sports [1–6] || Z8 B12 [Primärstudie] S. 2236: changing direction has also been identified as a primary action resulting in non-contact anterior cruciate ligament (ACL) injury [7–14] || Z1 B1 [Primärstudie + Review/MA] S. 2236: Athletes perform a diverse range of change of direction (COD) angles, at a variety of approach velocities in sport [1, 5, 15–18]. || Z4 B9 [ohne Beleg] S. 2236: COD angle and approach velocity are critical factors influencing COD biomechanics || Z4 B9 [Primärstudie] S. 2236: The biomechanical demands of changes of directions (CODs) are described as ‘angle dependent’ and ‘velocity dependent’ || Z10 ohne [ohne Beleg] S. 2236: the purpose of this review was to examine the effect of angle and velocity of CODs on various biomechanical parameters || Z3 B9 [ohne Beleg] S. 2236: a pivot is a bilateral turning strategy where one foot rotates and remains in contact with the ground (typically for directional changes ≥ 135°);;None: None None;"Für 505 (180°-Wende): Pivot typisch ab 135° (S. 2236); Abbremsen über den vorletzten Bodenkontakt wesentlich, getragen von exzentrischer Kraft (S. 2247); Zeit und COD-Defizit steigen tendenziell mit dem Winkel (S. 2247).";2018_Dos_Santos_et_al_The_effect_of_angle_and_velocity_on_ch
Diagnostik;Dos'Santos 2020;Biomechanik/Querschnitt;61 männliche Athleten, 20,7 ± 3,8 J., Fußball, Rugby, Cricket (≥ 5 J. Erfahrung), in der Wettkampfphase;"mod505 und tra505 (Zeit, rechtes Bein, je 6 Versuche); 3D-Kinematik und Bodenreaktionskräfte im vorletzten und letzten Bodenkontakt";5407;ja;Methodik;Procedures | Mod505 and tra505 COD Assessments | Data Analysis | Change of Direction Kinetic and Kinematic Variables;;1027;19.0;Standardisierung/Aufwärmen | Protokoll/Ablauf | Gerät | Versuche/Pausen | Testreihenfolge | Aggregationsregel | Reliabilität (eigene Daten) | Sonstiges: Familiarisierungsversuche, Ungültigkeitskriterien, 3D-Kinematik und Kraftmessplatten, Variablendefinitionen (Tab. 1);Beschreibt Aufwärmen und 505-Protokolle (229 W.) sowie überwiegend die biomechanische Messkette samt Reliabilität der Variablen und der Laufzeiten.;1059;1059;1 Anforderung/Leistungsrelevanz der Zielgrößen (224) · 2 Sonstiges: Determinanten der 180°-Richtungswechselleistung (mit Lücke) (201) · 3 Sonstiges: Determinanten der 180°-Richtungswechselleistung (mit Lücke) (250) · 4 Sonstiges: Determinanten der 180°-Richtungswechselleistung (mit Lücke) (277) · 5 Zweck/Hypothese (107);Z1 → Z1 → Z6 → Z6 → Z2 → Z4 → Z9 → Z4 → Z3 → Z9 → Z10 → Z10;Z1 B1 [Primärstudie + Review/MA] S. 1285: The ability to rapidly decelerate, turn 180°, and reaccelerate again is considered an important physical quality in multidirectional sports (soccer, netball, cricket, and basketball) || Z1 B1 [Primärstudie] S. 1285: soccer players perform ∼100 turns of 90–180° (4), when the team is in and out of possession || Z6 B7 [Review/MA + Primärstudie] S. 1285: In addition, 180° turns feature in change of direction (COD) speed tests, such as the modified (mod505) and traditional 505 (tra505) and proagility (35,37). || Z6 B7 [Primärstudie + Review/MA] S. 1285: These tests are included in the fitness testing batteries of numerous sports (7,13,35–37,44,45) and are often required by sporting national governing bodies || Z2 B2 [Primärstudie] S. 1285: these aforementioned tests are also used for talent identification, such as the National Football League combine (15) || Z4 ohne [Review/MA] S. 1285: Lower-limb strength and power qualities, linear speed, and technical factors such as trunk lean and posture, foot placement, and stride adjustment have been suggested || Z9 ohne [ohne Beleg] S. 1285: To the best of our knowledge, no study has examined the lower-limb and trunk biomechanical determinants of 180° COD performance. || Z4 ohne [Primärstudie] S. 1286: faster male athletes during a mod505 produced greater horizontal PFs (HPF) in shorter GCTs || Z3 B9 [Review/MA + Primärstudie] S. 1286: As such, changing direction is described as a multistep action (10,26). || Z9 ohne [ohne Beleg] S. 1286: further research is needed that investigates the biomechanical determinants of 180° COD speed performance by considering the velocity profile || Z10 ohne [ohne Beleg] S. 1286: The aim of this study, therefore, was to investigate the lower-limb and trunk biomechanical determinants of 180° COD performance during the mod505 and tra505 || Z10 ohne [ohne Beleg] S. 1286: It was hypothesized that faster 180° COD performance would be associated with greater PFC braking forces, greater HPFs in shorter GCTs;B8 mod505/tra505 [Primärstudie] S. 1286: The mod505 and tra505 have been described previously (7,12,13), and thus, a brief overview is provided here. || B5 tra505 (Laufzeit) [ohne Beleg (eigene Daten)] S. 1290: Completion times also demonstrated high reliability (ICC = 0.935, CV% = 1.4). || B8 3D-Bewegungs- und Kraftanalyse [Primärstudie] S. 1287: The 3D motion and GRF analysis procedures were based on previously published protocols (8,26,29) || B5 3D-Bewegungs- und Kraftanalyse [Primärstudie] S. 1290: demonstrated high and acceptable reliability (i.e., ICC ≥ 0.70, CV ≤ 15%) (2,19);nein: None None;Anforderungsbelege 180°-Wende (Fußball ∼100 Wenden 90–180°, Cricket ∼40 je 100 Runs, S. 1285). Warnung: vorgeplanter 505 womöglich ‚pass the test‘, Übertragung auf reaktive Wenden offen (S. 1295). Start 0,5 m, Lichtschranken Hüfthöhe (S. 1287).;2020_Dos_Santos_et_al_Biomechanical_determinants_of_the_modi
Diagnostik;Dugdale 2019;Reliabilität/Validität;U11–U17 (13,5 ± 1,8 J.), männlich, schottische Jugendfußballer dreier Niveaus (Amateur, Development, Performance), n = 373;"Handkraft, Standweitsprung, CMJ, 505 (Mittel der Seitenbestwerte), T-Test, 10/20-m-Sprint (Brower-Lichtschranken); Test-Retest nach 7–14 Tagen";4068;ja;Methodik;Design | Procedures | Grip dynamometry (grip strength) | Standing broad jump (SBJ) | Countermovement vertical jump (CMJ) | 505 Change of direction test (505COD) | T-drill test (T-test) | 10/20 m sprint;"Testbegründung und Standardisierung stehen unter „Design“, Versuchszahl, Pausen und Aggregation unter „Procedures“; „Anthropometrics“ (23 W.) nicht gezählt; der Sprintabschnitt ist ein Einzelsatz (mit text gezählt)";805;19.8;Begründung der Testwahl | Konstruktdefinition | Protokoll/Ablauf | Gerät | Versuche/Pausen | Aggregationsregel | Standardisierung/Aufwärmen | Testreihenfolge | Sonstiges: Ungültigkeitskriterien (SBJ, CMJ), Familiarisierung mit 2–3 Versuchen;Begründet die Feldtestbatterie (Verbreitung, Altersangemessenheit, Spielanforderung), standardisiert die Testbedingungen und legt Protokoll und Aggregation je Test als Grundlage für Test-Retest- und Diskriminanzanalyse fest.;807;807;1 Anforderung/Leistungsrelevanz der Zielgrößen (253) · 2 Konstrukt/Diagnostik (175) · 3 Lücke (379);Z1 → Z2 → Z2 → Z6 → Z6 → Z1 → Z9 → Z7 → Z9 → Z8 → Z8 → Z10 → Z10;"Z1 B1 [Review/MA] S. 1: Soccer is an intermittent, high-intensity sport requiring a broad range of physical abilities in order to achieve competitive success (Stolen, Chamari, Castagna, & Wisloff, 2005). || Z2 B2 [Review/MA] S. 1: there has been a rapid increase in the interest and importance placed on an ability to examine and differentiate between varied competitive standards || Z2 B2 [Primärstudie + Review/MA] S. 2: including measures of physical fitness as a component of assessment and talent identification processes remains prevalent within current selection/deselection processes || Z6 B7 [Primärstudie] S. 2: Field-based fitness tests have been widely utilised by practitioners to assess and monitor performance characteristics in soccer players (Deprez et al., 2015; …) || Z6 B10 [Primärstudie + Review/MA + Positionspapier/Lehrbuch] S. 2: Field-based fitness tests allow for assessing multiple individuals simultaneously, generally requiring low-cost equipment and easy accessibility for practitioners and researchers || Z1 B1 [Primärstudie + Review/MA] S. 2: due to physical advancements present within modern-day competitive soccer, attributes of explosive power and muscular strength are receiving substantial interest || Z9 B5 [Review/MA] S. 2: reliability and validity of these measures are mainly demonstrated in senior athletes (Paul & Nassis, 2015) || Z7 B6 [Review/MA] S. 2: One of the attractions of a valid fitness testing battery is the potential ability to discriminate between various performance standards (Murr et al., 2018) || Z9 ohne [Primärstudie] S. 2: Prior research examining performance characteristics of youth soccer players has focussed on senior academy players (U16–U19) || Z8 B5 [Primärstudie] S. 2: it is important that performance tests are validated across the entire age spectrum they intend to assess || Z8 B5 [Primärstudie] S. 2: greater training volume experienced by players of a higher competitive playing level may also influence consistency of testing performance (Rebelo et al., 2013) || Z10 ohne [ohne Beleg] S. 2: we hypothesise that field-based tests for youth soccer players will be, mostly, valid and reliable, although more variable than previously reported in adults || Z10 ohne [ohne Beleg] S. 2: (i) examine the between-day reliability of commonly used field-based fitness tests across an appropriate age range (U11–U17)";B7 Testbatterie [Review/MA] S. 3: Data were collected from seven field-based fitness tests commonly used as physical performance measures within youth soccer (Paul & Nassis, 2015). || B1 Testbatterie [Review/MA] S. 3: All selected tests were identified to be appropriate for implementation across the entire age range (…), and relevant to the demands of soccer || B8 zeitgemessene Tests (Startposition) [Review/MA] S. 3: start positions were standardised as a fixed-position crouch start from 1 m behind the start gate (Haugen & Buchheit, 2016) || B10 Handkraft [ohne Beleg] S. 3: Grip strength was selected as a suitable strength evaluation for implementation across the entire sample within this study (U11–U17) || B9 505 [ohne Beleg] S. 4: COD ability through the horizontal plane was assessed via the 505COD test. || B8 505 [Primärstudie] S. 4: The methodology for the 505COD was conducted as per established methods (Draper & Lancaster, 1985). || B8 T-Test [Positionspapier/Lehrbuch] S. 4: The methodology for the T-Test was used as per established methods (Semenick, 1990). || B1 10/20-m-Sprint [Primärstudie] S. 4: Linear speed and acceleration was assessed over distances of 10/20 m as per previously reported match-based observations of youth soccer players;teilweise: Despite the proclaimed importance of acceleration and short sprint ability associated with competitive youth soccer S. 10;"505-Aggregation wörtlich: „the mean score of the best attempt from each leg“ (S. 4), Protokoll nach Draper & Lancaster (1985). Kette: Feldtests verbreitet, günstig, Güte v. a. bei Erwachsenen belegt; 505 bei U11/U12 weniger reliabel (S. 4).";2018_Dugdale_et_al_Reliability_and_validity_of_field_based_f
Diagnostik;Dugdale 2020;Reliabilität/Validität;86 Nachwuchsfußballspieler (Geschlecht im Text nicht genannt), Junior-Elite-Akademie Schottland, 13,6 ± 2,0 J. (10,6–17,3), U11 bis U17;"modifizierter 505 (m505COD), Y-Sprint vorgeplant und reaktiv (Lichtreiz), Test-Retest im Abstand von 7 Tagen; Reifestatus (Maturity Offset) als Moderator";3113;ja;Methodik;2.2. Design | 2.3. Procedures | 2.5. Change of Direction Tests | 2.6. Agility Test;Testbedingungen (Termine, Tageszeit, 48 h nach Spiel, Halle ∼22 °C, Kunstrasen, Vertrautheit mit dem Test) stehen unter ‚2.2. Design‘;596;19.1;Standardisierung/Aufwärmen | Protokoll/Ablauf | Gerät | Versuche/Pausen | Aggregationsregel | Testreihenfolge | Sonstiges: Familiarisierung, Startposition 0,7 m, Tageszeit, Lichtreiz-Protokoll;Standardisiert die Testbedingungen und beschreibt die drei geprüften Protokolle (m505COD, Y-Sprint vorgeplant und reaktiv) samt Aggregationsregeln.;740;714;1 Anforderung/Leistungsrelevanz der Zielgrößen (103) · 2 Konstrukt/Diagnostik (121) · 3 Konstrukt/Diagnostik (149) · 4 Reifung/Alter (258) · 5 Zweck/Hypothese (109);Z1 → Z1 → Z2 → Z2 → Z3 → Z3 → Z3 → Z6 → Z6 → Z6 → Z6 → Z6 → Z8 → Z8 → Z8 → Z8 → Z8 → Z8 → Z4 → Z5 → Z7 → Z9 → Z7 → Z10 → Z10;Z1 B1 [Primärstudie + Review/MA] S. 1: The open and intermittent nature of competitive soccer places high demand on players to change mode or direction of movement on a constant basis [1–3]. || Z1 B1 [Primärstudie] S. 1: between 1000 and 1500 discrete movement changes were observed per game, with changes in activity occurring, on average, every 3.5 s [4] || Z2 B1 [Primärstudie] S. 1: While change of direction (COD) sprints precede ~10% of goals in professional soccer matches, they are suggested to be of greater importance to defensive players || Z2 B1 [ohne Beleg] S. 1: Consequently, the ability to meet these physical demands is crucial during soccer to enhance performance. || Z3 B9 [Review/MA] S. 1: can be defined as “a rapid whole body movement with change of velocity or direction in response to a stimulus” [8] || Z3 B9 [Positionspapier/Lehrbuch] S. 1: COD ability, defined as “the ability to change initial direction to a predetermined location and space on a field or court” [9] || Z3 B9 [Primärstudie + Review/MA] S. 1: scientists have recently established agility and COD ability as independent skills [6,10,11], with little common variance [11–14] || Z6 B9 [ohne Beleg] S. 1: Consequently, both qualities receive individual consideration when developing and assessing the physical qualities of team-sport athletes. || Z6 B6 [Review/MA] S. 2: a variety of tests can be administered when examining COD and agility performance—many of which vary in duration and physical demands || Z6 B7, B6 [Review/MA + Primärstudie] S. 2: versions of the “505” test are most commonly selected due to their ability to challenge deceleration and reacceleration qualities || Z6 B7, B1 [Primärstudie] S. 2: versions of the Y-sprint drill are often implemented to maintain high sprint velocity and mimic the “cut” action, commonly observed during team and invasion sports || Z6 B6 [Review/MA] S. 2: Therefore, sufficient consideration should be given to both mechanical and conditional demands when selecting suitable COD and agility tests [15]. || Z8 B13 (Entwicklungsrelevanz im Nachwuchs) [Positionspapier/Lehrbuch] S. 2: Lloyd and Oliver (2012) suggest that these qualities should be prioritised within the training process during childhood and adolescence [25] || Z8 ohne [Review/MA] S. 2: general motor skills and abilities related to COD and agility may be developed across childhood and adolescence [26] || Z8 B5 [Review/MA + Primärstudie] S. 2: considering the vast physical and neural developments experienced throughout maturation [27], the reliability of COD and agility performance may vary for this sample || Z8 ohne [Primärstudie + Positionspapier/Lehrbuch + Review/MA] S. 2: Increases in stature, body mass, and sprint speed are evidenced across maturation [25,29–31], resulting in vast differences in performance during COD and agility tasks || Z8 ohne [Primärstudie] S. 2: it is generally accepted that maturity status and absolute strength are strongly associated || Z8 B5 [Primärstudie + Positionspapier/Lehrbuch] S. 2: The onset of “adolescence awkwardness” around peak height velocity is suggested to increase biological variance in physical test performances in adolescent athletes || Z4 ohne [Primärstudie] S. 2: Performance of COD and agility actions also require complex technical competencies, which may not yet be fully developed in child and adolescent athletes [16]. || Z5 B4 [Primärstudie] S. 2: Dos’Santos and colleagues [38] observed improvements in COD performance and movement quality following a six-week training intervention || Z7 B5 [Primärstudie] S. 2: greater variance in test performance may be observed in younger, more immature athletes, particularly during periods of rapid growth and development || Z9 ohne [Primärstudie] S. 2: Few studies have examined the intersession reliability of COD test performance in youth athletes [18,28] || Z7 B5 [ohne Beleg] S. 2: This information is important to coaches, so that they can differentiate between measurement noise and real change in COD and agility performance || Z10 ohne [ohne Beleg] S. 2: the purpose of this study was to examine the intersession reliability of COD and agility tests in youth soccer players || Z10 ohne [Primärstudie] S. 2: We hypothesise that the COD and agility tests will demonstrate good reliability but reliability will be lower within younger, less mature individuals;B8 m505COD [Primärstudie] S. 3: The methodology for the m505COD was as per originally established methods [43], but shortening the linear sprint by 5 m in distance || B13 (Aggregationsregel) m505COD (und Y-SprintPRE) [Primärstudie] S. 4: Best attempts from each direction were selected, and a mean time from these two attempts was calculated and used for analysis [44] || B8 Start/Zeitmessung (alle Tests) [Review/MA] S. 3: start positions were standardised as self-selected, staggered stance crouch starts from 0.7 m behind the start gate [41] || B13 (Aggregationsregel) Y-SprintREACT [Primärstudie] S. 5: To account for performance variance during the Y-SprintREACT condition, the average of all four attempts was used for analysis [44,45];nein: None None;"Definitionspaar Agility (Sheppard & Young) vs. COD (Nimphius 2014), ‚independent skills‘ (S. 1). 505-Aggregation wie eigene: Bestwert je Seite, Mittel (S. 4). Warnung: 1.000–1.500 Bewegungswechsel/Spiel mit [4] belegt, laut Titel Fitnessprofilstudie; Doppellichtschranke als nötig bezeichnet (S. 7).";2020_Dugdale_et_al_Reliability_of_Change_of_Direction_and_Ag
Diagnostik;Ferguson 2024;Reliabilität/Validität;14,7 ± 0,8 J. (Reifeoffset 0,8 ± 0,9 J.), männlich, Elite-Nachwuchsakademie (Profi-Jugendniveau), Fußball, n = 37;"Exzentrische Hamstringkraft (Nordbord: Kraft, Drehmoment), isometrische Adduktorenkraft (ForceFrame, kurzer/langer Hebel), 30-m-Sprint mit 5/10/20-m-Zeiten (Brower-Lichtschranken); 3 Termine in 4 Tagen";3046;ja;Methodik;Experimental Approach to the Problem | Procedures | Eccentric Hamstring Strength. | Isometric Adductor Strength. | Sprint Performance.;"Tests als Fließtext-Zwischenüberschriften unter „Procedures“; Ethik-/Einwilligungssätze im „Experimental Approach“ und „Anthropometry and Maturity Offset“ nicht gezählt";619;20.3;Protokoll/Ablauf | Gerät | Versuche/Pausen | Aggregationsregel | Standardisierung/Aufwärmen | Testreihenfolge | Sonstiges: Test-Retest-Plan (3 Termine in 4 Tagen, 24–48 h Abstand), Umgebungsbedingungen (Temperatur, Feuchte, Wind);Beschreibt Test-Retest-Plan, Geräte und Protokolle der Kraft- und Sprinttests, damit SEM und ICC je Messgröße geschätzt werden können.;521;506;1 Sonstiges: Belastungsmonitoring (78) · 2 Konstrukt/Diagnostik (113) · 3 Konstrukt/Diagnostik (156) · 4 Konstrukt/Diagnostik (174);Z2 → Z2 → Z3 → Z6 → Z8 → Z6 → Z7 → Z9 → Z10;Z2 B1 [Primärstudie] S. e96: The importance of speed in soccer is well established (15). || Z2 B2 [Review/MA] S. e96: regular monitoring of a player’s sprinting can aid talent identification and long-term athlete development by informing progression-related decision-making (38) || Z3 B9 [Primärstudie] S. e96: measurement over a range of distances provides information on acceleration ability (e.g., 5–10 m) and maximal velocity (20–40 m) (10) || Z6 B7 [Positionspapier/Lehrbuch] S. e96: assessing sprint performance using split-times is commonplace in soccer (41) || Z8 B12 [Primärstudie] S. e96: there is a high incidence of muscular injuries during training and match play with the hamstrings and adductors being the most commonly affected muscles (36) || Z6 B10 [Primärstudie + Review/MA] S. e96: The Nordbord and ForceFrame are a practical, cost-effective, easy-to-use (…), and time efficient means (…) of assessing eccentric hamstring and isometric adductor strength || Z7 B5 [Positionspapier/Lehrbuch] S. e96: to support effective decisions on training content and intensity, establishing the reliability of measures used to monitor responses to daily load is crucial (31) || Z9 B5 [Primärstudie] S. e97: reliability has yet to be established in academy soccer players || Z10 ohne [ohne Beleg] S. e97: The primary objective of this study was to establish the reliability of eccentric hamstring strength and isometric adductor strength tests using the Nordbord and ForceFrame;B7 alle Tests [ohne Beleg] S. e97: Each of the 3 trials was part of the player’s routine physical assessment protocols at the club. || B5 alle Tests (Test-Retest-Plan) [ohne Beleg] S. e97: As the 3 trials took place over 4 days, no performance changes were expected during the data collection period.;nein: None None;"Teilzeiten trennen Beschleunigung (5–10 m) und Maximalgeschwindigkeit (20–40 m) (S. e96); Sprint-ICC steigt mit der Strecke (5 m 0,53, 30 m 0,93; S. e99); Warnung: SWC als 0,2 × SD wird abgelehnt (S. e101).";2024_Ferguson_et_al_reliability_of_measures_of_lower_body_st
Diagnostik;Fernández-Santos 2015;Reliabilität/Validität;363 gesunde Grundschulkinder (195 Jungen, 168 Mädchen), 6–12 J., Cádiz (Spanien), keine Athleten;"Standweitsprung, Squat Jump, CMJ, Abalakov-Sprung (je 2 Versuche, Bestwert; Retest nach 7 Tagen); Kriterium 1RM Beinstrecker";3405;ja;Methodik;Procedures | Standing Long Jump. | Squat Jump. | Countermovement Jump. | Abalakov Jump. | One Repetition Maximum Leg Extension Test.;Testbeschreibungen als Run-in-Köpfe im Abschnitt „Procedures“ (ohne die BMI-Messung gezählt);704;20.7;"Protokoll/Ablauf | Gerät | Versuche/Pausen | Aggregationsregel | Validität | Standardisierung/Aufwärmen | Testreihenfolge | Sonstiges: Familiarisierung in der Vorwoche; Sicherheit des 1RM bei Kindern; Protokollverweise je Sprungtest";Legt Ablauf, Reihenfolge, Aufwärmen und das Protokoll je Sprungtest mit Bestwertregel fest und begründet das 1RM als Goldstandard.;654;654;1 Anforderung/Leistungsrelevanz der Zielgrößen (171) · 2 Konstrukt/Diagnostik (45) · 3 Konstrukt/Diagnostik (87) · 4 Konstrukt/Diagnostik (94) · 5 Lücke (201) · 6 Zweck/Hypothese (56);Z2 → Z2 → Z3 → Z6 → Z6 → Z6 → Z7 → Z7 → Z7 → Z7 → Z9 → Z7 → Z7 → Z7 → Z9 → Z10;Z2 B12 [Review/MA + Primärstudie] S. 2277: Muscular fitness is emerging as an important marker of health throughout life (20,22,24,25). || Z2 B12 [ohne Beleg] S. 2277: these findings support the idea that muscular fitness may exert a positive effect on the health status also in young people || Z3 B9 [ohne Beleg] S. 2277: There are a number of different dimensions of muscular fitness that may be assessed in children (i.e., maximal isometric strength, muscular endurance, and muscular power). || Z6 B7 [Review/MA] S. 2277: Lower-body muscular power is one of the dimensions of muscular fitness commonly included in fitness test batteries for youth (8). || Z6 B10 [ohne Beleg] S. 2277: these tests have several limitations, such as the expense of the equipment or technical expertise required, limiting their use in population-based studies || Z6 B10 [Primärstudie] S. 2277: Field-based fitness tests are a practical alternative used in school settings because they are easy to administer, involve minimal equipment, low cost || Z7 ohne [ohne Beleg] S. 2277: However, the reliability and the validity of these field tests must first be established. || Z7 B6 [Positionspapier/Lehrbuch] S. 2277: Tests are considered valid when they measure what they intend to measure (26). || Z7 B6 [Positionspapier/Lehrbuch] S. 2277: Criterion-related validity refers to the extent to which a field test correlates with other reference tests (i.e., gold standard) (12). || Z7 B5 [Review/MA] S. 2277–2278: Reliability refers to the reproducibility of values of a test in repeated trial on the same subject (i.e., the consistency of the measure) (16). || Z9 ohne [Review/MA] S. 2278: have been extensively studied in adults and adolescents, but the existing literature in children is inconclusive (3,8). || Z7 B6 [Primärstudie] S. 2278: Milliken et al. (18) used 1RM leg press as gold standard and found that the standing long jump (SLJ) test and the vertical jump test, || Z7 B5 [Primärstudie] S. 2278: Acero et al. (1) reported questionable reliability between testing sessions separated by 7 days in the squat jump (SJ) test and the countermovement jump (CMJ) || Z7 B5 [Primärstudie] S. 2278: España-Romero et al. (14) found significant differences between test and retest in the SLJ. || Z9 ohne [ohne Beleg] S. 2278: to our knowledge, the reliability and the validity of Abalakov jump test (ABA) … in children have not been established. || Z10 ohne [Positionspapier/Lehrbuch] S. 2278: first to evaluate the reliability of several lower-body power tests (SLJ, SJ, CMJ, and ABA) and second to assess their criterion-related validity;B8 Standweitsprung [Primärstudie] S. 2278: A further attempt was allowed if the subjects fell backward or touched the mat with another part of the body (9). || B8 Squat Jump [Primärstudie] S. 2280: on landing kept their knees extended to an angle of 180° angle (13). || B8 CMJ [Primärstudie] S. 2281: jump as high as possible, landing with the knees extended at an angle of 180° angle (13). || B8 Abalakov-Sprung [Positionspapier/Lehrbuch] S. 2281: landing back on to the mat on both feet at the same time (7). || B6 1RM Beinstrecker (Kriterium) [Primärstudie] S. 2281: The 1RM test has been used as gold standard in previous studies (18,33) || B10 1RM Beinstrecker (Kriterium) [Primärstudie] S. 2281: and can be safely performed in healthy children (15).;nein:  ;"Zitierfähige Definitionen: Kriteriumsvalidität (Korrelation mit Goldstandard, Docherty 1996), Reliabilität (Reproduzierbarkeit, Hopkins 2000). SLJ bei 6- bis 12-Jährigen reliabel (ICC 0,94) und stärkster Feldtest gegenüber 1RM; Praktikabilität als Wahlargument. Kinder, kein Fußball.";2015_Fernandez_Santos_et_al_Reliability_and_validity_of_test
Diagnostik;Hicks 2019;Praxisbeitrag;"keine eigene Stichprobe; Athleten aus Mannschafts- und Sprintsportarten allgemein";"Beschleunigungsleistung im Sprint; horizontales Kraft-Geschwindigkeits-Profil (F0, V0, Pmax, RF, DRF) aus Lichtschranken- oder Radardaten";6932;ja;eigenes Kapitel;DETERMINANTS OF FORCE AND VELOCITY | BIOMECHANICAL DETERMINANTS OF SPRINT ACCELERATION | HORIZONTAL FORCE-VELOCITY PROFILING | FURTHER CONSIDERATIONS;"Leistungsvoraussetzungen und Testverfahren als eigene Kapitel einer Übersicht; „LIMITATIONS TO SPRINT PROFILING“ überwiegend trainingsbezogen (Kraftvektortheorie, optimale Last), nicht gezählt";1747;25.2;Konstruktdefinition | Begründung der Testwahl | Gerät | Reliabilität (zitiert) | Validität | Standardisierung/Aufwärmen | Sonstiges: Modellierung aus Geschwindigkeits-Zeit-Daten | Sonstiges: Determinanten der Beschleunigung (Kraftorientierung, Impuls, Körperposition) | Sonstiges: Anwendung im Return-to-play;Leitet die Beschleunigungsleistung aus ihren mechanischen Determinanten her und führt das Sprintprofil als feldtaugliches Diagnoseverfahren ein, aus dem individuelle Trainingsschwerpunkte abgeleitet werden.;1145;851;1 Konstrukt/Diagnostik (142) · 2 Anforderung/Leistungsrelevanz der Zielgrößen (193) · 3 Konstrukt/Diagnostik (185) · 4 Konstrukt/Diagnostik (109) · 5 Konstrukt/Diagnostik (115) · 6 Konstrukt/Diagnostik (130) · 7 Mechanismus/Trainingsmethode (207) · 8 Zweck/Hypothese (64);Z1 → Z9 → Z1 → Z2 → Z2 → Z4 → Z4 → Z3 → Z6 → Z7 → Z9 → Z6 → Z10;Z1 B1 [Primärstudie] S. 1: High-speed running (sprinting) is the fundamental component of many team sports and involves 2 key phases: acceleration and maximal velocity (7). || Z9 ohne [ohne Beleg] S. 1: methods to identify these mechanical components during acceleration have been limited, making it unclear the most appropriate training prescription that should be used || Z1 B1 [ohne Beleg] S. 1: in team sports such as Australian rules football and rugby, jumping actions followed by a sprint acceleration in multiple directions are common || Z2 B2 [Primärstudie] S. 2: the ability to accelerate (and decelerate) can be of far greater assistance to an athlete’s on-field performance (4,27) || Z2 B1 [Positionspapier/Lehrbuch] S. 2: In many team sports, rapidly changing one’s velocity and momentum to evade opponents is crucial (35) || Z4 B9 [Primärstudie] S. 2: applying force in a more horizontal direction is a major factor in differentiating between rates of acceleration (13,40,60,61,66) || Z4 B9 [Primärstudie] S. 2: During the acceleration phase, the ability to apply horizontally oriented force has been shown to be one of the key determining factors to performance (61). || Z3 B9 [Primärstudie] S. 2: Effectively applying lower limb force in a horizontal direction as velocity increases has been referred to as mechanical effectiveness (75). || Z6 B10 [ohne Beleg] S. 2: One “simple” macroscopic method used to determine mechanical effectiveness across a sprint acceleration is horizontal F-v profiling, also known as sprint profiling. || Z7 B6 [Positionspapier/Lehrbuch] S. 2: As a means of accurately assessing the horizontal force produced by an athlete, sprint profiling assists coaches to calculate the degree of horizontally directed force || Z9 B13 [ohne Beleg] S. 2: whether the conventional approach of manually or electronically timing a 40-yard sprint should be used in conjunction with the more in-depth sprint profiling || Z6 B13 [ohne Beleg] S. 2: Additional details provided by mechanical sprint profiling including power and force orientation provide practitioners with superior means to objectively evaluate, effect, and monitor sprint qualities. || Z10 ohne [ohne Beleg] S. 2: This review aims to provide background information on the F-v relationship, determinants and biomechanics of acceleration performance, and sprint profiling;;None: None None;"Konstruktquelle: Sprint = Beschleunigung + Maximalgeschwindigkeit (S. 1); Beschleunigung kann für Spielleistung bedeutsamer sein als Vmax (S. 2); horizontale Kraftorientierung bestimmt Beschleunigung. Praxisbeitrag ohne eigene Daten, Nachwuchs nicht behandelt.";2019_Hicks_et_a_Improving_mechanical
Diagnostik;Marín-Jiménez 2024;Reliabilität/Validität;"410 Erwachsene 18–64 J. (203 w, 207 m), aktiv und inaktiv, Allgemeinbevölkerung Cádiz (Spanien), keine Sportler; Replikation n = 66 (Median 45 J.)";"Standweitsprung im Feld (2 Versuche, Bestwert; Retest nach 1 Woche, Replikation nach 3 Lerneinheiten); Kriterien: SLJ auf Kraftmessplatte (Kraft, Leistung, Absprunggeschwindigkeit, Impuls), isometrische/isokinetische Kniekraft";5232;ja;Methodik;2.3 | Testing procedures | 2.3.3 | Lower‐body muscular strength | The standing long jump tests | Isokinetic testing;;973;18.6;"Konstruktdefinition | Protokoll/Ablauf | Gerät | Versuche/Pausen | Aggregationsregel | Reliabilität (zitiert) | Validität | Standardisierung/Aufwärmen | Testreihenfolge | Sonstiges: Lernphase mit drei Übungseinheiten in der Replikationsstudie; Kraftmessplatten-Kennwerte des Sprungs";Beschreibt Ablauf beider Messtermine mit Standardisierung und Reihenfolge sowie Feld- und Laborprotokoll des Standweitsprungs und der Kriteriumsmessungen.;430;430;1 Anforderung/Leistungsrelevanz der Zielgrößen (102) · 2 Konstrukt/Diagnostik (237) · 3 Zweck/Hypothese (91);Z2 → Z2 → Z6 → Z6 → Z7 → Z7 → Z9 → Z9 → Z2 → Z10;"Z2 B12 [Review/MA] S. 1380: Muscular strength has shown to have a protective effect on health, being positively associated with a reduction in all‐cause mortality by up to 31% || Z2 B12 [ohne Beleg] S. 1380: it would be interesting to assess muscular strength as a diagnostic criterion for evaluating health status. || Z6 B10 [Primärstudie] S. 1380: field‐based fitness tests are relatively safe and time‐efficient, involve minimal equipment and low cost, and can be easily administered to a large number of people || Z6 B7 [Review/MA] S. 1380: standing long (broad) jump (SLJ) test could be proposed as a lower‐body explosive muscular strength tool, since it is proposed in health‐related fitness test batteries || Z7 B6 [Positionspapier/Lehrbuch] S. 1380: criterion‐related validity (the extent to which a field‐based test correlates with the criterion measure, that is, the gold standard) (Docherty, 1996) || Z7 B5 [Review/MA] S. 1380: reliability (indicating consistent results from a test performed multiple times under identical conditions in a short time span) (Hopkins, 2000) || Z9 B6 [Review/MA] S. 1380: the criterion‐related validity of this test has not been explored in adult population (Castro‐Piñero et al., 2021). || Z9 B5 [Review/MA] S. 1380: a recent systematic review has concluded that the SLJ test has moderate to high reliability, only in adults aged 18–45 years (Cuenca‐Garcia et al., 2022). || Z2 B12 [Review/MA + Primärstudie] S. 1380: In view of the close relationship between lower‐body muscular strength and health in adults (García‐Hermoso et al., 2018a, 2018b; Ruiz et al., 2008) || Z10 ohne [ohne Beleg] S. 1380: to analyze the validity and the reliability of the SLJ test to assess the lower‐body explosive muscular strength in adults (i.e., 18–64 years)";"B13 (Testreihenfolge) Standweitsprung [ohne Beleg] S. 1380–1381: then the SLJ test was performed first, given that this test implies the least strain on the musculature of the body than the other tests. || B8 Standweitsprung [Primärstudie] S. 1381: A further attempt was allowed if the subjects fell backward or touched the floor with another part of the body (Castro‐Piñero et al., 2009). || B5 + B6 Isokinetik (Kriterium) [Primärstudie] S. 1381: The validity and reliability of this device for assessing lower‐body strength are high (Habets et al., 2018; Mellemkjær et al., 2024).";ja: In addition, lower‐body muscular strength has a close relationship with health and mortality in adults (García‐Hermoso et al., 2018a, 2018b). S. 1388;Familiarisierung belegt: ohne Übung T2 +12 cm (MDC90 29 cm), nach drei Übungseinheiten CV 0,5 %. SLJ-Weite vor allem durch maximale horizontale Leistung erklärt (68 % Varianz, Kraftmessplatte). Erwachsene 18–64 J., keine Sportler.;European_Journal_of_Sport_Science_2024_Marin_Jimenez_Criteri
Diagnostik;Nimphius 2016;Reliabilität/Validität;17 männliche Cricketspieler, 24,4 ± 5,0 J., erfahren (First Grade, regionale Liga, Australien);30-m-Sprint (10-m-Zwischenzeit), 505 beidseitig, COD-Defizit (505-Zeit minus 10-m-Zeit);4730;ja;Methodik;Procedures | 30-m Sprint | 505 Change of Direction Test;;642;13.6;Begründung der Testwahl | Standardisierung/Aufwärmen | Protokoll/Ablauf | Gerät | Versuche/Pausen | Aggregationsregel | Sonstiges: Ungültigkeitskriterien, Splitzuordnung (0–10 m Beschleunigung, 0–30 m Maximalgeschwindigkeit), Formel COD-Defizit, Definition bevorzugte Seite;Beschreibt Testbedingungen und Protokolle von 30-m-Sprint und 505, aus deren Mittelwerten das COD-Defizit berechnet wird.;1311;1311;1 Konstrukt/Diagnostik (187) · 2 Konstrukt/Diagnostik (198) · 3 Konstrukt/Diagnostik (230) · 4 Konstrukt/Diagnostik (293) · 5 Konstrukt/Diagnostik (243) · 6 Zweck/Hypothese (160);Z3 → Z6 → Z6 → Z7 → Z6 → Z7 → Z6 → Z7 → Z6 → Z6 → Z1 → Z6 → Z7 → Z7 → Z7 → Z3 → Z7 → Z7 → Z3 → Z7 → Z9 → Z1 → Z10 → Z10;Z3 B9 [Review/MA] S. 3024: Change of direction (COD) speed forms the physical foundation for agility, as it incorporates the mechanics associated with agility performance || Z6 B6 [ohne Beleg] S. 3024: coaches seek to use appropriate tests to accurately isolate and measure the physical quality of changing direction || Z6 B7 [Review/MA] S. 3024: A variety of assessments have been adopted by coaches to assess COD ability (3,35,36). || Z7 B6 [ohne Beleg] S. 3024: It would be assumed that these COD tests intend to provide a valid assessment, specifically, the assessment of one’s ability to both decelerate and reaccelerate || Z6 B1 [ohne Beleg] S. 3024: the inherent movement patterns during certain assessments contain actions that are not necessarily specific to the COD patterns within particular sports || Z7 B6 [Primärstudie] S. 3024: if a COD test is too long in duration, then, there is less emphasis on COD ability and more on anaerobic capacity || Z6 B7 [Primärstudie] S. 3025: A test that restricts many of these limitations is the 505, which is another popular assessment of COD ability (40). || Z7 B6, B5 [Primärstudie] S. 3025: can isolate horizontal plane COD ability (6), and has been identified as a reliable test (11,34,40) || Z6 B13 (seitengetrennte Erfassung) [Primärstudie] S. 3025: The 505 can also be used to investigate as the COD ability for each leg (17,18,28,29), which is an important consideration for athletes || Z6 B7 [Primärstudie] S. 3025: this test has been administered for a range of athletes from sports, such as rugby league (11), soccer (24), netball (9) || Z1 B1 [Primärstudie] S. 3025: when batsmen score 100 runs during a match, they will be required to complete approximately forty 180° turns during their innings (7) || Z6 B1 [Primärstudie + Positionspapier/Lehrbuch] S. 3025: For this population, the 505 is very specific to actions they would produce during a match (18,38). || Z7 B6 [Primärstudie] S. 3025: The duration of the 505 is relatively short (approximately 2–3 seconds) (17,18,28,29,34), which means that it should place a greater emphasis on COD ability. || Z7 B6 [Primärstudie] S. 3025: However, using the time as a measure from a test such as the 505 may not necessarily represent the COD ability of an athlete (34). || Z7 B6 [Primärstudie] S. 3025: a majority of the total time to complete the test can be explained by an athlete’s acceleration ability (27) || Z3 B9 [Primärstudie] S. 3025: large correlations between linear and COD speed tests (11,22,30,34,43), although it is widely acknowledged that they are different skills (32,43,45) || Z7 B10 [ohne Beleg] S. 3025: the light beam may be broken purely because of the athlete’s forward lean within the COD || Z7 B5 [Primärstudie] S. 3025: the reliability of times measured in a COD speed decreases when the distances are reduced (34) || Z3 B9 [Primärstudie] S. 3025: The COD deficit documents the effect or additional time that one directional change requires when compared with a pure linear sprint over an equivalent distance. || Z7 B6 [Primärstudie] S. 3026: These data suggest that COD deficit potentially provides a measure of COD ability independent of linear speed. || Z9 ohne [ohne Beleg] S. 3026: However, the value of doing so, and whether this provides a different magnitude of COD ability rather than just 505 time alone, must be confirmed. || Z1 B1 [Primärstudie] S. 3026: Experienced cricketers were selected because of the importance of 180° direction changes in their sport || Z10 ohne [ohne Beleg] S. 3026: evaluate the relationship between measures of linear speed (10- and 30-m sprint times), COD time measured by the 505, and COD deficit || Z10 ohne [ohne Beleg] S. 3026: It was hypothesized that the correlations and explained variance would illustrate that the COD deficit provided a different measure of COD ability.;B7 30-m-Sprint [Primärstudie] S. 3026: The 30-m sprint has been previously used to assess linear speed in cricketers (18). || B9 30-m-Sprint (0–10 m, 0–30 m) [Primärstudie] S. 3026: These intervals provided a measure of acceleration (20) and maximum velocity (8) for the correlation analysis. || B8 505 [Primärstudie] S. 3027: The methodology for the 505 was used as per established methods (6) with the setup is shown in Figure 1. || B5 505 (und Sprint) [Primärstudie] S. 3027: An ICC equal to or above 0.70 was considered acceptable (1,14,18). || B8 COD-Defizit [Primärstudie] S. 3027: The COD deficit for the 505 for each leg was calculated by the formula: mean 505 time − mean 10-m time (27).;teilweise: This is a particular issue for cricketers, as coaching practice outlines that batsmen should complete the turn when running between the wickets S. 3030;"Musterkette Konstrukt → Testkritik → 505 (verbreitet, reliabel, seitengetrennt) → Gesamtzeit überwiegend Linearsprint → COD-Defizit. Draper-&-Lancaster-Bezüge gedruckt S. 3025, 3027, 3030; die Projektangabe ‚S. 4, 7‘ entspricht PDF-Seiten.";2016_Nimphius_Change_of_Direction_Deficit_A_More_Isolated_Me
Diagnostik;Ortega 2008;Reliabilität/Validität;123 Jugendliche (69 m, 54 w), 13,6 ± 0,8 J., Schulpopulation aus 10 europäischen Städten (HELENA-Pilotstudie), keine Athleten;"Back-saver sit and reach, Handgrip, Standweitsprung, Squat Jump, CMJ, Abalakov-Sprung, Bent arm hang, 4 × 10-m-Pendellauf, 20-m-Shuttle-Run; Test-Retest nach 2 Wochen (je 2 Versuche, Bestwert)";2968;ja;Methodik;Physical fitness assessment;;1004;33.8;"Begründung der Testwahl | Protokoll/Ablauf | Gerät | Versuche/Pausen | Aggregationsregel | Standardisierung/Aufwärmen | Sonstiges: Konstruktzuordnung je Test in Klammern; Testerschulung (Manual, Workshop, fester Tester je Test); Testwahl-Begründung nur per Verweis";"Beschreibt standardisiert die neun Feldtests mit Konstruktzuordnung, Gerät, Ablauf und Bestwertregel; die Begründung der Testauswahl wird an eine frühere Publikation ausgelagert.";353;353;1 Anforderung/Leistungsrelevanz der Zielgrößen (81) · 2 Konstrukt/Diagnostik (41) · 3 Konstrukt/Diagnostik (95) · 4 Konstrukt/Diagnostik (90) · 5 Zweck/Hypothese (46);Z3 → Z2 → Z6 → Z7 → Z7 → Z7 → Z7 → Z10;Z3 B9 [ohne Beleg] S. 1: Health-related physical fitness includes the characteristics of functional capacity and is affected by the physical activity level and other lifestyle factors. || Z2 B12 [Primärstudie] S. 1: A high health-related physical fitness level focuses on optimum health and prevents the onset of disease and problems associated with inactivity at all ages.1–4 || Z6 B13 (Begründung ausgelagert) [Positionspapier/Lehrbuch] S. 2: For this purpose, a set of standardized tests has been chosen, and the scientific rationale for their selection has been published elsewhere.6 || Z7 B5 [Review/MA] S. 2: Reliability can be defined as the consistency of measurements. || Z7 B6 [Review/MA] S. 2: Validity is the ability of the measurement tool to measure what it is designed to measure. || Z7 B5 [ohne Beleg] S. 2: The main components of measurement error are systematic bias (for example, general learning on the tests) and random error due to biological or mechanical variation. || Z7 B5 [Review/MA] S. 2: The study on the agreement between two measurements by means of the Bland–Altman approach seems a more proper and useful method for reliability analyses.7–9 || Z10 ohne [Positionspapier/Lehrbuch] S. 2: we report the outcome of reliability testing, on a test-retest basis, of the set of health-related physical fitness tests used in the HELENA Study.6;B13 (Begründung ausgelagert) alle Fitnesstests [Positionspapier/Lehrbuch] S. 2: The scientific rationale for the selection of all of these tests has been published earlier.6 || B7 alle Fitnesstests (Retest-Intervall) [Primärstudie] S. 2: The same inter-trial period has been used earlier in similar reliability studies carried out on healthy young people.10 || B9 Standweitsprung [ohne Beleg] S. 3: (3) Standing broad jump test (lower limb explosive strength assessment) || B9 4 × 10-m-Pendellauf [ohne Beleg] S. 3: (6) 4 × 10 m shuttle run test (speed of movement, agility and coordination assessment) || B8 20-m-Shuttle-Run [Primärstudie] S. 3: the adolescents perform the test as described earlier by Léger et al.12 || B8 Handgrip [Primärstudie] S. 2: The handgrip span was adjusted according to hand size using the equation that we have developed specifically for adolescents.11;teilweise: Given that physical fitness can already be considered a marker of health in this period of life,3,6,44 information about the reliability … is of interest. S. 6;"Knappe Begriffskette zur Messgüte: Reliabilität = Konsistenz, Validität = misst, was es messen soll; Messfehler = systematischer Bias (Lernen) plus Zufallsfehler; Bland-Altman statt Korrelation. SBJ-Retest nach zwei Wochen ohne Lern- oder Ermüdungseffekt (13-Jährige).";2008_Ortega_Reliability_of_health_related_physical_fitness_t
Diagnostik;Rahman 2021;Reliabilität/Validität;Studierende bzw. Bewerber des Sportlehramtsstudiums (UiTM, Malaysia), m und w, im Text „adolescents“: 60 für Reliabilität/Validität (Elite- vs. Nicht-Elite-Handballer), 417 für Normen (19–22 J. laut Methodik, 17–22 J. laut Tab. 7);Standweitsprung (2 Versuche, Bestwert): Interrater-ICC, Test-Retest (24 h), Known-Groups-Validität, Normen nach SD-Methode;3860;ja;mehrere: eigenes Kapitel (2. Literature Review), Methodik (Testprotokoll ohne eigene Überschrift);2. Literature Review | 3. Methods;"„Literature Review“ ist ein Theoriekapitel zu SBJ (Verwendung, Phasen nach Wakai & Linthorne), Reliabilität, Validitätsevidenz (Known-Groups) und Normierung (1.209 Wörter); das SBJ-Protokoll steht ohne Überschrift am Ende eines Methodikabsatzes (102 Wörter)";1311;34.0;Konstruktdefinition | Begründung der Testwahl | Protokoll/Ablauf | Versuche/Pausen | Aggregationsregel | Reliabilität (zitiert) | Validität | Normwerte | Sonstiges: Messtheorie (Reliabilitätsarten, Validitätsevidenz, Norm- vs. Kriteriumsbezug, SD- vs. Perzentilmethode);"Liefert als eigenes Theoriekapitel die messtheoretische Grundlage (Reliabilität, Validitätsevidenz, Normierung) samt bisheriger SBJ-Gütebefunde; das Testprotokoll folgt knapp in der Methodik.";1021;1021;1 Anforderung/Leistungsrelevanz der Zielgrößen (136) · 2 Konstrukt/Diagnostik (268) · 3 Konstrukt/Diagnostik (325) · 4 Lücke (292);Z3 → Z2 → Z2 → Z1 → Z6 → Z6 → Z6 → Z6 → Z1 → Z2 → Z7 → Z7 → Z7 → Z7 → Z8 → Z9 → Z9 → Z9 → Z10;"Z3 B9 [Positionspapier/Lehrbuch] S. 1341: Muscular power is the ability to generate maximum force in the fastest possible time (Miller, 2014). || Z2 B2 [Primärstudie] S. 1341: The importance of muscular power is well established in human sports performance || Z2 B12 [Review/MA + Primärstudie] S. 1341: Muscular power also essential for health outcomes among youth and associated with bone health by increasing bone mass || Z1 B1 [ohne Beleg] S. 1341: Daily life activities such as walking, climbing stairs, or standing from a seated position require muscular leg power. || Z6 B9 [Primärstudie] S. 1341: field test used to assess explosive leg power or the ability to apply force in a horizontal direction || Z6 B10 [ohne Beleg] S. 1341: Although lab tests such as the Wingate test cycle ergometer provide accurate measurement, it still lacks feasibility. || Z6 B10 [Primärstudie] S. 1341: The SBJ test used a simple protocol, time-efficient protocol, and does not require complicated equipment || Z6 B7 [Positionspapier/Lehrbuch] S. 1341: the test has also been proposed by AAHPER Youth Fitness to assess leg power || Z1 B1 [ohne Beleg] S. 1341: it is essential for the candidates who take the Physical Education course to have a high level of physical fitness, including lower body muscular power || Z2 B2 [ohne Beleg] S. 1341: Data collection of lower body muscular power is critical to ensure the selection process fulfils the Physical Education program's criteria. || Z7 B5 + B6 [Review/MA] S. 1341: Valid and reliable tests of motor competence such as SBJ are necessary to allow researchers or practitioners to identified motor competencies, skill deficiencies || Z7 B5 [Primärstudie] S. 1342: one of the measurement errors, according to Classical Test Theory, is inconsistency in time (test-retest or stability). || Z7 B5 [ohne Beleg] S. 1342: So that is very important to ensure the test should have interobserver or interrater reliability. || Z7 B6 + B2 [Positionspapier/Lehrbuch] S. 1342: if a test is ""valid,"" one criterion could be that test scores must discriminate across groups that are theoretically known to differ. || Z8 B6 [Positionspapier/Lehrbuch] S. 1342: a test yields valid information only for individuals similar in age, gender, and experience to those on whom the original validation was conducted || Z9 B11 [Positionspapier/Lehrbuch] S. 1342: norms reference, which is more than five years, cannot describe the actual findings and can be regarded as out-dated || Z9 B6 [Primärstudie] S. 1342: the difference in population in term of age, gender, experience require a new study of the relevant population || Z9 B11 [Primärstudie] S. 1343: have come out with norm for SBJ, but the differences of age and population causes the validity and reliability can be questionable || Z10 ohne [ohne Beleg] S. 1343: the purposes of this study are to establish reliability, validity evidence and develop a specific norm-referenced standard for lower body muscular power assessed by SBJ";B6 Standweitsprung [Primärstudie] S. 1346: The handball players are selected because the handball players required explosive leg power for throwing the ball with power and speed || B5 Standweitsprung [Primärstudie] S. 1346: The shorters of time interval are considering because no fatigue effects were found for the SBJ;teilweise: The SBJ norms also allow the proper selection of the candidates for Physical Education programs S. 1350;"Warnung: Stichprobe 17- bis 22-jährige Sportlehramtsbewerber, im Text „adolescents“; Einheitenfehler (Tab. 7 „cm“, Werte in m); Zitierfehler (Artero statt Castro-Piñero 2010). Allenfalls Known-Groups-Logik (Elite > Nicht-Elite) als Validitätsidee. Laut Projektanweisungen nicht aufnehmen.";2021_Rahman_et_al_Reliability_validity_and_norm_references_o
Diagnostik;Sammoud 2021;Reliabilität/Validität;"11,7 ± 1,2 J. (Reifeoffset −2,4 ± 1,0; präpubertär), männlich, nationales Niveau (ein Regionalteam), Fußball, n = 89";"505 (Microgate), CoD-Defizit (505-Zeit minus 10–20-m-Zeit), 20-m-Sprint mit 5/10-m-Zeiten (Einzelstrahl-Lichtschranken, Start 0,3 m); Test-Retest nach 7 Tagen";2815;ja;Methodik;2.2. Data Collection | 2.3. Change of Direction Speed | 2.4. Linear Sprint Speed;Testplan und Standardisierung unter „Data Collection“, je Test ein eigener Unterabschnitt;344;12.2;Protokoll/Ablauf | Gerät | Versuche/Pausen | Aggregationsregel | Standardisierung/Aufwärmen | Testreihenfolge | Sonstiges: Sprint-ICC 0,91–0,94 ohne Herkunftsangabe | Sonstiges: Schrankenhöhe 0,75 m gegen Fehlauslösung durch Gliedmaßen | Sonstiges: CoD-Defizit-Formel, Test-Retest-Plan (2 Termine, 7 Tage), 2 Familiarisierungstermine;Legt Test-Retest-Plan und Protokolle von 505 und Sprint fest und definiert das CoD-Defizit als Differenzmaß, auf dem die Reliabilitäts- und Sensitivitätsanalyse aufbaut.;881;838;1 Konstrukt/Diagnostik (219) · 2 Konstrukt/Diagnostik (132) · 3 Konstrukt/Diagnostik (107) · 4 Lücke (339) · 5 Zweck/Hypothese (84);Z1 → Z2 → Z7 → Z6 → Z6 → Z3 → Z3 → Z7 → Z9 → Z9 → Z10 → Z10;Z1 B1 [Primärstudie] S. 1: The ability to change direction rapidly while sprinting is a crucial fitness attribute in soccer [1]. || Z2 B1 [Review/MA] S. 1: Soccer players’ change of direction (CoD) speed performance is determinant during decisive offensive and defensive actions [2]. || Z7 B6 [ohne Beleg] S. 2: This could harm the content validity of the test. || Z6 B9 [Primärstudie] S. 2: The 505 test appears to be a good alternative to assess deceleration and re-acceleration qualities, alongside the ability to rapidly change direction [6]. || Z6 B6 [Primärstudie] S. 2: due to its relatively short duration, the 505 CoD test may place a greater emphasis on CoD ability compared with other CoD speed tests [8] || Z3 B9 [Primärstudie] S. 2: For the 505 test, changing direction is reported to account for only 31% of the total 505 times in female softball players [10]. || Z3 B9 [Primärstudie] S. 2: It represents the additional time that a directional change requires when compared to a straight sprint over an equal distance || Z7 B5 [Review/MA] S. 2: Reliability is a fundamental characteristic for every physical performance test to be widely applied [13,14]. || Z9 B5 [Primärstudie] S. 2: the reduced number of prepubertal players (n = 33) in the study of Taylor et al. [15] makes the findings far from being conclusive || Z9 ohne [ohne Beleg] S. 2: none of the available studies have examined the association between CoDD and linear sprint speed in prepubertal players, highlighting a void in the literature || Z10 ohne [ohne Beleg] S. 2: to examine the test-retest reliability and sensitivity of the 505 CoD speed test and CoDD in a large sample of prepubertal male soccer players || Z10 ohne [Primärstudie] S. 2–3: we hypothesized that the CoDD score has low to moderate reliability in prepubertal male soccer players;B8 505 [Primärstudie] S. 3: The 505 CoD speed test was administered as previously outlined by Draper and Lancaster [21] || B8 CoD-Defizit [Primärstudie] S. 3: calculated via the formula: the mean 505 CoD speed time—the mean 10 to 20 m time interval [1] || B6 Sprint (Lichtschranke) [ohne Beleg] S. 4: placed 0.75 m above the ground to ensure it captured trunk movement and avoided false signals via limb motion || B5 Sprint [ohne Beleg] S. 4: The ICC for test retest reliability ranged from 0.91 to 0.94.;nein: None None;505-Kette: lange Tests messen Stoffwechsel mit, 505 betont Richtungswechsel, Drehung nur 31 % der Zeit (Softball, S. 2). Präpubertär: ICC 0,75, TEM 0,07 > SWC 0,04 s (S. 4). Warnung: Aggregation (Bestwert/Mittel) widersprüchlich, Relevanzbeleg [1] Basketballstudie.;2021_Sammoud_et_al_sensitivity_COD_linear_sprint_prepubertal
Diagnostik;Sheppard 2006;Narrative Übersicht/Positionspapier;keine eigene Stichprobe (Übersicht zu Feld- und Hallenspielsportarten);"Agility (reaktiv) vs. Richtungswechselgeschwindigkeit (505, Illinois, L-Run, Up-and-back u. a.), gerader Sprint; Kraft-/Sprungmaße als Korrelate";7153;ja;eigenes Kapitel;Defining agility | Physical relationships with agility | Testing agility;‚Physical relationships with agility‘ behandelt die Leistungsvoraussetzungen (Determinanten) der Richtungswechselgeschwindigkeit;6425;89.8;Konstruktdefinition | Begründung der Testwahl | Protokoll/Ablauf | Validität | Sonstiges: Leistungsvoraussetzungen (Sprint, Kraft, Schnellkraft, Reaktivkraft, Anthropometrie, Technik) | Sonstiges: Testklassifikation vorgeplant vs. reaktiv, generischer vs. sportspezifischer Reiz;Bildet den Kern der Übersicht: Definition und Abgrenzung von Agility gegenüber Richtungswechselgeschwindigkeit (1.838 W.), physische Leistungsvoraussetzungen (3.066 W.) und Bewertung bestehender Tests (1.521 W.).;407;255;1 Mechanismus/Trainingsmethode (94) · 2 Mechanismus/Trainingsmethode (134) · 3 Anforderung/Leistungsrelevanz der Zielgrößen (134) · 4 Zweck/Hypothese (45);Z3 → Z5 → Z3 → Z1 → Z2 → Z6 → Z10 → Z3;Z3 B9 [Primärstudie + Positionspapier/Lehrbuch] S. 919: Past research and reports have been published regarding sprinting phases, including the acceleration, maximal speed and speed endurance phases || Z5 B9 [Primärstudie] S. 919: straight sprint training appears to have little or no influence on the improvement of sprinting that involves changes of direction || Z3 B9 [Primärstudie] S. 919: Additional support for this is evidenced by a weak relationship between straight sprint performance and change of direction speed performance || Z1 B1 [ohne Beleg] S. 919: Many field and court sports involve some straight sprinting, but more often repeated short sprinting with changes of direction. || Z2 B1, B2 [Primärstudie] S. 919: The ability to sprint repeatedly and change direction while sprinting is a determinant of sport performance in field and court sports || Z6 B1 [ohne Beleg] S. 919: it would seem important to provide testing and training that mimics this demand to increase specificity || Z10 ohne [ohne Beleg] S. 919 f.: This article is a review of the literature that is relevant to defining agility, its relationships with other trainable qualities, and the testing of agility. || Z3 B9 [ohne Beleg] S. 920: We propose a new definition of agility that recognizes both the cognitive and physical components involved in agility for sport.;B6 505 [Primärstudie] S. 927: the 505 test was the most valid test of agility examined because it resulted in the highest correlation with acceleration in the turning phase || B1 505 [ohne Beleg] S. 927: The 505 test was designed with the demands of cricket in mind. || B6 Illinois Agility Test [Primärstudie] S. 927: Draper and Lancaster (1985) deemed the Illinois agility test to be less valid than the 505 test, as it correlated strongly with top speed.;None: None None;"Agility-Definition (S. 922) und Abgrenzung zur COD-Geschwindigkeit (Tab. II): vorgeplanter 505 misst COD-Geschwindigkeit, nicht Agility. 505 für Cricket entworfen, Validitätsargument von Draper & Lancaster referiert (S. 927); Sprint und COD getrennte Qualitäten (S. 923).";2006_Seppard_et_al_Agility_literature_review_Classifications
Diagnostik;Taylor 2018;Reliabilität/Validität;"U12–U18 (Ø 12,0–17,4 J.), Geschlecht nicht genannt, Elite-Nachwuchs (2 EPL-Akademien Kategorie 1), Fußball; n = 110";"modifizierter 505 (M505, je Bein), 10-m-Sprint, COD-Defizit (CODD = bester M505 − bester 10-m-Sprint); Test-Retest im Abstand von 7 Tagen";3029;ja;Methodik;Experimental approach to the problem;"Testbeschreibung (Protokoll, Aufwärmen, Messtechnik, Aggregation, CODD-Berechnung) steht zusammen mit dem Test-Retest-Design unter „Experimental approach to the problem“; die Reifebestimmung folgt getrennt unter „Maturation, performance and reliability“.";374;12.3;Protokoll/Ablauf | Gerät | Versuche/Pausen | Aggregationsregel | Standardisierung/Aufwärmen | Reliabilität (zitiert) | Sonstiges: Test-Retest-Intervall 7 Tage, Vertrautheit mit dem Test, Lichtschrankenhöhe nach EPPP;Beschreibt Ablauf, Standardisierung und Messtechnik von M505 und 10-m-Sprint sowie die CODD-Berechnung so, dass die Test-Retest-Messung nachvollziehbar ist.;577;500;1 Konstrukt/Diagnostik (146) · 2 Konstrukt/Diagnostik (92) · 3 Konstrukt/Diagnostik (207) · 4 Reifung/Alter (89) · 5 Zweck/Hypothese (43);Z6 → Z2 → Z6 → Z3 → Z7 → Z3 → Z9 → Z7 → Z8 → Z8 → Z10;"Z6 B7 [Positionspapier/Lehrbuch] PDF-S. 2: standardized “benchmark performance testing” is completed nationwide, using a testing battery that includes a “modified 505 test” (M505) || Z2 B1 [Primärstudie] PDF-S. 2: Change-of-direction ability is an important component of performance in football […]. Specifically, ~ 10% of goals are preceded by a change-of-direction sprint || Z6 B10 [Review/MA] PDF-S. 2: versions of the “505 test” popular in football due to the simplicity of this test and isolated nature of the turn (Svensson and Drust 2005) || Z3 B9 [Primärstudie] PDF-S. 2: short-sprint performance and change-of-direction ability are related in several currently used protocols, potentially skewing data interpretation (Gabbett et al. 2008; Sayers 2015) || Z7 B6 [Primärstudie] PDF-S. 2: Specifically, changing direction is reported to account for only 31% of total 505 time (Nimphius et al. 2013). || Z3 B9 [Primärstudie] PDF-S. 2: defined as “the additional time that one directional change requires when compared to a linear sprint of equivalent distance”. […] (Nimphius et al. 2016) || Z9 B2 [Primärstudie] PDF-S. 2: the reliability of the M505 and CODD tests […] has not been determined, which is noteworthy given their potential use for talent-identification and monitoring purposes || Z7 B5 [Review/MA] PDF-S. 2: understanding the short-term reliability of a test […] is critical to effective data interpretation (Atkinson and Nevill 1998; Hopkins 2000) || Z8 B13 (Reifungsbezug) [Review/MA] PDF-S. 2: The reliability of a change-of-direction test is particularly relevant in youth athletes around “Peak-height Velocity” (PHV) (Beunen and Malina 1988). || Z8 B5 [Primärstudie] S. 2: it is more likely to impact the consistency of change-of-direction performance which requires greater co-ordination/motor-control ability || Z10 ohne [ohne Beleg] S. 2: This study assessed the test–retest reliability of the M505 and CODD in elite youth football players while exploring the effects of maturation on performance";B8 alle Tests (M505, 10-m-Sprint) [Positionspapier/Lehrbuch] S. 2: All testing was carried out in accordance with EPPP guidelines. || B13 (Pausenbegründung) M505 [Primärstudie] S. 2: The players completed 4 trials (turning on each leg twice) with full recovery (~ 3 min) allowed between each (Bogdanis et al. 1995). || B5 Zeitmessung (Brower-Lichtschranken) [Primärstudie] S. 2: This timing system is suitable for tracking changes in short-sprint performance, with no marked systematic bias reported previously (p < 0.05) (Shalfawi et al. 2012). || B8 Zeitmessung (Lichtschrankenhöhe) [Positionspapier/Lehrbuch] S. 2: The height of the timing gates was set according to EPPP guidelines […] i.e. approximately hip height (Haugen and Buchheit 2016).;"ja: Change-of-direction ability is highly relevant to football performance (Bloomfield et al. 2007; Faude et al. 2012), and this supposition underpins the use of the M505. S. 4";"Für 2.4.2: Richtungswechsel macht nur 31 % der 505-Zeit aus (Nimphius et al., 2013), daher CODD. Warnung: Nachwuchs-Elite TE 2,0–3,2 % (M505) bzw. 7,1–12,0 % (CODD); Distanzen der Modifikation nur in Abb. 1.";2018_Taylor_et_al
Diagnostik;Thomas 2020;Normwerte/Trends;2.140 Kinder und Jugendliche 6–18 J. (1.176 m, 964 w), Schulen und Sportzentren in 7 europäischen Ländern, keine Leistungsauswahl;"Standweitsprung (3 Versuche, 5 min Pause, Bestwert); Perzentile P10–P90 je Alter und Geschlecht";1908;ja;Methodik;Standing broad jump;;154;8.1;"Protokoll/Ablauf | Gerät | Versuche/Pausen | Aggregationsregel | Sonstiges: freie Ausholtiefe und freier Armschwung ausdrücklich erlaubt; SOP per Verweis ausgelagert";Beschreibt knapp das Sprungprotokoll mit Versuchszahl, Pause und Bestwertregel und verweist für die Standard Operating Procedures auf eine frühere Publikation.;389;389;1 Anforderung/Leistungsrelevanz der Zielgrößen (95) · 2 Konstrukt/Diagnostik (122) · 3 Lücke (172);Z2 → Z2 → Z3 → Z6 → Z3 → Z2 → Z7 → Z3 → Z8 → Z9 → Z9 → Z10;Z2 B12 + B2 [Positionspapier/Lehrbuch + Review/MA] S. 240: Muscular fitness is an important health-related aspect,1 a fundamental component for complex athletic tasks but also during the execution of simple everyday life tasks.2 || Z2 B12 [Review/MA + Primärstudie] S. 240: positively associated with bone health while it is inversely associated with central adiposity, cardiovascular diseases and metabolic risk factors,3 || Z3 B9 [ohne Beleg] S. 240: Muscular fitness corresponds to the level of muscular strength of both the upper and the lower limbs || Z6 B6 [Primärstudie] S. 240: evaluation strongly associated with tests for the upper (basketball throw and push-ups) and lower limbs (countermovement jump and squat jump) is the standing broad jump || Z3 B9 [Primärstudie + Review/MA] S. 240: This test is designed to measures lower limb muscular fitness and explosive muscular strength of children, adolescents and adults.7,8 || Z2 B2 + B4 [Primärstudie] S. 240: this test provides the opportunity to monitor gains after training, to identify sports talent and for pre-recruitment testing || Z7 B5 + B6 [Primärstudie + Review/MA] S. 240–241: the SBJ is considered the most valid and reliable field-based muscular fitness test in children and adolescents,7,10,11 || Z3 B9 [Primärstudie] S. 241: and is also applied to measure anaerobic power of the lower limbs.9 || Z8 B11 [ohne Beleg] S. 241: One of the best ways to monitor the muscular fitness status of children and adolescents is through specific gender and age normative data. || Z9 B11 [Primärstudie] S. 241: however such results are limited to confined age ranges or national populations. || Z9 B11 [Primärstudie] S. 241: the authors stated that this was a temporary solution until such gap was filled by experimental research.22 || Z10 ohne [ohne Beleg] S. 241: this study aims to provide normative data regarding male and female children and adolescents aged 6 to 18 years old from seven different European countries.;B8 Standweitsprung [Review/MA] S. 242: The Standard Operating Procedures (SOP) can be found elsewhere.11;teilweise: could be used to detect children and adolescents that could be in a “warming zone” (e.g. under 10th percentile) when related to health prevention S. 244;"Normwerte für den SBJ nach Alter und Geschlecht (6–18 J., sieben Länder) zur Einordnung von Ausgangswerten. Protokoll: harter Boden, freier Armschwung, drei Versuche, 5 min Pause, Bestwert. Relevanzkette über Gesundheit, Talent und Trainingsmonitoring; Querschnitt, verschiedene Tester.";2020_Thomas_et_al_Percentile_values_of_the_standing_broad_ju
Diagnostik;Tomkinson 2021;SR/MA;10.940.801 Kinder und Jugendliche 9–17 J., beide Geschlechter, 29 Länder (34 Studien/Datensätze), 1960–2017, Bevölkerungsstichproben;Standweitsprung: zeitliche Trends je Dekade (absolut in cm, prozentual, standardisierte ES), gepoolt national und international;5087;teilweise;Methodik;2.2 Eligibility Criteria | 2.7 Data Items;Keine Rubrik „Outcomes“: Die Zielgröße (SBJ als Operationalisierung explosiver Kraft, gleiche Testprotokolle, Trendmaße) steckt in den Einschlusskriterien und den Datenitems;275;5.4;"Konstruktdefinition | Normwerte | Sonstiges: Einschlusskriterien (9–17 J., ≥ 2 Messzeitpunkte über ≥ 5 Jahre, gleiche Testprotokolle); Trendmaße absolut, prozentual, standardisiert; fehlende SD über CV 13,2 % aus Normdatenbank";Legt fest, welche SBJ-Daten (gleiche Protokolle, 9–17 J., Trendangaben) in die Synthese eingehen und welche Kennwerte extrahiert werden.;595;595;1 Anforderung/Leistungsrelevanz der Zielgrößen (178) · 2 Konstrukt/Diagnostik (199) · 3 Lücke (132) · 4 Zweck/Hypothese (86);Z3 → Z2 → Z6 → Z2 → Z7 → Z7 → Z6 → Z1 → Z9 → Z8 → Z10;Z3 B9 [Positionspapier/Lehrbuch] S. 531: reflects the ability of a muscle or a group of muscles to exert force maximally (strength), explosively (power, also called “explosive strength”) || Z2 B12 [Review/MA] S. 531: In childhood and adolescence, reduced muscular fitness is significantly related to cardiometabolic disease risk [2, 3] || Z6 B10 + B7 + B6 [Positionspapier/Lehrbuch + Primärstudie] S. 532: The standing broad jump (SBJ)—a double-leg jump for the greatest horizontal distance—is a practical, feasible, widely used, ecologically valid and scalable measure || Z2 B12 [Review/MA] S. 532: In children and adolescents, the SBJ is significantly related to health (e.g., cardiometabolic disease risk, adiposity, bone mass) [2, 3] || Z7 B6 [Primärstudie] S. 532: SBJ has moderate to high construct validity with established measures of both lower- [21] and upper-body strength [19, 22] || Z7 B5 + B10 [Primärstudie + Positionspapier/Lehrbuch] S. 532: The SBJ has very high test–retest reliability [21], negligible test–retest learning and fatigue effects [21, 23] and is generally safe [24]. || Z6 B7 [Positionspapier/Lehrbuch] S. 532: It has also been endorsed by both North American [24] and European [25] experts for its predictive utility and recommended for school-based fitness testing. || Z1 B1 [ohne Beleg] S. 532: jumping is a fundamental movement skill used in sports and activities involving high-velocity contractions || Z9 ohne [Review/MA] S. 532: has focused on cardiorespiratory fitness [26, 27], with less known about trends in explosive strength. || Z8 B11 [Primärstudie] S. 532: Subsequent reports on temporal trends in SBJ performance for children and adolescents have generally indicated declines [29–37] or no meaningful change [38–41] in recent decades. || Z10 ohne [Review/MA] S. 532: to update our previous comprehensive synthesis [28] of national (country-specific) and international (pooled global data) temporal trends in SBJ performance for children and adolescents;B9 Standweitsprung [ohne Beleg] S. 532: We included studies if they reported on temporal trends in explosive strength (operationalized as SBJ performance) for children and adolescents. || B11 Standweitsprung [ohne Beleg] S. 532: eligible if they reported on temporal trends in the SBJ performance (using matched testing protocols);ja: Our trends may be meaningful to public health given the significant cross-sectional and longitudinal relationships between SBJ and health [2, 3]. S. 537;Musterkette für den SBJ in einem Absatz: Definition (beidbeiniger Sprung auf maximale Horizontaldistanz) → Praktikabilität/Verbreitung → Gesundheitsbezug → Konstruktvalidität → Reliabilität ohne Lerneffekt → Expertenempfehlung → Sportrelevanz. Gesundheits-, keine Leistungsperspektive.;2021_Tomkinson_et_al_Temporal_Trends_in_the_Standing_Broad_J
Anforderungsprofil;Algroy 2021;Spielanalyse/Querschnitt;14,0 ± 0,3 J. (U14), männlich, Elite- und Sub-Elite-Ebene (Vereine mit Nachwuchsakademie, Norwegen), Fußball, n = 64;GPS (18 Hz) je Halbzeit/Spiel: Gesamtdistanz, HIR (13,6–18,5 km/h), Sprintdistanz (> 18,5 und > 25,2 km/h), Maximalgeschwindigkeit, Beschleunigungen und Abbremsungen (> 3 m/s², > 0,5 s);3260;ja;Methodik;2.3. GPS Tracking | 2.4. Match Running Categories;Gerät (2.3) und Zielgrößendefinition über Geschwindigkeitskategorien (2.4) getrennt, Normierung auf 35 min unter „2.2. Matches“ (nicht gezählt);257;7.9;Gerät | Validität | Reliabilität (zitiert) | Protokoll/Ablauf | Konstruktdefinition | Sonstiges: gleiche GPS-Einheit je Spieler, Tragen in Weste zwischen den Schulterblättern | Sonstiges: Schwellen altersspezifisch bzw. aus Seniorenstudien, begründet mit Vergleichbarkeit;Beschreibt das validierte GPS-System und definiert Laufkategorien sowie Beschleunigungen und Abbremsungen über Schwellenwerte, deren Wahl mit Vergleichbarkeit begründet wird.;499;235;1 Anforderung/Leistungsrelevanz der Zielgrößen (168) · 2 Sonstiges: Spielposition (77) · 3 Sonstiges: Kontextvariablen und Leistungsniveau (73) · 4 Lücke (181);Z1 → Z1 → Z9 → Z8 → Z8 → Z2 → Z9 → Z2 → Z4 → Z10 → Z10;Z1 B1 [Primärstudie] S. 1: U14 players cover a total distance between 105–115 m·min−1 during a match and 11.5–14.5 m·min−1 at higher speed || Z1 B1 [Primärstudie] S. 1: elite U14 players perform about 0.4 ± 0.2 sprints (speed above 25.2 km·h−1) [2] and 1.82 ± 0.33 accelerations per min || Z9 ohne [Review/MA + Primärstudie] S. 1: very few studies have examined running performance at the U14 level specifically in relation to high-explosive actions like sprints, accelerations and decelerations [1,5] || Z8 ohne [Review/MA] S. 2: the influence of competing standard and positional roles on players’ running performance seems to be an important factor in youth soccer [1] || Z8 ohne [Primärstudie] S. 2: strikers and wide midfielders demonstrated the highest peak game speeds and frequency of high-intensity actions [5,6] || Z2 B2 [Primärstudie] S. 2: U14 elite level players outperform non-elite players regarding match running performance [2], suggesting a higher external demand during elite matches [7,8] || Z9 ohne [ohne Beleg] S. 2: Especially, more research regarding accelerations and decelerations is necessary in youth soccer. || Z2 B2 [Primärstudie] S. 2: These high-intensity actions have been found to be crucial determinants for successful performance and to discriminate high- and low-level adult players [10]. || Z4 B1 [Primärstudie] S. 2: Accelerations and decelerations also require high rates of force development and are therefore related to the total match load [11]. || Z10 ohne [ohne Beleg] S. 2: the first aim of this study was therefore to analyse match running performance in U14 male soccer players in Norway || Z10 ohne [ohne Beleg] S. 2: We hypothesise that players’ playing positions and competitive level influenced the amount of high-intensity actions in U14 soccer matches.;B11 Normierung auf 35 min Spielzeit [ohne Beleg] S. 3: normalised to 35 min of playing time […] to be comparable with other studies examining U14 players || B6 GPS (STATSports Apex, 18 Hz) [Primärstudie] S. 3: the players wore a portable and previously validated [13] GPS device (Apex, STATSsport, Newry, UK) || B5 GPS (STATSports Apex, 18 Hz) [Primärstudie] S. 3: the present GPS system has been shown to have excellent inter-unit reliability [14] || B11 Geschwindigkeitsschwellen (HIR, Sprint > 18,5 km/h) [Primärstudie] S. 3: The speed thresholds were age-specific [3] and adapted from previous studies on U14 soccer players [3,15] to compare running performance || B11 Sprintschwelle > 25,2 km/h [Primärstudie] S. 3: sprint distance with a threshold adapted from studies on senior soccer players (25.2 km·h−1 with a duration of at least 1 s) was included;teilweise: the high physical demands of high-intensity work and the impact of these actions on post-match muscle damage [34], coaches must consider different positional match loads S. 7;Populationsnaher Z1-Beleg (U14, 2 × 35 min): je Spiel 471 ± 221 m über 18,5 km/h, 38,6 Beschleunigungen, 47,8 Abbremsungen (Tab. 1, S. 4). Vorsicht: Trennschärfe-Beleg [10] (Mohr et al., 2003) betrifft laut Titel Spielleistung und Ermüdung, am Original prüfen.;Algroy_et_al_Motion_Analysis_of_Match_Play_in_U14_Male_Socce
Anforderungsprofil;Havanecz 2026;Spielanalyse/Beobachtung (Training und Spiel);14,26 ± 0,26 J. (Reifeoffset 0,21 ± 0,85 J.), männlich, Elite-Nachwuchsakademie (Tier 3), U15-Fußball, n = 21 (Spielanalysen n = 15);"IMU-basierte Richtungswechsel-Häufigkeit links/rechts und IMA-Richtungslast (Catapult Vector S7), bezogen auf dominante/nicht dominante Seite, Training und Spiel; Beindominanz per Selbstauskunft (Schussbein)";5729;ja;Methodik;2.3 Limb dominance assessment | 2.5 Measurement tools;"2.5 beschreibt die Zielgrößen (553 W.), 2.3 die Gruppierungsvariable Beindominanz (294 W.), beide gezählt; Normierung und Aggregation der Zielgrößen stehen unter 2.6 und sind nicht gezählt";847;14.8;Konstruktdefinition | Begründung der Testwahl | Gerät | Protokoll/Ablauf | Reliabilität (zitiert) | Validität | Sonstiges: Richtungsdefinition über Herstelleralgorithmus (Winkelbereiche, Intensitätsbänder) | Sonstiges: Grenzen der Messgröße (keine direkte biomechanische Last);Operationalisiert Richtungswechsel-Häufigkeit und IMA-Richtungslast über den Herstelleralgorithmus und begründet die Erhebung der Beindominanz per Selbstauskunft.;942;942;1 Konstrukt/Diagnostik (167) · 2 Konstrukt/Diagnostik (259) · 3 Konstrukt/Diagnostik (144) · 4 Anforderung/Leistungsrelevanz der Zielgrößen (111) · 5 Lücke (113) · 6 Zweck/Hypothese (148);Z1 → Z3 → Z3 → Z6 → Z6 → Z7 → Z8 → Z1 → Z2 → Z7 → Z9 → Z8 → Z10;Z1 B1 [Primärstudie] S. 2: These physical demands include covering distance, executing rapid change-of-direction (COD), accelerations and decelerations (2, 3) || Z3 B9 [Review/MA] S. 2: defined as the ability to decelerate, change movement direction and reaccelerate in a pre-planned manner without the reaction to stimulus (4) || Z3 B9 [Review/MA] S. 2: nowadays the literature refers COD speed as a perceptual or decision-making component and is therefore considered distinct from agility (5) || Z6 B13 [Primärstudie] S. 2: while neglecting accelerations, decelerations, CODs and short rapid movements, may therefore provide a misleading, constrained picture of players’ physical demands (14) || Z6 B10 [ohne Beleg] S. 2: Wearable inertial measurement units (IMUs) have become feasible tools for detecting and quantifying COD events in applied sport settings. || Z7 B6 [Review/MA + Primärstudie] S. 2: Validation studies report acceptable validity for detecting COD events and heading angles from IMU data || Z8 B9 [Primärstudie] S. 2: dominance in one motor task (e.g., kicking the ball) does not necessarily generalize to other movement actions such as change-of-direction (20) || Z1 B1 [Primärstudie] S. 2: players tend to perform on the order of 700 turns, many of which are small or moderate angles (0–90°) (21) || Z2 B1 [Primärstudie] S. 2: which is one of the most common movements before the event of scoring a goal in a professional match (22) || Z7 B5 [Primärstudie + Review/MA] S. 2: their reliability and precision may vary in youth cohorts where growth and maturation can affect movement kinematics (23–25) || Z9 ohne [Primärstudie] S. 2: longitudinal on-field evidence describing direction-specific (left vs. right) trajectories of inertial COD metrics in elite youth players remains limited || Z8 B12 [Review/MA] S. 2: asymmetrical load patterns may contribute to uneven mechanical stress and have been associated with increased injury risk (25) || Z10 ohne [ohne Beleg] S. 2: We hypothesize that players would perform more CODs towards their non-dominant side, irrespective of absolute movement direction (i.e., left or right);B7 Beindominanz (Selbstauskunft) [Primärstudie] S. 3: The single-item question has been widely applied in laterality research, as it provides a simple and reliable measure of footedness || B6 Beindominanz (Selbstauskunft) [Primärstudie] S. 3: which has been shown to provide a valid and consistent estimate of functional laterality (18) || B6 IMU-Richtungswechsel [ohne Beleg] S. 5: COD detection and classification were based on IMU-derived data rather than GPS tracking data, allowing more accurate identification of rapid directional changes. || B8 IMU-Richtungswechsel [Herstellerangabe (Webseite)] S. 5: COD direction was operationally defined based on the manufacturer’s algorithm;teilweise: directional actions preceding decisive events often involve rapid deceleration and reorientation towards the center of play S. 7;Beindominanz aufgabenspezifisch: Schussbein-Dominanz überträgt sich nicht zwingend auf Richtungswechsel (S. 2, Beleg dort Tennisstudie). 505/COD-Defizit als praktikable Feldalternative (S. 9). Warnung: Entscheidungskomponente dort COD statt Agilität zugeschrieben (S. 2).;2026_Havanecz_et_al_Leg_dominance_influences_side_specific_d
Anforderungsprofil;McBurnie 2022 Abbremsen;Narrative Übersicht/Positionspapier;keine eigene Stichprobe, Mannschaftssportler allgemein (v. a. Elite-Teamsport, u. a. Fußball);horizontale Abbremsfähigkeit: vorgeplante Abbremsungen über 5–20 m (Spitzen-/Durchschnittsverzögerung, Zeit/Strecke bis Stillstand), Abbremsbelastung im Monitoring (GPS-Schwellen);5172;ja;eigenes Kapitel;4.1 Horizontal Deceleration Assessment | 4.3 Horizontal Deceleration Monitoring;Diagnostik als Unterabschnitte von Kap. 4 („Considerations for the Integration …“), Kap. 2 zu Biomechanik und Physiologie (1.420 Wörter) liefert Konstrukt und Determinanten, nicht gezählt;995;19.2;Relevanzbegründung | Konstruktdefinition | Begründung der Testwahl | Protokoll/Ablauf | Gerät | Validität | Sonstiges: Kennwerte (Spitzen-/Durchschnittsverzögerung, Zeit/Strecke bis Stillstand) | Sonstiges: Kritik an festen GPS-Schwellen (± 3 m/s²), Vorschlag individueller Schwellen | Sonstiges: Empfehlung, Abbremstests wie Sprint- und Sprungtests in Testbatterien aufzunehmen;Begründet, warum Abbremsfähigkeit eigens getestet und in Training und Spiel überwacht werden sollte, und skizziert Messverfahren, Kennwerte und Schwellen.;761;383;1 Mechanismus/Trainingsmethode (192) · 2 Anforderung/Leistungsrelevanz der Zielgrößen (300) · 3 Konstrukt/Diagnostik (184) · 4 Zweck/Hypothese (85);Z5 → Z9 → Z3 → Z1 → Z1 → Z4 → Z2 → Z3 → Z10 → Z10;Z5 B12 [Primärstudie + Review/MA] S. 2: Sprinting has been highlighted as a crucial component of conditioning practices in elite team sports […] in relation to both performance and injury mitigation [1–6] || Z9 ohne [ohne Beleg] S. 2: another high-intensity locomotor action, which perhaps receives less attention: deceleration || Z3 B9 [Review/MA] S. 2: deceleration (i.e., negative acceleration) in the context of this discussion refers to the action performed during sporting scenarios that precedes a change-of-direction (COD) manoeuvre || Z1 B1 [Review/MA] S. 2: high-intensity (< − 2.5 m/s2) decelerations appear to be performed more frequently than equivalently intense accelerations during competitive match play [17] || Z1 B1 [Primärstudie] S. 2: decelerations are linked to movement patterns commonly performed in match play, where athletes need to rapidly reduce momentum in order to evade or pursue opponents || Z4 B12 [Primärstudie + Review/MA] S. 2: high-impact braking ground reaction forces [20, 21], which may predispose lower-limb musculoskeletal structures to a heightened risk of neuromuscular and mechanical fatigue || Z2 B7 [Primärstudie + Review/MA] S. 2: accelerations [26–28], decelerations [18, 28, 29] and high-speed running (HSR) [2, 3, 26, 27, 29–31] have each been highlighted as key performance indicators (KPIs) || Z3 B9 [Primärstudie] S. 2: accelerations may have a higher metabolic cost [32], whereas decelerations elicit higher mechanical demands || Z10 ohne [ohne Beleg] S. 3: The purpose of this Current Opinion article is to highlight the potential importance of horizontal decelerations for both injury risk and performance in team sports. || Z10 ohne [ohne Beleg] S. 3: We also provide sport science and medicine practitioners with considerations around the assessment, monitoring and training of horizontal decelerations.;B1 Abbremstest (vorgeplant, 5–20 m) [Review/MA] S. 7: high-intensity decelerations are performed more frequently than equivalently intense accelerations across a number of team sports [17] || B6 sportartspezifische Tests (Gegenposition) [Primärstudie] S. 7: This may logically point towards the specificity and validity of sports-specific tests [100] || B6 Abbremstest (vorgeplant, 5–20 m) [Positionspapier/Lehrbuch] S. 7: capacity-specific tests still add value to athletic assessment batteries for their ability to isolate underlying physical capabilities of athletes [101] || B1 GPS-Abbremsschwellen (Monitoring) [Primärstudie] S. 8: higher maximal deceleration values have been reported in comparison to acceleration values across all playing positions in soccer match play || B7 Sprint- und Sprungtests (Vergleichsmaßstab) [ohne Beleg] S. 8: should be included in athlete testing batteries in the same way that linear speed testing and jump testing are widely employed;None: horizontal deceleration may need to be seen as an important component in team sports high-performance environments that needs to be carefully assessed, trained and monitored S. 7;Für 505 nutzbar: Abbremsen als Aktion vor dem Richtungswechsel definiert (S. 2), Bremskräfte am drittletzten Bodenkontakt mit schnellerer 505-Zeit verbunden (S. 3, Primärstudie [20]). B7-Formel „linear speed testing and jump testing are widely employed“ (S. 8), ohne Beleg.;2021_McBurnie_et_al_Deceleration
Anforderungsprofil;McBurnie 2022 MDS;Praxisbeitrag;Nachwuchs (prä- bis post-PHV), Geschlecht nicht genannt, Elite- und Subelite-Akademien, Fußball (keine eigene Stichprobe);"keine eigenen Tests; MDS-Komponenten (lineare, COD-, kurvilineare, kontextuelle Schnelligkeit, Agility; Abbremsen gesondert); Belastungsmonitoring über GPS-/Beschleunigungsmetriken und RPE";7687;teilweise;eigenes Kapitel;PRACTICAL APPLICATIONS AND FUTURE DIRECTIONS FOR MONITORING MULTIDIRECTIONAL SPEED;"Einziger diagnostischer Abschnitt; er behandelt Belastungsmonitoring (GPS-, Beschleunigungs-, RPE-Maße), keine Leistungstests. Die MDS-Komponenten werden nur im Eröffnungssatz der Unterabschnitte von TRAINING METHODS charakterisiert, ihre Kennzeichen mit Verweis auf den Begleitartikel „Theoretical underpinnings“ (Ref. 90) vorausgesetzt.";742;9.7;Validität | Sonstiges: Belastungsmonitoring über GPS- und Mikrotechnologie-Metriken | Sonstiges: differenzielles RPE und Wellness-Fragebogen | Sonstiges: Sequenzierung physiologischer und biomechanischer Belastung (Abb. 8) | Sonstiges: Forschungsbedarf zu Dosis-Wirkungs-Beziehungen;Zeigt, mit welchen Belastungsmaßen sich MDS-Aktionen im Training überwachen lassen, und benennt deren Grenzen für die Abbildung biomechanischer Gewebebelastung.;557;65;1 Konstrukt/Diagnostik (78) · 2 Mechanismus/Trainingsmethode (114) · 3 Mechanismus/Trainingsmethode (120) · 4 Mechanismus/Trainingsmethode (245);Z3 → Z10 → Z1 → Z8 → Z4 → Z8 → Z3 → Z4 → Z1 → Z7 → Z6 → Z7;Z3 B9 [Review/MA] S. 1: Multidirectional speed (MDS) can be defined as ‟the competency and capacity to accelerate, decelerate, change direction, and maintain speed in multiple directions […]” (90). || Z10 ohne [ohne Beleg] S. 1: to provide readers with an applied framework to use the concepts of MDS within a long-term athletic development (LTAD) program || Z1 B1 [Review/MA] S. 2: Speed performance in soccer is rarely linear || Z8 B13 (Reifungsbezug) [Primärstudie] S. 2: only weak to moderate relationships exist among changes in testosterone levels (51), growth rates in stature or body mass (20, 150), and sprinting development || Z4 B3 [Primärstudie] S. 2: the ability to effectively apply large relative ground-reaction forces in the intended direction of travel is essential in MDS performance (26,39,74,91,149) || Z8 B13 (Reifungsbezug) [Primärstudie] S. 3: this rate of improvement was significantly reduced in the performance of a 180° COD test during the period of PHV (108) || Z3 B9 [Review/MA] S. 7: COD speed can be considered the mechanical basis for effective agility (38,40,100,129). || Z4 B3 [Primärstudie] S. 7: the preparatory steps before a COD foot plant are fundamental for effective COD speed […] (40,54,55,66,67) || Z1 B1 [Primärstudie] S. 8: Importantly, it has been shown that ~85% of maximum velocity actions in match-play do in fact have some degree of curvature (25) || Z7 B5 [Primärstudie] S. 13: More research into the validity and reliability of this method in youth soccer players, however, is needed, as mixed findings have currently been reported || Z6 B7 [Primärstudie] S. 17: clubs incorporate a variety of metrics to evaluate TL in their athletes (e.g., total distances, speed-time, relative speed intensities, accelerometry, and metabolic power) || Z7 B6 [Primärstudie] S. 17: ‟whole-body” estimates of musculoskeletal load fail to account for the highly variable nature of biomechanical loading that occurs at the structural level;;nein: None None;"Nützlich: MDS-Definition mit fünf Komponenten; COD als mechanische Basis der Agility; COD-Zuwachs um PHV verlangsamt (Parr et al., 2020). Warnung: „~85 % gekrümmte Maximalsprints“ nur aus Hochschulschrift (Caldbeck, 2019); Komponenten-Kennzeichen per Verweis auf Begleitartikel (Ref. 90).";2022_McBurnie_et_al_Multidirectional_Speed_in_Youth_Soccer_P
Anforderungsprofil;Morgan 2022;Spielanalyse/Querschnitt;19,0 ± 1,9 J., männlich, Elite-Nachwuchs (EPL-Akademie, U18/U23), Fußball, n = 24;Richtungswechsel ohne Ball im Spiel (manuelle Videonotation): Häufigkeit je 90/45/15/5 min, Richtung, geschätzter Winkel, Erholungszeit zwischen CODs;4062;ja;Methodik;Study Design | Notational Analysis | Change of Direction Identification process | COD characteristics | Intra-Observer Reliability;Diagnostik unter „Notational Analysis“ mit drei Unterabschnitten, die Begründung der Operationalisierung (manuelle Notation, nur CODs ohne Ball) steht unter „Study Design“;467;11.5;Begründung der Testwahl | Konstruktdefinition | Protokoll/Ablauf | Gerät | Reliabilität (eigene Daten) | Sonstiges: COD-Definition in Abwandlung von Robinson & O’Donoghue (2008) | Sonstiges: Beindominanz aus öffentlichen Medienquellen;Definiert den Richtungswechsel operational, legt das Notationsverfahren (Winkel, Richtung, Zeitfenster) fest und belegt seine Intra-Beobachter-Reliabilität an eigenen Daten.;828;661;1 Anforderung/Leistungsrelevanz der Zielgrößen (164) · 2 Konstrukt/Diagnostik (338) · 3 Anforderung/Leistungsrelevanz der Zielgrößen (67) · 4 Sonstiges: Einflussfaktoren (Position, Beinigkeit, Anthropometrie) (196) · 5 Zweck/Hypothese (63);Z2 → Z2 → Z1 → Z9 → Z7 → Z6 → Z7 → Z1 → Z8 → Z9 → Z10;Z2 B1 [Review/MA] S. 3: Agility and change of direction (COD) […] important physical factor for successful sporting performance in team sports with the premise to evade opponents pressure or tackles || Z2 B2 [Primärstudie + Review/MA] S. 3: The importance of these movements in soccer has been highlighted in their ability to discriminate between levels of soccer players || Z1 B12 [Review/MA + Primärstudie] S. 3: These movements have also been associated with the onset of fatigue during soccer matches (Silva et al., 2018) as well as increased injury risk || Z9 B9 [ohne Beleg] S. 3: there is no consensus on how to measure COD frequency, as there is no agreement on how to identify a COD event || Z7 B6 [Review/MA] S. 4: A recent review (Alanen et al., 2021) stated inertial measurement units have not been validated against unplanned CODs in real life settings || Z6 B6 [Primärstudie] S. 4: Manual notation recognises more instances of CODs than automated techniques (O’Donoghue & Robinson, 2009) || Z7 B5 [Primärstudie] S. 4: Manual notation […] good intra-tester (k = 0.79-0.92) (Bloomfield et al., 2004) and inter-tester (k = 0.56-0.79) (Bloomfield et al., 2007) reliability || Z1 B1 [Primärstudie] S. 4: mean frequency of CODs in soccer games, range from 11.9 (‘hard changes in direction’) […] to >700 (‘turns and swerves’) || Z8 ohne [Primärstudie] S. 4: There is no consensus on the influence of position with both defenders and midfielders reported to complete the most and least CODs || Z9 ohne [ohne Beleg] S. 5: Furthermore, all research thus far on COD frequencies has been observed in professional soccer matches. || Z10 ohne [ohne Beleg] S. 5: to assess the frequency of CODs in elite youth soccer match play using a clear COD definition and reliable identification methodology;B8 COD-Notation (Identifikation) [Primärstudie] S. 5: a new notational analysis approach informed by previous research (Robinson & O’Donoghue 2008) was developed to more clearly define and identify CODs || B13 (Grundlage für COD-Tests) Zielgröße: CODs ohne Ballbesitz [Primärstudie] S. 5: no COD tests thus far being developed based on observational analysis of soccer match play […], this study specifically concentrated on CODs without individual possession || B5 COD-Notation (Identifikation) [ohne Beleg (eigene Daten)] S. 9: The intra-observer reliability of identifying CODs was examined by observing five games (one for each player position) on two separate occasions || B5 COD-Richtung und geschätzter Winkel [ohne Beleg (eigene Daten)] S. 9: Kappa coefficients for intra-observer reliability were reported to have strong and moderate levels of agreement for direction of COD and estimated angle;ja: Identifying COD angles in match play is important for practitioners to understand, as COD ability has been shown to be angle dependent S. 19;Gegenbefund zur 505-Begründung: nur ca. 1,5 % der Spiel-CODs waren exakte 180°-Wenden, 77 % ≤ 90°. Autoren bezweifeln die ökologische Validität von 180°-Tests (S. 20 f.). U18/U23-Akademie, nur CODs ohne Ball. Bloomfield et al. (2004) fehlt im Literaturverzeichnis.;2022_Morgan_et_al_Change_of_direction_frequency_off_the_ball
Anforderungsprofil;Palucci Vieira 2019;Systematische Übersicht ohne MA;"≤ 20 J. (jüngste Gruppe Ø 7,9 J.), männlich, Nachwuchs aller Leistungsstufen, Fußball; 50 Studien, n = 2615";"Spiel-Laufleistung per Zeit-Bewegungs-Analyse: Gesamtdistanz, Distanz/min, Spitzengeschwindigkeit, Distanzen in Geschwindigkeitsbereichen (u. a. hochintensiv, Sprint), Bewegungskategorien; erhoben per GPS, Videotracking, VTM";8069;teilweise;Methodik;2.2.1 Inclusion Criteria | 2.2.2 Exclusion Criteria | 2.4 Data Extraction;"Zielgröße nur über Einschlusskriterium 7, Ausschlusskriterien 4–7 und zwei Sätze der Datenextraktion festgelegt. Ihre Diagnostik behandeln eigene Unterabschnitte der Ergebnisse (3.3.4 Speed Thresholds, 3.3.5 Technology, 3.3.6 Terminology; 525 Wörter) und der Diskussion (4.2.4 Speed Thresholds, 4.2.5 Measurement Techniques, 4.2.6 Terminology Issues; 679 Wörter).";180;2.2;Konstruktdefinition | Gerät | Sonstiges: Ausschluss von Labor-/Feldtests, Simulationsprotokollen, Trainings- und Kleinfeldspielen | Sonstiges: Extraktion von Terminologie, Erfassungsfrequenz und Geschwindigkeitsschwellen | Sonstiges: Messgüte des TMA-Systems als Qualitätskriterium Q4 (Tab. 1);Legt fest, welche Maße der Spiel-Laufleistung eingeschlossen werden, grenzt sie von Test- und Simulationsdaten ab und bestimmt, welche Messmerkmale extrahiert werden.;496;331;1 Lücke (129) · 2 Anforderung/Leistungsrelevanz der Zielgrößen (171) · 3 Lücke (196);Z6 → Z1 → Z2 → Z8 → Z9 → Z10;Z6 B7 [Primärstudie] S. 290: The monitoring of match running performance using time–motion analysis (TMA) is now considered a fundamental part of contemporary youth development processes [3]. || Z1 B1 [Primärstudie] S. 290: running data are useful in a practical context to aid game understanding and decision making […] [4, 21–24] || Z2 B2 [Review/MA] S. 290: This information can also help distinguish player performances across different competitive standards [6] || Z8 ohne [ohne Beleg] S. 290: Regarding youth players, TMA data can also help to clarify the demands necessary when moving up into older age brackets || Z9 B11 [Primärstudie] S. 290: it is necessary to investigate the potential discrepancies among studies in the cutoffs used for age-band definitions […] and running speed thresholds || Z10 ohne [ohne Beleg] S. 290: the purpose of the present systematic review was to provide a critical appraisal and summary of original research articles that have investigated match running performance;;teilweise: Nevertheless, the available information contributes to the understanding of game requirements and can inform training content for physical conditioning sessions [73]. S. 310;"Warnung: Feldtests (u. a. 40-m-Sprint, Zig-Zag) korrelierten mehrfach positiv mit Spiel-Laufleistung; Zig-Zag, RAST und Yo-Yo IR1 erklärten sie in einer Studie nur zu 17–22 %. Konstruktvalidität ohne Positionsbezug; Beschleunigungen nur in 20 % der Studien erfasst.";2019_Vieira_et_al_Match_Running_Performance_in_Young_Soccer
Anforderungsprofil;Parr 2022;Spielanalyse/Querschnitt;15,1 ± 1,4 J. (U14 bis U16), männlich, Elite-Nachwuchs einer englischen Profiakademie, Fußball, n = 37;GPS-Spielmetriken (10 Hz) je 80 min: Gesamtdistanz, HSR (≥ 5,5 m/s), VHSR (≥ 7,0 m/s), Maximalgeschwindigkeit, Beschleunigungen (> 3 m/s²), Prädiktor: Reife (PPAH);3867;ja;Methodik;Match Running Metrics;Messabschnitt nach den Zielgrößen benannt, Metrikdefinitionen (Schwellen) nur in Tab. 3, Reifemessung separat unter „Measurement and Estimate of Maturity“ (nicht gezählt);172;4.4;Gerät | Protokoll/Ablauf | Reliabilität (zitiert) | Sonstiges: Spiel-zu-Spiel-Variabilität begründet Einschluss ab zwei vollständigen Spielen | Sonstiges: Normierung auf 80 min, Mindestspielzeit 80 min | Sonstiges: Metrikdefinitionen nur in Tab. 3;Legt Messgerät, Datenaufbereitung und Einschlussregeln für die fünf Laufmetriken fest, deren Definitionen nur in Tab. 3 stehen.;835;71;1 Reifung/Alter (47) · 2 Reifung/Alter (81) · 3 Reifung/Alter (101) · 4 Reifung/Alter (106) · 5 Reifung/Alter (110) · 6 Sonstiges: Spielposition (114) · 7 Reifung/Alter (178) · 8 Zweck/Hypothese (98);Z8 → Z8 → Z9 → Z10 → Z6;"Z8 ohne [Primärstudie + Review/MA] S. 3: Male soccer players who are advanced in maturation […] demonstrate superior performance on tests of speed, strength, power, agility, and endurance2,3. || Z8 ohne [Primärstudie] S. 3: earlier maturing compared to later maturing boys presented significantly higher values for maximum speed, distance covered at high-speed and absolute higher intensity actions during competition || Z9 B6 [Primärstudie] S. 4: match running metrics collected from either half games11 or shortened-match tournament games12, and so may not be directly relatable to a typical full match || Z10 ohne [ohne Beleg] S. 4: the current study aimed to investigate the influence of maturity (determined by PPAH) and playing position on match running metrics || Z6 B6 [ohne Beleg] S. 4: Full game data will be considered; this will ensure that tactical and fatigue effects are accounted for, particularly due to the demands of different positions.";B8 Reifestatus (PPAH als z-Wert) [Positionspapier/Lehrbuch] S. 5–6: The approach was the same as the method in15, however, specific sample means and standard deviations were used || B5 GPS-Laufmetriken (Einschluss ab zwei vollständigen Spielen) [Primärstudie] S. 6: It has previously been highlighted that there can be high variability in match-to-match running metrics (e.g. HSR can vary by 15 – 29%)16.;teilweise: It was identified that better players typically covered more high speed distance with the ball. S. 10;Für 2.4 kaum nutzbar: Laufmetriken ohne Relevanzbegründung eingeführt, die Einleitung behandelt Reife als Moderator (eher 2.2). Einziger Relevanzsatz (HSR trennt Leistungsniveaus) steht in der Diskussion und stützt sich auf Serie-A-Erwachsene (S. 10).;2022_Parr_et_al_Maturity_Associated_Differences_in_Match_Run
Anforderungsprofil;Turner 2014;Narrative Übersicht/Positionspapier;Erwachsene, männlich, Elite/Profi, Fußball (Übersicht, keine eigene Stichprobe);"keine eigenen Tests; behandelt: aerobe Kapazität (VO2max), Wiederholungssprintfähigkeit, Beschleunigung/Sprint (5, 10, 30 m), Agility/Richtungswechsel, Kraft/Power (CMJ, SJ, 1RM)";3932;teilweise;eigenes Kapitel;ACCELERATION AND SPEED | AGILITY | STRENGTH AND POWER;"Kein Anforderungs- oder Testabschnitt: Die Fähigkeitsabschnitte eröffnen mit Spielanforderung und Leistungsrelevanz und gehen dann in Trainingsempfehlungen über. Gezählt: ACCELERATION AND SPEED vollständig (196), bei AGILITY und STRENGTH AND POWER nur der erste Absatz (88, 173); die drei Abschnitte umfassen zusammen 765 Wörter.";457;11.6;Relevanzbegründung | Validität | Normwerte | Sonstiges: Spielanforderung (Sprintdistanzen, Richtungswechselhäufigkeit) | Sonstiges: Determinanten und Trainierbarkeit der Schnelligkeit;Begründet je Fähigkeit aus Spielanforderung und Zusammenhang mit der Spielleistung, warum Schnelligkeit, Agility sowie Kraft und Power trainiert werden müssen, und leitet zu den Trainingsmethoden über.;194;68;1 Sonstiges (99) · 2 Anforderung/Leistungsrelevanz der Zielgrößen (95);Z2 → Z8 → Z1 → Z1 → Z2 → Z4 → Z7;Z2 B2 [Primärstudie] S. 1: Previous research has identified that […] speed (58,64), agility (32,58), and strength and power (89) are all determinants of superior performance. || Z8 ohne [ohne Beleg] S. 1: However, it is worth noting that physiological and physical characteristics vary between different positions. || Z1 B1 [Primärstudie] S. 4: Around 96% of sprints are less than 30 m, with an average duration of less than 6 seconds […] (11). || Z1 B1 [Primärstudie] S. 5: A soccer player changes direction every 2–4 seconds (82) and makes 1,200–1,400 changes of direction (10) during a game. || Z2 B2 [Primärstudie] S. 5: Measures of power generation including sprinting ability (51,54,58,71,77) and jumping height and distance (16,71) have been shown to positively correlate with performance in soccer. || Z4 B3 [Primärstudie] S. 5: jump height (r = 0.78), 10 m (r = 0.94) and 30 m (r = 0.71) sprint performances […] are highly correlated with maximal strength || Z7 B6 [ohne Beleg] S. 5: CMJ is largely regarded as a valid test of lower-body power and SJ is largely regarded as a valid test of lower-body strength.;;teilweise: soccer players must also develop and retain a high level of aerobic and anaerobic conditioning, speed, agility, strength, and power S. 10;"Warnung: Korrelation von Sprint und Sprung mit Spielleistung belegt der Beitrag laut Literaturliste mit Interventions- und Teststudien; „alle 2–4 s“ stammt aus einem Handbuch (Verheijen, 1997), 1.200–1.400 aus Bangsbo (1992); CMJ/SJ-Validität unbelegt.";2014_Turner_et_al_Strength_and_Conditioning_fpr_soccer_playe
Detraining/Übergang;Asimakidis 2022;Detraining/Beobachtung (Längsschnitt);n = 29, 12–14 J. (13,0 ± 0,8), männlich, Fußball-Nachwuchsakademie (regionale Jugendliga), um PHV (Maturity offset −0,8);"505 je Bein (Einzelschranke), 10/20-m-Sprint (Lichtschranken Witty), CMJ (OptoJump); Reifestatus nach Mirwald";3875;ja;Methodik;2.2. Procedures | 2.5. Countermovement Jump | 2.6. 10 m and 20 m Linear Sprint Test | 2.7. 505 Change of Direction Test;;516;13.3;Standardisierung/Aufwärmen | Testreihenfolge | Protokoll/Ablauf | Gerät | Versuche/Pausen | Aggregationsregel | Validität | Reliabilität (zitiert) | Reliabilität (eigene Daten) | Begründung der Testwahl | Sonstiges: Ungültigkeitskriterium CMJ (Hände von der Hüfte gelöst);Beschreibt Ablauf, Gerät, Versuchszahl und Aggregation je Test und belegt die Messgüte mit zitierten und eigenen ICC-Werten.;822;129;1 Anforderung/Leistungsrelevanz der Zielgrößen (129) · 2 Reifung/Alter (169) · 3 Reifung/Alter (211) · 4 Saisonphase/Detraining (161) · 5 Zweck/Hypothese (152);Z1 → Z2 → Z2 → Z8 → Z5 → Z5 → Z9 → Z8 → Z10 → Z10;Z1 B1 [Review/MA] S. 1: numerous high-intensity actions are performed during a 90-min soccer game, including jumping, passing, shooting, tackling, turning, sprinting, and changing pace [2] || Z2 B2 [Primärstudie] S. 1: specific indicators of neuromuscular performance are, namely, change of direction, linear sprint, and jumping ability can influence match performance to a great extent [3] || Z2 B2 [Primärstudie] S. 1: Elite and sub-elite adolescent soccer players have been shown to outperform non-elite soccer players in the abovementioned neuromuscular performance indicators [4] || Z8 B13 [Positionspapier/Lehrbuch] S. 2: Neuromuscular performance increases linearly with age, and even in the absence of any structured training program, remarkable increases in change of direction, linear speed … || Z5 B4 [Review/MA] S. 2: young athletes who undergo age-appropriate resistance or plyometric training may display greater improvements in these performance indicators compared with their peers || Z5 B4 [Primärstudie] S. 2: 6 weeks of plyometric training resulted in significant increases in linear speed and vertical jumping ability in young soccer players during the PHV period [13] || Z9 ohne [Review/MA] S. 2: the research design and type of training interventions implemented have not been shown to differentiate between expected growth-related changes and those related to training || Z8 B4 [Primärstudie] S. 2: during the COVID-19 era, several studies have shown that soccer players experienced reduced physical performance after the confinement period [19,21–24] || Z10 ohne [ohne Beleg] S. 2: the objective of this study was to examine the effect of maturation on selected neuromuscular performance indicators in young soccer players … || Z10 ohne [ohne Beleg] S. 2: We hypothesized that this long period of training cessation would have a detrimental effect on the explosive actions of young soccer players;B6, B5 CMJ (OptoJump) [Primärstudie] S. 4: which has proven to have strong concurrent validity and excellent test–retest reliability to estimate vertical jumping height [27] || B5 CMJ [ohne Beleg] S. 4: The intraclass correlation coefficient (ICC) for test-retest reliability was 0.97. || B5 10-/20-m-Sprint [ohne Beleg] S. 4: The ICCs for test-retest reliability were 0.77 and 0.87 for the 10-m and 20-m sprint respectively. || B7, B8 505 [Primärstudie] S. 4: As it has been previously used in soccer, the 505 test was the chosen testing procedure, performed as previously described in detail || B5 505 [ohne Beleg] S. 4: The ICC for the dominant and non-dominant leg was 0.72 and 0.70, respectively.;"nein: kein Relevanzsatz; Absätze je Zielgröße beginnen mit dem eigenen Befund: „Regarding the linear sprint performance, 10 m and 20 m sprint times were significantly improved by 7.85% and 3.73%, respectively …“ S. 7";"Warnung: 12–14-Jährige um PHV verbesserten 505, 10/20 m und CMJ nach 32 Wochen ohne Training (Deutung: Reifung). Relevanzbeleg [3] laut Titel Interventionsstudie. CMJ-Höhe weniger sensitiv als Phasendauern [42]; SWC-Richtwerte ~1 % Sprint, ~2,5 % CMJ [43,44].";2022_Asimakidis_et_al_COVID_19_negative_effetct_detraining
Detraining/Übergang;Dambel 2025;Systematische Übersicht ohne MA;60 Studien, Kinder und Jugendliche 4–18 J. (eingeschlossen 7–19 J.), beide Geschlechter (überwiegend Jungen), alle Leistungsniveaus;Fitnesskomponenten: kardiorespiratorische Fitness, Muskelkraft, power-strength, Explosivkraft (v. a. Standweitsprung, CMJ), Schnelligkeit (Sprints 20–50 m, 10 × 5 m), Agilität, Gleichgewicht, Beweglichkeit;5801;teilweise;Methodik;Inclusion Criteria > Outcomes | Analysis Strategy;"Zielgrößen als PICOT-Punkt „Outcomes“ (Fließtext mit vorangestelltem Label) unter „Inclusion Criteria“; Zuordnung der Tests zu Komponenten unter „Analysis Strategy“; Testliste ausgelagert (Appendix S8), Testhäufigkeiten je Komponente nur im Ergebnisteil.";110;1.9;Konstruktdefinition | Validität | Sonstiges: Zuordnung heterogener Tests zu Fitnesskomponenten nach Originalklassifikation | Sonstiges: Ausschluss anthropometrischer Maße mit Begründung;Legt fest, welche Fitnesskomponenten als Zielgrößen gelten und wie heterogene Tests den Komponenten zugeordnet werden.;652;69;1 Sonstiges: COVID-19-Maßnahmen (74) · 2 Sonstiges: Gesundheitsverhalten (114) · 3 Saisonphase/Detraining (135) · 4 Konstrukt/Diagnostik (86) · 5 Saisonphase/Detraining (63) · 6 Saisonphase/Detraining (96) · 7 Zweck/Hypothese (84);Z4 → Z3 → Z2 → Z9 → Z8 → Z9 → Z8 → Z10;Z4 B13 [Primärstudie, Review/MA] S. 2: Lifestyle behaviors are associated with physical fitness [8, 9]. || Z3 B9 [Review/MA] S. 2: Physical fitness, defined as the physical ability to engage in physical activity, comprises a spectrum of components such as cardiorespiratory fitness, muscular strength and power … || Z2 B12 [ohne Beleg] S. 2: despite being a key health predictor || Z9 ohne [Primärstudie] S. 2: the effects of lockdown on physical fitness have received limited attention [11–14], with most of the studies addressing it being cross-sectional || Z8 B4 [Primärstudie] S. 2: Among these few, declines were reported in aerobic fitness and muscle strength during these restrictive periods [15–17]. || Z9 ohne [ohne Beleg] S. 2: studies exploring other components of physical fitness remain very scarce || Z8 B4 [Primärstudie] S. 2: findings regarding the effects of training cessation are inconsistent. Studies indicate the maintenance of physical fitness [24] while others report a significant decrease || Z10 ohne [ohne Beleg] S. 2: to provide an overview of studies assessing physical fitness changes in young individuals during different lifestyle disruptions;B6 alle Fitnesskomponenten (Einschlusskriterium) [ohne Beleg] S. 3: These components had to be assessed using validated scales, questionnaires, or tests. || B9 alle Fitnesskomponenten (Zuordnung der Tests) [ohne Beleg] S. 4: we recorded the specific tests used and the components they assessed, retaining the original authors’ classifications for unique or unfamiliar tests || B13 Anthropometrie (ausgeschlossen, bereits ausreichend untersucht) [Primärstudie] S. 3: Anthropometric measures were excluded from this review, as their effects had already been extensively investigated in previous studies;"nein: kein Relevanzsatz; Absatz zu Speed und Explosivkraft beginnt mit Befundmuster und Determinante: „Both qualities rely heavily on the neuromuscular system [104].“ S. 12";Definition Physical Fitness über Komponenten (Ruiz et al., 2009, SR). Warnung: 108 Tests für 8 Komponenten (32 für Kraft) erschweren Vergleiche. Speed sank häufiger als Explosivkraft (Datenpunktzählung). Klammer [11–14] passt laut Titeln eher zur Gesundheitsrelevanz als zur Lücke.;2025_Dambel_et_al_Lifestyle_disruptions
Detraining/Übergang;Mujika 2000;Narrative Übersicht/Positionspapier;"Übersicht: hochtrainierte Athleten (v. a. Ausdauer, auch Kraft/Power, einzelne Fußballdaten) und kürzlich trainierte, zuvor inaktive Personen; überwiegend Erwachsene, einzelne Kinderdaten";"keine eigenen Tests; berichtete Merkmale: VO2max, Blutvolumen, Herzfrequenz, Schlagvolumen, Stoffwechsel, Enzyme, Fasermerkmale, Hormone, Ausdauer- und Kraftleistung inkl. Vertikalsprung";3060;teilweise;eigenes Kapitel;3.7 Strength Performance;"Kein Abschnitt zu Zielgrößen oder Tests: Die Übersicht ist nach Anpassungsbereichen gegliedert (kardiorespiratorisch, metabolisch, muskulär, hormonell). Leistungsmaße nur als Unterabschnitte 1.8 Endurance Performance (132 Wörter) und 3.7 Strength Performance; nur 3.7 berührt Sprung (Vertikalsprung).";147;4.8;Sonstiges: Befundlage zum kurzfristigen Verlust von Kraft- und Sprungleistung (Bankdrücken, Kniebeuge, isometrische/isokinetische Kniestreckung, Vertikalsprung, EMG, Schwimmkraft), keine Testbeschreibung;"Fasst zusammen, wie Kraft- und Sprungleistung auf kurzfristigen Trainingsentzug reagieren; Zielgrößen erscheinen nur als Befundkategorien, nicht als Diagnostik.";671;0;1 Saisonphase/Detraining (105) · 2 Saisonphase/Detraining (163) · 3 Saisonphase/Detraining (33) · 4 Saisonphase/Detraining (16) · 5 Saisonphase/Detraining (39) · 6 Saisonphase/Detraining (51) · 7 Saisonphase/Detraining (58) · 8 Zweck/Hypothese (123) · 9 Zweck/Hypothese (75);Z8 → Z8 → Z10;Z8 ohne [ohne Beleg] S. 79: Therefore, it is extremely important to identify the effects and to understand the mechanisms of any associated changes in physiological capacities and athletic performance. || Z8 B4 [Primärstudie] S. 80: Quantitative and qualitative losses of training-induced adaptations differ depending on the duration of the period of insufficient training stimulus. || Z10 ohne [ohne Beleg] S. 80: This brief review will focus on the physiological and performance consequences of an insufficient training stimulus to maintain training-induced adaptations, i.e. detraining.;;nein:  ;"Kein Diagnostikteil. Nutzbar: Kraft bleibt bis 4 Wochen weitgehend erhalten, exzentrische Kraft und sportspezifische Leistung (Schwimmkraft −13,6 %) können deutlich sinken; Vertikalsprung nach 2 Wochen nur nicht signifikant vermindert (Kraftathleten). Stand 2000, keine Fußballtests.";2000_Mujika_Padilla_Detraining_Loss_of_Training_Induced_Phys
Detraining/Übergang;Silva 2016;Systematische Übersicht ohne MA;"12 Studien, 252 erwachsene Fußballspieler (> 18 J.), professionell und semiprofessionell; Geschlecht nicht angegeben";aus Primärstudien: Körperzusammensetzung, 10/15/20/50-m-Sprint, Illinois-Agility-Test, CMJ/SJ, isokinetische Kraft, VO2max, Zeit bis Erschöpfung, Yo-Yo IR2/IE2, Wiederholungssprint, Biomarker;4294;teilweise;Methodik;2.1 Search Strategy: Databases and Inclusion Criteria | 2.2 Data Extraction and Presentation;Zielgrößen nur als Auswahlkriterium (2) und Extraktionsgegenstand in je einem Halbsatz. Konkrete Tests (CMJ, SJ, 10/15/20/50-m-Sprint, Illinois-Agility-Test) erst im Ergebnisteil 3.2 Neuromuscular Performance (277 Wörter, 6,5 %), dort ohne Testbegründung.;33;0.8;Sonstiges: Zielgrößenkategorien (physiologische und Leistungsparameter, z. B. Ausdauer- und Sprungtests) als Auswahl- und Extraktionskriterium;"Grenzt ein, welche Mess- und Leistungsgrößen aus den Primärstudien übernommen werden; keine Diagnostikfunktion.";661;0;1 Saisonphase/Detraining (79) · 2 Saisonphase/Detraining (89) · 3 Saisonphase/Detraining (345) · 4 Zweck/Hypothese (148);Z8 → Z8 → Z10 → Z10;Z8 B4 [Review/MA] S. 306: The duration of the cessation period, the magnitude of decrement in training impulses, and the players’ fitness levels will modulate the kinetics of alterations … || Z8 B2 [Primärstudie] S. 306: Importantly, detraining effects may influence how players prepare during pre-competition and potentially affect their performance levels in the first matches of the competition period [4]. || Z10 ohne [ohne Beleg] S. 306: Here, we discuss the physical, physiological, biochemical, and performance alterations that occur during transition periods. || Z10 ohne [ohne Beleg] S. 306: We begin by examining the magnitude of decrements in physical performance and physiological parameters observed from pre- to post-transition.;;teilweise: We believe this design may reduce the observed detraining effect in important muscle power abilities (e.g., sprint ability). S. 310;"Detraining-Befunde je Test (10/20-m-Sprint, CMJ/SJ, Illinois-Test; überwiegend moderate ES nach 3–8 Wochen, Erwachsene) zeigen, dass Sprint, Sprung und Richtungswechsel auf Trainingsentzug reagieren. Testwahl nirgends begründet, kein 505; Testleistung–Spielleistung nur beim Yo-Yo argumentiert.";2016_Silva_et_al_The_Transition_Period_in_Soccer
Detraining/Übergang;Walker 2018;Praxisbeitrag;"Elite-Profifußball, Erwachsene (englische Premier League, Vereinspraxis Manchester United); keine Stichprobe";"keine Tests; Spielanforderungen je Position als Tabelle (Gesamt- und Hochintensitätsdistanz, Sprintdistanz, Sprintanzahl, Bewegungsmuster)";4548;teilweise;mehrere: Hauptteil (IDENTIFYING DRILL REQUIREMENTS, OFF-FIELD CONDITIONING);IDENTIFYING DRILL REQUIREMENTS | OFF-FIELD CONDITIONING;Kein Abschnitt zu Leistungsvoraussetzungen oder Tests: Spielanforderungen je Position stehen als Tab. 1 mit einleitendem Absatz unter IDENTIFYING DRILL REQUIREMENTS, die Relevanz explosiver Aktionen in den ersten Sätzen von OFF-FIELD CONDITIONING.;196;4.3;Relevanzbegründung | Sonstiges: Spielanforderungen je Position (Tab. 1: Gesamt- und Hochintensitätsdistanz, Sprints, Bewegungsmuster) | Sonstiges: Kraft als Determinante von Sprung, Sprint und Richtungswechsel;"Begründet Trainingsinhalte mit den Spielanforderungen und der spielentscheidenden Rolle explosiver Aktionen; keine Diagnostik.";694;52;1 Mechanismus/Trainingsmethode (115) · 2 Sonstiges: Wettkampfkalender und Kaderverfügbarkeit (379) · 3 Zweck/Hypothese (200);Z1 → Z1;Z1 ohne [ohne Beleg] S. 73: style and tactics of play, in attack, defense, and transition will affect the physical activity profiles of each position and individual player during a match || Z1 ohne [ohne Beleg] S. 73: Understanding these profiles is fundamental to develop and optimize the physical preparation programs of elite players.;;nein:  ;Praxis-Relevanzkette: mehr explosive Aktionen im modernen Spiel (ohne Beleg) → höhere Kraft mit RFD, Leistung, Sprung, Sprint und Richtungswechsel assoziiert (Suchomel et al., 2016) → „high-powered actions“ können Spiele entscheiden (ohne Beleg). Elite-Erwachsene, keine Testbezüge.;2018_Walker_Hawkins_Structuring_a_Program_in
