zeile,abschnitt,zahl,art,herkunft,textumgebung
3,Spezifikation der Rechenschritte,24.09.2026,Datum,Dokumentdatum: Datum der Festlegungen und dieser Spezifikation,"**Bachelorarbeit U15-Plyometrie · DSHS Köln · Stand 24.09.2026 · freigegeben (F1), Nachtrag 1 und Nach"
3,Spezifikation der Rechenschritte,1,Gliederung,Nummer eines Nachtrags zur Spezifikation (Teil F),"beit U15-Plyometrie · DSHS Köln · Stand 24.09.2026 · freigegeben (F1), Nachtrag 1 und Nachtrag 2 (24.09.2026), Nachtrag 3"
3,Spezifikation der Rechenschritte,2,Gliederung,Nummer eines Nachtrags zur Spezifikation (Teil F),"trie · DSHS Köln · Stand 24.09.2026 · freigegeben (F1), Nachtrag 1 und Nachtrag 2 (24.09.2026), Nachtrag 3 (25.09.2026)**"
3,Spezifikation der Rechenschritte,24.09.2026,Datum,Dokumentdatum: Datum der Festlegungen und dieser Spezifikation,"e · DSHS Köln · Stand 24.09.2026 · freigegeben (F1), Nachtrag 1 und Nachtrag 2 (24.09.2026), Nachtrag 3 (25.09.2026)**"
3,Spezifikation der Rechenschritte,3,Gliederung,Nummer eines Nachtrags zur Spezifikation (Teil F),"24.09.2026 · freigegeben (F1), Nachtrag 1 und Nachtrag 2 (24.09.2026), Nachtrag 3 (25.09.2026)**"
3,Spezifikation der Rechenschritte,25.09.2026,Datum,"Dokumentdatum: Datum des Nachtrags 3 (Teil F.8, Verfasserentscheidung nach der Code-Durchsicht 6.2)","09.2026 · freigegeben (F1), Nachtrag 1 und Nachtrag 2 (24.09.2026), Nachtrag 3 (25.09.2026)**"
4,Spezifikation der Rechenschritte,01,Gliederung,Ordner- oder Dateiname,Gehört zu `01_Verfahren\Auswertungsverfahre
4,Spezifikation der Rechenschritte,2026,Fundstelle,Erscheinungsjahr einer Quelle,"Gehört zu `01_Verfahren\Auswertungsverfahren_2026-09-24` (Phase 2, Schritte 2.1"
4,Spezifikation der Rechenschritte,2,Gliederung,"Verweis auf Regel, Schritt, Phase, Fassung oder Abschnitt","hren\Auswertungsverfahren_2026-09-24` (Phase 2, Schritte 2.1 bis 2.3) und zu"
4,Spezifikation der Rechenschritte,2.1,Gliederung,"Verweis auf Regel, Schritt, Phase, Fassung oder Abschnitt","ungsverfahren_2026-09-24` (Phase 2, Schritte 2.1 bis 2.3) und zur Maßnahme L6."
4,Spezifikation der Rechenschritte,2.3,Gliederung,"Verweis auf Regel, Schritt, Phase, Fassung oder Abschnitt","ahren_2026-09-24` (Phase 2, Schritte 2.1 bis 2.3) und zur Maßnahme L6. Anlagen"
8,"Deckblatt (Freigabe F1, Nachtrag 1 und Nachtrag 2 am 24.09.2026, Nachtrag 3 am 25.09.2026)",1,Gliederung,Nummer eines Nachtrags zur Spezifikation (Teil F),"## Deckblatt (Freigabe F1, Nachtrag 1 und Nachtrag 2 am 24.09.2026, Nachtrag "
8,"Deckblatt (Freigabe F1, Nachtrag 1 und Nachtrag 2 am 24.09.2026, Nachtrag 3 am 25.09.2026)",2,Gliederung,Nummer eines Nachtrags zur Spezifikation (Teil F),"## Deckblatt (Freigabe F1, Nachtrag 1 und Nachtrag 2 am 24.09.2026, Nachtrag 3 am 25.09.2026"
8,"Deckblatt (Freigabe F1, Nachtrag 1 und Nachtrag 2 am 24.09.2026, Nachtrag 3 am 25.09.2026)",24.09.2026,Gliederung,Nummer einer Überschrift,"## Deckblatt (Freigabe F1, Nachtrag 1 und Nachtrag 2 am 24.09.2026, Nachtrag 3 am 25.09.2026)"
8,"Deckblatt (Freigabe F1, Nachtrag 1 und Nachtrag 2 am 24.09.2026, Nachtrag 3 am 25.09.2026)",3,Gliederung,Nummer eines Nachtrags zur Spezifikation (Teil F),"## Deckblatt (Freigabe F1, Nachtrag 1 und Nachtrag 2 am 24.09.2026, Nachtrag 3 am 25.09.2026)"
8,"Deckblatt (Freigabe F1, Nachtrag 1 und Nachtrag 2 am 24.09.2026, Nachtrag 3 am 25.09.2026)",25.09.2026,Gliederung,Nummer einer Überschrift," Deckblatt (Freigabe F1, Nachtrag 1 und Nachtrag 2 am 24.09.2026, Nachtrag 3 am 25.09.2026)"
10,"Deckblatt (Freigabe F1, Nachtrag 1 und N",16.06.2026,Datum,Dokumentdatum: Datum des Ethikantrags,**Grundlage: Ethikantrag vom 16.06.2026 und Auswertungsplan vom 12.09
10,"Deckblatt (Freigabe F1, Nachtrag 1 und N",12.09.2026,Datum,Dokumentdatum: Datum des Auswertungsplans und der FA,ntrag vom 16.06.2026 und Auswertungsplan vom 12.09.2026.** Die Spezifikation beschrei
16,"Deckblatt (Freigabe F1, Nachtrag 1 und N",505,Name,Name des Richtungswechseltests 505 (Antrag § 3),"e, Mittelwert der Versuche als Sensitivität. 505 als Mittel der beiden Seiten-"
17,"Deckblatt (Freigabe F1, Nachtrag 1 und N",1994,Fundstelle,Erscheinungsjahr einer Quelle,"| Reifestatus | %PAH nach Khamis & Roche (1994), Tab. 1 unverändert, Erratum"
17,"Deckblatt (Freigabe F1, Nachtrag 1 und N",1,Fundstelle,"Tabellen-, Abschnitts-, Spalten- oder Itemnummer einer Quelle","atus | %PAH nach Khamis & Roche (1994), Tab. 1 unverändert, Erratum nicht ve"
18,"Deckblatt (Freigabe F1, Nachtrag 1 und N",6,Regel,"Per-Protokoll- oder Teilungsschwelle (PA § 11.5, § 11.7, FA § 9)","ä, Post und %PAH vorhanden. Per-Protokoll ab 6 von 12 Einheiten „ganz“ (5 un"
18,"Deckblatt (Freigabe F1, Nachtrag 1 und N",12,Regel,angebotene Einheiten (PA § 3.1),t und %PAH vorhanden. Per-Protokoll ab 6 von 12 Einheiten „ganz“ (5 und 7 als
18,"Deckblatt (Freigabe F1, Nachtrag 1 und N",5,Regel,"Per-Protokoll- oder Teilungsschwelle (PA § 11.5, § 11.7, FA § 9)"," Per-Protokoll ab 6 von 12 Einheiten „ganz“ (5 und 7 als Sensitivität), Antr"
18,"Deckblatt (Freigabe F1, Nachtrag 1 und N",7,Regel,"Per-Protokoll- oder Teilungsschwelle (PA § 11.5, § 11.7, FA § 9)","rotokoll ab 6 von 12 Einheiten „ganz“ (5 und 7 als Sensitivität), Antragskri"
18,"Deckblatt (Freigabe F1, Nachtrag 1 und N",9,Regel,"Antragskriterium (Antrag § 8, PA § 11.7)","und 7 als Sensitivität), Antragskriterium ab 9 nur als Einzelwerte. Inferenz"
18,"Deckblatt (Freigabe F1, Nachtrag 1 und N",8,Regel,Fallzahlregel (PA § 11.9),"um ab 9 nur als Einzelwerte. Inferenz nur ab 8 Spielern je Gruppe | Antrag, "
19,"Deckblatt (Freigabe F1, Nachtrag 1 und N",30,Name,Sprintdistanz in m (Antrag § 3),"lyse | ANCOVA Post ~ Gruppe + Prä + %PAH für 30 m, 505-Seitenmittel und Stand"
19,"Deckblatt (Freigabe F1, Nachtrag 1 und N",505,Name,Name des Richtungswechseltests 505 (Antrag § 3)," ANCOVA Post ~ Gruppe + Prä + %PAH für 30 m, 505-Seitenmittel und Standweitspr"
19,"Deckblatt (Freigabe F1, Nachtrag 1 und N","0,05",Regel,Antrag § 1 (Signifikanzniveau),"bgelehnt, wenn mindestens eine Zielgröße p < 0,05 in günstiger Richtung zeigt, "
20,"Deckblatt (Freigabe F1, Nachtrag 1 und N",1,"Code, Index oder Formelkonstante","Wertebereich, Index, Merkmal oder Konstante der Formel an dieser Stelle (Datenformat 0.4, Codebuch, Formel des Schritts)","ktstärke | g = b1 / gepoolte Prä-SD × J, J = 1 − 3/(4·df − 1), df = n − 2, K"
20,"Deckblatt (Freigabe F1, Nachtrag 1 und N",3,"Code, Index oder Formelkonstante","Wertebereich, Index, Merkmal oder Konstante der Formel an dieser Stelle (Datenformat 0.4, Codebuch, Formel des Schritts)","ärke | g = b1 / gepoolte Prä-SD × J, J = 1 − 3/(4·df − 1), df = n − 2, KI au"
20,"Deckblatt (Freigabe F1, Nachtrag 1 und N",4,"Code, Index oder Formelkonstante","Wertebereich, Index, Merkmal oder Konstante der Formel an dieser Stelle (Datenformat 0.4, Codebuch, Formel des Schritts)","e | g = b1 / gepoolte Prä-SD × J, J = 1 − 3/(4·df − 1), df = n − 2, KI aus d"
20,"Deckblatt (Freigabe F1, Nachtrag 1 und N",1,"Code, Index oder Formelkonstante","Wertebereich, Index, Merkmal oder Konstante der Formel an dieser Stelle (Datenformat 0.4, Codebuch, Formel des Schritts)"," b1 / gepoolte Prä-SD × J, J = 1 − 3/(4·df − 1), df = n − 2, KI aus dem KI v"
20,"Deckblatt (Freigabe F1, Nachtrag 1 und N",2,"Code, Index oder Formelkonstante","Wertebereich, Index, Merkmal oder Konstante der Formel an dieser Stelle (Datenformat 0.4, Codebuch, Formel des Schritts)","e Prä-SD × J, J = 1 − 3/(4·df − 1), df = n − 2, KI aus dem KI von b1 (O3). U"
22,"Deckblatt (Freigabe F1, Nachtrag 1 und N","0,2",Regel,"PA § 11.3, Hopkins (2000), S. 8, Cohen (1988), S. 25 (SESOI-Faktor)","SD der Bestwerte aller Spieler (O6), SESOI = 0,2 · S, TE-KI aus χ² (K12), CV |"
24,"Deckblatt (Freigabe F1, Nachtrag 1 und N",4,"Code, Index oder Formelkonstante","Wertebereich, Index, Merkmal oder Konstante der Formel an dieser Stelle (Datenformat 0.4, Codebuch, Formel des Schritts)","| Poweranalyse | Standardweg: df2 = N − 4, λ = d²·n_IG·n_KG/N, MDES bei"
24,"Deckblatt (Freigabe F1, Nachtrag 1 und N","0,80",Regel,PA § 11.1 (Zielpower)," = N − 4, λ = d²·n_IG·n_KG/N, MDES bei Power 0,80, ohne R² und ohne Faktor SE ("
25,"Deckblatt (Freigabe F1, Nachtrag 1 und N",12,Regel,angebotene Einheiten (PA § 3.1),"nz | Hauptzählung = Meldungen „ganz“, Nenner 12 × zugeteilte Spieler. Fallkor"
25,"Deckblatt (Freigabe F1, Nachtrag 1 und N",59,Regel,"CASE-Nummer einer Fallkorrektur (FA § 1, PA § 3.1)","2 × zugeteilte Spieler. Fallkorrekturen CASE 59 und 70 → BW-06, CASE 140, 158"
25,"Deckblatt (Freigabe F1, Nachtrag 1 und N",70,Regel,"CASE-Nummer einer Fallkorrektur (FA § 1, PA § 3.1)","eteilte Spieler. Fallkorrekturen CASE 59 und 70 → BW-06, CASE 140, 158, 165, "
25,"Deckblatt (Freigabe F1, Nachtrag 1 und N",140,Regel,"CASE-Nummer einer Fallkorrektur (FA § 1, PA § 3.1)","Fallkorrekturen CASE 59 und 70 → BW-06, CASE 140, 158, 165, 190, 206 → BW-04. "
25,"Deckblatt (Freigabe F1, Nachtrag 1 und N",158,Regel,"CASE-Nummer einer Fallkorrektur (FA § 1, PA § 3.1)","orrekturen CASE 59 und 70 → BW-06, CASE 140, 158, 165, 190, 206 → BW-04. Unter"
25,"Deckblatt (Freigabe F1, Nachtrag 1 und N",165,Regel,"CASE-Nummer einer Fallkorrektur (FA § 1, PA § 3.1)","turen CASE 59 und 70 → BW-06, CASE 140, 158, 165, 190, 206 → BW-04. Untergrenz"
25,"Deckblatt (Freigabe F1, Nachtrag 1 und N",190,Regel,"CASE-Nummer einer Fallkorrektur (FA § 1, PA § 3.1)"," CASE 59 und 70 → BW-06, CASE 140, 158, 165, 190, 206 → BW-04. Untergrenzen wo"
25,"Deckblatt (Freigabe F1, Nachtrag 1 und N",206,Regel,"CASE-Nummer einer Fallkorrektur (FA § 1, PA § 3.1)"," 59 und 70 → BW-06, CASE 140, 158, 165, 190, 206 → BW-04. Untergrenzen wocheng"
26,"Deckblatt (Freigabe F1, Nachtrag 1 und N",1.535,Anzahl,Zahl der Kennungen der Anlage _Kennungen.csv nach Nachtrag 2 (Teil F.7),"e eine Prüfung oder die Darstellung braucht, 1.535 Kennungen. Stichprobenbeschre"
26,"Deckblatt (Freigabe F1, Nachtrag 1 und N",2,Gliederung,Nummer eines Nachtrags zur Spezifikation (Teil F),"alysepopulation ANA | nachträglich, Nachtrag 2 |"
28,"Deckblatt (Freigabe F1, Nachtrag 1 und N",24.09.2026,Datum,Dokumentdatum: Datum der Festlegungen und dieser Spezifikation,**Am 24.09.2026 entschieden (Teil F.2):** O1 
32,"Deckblatt (Freigabe F1, Nachtrag 1 und N",2,Gliederung,Nummer eines Nachtrags zur Spezifikation (Teil F),**Nachtrag 2 (Teil F.7):** Ausgabe auf die
34,"Deckblatt (Freigabe F1, Nachtrag 1 und Nachtrag 2 am 24.09.2026, Nachtrag 3 am 25.09.2026)",3,Gliederung,Nummer eines Nachtrags zur Spezifikation (Teil F),**Nachtrag 3 (Teil F.8):** vier Klarstellungen aus d
34,"Deckblatt (Freigabe F1, Nachtrag 1 und Nachtrag 2 am 24.09.2026, Nachtrag 3 am 25.09.2026)",6.2,Gliederung,"Verweis auf Regel, Schritt, Phase, Fassung oder Abschnitt","*Nachtrag 3 (Teil F.8):** vier Klarstellungen aus der Code-Durchsicht der Phase 6.2, nach bestandenem Abgleich beider Imple"
36,"Deckblatt (Freigabe F1, Nachtrag 1 und Nachtrag 2 am 24.09.2026, Nachtrag 3 am 25.09.2026)",2,Gliederung,Nummer eines Nachtrags zur Spezifikation (Teil F),"** R²max, Faktor SE und R²-Spanne der Poweranalyse, partielles η², mit Nachtrag 2 die Größen nach Teil F.7. **Offen:** Re"
36,"Deckblatt (Freigabe F1, Nachtrag 1 und Nachtrag 2 am 24.09.2026, Nachtrag 3 am 25.09.2026)",24.09.2026,Datum,Dokumentdatum: Datum der Festlegungen und dieser Spezifikation,"cheidung des Verfassers (antragskonform, ohne Betreuerfreigabe). F1: Verfasser, 24.09.2026. Nachtrag 2: Verfasser, 24.09.2026. Nac"
36,"Deckblatt (Freigabe F1, Nachtrag 1 und Nachtrag 2 am 24.09.2026, Nachtrag 3 am 25.09.2026)",2,Gliederung,Nummer eines Nachtrags zur Spezifikation (Teil F),"rs (antragskonform, ohne Betreuerfreigabe). F1: Verfasser, 24.09.2026. Nachtrag 2: Verfasser, 24.09.2026. Nachtrag 3: Ver"
36,"Deckblatt (Freigabe F1, Nachtrag 1 und Nachtrag 2 am 24.09.2026, Nachtrag 3 am 25.09.2026)",24.09.2026,Datum,Dokumentdatum: Datum der Festlegungen und dieser Spezifikation,"form, ohne Betreuerfreigabe). F1: Verfasser, 24.09.2026. Nachtrag 2: Verfasser, 24.09.2026. Nachtrag 3: Verfasser, 25.09.2026. Ref"
36,"Deckblatt (Freigabe F1, Nachtrag 1 und Nachtrag 2 am 24.09.2026, Nachtrag 3 am 25.09.2026)",3,Gliederung,Nummer eines Nachtrags zur Spezifikation (Teil F),"eigabe). F1: Verfasser, 24.09.2026. Nachtrag 2: Verfasser, 24.09.2026. Nachtrag 3: Verfasser, 25.09.2026. Referenztests R"
36,"Deckblatt (Freigabe F1, Nachtrag 1 und Nachtrag 2 am 24.09.2026, Nachtrag 3 am 25.09.2026)",25.09.2026,Datum,"Dokumentdatum: Datum des Nachtrags 3 (Teil F.8, Verfasserentscheidung nach der Code-Durchsicht 6.2)","erfasser, 24.09.2026. Nachtrag 2: Verfasser, 24.09.2026. Nachtrag 3: Verfasser, 25.09.2026. Referenztests R01 bis R13 vor der Stud"
40,0 Kopf,0,Gliederung,Nummer einer Überschrift,## 0 Kopf
42,0.1 Zweck und Geltung,0.1,Gliederung,Nummer einer Überschrift,### 0.1 Zweck und Geltung
44,0.1 Zweck und Geltung,12.09.2026,Datum,Dokumentdatum: Datum des Auswertungsplans und der FA,zifikation übersetzt den Auswertungsplan vom 12.09.2026 in Rechenregeln. Eine zweite 
44,0.1 Zweck und Geltung,24.09.2026,Datum,Dokumentdatum: Datum der Festlegungen und dieser Spezifikation," eine Größe offen ließ, hat der Verfasser am 24.09.2026 entschieden (O1 bis O10, K1 b"
50,0.2 Quellen und Statuslegende,0.2,Gliederung,Nummer einer Überschrift,### 0.2 Quellen und Statuslegende
52,0.2 Quellen und Statuslegende,16.06.2026,Datum,Dokumentdatum: Datum des Ethikantrags,undlage sind ausschließlich: Ethikantrag vom 16.06.2026 (Studienprotokoll) · Auswertu
52,0.2 Quellen und Statuslegende,12.09.2026,Datum,Dokumentdatum: Datum des Auswertungsplans und der FA,026 (Studienprotokoll) · Auswertungsplan vom 12.09.2026 · Projektanweisungen Fassung 
52,0.2 Quellen und Statuslegende,12,Gliederung,"Verweis auf Regel, Schritt, Phase, Fassung oder Abschnitt"," vom 12.09.2026 · Projektanweisungen Fassung 12, § 3.1 und § 11 (im Folgenden"
52,0.2 Quellen und Statuslegende,3.1,Fundstelle,Paragraph oder Abschnitt einer Projektquelle,"2.09.2026 · Projektanweisungen Fassung 12, § 3.1 und § 11 (im Folgenden PA) · "
52,0.2 Quellen und Statuslegende,11,Fundstelle,Paragraph oder Abschnitt einer Projektquelle,"· Projektanweisungen Fassung 12, § 3.1 und § 11 (im Folgenden PA) · Frageboge"
52,0.2 Quellen und Statuslegende,12.09.2026,Datum,Dokumentdatum: Datum des Auswertungsplans und der FA,(im Folgenden PA) · Fragebogenauswertung vom 12.09.2026 (im Folgenden FA) · Codebuch 
52,0.2 Quellen und Statuslegende,24.08.2026,Datum,Dokumentdatum: Stand des Codebuchs,"debuch Fragebogen A (SoSci test546007, Stand 24.08.2026) · Versuchszahl-Protokollbefu"
52,0.2 Quellen und Statuslegende,09.09.2026,Datum,Dokumentdatum: Datum des Versuchszahl-Protokollbefunds,.08.2026) · Versuchszahl-Protokollbefund vom 09.09.2026 · Originalquellen mit Seiten-
57,0.2 Quellen und Statuslegende,12.09.,Datum,Dokumentdatum: Statuskennzeichen Plan 12.09. bzw. Verfasserangabe vom 12.09.,"| Plan 12.09. | im Auswertungsplan, in der "
57,0.2 Quellen und Statuslegende,3.1,Fundstelle,Paragraph oder Abschnitt einer Projektquelle,"an, in der Fragebogenauswertung oder in PA § 3.1 und § 11 festgelegt, vor Kenn"
57,0.2 Quellen und Statuslegende,11,Fundstelle,Paragraph oder Abschnitt einer Projektquelle," Fragebogenauswertung oder in PA § 3.1 und § 11 festgelegt, vor Kenntnis der "
58,0.2 Quellen und Statuslegende,15.09.2026,Datum,Dokumentdatum: Sperrdatum laut Auswertungsverfahren,| nachträglich | nach dem Sperrdatum 15.09.2026 festgelegt (Verfasser 24.09.2
58,0.2 Quellen und Statuslegende,24.09.2026,Datum,Dokumentdatum: Datum der Festlegungen und dieser Spezifikation, Sperrdatum 15.09.2026 festgelegt (Verfasser 24.09.2026) oder bei der Ausarbeitung pr
61,0.3 Kennungsschema,0.3,Gliederung,Nummer einer Überschrift,### 0.3 Kennungsschema
67,0.3 Kennungsschema,0,"Code, Index oder Formelkonstante","Wertebereich, Index, Merkmal oder Konstante der Formel an dieser Stelle (Datenformat 0.4, Codebuch, Formel des Schritts)",". Zeichenvorrat: Großbuchstaben A–Z, Ziffern 0–9, Bindestrich nur innerhalb "
67,0.3 Kennungsschema,9,"Code, Index oder Formelkonstante","Wertebereich, Index, Merkmal oder Konstante der Formel an dieser Stelle (Datenformat 0.4, Codebuch, Formel des Schritts)","Zeichenvorrat: Großbuchstaben A–Z, Ziffern 0–9, Bindestrich nur innerhalb vo"
73,0.3 Kennungsschema,5,Name,Sprintdistanz in m (Antrag § 3),| ZIEL | `Z05` Sprint 5 m · `Z10` Sprint 10 m · `Z30`
73,0.3 Kennungsschema,10,Name,Sprintdistanz in m (Antrag § 3),| ZIEL | `Z05` Sprint 5 m · `Z10` Sprint 10 m · `Z30` Sprint 30 m · `SBJ`
73,0.3 Kennungsschema,30,Name,Sprintdistanz in m (Antrag § 3),print 5 m · `Z10` Sprint 10 m · `Z30` Sprint 30 m · `SBJ` Standweitsprung · `
73,0.3 Kennungsschema,505,Name,Name des Richtungswechseltests 505 (Antrag § 3),` Sprint 30 m · `SBJ` Standweitsprung · `CL` 505 links · `CR` 505 rechts · `CM
73,0.3 Kennungsschema,505,Name,Name des Richtungswechseltests 505 (Antrag § 3),SBJ` Standweitsprung · `CL` 505 links · `CR` 505 rechts · `CM` 505 Seitenmitte
73,0.3 Kennungsschema,505,Name,Name des Richtungswechseltests 505 (Antrag § 3),ng · `CL` 505 links · `CR` 505 rechts · `CM` 505 Seitenmittel · `AGE` Alter · 
75,0.3 Kennungsschema,11,Gliederung,"Verweis auf Regel, Schritt, Phase, Fassung oder Abschnitt","ang · `ANA` Analysepopulation nach S08 Regel 11, mit Gruppenanhang (`ANAIG`) "
78,0.3 Kennungsschema,30,Name,Sprintdistanz in m (Antrag § 3),piele: `S04.BEST.Z30.PRE.P<Code>.X` Bestwert 30 m prä je Spieler · `S05.PAH.P
78,0.3 Kennungsschema,30,Name,Sprintdistanz in m (Antrag § 3),13.B1.Z30.X.ITT.HAUPT` adjustierte Differenz 30 m.
82,0.4 Eingang,0.4,Gliederung,Nummer einer Überschrift,### 0.4 Eingang
84,0.4 Eingang,1,Gliederung,"Verweis auf Regel, Schritt, Phase, Fassung oder Abschnitt",terbuch des eingefrorenen Datenstands (Phase 1). Die Variablennamen hier sin
84,0.4 Eingang,1,Gliederung,"Verweis auf Regel, Schritt, Phase, Fassung oder Abschnitt",amen hier sind vorläufig und werden in Phase 1 abgeglichen.
86,0.4 Eingang,1,Gliederung,Nummer eines Listenpunkts,"1. **Versuchsdaten**, eine Zeil"
86,0.4 Eingang,5,Name,Sprintdistanz in m (Antrag § 3),"` · `Zeitpunkt` (prä, post) · `Test` (Sprint_5m, Sprint_10m, Sprint_30m, COD"
86,0.4 Eingang,10,Name,Sprintdistanz in m (Antrag § 3),"nkt` (prä, post) · `Test` (Sprint_5m, Sprint_10m, Sprint_30m, COD_505, Standw"
86,0.4 Eingang,30,Name,Sprintdistanz in m (Antrag § 3),"ost) · `Test` (Sprint_5m, Sprint_10m, Sprint_30m, COD_505, Standweitsprung) ·"
86,0.4 Eingang,505,Name,Name des Richtungswechseltests 505 (Antrag § 3),"est` (Sprint_5m, Sprint_10m, Sprint_30m, COD_505, Standweitsprung) · `Seite` ("
86,0.4 Eingang,505,Name,Name des Richtungswechseltests 505 (Antrag § 3),"5, Standweitsprung) · `Seite` (L oder R beim 505, sonst leer oder „–“) · `Vers"
86,0.4 Eingang,1,"Code, Index oder Formelkonstante","Wertebereich, Index, Merkmal oder Konstante der Formel an dieser Stelle (Datenformat 0.4, Codebuch, Formel des Schritts)"," beim 505, sonst leer oder „–“) · `Versuch` (1, 2, 3) · `Wert` (Zeiten in s,"
86,0.4 Eingang,2,"Code, Index oder Formelkonstante","Wertebereich, Index, Merkmal oder Konstante der Formel an dieser Stelle (Datenformat 0.4, Codebuch, Formel des Schritts)","im 505, sonst leer oder „–“) · `Versuch` (1, 2, 3) · `Wert` (Zeiten in s, Sp"
86,0.4 Eingang,3,"Code, Index oder Formelkonstante","Wertebereich, Index, Merkmal oder Konstante der Formel an dieser Stelle (Datenformat 0.4, Codebuch, Formel des Schritts)","505, sonst leer oder „–“) · `Versuch` (1, 2, 3) · `Wert` (Zeiten in s, Sprun"
87,0.4 Eingang,2,Gliederung,Nummer eines Listenpunkts,"2. **Personendaten**, eine Zeil"
87,0.4 Eingang,1,"Code, Index oder Formelkonstante","Wertebereich, Index, Merkmal oder Konstante der Formel an dieser Stelle (Datenformat 0.4, Codebuch, Formel des Schritts)","d `Groesse_Vater` (cm) · `Familiarisierung` (1, 2 oder leer) · `Status` (aus"
87,0.4 Eingang,2,"Code, Index oder Formelkonstante","Wertebereich, Index, Merkmal oder Konstante der Formel an dieser Stelle (Datenformat 0.4, Codebuch, Formel des Schritts)","Groesse_Vater` (cm) · `Familiarisierung` (1, 2 oder leer) · `Status` (ausgew"
88,0.4 Eingang,3,Gliederung,Nummer eines Listenpunkts,3. **Fragebogen-Rohexport A** o
89,0.4 Eingang,4,Gliederung,Nummer eines Listenpunkts,4. **Zuordnungstabelle Fragebog
89,0.4 Eingang,1,Gliederung,"Verweis auf Regel, Schritt, Phase, Fassung oder Abschnitt",. **Zuordnungstabelle Fragebogen** aus Phase 1 (Schritt 1.2): Listenlabel (H
89,0.4 Eingang,1.2,Gliederung,"Verweis auf Regel, Schritt, Phase, Fassung oder Abschnitt",ngstabelle Fragebogen** aus Phase 1 (Schritt 1.2): Listenlabel (HL-01 bis HL-0
91,0.5 Rechenkonventionen,0.5,Gliederung,Nummer einer Überschrift,### 0.5 Rechenkonventionen
93,0.5 Rechenkonventionen,1,Gliederung,Nummer eines Listenpunkts,1. Keine Rundung in Zwischen- u
94,0.5 Rechenkonventionen,2,Gliederung,Nummer eines Listenpunkts,2. Standardabweichung mit Nenne
94,0.5 Rechenkonventionen,1,"Code, Index oder Formelkonstante","Wertebereich, Index, Merkmal oder Konstante der Formel an dieser Stelle (Datenformat 0.4, Codebuch, Formel des Schritts)",2. Standardabweichung mit Nenner n − 1. Gepoolte SD zweier Gruppen: 
94,0.5 Rechenkonventionen,1,"Code, Index oder Formelkonstante","Wertebereich, Index, Merkmal oder Konstante der Formel an dieser Stelle (Datenformat 0.4, Codebuch, Formel des Schritts)",lte SD zweier Gruppen: SD_pool = √( ((n_IG − 1)·s_IG² + (n_KG − 1)·s_KG²) / 
94,0.5 Rechenkonventionen,1,"Code, Index oder Formelkonstante","Wertebereich, Index, Merkmal oder Konstante der Formel an dieser Stelle (Datenformat 0.4, Codebuch, Formel des Schritts)",en: SD_pool = √( ((n_IG − 1)·s_IG² + (n_KG − 1)·s_KG²) / (n_IG + n_KG − 2) )
94,0.5 Rechenkonventionen,2,"Code, Index oder Formelkonstante","Wertebereich, Index, Merkmal oder Konstante der Formel an dieser Stelle (Datenformat 0.4, Codebuch, Formel des Schritts)",)·s_IG² + (n_KG − 1)·s_KG²) / (n_IG + n_KG − 2) ).
95,0.5 Rechenkonventionen,3,Gliederung,Nummer eines Listenpunkts,3. Fehlende Werte werden nie er
95,0.5 Rechenkonventionen,11.7,Fundstelle,Paragraph oder Abschnitt einer Projektquelle,"zt und nie fortgeschrieben (keine LOCF, PA § 11.7). Eine Größe, deren Eingang f"
96,0.5 Rechenkonventionen,4,Gliederung,Nummer eines Listenpunkts,"4. Gruppenvariable G: IG = 1, K"
96,0.5 Rechenkonventionen,1,"Code, Index oder Formelkonstante","Wertebereich, Index, Merkmal oder Konstante der Formel an dieser Stelle (Datenformat 0.4, Codebuch, Formel des Schritts)","4. Gruppenvariable G: IG = 1, KG = 0. Differenzen immer IG"
96,0.5 Rechenkonventionen,0,"Code, Index oder Formelkonstante","Wertebereich, Index, Merkmal oder Konstante der Formel an dieser Stelle (Datenformat 0.4, Codebuch, Formel des Schritts)","4. Gruppenvariable G: IG = 1, KG = 0. Differenzen immer IG minus K"
97,0.5 Rechenkonventionen,5,Gliederung,Nummer eines Listenpunkts,5. Richtung: Günstig für die IG
98,0.5 Rechenkonventionen,6,Gliederung,Nummer eines Listenpunkts,"6. Konfidenzintervalle 95 %, zw"
98,0.5 Rechenkonventionen,95,Formelkonstante,"Konfidenz- oder Quantilpunkt (95-%-KI, PA § 11.2, § 11.4, α = 0,05)","6. Konfidenzintervalle 95 %, zweiseitig. α = 0,05 (Antr"
98,0.5 Rechenkonventionen,"0,05",Regel,Antrag § 1 (Signifikanzniveau),"6. Konfidenzintervalle 95 %, zweiseitig. α = 0,05 (Antrag § 1)."
98,0.5 Rechenkonventionen,1,Fundstelle,Paragraph oder Abschnitt einer Projektquelle,"ervalle 95 %, zweiseitig. α = 0,05 (Antrag § 1)."
99,0.5 Rechenkonventionen,7,Gliederung,Nummer eines Listenpunkts,"7. Quantile (Median, Quartile, "
99,0.5 Rechenkonventionen,7,Formelkonstante,Quantiltyp 7 (0.5 Nr. 7),"edian, Quartile, Bootstrap-Grenzen) nach Typ 7: Für sortierte Werte x(1) ≤ …"
99,0.5 Rechenkonventionen,1,"Code, Index oder Formelkonstante","Wertebereich, Index, Merkmal oder Konstante der Formel an dieser Stelle (Datenformat 0.4, Codebuch, Formel des Schritts)",p-Grenzen) nach Typ 7: Für sortierte Werte x(1) ≤ … ≤ x(n) und Anteil p ist 
99,0.5 Rechenkonventionen,1,"Code, Index oder Formelkonstante","Wertebereich, Index, Merkmal oder Konstante der Formel an dieser Stelle (Datenformat 0.4, Codebuch, Formel des Schritts)","te x(1) ≤ … ≤ x(n) und Anteil p ist h = (n − 1)·p + 1, das Quantil x(⌊h⌋) + "
99,0.5 Rechenkonventionen,1,"Code, Index oder Formelkonstante","Wertebereich, Index, Merkmal oder Konstante der Formel an dieser Stelle (Datenformat 0.4, Codebuch, Formel des Schritts)"," ≤ … ≤ x(n) und Anteil p ist h = (n − 1)·p + 1, das Quantil x(⌊h⌋) + (h − ⌊h"
99,0.5 Rechenkonventionen,1,"Code, Index oder Formelkonstante","Wertebereich, Index, Merkmal oder Konstante der Formel an dieser Stelle (Datenformat 0.4, Codebuch, Formel des Schritts)","p + 1, das Quantil x(⌊h⌋) + (h − ⌊h⌋)·(x(⌊h⌋+1) − x(⌊h⌋)). Bei h = n gilt x("
100,0.5 Rechenkonventionen,8,Gliederung,Nummer eines Listenpunkts,8. p-Werte exakt aus der jeweil
101,0.5 Rechenkonventionen,9,Gliederung,Nummer eines Listenpunkts,9. Nullstellensuche mit absolut
101,0.5 Rechenkonventionen,1e-10,Regel,"Rechenkonvention 0.5 Nr. 9, Festlegung O9",9. Nullstellensuche mit absoluter Toleranz 1e-10.
102,0.5 Rechenkonventionen,10,Gliederung,Nummer eines Listenpunkts,10. Abbruch mit Meldung statt st
103,0.5 Rechenkonventionen,11,Gliederung,Nummer eines Listenpunkts,"11. Eine Analyse, deren Designmatrix nicht"
103,0.5 Rechenkonventionen,1e-7,Regel,"Toleranz der Rangbestimmung der QR-Zerlegung (0.5 Nr. 11, Nachtrag 3, N5.3, Klarstellung nach Durchsichtsprotokoll 6.2 Teil A.3 Nr. 2)",nd mit Grund ausgegeben. Der Rang wird nach einer QR-Zerlegung mit der Toleranz 1e-7 auf der spaltenskalierten Designmatrix 
103,0.5 Rechenkonventionen,3,Gliederung,Nummer eines Nachtrags zur Spezifikation (Teil F),"lierten Designmatrix bestimmt oder mit einem gleichwertigen Kriterium (Nachtrag 3, N5.3, Klarstellung)."
104,0.5 Rechenkonventionen,12,Gliederung,Nummer eines Listenpunkts,12. Verteilungsquantile werden u
105,0.5 Rechenkonventionen,13,Gliederung,Nummer eines Listenpunkts,"13. Eine Statistik, die mehr Wer"
105,0.5 Rechenkonventionen,2,"Code, Index oder Formelkonstante","Wertebereich, Index, Merkmal oder Konstante der Formel an dieser Stelle (Datenformat 0.4, Codebuch, Formel des Schritts)","gt, als vorhanden sind (etwa eine SD bei n < 2 oder ein Mittel bei n = 0), i"
105,0.5 Rechenkonventionen,0,"Code, Index oder Formelkonstante","Wertebereich, Index, Merkmal oder Konstante der Formel an dieser Stelle (Datenformat 0.4, Codebuch, Formel des Schritts)","wa eine SD bei n < 2 oder ein Mittel bei n = 0), ist fehlend mit Grund. Zahl"
105,0.5 Rechenkonventionen,0,"Code, Index oder Formelkonstante","Wertebereich, Index, Merkmal oder Konstante der Formel an dieser Stelle (Datenformat 0.4, Codebuch, Formel des Schritts)","hlen) werden immer ausgegeben, auch wenn sie 0 sind."
113,S01 Einlesen und Strukturprüfung,12.09.,Datum,Dokumentdatum: Statuskennzeichen Plan 12.09. bzw. Verfasserangabe vom 12.09.,**Status:** Plan 12.09. (Auswertungsverfahren 1.3). R
113,S01 Einlesen und Strukturprüfung,1.3,Gliederung oder Fundstelle,"Nummer eines Abschnitts, Schritts oder Paragraphen einer Quelle",*Status:** Plan 12.09. (Auswertungsverfahren 1.3). Regeln hier ausgeschrieben.
115,S01 Einlesen und Strukturprüfung,0.4.,Gliederung,Verweis auf einen Abschnitt des Kopfs,**Eingang:** alle Dateien aus 0.4.
117,S01 Einlesen und Strukturprüfung,1,Gliederung,Nummer eines Listenpunkts,1. SHA-256-Prüfsummen aller Ein
118,S01 Einlesen und Strukturprüfung,2,Gliederung,Nummer eines Listenpunkts,2. Versuchsdaten: Zeitpunkt ∈ {
118,S01 Einlesen und Strukturprüfung,5,Name,Sprintdistanz in m (Antrag § 3),"en: Zeitpunkt ∈ {prä, post} · Test ∈ {Sprint_5m, Sprint_10m, Sprint_30m, COD"
118,S01 Einlesen und Strukturprüfung,10,Name,Sprintdistanz in m (Antrag § 3),"kt ∈ {prä, post} · Test ∈ {Sprint_5m, Sprint_10m, Sprint_30m, COD_505, Standw"
118,S01 Einlesen und Strukturprüfung,30,Name,Sprintdistanz in m (Antrag § 3),"ost} · Test ∈ {Sprint_5m, Sprint_10m, Sprint_30m, COD_505, Standweitsprung} ·"
118,S01 Einlesen und Strukturprüfung,505,Name,Name des Richtungswechseltests 505 (Antrag § 3),"st ∈ {Sprint_5m, Sprint_10m, Sprint_30m, COD_505, Standweitsprung} · Seite ∈ {"
118,S01 Einlesen und Strukturprüfung,505,Name,Name des Richtungswechseltests 505 (Antrag § 3),"· Seite ∈ {L, R} genau dann, wenn Test = COD_505 · Versuch ∈ {1, 2, 3} · Schlü"
118,S01 Einlesen und Strukturprüfung,1,"Code, Index oder Formelkonstante","Wertebereich, Index, Merkmal oder Konstante der Formel an dieser Stelle (Datenformat 0.4, Codebuch, Formel des Schritts)","genau dann, wenn Test = COD_505 · Versuch ∈ {1, 2, 3} · Schlüssel (Code, Zei"
118,S01 Einlesen und Strukturprüfung,2,"Code, Index oder Formelkonstante","Wertebereich, Index, Merkmal oder Konstante der Formel an dieser Stelle (Datenformat 0.4, Codebuch, Formel des Schritts)","au dann, wenn Test = COD_505 · Versuch ∈ {1, 2, 3} · Schlüssel (Code, Zeitpu"
118,S01 Einlesen und Strukturprüfung,3,"Code, Index oder Formelkonstante","Wertebereich, Index, Merkmal oder Konstante der Formel an dieser Stelle (Datenformat 0.4, Codebuch, Formel des Schritts)","dann, wenn Test = COD_505 · Versuch ∈ {1, 2, 3} · Schlüssel (Code, Zeitpunkt"
118,S01 Einlesen und Strukturprüfung,0,"Code, Index oder Formelkonstante","Wertebereich, Index, Merkmal oder Konstante der Formel an dieser Stelle (Datenformat 0.4, Codebuch, Formel des Schritts)", eindeutig · Wert leer oder eine Zahl größer 0 · jeder Code steht in den Per
119,S01 Einlesen und Strukturprüfung,3,Gliederung,Nummer eines Listenpunkts,3. Personendaten: Code eindeuti
119,S01 Einlesen und Strukturprüfung,5.4,Fundstelle,Paragraph oder Abschnitt einer Projektquelle,"Verein ∈ {A, B}, sonst KG (Auswertungsplan § 5.4 Nr. 3) · Familiarisierung ∈ {"
119,S01 Einlesen und Strukturprüfung,3,Gliederung,"Verweis auf Regel, Schritt, Phase, Fassung oder Abschnitt"," {A, B}, sonst KG (Auswertungsplan § 5.4 Nr. 3) · Familiarisierung ∈ {1, 2, "
119,S01 Einlesen und Strukturprüfung,1,"Code, Index oder Formelkonstante","Wertebereich, Index, Merkmal oder Konstante der Formel an dieser Stelle (Datenformat 0.4, Codebuch, Formel des Schritts)","tungsplan § 5.4 Nr. 3) · Familiarisierung ∈ {1, 2, leer} · Status ∈ {ausgewe"
119,S01 Einlesen und Strukturprüfung,2,"Code, Index oder Formelkonstante","Wertebereich, Index, Merkmal oder Konstante der Formel an dieser Stelle (Datenformat 0.4, Codebuch, Formel des Schritts)","gsplan § 5.4 Nr. 3) · Familiarisierung ∈ {1, 2, leer} · Status ∈ {ausgewerte"
120,S01 Einlesen und Strukturprüfung,4,Gliederung,Nummer eines Listenpunkts,4. Fragebogen: CASE eindeutig ·
120,S01 Einlesen und Strukturprüfung,1,"Code, Index oder Formelkonstante","Wertebereich, Index, Merkmal oder Konstante der Formel an dieser Stelle (Datenformat 0.4, Codebuch, Formel des Schritts)","4. Fragebogen: CASE eindeutig · H010 ∈ {1, …, 22} · H002 = 1 · H003 ∈ {"
120,S01 Einlesen und Strukturprüfung,22,Code,Wertebereich laut Codebuch,". Fragebogen: CASE eindeutig · H010 ∈ {1, …, 22} · H002 = 1 · H003 ∈ {1, …, 1"
120,S01 Einlesen und Strukturprüfung,1,"Code, Index oder Formelkonstante","Wertebereich, Index, Merkmal oder Konstante der Formel an dieser Stelle (Datenformat 0.4, Codebuch, Formel des Schritts)"," CASE eindeutig · H010 ∈ {1, …, 22} · H002 = 1 · H003 ∈ {1, …, 12} · H004 ∈ "
120,S01 Einlesen und Strukturprüfung,1,"Code, Index oder Formelkonstante","Wertebereich, Index, Merkmal oder Konstante der Formel an dieser Stelle (Datenformat 0.4, Codebuch, Formel des Schritts)","tig · H010 ∈ {1, …, 22} · H002 = 1 · H003 ∈ {1, …, 12} · H004 ∈ {1, 2, 3} · "
120,S01 Einlesen und Strukturprüfung,12,Code,Wertebereich (Codebuch H003 oder Zählwerte 0 bis 12),"H010 ∈ {1, …, 22} · H002 = 1 · H003 ∈ {1, …, 12} · H004 ∈ {1, 2, 3} · H005 ∈ "
120,S01 Einlesen und Strukturprüfung,1,"Code, Index oder Formelkonstante","Wertebereich, Index, Merkmal oder Konstante der Formel an dieser Stelle (Datenformat 0.4, Codebuch, Formel des Schritts)","22} · H002 = 1 · H003 ∈ {1, …, 12} · H004 ∈ {1, 2, 3} · H005 ∈ {1, …, 11} · "
120,S01 Einlesen und Strukturprüfung,2,"Code, Index oder Formelkonstante","Wertebereich, Index, Merkmal oder Konstante der Formel an dieser Stelle (Datenformat 0.4, Codebuch, Formel des Schritts)"," · H002 = 1 · H003 ∈ {1, …, 12} · H004 ∈ {1, 2, 3} · H005 ∈ {1, …, 11} · H00"
120,S01 Einlesen und Strukturprüfung,3,"Code, Index oder Formelkonstante","Wertebereich, Index, Merkmal oder Konstante der Formel an dieser Stelle (Datenformat 0.4, Codebuch, Formel des Schritts)","H002 = 1 · H003 ∈ {1, …, 12} · H004 ∈ {1, 2, 3} · H005 ∈ {1, …, 11} · H006 ∈"
120,S01 Einlesen und Strukturprüfung,1,"Code, Index oder Formelkonstante","Wertebereich, Index, Merkmal oder Konstante der Formel an dieser Stelle (Datenformat 0.4, Codebuch, Formel des Schritts)","03 ∈ {1, …, 12} · H004 ∈ {1, 2, 3} · H005 ∈ {1, …, 11} · H006 ∈ {1, …, 5} · "
120,S01 Einlesen und Strukturprüfung,11,Gliederung oder Fundstelle,"Nummer eines Abschnitts, Schritts oder Paragraphen einer Quelle","1, …, 12} · H004 ∈ {1, 2, 3} · H005 ∈ {1, …, 11} · H006 ∈ {1, …, 5} · H007, H"
120,S01 Einlesen und Strukturprüfung,1,"Code, Index oder Formelkonstante","Wertebereich, Index, Merkmal oder Konstante der Formel an dieser Stelle (Datenformat 0.4, Codebuch, Formel des Schritts)","04 ∈ {1, 2, 3} · H005 ∈ {1, …, 11} · H006 ∈ {1, …, 5} · H007, H008, H009 ∈ {"
120,S01 Einlesen und Strukturprüfung,5,"Code, Index oder Formelkonstante","Wertebereich, Index, Merkmal oder Konstante der Formel an dieser Stelle (Datenformat 0.4, Codebuch, Formel des Schritts)","1, 2, 3} · H005 ∈ {1, …, 11} · H006 ∈ {1, …, 5} · H007, H008, H009 ∈ {1, 2} "
120,S01 Einlesen und Strukturprüfung,1,"Code, Index oder Formelkonstante","Wertebereich, Index, Merkmal oder Konstante der Formel an dieser Stelle (Datenformat 0.4, Codebuch, Formel des Schritts)","11} · H006 ∈ {1, …, 5} · H007, H008, H009 ∈ {1, 2} (Codebuch, Anlage `_Frage"
120,S01 Einlesen und Strukturprüfung,2,"Code, Index oder Formelkonstante","Wertebereich, Index, Merkmal oder Konstante der Formel an dieser Stelle (Datenformat 0.4, Codebuch, Formel des Schritts)"," · H006 ∈ {1, …, 5} · H007, H008, H009 ∈ {1, 2} (Codebuch, Anlage `_Fragebog"
120,S01 Einlesen und Strukturprüfung,1,Fundstelle,Paragraph oder Abschnitt einer Projektquelle,st ein Verstoß. Der Export enthält nach FA § 1 nur vollständig bearbeitete F
126,S02 Gültigkeit der Versuche,12.09.,Datum,Dokumentdatum: Statuskennzeichen Plan 12.09. bzw. Verfasserangabe vom 12.09.,"**Status:** Plan 12.09. (Auswertungsplan § 2 B0.2, PA"
126,S02 Gültigkeit der Versuche,2,Fundstelle,Paragraph oder Abschnitt einer Projektquelle,"**Status:** Plan 12.09. (Auswertungsplan § 2 B0.2, PA § 11.8). Abschnittsr"
126,S02 Gültigkeit der Versuche,11.8,Fundstelle,Paragraph oder Abschnitt einer Projektquelle," Plan 12.09. (Auswertungsplan § 2 B0.2, PA § 11.8). Abschnittsregel nachträglic"
130,S02 Gültigkeit der Versuche,1,Gliederung,Nummer eines Listenpunkts,"1. gültig_roh = 1, wenn `Wert` "
130,S02 Gültigkeit der Versuche,1,"Code, Index oder Formelkonstante","Wertebereich, Index, Merkmal oder Konstante der Formel an dieser Stelle (Datenformat 0.4, Codebuch, Formel des Schritts)","1. gültig_roh = 1, wenn `Wert` vorhanden und `u"
130,S02 Gültigkeit der Versuche,0,"Code, Index oder Formelkonstante","Wertebereich, Index, Merkmal oder Konstante der Formel an dieser Stelle (Datenformat 0.4, Codebuch, Formel des Schritts)","rt` vorhanden und `ungültig` leer ist, sonst 0."
131,S02 Gültigkeit der Versuche,2,Gliederung,Nummer eines Listenpunkts,2. Auslöseprüfung Sprint. Ein L
131,S02 Gültigkeit der Versuche,5,Name,Sprintdistanz in m (Antrag § 3),"chem Code, Zeitpunkt und Versuch über Sprint_5m, Sprint_10m und Sprint_30m. "
131,S02 Gültigkeit der Versuche,10,Name,Sprintdistanz in m (Antrag § 3),"Zeitpunkt und Versuch über Sprint_5m, Sprint_10m und Sprint_30m. Die Distanze"
131,S02 Gültigkeit der Versuche,30,Name,Sprintdistanz in m (Antrag § 3),"ersuch über Sprint_5m, Sprint_10m und Sprint_30m. Die Distanzen sind 5, 10 un"
131,S02 Gültigkeit der Versuche,5,Regel,Sprintdistanzen (Antrag § 3),"print_10m und Sprint_30m. Die Distanzen sind 5, 10 und 30 m. Für jeden Lauf "
131,S02 Gültigkeit der Versuche,10,Regel,Sprintdistanzen (Antrag § 3),"nt_10m und Sprint_30m. Die Distanzen sind 5, 10 und 30 m. Für jeden Lauf werd"
131,S02 Gültigkeit der Versuche,30,Name,Sprintdistanz in m (Antrag § 3),"und Sprint_30m. Die Distanzen sind 5, 10 und 30 m. Für jeden Lauf werden die "
131,S02 Gültigkeit der Versuche,1,"Code, Index oder Formelkonstante","Wertebereich, Index, Merkmal oder Konstante der Formel an dieser Stelle (Datenformat 0.4, Codebuch, Formel des Schritts)", Lauf werden die Teilzeiten mit gültig_roh = 1 nach Distanz geordnet. Abschn
131,S02 Gültigkeit der Versuche,0,"Code, Index oder Formelkonstante","Wertebereich, Index, Merkmal oder Konstante der Formel an dieser Stelle (Datenformat 0.4, Codebuch, Formel des Schritts)","orhandenen Teilzeiten, der erste beginnt bei 0 m mit t = 0. Abschnittszeit Δ"
131,S02 Gültigkeit der Versuche,0,"Code, Index oder Formelkonstante","Wertebereich, Index, Merkmal oder Konstante der Formel an dieser Stelle (Datenformat 0.4, Codebuch, Formel des Schritts)","eilzeiten, der erste beginnt bei 0 m mit t = 0. Abschnittszeit Δt = t_j − t_"
131,S02 Gültigkeit der Versuche,1,"Code, Index oder Formelkonstante","Wertebereich, Index, Merkmal oder Konstante der Formel an dieser Stelle (Datenformat 0.4, Codebuch, Formel des Schritts)"," m mit t = 0. Abschnittszeit Δt = t_j − t_(j−1), Abschnittsgeschwindigkeit v"
131,S02 Gültigkeit der Versuche,0,"Code, Index oder Formelkonstante","Wertebereich, Index, Merkmal oder Konstante der Formel an dieser Stelle (Datenformat 0.4, Codebuch, Formel des Schritts)","schwindigkeit v = Δd/Δt in m/s. Ist ein Δt ≤ 0 s oder ein v > 10,0 m/s, gilt"
131,S02 Gültigkeit der Versuche,"10,0",Regel,"Auswertungsplan § 2 B0.2, PA § 11.8 (Auslöseprüfung)"," Δd/Δt in m/s. Ist ein Δt ≤ 0 s oder ein v > 10,0 m/s, gilt der Lauf als auslös"
132,S02 Gültigkeit der Versuche,3,Gliederung,Nummer eines Listenpunkts,"3. gültig = 1, wenn gültig_roh "
132,S02 Gültigkeit der Versuche,1,"Code, Index oder Formelkonstante","Wertebereich, Index, Merkmal oder Konstante der Formel an dieser Stelle (Datenformat 0.4, Codebuch, Formel des Schritts)","3. gültig = 1, wenn gültig_roh = 1 und der "
132,S02 Gültigkeit der Versuche,1,"Code, Index oder Formelkonstante","Wertebereich, Index, Merkmal oder Konstante der Formel an dieser Stelle (Datenformat 0.4, Codebuch, Formel des Schritts)","3. gültig = 1, wenn gültig_roh = 1 und der Versuch nicht zu eine"
132,S02 Gültigkeit der Versuche,0,"Code, Index oder Formelkonstante","Wertebereich, Index, Merkmal oder Konstante der Formel an dieser Stelle (Datenformat 0.4, Codebuch, Formel des Schritts)","zu einem auslösegestörten Lauf gehört, sonst 0."
138,S03 Ausfallkategorien,12.09.,Datum,Dokumentdatum: Statuskennzeichen Plan 12.09. bzw. Verfasserangabe vom 12.09.,"**Status:** Plan 12.09. (Auswertungsplan § 2 B0.4, PA"
138,S03 Ausfallkategorien,2,Fundstelle,Paragraph oder Abschnitt einer Projektquelle,"**Status:** Plan 12.09. (Auswertungsplan § 2 B0.4, PA § 3.1, Versuchszahl-"
138,S03 Ausfallkategorien,3.1,Fundstelle,Paragraph oder Abschnitt einer Projektquelle," Plan 12.09. (Auswertungsplan § 2 B0.4, PA § 3.1, Versuchszahl-Protokollbefund"
138,S03 Ausfallkategorien,3,Fundstelle,Paragraph oder Abschnitt einer Projektquelle,".4, PA § 3.1, Versuchszahl-Protokollbefund § 3). K5 nachträglich."
141,S03 Ausfallkategorien,0,"Code, Index oder Formelkonstante","Wertebereich, Index, Merkmal oder Konstante der Formel an dieser Stelle (Datenformat 0.4, Codebuch, Formel des Schritts)","**Regel:** Jede Zeile mit gültig = 0 erhält genau eine Kategorie, "
142,S03 Ausfallkategorien,1,Gliederung,Nummer eines Listenpunkts,1. `NANG` nicht angetreten: Zei
143,S03 Ausfallkategorien,2,Gliederung,Nummer eines Listenpunkts,2. `AUSL` auslösegestört: Zeile
143,S03 Ausfallkategorien,2,Gliederung,"Verweis auf Regel, Schritt, Phase, Fassung oder Abschnitt",stört: Zeile ungültig allein durch S02 Regel 2.
144,S03 Ausfallkategorien,3,Gliederung,Nummer eines Listenpunkts,3. Sonst nach dem Text in `Beme
145,S03 Ausfallkategorien,1,Gliederung,"Verweis auf Regel, Schritt, Phase, Fassung oder Abschnitt",lage sie listet. Das Vokabular wird in Phase 1 vereinheitlicht.
150,S04 Aggregation je Spieler,3,Fundstelle,Paragraph oder Abschnitt einer Projektquelle,**Status:** Antrag § 3 (Standweitsprung „bester von 
150,S04 Aggregation je Spieler,505,Name,Name des Richtungswechseltests 505 (Antrag § 3),"Standweitsprung „bester von drei Versuchen“, 505 „Mittelwert beider Beinseiten"
150,S04 Aggregation je Spieler,12.09.,Datum,Dokumentdatum: Statuskennzeichen Plan 12.09. bzw. Verfasserangabe vom 12.09.,", 505 „Mittelwert beider Beinseiten“) · Plan 12.09. (Bestwert auch für Sprint und"
150,S04 Aggregation je Spieler,505,Name,Name des Richtungswechseltests 505 (Antrag § 3)," · Plan 12.09. (Bestwert auch für Sprint und 505, Mittelwert der Versuche als "
150,S04 Aggregation je Spieler,5.9,Fundstelle,Paragraph oder Abschnitt einer Projektquelle,"Versuche als Sensitivität, Auswertungsplan § 5.9, PA § 11.8)."
150,S04 Aggregation je Spieler,11.8,Fundstelle,Paragraph oder Abschnitt einer Projektquelle,"ls Sensitivität, Auswertungsplan § 5.9, PA § 11.8)."
153,S04 Aggregation je Spieler,505,Name,Name des Richtungswechseltests 505 (Antrag § 3),"*Regel** je Spieler × Zeitpunkt × Test, beim 505 zusätzlich je Seite:"
154,S04 Aggregation je Spieler,1,Gliederung,Nummer eines Listenpunkts,1. k = Zahl der gültigen Versuc
154,S04 Aggregation je Spieler,0,"Code, Index oder Formelkonstante","Wertebereich, Index, Merkmal oder Konstante der Formel an dieser Stelle (Datenformat 0.4, Codebuch, Formel des Schritts)",1. k = Zahl der gültigen Versuche (0 bis 3).
154,S04 Aggregation je Spieler,3,"Code, Index oder Formelkonstante","Wertebereich, Index, Merkmal oder Konstante der Formel an dieser Stelle (Datenformat 0.4, Codebuch, Formel des Schritts)",1. k = Zahl der gültigen Versuche (0 bis 3).
155,S04 Aggregation je Spieler,2,Gliederung,Nummer eines Listenpunkts,2. Bestwert BEST: Minimum der g
155,S04 Aggregation je Spieler,0,"Code, Index oder Formelkonstante","Wertebereich, Index, Merkmal oder Konstante der Formel an dieser Stelle (Datenformat 0.4, Codebuch, Formel des Schritts)","eiten, Maximum beim Standweitsprung. Bei k = 0 fehlend."
156,S04 Aggregation je Spieler,3,Gliederung,Nummer eines Listenpunkts,3. Mittelwert MEAN: arithmetisc
156,S04 Aggregation je Spieler,0,"Code, Index oder Formelkonstante","Wertebereich, Index, Merkmal oder Konstante der Formel an dieser Stelle (Datenformat 0.4, Codebuch, Formel des Schritts)",metisches Mittel der gültigen Werte. Bei k = 0 fehlend.
157,S04 Aggregation je Spieler,4,Gliederung,Nummer eines Listenpunkts,4. 505-Seitenmittel (zwei getre
157,S04 Aggregation je Spieler,505,Name,Name des Richtungswechseltests 505 (Antrag § 3),4. 505-Seitenmittel (zwei getrennte 
157,S04 Aggregation je Spieler,5.9,Fundstelle,Paragraph oder Abschnitt einer Projektquelle,"wei getrennte Operationen, Auswertungsplan § 5.9): zuerst Versuche einer Seite"
157,S04 Aggregation je Spieler,2,"Code, Index oder Formelkonstante","Wertebereich, Index, Merkmal oder Konstante der Formel an dieser Stelle (Datenformat 0.4, Codebuch, Formel des Schritts)",el der Seiten. CM_BEST = (CL_BEST + CR_BEST)/2 und CM_MEAN = (CL_MEAN + CR_M
157,S04 Aggregation je Spieler,2,"Code, Index oder Formelkonstante","Wertebereich, Index, Merkmal oder Konstante der Formel an dieser Stelle (Datenformat 0.4, Codebuch, Formel des Schritts)","CR_BEST)/2 und CM_MEAN = (CL_MEAN + CR_MEAN)/2, nur wenn beide Seiten k ≥ 1 "
157,S04 Aggregation je Spieler,1,"Code, Index oder Formelkonstante","Wertebereich, Index, Merkmal oder Konstante der Formel an dieser Stelle (Datenformat 0.4, Codebuch, Formel des Schritts)","MEAN + CR_MEAN)/2, nur wenn beide Seiten k ≥ 1 haben, sonst fehlend. Eine fe"
157,S04 Aggregation je Spieler,2019,Fundstelle,Erscheinungsjahr einer Quelle," ersetzt. Vorbild der Regel: Dugdale et al. (2019, Methods, 505COD)."
157,S04 Aggregation je Spieler,505,Name,Name des Richtungswechseltests 505 (Antrag § 3),"ld der Regel: Dugdale et al. (2019, Methods, 505COD)."
158,S04 Aggregation je Spieler,5,Gliederung,Nummer eines Listenpunkts,5. Gleichstände: Kein Schritt v
163,S05 Reifestatus %PAH nach Khamis und Roc,1,Fundstelle,Paragraph oder Abschnitt einer Projektquelle,**Status:** Antrag § 1 und § 3 (%PAH nach Khamis & R
163,S05 Reifestatus %PAH nach Khamis und Roc,3,Fundstelle,Paragraph oder Abschnitt einer Projektquelle,"**Status:** Antrag § 1 und § 3 (%PAH nach Khamis & Roche, 19"
163,S05 Reifestatus %PAH nach Khamis und Roc,1994,Fundstelle,Erscheinungsjahr einer Quelle,"ntrag § 1 und § 3 (%PAH nach Khamis & Roche, 1994, aus Körperhöhe und Körpermas"
167,S05 Reifestatus %PAH nach Khamis und Roc,1,Gliederung,Nummer eines Listenpunkts,1. Alter (K1): Alter_prae = (Da
167,S05 Reifestatus %PAH nach Khamis und Roc,"365,25",Regel,Festlegung K1,"um der Prätestung − Geburtsdatum) in Tagen / 365,25. Die Berechnung erfolgt in Ph"
167,S05 Reifestatus %PAH nach Khamis und Roc,1,Gliederung,"Verweis auf Regel, Schritt, Phase, Fassung oder Abschnitt","en / 365,25. Die Berechnung erfolgt in Phase 1 vor dem Einfrieren, das Gebur"
168,S05 Reifestatus %PAH nach Khamis und Roc,2,Gliederung,Nummer eines Listenpunkts,2. Einheiten (K3): Die Koeffizi
168,S05 Reifestatus %PAH nach Khamis und Roc,1994,Fundstelle,Erscheinungsjahr einer Quelle,"n gelten für Zoll und Pfund (Khamis & Roche, 1994, S. 505). S_in = Körperhöhe /"
168,S05 Reifestatus %PAH nach Khamis und Roc,505,Fundstelle,Seitenzahl einer Quelle,"für Zoll und Pfund (Khamis & Roche, 1994, S. 505). S_in = Körperhöhe / 2,54 · "
168,S05 Reifestatus %PAH nach Khamis und Roc,"2,54",Quellwert,"NIST SP 811 (2008), Anhang B.8"," & Roche, 1994, S. 505). S_in = Körperhöhe / 2,54 · W_lb = Körpermasse / 0,4535"
168,S05 Reifestatus %PAH nach Khamis und Roc,"0,45359237",Quellwert,"NIST SP 811 (2008), Anhang B.8, Fußnote 22","n = Körperhöhe / 2,54 · W_lb = Körpermasse / 0,45359237 · Elterngrößen ebenfalls / 2,"
168,S05 Reifestatus %PAH nach Khamis und Roc,"2,54",Quellwert,"NIST SP 811 (2008), Anhang B.8","asse / 0,45359237 · Elterngrößen ebenfalls / 2,54. Konstanten nach NIST SP 811 "
168,S05 Reifestatus %PAH nach Khamis und Roc,811,Fundstelle,Nummer der NIST Special Publication,"en ebenfalls / 2,54. Konstanten nach NIST SP 811 (2008), Anhang B.8 und Fußnot"
168,S05 Reifestatus %PAH nach Khamis und Roc,2008,Fundstelle,Erscheinungsjahr einer Quelle,"enfalls / 2,54. Konstanten nach NIST SP 811 (2008), Anhang B.8 und Fußnote 22."
168,S05 Reifestatus %PAH nach Khamis und Roc,22,Fundstelle,"Tabellen-, Abschnitts-, Spalten- oder Itemnummer einer Quelle","h NIST SP 811 (2008), Anhang B.8 und Fußnote 22."
169,S05 Reifestatus %PAH nach Khamis und Roc,3,Gliederung,Nummer eines Listenpunkts,"3. Elterngröße (Khamis & Roche,"
169,S05 Reifestatus %PAH nach Khamis und Roc,1994,Fundstelle,Erscheinungsjahr einer Quelle,"3. Elterngröße (Khamis & Roche, 1994, S. 504): MP_in = (Mutter_in "
169,S05 Reifestatus %PAH nach Khamis und Roc,504,Fundstelle,Seitenzahl einer Quelle,"3. Elterngröße (Khamis & Roche, 1994, S. 504): MP_in = (Mutter_in + Vater_"
169,S05 Reifestatus %PAH nach Khamis und Roc,2,"Code, Index oder Formelkonstante","Wertebereich, Index, Merkmal oder Konstante der Formel an dieser Stelle (Datenformat 0.4, Codebuch, Formel des Schritts)","4, S. 504): MP_in = (Mutter_in + Vater_in) / 2."
170,S05 Reifestatus %PAH nach Khamis und Roc,4,Gliederung,Nummer eines Listenpunkts,"4. Gültigkeitsbereich: 4,0 ≤ Al"
170,S05 Reifestatus %PAH nach Khamis und Roc,"4,0",Quellwert,"Khamis & Roche (1994), S. 506","4. Gültigkeitsbereich: 4,0 ≤ Alter ≤ 17,5 Jahre (Khamis "
170,S05 Reifestatus %PAH nach Khamis und Roc,"17,5",Quellwert,"Khamis & Roche (1994), S. 506","4. Gültigkeitsbereich: 4,0 ≤ Alter ≤ 17,5 Jahre (Khamis & Roche, 1994, "
170,S05 Reifestatus %PAH nach Khamis und Roc,1994,Fundstelle,Erscheinungsjahr einer Quelle,"h: 4,0 ≤ Alter ≤ 17,5 Jahre (Khamis & Roche, 1994, S. 506). Außerhalb ist %PAH "
170,S05 Reifestatus %PAH nach Khamis und Roc,506,Fundstelle,Seitenzahl einer Quelle,"Alter ≤ 17,5 Jahre (Khamis & Roche, 1994, S. 506). Außerhalb ist %PAH fehlend."
171,S05 Reifestatus %PAH nach Khamis und Roc,5,Gliederung,Nummer eines Listenpunkts,5. Koeffizienten (O1): Tab. 1 „
171,S05 Reifestatus %PAH nach Khamis und Roc,1,Fundstelle,"Tabellen-, Abschnitts-, Spalten- oder Itemnummer einer Quelle",5. Koeffizienten (O1): Tab. 1 „White Males“ (Khamis & Roche
171,S05 Reifestatus %PAH nach Khamis und Roc,1994,Fundstelle,Erscheinungsjahr einer Quelle," (O1): Tab. 1 „White Males“ (Khamis & Roche, 1994, S. 505) unverändert, Anlage "
171,S05 Reifestatus %PAH nach Khamis und Roc,505,Fundstelle,Seitenzahl einer Quelle,"b. 1 „White Males“ (Khamis & Roche, 1994, S. 505) unverändert, Anlage `_Koeffi"
171,S05 Reifestatus %PAH nach Khamis und Roc,95,Fundstelle,"Band, Seite oder DOI des Erratums","effizienten_KR.csv`. Das Erratum (Pediatrics 95(3), 457, 1995, doi 10.1542/pe"
171,S05 Reifestatus %PAH nach Khamis und Roc,3,Fundstelle,Heft des Erratums,"izienten_KR.csv`. Das Erratum (Pediatrics 95(3), 457, 1995, doi 10.1542/peds"
171,S05 Reifestatus %PAH nach Khamis und Roc,457,Fundstelle,"Band, Seite oder DOI des Erratums","nten_KR.csv`. Das Erratum (Pediatrics 95(3), 457, 1995, doi 10.1542/peds.95.3."
171,S05 Reifestatus %PAH nach Khamis und Roc,1995,Fundstelle,Erscheinungsjahr einer Quelle,"KR.csv`. Das Erratum (Pediatrics 95(3), 457, 1995, doi 10.1542/peds.95.3.457) k"
171,S05 Reifestatus %PAH nach Khamis und Roc,10.1542,Fundstelle,"Band, Seite oder DOI des Erratums","as Erratum (Pediatrics 95(3), 457, 1995, doi 10.1542/peds.95.3.457) korrigiert nac"
171,S05 Reifestatus %PAH nach Khamis und Roc,1,Fundstelle,"Tabellen-, Abschnitts-, Spalten- oder Itemnummer einer Quelle", nach seinem Crossref-Eintrag Fehler in Tab. 1 und 2. Es liegt nicht vor und
171,S05 Reifestatus %PAH nach Khamis und Roc,2,"Code, Index oder Formelkonstante","Wertebereich, Index, Merkmal oder Konstante der Formel an dieser Stelle (Datenformat 0.4, Codebuch, Formel des Schritts)",seinem Crossref-Eintrag Fehler in Tab. 1 und 2. Es liegt nicht vor und wird 
172,S05 Reifestatus %PAH nach Khamis und Roc,6,Gliederung,Nummer eines Listenpunkts,6. Alter zwischen zwei Zeilen (
172,S05 Reifestatus %PAH nach Khamis und Roc,2,"Code, Index oder Formelkonstante","Wertebereich, Index, Merkmal oder Konstante der Formel an dieser Stelle (Datenformat 0.4, Codebuch, Formel des Schritts)",6. Alter zwischen zwei Zeilen (O2): a_lo = ⌊2·Alter⌋/2 (größte Tabellenzeil
172,S05 Reifestatus %PAH nach Khamis und Roc,2,"Code, Index oder Formelkonstante","Wertebereich, Index, Merkmal oder Konstante der Formel an dieser Stelle (Datenformat 0.4, Codebuch, Formel des Schritts)", zwischen zwei Zeilen (O2): a_lo = ⌊2·Alter⌋/2 (größte Tabellenzeile ≤ Alter
172,S05 Reifestatus %PAH nach Khamis und Roc,"0,5",Regel,"Raster der Koeffiziententabelle (Khamis & Roche, 1994, Tab. 1, O2)","größte Tabellenzeile ≤ Alter), a_hi = a_lo + 0,5, w = (Alter − a_lo)/0,5. Jede"
172,S05 Reifestatus %PAH nach Khamis und Roc,"0,5",Regel,"Raster der Koeffiziententabelle (Khamis & Roche, 1994, Tab. 1, O2)","lter), a_hi = a_lo + 0,5, w = (Alter − a_lo)/0,5. Jeder der vier Koeffizienten"
172,S05 Reifestatus %PAH nach Khamis und Roc,0,"Code, Index oder Formelkonstante","Wertebereich, Index, Merkmal oder Konstante der Formel an dieser Stelle (Datenformat 0.4, Codebuch, Formel des Schritts)","_lo)/0,5. Jeder der vier Koeffizienten c ∈ {β0, β1, β2, β3} wird linear inte"
172,S05 Reifestatus %PAH nach Khamis und Roc,1,"Code, Index oder Formelkonstante","Wertebereich, Index, Merkmal oder Konstante der Formel an dieser Stelle (Datenformat 0.4, Codebuch, Formel des Schritts)","/0,5. Jeder der vier Koeffizienten c ∈ {β0, β1, β2, β3} wird linear interpol"
172,S05 Reifestatus %PAH nach Khamis und Roc,2,"Code, Index oder Formelkonstante","Wertebereich, Index, Merkmal oder Konstante der Formel an dieser Stelle (Datenformat 0.4, Codebuch, Formel des Schritts)",". Jeder der vier Koeffizienten c ∈ {β0, β1, β2, β3} wird linear interpoliert"
172,S05 Reifestatus %PAH nach Khamis und Roc,3,"Code, Index oder Formelkonstante","Wertebereich, Index, Merkmal oder Konstante der Formel an dieser Stelle (Datenformat 0.4, Codebuch, Formel des Schritts)","der der vier Koeffizienten c ∈ {β0, β1, β2, β3} wird linear interpoliert: c "
172,S05 Reifestatus %PAH nach Khamis und Roc,1,"Code, Index oder Formelkonstante","Wertebereich, Index, Merkmal oder Konstante der Formel an dieser Stelle (Datenformat 0.4, Codebuch, Formel des Schritts)",", β1, β2, β3} wird linear interpoliert: c = (1 − w)·c(a_lo) + w·c(a_hi). Bei"
172,S05 Reifestatus %PAH nach Khamis und Roc,0,"Code, Index oder Formelkonstante","Wertebereich, Index, Merkmal oder Konstante der Formel an dieser Stelle (Datenformat 0.4, Codebuch, Formel des Schritts)","rt: c = (1 − w)·c(a_lo) + w·c(a_hi). Bei w = 0, auch bei Alter = 17,5, gilt "
172,S05 Reifestatus %PAH nach Khamis und Roc,"17,5",Quellwert,"Khamis & Roche (1994), S. 506","lo) + w·c(a_hi). Bei w = 0, auch bei Alter = 17,5, gilt die Zeile a_lo allein."
173,S05 Reifestatus %PAH nach Khamis und Roc,7,Gliederung,Nummer eines Listenpunkts,"7. Vorhersage (Khamis & Roche, "
173,S05 Reifestatus %PAH nach Khamis und Roc,1994,Fundstelle,Erscheinungsjahr einer Quelle,"7. Vorhersage (Khamis & Roche, 1994, S. 505): PAS_in = β0 + β1·S_"
173,S05 Reifestatus %PAH nach Khamis und Roc,505,Fundstelle,Seitenzahl einer Quelle,"7. Vorhersage (Khamis & Roche, 1994, S. 505): PAS_in = β0 + β1·S_in + β2·"
173,S05 Reifestatus %PAH nach Khamis und Roc,0,"Code, Index oder Formelkonstante","Wertebereich, Index, Merkmal oder Konstante der Formel an dieser Stelle (Datenformat 0.4, Codebuch, Formel des Schritts)","ge (Khamis & Roche, 1994, S. 505): PAS_in = β0 + β1·S_in + β2·W_lb + β3·MP_i"
173,S05 Reifestatus %PAH nach Khamis und Roc,1,"Code, Index oder Formelkonstante","Wertebereich, Index, Merkmal oder Konstante der Formel an dieser Stelle (Datenformat 0.4, Codebuch, Formel des Schritts)","hamis & Roche, 1994, S. 505): PAS_in = β0 + β1·S_in + β2·W_lb + β3·MP_in."
173,S05 Reifestatus %PAH nach Khamis und Roc,2,"Code, Index oder Formelkonstante","Wertebereich, Index, Merkmal oder Konstante der Formel an dieser Stelle (Datenformat 0.4, Codebuch, Formel des Schritts)","che, 1994, S. 505): PAS_in = β0 + β1·S_in + β2·W_lb + β3·MP_in."
173,S05 Reifestatus %PAH nach Khamis und Roc,3,"Code, Index oder Formelkonstante","Wertebereich, Index, Merkmal oder Konstante der Formel an dieser Stelle (Datenformat 0.4, Codebuch, Formel des Schritts)", S. 505): PAS_in = β0 + β1·S_in + β2·W_lb + β3·MP_in.
174,S05 Reifestatus %PAH nach Khamis und Roc,8,Gliederung,Nummer eines Listenpunkts,8. %PAH = 100 · S_in / PAS_in (
174,S05 Reifestatus %PAH nach Khamis und Roc,100,Formelkonstante,Umrechnung in Prozent,8. %PAH = 100 · S_in / PAS_in (Antrag § 1: 
174,S05 Reifestatus %PAH nach Khamis und Roc,1,Fundstelle,Paragraph oder Abschnitt einer Projektquelle,8. %PAH = 100 · S_in / PAS_in (Antrag § 1: Prozentsatz des prognostizie
175,S05 Reifestatus %PAH nach Khamis und Roche,9,Gliederung,Nummer eines Listenpunkts,"9. Fehlt ein Eingang, auch nur eine Elter"
175,S05 Reifestatus %PAH nach Khamis und Roche,4,Gliederung,"Verweis auf Regel, Schritt, Phase, Fassung oder Abschnitt","ehlt“, auch wenn zugleich das Alter außerhalb des Gültigkeitsbereichs der Regel 4 liegt (Nachtrag 3, N5.1). Die im Origin"
175,S05 Reifestatus %PAH nach Khamis und Roche,3,Gliederung,Nummer eines Nachtrags zur Spezifikation (Teil F),"ugleich das Alter außerhalb des Gültigkeitsbereichs der Regel 4 liegt (Nachtrag 3, N5.1). Die im Original genannten Ersat"
175,S05 Reifestatus %PAH nach Khamis und Roche,506,Fundstelle,Seitenzahl einer Quelle,", N5.1). Die im Original genannten Ersatzwege für eine fehlende Elterngröße (S. 506: Schätzung der fehlenden Größe durch de"
176,S05 Reifestatus %PAH nach Khamis und Roc,10,Gliederung,Nummer eines Listenpunkts,10. Die Anthropometrie der Präte
176,S05 Reifestatus %PAH nach Khamis und Roc,11.2,Fundstelle,Paragraph oder Abschnitt einer Projektquelle,lle. Post-Anthropometrie gibt es nicht (PA § 11.2).
178,S05 Reifestatus %PAH nach Khamis und Roc,1994,Fundstelle,Erscheinungsjahr einer Quelle,"ferenztest:** Rechenbeispiel Khamis & Roche (1994, S. 507), Anlage `_Referenzda"
178,S05 Reifestatus %PAH nach Khamis und Roc,507,Fundstelle,Seitenzahl einer Quelle,"t:** Rechenbeispiel Khamis & Roche (1994, S. 507), Anlage `_Referenzdaten.csv`"
182,"S06 Fragebogen A: Dekodierung, Fallkorre",12.09.,Datum,Dokumentdatum: Statuskennzeichen Plan 12.09. bzw. Verfasserangabe vom 12.09.,"**Status:** Plan 12.09. (FA § 1 und § 2, PA § 3.1) · "
182,"S06 Fragebogen A: Dekodierung, Fallkorre",1,Fundstelle,Paragraph oder Abschnitt einer Projektquelle,"**Status:** Plan 12.09. (FA § 1 und § 2, PA § 3.1) · K6 bis K"
182,"S06 Fragebogen A: Dekodierung, Fallkorre",2,Fundstelle,Paragraph oder Abschnitt einer Projektquelle,"**Status:** Plan 12.09. (FA § 1 und § 2, PA § 3.1) · K6 bis K8 nachtr"
182,"S06 Fragebogen A: Dekodierung, Fallkorre",3.1,Fundstelle,Paragraph oder Abschnitt einer Projektquelle,"*Status:** Plan 12.09. (FA § 1 und § 2, PA § 3.1) · K6 bis K8 nachträglich · R"
182,"S06 Fragebogen A: Dekodierung, Fallkorre",8,Gliederung,"Verweis auf Regel, Schritt, Phase, Fassung oder Abschnitt",", PA § 3.1) · K6 bis K8 nachträglich · Regel 8 und Ausgabe nach Nachtrag 2 ("
182,"S06 Fragebogen A: Dekodierung, Fallkorre",2,Gliederung,Nummer eines Nachtrags zur Spezifikation (Teil F),träglich · Regel 8 und Ausgabe nach Nachtrag 2 (F.7).
186,"S06 Fragebogen A: Dekodierung, Fallkorre",1,Gliederung,Nummer eines Listenpunkts,1. Listenlabel = Label des Wert
186,"S06 Fragebogen A: Dekodierung, Fallkorre",1,"Code, Index oder Formelkonstante","Wertebereich, Index, Merkmal oder Konstante der Formel an dieser Stelle (Datenformat 0.4, Codebuch, Formel des Schritts)","el = Label des Werts von H010 laut Codebuch: 1 bis 8 → HL-01 bis HL-08, 9 bi"
186,"S06 Fragebogen A: Dekodierung, Fallkorre",8,"Code, Index oder Formelkonstante","Wertebereich, Index, Merkmal oder Konstante der Formel an dieser Stelle (Datenformat 0.4, Codebuch, Formel des Schritts)","abel des Werts von H010 laut Codebuch: 1 bis 8 → HL-01 bis HL-08, 9 bis 22 →"
186,"S06 Fragebogen A: Dekodierung, Fallkorre",9,"Code, Index oder Formelkonstante","Wertebereich, Index, Merkmal oder Konstante der Formel an dieser Stelle (Datenformat 0.4, Codebuch, Formel des Schritts)","10 laut Codebuch: 1 bis 8 → HL-01 bis HL-08, 9 bis 22 → BW-01 bis BW-14."
186,"S06 Fragebogen A: Dekodierung, Fallkorre",22,Code,Wertebereich laut Codebuch,"t Codebuch: 1 bis 8 → HL-01 bis HL-08, 9 bis 22 → BW-01 bis BW-14."
187,"S06 Fragebogen A: Dekodierung, Fallkorre",2,Gliederung,Nummer eines Listenpunkts,"2. Fallkorrekturen (FA § 1, PA "
187,"S06 Fragebogen A: Dekodierung, Fallkorre",1,Fundstelle,Paragraph oder Abschnitt einer Projektquelle,"2. Fallkorrekturen (FA § 1, PA § 3.1): CASE 59 und 70 er"
187,"S06 Fragebogen A: Dekodierung, Fallkorre",3.1,Fundstelle,Paragraph oder Abschnitt einer Projektquelle,"2. Fallkorrekturen (FA § 1, PA § 3.1): CASE 59 und 70 erhalten das"
187,"S06 Fragebogen A: Dekodierung, Fallkorre",59,Regel,"CASE-Nummer einer Fallkorrektur (FA § 1, PA § 3.1)","2. Fallkorrekturen (FA § 1, PA § 3.1): CASE 59 und 70 erhalten das Listenlab"
187,"S06 Fragebogen A: Dekodierung, Fallkorre",70,Regel,"CASE-Nummer einer Fallkorrektur (FA § 1, PA § 3.1)","lkorrekturen (FA § 1, PA § 3.1): CASE 59 und 70 erhalten das Listenlabel BW-0"
187,"S06 Fragebogen A: Dekodierung, Fallkorre",140,Regel,"CASE-Nummer einer Fallkorrektur (FA § 1, PA § 3.1)"," und 70 erhalten das Listenlabel BW-06. CASE 140, 158, 165, 190 und 206 erhalt"
187,"S06 Fragebogen A: Dekodierung, Fallkorre",158,Regel,"CASE-Nummer einer Fallkorrektur (FA § 1, PA § 3.1)","70 erhalten das Listenlabel BW-06. CASE 140, 158, 165, 190 und 206 erhalten da"
187,"S06 Fragebogen A: Dekodierung, Fallkorre",165,Regel,"CASE-Nummer einer Fallkorrektur (FA § 1, PA § 3.1)","halten das Listenlabel BW-06. CASE 140, 158, 165, 190 und 206 erhalten das Lis"
187,"S06 Fragebogen A: Dekodierung, Fallkorre",190,Regel,"CASE-Nummer einer Fallkorrektur (FA § 1, PA § 3.1)","n das Listenlabel BW-06. CASE 140, 158, 165, 190 und 206 erhalten das Listenla"
187,"S06 Fragebogen A: Dekodierung, Fallkorre",206,Regel,"CASE-Nummer einer Fallkorrektur (FA § 1, PA § 3.1)","stenlabel BW-06. CASE 140, 158, 165, 190 und 206 erhalten das Listenlabel BW-0"
187,"S06 Fragebogen A: Dekodierung, Fallkorre",12.09.,Datum,Dokumentdatum: Statuskennzeichen Plan 12.09. bzw. Verfasserangabe vom 12.09.,dem Inhalt bleiben zwei Meldungen (Verfasser 12.09.).
188,"S06 Fragebogen A: Dekodierung, Fallkorre",3,Gliederung,Nummer eines Listenpunkts,3. Analysecode = Zuordnungstabe
189,"S06 Fragebogen A: Dekodierung, Fallkorre",4,Gliederung,Nummer eines Listenpunkts,4. Status aus H004: 1 ganz · 2 
189,"S06 Fragebogen A: Dekodierung, Fallkorre",1,"Code, Index oder Formelkonstante","Wertebereich, Index, Merkmal oder Konstante der Formel an dieser Stelle (Datenformat 0.4, Codebuch, Formel des Schritts)",4. Status aus H004: 1 ganz · 2 teilweise · 3 gar ni
189,"S06 Fragebogen A: Dekodierung, Fallkorre",2,"Code, Index oder Formelkonstante","Wertebereich, Index, Merkmal oder Konstante der Formel an dieser Stelle (Datenformat 0.4, Codebuch, Formel des Schritts)",4. Status aus H004: 1 ganz · 2 teilweise · 3 gar nicht.
189,"S06 Fragebogen A: Dekodierung, Fallkorre",3,"Code, Index oder Formelkonstante","Wertebereich, Index, Merkmal oder Konstante der Formel an dieser Stelle (Datenformat 0.4, Codebuch, Formel des Schritts)",4. Status aus H004: 1 ganz · 2 teilweise · 3 gar nicht.
190,"S06 Fragebogen A: Dekodierung, Fallkorre",5,Gliederung,Nummer eines Listenpunkts,5. CR-10 = H005 − 1 (Codebuch: 
190,"S06 Fragebogen A: Dekodierung, Fallkorre",1,"Code, Index oder Formelkonstante","Wertebereich, Index, Merkmal oder Konstante der Formel an dieser Stelle (Datenformat 0.4, Codebuch, Formel des Schritts)",5. CR-10 = H005 − 1 (Codebuch: Stufen 0 bis 10 au
190,"S06 Fragebogen A: Dekodierung, Fallkorre",0,"Code, Index oder Formelkonstante","Wertebereich, Index, Merkmal oder Konstante der Formel an dieser Stelle (Datenformat 0.4, Codebuch, Formel des Schritts)",5. CR-10 = H005 − 1 (Codebuch: Stufen 0 bis 10 auf die Codes 1 bis 11
190,"S06 Fragebogen A: Dekodierung, Fallkorre",10,"Code, Index oder Formelkonstante","Wertebereich, Index, Merkmal oder Konstante der Formel an dieser Stelle (Datenformat 0.4, Codebuch, Formel des Schritts)",5. CR-10 = H005 − 1 (Codebuch: Stufen 0 bis 10 auf die Codes 1 bis 11).
190,"S06 Fragebogen A: Dekodierung, Fallkorre",1,"Code, Index oder Formelkonstante","Wertebereich, Index, Merkmal oder Konstante der Formel an dieser Stelle (Datenformat 0.4, Codebuch, Formel des Schritts)",− 1 (Codebuch: Stufen 0 bis 10 auf die Codes 1 bis 11).
190,"S06 Fragebogen A: Dekodierung, Fallkorre",11,Gliederung oder Fundstelle,"Nummer eines Abschnitts, Schritts oder Paragraphen einer Quelle",odebuch: Stufen 0 bis 10 auf die Codes 1 bis 11).
191,"S06 Fragebogen A: Dekodierung, Fallkorre",6,Gliederung,Nummer eines Listenpunkts,"6. Meldezeitpunkt = STARTED, al"
192,"S06 Fragebogen A: Dekodierung, Fallkorre",7,Gliederung,Nummer eines Listenpunkts,7. Programmwoche nach Kalenderr
192,"S06 Fragebogen A: Dekodierung, Fallkorre",00:00,Regel,"Uhrzeit oder Dauer, FA § 2","7. Programmwoche nach Kalenderregel, Montag 00:00 bis Sonntag 23:59:59 (FA § 2)"
192,"S06 Fragebogen A: Dekodierung, Fallkorre",23:59:59,Regel,"Uhrzeit oder Dauer, FA § 2","nach Kalenderregel, Montag 00:00 bis Sonntag 23:59:59 (FA § 2): W1 20.07. bis 26.07"
192,"S06 Fragebogen A: Dekodierung, Fallkorre",2,Fundstelle,Paragraph oder Abschnitt einer Projektquelle,"gel, Montag 00:00 bis Sonntag 23:59:59 (FA § 2): W1 20.07. bis 26.07.2026 · "
192,"S06 Fragebogen A: Dekodierung, Fallkorre",20.07.,Regel,"Programmwochen- oder Stichdatum, FA § 2",ntag 00:00 bis Sonntag 23:59:59 (FA § 2): W1 20.07. bis 26.07.2026 · W2 27.07. bi
192,"S06 Fragebogen A: Dekodierung, Fallkorre",26.07.2026,Regel,"Programmwochen- oder Stichdatum, FA § 2",bis Sonntag 23:59:59 (FA § 2): W1 20.07. bis 26.07.2026 · W2 27.07. bis 02.08. · W3 0
192,"S06 Fragebogen A: Dekodierung, Fallkorre",27.07.,Regel,"Programmwochen- oder Stichdatum, FA § 2",9:59 (FA § 2): W1 20.07. bis 26.07.2026 · W2 27.07. bis 02.08. · W3 03.08. bis 09
192,"S06 Fragebogen A: Dekodierung, Fallkorre",02.08.,Regel,"Programmwochen- oder Stichdatum, FA § 2",2): W1 20.07. bis 26.07.2026 · W2 27.07. bis 02.08. · W3 03.08. bis 09.08. · W4 1
192,"S06 Fragebogen A: Dekodierung, Fallkorre",03.08.,Regel,"Programmwochen- oder Stichdatum, FA § 2",. bis 26.07.2026 · W2 27.07. bis 02.08. · W3 03.08. bis 09.08. · W4 10.08. bis 16
192,"S06 Fragebogen A: Dekodierung, Fallkorre",09.08.,Regel,"Programmwochen- oder Stichdatum, FA § 2",.2026 · W2 27.07. bis 02.08. · W3 03.08. bis 09.08. · W4 10.08. bis 16.08. · W5 1
192,"S06 Fragebogen A: Dekodierung, Fallkorre",10.08.,Regel,"Programmwochen- oder Stichdatum, FA § 2",7.07. bis 02.08. · W3 03.08. bis 09.08. · W4 10.08. bis 16.08. · W5 17.08. bis 23
192,"S06 Fragebogen A: Dekodierung, Fallkorre",16.08.,Regel,"Programmwochen- oder Stichdatum, FA § 2",2.08. · W3 03.08. bis 09.08. · W4 10.08. bis 16.08. · W5 17.08. bis 23.08. · W6 2
192,"S06 Fragebogen A: Dekodierung, Fallkorre",17.08.,Regel,"Programmwochen- oder Stichdatum, FA § 2",3.08. bis 09.08. · W4 10.08. bis 16.08. · W5 17.08. bis 23.08. · W6 24.08. bis 30
192,"S06 Fragebogen A: Dekodierung, Fallkorre",23.08.,Regel,"Programmwochen- oder Stichdatum, FA § 2",9.08. · W4 10.08. bis 16.08. · W5 17.08. bis 23.08. · W6 24.08. bis 30.08.2026. E
192,"S06 Fragebogen A: Dekodierung, Fallkorre",24.08.,Regel,"Programmwochen- oder Stichdatum, FA § 2",0.08. bis 16.08. · W5 17.08. bis 23.08. · W6 24.08. bis 30.08.2026. Eine Meldung 
192,"S06 Fragebogen A: Dekodierung, Fallkorre",30.08.2026,Regel,"Programmwochen- oder Stichdatum, FA § 2",6.08. · W5 17.08. bis 23.08. · W6 24.08. bis 30.08.2026. Eine Meldung außerhalb von W
193,"S06 Fragebogen A: Dekodierung, Fallkorre",8,Gliederung,Nummer eines Listenpunkts,8. entfällt (Nachtrag 2). Keine
193,"S06 Fragebogen A: Dekodierung, Fallkorre",2,Gliederung,Nummer eines Nachtrags zur Spezifikation (Teil F),8. entfällt (Nachtrag 2). Keine Ausgabe verwendet die
194,"S06 Fragebogen A: Dekodierung, Fallkorre",9,Gliederung,Nummer eines Listenpunkts,9. Dubletten (FA § 1): Zwei Mel
194,"S06 Fragebogen A: Dekodierung, Fallkorre",1,Fundstelle,Paragraph oder Abschnitt einer Projektquelle,9. Dubletten (FA § 1): Zwei Meldungen desselben An
194,"S06 Fragebogen A: Dekodierung, Fallkorre",5,Regel,Abstand eines Dubletten- oder Sammelmeldungspaars (FA § 1),elben Analysecodes mit Abstand von höchstens 5 Minuten (STARTED) und identis
194,"S06 Fragebogen A: Dekodierung, Fallkorre",12.09.,Datum,Dokumentdatum: Statuskennzeichen Plan 12.09. bzw. Verfasserangabe vom 12.09.,"scht. Jede Meldung zählt (K7, Verfasserregel 12.09.: jede abgegebene Meldung zähl"
194,"S06 Fragebogen A: Dekodierung, Fallkorre",5,Regel,Abstand eines Dubletten- oder Sammelmeldungspaars (FA § 1),Zwei Meldungen desselben Codes mit höchstens 5 Minuten Abstand und abweichen
195,"S06 Fragebogen A: Dekodierung, Fallkorre",0,"Code, Index oder Formelkonstante","Wertebereich, Index, Merkmal oder Konstante der Formel an dieser Stelle (Datenformat 0.4, Codebuch, Formel des Schritts)","hl der zugeordneten Meldungen je IG-Spieler, 0 für Spieler ohne Meldung und "
199,"S07 Adhärenz, Belastung, unerwünschte Er",3,Fundstelle,Paragraph oder Abschnitt einer Projektquelle,**Status:** Antrag § 3 (Anzahl durchgeführter Einhei
199,"S07 Adhärenz, Belastung, unerwünschte Er",12.09.,Datum,Dokumentdatum: Statuskennzeichen Plan 12.09. bzw. Verfasserangabe vom 12.09.,"ten, Session-RPE auf der CR-10-Skala) · Plan 12.09. (Zählregeln, Untergrenzen, sR"
199,"S07 Adhärenz, Belastung, unerwünschte Er",2,Fundstelle,Paragraph oder Abschnitt einer Projektquelle,"nzen, sRPE-Load, deskriptive Kennwerte, FA § 2 bis § 5 und § 7, PA § 3.1) · "
199,"S07 Adhärenz, Belastung, unerwünschte Er",5,Fundstelle,Paragraph oder Abschnitt einer Projektquelle,"PE-Load, deskriptive Kennwerte, FA § 2 bis § 5 und § 7, PA § 3.1) · K9, K10,"
199,"S07 Adhärenz, Belastung, unerwünschte Er",7,Fundstelle,Paragraph oder Abschnitt einer Projektquelle," deskriptive Kennwerte, FA § 2 bis § 5 und § 7, PA § 3.1) · K9, K10, P2 und "
199,"S07 Adhärenz, Belastung, unerwünschte Er",3.1,Fundstelle,Paragraph oder Abschnitt einer Projektquelle,"tive Kennwerte, FA § 2 bis § 5 und § 7, PA § 3.1) · K9, K10, P2 und P4 nachträ"
199,"S07 Adhärenz, Belastung, unerwünschte Er",2,Gliederung,Nummer eines Nachtrags zur Spezifikation (Teil F),2 und P4 nachträglich · Umfang nach Nachtrag 2 (F.7).
202,"S07 Adhärenz, Belastung, unerwünschte Er",1,"Code, Index oder Formelkonstante","Wertebereich, Index, Merkmal oder Konstante der Formel an dieser Stelle (Datenformat 0.4, Codebuch, Formel des Schritts)","aten (Menge IG). Status-Mengen: ganz (H004 = 1), teilweise (2), gar nicht (3"
202,"S07 Adhärenz, Belastung, unerwünschte Er",2,"Code, Index oder Formelkonstante","Wertebereich, Index, Merkmal oder Konstante der Formel an dieser Stelle (Datenformat 0.4, Codebuch, Formel des Schritts)",". Status-Mengen: ganz (H004 = 1), teilweise (2), gar nicht (3), ganz oder te"
202,"S07 Adhärenz, Belastung, unerwünschte Er",3,"Code, Index oder Formelkonstante","Wertebereich, Index, Merkmal oder Konstante der Formel an dieser Stelle (Datenformat 0.4, Codebuch, Formel des Schritts)",": ganz (H004 = 1), teilweise (2), gar nicht (3), ganz oder teilweise (1 oder"
202,"S07 Adhärenz, Belastung, unerwünschte Er",1,"Code, Index oder Formelkonstante","Wertebereich, Index, Merkmal oder Konstante der Formel an dieser Stelle (Datenformat 0.4, Codebuch, Formel des Schritts)","ise (2), gar nicht (3), ganz oder teilweise (1 oder 2, in der FA „durchgefüh"
202,"S07 Adhärenz, Belastung, unerwünschte Er",2,"Code, Index oder Formelkonstante","Wertebereich, Index, Merkmal oder Konstante der Formel an dieser Stelle (Datenformat 0.4, Codebuch, Formel des Schritts)",", gar nicht (3), ganz oder teilweise (1 oder 2, in der FA „durchgeführt“, P2"
204,"S07 Adhärenz, Belastung, unerwünschte Er",1,Gliederung,Nummer eines Listenpunkts,1. `GANZ` Hauptzählung: Zahl de
204,"S07 Adhärenz, Belastung, unerwünschte Er",3.1,Fundstelle,Paragraph oder Abschnitt einer Projektquelle,ng: Zahl der Meldungen mit Status ganz (PA § 3.1).
205,"S07 Adhärenz, Belastung, unerwünschte Er",2,Gliederung,Nummer eines Listenpunkts,2. `GT` Beteiligung: Zahl der M
206,"S07 Adhärenz, Belastung, unerwünschte Er",3,Gliederung,Nummer eines Listenpunkts,3. `WOCAP` wochengedeckelt: Sum
206,"S07 Adhärenz, Belastung, unerwünschte Er",2,"Code, Index oder Formelkonstante","Wertebereich, Index, Merkmal oder Konstante der Formel an dieser Stelle (Datenformat 0.4, Codebuch, Formel des Schritts)","Summe über W1 bis W6 (Kalenderregel) von min(2, Zahl der Meldungen „ganz“ in"
207,"S07 Adhärenz, Belastung, unerwünschte Er",4,Gliederung,Nummer eines Listenpunkts,4. `DIST` distinkte Einheitennu
208,"S07 Adhärenz, Belastung, unerwünschte Er",5,Gliederung,Nummer eines Listenpunkts,5. IG-Spieler ohne Meldung erha
208,"S07 Adhärenz, Belastung, unerwünschte Er",0,"Code, Index oder Formelkonstante","Wertebereich, Index, Merkmal oder Konstante der Formel an dieser Stelle (Datenformat 0.4, Codebuch, Formel des Schritts)",ler ohne Meldung erhalten in allen Zählungen 0 (Nichteinhaltung). IG-Spieler
209,"S07 Adhärenz, Belastung, unerwünschte Er",6,Gliederung,Nummer eines Listenpunkts,6. Nenner: 12 angebotene Einhei
209,"S07 Adhärenz, Belastung, unerwünschte Er",12,Regel,angebotene Einheiten (PA § 3.1),6. Nenner: 12 angebotene Einheiten je Spiel
209,"S07 Adhärenz, Belastung, unerwünschte Er",12,Regel,angebotene Einheiten (PA § 3.1),"tzungsrate je Zählung = Summe der Zählung / (12 · n_zugeteilt), mit n_zugetei"
209,"S07 Adhärenz, Belastung, unerwünschte Er",0,"Code, Index oder Formelkonstante","Wertebereich, Index, Merkmal oder Konstante der Formel an dieser Stelle (Datenformat 0.4, Codebuch, Formel des Schritts)","mme, Rate, Verteilung, Median und Mittel mit 0 (K9, FA § 4)."
209,"S07 Adhärenz, Belastung, unerwünschte Er",4,Fundstelle,Paragraph oder Abschnitt einer Projektquelle,"erteilung, Median und Mittel mit 0 (K9, FA § 4)."
210,"S07 Adhärenz, Belastung, unerwünschte Er",7,Gliederung,Nummer eines Listenpunkts,7. Verteilung der Zählung `GANZ
210,"S07 Adhärenz, Belastung, unerwünschte Er",0,Code,Wertebereich (Codebuch H003 oder Zählwerte 0 bis 12),ugeteilten Spieler: Zahl der Spieler je Wert 0 bis 12 · Schwellenlandschaft 
210,"S07 Adhärenz, Belastung, unerwünschte Er",12,Code,Wertebereich (Codebuch H003 oder Zählwerte 0 bis 12),lten Spieler: Zahl der Spieler je Wert 0 bis 12 · Schwellenlandschaft = Zahl 
210,"S07 Adhärenz, Belastung, unerwünschte Er",1,Code,Wertebereich (Codebuch H003 oder Zählwerte 0 bis 12),t = Zahl der Spieler mit Zählung ≥ s für s = 1 bis 12 · Median und Mittel. F
210,"S07 Adhärenz, Belastung, unerwünschte Er",12,Code,Wertebereich (Codebuch H003 oder Zählwerte 0 bis 12),hl der Spieler mit Zählung ≥ s für s = 1 bis 12 · Median und Mittel. Für `WOC
210,"S07 Adhärenz, Belastung, unerwünschte Er",6,Regel,"Per-Protokoll- oder Teilungsschwelle (PA § 11.5, § 11.7, FA § 9)",DIST` nur die Zahl der Spieler mit Zählung ≥ 6 und ≥ 9. Dazu die Zahl der Sp
210,"S07 Adhärenz, Belastung, unerwünschte Er",9,Regel,"Antragskriterium (Antrag § 8, PA § 11.7)",r die Zahl der Spieler mit Zählung ≥ 6 und ≥ 9. Dazu die Zahl der Spieler mi
211,"S07 Adhärenz, Belastung, unerwünschte Er",2,Fundstelle,Paragraph oder Abschnitt einer Projektquelle,"**Regel, Zeitstruktur** (FA § 2 und § 4.4):"
211,"S07 Adhärenz, Belastung, unerwünschte Er",4.4,Fundstelle,Paragraph oder Abschnitt einer Projektquelle,"**Regel, Zeitstruktur** (FA § 2 und § 4.4):"
212,"S07 Adhärenz, Belastung, unerwünschte Er",8,Gliederung,Nummer eines Listenpunkts,8. Je Programmwoche (Kalenderre
212,"S07 Adhärenz, Belastung, unerwünschte Er",2,"Code, Index oder Formelkonstante","Wertebereich, Index, Merkmal oder Konstante der Formel an dieser Stelle (Datenformat 0.4, Codebuch, Formel des Schritts)",Wochenanteil = Meldungen „ganz“ der Woche / (2 · n_zugeteilt) (P4).
213,"S07 Adhärenz, Belastung, unerwünschte Er",9,Gliederung,Nummer eines Listenpunkts,9. entfällt (Nachtrag 2).
213,"S07 Adhärenz, Belastung, unerwünschte Er",2,Gliederung,Nummer eines Nachtrags zur Spezifikation (Teil F),9. entfällt (Nachtrag 2).
214,"S07 Adhärenz, Belastung, unerwünschte Er",10,Gliederung,Nummer eines Listenpunkts,10. entfällt (Nachtrag 2).
214,"S07 Adhärenz, Belastung, unerwünschte Er",2,Gliederung,Nummer eines Nachtrags zur Spezifikation (Teil F),10. entfällt (Nachtrag 2).
215,"S07 Adhärenz, Belastung, unerwünschte Er",3,Fundstelle,Paragraph oder Abschnitt einer Projektquelle,"**Regel, Belastung** (Antrag § 3, FA § 5):"
215,"S07 Adhärenz, Belastung, unerwünschte Er",5,Fundstelle,Paragraph oder Abschnitt einer Projektquelle,"**Regel, Belastung** (Antrag § 3, FA § 5):"
216,"S07 Adhärenz, Belastung, unerwünschte Er",11,Gliederung,Nummer eines Listenpunkts,11. CR-10 der Meldungen „ganz“: 
217,"S07 Adhärenz, Belastung, unerwünschte Er",12,Gliederung,Nummer eines Listenpunkts,"12. sRPE-Load (Foster et al., 20"
217,"S07 Adhärenz, Belastung, unerwünschte Er",2001,Fundstelle,Erscheinungsjahr einer Quelle,"12. sRPE-Load (Foster et al., 2001, im Antrag genannt) nur für M"
217,"S07 Adhärenz, Belastung, unerwünschte Er",5,Fundstelle,Paragraph oder Abschnitt einer Projektquelle,"erregel (Wochenvideo plus Aufwärmvideo, FA § 5): W1 37:09 · W2 36:55 · W3 33"
217,"S07 Adhärenz, Belastung, unerwünschte Er",37:09,Regel,"Uhrzeit oder Dauer, FA § 5"," (Wochenvideo plus Aufwärmvideo, FA § 5): W1 37:09 · W2 36:55 · W3 33:10 · W4 34"
217,"S07 Adhärenz, Belastung, unerwünschte Er",36:55,Regel,"Uhrzeit oder Dauer, FA § 5","eo plus Aufwärmvideo, FA § 5): W1 37:09 · W2 36:55 · W3 33:10 · W4 34:48 · W5 39"
217,"S07 Adhärenz, Belastung, unerwünschte Er",33:10,Regel,"Uhrzeit oder Dauer, FA § 5","wärmvideo, FA § 5): W1 37:09 · W2 36:55 · W3 33:10 · W4 34:48 · W5 39:56 · W6 40"
217,"S07 Adhärenz, Belastung, unerwünschte Er",34:48,Regel,"Uhrzeit oder Dauer, FA § 5",FA § 5): W1 37:09 · W2 36:55 · W3 33:10 · W4 34:48 · W5 39:56 · W6 40:07 (min:s)
217,"S07 Adhärenz, Belastung, unerwünschte Er",39:56,Regel,"Uhrzeit oder Dauer, FA § 5", 37:09 · W2 36:55 · W3 33:10 · W4 34:48 · W5 39:56 · W6 40:07 (min:s). Dauer in 
217,"S07 Adhärenz, Belastung, unerwünschte Er",40:07,Regel,"Uhrzeit oder Dauer, FA § 5", 36:55 · W3 33:10 · W4 34:48 · W5 39:56 · W6 40:07 (min:s). Dauer in Minuten = M
217,"S07 Adhärenz, Belastung, unerwünschte Er",60,Formelkonstante,Sekunden je Minute,"in:s). Dauer in Minuten = Minuten + Sekunden/60. Einheit AU. n, M, SD, Median"
219,"S07 Adhärenz, Belastung, unerwünschte Er",13,Gliederung,Nummer eines Listenpunkts,13. Unerwünschte Ereignisse (CON
219,"S07 Adhärenz, Belastung, unerwünschte Er",19,Fundstelle,"Tabellen-, Abschnitts-, Spalten- oder Itemnummer einer Quelle","13. Unerwünschte Ereignisse (CONSORT Item 19, Moher et al., 2010, FA § 7):"
219,"S07 Adhärenz, Belastung, unerwünschte Er",2010,Fundstelle,Erscheinungsjahr einer Quelle,"e Ereignisse (CONSORT Item 19, Moher et al., 2010, FA § 7): Meldungen mit H007 "
219,"S07 Adhärenz, Belastung, unerwünschte Er",7,Fundstelle,Paragraph oder Abschnitt einer Projektquelle,"e (CONSORT Item 19, Moher et al., 2010, FA § 7): Meldungen mit H007 = 1. Zah"
219,"S07 Adhärenz, Belastung, unerwünschte Er",1,"Code, Index oder Formelkonstante","Wertebereich, Index, Merkmal oder Konstante der Formel an dieser Stelle (Datenformat 0.4, Codebuch, Formel des Schritts)"," et al., 2010, FA § 7): Meldungen mit H007 = 1. Zahl gesamt und je Status so"
219,"S07 Adhärenz, Belastung, unerwünschte Er",3,Fundstelle,Paragraph oder Abschnitt einer Projektquelle,"r IG, die KG hatte kein Instrument (Antrag § 3)."
220,"S07 Adhärenz, Belastung, unerwünschte Er",14,Gliederung,Nummer eines Listenpunkts,14. bis 22. entfallen (Nachtrag 
220,"S07 Adhärenz, Belastung, unerwünschte Er",22,Gliederung,Nummer eines Listenpunkts,14. bis 22. entfallen (Nachtrag 2).
220,"S07 Adhärenz, Belastung, unerwünschte Er",2,Gliederung,Nummer eines Nachtrags zur Spezifikation (Teil F),14. bis 22. entfallen (Nachtrag 2).
229,"S08 Analysesets, Nenner, Teilnehmerfluss",12.09.,Datum,Dokumentdatum: Statuskennzeichen Plan 12.09. bzw. Verfasserangabe vom 12.09.,**Status:** Plan 12.09. (Auswertungsplan § 2 B4 und B
229,"S08 Analysesets, Nenner, Teilnehmerfluss",2,Fundstelle,Paragraph oder Abschnitt einer Projektquelle,"**Status:** Plan 12.09. (Auswertungsplan § 2 B4 und B9, § 5.3, PA § 11.7 u"
229,"S08 Analysesets, Nenner, Teilnehmerfluss",5.3,Fundstelle,Paragraph oder Abschnitt einer Projektquelle,"lan 12.09. (Auswertungsplan § 2 B4 und B9, § 5.3, PA § 11.7 und § 11.9) · K27 "
229,"S08 Analysesets, Nenner, Teilnehmerfluss",11.7,Fundstelle,Paragraph oder Abschnitt einer Projektquelle," (Auswertungsplan § 2 B4 und B9, § 5.3, PA § 11.7 und § 11.9) · K27 nachträglic"
229,"S08 Analysesets, Nenner, Teilnehmerfluss",11.9,Fundstelle,Paragraph oder Abschnitt einer Projektquelle,"gsplan § 2 B4 und B9, § 5.3, PA § 11.7 und § 11.9) · K27 nachträglich · Regeln "
229,"S08 Analysesets, Nenner, Teilnehmerfluss",8,Gliederung,"Verweis auf Regel, Schritt, Phase, Fassung oder Abschnitt",11.7 und § 11.9) · K27 nachträglich · Regeln 8 und 11 nach Nachtrag 2 (F.7).
229,"S08 Analysesets, Nenner, Teilnehmerfluss",11,Gliederung,"Verweis auf Regel, Schritt, Phase, Fassung oder Abschnitt",nd § 11.9) · K27 nachträglich · Regeln 8 und 11 nach Nachtrag 2 (F.7).
229,"S08 Analysesets, Nenner, Teilnehmerfluss",2,Gliederung,Nummer eines Nachtrags zur Spezifikation (Teil F),nachträglich · Regeln 8 und 11 nach Nachtrag 2 (F.7).
233,"S08 Analysesets, Nenner, Teilnehmerfluss",1,Gliederung,Nummer eines Listenpunkts,1. ITT-Set je Zielgröße Z ∈ {Z0
234,"S08 Analysesets, Nenner, Teilnehmerfluss",2,Gliederung,Nummer eines Listenpunkts,2. Rolle der Zielgrößen (Auswer
234,"S08 Analysesets, Nenner, Teilnehmerfluss",2,Fundstelle,Paragraph oder Abschnitt einer Projektquelle,"2. Rolle der Zielgrößen (Auswertungsplan § 2, PA § 11.9): konfirmatorisch "
234,"S08 Analysesets, Nenner, Teilnehmerfluss",11.9,Fundstelle,Paragraph oder Abschnitt einer Projektquelle,"le der Zielgrößen (Auswertungsplan § 2, PA § 11.9): konfirmatorisch Z30, CM, SB"
234,"S08 Analysesets, Nenner, Teilnehmerfluss",4,Gliederung,"Verweis auf Regel, Schritt, Phase, Fassung oder Abschnitt",d kein Modell gerechnet. Die Sets der Regeln 4 bis 6 werden nur für die konf
234,"S08 Analysesets, Nenner, Teilnehmerfluss",6,Gliederung,"Verweis auf Regel, Schritt, Phase, Fassung oder Abschnitt", Modell gerechnet. Die Sets der Regeln 4 bis 6 werden nur für die konfirmato
235,"S08 Analysesets, Nenner, Teilnehmerfluss",3,Gliederung,Nummer eines Listenpunkts,3. Fallzahlregel (PA § 11.9): E
235,"S08 Analysesets, Nenner, Teilnehmerfluss",11.9,Fundstelle,Paragraph oder Abschnitt einer Projektquelle,3. Fallzahlregel (PA § 11.9): Eine Analyse ist inferenzfä
235,"S08 Analysesets, Nenner, Teilnehmerfluss",8,Regel,Fallzahlregel (PA § 11.9)," ist inferenzfähig, wenn in ihrem Set n_IG ≥ 8 und n_KG ≥ 8 gilt. Sonst werd"
235,"S08 Analysesets, Nenner, Teilnehmerfluss",8,Regel,Fallzahlregel (PA § 11.9),"fähig, wenn in ihrem Set n_IG ≥ 8 und n_KG ≥ 8 gilt. Sonst werden für sie nu"
235,"S08 Analysesets, Nenner, Teilnehmerfluss",1,"Code, Index oder Formelkonstante","Wertebereich, Index, Merkmal oder Konstante der Formel an dieser Stelle (Datenformat 0.4, Codebuch, Formel des Schritts)","is S17 und für S19. Ausgabe als Merkmal INF (1 inferenzfähig, 0 nicht). Die "
235,"S08 Analysesets, Nenner, Teilnehmerfluss",0,"Code, Index oder Formelkonstante","Wertebereich, Index, Merkmal oder Konstante der Formel an dieser Stelle (Datenformat 0.4, Codebuch, Formel des Schritts)","9. Ausgabe als Merkmal INF (1 inferenzfähig, 0 nicht). Die Analysen `MW`, `A"
236,"S08 Analysesets, Nenner, Teilnehmerfluss",4,Gliederung,Nummer eines Listenpunkts,4. Per-Protokoll-Sets (PA § 11.
236,"S08 Analysesets, Nenner, Teilnehmerfluss",11.7,Fundstelle,Paragraph oder Abschnitt einer Projektquelle,"4. Per-Protokoll-Sets (PA § 11.7, Schwelle ≥ 6 festgelegt am 1"
236,"S08 Analysesets, Nenner, Teilnehmerfluss",6,Regel,"Per-Protokoll- oder Teilungsschwelle (PA § 11.5, § 11.7, FA § 9)","4. Per-Protokoll-Sets (PA § 11.7, Schwelle ≥ 6 festgelegt am 11.09.2026, ≥ 5"
236,"S08 Analysesets, Nenner, Teilnehmerfluss",11.09.2026,Datum,Dokumentdatum: Datum der Per-Protokoll-Festlegung (PA § 11.7),"-Sets (PA § 11.7, Schwelle ≥ 6 festgelegt am 11.09.2026, ≥ 5 und ≥ 7 als Sensitivität"
236,"S08 Analysesets, Nenner, Teilnehmerfluss",5,Regel,"Per-Protokoll- oder Teilungsschwelle (PA § 11.5, § 11.7, FA § 9)",".7, Schwelle ≥ 6 festgelegt am 11.09.2026, ≥ 5 und ≥ 7 als Sensitivität): PP"
236,"S08 Analysesets, Nenner, Teilnehmerfluss",7,Regel,"Per-Protokoll- oder Teilungsschwelle (PA § 11.5, § 11.7, FA § 9)","elle ≥ 6 festgelegt am 11.09.2026, ≥ 5 und ≥ 7 als Sensitivität): PP_s = ITT"
236,"S08 Analysesets, Nenner, Teilnehmerfluss",5,Regel,"Per-Protokoll- oder Teilungsschwelle (PA § 11.5, § 11.7, FA § 9)"," KG-Spieler ∪ IG-Spieler mit GANZ ≥ s), s ∈ {5, 6, 7}. IG-Spieler mit fehlen"
236,"S08 Analysesets, Nenner, Teilnehmerfluss",6,Regel,"Per-Protokoll- oder Teilungsschwelle (PA § 11.5, § 11.7, FA § 9)","-Spieler ∪ IG-Spieler mit GANZ ≥ s), s ∈ {5, 6, 7}. IG-Spieler mit fehlender"
236,"S08 Analysesets, Nenner, Teilnehmerfluss",7,Regel,"Per-Protokoll- oder Teilungsschwelle (PA § 11.5, § 11.7, FA § 9)","ieler ∪ IG-Spieler mit GANZ ≥ s), s ∈ {5, 6, 7}. IG-Spieler mit fehlender Ad"
237,"S08 Analysesets, Nenner, Teilnehmerfluss",5,Gliederung,Nummer eines Listenpunkts,5. Antragskriterium (Antrag § 8
237,"S08 Analysesets, Nenner, Teilnehmerfluss",8,Fundstelle,Paragraph oder Abschnitt einer Projektquelle,5. Antragskriterium (Antrag § 8: Adherence unter 75 % der vor
237,"S08 Analysesets, Nenner, Teilnehmerfluss",75,Regel,Antrag § 8 (Antragskriterium),ntragskriterium (Antrag § 8: Adherence unter 75 % der vorgesehenen Einheiten)
237,"S08 Analysesets, Nenner, Teilnehmerfluss",9,Regel,"Antragskriterium (Antrag § 8, PA § 11.7)","n): AK9 = IG-Spieler des ITT-Sets mit GANZ ≥ 9. Nur Einzelwerte, keine Infer"
237,"S08 Analysesets, Nenner, Teilnehmerfluss",5.3,Fundstelle,Paragraph oder Abschnitt einer Projektquelle,"nzelwerte, keine Inferenz (Auswertungsplan § 5.3)."
238,"S08 Analysesets, Nenner, Teilnehmerfluss",6,Gliederung,Nummer eines Listenpunkts,6. Familiarisierungsset FAMS je
239,"S08 Analysesets, Nenner, Teilnehmerfluss",7,Gliederung,Nummer eines Listenpunkts,7. Mitgliedschaft je Spieler al
239,"S08 Analysesets, Nenner, Teilnehmerfluss",0,"Code, Index oder Formelkonstante","Wertebereich, Index, Merkmal oder Konstante der Formel an dieser Stelle (Datenformat 0.4, Codebuch, Formel des Schritts)",7. Mitgliedschaft je Spieler als Merkmal 0 oder 1: ITT für alle sieben Z
239,"S08 Analysesets, Nenner, Teilnehmerfluss",1,"Code, Index oder Formelkonstante","Wertebereich, Index, Merkmal oder Konstante der Formel an dieser Stelle (Datenformat 0.4, Codebuch, Formel des Schritts)",Mitgliedschaft je Spieler als Merkmal 0 oder 1: ITT für alle sieben Zielgröß
240,"S08 Analysesets, Nenner, Teilnehmerfluss",8,Gliederung,Nummer eines Listenpunkts,8. Teilnehmerfluss je Gruppe un
241,"S08 Analysesets, Nenner, Teilnehmerfluss",9,Gliederung,Nummer eines Listenpunkts,9. Klassen nach CONSORT Box 6 (
241,"S08 Analysesets, Nenner, Teilnehmerfluss",6,Fundstelle,"Tabellen-, Abschnitts-, Spalten- oder Itemnummer einer Quelle","9. Klassen nach CONSORT Box 6 (PA § 11.7), je Gruppe gezähl"
241,"S08 Analysesets, Nenner, Teilnehmerfluss",11.7,Fundstelle,Paragraph oder Abschnitt einer Projektquelle,"9. Klassen nach CONSORT Box 6 (PA § 11.7), je Gruppe gezählt, nicht ex"
241,"S08 Analysesets, Nenner, Teilnehmerfluss",6,Regel,"Per-Protokoll- oder Teilungsschwelle (PA § 11.5, § 11.7, FA § 9)","siv: Nichteinhaltung = IG-Spieler mit GANZ < 6, einschließlich GANZ = 0, Spi"
241,"S08 Analysesets, Nenner, Teilnehmerfluss",0,"Code, Index oder Formelkonstante","Wertebereich, Index, Merkmal oder Konstante der Formel an dieser Stelle (Datenformat 0.4, Codebuch, Formel des Schritts)","-Spieler mit GANZ < 6, einschließlich GANZ = 0, Spieler mit fehlender Adhäre"
242,"S08 Analysesets, Nenner, Teilnehmerfluss",10,Gliederung,Nummer eines Listenpunkts,10. Erhebungs- und Attritionsant
243,"S08 Analysesets, Nenner, Teilnehmerfluss",11,Gliederung,Nummer eines Listenpunkts,11. Analysepopulation ANA (Nacht
243,"S08 Analysesets, Nenner, Teilnehmerfluss",2,Gliederung,Nummer eines Nachtrags zur Spezifikation (Teil F),"11. Analysepopulation ANA (Nachtrag 2): alle Spieler, die im ITT-Se"
243,"S08 Analysesets, Nenner, Teilnehmerfluss",1,Gliederung,"Verweis auf Regel, Schritt, Phase, Fassung oder Abschnitt",nur der Stichprobenbeschreibung in S12 Regel 1.
244,"S08 Analysesets, Nenner, Teilnehmerfluss",6,Fundstelle,"Tabellen-, Abschnitts-, Spalten- oder Itemnummer einer Quelle","G,KG}.X`, `S08.FLOPAH.PAH.X.{IG,KG}.X` · Box 6 `S08.{B6NE,B6NEKM,B6IF}.X.X.I"
248,S09 Versuchszahlen,12.09.,Datum,Dokumentdatum: Statuskennzeichen Plan 12.09. bzw. Verfasserangabe vom 12.09.,**Status:** Plan 12.09. (Auswertungsplan § 2 B1 und B
248,S09 Versuchszahlen,2,Fundstelle,Paragraph oder Abschnitt einer Projektquelle,"**Status:** Plan 12.09. (Auswertungsplan § 2 B1 und B2, PA § 3.1, Versuchs"
248,S09 Versuchszahlen,3.1,Fundstelle,Paragraph oder Abschnitt einer Projektquelle," 12.09. (Auswertungsplan § 2 B1 und B2, PA § 3.1, Versuchszahl-Protokollbefund"
248,S09 Versuchszahlen,2,Fundstelle,Paragraph oder Abschnitt einer Projektquelle,"B2, PA § 3.1, Versuchszahl-Protokollbefund § 2 und § 3) · Umfang nach Nachtr"
248,S09 Versuchszahlen,3,Fundstelle,Paragraph oder Abschnitt einer Projektquelle," 3.1, Versuchszahl-Protokollbefund § 2 und § 3) · Umfang nach Nachtrag 2 (F."
248,S09 Versuchszahlen,2,Gliederung,Nummer eines Nachtrags zur Spezifikation (Teil F),llbefund § 2 und § 3) · Umfang nach Nachtrag 2 (F.7).
252,S09 Versuchszahlen,1,Gliederung,Nummer eines Listenpunkts,1. Bezugsmenge je Zeitpunkt: Sp
253,S09 Versuchszahlen,2,Gliederung,Nummer eines Listenpunkts,2. Mittlere Zahl gültiger Versu
254,S09 Versuchszahlen,3,Gliederung,Nummer eines Listenpunkts,3. entfällt (Nachtrag 2).
254,S09 Versuchszahlen,2,Gliederung,Nummer eines Nachtrags zur Spezifikation (Teil F),3. entfällt (Nachtrag 2).
255,S09 Versuchszahlen,4,Gliederung,Nummer eines Listenpunkts,4. entfällt (Nachtrag 2).
255,S09 Versuchszahlen,2,Gliederung,Nummer eines Nachtrags zur Spezifikation (Teil F),4. entfällt (Nachtrag 2).
264,"S10 Typischer Messfehler, SESOI und abge",12.09.,Datum,Dokumentdatum: Statuskennzeichen Plan 12.09. bzw. Verfasserangabe vom 12.09.,"**Status:** Plan 12.09. (Auswertungsplan § 2 B3, PA §"
264,"S10 Typischer Messfehler, SESOI und abge",2,Fundstelle,Paragraph oder Abschnitt einer Projektquelle,"**Status:** Plan 12.09. (Auswertungsplan § 2 B3, PA § 11.3, Hopkins, 2000)"
264,"S10 Typischer Messfehler, SESOI und abge",11.3,Fundstelle,Paragraph oder Abschnitt einer Projektquelle,"** Plan 12.09. (Auswertungsplan § 2 B3, PA § 11.3, Hopkins, 2000) · Definitione"
264,"S10 Typischer Messfehler, SESOI und abge",2000,Fundstelle,Erscheinungsjahr einer Quelle,"(Auswertungsplan § 2 B3, PA § 11.3, Hopkins, 2000) · Definitionen von TE und S,"
264,"S10 Typischer Messfehler, SESOI und abge",2,Gliederung,Nummer eines Nachtrags zur Spezifikation (Teil F),"5, O6, K12, K13, K15) · Umfang nach Nachtrag 2 (F.7)."
267,"S10 Typischer Messfehler, SESOI und abge",11.3,Fundstelle,Paragraph oder Abschnitt einer Projektquelle,"usätzlich TE je Verein, nur deskriptiv (PA § 11.3)."
269,"S10 Typischer Messfehler, SESOI und abge",1,Gliederung,Nummer eines Listenpunkts,1. TE-Menge: Spieler mit k ≥ 2.
269,"S10 Typischer Messfehler, SESOI und abge",2,"Code, Index oder Formelkonstante","Wertebereich, Index, Merkmal oder Konstante der Formel an dieser Stelle (Datenformat 0.4, Codebuch, Formel des Schritts)",1. TE-Menge: Spieler mit k ≥ 2. TE = √( Σ_i Σ_j (x_ij − x̄_i
269,"S10 Typischer Messfehler, SESOI und abge",1,"Code, Index oder Formelkonstante","Wertebereich, Index, Merkmal oder Konstante der Formel an dieser Stelle (Datenformat 0.4, Codebuch, Formel des Schritts)"," TE = √( Σ_i Σ_j (x_ij − x̄_i)² / Σ_i (k_i − 1) ), x̄_i Mittel der gültigen "
269,"S10 Typischer Messfehler, SESOI und abge",1,"Code, Index oder Formelkonstante","Wertebereich, Index, Merkmal oder Konstante der Formel an dieser Stelle (Datenformat 0.4, Codebuch, Formel des Schritts)","lte Innerspieler-SD, O5). df_TE = Σ_i (k_i − 1)."
270,"S10 Typischer Messfehler, SESOI und abge",2,Gliederung,Nummer eines Listenpunkts,2. Seitenmittel CM (K15): Je Sp
270,"S10 Typischer Messfehler, SESOI und abge",2,"Code, Index oder Formelkonstante","Wertebereich, Index, Merkmal oder Konstante der Formel an dieser Stelle (Datenformat 0.4, Codebuch, Formel des Schritts)",den Seiten gültig sind. m_ij = (L_ij + R_ij)/2. TE_CM nach Regel 1 aus den m
270,"S10 Typischer Messfehler, SESOI und abge",1,Gliederung,"Verweis auf Regel, Schritt, Phase, Fassung oder Abschnitt","nd. m_ij = (L_ij + R_ij)/2. TE_CM nach Regel 1 aus den m_ij, TE-Menge = Spie"
271,"S10 Typischer Messfehler, SESOI und abge",3,Gliederung,Nummer eines Listenpunkts,"3. 95-%-KI des TE, gleichendig "
271,"S10 Typischer Messfehler, SESOI und abge",95,Formelkonstante,"Konfidenz- oder Quantilpunkt (95-%-KI, PA § 11.2, § 11.4, α = 0,05)","3. 95-%-KI des TE, gleichendig aus "
271,"S10 Typischer Messfehler, SESOI und abge",2000,Fundstelle,Erscheinungsjahr einer Quelle," gleichendig aus der χ²-Verteilung (Hopkins, 2000, S. 13, K12): untere Grenze T"
271,"S10 Typischer Messfehler, SESOI und abge",13,Fundstelle,Seitenzahl einer Quelle,"dig aus der χ²-Verteilung (Hopkins, 2000, S. 13, K12): untere Grenze TE·√(df_"
271,"S10 Typischer Messfehler, SESOI und abge","0,975",Formelkonstante,"Konfidenz- oder Quantilpunkt (95-%-KI, PA § 11.2, § 11.4, α = 0,05)",". 13, K12): untere Grenze TE·√(df_TE / χ²_df(0,975)), obere Grenze TE·√(df_TE / "
271,"S10 Typischer Messfehler, SESOI und abge","0,025",Formelkonstante,"Konfidenz- oder Quantilpunkt (95-%-KI, PA § 11.2, § 11.4, α = 0,05)","_df(0,975)), obere Grenze TE·√(df_TE / χ²_df(0,025)) mit df = df_TE."
272,"S10 Typischer Messfehler, SESOI und abge",4,Gliederung,Nummer eines Listenpunkts,"4. CV, nur prä (Hopkins, 2000, "
272,"S10 Typischer Messfehler, SESOI und abge",2000,Fundstelle,Erscheinungsjahr einer Quelle,"4. CV, nur prä (Hopkins, 2000, S. 12, K13): CV = 100 · TE /"
272,"S10 Typischer Messfehler, SESOI und abge",12,Fundstelle,Seitenzahl einer Quelle,"4. CV, nur prä (Hopkins, 2000, S. 12, K13): CV = 100 · TE / x̄_TE "
272,"S10 Typischer Messfehler, SESOI und abge",100,Formelkonstante,Umrechnung in Prozent,"V, nur prä (Hopkins, 2000, S. 12, K13): CV = 100 · TE / x̄_TE mit x̄_TE = Mitt"
273,"S10 Typischer Messfehler, SESOI und abge",5,Gliederung,Nummer eines Listenpunkts,"5. Zwischen-Athleten-SD (O6), n"
274,"S10 Typischer Messfehler, SESOI und abge",6,Gliederung,Nummer eines Listenpunkts,"6. SESOI = 0,2 · S (PA § 11.3, "
274,"S10 Typischer Messfehler, SESOI und abge","0,2",Regel,"PA § 11.3, Hopkins (2000), S. 8, Cohen (1988), S. 25 (SESOI-Faktor)","6. SESOI = 0,2 · S (PA § 11.3, Hopkins, 2000"
274,"S10 Typischer Messfehler, SESOI und abge",11.3,Fundstelle,Paragraph oder Abschnitt einer Projektquelle,"6. SESOI = 0,2 · S (PA § 11.3, Hopkins, 2000, S. 8, dort na"
274,"S10 Typischer Messfehler, SESOI und abge",2000,Fundstelle,Erscheinungsjahr einer Quelle,"6. SESOI = 0,2 · S (PA § 11.3, Hopkins, 2000, S. 8, dort nach Cohen, 1988,"
274,"S10 Typischer Messfehler, SESOI und abge",8,Fundstelle,Seitenzahl einer Quelle,"ESOI = 0,2 · S (PA § 11.3, Hopkins, 2000, S. 8, dort nach Cohen, 1988, S. 25"
274,"S10 Typischer Messfehler, SESOI und abge",1988,Fundstelle,Erscheinungsjahr einer Quelle," 11.3, Hopkins, 2000, S. 8, dort nach Cohen, 1988, S. 25), nur prä."
274,"S10 Typischer Messfehler, SESOI und abge",25,Fundstelle,Seitenzahl einer Quelle,"pkins, 2000, S. 8, dort nach Cohen, 1988, S. 25), nur prä."
275,"S10 Typischer Messfehler, SESOI und abge",7,Gliederung,Nummer eines Listenpunkts,7. entfällt (Nachtrag 2).
275,"S10 Typischer Messfehler, SESOI und abge",2,Gliederung,Nummer eines Nachtrags zur Spezifikation (Teil F),7. entfällt (Nachtrag 2).
276,"S10 Typischer Messfehler, SESOI und abge",8,Gliederung,Nummer eines Listenpunkts,"8. Verhältnis RTS = TE / SESOI,"
277,"S10 Typischer Messfehler, SESOI und abge",9,Gliederung,Nummer eines Listenpunkts,"9. Merkmal (PA § 11.3), nur prä"
277,"S10 Typischer Messfehler, SESOI und abge",11.3,Fundstelle,Paragraph oder Abschnitt einer Projektquelle,"9. Merkmal (PA § 11.3), nur prä: FLEINZ = 1, wenn T"
277,"S10 Typischer Messfehler, SESOI und abge",1,"Code, Index oder Formelkonstante","Wertebereich, Index, Merkmal oder Konstante der Formel an dieser Stelle (Datenformat 0.4, Codebuch, Formel des Schritts)","9. Merkmal (PA § 11.3), nur prä: FLEINZ = 1, wenn TE > SESOI (dann keine "
278,"S10 Typischer Messfehler, SESOI und abge",10,Gliederung,Nummer eines Listenpunkts,"10. Je Verein (VA, VB, VC) und Z"
278,"S10 Typischer Messfehler, SESOI und abge",1,Gliederung,"Verweis auf Regel, Schritt, Phase, Fassung oder Abschnitt",und Zahl der Spieler der TE-Menge nach Regel 1 und 2.
278,"S10 Typischer Messfehler, SESOI und abge",2,"Code, Index oder Formelkonstante","Wertebereich, Index, Merkmal oder Konstante der Formel an dieser Stelle (Datenformat 0.4, Codebuch, Formel des Schritts)",hl der Spieler der TE-Menge nach Regel 1 und 2.
285,"S11 Bestwert-Bias, gemessen",12.09.,Datum,Dokumentdatum: Statuskennzeichen Plan 12.09. bzw. Verfasserangabe vom 12.09.,"**Status:** Plan 12.09. (PA § 11.8, Versuchszahl-Prot"
285,"S11 Bestwert-Bias, gemessen",11.8,Fundstelle,Paragraph oder Abschnitt einer Projektquelle,"**Status:** Plan 12.09. (PA § 11.8, Versuchszahl-Protokollbefund"
285,"S11 Bestwert-Bias, gemessen",4,Fundstelle,Paragraph oder Abschnitt einer Projektquelle,". (PA § 11.8, Versuchszahl-Protokollbefund § 4)."
288,"S11 Bestwert-Bias, gemessen",1,"Code, Index oder Formelkonstante","Wertebereich, Index, Merkmal oder Konstante der Formel an dieser Stelle (Datenformat 0.4, Codebuch, Formel des Schritts)","itpunkt, alle Spieler mit gültigen Versuchen 1, 2 und 3: Δ_i = best(x_i1, x_"
288,"S11 Bestwert-Bias, gemessen",2,"Code, Index oder Formelkonstante","Wertebereich, Index, Merkmal oder Konstante der Formel an dieser Stelle (Datenformat 0.4, Codebuch, Formel des Schritts)","unkt, alle Spieler mit gültigen Versuchen 1, 2 und 3: Δ_i = best(x_i1, x_i2,"
288,"S11 Bestwert-Bias, gemessen",3,"Code, Index oder Formelkonstante","Wertebereich, Index, Merkmal oder Konstante der Formel an dieser Stelle (Datenformat 0.4, Codebuch, Formel des Schritts)","alle Spieler mit gültigen Versuchen 1, 2 und 3: Δ_i = best(x_i1, x_i2, x_i3)"
297,"S12 Stichprobe, Ausgangswerte, Prä und P",12.09.,Datum,Dokumentdatum: Statuskennzeichen Plan 12.09. bzw. Verfasserangabe vom 12.09.,**Status:** Plan 12.09. (Auswertungsplan § 2 B5 und B
297,"S12 Stichprobe, Ausgangswerte, Prä und P",2,Fundstelle,Paragraph oder Abschnitt einer Projektquelle,"**Status:** Plan 12.09. (Auswertungsplan § 2 B5 und B6, Tab. 1 „Baseline-V"
297,"S12 Stichprobe, Ausgangswerte, Prä und P",1,Fundstelle,"Tabellen-, Abschnitts-, Spalten- oder Itemnummer einer Quelle"," 12.09. (Auswertungsplan § 2 B5 und B6, Tab. 1 „Baseline-Vergleich: kein Tes"
297,"S12 Stichprobe, Ausgangswerte, Prä und P",11.9,Fundstelle,Paragraph oder Abschnitt einer Projektquelle,"Tab. 1 „Baseline-Vergleich: kein Test“, PA § 11.9) · K26 und K29 nachträglich ·"
297,"S12 Stichprobe, Ausgangswerte, Prä und P",2,Gliederung,Nummer eines Nachtrags zur Spezifikation (Teil F),Menge ANA statt K30 und Umfang nach Nachtrag 2 (F.7).
301,"S12 Stichprobe, Ausgangswerte, Prä und P",1,Gliederung,Nummer eines Listenpunkts,1. Stichprobe je Gruppe in der 
301,"S12 Stichprobe, Ausgangswerte, Prä und P",11,Gliederung,"Verweis auf Regel, Schritt, Phase, Fassung oder Abschnitt","e Gruppe in der Analysepopulation (S08 Regel 11, Feld MENGE `ANAIG`, `ANAKG`)"
301,"S12 Stichprobe, Ausgangswerte, Prä und P",1,"Code, Index oder Formelkonstante","Wertebereich, Index, Merkmal oder Konstante der Formel an dieser Stelle (Datenformat 0.4, Codebuch, Formel des Schritts)"," PAH. Familiarisierung: Zahl der Spieler mit 1, mit 2 und mit fehlender Anga"
301,"S12 Stichprobe, Ausgangswerte, Prä und P",2,"Code, Index oder Formelkonstante","Wertebereich, Index, Merkmal oder Konstante der Formel an dieser Stelle (Datenformat 0.4, Codebuch, Formel des Schritts)","amiliarisierung: Zahl der Spieler mit 1, mit 2 und mit fehlender Angabe je G"
302,"S12 Stichprobe, Ausgangswerte, Prä und P",2,Gliederung,Nummer eines Listenpunkts,2. Überlappung (K26): Für eine 
302,"S12 Stichprobe, Ausgangswerte, Prä und P",0,"Code, Index oder Formelkonstante","Wertebereich, Index, Merkmal oder Konstante der Formel an dieser Stelle (Datenformat 0.4, Codebuch, Formel des Schritts)"," mit L ≤ x ≤ U. Ist L > U, sind beide Zahlen 0. Angewandt wird die Regel in "
302,"S12 Stichprobe, Ausgangswerte, Prä und P",5,Gliederung,"Verweis auf Regel, Schritt, Phase, Fassung oder Abschnitt","len 0. Angewandt wird die Regel in S14 Regel 5, in den Analysesets."
303,"S12 Stichprobe, Ausgangswerte, Prä und P",3,Gliederung,Nummer eines Listenpunkts,3. Ausgangswerte je Zielgröße (
303,"S12 Stichprobe, Ausgangswerte, Prä und P",2,Fundstelle,Paragraph oder Abschnitt einer Projektquelle," prä (`BASE`) und ITT-Set (Auswertungsplan § 2 B5). n, M und SD liefert Rege"
303,"S12 Stichprobe, Ausgangswerte, Prä und P",4,Gliederung,"Verweis auf Regel, Schritt, Phase, Fassung oder Abschnitt","tungsplan § 2 B5). n, M und SD liefert Regel 4."
304,"S12 Stichprobe, Ausgangswerte, Prä und P",4,Gliederung,Nummer eines Listenpunkts,4. Prä und Post je Zielgröße un
313,Teil E · Inferenz,3,Gliederung,"Verweis auf Regel, Schritt, Phase, Fassung oder Abschnitt",17 und S19 gilt die Fallzahlregel (S08 Regel 3). Bei INF = 0 werden die Kenn
313,Teil E · Inferenz,0,"Code, Index oder Formelkonstante","Wertebereich, Index, Merkmal oder Konstante der Formel an dieser Stelle (Datenformat 0.4, Codebuch, Formel des Schritts)",t die Fallzahlregel (S08 Regel 3). Bei INF = 0 werden die Kennungen der Anal
317,S13 Hauptanalyse: ANCOVA im ITT-Set,1,Fundstelle,Paragraph oder Abschnitt einer Projektquelle,**Status:** Antrag § 1 (ANCOVA mit dem Prä-Wert und 
317,S13 Hauptanalyse: ANCOVA im ITT-Set,"0,05",Regel,Antrag § 1 (Signifikanzniveau),"it dem Prä-Wert und %PAH als Kovariaten, α = 0,05, Hypothesen H0 und H1) · Plan"
317,S13 Hauptanalyse: ANCOVA im ITT-Set,12.09.,Datum,Dokumentdatum: Statuskennzeichen Plan 12.09. bzw. Verfasserangabe vom 12.09.,"aten, α = 0,05, Hypothesen H0 und H1) · Plan 12.09. (PA § 11.2, § 11.4) · K17, K2"
317,S13 Hauptanalyse: ANCOVA im ITT-Set,11.2,Fundstelle,Paragraph oder Abschnitt einer Projektquelle,"5, Hypothesen H0 und H1) · Plan 12.09. (PA § 11.2, § 11.4) · K17, K23 und P6 na"
317,S13 Hauptanalyse: ANCOVA im ITT-Set,11.4,Fundstelle,Paragraph oder Abschnitt einer Projektquelle,"hesen H0 und H1) · Plan 12.09. (PA § 11.2, § 11.4) · K17, K23 und P6 nachträgli"
317,S13 Hauptanalyse: ANCOVA im ITT-Set,2,Gliederung,Nummer eines Nachtrags zur Spezifikation (Teil F),räglich · Ausgabe von P̄ und Ā nach Nachtrag 2 (F.7).
321,S13 Hauptanalyse: ANCOVA im ITT-Set,1,"Code, Index oder Formelkonstante","Wertebereich, Index, Merkmal oder Konstante der Formel an dieser Stelle (Datenformat 0.4, Codebuch, Formel des Schritts)",**Regel** (nur bei INF = 1):
322,S13 Hauptanalyse: ANCOVA im ITT-Set,1,Gliederung,Nummer eines Listenpunkts,1. Koeffizienten b0 bis b3 mit 
322,S13 Hauptanalyse: ANCOVA im ITT-Set,4,"Code, Index oder Formelkonstante","Wertebereich, Index, Merkmal oder Konstante der Formel an dieser Stelle (Datenformat 0.4, Codebuch, Formel des Schritts)"," V. Residuen-SD σ̂ = √(Σe_i² / df), df = n − 4. R² des Modells."
323,S13 Hauptanalyse: ANCOVA im ITT-Set,2,Gliederung,Nummer eines Listenpunkts,2. Adjustierte Differenz b1 (IG
323,S13 Hauptanalyse: ANCOVA im ITT-Set,2,"Code, Index oder Formelkonstante","Wertebereich, Index, Merkmal oder Konstante der Formel an dieser Stelle (Datenformat 0.4, Codebuch, Formel des Schritts)","(IG minus KG) mit SE(b1), t = b1/SE(b1), p = 2·(1 − T_df(|t|)), 95-%-KI b1 ±"
323,S13 Hauptanalyse: ANCOVA im ITT-Set,1,"Code, Index oder Formelkonstante","Wertebereich, Index, Merkmal oder Konstante der Formel an dieser Stelle (Datenformat 0.4, Codebuch, Formel des Schritts)"," minus KG) mit SE(b1), t = b1/SE(b1), p = 2·(1 − T_df(|t|)), 95-%-KI b1 ± t_"
323,S13 Hauptanalyse: ANCOVA im ITT-Set,95,Formelkonstante,"Konfidenz- oder Quantilpunkt (95-%-KI, PA § 11.2, § 11.4, α = 0,05)","E(b1), t = b1/SE(b1), p = 2·(1 − T_df(|t|)), 95-%-KI b1 ± t_df(0,975)·SE(b1)."
323,S13 Hauptanalyse: ANCOVA im ITT-Set,"0,975",Formelkonstante,"Konfidenz- oder Quantilpunkt (95-%-KI, PA § 11.2, § 11.4, α = 0,05)","1), p = 2·(1 − T_df(|t|)), 95-%-KI b1 ± t_df(0,975)·SE(b1)."
324,S13 Hauptanalyse: ANCOVA im ITT-Set,3,Gliederung,Nummer eines Listenpunkts,3. Adjustierte Mittelwerte (K17
324,S13 Hauptanalyse: ANCOVA im ITT-Set,0,"Code, Index oder Formelkonstante","Wertebereich, Index, Merkmal oder Konstante der Formel an dieser Stelle (Datenformat 0.4, Codebuch, Formel des Schritts)","7): AM_g = b0 + b1·g + b2·P̄ + b3·Ā für g ∈ {0, 1}, mit P̄ und Ā gleich dem "
324,S13 Hauptanalyse: ANCOVA im ITT-Set,1,"Code, Index oder Formelkonstante","Wertebereich, Index, Merkmal oder Konstante der Formel an dieser Stelle (Datenformat 0.4, Codebuch, Formel des Schritts)"," AM_g = b0 + b1·g + b2·P̄ + b3·Ā für g ∈ {0, 1}, mit P̄ und Ā gleich dem Mit"
324,S13 Hauptanalyse: ANCOVA im ITT-Set,1,"Code, Index oder Formelkonstante","Wertebereich, Index, Merkmal oder Konstante der Formel an dieser Stelle (Datenformat 0.4, Codebuch, Formel des Schritts)"," das Analyseset. SE(AM_g) = √(cᵀVc) mit c = (1, g, P̄, Ā)ᵀ. KI AM_g ± t_df(0"
324,S13 Hauptanalyse: ANCOVA im ITT-Set,"0,975",Formelkonstante,"Konfidenz- oder Quantilpunkt (95-%-KI, PA § 11.2, § 11.4, α = 0,05)","cᵀVc) mit c = (1, g, P̄, Ā)ᵀ. KI AM_g ± t_df(0,975)·SE(AM_g). P̄ und Ā werden mi"
325,S13 Hauptanalyse: ANCOVA im ITT-Set,4,Gliederung,Nummer eines Listenpunkts,4. Kein partielles η² (K24).
326,S13 Hauptanalyse: ANCOVA im ITT-Set,1,"Code, Index oder Formelkonstante","Wertebereich, Index, Merkmal oder Konstante der Formel an dieser Stelle (Datenformat 0.4, Codebuch, Formel des Schritts)","** (Antrag, K23, P6): Je Zielgröße ist SIG = 1, wenn p < 0,05 und b1 in güns"
326,S13 Hauptanalyse: ANCOVA im ITT-Set,"0,05",Regel,Antrag § 1 (Signifikanzniveau),"K23, P6): Je Zielgröße ist SIG = 1, wenn p < 0,05 und b1 in günstiger Richtung "
326,S13 Hauptanalyse: ANCOVA im ITT-Set,0,"Code, Index oder Formelkonstante","Wertebereich, Index, Merkmal oder Konstante der Formel an dieser Stelle (Datenformat 0.4, Codebuch, Formel des Schritts)"," b1 in günstiger Richtung liegt (Zeiten b1 < 0, Standweitsprung b1 > 0), son"
326,S13 Hauptanalyse: ANCOVA im ITT-Set,0,"Code, Index oder Formelkonstante","Wertebereich, Index, Merkmal oder Konstante der Formel an dieser Stelle (Datenformat 0.4, Codebuch, Formel des Schritts)","g liegt (Zeiten b1 < 0, Standweitsprung b1 > 0), sonst SIG = 0. Bei INF = 0 "
326,S13 Hauptanalyse: ANCOVA im ITT-Set,0,"Code, Index oder Formelkonstante","Wertebereich, Index, Merkmal oder Konstante der Formel an dieser Stelle (Datenformat 0.4, Codebuch, Formel des Schritts)","b1 < 0, Standweitsprung b1 > 0), sonst SIG = 0. Bei INF = 0 fehlt SIG. H0 is"
326,S13 Hauptanalyse: ANCOVA im ITT-Set,0,"Code, Index oder Formelkonstante","Wertebereich, Index, Merkmal oder Konstante der Formel an dieser Stelle (Datenformat 0.4, Codebuch, Formel des Schritts)","weitsprung b1 > 0), sonst SIG = 0. Bei INF = 0 fehlt SIG. H0 ist abgelehnt ("
326,S13 Hauptanalyse: ANCOVA im ITT-Set,1,"Code, Index oder Formelkonstante","Wertebereich, Index, Merkmal oder Konstante der Formel an dieser Stelle (Datenformat 0.4, Codebuch, Formel des Schritts)","INF = 0 fehlt SIG. H0 ist abgelehnt (H0REJ = 1), wenn SIG = 1 für mindestens"
326,S13 Hauptanalyse: ANCOVA im ITT-Set,1,"Code, Index oder Formelkonstante","Wertebereich, Index, Merkmal oder Konstante der Formel an dieser Stelle (Datenformat 0.4, Codebuch, Formel des Schritts)","IG. H0 ist abgelehnt (H0REJ = 1), wenn SIG = 1 für mindestens eine konfirmat"
326,S13 Hauptanalyse: ANCOVA im ITT-Set,0,"Code, Index oder Formelkonstante","Wertebereich, Index, Merkmal oder Konstante der Formel an dieser Stelle (Datenformat 0.4, Codebuch, Formel des Schritts)","nfirmatorische Zielgröße gilt, sonst H0REJ = 0. NTEST ist die Zahl der konfi"
326,S13 Hauptanalyse: ANCOVA im ITT-Set,1,"Code, Index oder Formelkonstante","Wertebereich, Index, Merkmal oder Konstante der Formel an dieser Stelle (Datenformat 0.4, Codebuch, Formel des Schritts)",l der konfirmatorischen Zielgrößen mit INF = 1. Keine Adjustierung für Mehrf
326,S13 Hauptanalyse: ANCOVA im ITT-Set,11.4,Fundstelle,Paragraph oder Abschnitt einer Projektquelle,Keine Adjustierung für Mehrfachtestung (PA § 11.4).
327,S13 Hauptanalyse: ANCOVA im ITT-Set,3,Gliederung,"Verweis auf Regel, Schritt, Phase, Fassung oder Abschnitt","Z30,CM,SBJ}.X.ITT.HAUPT` (P̄ und Ā aus Regel 3)."
332,S14 Voraussetzungen,12.09.,Datum,Dokumentdatum: Statuskennzeichen Plan 12.09. bzw. Verfasserangabe vom 12.09.,**Status:** Plan 12.09. (PA § 11.2 „zu prüfen und zu 
332,S14 Voraussetzungen,11.2,Fundstelle,Paragraph oder Abschnitt einer Projektquelle,"**Status:** Plan 12.09. (PA § 11.2 „zu prüfen und zu berichten“,"
332,S14 Voraussetzungen,11.9,Fundstelle,Paragraph oder Abschnitt einer Projektquelle,". (PA § 11.2 „zu prüfen und zu berichten“, § 11.9, Auswertungsplan § 2 B6 und T"
332,S14 Voraussetzungen,2,Fundstelle,Paragraph oder Abschnitt einer Projektquelle,"und zu berichten“, § 11.9, Auswertungsplan § 2 B6 und Tab. 1 „Residuen, Brow"
332,S14 Voraussetzungen,1,Fundstelle,"Tabellen-, Abschnitts-, Spalten- oder Itemnummer einer Quelle","en“, § 11.9, Auswertungsplan § 2 B6 und Tab. 1 „Residuen, Brown-Forsythe, Gr"
335,S14 Voraussetzungen,1,Gliederung,"Verweis auf Regel, Schritt, Phase, Fassung oder Abschnitt","el** je Zielgröße Z ∈ {Z30, CM, SBJ}, Regeln 1 bis 5 bei INF = 1 des ITT-Set"
335,S14 Voraussetzungen,5,Gliederung,"Verweis auf Regel, Schritt, Phase, Fassung oder Abschnitt","e Zielgröße Z ∈ {Z30, CM, SBJ}, Regeln 1 bis 5 bei INF = 1 des ITT-Sets:"
335,S14 Voraussetzungen,1,"Code, Index oder Formelkonstante","Wertebereich, Index, Merkmal oder Konstante der Formel an dieser Stelle (Datenformat 0.4, Codebuch, Formel des Schritts)","Z ∈ {Z30, CM, SBJ}, Regeln 1 bis 5 bei INF = 1 des ITT-Sets:"
336,S14 Voraussetzungen,1,Gliederung,Nummer eines Listenpunkts,1. Normalverteilung der Residue
336,S14 Voraussetzungen,1995,Fundstelle,Erscheinungsjahr einer Quelle,"emeinsam, in der Approximation nach Royston (1995, Remark AS R94). Ausgabe W un"
337,S14 Voraussetzungen,2,Gliederung,Nummer eines Listenpunkts,2. Varianzhomogenität (K19): Br
337,S14 Voraussetzungen,1.3,Fundstelle,"Tabellen-, Abschnitts-, Spalten- oder Itemnummer einer Quelle","s Zentrum (NIST/SEMATECH e-Handbook, Abschn. 1.3.5.10). z_i = |e_i − Median de"
337,S14 Voraussetzungen,1,"Code, Index oder Formelkonstante","Wertebereich, Index, Merkmal oder Konstante der Formel an dieser Stelle (Datenformat 0.4, Codebuch, Formel des Schritts)","ber die Gruppen, bei k Gruppen mit df1 = k − 1 und df2 = n − k, hier k = 2. "
337,S14 Voraussetzungen,2,"Code, Index oder Formelkonstante","Wertebereich, Index, Merkmal oder Konstante der Formel an dieser Stelle (Datenformat 0.4, Codebuch, Formel des Schritts)","en mit df1 = k − 1 und df2 = n − k, hier k = 2. Ausgabe F, df1, df2 und p. Z"
337,S14 Voraussetzungen,0.5,Gliederung,Verweis auf einen Abschnitt des Kopfs,"zlich die SD der Residuen e_i je Gruppe nach 0.5 Nr. 2 (SD_IG und SD_KG, Nenne"
337,S14 Voraussetzungen,2,Gliederung,"Verweis auf Regel, Schritt, Phase, Fassung oder Abschnitt","e SD der Residuen e_i je Gruppe nach 0.5 Nr. 2 (SD_IG und SD_KG, Nenner n_Gr"
337,S14 Voraussetzungen,1,"Code, Index oder Formelkonstante","Wertebereich, Index, Merkmal oder Konstante der Formel an dieser Stelle (Datenformat 0.4, Codebuch, Formel des Schritts)",".5 Nr. 2 (SD_IG und SD_KG, Nenner n_Gruppe − 1) und das Verhältnis SD_KG / S"
338,S14 Voraussetzungen,3,Gliederung,Nummer eines Listenpunkts,3. Homogenität der Regressionss
338,S14 Voraussetzungen,5,"Code, Index oder Formelkonstante","Wertebereich, Index, Merkmal oder Konstante der Formel an dieser Stelle (Datenformat 0.4, Codebuch, Formel des Schritts)","zient des Interaktionsterms, SE, t, df = n − 5, p."
339,S14 Voraussetzungen,4,Gliederung,Nummer eines Listenpunkts,4. Linearität (K21): Grafiken d
340,S14 Voraussetzungen,5,Gliederung,Nummer eines Listenpunkts,5. Überlappung der Kovariaten i
340,S14 Voraussetzungen,11.9,Fundstelle,Paragraph oder Abschnitt einer Projektquelle,erlappung der Kovariaten im Analyseset (PA § 11.9): für Prä und für %PAH gemein
340,S14 Voraussetzungen,2,Gliederung,"Verweis auf Regel, Schritt, Phase, Fassung oder Abschnitt"," für %PAH gemeinsamer Bereich nach S12 Regel 2, Zahl der IG- und KG-Spieler "
341,S14 Voraussetzungen,6,Gliederung,Nummer eines Listenpunkts,6. Vorab-Prüfung an den Prä-Wer
341,S14 Voraussetzungen,2,Fundstelle,Paragraph oder Abschnitt einer Projektquelle,"Prüfung an den Prä-Werten (Auswertungsplan § 2 B6) in der Menge BPAH, das si"
341,S14 Voraussetzungen,3,Gliederung,"Verweis auf Regel, Schritt, Phase, Fassung oder Abschnitt","d %PAH (P5), mit der Fallzahlregel S08 Regel 3 für diese Menge: Modell Prä ="
341,S14 Voraussetzungen,4,"Code, Index oder Formelkonstante","Wertebereich, Index, Merkmal oder Konstante der Formel an dieser Stelle (Datenformat 0.4, Codebuch, Formel des Schritts)"," + c2·PAH + c3·G·PAH mit c3, SE, t, df = n − 4, p. Shapiro-Wilk der BEST-Wer"
342,S14 Voraussetzungen,"0,05",Regel,Antrag § 1 (Signifikanzniveau),"gsregel** (O7): Eine verworfene Prüfung (p < 0,05) ändert das Verfahren nicht. "
342,S14 Voraussetzungen,1,"Code, Index oder Formelkonstante","Wertebereich, Index, Merkmal oder Konstante der Formel an dieser Stelle (Datenformat 0.4, Codebuch, Formel des Schritts)","ichtet. Ausgabe je Prüfung ein Merkmal VERW (1 bei p < 0,05). Im Bericht gil"
342,S14 Voraussetzungen,"0,05",Regel,Antrag § 1 (Signifikanzniveau),"sgabe je Prüfung ein Merkmal VERW (1 bei p < 0,05). Im Bericht gilt die Formuli"
342,S14 Voraussetzungen,11.9,Fundstelle,Paragraph oder Abschnitt einer Projektquelle," und nicht verworfen“, nicht „erfüllt“ (PA § 11.9)."
348,S15 Effektstärke und unadjustierte Diffe,1,Fundstelle,Paragraph oder Abschnitt einer Projektquelle,**Status:** Antrag § 1 („Effektstärken (Cohens d bzw
348,S15 Effektstärke und unadjustierte Diffe,12.09.,Datum,Dokumentdatum: Statuskennzeichen Plan 12.09. bzw. Verfasserangabe vom 12.09.,"ktstärken (Cohens d bzw. Hedges' g)“) · Plan 12.09. (PA § 11.2, Auswertungsplan §"
348,S15 Effektstärke und unadjustierte Diffe,11.2,Fundstelle,Paragraph oder Abschnitt einer Projektquelle,"hens d bzw. Hedges' g)“) · Plan 12.09. (PA § 11.2, Auswertungsplan § 6 Nr. 3: g"
348,S15 Effektstärke und unadjustierte Diffe,6,Fundstelle,Paragraph oder Abschnitt einer Projektquelle," · Plan 12.09. (PA § 11.2, Auswertungsplan § 6 Nr. 3: g = adjustierte Differ"
348,S15 Effektstärke und unadjustierte Diffe,3,Gliederung,"Verweis auf Regel, Schritt, Phase, Fassung oder Abschnitt","n 12.09. (PA § 11.2, Auswertungsplan § 6 Nr. 3: g = adjustierte Differenz / "
348,S15 Effektstärke und unadjustierte Diffe,2,Gliederung,Nummer eines Nachtrags zur Spezifikation (Teil F)," · auf die Hauptanalyse beschränkt (Nachtrag 2, F.7)."
349,S15 Effektstärke und unadjustierte Diffe,18,Fundstelle,"Tabellen-, Abschnitts-, Spalten- oder Itemnummer einer Quelle",nz und unadjustierte Differenz (CONSORT Item 18: „both unadjusted and adjuste
349,S15 Effektstärke und unadjustierte Diffe,2010,Fundstelle,Erscheinungsjahr einer Quelle," analyses should be reported“, Moher et al., 2010, S. 19)."
349,S15 Effektstärke und unadjustierte Diffe,19,Fundstelle,Seitenzahl einer Quelle," should be reported“, Moher et al., 2010, S. 19)."
351,S15 Effektstärke und unadjustierte Diffe,1,"Code, Index oder Formelkonstante","Wertebereich, Index, Merkmal oder Konstante der Formel an dieser Stelle (Datenformat 0.4, Codebuch, Formel des Schritts)","e konfirmatorischer Zielgröße, nur bei INF = 1:"
352,S15 Effektstärke und unadjustierte Diffe,1,Gliederung,Nummer eines Listenpunkts,1. SD_prä = gepoolte SD der BES
353,S15 Effektstärke und unadjustierte Diffe,2,Gliederung,Nummer eines Listenpunkts,2. df_g = n_IG + n_KG − 2. J = 
353,S15 Effektstärke und unadjustierte Diffe,2,"Code, Index oder Formelkonstante","Wertebereich, Index, Merkmal oder Konstante der Formel an dieser Stelle (Datenformat 0.4, Codebuch, Formel des Schritts)",2. df_g = n_IG + n_KG − 2. J = 1 − 3/(4·df_g − 1) (O3).
353,S15 Effektstärke und unadjustierte Diffe,1,"Code, Index oder Formelkonstante","Wertebereich, Index, Merkmal oder Konstante der Formel an dieser Stelle (Datenformat 0.4, Codebuch, Formel des Schritts)",2. df_g = n_IG + n_KG − 2. J = 1 − 3/(4·df_g − 1) (O3). Das is
353,S15 Effektstärke und unadjustierte Diffe,3,"Code, Index oder Formelkonstante","Wertebereich, Index, Merkmal oder Konstante der Formel an dieser Stelle (Datenformat 0.4, Codebuch, Formel des Schritts)",2. df_g = n_IG + n_KG − 2. J = 1 − 3/(4·df_g − 1) (O3). Das ist di
353,S15 Effektstärke und unadjustierte Diffe,4,"Code, Index oder Formelkonstante","Wertebereich, Index, Merkmal oder Konstante der Formel an dieser Stelle (Datenformat 0.4, Codebuch, Formel des Schritts)",2. df_g = n_IG + n_KG − 2. J = 1 − 3/(4·df_g − 1) (O3). Das ist diese
353,S15 Effektstärke und unadjustierte Diffe,1,"Code, Index oder Formelkonstante","Wertebereich, Index, Merkmal oder Konstante der Formel an dieser Stelle (Datenformat 0.4, Codebuch, Formel des Schritts)", df_g = n_IG + n_KG − 2. J = 1 − 3/(4·df_g − 1) (O3). Das ist dieselbe Korre
353,S15 Effektstärke und unadjustierte Diffe,2013,Fundstelle,Erscheinungsjahr einer Quelle,"(O3). Das ist dieselbe Korrektur wie Lakens (2013, Formel 4): 1 − 3/(4(n1 + n2)"
353,S15 Effektstärke und unadjustierte Diffe,4,Fundstelle,"Tabellen-, Abschnitts-, Spalten- oder Itemnummer einer Quelle"," dieselbe Korrektur wie Lakens (2013, Formel 4): 1 − 3/(4(n1 + n2) − 9)."
353,S15 Effektstärke und unadjustierte Diffe,1,"Code, Index oder Formelkonstante","Wertebereich, Index, Merkmal oder Konstante der Formel an dieser Stelle (Datenformat 0.4, Codebuch, Formel des Schritts)","selbe Korrektur wie Lakens (2013, Formel 4): 1 − 3/(4(n1 + n2) − 9)."
353,S15 Effektstärke und unadjustierte Diffe,3,"Code, Index oder Formelkonstante","Wertebereich, Index, Merkmal oder Konstante der Formel an dieser Stelle (Datenformat 0.4, Codebuch, Formel des Schritts)","e Korrektur wie Lakens (2013, Formel 4): 1 − 3/(4(n1 + n2) − 9)."
353,S15 Effektstärke und unadjustierte Diffe,4,"Code, Index oder Formelkonstante","Wertebereich, Index, Merkmal oder Konstante der Formel an dieser Stelle (Datenformat 0.4, Codebuch, Formel des Schritts)","orrektur wie Lakens (2013, Formel 4): 1 − 3/(4(n1 + n2) − 9)."
353,S15 Effektstärke und unadjustierte Diffe,9,"Code, Index oder Formelkonstante","Wertebereich, Index, Merkmal oder Konstante der Formel an dieser Stelle (Datenformat 0.4, Codebuch, Formel des Schritts)","Lakens (2013, Formel 4): 1 − 3/(4(n1 + n2) − 9)."
354,S15 Effektstärke und unadjustierte Diffe,3,Gliederung,Nummer eines Listenpunkts,3. g = b1 / SD_prä · J. KI: KIU
355,S15 Effektstärke und unadjustierte Diffe,4,Gliederung,Nummer eines Listenpunkts,4. Unadjustierte Differenz (O4)
355,S15 Effektstärke und unadjustierte Diffe,1,"Code, Index oder Formelkonstante","Wertebereich, Index, Merkmal oder Konstante der Formel an dieser Stelle (Datenformat 0.4, Codebuch, Formel des Schritts)","oolte SD der Post-Werte. SE = SD_post,pool·√(1/n_IG + 1/n_KG), t = D_u/SE, d"
355,S15 Effektstärke und unadjustierte Diffe,1,"Code, Index oder Formelkonstante","Wertebereich, Index, Merkmal oder Konstante der Formel an dieser Stelle (Datenformat 0.4, Codebuch, Formel des Schritts)","der Post-Werte. SE = SD_post,pool·√(1/n_IG + 1/n_KG), t = D_u/SE, df = n − 2"
355,S15 Effektstärke und unadjustierte Diffe,2,"Code, Index oder Formelkonstante","Wertebereich, Index, Merkmal oder Konstante der Formel an dieser Stelle (Datenformat 0.4, Codebuch, Formel des Schritts)","ool·√(1/n_IG + 1/n_KG), t = D_u/SE, df = n − 2, p zweiseitig, KI D_u ± t_df("
355,S15 Effektstärke und unadjustierte Diffe,"0,975",Formelkonstante,"Konfidenz- oder Quantilpunkt (95-%-KI, PA § 11.2, § 11.4, α = 0,05)","/SE, df = n − 2, p zweiseitig, KI D_u ± t_df(0,975)·SE. Das entspricht dem Model"
361,S16 Per-Protokoll-Vergleich und Antragsk,8,Fundstelle,Paragraph oder Abschnitt einer Projektquelle,**Status:** Antrag § 8 (Ausschluss bei Adherence unt
361,S16 Per-Protokoll-Vergleich und Antragsk,75,Regel,Antrag § 8 (Antragskriterium),"* Antrag § 8 (Ausschluss bei Adherence unter 75 % aus der Hauptanalyse, Berüc"
361,S16 Per-Protokoll-Vergleich und Antragsk,12.09.,Datum,Dokumentdatum: Statuskennzeichen Plan 12.09. bzw. Verfasserangabe vom 12.09.,"cksichtigung in Sensitivitätsanalyse) · Plan 12.09. (Auswertungsplan § 5.3, PA § "
361,S16 Per-Protokoll-Vergleich und Antragsk,5.3,Fundstelle,Paragraph oder Abschnitt einer Projektquelle,"ätsanalyse) · Plan 12.09. (Auswertungsplan § 5.3, PA § 11.7: Hauptanalyse ITT,"
361,S16 Per-Protokoll-Vergleich und Antragsk,11.7,Fundstelle,Paragraph oder Abschnitt einer Projektquelle,") · Plan 12.09. (Auswertungsplan § 5.3, PA § 11.7: Hauptanalyse ITT, Antragskri"
361,S16 Per-Protokoll-Vergleich und Antragsk,6,Regel,"Per-Protokoll- oder Teilungsschwelle (PA § 11.5, § 11.7, FA § 9)","Antragskriterium deskriptiv, Per-Protokoll ≥ 6 als beobachtender Vergleich) "
361,S16 Per-Protokoll-Vergleich und Antragsk,2,Gliederung,Nummer eines Nachtrags zur Spezifikation (Teil F),bachtender Vergleich) · Umfang nach Nachtrag 2 (F.7).
364,S16 Per-Protokoll-Vergleich und Antragsk,1,Gliederung,Nummer eines Listenpunkts,1. PP6: Modell S13 im Set PP6 j
364,S16 Per-Protokoll-Vergleich und Antragsk,95,Formelkonstante,"Konfidenz- oder Quantilpunkt (95-%-KI, PA § 11.2, § 11.4, α = 0,05)","zahlregel. Ausgaben: b1 mit SE, df, t, p und 95-%-KI sowie n_IG und n_KG. SIG"
365,S16 Per-Protokoll-Vergleich und Antragsk,2,Gliederung,Nummer eines Listenpunkts,"2. Deskriptiv, unabhängig von I"
366,S16 Per-Protokoll-Vergleich und Antragsk,3,Gliederung,Nummer eines Listenpunkts,3. Antragskriterium AK9: je kon
371,S17 Vorab festgelegte Sensitivitätsanaly,12.09.,Datum,Dokumentdatum: Statuskennzeichen Plan 12.09. bzw. Verfasserangabe vom 12.09.,"**Status:** Plan 12.09. (PA § 11.5, § 11.8, Auswertun"
371,S17 Vorab festgelegte Sensitivitätsanaly,11.5,Fundstelle,Paragraph oder Abschnitt einer Projektquelle,"**Status:** Plan 12.09. (PA § 11.5, § 11.8, Auswertungsplan § 2 "
371,S17 Vorab festgelegte Sensitivitätsanaly,11.8,Fundstelle,Paragraph oder Abschnitt einer Projektquelle,"**Status:** Plan 12.09. (PA § 11.5, § 11.8, Auswertungsplan § 2 B7 Blöck"
371,S17 Vorab festgelegte Sensitivitätsanaly,2,Fundstelle,Paragraph oder Abschnitt einer Projektquelle,"12.09. (PA § 11.5, § 11.8, Auswertungsplan § 2 B7 Blöcke C bis F) · Menge de"
371,S17 Vorab festgelegte Sensitivitätsanaly,2,Gliederung,Nummer eines Nachtrags zur Spezifikation (Teil F),"ntfallen (O9, Teil F) · Umfang nach Nachtrag 2 (F.7)."
373,S17 Vorab festgelegte Sensitivitätsanaly,95,Formelkonstante,"Konfidenz- oder Quantilpunkt (95-%-KI, PA § 11.2, § 11.4, α = 0,05)","zahlregel. Ausgaben: b1 mit SE, df, t, p und 95-%-KI sowie n_IG und n_KG:"
374,S17 Vorab festgelegte Sensitivitätsanaly,1,Gliederung,Nummer eines Listenpunkts,1. `MW`: Modell S13 mit MEAN st
375,S17 Vorab festgelegte Sensitivitätsanaly,2,Gliederung,Nummer eines Listenpunkts,"2. `PP5`, `PP7`: Modell S13 in "
376,S17 Vorab festgelegte Sensitivitätsanaly,3,Gliederung,Nummer eines Listenpunkts,3. `AEND` Änderungswertmodell: 
376,S17 Vorab festgelegte Sensitivitätsanaly,3,"Code, Index oder Formelkonstante","Wertebereich, Index, Merkmal oder Konstante der Formel an dieser Stelle (Datenformat 0.4, Codebuch, Formel des Schritts)","b1·G_i + b3·PAH_i + e_i im ITT-Set, df = n − 3."
377,S17 Vorab festgelegte Sensitivitätsanaly,4,Gliederung,Nummer eines Listenpunkts,4. `OPAH` ohne %PAH: Post_i = b
377,S17 Vorab festgelegte Sensitivitätsanaly,3,"Code, Index oder Formelkonstante","Wertebereich, Index, Merkmal oder Konstante der Formel an dieser Stelle (Datenformat 0.4, Codebuch, Formel des Schritts)"," + b2·Prä_i + e_i im ITT-Set (K22), df = n − 3."
378,S17 Vorab festgelegte Sensitivitätsanaly,5,Gliederung,Nummer eines Listenpunkts,5. `FAMB` Familiarisierung als 
378,S17 Vorab festgelegte Sensitivitätsanaly,1,"Code, Index oder Formelkonstante","Wertebereich, Index, Merkmal oder Konstante der Formel an dieser Stelle (Datenformat 0.4, Codebuch, Formel des Schritts)"," e_i, F = Zahl der Familiarisierungstermine (1 oder 2, numerisch), Set FAMS,"
378,S17 Vorab festgelegte Sensitivitätsanaly,2,"Code, Index oder Formelkonstante","Wertebereich, Index, Merkmal oder Konstante der Formel an dieser Stelle (Datenformat 0.4, Codebuch, Formel des Schritts)"," = Zahl der Familiarisierungstermine (1 oder 2, numerisch), Set FAMS, df = n"
378,S17 Vorab festgelegte Sensitivitätsanaly,5,"Code, Index oder Formelkonstante","Wertebereich, Index, Merkmal oder Konstante der Formel an dieser Stelle (Datenformat 0.4, Codebuch, Formel des Schritts)","ne (1 oder 2, numerisch), Set FAMS, df = n − 5. Hinweis im Bericht: In der I"
378,S17 Vorab festgelegte Sensitivitätsanaly,5.5,Fundstelle,Paragraph oder Abschnitt einer Projektquelle, mit Verein A konfundiert (Auswertungsplan § 5.5).
379,S17 Vorab festgelegte Sensitivitätsanaly,6,Gliederung,Nummer eines Listenpunkts,"6. Familiarisierung Variante a,"
379,S17 Vorab festgelegte Sensitivitätsanaly,5.5,Fundstelle,Paragraph oder Abschnitt einer Projektquelle,"ariante a, nur deskriptiv (Auswertungsplan § 5.5): je Gruppe und F ∈ {1, 2} n,"
379,S17 Vorab festgelegte Sensitivitätsanaly,1,"Code, Index oder Formelkonstante","Wertebereich, Index, Merkmal oder Konstante der Formel an dieser Stelle (Datenformat 0.4, Codebuch, Formel des Schritts)"," (Auswertungsplan § 5.5): je Gruppe und F ∈ {1, 2} n, M, SD von Δ = BEST pos"
379,S17 Vorab festgelegte Sensitivitätsanaly,2,"Code, Index oder Formelkonstante","Wertebereich, Index, Merkmal oder Konstante der Formel an dieser Stelle (Datenformat 0.4, Codebuch, Formel des Schritts)","uswertungsplan § 5.5): je Gruppe und F ∈ {1, 2} n, M, SD von Δ = BEST post −"
380,S17 Vorab festgelegte Sensitivitätsanaly,7,Gliederung,Nummer eines Listenpunkts,"7. Deskriptiv, unabhängig von I"
385,"S18 Sensitivitäts-Poweranalyse, Standard",12.09.,Datum,Dokumentdatum: Statuskennzeichen Plan 12.09. bzw. Verfasserangabe vom 12.09.,**Status:** Plan 12.09. (PA § 11.1: Sensitivitäts- st
385,"S18 Sensitivitäts-Poweranalyse, Standard",11.1,Fundstelle,Paragraph oder Abschnitt einer Projektquelle,**Status:** Plan 12.09. (PA § 11.1: Sensitivitäts- statt A-prior
385,"S18 Sensitivitäts-Poweranalyse, Standard","0,05",Regel,Antrag § 1 (Signifikanzniveau),"tatt A-priori-Poweranalyse je Zielgröße, α = 0,05, Power 0,80, MDES als Ergebni"
385,"S18 Sensitivitäts-Poweranalyse, Standard","0,80",Regel,PA § 11.1 (Zielpower),"i-Poweranalyse je Zielgröße, α = 0,05, Power 0,80, MDES als Ergebnis, Einordnun"
385,"S18 Sensitivitäts-Poweranalyse, Standard",2,Gliederung,Nummer eines Nachtrags zur Spezifikation (Teil F),7 nachträglich · Kombinationen nach Nachtrag 2 (F.7).
386,"S18 Sensitivitäts-Poweranalyse, Standard",2022,Fundstelle,Erscheinungsjahr einer Quelle,"hender Power hätte entdecken können (Lakens, 2022, S. 5, Tab. 3)."
386,"S18 Sensitivitäts-Poweranalyse, Standard",5,Fundstelle,Seitenzahl einer Quelle,"wer hätte entdecken können (Lakens, 2022, S. 5, Tab. 3)."
386,"S18 Sensitivitäts-Poweranalyse, Standard",3,Fundstelle,"Tabellen-, Abschnitts-, Spalten- oder Itemnummer einer Quelle","e entdecken können (Lakens, 2022, S. 5, Tab. 3)."
388,"S18 Sensitivitäts-Poweranalyse, Standard",2,Gliederung,Nummer eines Nachtrags zur Spezifikation (Teil F)," gerechnet (P7, eingeschränkt durch Nachtrag 2):"
389,"S18 Sensitivitäts-Poweranalyse, Standard",1,Gliederung,Nummer eines Listenpunkts,1. Test: F-Test des Gruppenterm
389,"S18 Sensitivitäts-Poweranalyse, Standard",1,"Code, Index oder Formelkonstante","Wertebereich, Index, Merkmal oder Konstante der Formel an dieser Stelle (Datenformat 0.4, Codebuch, Formel des Schritts)","F-Test des Gruppenterms im Modell S13. df1 = 1, df2 = N − 4. Je Kovariate ei"
389,"S18 Sensitivitäts-Poweranalyse, Standard",4,"Code, Index oder Formelkonstante","Wertebereich, Index, Merkmal oder Konstante der Formel an dieser Stelle (Datenformat 0.4, Codebuch, Formel des Schritts)","uppenterms im Modell S13. df1 = 1, df2 = N − 4. Je Kovariate ein Nennerfreih"
389,"S18 Sensitivitäts-Poweranalyse, Standard",1988,Fundstelle,Erscheinungsjahr einer Quelle,"iate ein Nennerfreiheitsgrad weniger (Cohen, 1988, S. 380)."
389,"S18 Sensitivitäts-Poweranalyse, Standard",380,Fundstelle,Seitenzahl einer Quelle,"Nennerfreiheitsgrad weniger (Cohen, 1988, S. 380)."
390,"S18 Sensitivitäts-Poweranalyse, Standard",2,Gliederung,Nummer eines Listenpunkts,2. Nichtzentralität λ = f²·N mi
390,"S18 Sensitivitäts-Poweranalyse, Standard",26,Fundstelle,Seitenzahl einer Quelle,"f²·N mit f = σ_m/σ (G*Power-3.1-Handbuch, S. 26 und S. 30). Mit den Gruppenan"
390,"S18 Sensitivitäts-Poweranalyse, Standard",30,Fundstelle,Seitenzahl einer Quelle," = σ_m/σ (G*Power-3.1-Handbuch, S. 26 und S. 30). Mit den Gruppenanteilen p_g"
390,"S18 Sensitivitäts-Poweranalyse, Standard",2,"Code, Index oder Formelkonstante","Wertebereich, Index, Merkmal oder Konstante der Formel an dieser Stelle (Datenformat 0.4, Codebuch, Formel des Schritts)","·n_IG·n_KG/N. Bei gleichen Gruppen ist f = d/2 (Cohen, 1988, S. 276, Formel "
390,"S18 Sensitivitäts-Poweranalyse, Standard",1988,Fundstelle,Erscheinungsjahr einer Quelle,"/N. Bei gleichen Gruppen ist f = d/2 (Cohen, 1988, S. 276, Formel 8.2.6). d ist"
390,"S18 Sensitivitäts-Poweranalyse, Standard",276,Fundstelle,Seitenzahl einer Quelle,"leichen Gruppen ist f = d/2 (Cohen, 1988, S. 276, Formel 8.2.6). d ist in Einh"
390,"S18 Sensitivitäts-Poweranalyse, Standard",8.2,Fundstelle,"Tabellen-, Abschnitts-, Spalten- oder Itemnummer einer Quelle","pen ist f = d/2 (Cohen, 1988, S. 276, Formel 8.2.6). d ist in Einheiten der In"
391,"S18 Sensitivitäts-Poweranalyse, Standard",3,Gliederung,Nummer eines Listenpunkts,"3. Power(d) = 1 − G(F_crit), G "
391,"S18 Sensitivitäts-Poweranalyse, Standard",1,"Code, Index oder Formelkonstante","Wertebereich, Index, Merkmal oder Konstante der Formel an dieser Stelle (Datenformat 0.4, Codebuch, Formel des Schritts)","3. Power(d) = 1 − G(F_crit), G = Verteilungsf"
391,"S18 Sensitivitäts-Poweranalyse, Standard","0,95",Formelkonstante,"Konfidenz- oder Quantilpunkt (95-%-KI, PA § 11.2, § 11.4, α = 0,05)","ilung mit df1, df2 und λ, F_crit = F_df1,df2(0,95)."
392,"S18 Sensitivitäts-Poweranalyse, Standard",4,Gliederung,Nummer eines Listenpunkts,"4. MDES, nur für Z30, CM und SB"
392,"S18 Sensitivitäts-Poweranalyse, Standard","0,80",Regel,PA § 11.1 (Zielpower)," Z30, CM und SBJ: d* = Lösung von Power(d) = 0,80 durch Nullstellensuche im Int"
392,"S18 Sensitivitäts-Poweranalyse, Standard",0,Regel,Suchintervall der Nullstellensuche (O9)," = 0,80 durch Nullstellensuche im Intervall [0, 10] mit Toleranz 1e-10. Lieg"
392,"S18 Sensitivitäts-Poweranalyse, Standard",10,Regel,Suchintervall der Nullstellensuche (O9),"0,80 durch Nullstellensuche im Intervall [0, 10] mit Toleranz 1e-10. Liegt Po"
392,"S18 Sensitivitäts-Poweranalyse, Standard",1e-10,Regel,"Rechenkonvention 0.5 Nr. 9, Festlegung O9","ellensuche im Intervall [0, 10] mit Toleranz 1e-10. Liegt Power(10) unter 0,80, "
392,"S18 Sensitivitäts-Poweranalyse, Standard",10,Regel,Suchintervall der Nullstellensuche (O9),"vall [0, 10] mit Toleranz 1e-10. Liegt Power(10) unter 0,80, ist d* fehlend m"
392,"S18 Sensitivitäts-Poweranalyse, Standard","0,80",Regel,PA § 11.1 (Zielpower),"0] mit Toleranz 1e-10. Liegt Power(10) unter 0,80, ist d* fehlend mit Grund. Au"
392,"S18 Sensitivitäts-Poweranalyse, Standard","0,2",Regel,"PA § 11.3, Hopkins (2000), S. 8, Cohen (1988), S. 25 (SESOI-Faktor)","d mit Grund. Ausgabe d* und das Vielfache d*/0,2 (SESOI = 0,2 SD-Einheiten, S1"
392,"S18 Sensitivitäts-Poweranalyse, Standard","0,2",Regel,"PA § 11.3, Hopkins (2000), S. 8, Cohen (1988), S. 25 (SESOI-Faktor)","Ausgabe d* und das Vielfache d*/0,2 (SESOI = 0,2 SD-Einheiten, S10)."
393,"S18 Sensitivitäts-Poweranalyse, Standard",5,Gliederung,Nummer eines Listenpunkts,5. Power bei den dokumentierten
393,"S18 Sensitivitäts-Poweranalyse, Standard",11.1,Fundstelle,Paragraph oder Abschnitt einer Projektquelle,"i den dokumentierten Vorab-Erwartungen (PA § 11.1) mit denselben df und λ, nur "
397,"S18 Sensitivitäts-Poweranalyse, Standard","0,06",Quellwert,"Lloyd et al. (2016), Tab. 4, S. 1243","| D006 | 0,06 | Lloyd et al. (2016), Tab. 4"
397,"S18 Sensitivitäts-Poweranalyse, Standard",2016,Fundstelle,Erscheinungsjahr einer Quelle,"| D006 | 0,06 | Lloyd et al. (2016), Tab. 4, S. 1243 (10-m-Besch"
397,"S18 Sensitivitäts-Poweranalyse, Standard",4,Fundstelle,"Tabellen-, Abschnitts-, Spalten- oder Itemnummer einer Quelle","| D006 | 0,06 | Lloyd et al. (2016), Tab. 4, S. 1243 (10-m-Beschleunigung"
397,"S18 Sensitivitäts-Poweranalyse, Standard",1243,Fundstelle,Seitenzahl einer Quelle,"006 | 0,06 | Lloyd et al. (2016), Tab. 4, S. 1243 (10-m-Beschleunigung, plyomet"
397,"S18 Sensitivitäts-Poweranalyse, Standard",10,Name,Sprintdistanz in m (Antrag § 3),"0,06 | Lloyd et al. (2016), Tab. 4, S. 1243 (10-m-Beschleunigung, plyometrisc"
398,"S18 Sensitivitäts-Poweranalyse, Standard","0,11",Quellwert,"Ramirez-Campillo et al. (2020), Abschn. 3.5","| D011 | 0,11 | Ramirez-Campillo et al. (20"
398,"S18 Sensitivitäts-Poweranalyse, Standard",2020,Fundstelle,Erscheinungsjahr einer Quelle,"| D011 | 0,11 | Ramirez-Campillo et al. (2020), Abschn. 3.5 (10 m, höchsten"
398,"S18 Sensitivitäts-Poweranalyse, Standard",3.5,Fundstelle,"Tabellen-, Abschnitts-, Spalten- oder Itemnummer einer Quelle","11 | Ramirez-Campillo et al. (2020), Abschn. 3.5 (10 m, höchstens 14 Einheiten"
398,"S18 Sensitivitäts-Poweranalyse, Standard",10,Name,Sprintdistanz in m (Antrag § 3),"Ramirez-Campillo et al. (2020), Abschn. 3.5 (10 m, höchstens 14 Einheiten bzw"
398,"S18 Sensitivitäts-Poweranalyse, Standard",14,Quellwert,"Teilungsgrenze der Quelle (Ramirez-Campillo et al., 2020, Abschn. 3.5)"," et al. (2020), Abschn. 3.5 (10 m, höchstens 14 Einheiten bzw. höchstens 7 Wo"
398,"S18 Sensitivitäts-Poweranalyse, Standard",7,Quellwert,"Teilungsgrenze der Quelle (Ramirez-Campillo et al., 2020, Abschn. 3.5)","(10 m, höchstens 14 Einheiten bzw. höchstens 7 Wochen) |"
399,"S18 Sensitivitäts-Poweranalyse, Standard","0,37",Quellwert,"Moran et al. (2016), Tab. 4","| D037 | 0,37 | Moran et al. (2016), Tab. 4"
399,"S18 Sensitivitäts-Poweranalyse, Standard",2016,Fundstelle,Erscheinungsjahr einer Quelle,"| D037 | 0,37 | Moran et al. (2016), Tab. 4 (Countermovement Jum"
399,"S18 Sensitivitäts-Poweranalyse, Standard",4,Fundstelle,"Tabellen-, Abschnitts-, Spalten- oder Itemnummer einer Quelle","| D037 | 0,37 | Moran et al. (2016), Tab. 4 (Countermovement Jump, wenige"
399,"S18 Sensitivitäts-Poweranalyse, Standard","14,5",Quellwert,"Moran et al. (2016), Tab. 4","), Tab. 4 (Countermovement Jump, weniger als 14,5 Einheiten) |"
400,"S18 Sensitivitäts-Poweranalyse, Standard","0,93",Quellwert,"Ramirez-Campillo et al. (2020), Abschn. 3.5","| D093 | 0,93 | Ramirez-Campillo et al. (20"
400,"S18 Sensitivitäts-Poweranalyse, Standard",2020,Fundstelle,Erscheinungsjahr einer Quelle,"| D093 | 0,93 | Ramirez-Campillo et al. (2020), Abschn. 3.5 (10 m, mehr als"
400,"S18 Sensitivitäts-Poweranalyse, Standard",3.5,Fundstelle,"Tabellen-, Abschnitts-, Spalten- oder Itemnummer einer Quelle","93 | Ramirez-Campillo et al. (2020), Abschn. 3.5 (10 m, mehr als 14 Einheiten "
400,"S18 Sensitivitäts-Poweranalyse, Standard",10,Name,Sprintdistanz in m (Antrag § 3),"Ramirez-Campillo et al. (2020), Abschn. 3.5 (10 m, mehr als 14 Einheiten bzw."
400,"S18 Sensitivitäts-Poweranalyse, Standard",14,Quellwert,"Teilungsgrenze der Quelle (Ramirez-Campillo et al., 2020, Abschn. 3.5)","o et al. (2020), Abschn. 3.5 (10 m, mehr als 14 Einheiten bzw. mehr als 7 Woc"
400,"S18 Sensitivitäts-Poweranalyse, Standard",7,Quellwert,"Teilungsgrenze der Quelle (Ramirez-Campillo et al., 2020, Abschn. 3.5)","5 (10 m, mehr als 14 Einheiten bzw. mehr als 7 Wochen) |"
407,S19 Bootstrap-Konfidenzintervall der adj,24.09.2026,Datum,Dokumentdatum: Datum der Festlegungen und dieser Spezifikation,"Status:** nachträglich (Festlegung Verfasser 24.09.2026, O8 und Nachtrag N3, Teil F.6"
409,S19 Bootstrap-Konfidenzintervall der adj,1,"Code, Index oder Formelkonstante","Wertebereich, Index, Merkmal oder Konstante der Formel an dieser Stelle (Datenformat 0.4, Codebuch, Formel des Schritts)","ä und post, %PAH. Je Zielgröße nur bei INF = 1 (S08 Regel 3)."
409,S19 Bootstrap-Konfidenzintervall der adj,3,Gliederung,"Verweis auf Regel, Schritt, Phase, Fassung oder Abschnitt",PAH. Je Zielgröße nur bei INF = 1 (S08 Regel 3).
411,S19 Bootstrap-Konfidenzintervall der adj,1,Gliederung,Nummer eines Listenpunkts,1. Zufallszahlengenerator vor j
411,S19 Bootstrap-Konfidenzintervall der adj,20260924,Regel,Festlegung O8 (Startwert),"or vor jeder Zielgröße neu mit dem Startwert 20260924 setzen. Reihenfolge Z30, CM, "
411,S19 Bootstrap-Konfidenzintervall der adj,2,Gliederung,"Verweis auf Regel, Schritt, Phase, Fassung oder Abschnitt","924 setzen. Reihenfolge Z30, CM, SBJ. Regeln 2 bis 6 gelten je Zielgröße."
411,S19 Bootstrap-Konfidenzintervall der adj,6,Gliederung,"Verweis auf Regel, Schritt, Phase, Fassung oder Abschnitt","tzen. Reihenfolge Z30, CM, SBJ. Regeln 2 bis 6 gelten je Zielgröße."
412,S19 Bootstrap-Konfidenzintervall der adj,2,Gliederung,Nummer eines Listenpunkts,2. B = 10 000 Ziehungen. In jed
412,S19 Bootstrap-Konfidenzintervall der adj,10,Regel,Zahl der Bootstrap-Ziehungen (O8),2. B = 10 000 Ziehungen. In jeder Ziehu
412,S19 Bootstrap-Konfidenzintervall der adj,000,Regel,Zahl der Bootstrap-Ziehungen (O8),2. B = 10 000 Ziehungen. In jeder Ziehung w
413,S19 Bootstrap-Konfidenzintervall der adj,3,Gliederung,Nummer eines Listenpunkts,3. Hat die Designmatrix einer Z
414,S19 Bootstrap-Konfidenzintervall der adj,4,Gliederung,Nummer eines Listenpunkts,"4. Perzentil-KI: Quantile 0,025"
414,S19 Bootstrap-Konfidenzintervall der adj,"0,025",Formelkonstante,"Konfidenz- oder Quantilpunkt (95-%-KI, PA § 11.2, § 11.4, α = 0,05)","4. Perzentil-KI: Quantile 0,025 und 0,975 (Typ 7) der gültige"
414,S19 Bootstrap-Konfidenzintervall der adj,"0,975",Formelkonstante,"Konfidenz- oder Quantilpunkt (95-%-KI, PA § 11.2, § 11.4, α = 0,05)","4. Perzentil-KI: Quantile 0,025 und 0,975 (Typ 7) der gültigen b1*. Zus"
414,S19 Bootstrap-Konfidenzintervall der adj,7,Formelkonstante,Quantiltyp 7 (0.5 Nr. 7)," Perzentil-KI: Quantile 0,025 und 0,975 (Typ 7) der gültigen b1*. Zusätzlich"
415,S19 Bootstrap-Konfidenzintervall der adj,5,Gliederung,Nummer eines Listenpunkts,5. Monte-Carlo-Fehler je KI-Gre
415,S19 Bootstrap-Konfidenzintervall der adj,20,Regel,Blockzahl des Monte-Carlo-Fehlers (Festlegung Toleranz), Monte-Carlo-Fehler je KI-Grenze: Die ersten 20·⌊B_gültig/20⌋ gültigen b1* we
415,S19 Bootstrap-Konfidenzintervall der adj,20,Regel,Blockzahl des Monte-Carlo-Fehlers (Festlegung Toleranz),Fehler je KI-Grenze: Die ersten 20·⌊B_gültig/20⌋ gültigen b1* werden in Ziehu
415,S19 Bootstrap-Konfidenzintervall der adj,20,Regel,Blockzahl des Monte-Carlo-Fehlers (Festlegung Toleranz),ültigen b1* werden in Ziehungsreihenfolge in 20 gleich große Blöcke geteilt. 
415,S19 Bootstrap-Konfidenzintervall der adj,4,Gliederung,"Verweis auf Regel, Schritt, Phase, Fassung oder Abschnitt",e geteilt. Je Block das Quantil wie in Regel 4. MC-SE = SD der 20 Blockquant
415,S19 Bootstrap-Konfidenzintervall der adj,20,Regel,Blockzahl des Monte-Carlo-Fehlers (Festlegung Toleranz),k das Quantil wie in Regel 4. MC-SE = SD der 20 Blockquantile / √20.
415,S19 Bootstrap-Konfidenzintervall der adj,20,Regel,Blockzahl des Monte-Carlo-Fehlers (Festlegung Toleranz), Regel 4. MC-SE = SD der 20 Blockquantile / √20.
416,S19 Bootstrap-Konfidenzintervall der adj,6,Gliederung,Nummer eines Listenpunkts,6. Abgleich zweier Implementier
416,S19 Bootstrap-Konfidenzintervall der adj,6.1,Gliederung,"Verweis auf Regel, Schritt, Phase, Fassung oder Abschnitt",6. Abgleich zweier Implementierungen (Phase 6.1): Die Grenzen gelten als über
416,S19 Bootstrap-Konfidenzintervall der adj,3,Regel,Abgleichfaktor (Festlegung Toleranz),"bereinstimmend, wenn die Differenz höchstens 3·√(MC-SE_1² + MC-SE_2²) beträg"
416,S19 Bootstrap-Konfidenzintervall der adj,1,"Code, Index oder Formelkonstante","Wertebereich, Index, Merkmal oder Konstante der Formel an dieser Stelle (Datenformat 0.4, Codebuch, Formel des Schritts)","mend, wenn die Differenz höchstens 3·√(MC-SE_1² + MC-SE_2²) beträgt. Untersc"
416,S19 Bootstrap-Konfidenzintervall der adj,2,"Code, Index oder Formelkonstante","Wertebereich, Index, Merkmal oder Konstante der Formel an dieser Stelle (Datenformat 0.4, Codebuch, Formel des Schritts)",die Differenz höchstens 3·√(MC-SE_1² + MC-SE_2²) beträgt. Unterschiedliche G
418,S19 Bootstrap-Konfidenzintervall der adj,4.2,Gliederung,"Verweis auf Regel, Schritt, Phase, Fassung oder Abschnitt",tem Sollwert. Prüfung über Grenzfälle (Phase 4.2) und den Monte-Carlo-Abgleich
426,F.1 Rechenumgebung,24.09.2026,Datum,Dokumentdatum: Datum der Festlegungen und dieser Spezifikation,chtete Rechenumgebung (Verfasserentscheidung 24.09.2026). Eine Freigabe durch den Bet
426,F.1 Rechenumgebung,24.09.2026,Datum,Dokumentdatum: Datum der Festlegungen und dieser Spezifikation,den Betreuer wird nicht eingeholt (Verfasser 24.09.2026). Die Freigabe F1 der Spezifi
426,F.1 Rechenumgebung,24.09.2026,Datum,Dokumentdatum: Datum der Festlegungen und dieser Spezifikation,"be F1 der Spezifikation hat der Verfasser am 24.09.2026 selbst gegeben, ohne unabhäng"
426,F.1 Rechenumgebung,1,Fundstelle,Paragraph oder Abschnitt einer Projektquelle,"Der Antrag nennt „SPSS und/oder R“ (Antrag § 1), der Wechsel ist antragskonf"
426,F.1 Rechenumgebung,11.2,Fundstelle,Paragraph oder Abschnitt einer Projektquelle,"r als SPSS-Nebenausgabe vorgesehen war (PA § 11.2), entfällt (K24)."
428,F.2 Am 24.09.2026 entschiedene Punkte (n,24.09.2026,Gliederung,Nummer einer Überschrift,### F.2 Am 24.09.2026 entschiedene Punkte (nach dem
432,F.2 Am 24.09.2026 entschiedene Punkte (n,1,Fundstelle,"Tabellen-, Abschnitts-, Spalten- oder Itemnummer einer Quelle","| O1 | Khamis-Roche-Koeffizienten aus Tab. 1 (1994) unverändert, Erratum ("
432,F.2 Am 24.09.2026 entschiedene Punkte (n,1994,Fundstelle,Erscheinungsjahr einer Quelle," O1 | Khamis-Roche-Koeffizienten aus Tab. 1 (1994) unverändert, Erratum (1995) "
432,F.2 Am 24.09.2026 entschiedene Punkte (n,1995,Fundstelle,Erscheinungsjahr einer Quelle,"nten aus Tab. 1 (1994) unverändert, Erratum (1995) bekannt, nicht eingesehen, n"
434,F.2 Am 24.09.2026 entschiedene Punkte (n,2,"Code, Index oder Formelkonstante","Wertebereich, Index, Merkmal oder Konstante der Formel an dieser Stelle (Datenformat 0.4, Codebuch, Formel des Schritts)","SD des Analysesets, J mit df = n_IG + n_KG − 2 | S15 |"
436,F.2 Am 24.09.2026 entschiedene Punkte (n,2,"Code, Index oder Formelkonstante","Wertebereich, Index, Merkmal oder Konstante der Formel an dieser Stelle (Datenformat 0.4, Codebuch, Formel des Schritts)",gepoolte Innerspieler-SD der Spieler mit k ≥ 2 | S10 |
439,F.2 Am 24.09.2026 entschiedene Punkte (n,10,Regel,Zahl der Bootstrap-Ziehungen (O8),"| O8 | Bootstrap-KI mit B = 10 000, Startwert 20260924, Schi"
439,F.2 Am 24.09.2026 entschiedene Punkte (n,000,Regel,Zahl der Bootstrap-Ziehungen (O8),"| O8 | Bootstrap-KI mit B = 10 000, Startwert 20260924, Schichtu"
439,F.2 Am 24.09.2026 entschiedene Punkte (n,20260924,Regel,Festlegung O8 (Startwert)," O8 | Bootstrap-KI mit B = 10 000, Startwert 20260924, Schichtung nach Gruppe. Ziel"
442,F.2 Am 24.09.2026 entschiedene Punkte (n,"365,25",Regel,Festlegung K1,"| K1 | Alter in Tagen / 365,25 am Prätesttag, berechnet in P"
442,F.2 Am 24.09.2026 entschiedene Punkte (n,1,Gliederung,"Verweis auf Regel, Schritt, Phase, Fassung oder Abschnitt","n / 365,25 am Prätesttag, berechnet in Phase 1 | S05 |"
444,F.2 Am 24.09.2026 entschiedene Punkte (n,"2,54",Quellwert,"NIST SP 811 (2008), Anhang B.8","| K3 | Umrechnung mit 2,54 cm je Zoll und 0,45359237 kg "
444,F.2 Am 24.09.2026 entschiedene Punkte (n,"0,45359237",Quellwert,"NIST SP 811 (2008), Anhang B.8, Fußnote 22","| K3 | Umrechnung mit 2,54 cm je Zoll und 0,45359237 kg je Pfund | S05 |"
450,F.2 Am 24.09.2026 entschiedene Punkte (n,12,Regel,angebotene Einheiten (PA § 3.1),"| K9 | Umsetzungsrate mit Nenner 12 × zugeteilte IG-Spieler, ohne"
450,F.2 Am 24.09.2026 entschiedene Punkte (n,0,"Code, Index oder Formelkonstante","Wertebereich, Index, Merkmal oder Konstante der Formel an dieser Stelle (Datenformat 0.4, Codebuch, Formel des Schritts)","z Einzelwert fehlend, in Rate und Verteilung 0 | S07 |"
455,F.2 Am 24.09.2026 entschiedene Punkte (n,"1,96",Regel,"PA § 11.3 (MDC-Faktor, K14)","| K14 | MDC mit der Konstante 1,96. Entfällt mit Nachtrag 2 | S1"
455,F.2 Am 24.09.2026 entschiedene Punkte (n,2,Gliederung,Nummer eines Nachtrags zur Spezifikation (Teil F),"it der Konstante 1,96. Entfällt mit Nachtrag 2 | S10 |"
457,F.2 Am 24.09.2026 entschiedene Punkte (n,2,Gliederung,Nummer eines Nachtrags zur Spezifikation (Teil F),= Spieler der S-Menge. Entfällt mit Nachtrag 2 | S10 |
469,F.2 Am 24.09.2026 entschiedene Punkte (n,2,Gliederung,Nummer eines Nachtrags zur Spezifikation (Teil F)," r, roh und je Verein. Entfällt mit Nachtrag 2 | S09 |"
470,F.2 Am 24.09.2026 entschiedene Punkte (n,2,Gliederung,Nummer eines Nachtrags zur Spezifikation (Teil F),"e Zelle, zusätzlich im ITT-Set. Mit Nachtrag 2 eingeschränkt | S12 |"
471,F.2 Am 24.09.2026 entschiedene Punkte (n,2,Gliederung,Nummer eines Nachtrags zur Spezifikation (Teil F),Spieler mit Status ausgewertet. Mit Nachtrag 2 ersetzt durch die Menge ANA |
473,F.3 Bei der Ausarbeitung präzisiert (mit,24.09.2026,Gliederung,Nummer einer Überschrift,3 Bei der Ausarbeitung präzisiert (mit F1 am 24.09.2026 bestätigt)
479,F.3 Bei der Ausarbeitung präzisiert (mit,"0,975",Formelkonstante,"Konfidenz- oder Quantilpunkt (95-%-KI, PA § 11.2, § 11.4, α = 0,05)","Korrelationen mit dem ungerundeten Quantil z_0,975. Ohne Anwendung seit Nachtrag"
479,F.3 Bei der Ausarbeitung präzisiert (mit,2,Gliederung,Nummer eines Nachtrags zur Spezifikation (Teil F),"uantil z_0,975. Ohne Anwendung seit Nachtrag 2 | FA § 9 nennt nur „95-%-KI ("
479,F.3 Bei der Ausarbeitung präzisiert (mit,9,Fundstelle,Paragraph oder Abschnitt einer Projektquelle,"0,975. Ohne Anwendung seit Nachtrag 2 | FA § 9 nennt nur „95-%-KI (Fisher-z)"
479,F.3 Bei der Ausarbeitung präzisiert (mit,95,Formelkonstante,"Konfidenz- oder Quantilpunkt (95-%-KI, PA § 11.2, § 11.4, α = 0,05)",nwendung seit Nachtrag 2 | FA § 9 nennt nur „95-%-KI (Fisher-z)“. Das ungerun
480,F.3 Bei der Ausarbeitung präzisiert (mit,2,Fundstelle,Paragraph oder Abschnitt einer Projektquelle,"ilweise | So verwendet die FA den Begriff (§ 2, § 3, § 6), ohne ihn zu defin"
480,F.3 Bei der Ausarbeitung präzisiert (mit,3,Fundstelle,Paragraph oder Abschnitt einer Projektquelle,"se | So verwendet die FA den Begriff (§ 2, § 3, § 6), ohne ihn zu definieren"
480,F.3 Bei der Ausarbeitung präzisiert (mit,6,Fundstelle,Paragraph oder Abschnitt einer Projektquelle,"So verwendet die FA den Begriff (§ 2, § 3, § 6), ohne ihn zu definieren | S0"
481,F.3 Bei der Ausarbeitung präzisiert (mit,2,Gliederung,Nummer eines Nachtrags zur Spezifikation (Teil F), Kalenderregel. Ohne Anwendung seit Nachtrag 2 | Die Kalenderregel ist nach 
481,F.3 Bei der Ausarbeitung präzisiert (mit,2,Fundstelle,Paragraph oder Abschnitt einer Projektquelle,Nachtrag 2 | Die Kalenderregel ist nach FA § 2 die Hauptzuordnung | S07 |
482,F.3 Bei der Ausarbeitung präzisiert (mit,3.1,Fundstelle,Paragraph oder Abschnitt einer Projektquelle,endeckel | Entspricht der Hauptzählung (PA § 3.1). Die FA nennt den Zähler nur
484,F.3 Bei der Ausarbeitung präzisiert (mit,1,"Code, Index oder Formelkonstante","Wertebereich, Index, Merkmal oder Konstante der Formel an dieser Stelle (Datenformat 0.4, Codebuch, Formel des Schritts)","enzfähige Zielgrößen haben kein SIG. H0REJ = 1, sobald ein SIG = 1 ist, sons"
484,F.3 Bei der Ausarbeitung präzisiert (mit,1,"Code, Index oder Formelkonstante","Wertebereich, Index, Merkmal oder Konstante der Formel an dieser Stelle (Datenformat 0.4, Codebuch, Formel des Schritts)"," haben kein SIG. H0REJ = 1, sobald ein SIG = 1 ist, sonst 0. NTEST wird mit "
484,F.3 Bei der Ausarbeitung präzisiert (mit,0,"Code, Index oder Formelkonstante","Wertebereich, Index, Merkmal oder Konstante der Formel an dieser Stelle (Datenformat 0.4, Codebuch, Formel des Schritts)","IG. H0REJ = 1, sobald ein SIG = 1 ist, sonst 0. NTEST wird mit ausgegeben | "
485,F.3 Bei der Ausarbeitung präzisiert (mit,2,Gliederung,Nummer eines Nachtrags zur Spezifikation (Teil F),oweranalyse unabhängig von INF. Mit Nachtrag 2 nur für die im Plan genannten
485,F.3 Bei der Ausarbeitung präzisiert (mit,11.1,Fundstelle,Paragraph oder Abschnitt einer Projektquelle,"enannten Kombinationen | Die Tabelle in PA § 11.1 enthält alle Zielgrößen, auch"
489,F.4 Gegenüber dem Plan entfallen,1,Gliederung,Nummer eines Listenpunkts,"1. R²max = rel², Faktor SE und "
489,F.4 Gegenüber dem Plan entfallen,11.1,Fundstelle,Paragraph oder Abschnitt einer Projektquelle,"-Spanne der Sensitivitäts-Poweranalyse (PA § 11.1, § 11.5), entfallen mit O9."
489,F.4 Gegenüber dem Plan entfallen,11.5,Fundstelle,Paragraph oder Abschnitt einer Projektquelle,"der Sensitivitäts-Poweranalyse (PA § 11.1, § 11.5), entfallen mit O9."
490,F.4 Gegenüber dem Plan entfallen,2,Gliederung,Nummer eines Listenpunkts,2. Partielles η² (K24).
491,F.4 Gegenüber dem Plan entfallen,3,Gliederung,Nummer eines Listenpunkts,"3. Die Größen, die mit Nachtrag"
491,F.4 Gegenüber dem Plan entfallen,2,Gliederung,Nummer eines Nachtrags zur Spezifikation (Teil F),"3. Die Größen, die mit Nachtrag 2 entfallen (F.7)."
496,"F.5 Offen oder nicht aufgenommen, wird n",1,Gliederung,Nummer eines Listenpunkts,1. Reifebänder (%PAH-Klassen). 
497,"F.5 Offen oder nicht aufgenommen, wird n",2,Gliederung,Nummer eines Listenpunkts,2. Zeitgleiche Meldungen versch
497,"F.5 Offen oder nicht aufgenommen, wird n",1,Fundstelle,Paragraph oder Abschnitt einer Projektquelle,leiche Meldungen verschiedener Spieler (FA § 1). Die FA beschreibt den Befun
498,"F.5 Offen oder nicht aufgenommen, wird n",3,Gliederung,Nummer eines Listenpunkts,3. Modalwert des Untergrunds je
498,"F.5 Offen oder nicht aufgenommen, wird n",6,Fundstelle,Paragraph oder Abschnitt einer Projektquelle,. Modalwert des Untergrunds je Spieler (FA § 6). Keine Regel für Gleichständ
499,"F.5 Offen oder nicht aufgenommen, wird n",4,Gliederung,Nummer eines Listenpunkts,4. Kategorien aus Freitexten (G
499,"F.5 Offen oder nicht aufgenommen, wird n",6,Fundstelle,Paragraph oder Abschnitt einer Projektquelle,"on Beschwerden, Art des Fremdtrainings, FA § 6 und § 7). Freitexte sind nich"
499,"F.5 Offen oder nicht aufgenommen, wird n",7,Fundstelle,Paragraph oder Abschnitt einer Projektquelle,"werden, Art des Fremdtrainings, FA § 6 und § 7). Freitexte sind nicht Teil d"
501,F.6 Nachtrag 1 nach der Freigabe F1 (24.,1,Gliederung,Nummer einer Überschrift,### F.6 Nachtrag 1 nach der Freigabe F1 (24.09.2
501,F.6 Nachtrag 1 nach der Freigabe F1 (24.,24.09.2026,Gliederung,Nummer einer Überschrift,### F.6 Nachtrag 1 nach der Freigabe F1 (24.09.2026)
503,F.6 Nachtrag 1 nach der Freigabe F1 (24.,24.09.2026,Datum,Dokumentdatum: Datum der Festlegungen und dieser Spezifikation,"ngsprüfungen, Entscheidung des Verfassers am 24.09.2026. Die Nachträge ergänzen Ausga"
507,F.6 Nachtrag 1 nach der Freigabe F1 (24.,1,Gliederung,"Verweis auf Regel, Schritt, Phase, Fassung oder Abschnitt","fung neben dem Shapiro-Wilk-Test | S14 Regel 1, G.1 |"
508,F.6 Nachtrag 1 nach der Freigabe F1 (24.,2,Gliederung,"Verweis auf Regel, Schritt, Phase, Fassung oder Abschnitt", großen Gruppen erkennbar machen | S14 Regel 2 |
511,F.7 Nachtrag 2 nach der Freigabe F1 (24.,2,Gliederung,Nummer eines Nachtrags zur Spezifikation (Teil F),### F.7 Nachtrag 2 nach der Freigabe F1 (24.09.2
511,F.7 Nachtrag 2 nach der Freigabe F1 (24.,24.09.2026,Gliederung,Nummer einer Überschrift,### F.7 Nachtrag 2 nach der Freigabe F1 (24.09.2026)
513,F.7 Nachtrag 2 nach der Freigabe F1 (24.,24.09.2026,Datum,Dokumentdatum: Datum der Festlegungen und dieser Spezifikation,Grundlage: Entscheidung des Verfassers vom 24.09.2026 zum Berichtsumfang. Der Nacht
513,F.7 Nachtrag 2 nach der Freigabe F1 (24.,1.535,Anzahl,Zahl der Kennungen der Anlage _Kennungen.csv nach Nachtrag 2 (Teil F.7),. Die Anlage `_Kennungen.csv` enthält danach 1.535 Kennungen. Entfallene Regeln 
518,F.7 Nachtrag 2 nach der Freigabe F1 (24.,8,Gliederung,"Verweis auf Regel, Schritt, Phase, Fassung oder Abschnitt","llt, keine Ausgabe verwendet sie | S06 Regel 8 |"
519,F.7 Nachtrag 2 nach der Freigabe F1 (24.09.2026),6,Gliederung,"Verweis auf Regel, Schritt, Phase, Fassung oder Abschnitt","AP und DIST, nur IG · Verteilung für GANZ, für WOCAP und DIST nur die Schwellen 6 und 9 · Median und Mittel über die zuge"
519,F.7 Nachtrag 2 nach der Freigabe F1 (24.09.2026),9,Gliederung,"Verweis auf Regel, Schritt, Phase, Fassung oder Abschnitt"," DIST, nur IG · Verteilung für GANZ, für WOCAP und DIST nur die Schwellen 6 und 9 · Median und Mittel über die zugeteilte"
519,F.7 Nachtrag 2 nach der Freigabe F1 (24.09.2026),0,"Code, Index oder Formelkonstante","Wertebereich, Index, Merkmal oder Konstante der Formel an dieser Stelle (Datenformat 0.4, Codebuch, Formel des Schritts)"," · Median und Mittel über die zugeteilten Spieler, Spieler ohne Listenplatz mit 0 (so Regel 7 und die Kennungsanlage, Nac"
519,F.7 Nachtrag 2 nach der Freigabe F1 (24.09.2026),7,Gliederung,"Verweis auf Regel, Schritt, Phase, Fassung oder Abschnitt","d Mittel über die zugeteilten Spieler, Spieler ohne Listenplatz mit 0 (so Regel 7 und die Kennungsanlage, Nachtrag 3, N5."
519,F.7 Nachtrag 2 nach der Freigabe F1 (24.09.2026),3,Gliederung,Nummer eines Nachtrags zur Spezifikation (Teil F),"er, Spieler ohne Listenplatz mit 0 (so Regel 7 und die Kennungsanlage, Nachtrag 3, N5.2), GTWOCAP und GTDIST entfallen | "
519,F.7 Nachtrag 2 nach der Freigabe F1 (24.09.2026),3,Gliederung,"Verweis auf Regel, Schritt, Phase, Fassung oder Abschnitt","ie Kennungsanlage, Nachtrag 3, N5.2), GTWOCAP und GTDIST entfallen | S07 Regeln 3 bis 7 |"
519,F.7 Nachtrag 2 nach der Freigabe F1 (24.09.2026),7,Gliederung,"Verweis auf Regel, Schritt, Phase, Fassung oder Abschnitt","nungsanlage, Nachtrag 3, N5.2), GTWOCAP und GTDIST entfallen | S07 Regeln 3 bis 7 |"
520,F.7 Nachtrag 2 nach der Freigabe F1 (24.,8,Gliederung,"Verweis auf Regel, Schritt, Phase, Fassung oder Abschnitt",nd Zählungen je Woche entfallen | S07 Regeln 8 bis 10 |
520,F.7 Nachtrag 2 nach der Freigabe F1 (24.,10,Gliederung,"Verweis auf Regel, Schritt, Phase, Fassung oder Abschnitt",lungen je Woche entfallen | S07 Regeln 8 bis 10 |
521,F.7 Nachtrag 2 nach der Freigabe F1 (24.,11,Gliederung,"Verweis auf Regel, Schritt, Phase, Fassung oder Abschnitt",g und Summen des Load entfallen | S07 Regeln 11 und 12 |
521,F.7 Nachtrag 2 nach der Freigabe F1 (24.,12,Gliederung,"Verweis auf Regel, Schritt, Phase, Fassung oder Abschnitt",ummen des Load entfallen | S07 Regeln 11 und 12 |
522,F.7 Nachtrag 2 nach der Freigabe F1 (24.,13,Gliederung,"Verweis auf Regel, Schritt, Phase, Fassung oder Abschnitt",schlüsselung je Woche und Verein | S07 Regel 13 |
523,F.7 Nachtrag 2 nach der Freigabe F1 (24.,14,Gliederung,"Verweis auf Regel, Schritt, Phase, Fassung oder Abschnitt","TIME_SUM` ist kein Eingang mehr | S07 Regeln 14 bis 22, 0.4 |"
523,F.7 Nachtrag 2 nach der Freigabe F1 (24.,22,Gliederung,"Verweis auf Regel, Schritt, Phase, Fassung oder Abschnitt","M` ist kein Eingang mehr | S07 Regeln 14 bis 22, 0.4 |"
523,F.7 Nachtrag 2 nach der Freigabe F1 (24.,0.4,Gliederung,Verweis auf einen Abschnitt des Kopfs,"st kein Eingang mehr | S07 Regeln 14 bis 22, 0.4 |"
524,F.7 Nachtrag 2 nach der Freigabe F1 (24.,8,Gliederung,"Verweis auf Regel, Schritt, Phase, Fassung oder Abschnitt",H nur je Gruppe. Neue Menge ANA | S08 Regeln 8 und 11 |
524,F.7 Nachtrag 2 nach der Freigabe F1 (24.,11,Gliederung,"Verweis auf Regel, Schritt, Phase, Fassung oder Abschnitt",je Gruppe. Neue Menge ANA | S08 Regeln 8 und 11 |
528,F.7 Nachtrag 2 nach der Freigabe F1 (24.,3,Gliederung,"Verweis auf Regel, Schritt, Phase, Fassung oder Abschnitt", und %PAH im ITT-Set als Ausgabe | S13 Regel 3 |
532,F.7 Nachtrag 2 nach der Freigabe F1 (24.,0.3,Gliederung,Verweis auf einen Abschnitt des Kopfs,"P`, `GTDIST`, `EXP1` und `EXP2`, mit `ANA` | 0.3 |"
536,F.8 Nachtrag 3 nach der Freigabe F1 (25.09.2026),3,Gliederung,Nummer eines Nachtrags zur Spezifikation (Teil F),### F.8 Nachtrag 3 nach der Freigabe F1 (25.09.2026)
536,F.8 Nachtrag 3 nach der Freigabe F1 (25.09.2026),25.09.2026,Gliederung,Nummer einer Überschrift,### F.8 Nachtrag 3 nach der Freigabe F1 (25.09.2026)
538,F.8 Nachtrag 3 nach der Freigabe F1 (25.09.2026),6.2,Gliederung,"Verweis auf Regel, Schritt, Phase, Fassung oder Abschnitt",Grundlage: Code-Durchsicht über Kreuz der Phase 6.2 (`02_Befunde\Durchsichtsprotokoll_2026-
538,F.8 Nachtrag 3 nach der Freigabe F1 (25.09.2026),02,Gliederung,Ordner- oder Dateiname,Grundlage: Code-Durchsicht über Kreuz der Phase 6.2 (`02_Befunde\Durchsichtsprotokoll_2026-09-25
538,F.8 Nachtrag 3 nach der Freigabe F1 (25.09.2026),2026,Gliederung,Ordner- oder Dateiname,"age: Code-Durchsicht über Kreuz der Phase 6.2 (`02_Befunde\Durchsichtsprotokoll_2026-09-25`, Teil C), Entscheidung des Verfa"
538,F.8 Nachtrag 3 nach der Freigabe F1 (25.09.2026),25.09.2026,Datum,"Dokumentdatum: Datum des Nachtrags 3 (Teil F.8, Verfasserentscheidung nach der Code-Durchsicht 6.2)","funde\Durchsichtsprotokoll_2026-09-25`, Teil C), Entscheidung des Verfassers am 25.09.2026 nach bestandenem Abgleich 6.1. Beide Im"
538,F.8 Nachtrag 3 nach der Freigabe F1 (25.09.2026),6.1.,Gliederung,"Verweis auf Regel, Schritt, Phase, Fassung oder Abschnitt","`, Teil C), Entscheidung des Verfassers am 25.09.2026 nach bestandenem Abgleich 6.1. Beide Implementierungen hatten die vier"
542,F.8 Nachtrag 3 nach der Freigabe F1 (25.09.2026),9,Gliederung,"Verweis auf Regel, Schritt, Phase, Fassung oder Abschnitt","d „Eingang fehlt“, auch bei Alter außerhalb des Gültigkeitsbereichs | S05 Regel 9, G.1 Nr. 4 | Der Vorrang der Gründe war"
542,F.8 Nachtrag 3 nach der Freigabe F1 (25.09.2026),4,Gliederung,"Verweis auf Regel, Schritt, Phase, Fassung oder Abschnitt","fehlt“, auch bei Alter außerhalb des Gültigkeitsbereichs | S05 Regel 9, G.1 Nr. 4 | Der Vorrang der Gründe war nicht fest"
543,F.8 Nachtrag 3 nach der Freigabe F1 (25.09.2026),0,"Code, Index oder Formelkonstante","Wertebereich, Index, Merkmal oder Konstante der Formel an dieser Stelle (Datenformat 0.4, Codebuch, Formel des Schritts)","el der Adhärenz GANZ über die zugeteilten Spieler, Spieler ohne Listenplatz mit 0 | F.7 N4.3, S07 Regel 7 | N4.3 sagte „ü"
543,F.8 Nachtrag 3 nach der Freigabe F1 (25.09.2026),7,Gliederung,"Verweis auf Regel, Schritt, Phase, Fassung oder Abschnitt","r die zugeteilten Spieler, Spieler ohne Listenplatz mit 0 | F.7 N4.3, S07 Regel 7 | N4.3 sagte „über Spieler mit Meldung“"
543,F.8 Nachtrag 3 nach der Freigabe F1 (25.09.2026),7,Gliederung,"Verweis auf Regel, Schritt, Phase, Fassung oder Abschnitt","tz mit 0 | F.7 N4.3, S07 Regel 7 | N4.3 sagte „über Spieler mit Meldung“, Regel 7 und die Kennungsanlage („je zugeteiltem"
544,F.8 Nachtrag 3 nach der Freigabe F1 (25.09.2026),1e-7,Regel,"Toleranz der Rangbestimmung der QR-Zerlegung (0.5 Nr. 11, Nachtrag 3, N5.3, Klarstellung nach Durchsichtsprotokoll 6.2 Teil A.3 Nr. 2)",| N5.3 | Rang der Designmatrix nach QR-Zerlegung mit Toleranz 1e-7 auf der spaltenskalierten Matrix oder g
544,F.8 Nachtrag 3 nach der Freigabe F1 (25.09.2026),0.5,Gliederung,"Verweis auf Regel, Schritt, Phase, Fassung oder Abschnitt",erlegung mit Toleranz 1e-7 auf der spaltenskalierten Matrix oder gleichwertig | 0.5 Nr. 11 | Das Rangkriterium war nicht be
544,F.8 Nachtrag 3 nach der Freigabe F1 (25.09.2026),11,Gliederung,"Verweis auf Regel, Schritt, Phase, Fassung oder Abschnitt", mit Toleranz 1e-7 auf der spaltenskalierten Matrix oder gleichwertig | 0.5 Nr. 11 | Das Rangkriterium war nicht beziffert
545,F.8 Nachtrag 3 nach der Freigabe F1 (25.09.2026),6,Gliederung,"Verweis auf Regel, Schritt, Phase, Fassung oder Abschnitt",nprobe darf den Dateinamen der Grafiken den Zusatz `_Python` anhängen | G.1 Nr. 6 | Die Dateinamen waren nur für eine Imp
553,G.1 Ergebnisdatei,1,Gliederung,Nummer eines Listenpunkts,"1. Eine CSV-Datei, Kodierung UT"
554,G.1 Ergebnisdatei,2,Gliederung,Nummer eines Listenpunkts,2. Jede Kennung aus `_Kennungen
555,G.1 Ergebnisdatei,3,Gliederung,Nummer eines Listenpunkts,3. Werte ungerundet mit mindest
555,G.1 Ergebnisdatei,0,"Code, Index oder Formelkonstante","Wertebereich, Index, Merkmal oder Konstante der Formel an dieser Stelle (Datenformat 0.4, Codebuch, Formel des Schritts)",issenschaftlicher Schreibweise. Merkmale als 0 oder 1. Anzahlen als ganze Za
555,G.1 Ergebnisdatei,1,"Code, Index oder Formelkonstante","Wertebereich, Index, Merkmal oder Konstante der Formel an dieser Stelle (Datenformat 0.4, Codebuch, Formel des Schritts)",haftlicher Schreibweise. Merkmale als 0 oder 1. Anzahlen als ganze Zahlen.
556,G.1 Ergebnisdatei,4,Gliederung,Nummer eines Listenpunkts,4. Ein fehlender Wert steht mit leerem Fe
556,G.1 Ergebnisdatei,3,Gliederung,Nummer eines Nachtrags zur Spezifikation (Teil F),"t geprüfte, in S05 „Eingang fehlt“ vor „außerhalb Gültigkeitsbereich“ (Nachtrag 3, N5.1)."
557,G.1 Ergebnisdatei,5,Gliederung,Nummer eines Listenpunkts,5. Einheit je Kennung wie in `_
558,G.1 Ergebnisdatei,6,Gliederung,Nummer eines Listenpunkts,6. Grafiken aus S14 Regel 1 und Regel 4 a
558,G.1 Ergebnisdatei,1,Gliederung,"Verweis auf Regel, Schritt, Phase, Fassung oder Abschnitt",6. Grafiken aus S14 Regel 1 und Regel 4 als Dateien `S14_QQ_<ZIEL>`
558,G.1 Ergebnisdatei,4,Gliederung,"Verweis auf Regel, Schritt, Phase, Fassung oder Abschnitt",6. Grafiken aus S14 Regel 1 und Regel 4 als Dateien `S14_QQ_<ZIEL>` und `S14_Li
558,G.1 Ergebnisdatei,3,Gliederung,Nummer eines Nachtrags zur Spezifikation (Teil F),"g. Die Gegenprobe darf ihren Dateinamen den Zusatz `_Python` anhängen (Nachtrag 3, N5.4)."
559,G.1 Ergebnisdatei,7,Gliederung,Nummer eines Listenpunkts,7. Zwischendateien je Schritt (
560,G.1 Ergebnisdatei,8,Gliederung,Nummer eines Listenpunkts,8. Die Anlagen dieser Spezifika
560,G.1 Ergebnisdatei,1,Gliederung,"Verweis auf Regel, Schritt, Phase, Fassung oder Abschnitt", Spezifikation folgen derselben Form wie Nr. 1.
562,G.2 Referenztests (Phase 4),4,Gliederung,Nummer einer Überschrift,### G.2 Referenztests (Phase 4)
564,G.2 Referenztests (Phase 4),0,"Code, Index oder Formelkonstante","Wertebereich, Index, Merkmal oder Konstante der Formel an dieser Stelle (Datenformat 0.4, Codebuch, Formel des Schritts)","llwert, eigener Wert, Abweichung, bestanden (0 oder 1). Die Sollwerte sind w"
564,G.2 Referenztests (Phase 4),1,"Code, Index oder Formelkonstante","Wertebereich, Index, Merkmal oder Konstante der Formel an dieser Stelle (Datenformat 0.4, Codebuch, Formel des Schritts)"," eigener Wert, Abweichung, bestanden (0 oder 1). Die Sollwerte sind wörtlich"
568,G.2 Referenztests (Phase 4),1,"Code, Index oder Formelkonstante","Wertebereich, Index, Merkmal oder Konstante der Formel an dieser Stelle (Datenformat 0.4, Codebuch, Formel des Schritts)"," StRD NumAcc1 | Mittel und SD mit Nenner n − 1, Stellengenauigkeit | S04, S1"
570,G.2 Referenztests (Phase 4),0.5,Gliederung,Verweis auf einen Abschnitt des Kopfs,"nz bei schlecht konditionierten Daten | S15, 0.5 Nr. 2 |"
570,G.2 Referenztests (Phase 4),2,Gliederung,"Verweis auf Regel, Schritt, Phase, Fassung oder Abschnitt","chlecht konditionierten Daten | S15, 0.5 Nr. 2 |"
573,G.2 Referenztests (Phase 4),1.3,Fundstelle,"Tabellen-, Abschnitts-, Spalten- oder Itemnummer einer Quelle","| R06 | NIST/SEMATECH e-Handbook 1.3.6.7.2 | t-Quantile | S13, S15"
574,G.2 Referenztests (Phase 4),1.3,Fundstelle,"Tabellen-, Abschnitts-, Spalten- oder Itemnummer einer Quelle",| R07 | NIST/SEMATECH e-Handbook 1.3.6.7.4 | χ²-Quantile | S10 |
575,G.2 Referenztests (Phase 4),1.3,Fundstelle,"Tabellen-, Abschnitts-, Spalten- oder Itemnummer einer Quelle","| R08 | NIST/SEMATECH e-Handbook 1.3.5.10, GEAR | Brown-Forsythe ("
577,G.2 Referenztests (Phase 4),1994,Fundstelle,Erscheinungsjahr einer Quelle,"| R10 | Khamis & Roche (1994), S. 507 | Vorhersagegleichun"
577,G.2 Referenztests (Phase 4),507,Fundstelle,Seitenzahl einer Quelle,"| R10 | Khamis & Roche (1994), S. 507 | Vorhersagegleichung | S05 |"
578,G.2 Referenztests (Phase 4),2013,Fundstelle,Erscheinungsjahr einer Quelle,"| R11 | Lakens (2013), Tab. 3 und Beispiel | Cohen"
578,G.2 Referenztests (Phase 4),3,Fundstelle,"Tabellen-, Abschnitts-, Spalten- oder Itemnummer einer Quelle","| R11 | Lakens (2013), Tab. 3 und Beispiel | Cohens d, Hedg"
579,G.2 Referenztests (Phase 4),29,Fundstelle,Seitenzahl einer Quelle,"| R12 | G*Power-3.1-Handbuch S. 29 · Cohen (1988), Tab. 8.3.12, "
579,G.2 Referenztests (Phase 4),1988,Fundstelle,Erscheinungsjahr einer Quelle,"| R12 | G*Power-3.1-Handbuch S. 29 · Cohen (1988), Tab. 8.3.12, 8.4.4, 2.4.1 |"
579,G.2 Referenztests (Phase 4),8.3,Fundstelle,"Tabellen-, Abschnitts-, Spalten- oder Itemnummer einer Quelle","ower-3.1-Handbuch S. 29 · Cohen (1988), Tab. 8.3.12, 8.4.4, 2.4.1 | nichtzentr"
579,G.2 Referenztests (Phase 4),8.4,Gliederung oder Fundstelle,"Nummer eines Abschnitts, Schritts oder Paragraphen einer Quelle","-Handbuch S. 29 · Cohen (1988), Tab. 8.3.12, 8.4.4, 2.4.1 | nichtzentrale F-Ve"
579,G.2 Referenztests (Phase 4),2.4,Gliederung oder Fundstelle,"Nummer eines Abschnitts, Schritts oder Paragraphen einer Quelle","ch S. 29 · Cohen (1988), Tab. 8.3.12, 8.4.4, 2.4.1 | nichtzentrale F-Verteilun"
580,G.2 Referenztests (Phase 4),1.3,Fundstelle,"Tabellen-, Abschnitts-, Spalten- oder Itemnummer einer Quelle","| R13 | NIST/SEMATECH e-Handbook 1.3.5.8, GEAR | χ²-Test der Varia"
582,G.2 Referenztests (Phase 4),4,"Code, Index oder Formelkonstante","Wertebereich, Index, Merkmal oder Konstante der Formel an dieser Stelle (Datenformat 0.4, Codebuch, Formel des Schritts)"," N − k der Quelle verwendet, nicht df2 = N − 4 aus S18. Die Power-Funktion n"
584,G.3 Toleranzen für den Abgleich (Phase 6,6.1,Gliederung,Nummer einer Überschrift,### G.3 Toleranzen für den Abgleich (Phase 6.1)
589,G.3 Toleranzen für den Abgleich (Phase 6,1e-9,Regel,Toleranz G.3 (Festlegung 24.09.2026)," Schritte außer den folgenden) | \|a − b\| ≤ 1e-9 · max(1, \|a\|) |"
589,G.3 Toleranzen für den Abgleich (Phase 6,1,"Code, Index oder Formelkonstante","Wertebereich, Index, Merkmal oder Konstante der Formel an dieser Stelle (Datenformat 0.4, Codebuch, Formel des Schritts)","ußer den folgenden) | \|a − b\| ≤ 1e-9 · max(1, \|a\|) |"
590,G.3 Toleranzen für den Abgleich (Phase 6,1e-6,Regel,Toleranz G.3 (Festlegung 24.09.2026),traler Verteilungen) | relative Abweichung ≤ 1e-6 |
591,G.3 Toleranzen für den Abgleich (Phase 6,3,Regel,Abgleichfaktor (Festlegung Toleranz),| Zufallsverfahren (S19) | Differenz ≤ 3 · √(MC-SE_1² + MC-SE_2²) |
591,G.3 Toleranzen für den Abgleich (Phase 6,1,"Code, Index oder Formelkonstante","Wertebereich, Index, Merkmal oder Konstante der Formel an dieser Stelle (Datenformat 0.4, Codebuch, Formel des Schritts)",llsverfahren (S19) | Differenz ≤ 3 · √(MC-SE_1² + MC-SE_2²) |
591,G.3 Toleranzen für den Abgleich (Phase 6,2,"Code, Index oder Formelkonstante","Wertebereich, Index, Merkmal oder Konstante der Formel an dieser Stelle (Datenformat 0.4, Codebuch, Formel des Schritts)",n (S19) | Differenz ≤ 3 · √(MC-SE_1² + MC-SE_2²) |
593,G.3 Toleranzen für den Abgleich (Phase 6,9,Regel,Toleranz NIST (G.3),ikatswerten | Übereinstimmung auf mindestens 9 signifikante Stellen |
595,G.3 Toleranzen für den Abgleich (Phase 6,6,Gliederung,"Verweis auf Regel, Schritt, Phase, Fassung oder Abschnitt","ng außerhalb der Toleranz, wird sie in Phase 6 geklärt, nicht durch Anpassen"
605,H.1 Vorgehen und Ergebnis,15.09.2026,Datum,Dokumentdatum: Sperrdatum laut Auswertungsverfahren,"e-, p- oder Effektwert und kein Ergebnis vom 15.09.2026. Bei der Prüfung entfernt wur"
605,H.1 Vorgehen und Ergebnis,11.5,Fundstelle,Paragraph oder Abschnitt einer Projektquelle,"en die beiden Grenzen der R²-Spanne aus PA § 11.5, weil sie aus den eigenen Mes"
611,H.2 Arten von Zahlen,0.3,Wiederholung in Teil H,"Wert aus den Teilen 0 bis G, Herkunft in derselben Tabellenzeile von Teil H","14 und weitere Größenkürzel | Kennungsschema 0.3, Codebuch, Projektquellen |"
612,H.2 Arten von Zahlen,12,Wiederholung in Teil H,"Wert aus den Teilen 0 bis G, Herkunft in derselben Tabellenzeile von Teil H","Listenpunkten, Schritten und Phasen, Fassung 12 der PA | Aufbau dieses Dokume"
613,H.2 Arten von Zahlen,3.1,Wiederholung in Teil H,"Wert aus den Teilen 0 bis G, Herkunft in derselben Tabellenzeile von Teil H","len | Paragraphen der Projektquellen (etwa § 3.1, § 11.9, B0.2, B7), Seiten, T"
613,H.2 Arten von Zahlen,11.9,Wiederholung in Teil H,"Wert aus den Teilen 0 bis G, Herkunft in derselben Tabellenzeile von Teil H","aragraphen der Projektquellen (etwa § 3.1, § 11.9, B0.2, B7), Seiten, Tabellen,"
614,H.2 Arten von Zahlen,16.06.2026,Wiederholung in Teil H,"Wert aus den Teilen 0 bis G, Herkunft in derselben Tabellenzeile von Teil H",| Dokumentdaten | 16.06.2026 Ethikantrag · 24.08.2026 Code
614,H.2 Arten von Zahlen,24.08.2026,Wiederholung in Teil H,"Wert aus den Teilen 0 bis G, Herkunft in derselben Tabellenzeile von Teil H",| Dokumentdaten | 16.06.2026 Ethikantrag · 24.08.2026 Codebuch · 09.09.2026 Versuch
614,H.2 Arten von Zahlen,09.09.2026,Wiederholung in Teil H,"Wert aus den Teilen 0 bis G, Herkunft in derselben Tabellenzeile von Teil H",.06.2026 Ethikantrag · 24.08.2026 Codebuch · 09.09.2026 Versuchszahl-Protokollbefund 
614,H.2 Arten von Zahlen,11.09.2026,Wiederholung in Teil H,"Wert aus den Teilen 0 bis G, Herkunft in derselben Tabellenzeile von Teil H", · 09.09.2026 Versuchszahl-Protokollbefund · 11.09.2026 Festlegung der Per-Protokoll-
614,H.2 Arten von Zahlen,12.09.2026,Wiederholung in Teil H,"Wert aus den Teilen 0 bis G, Herkunft in derselben Tabellenzeile von Teil H",2026 Festlegung der Per-Protokoll-Schwelle · 12.09.2026 Auswertungsplan und FA · 13.0
614,H.2 Arten von Zahlen,13.09.2026,Wiederholung in Teil H,"Wert aus den Teilen 0 bis G, Herkunft in derselben Tabellenzeile von Teil H",hwelle · 12.09.2026 Auswertungsplan und FA · 13.09.2026 PA Fassung 12 · 15.09.2026 Sp
614,H.2 Arten von Zahlen,12,Wiederholung in Teil H,"Wert aus den Teilen 0 bis G, Herkunft in derselben Tabellenzeile von Teil H",swertungsplan und FA · 13.09.2026 PA Fassung 12 · 15.09.2026 Sperrdatum · 24.
614,H.2 Arten von Zahlen,15.09.2026,Wiederholung in Teil H,"Wert aus den Teilen 0 bis G, Herkunft in derselben Tabellenzeile von Teil H",ungsplan und FA · 13.09.2026 PA Fassung 12 · 15.09.2026 Sperrdatum · 24.09.2026 Festl
614,H.2 Arten von Zahlen,24.09.2026,Wiederholung in Teil H,"Wert aus den Teilen 0 bis G, Herkunft in derselben Tabellenzeile von Teil H",2026 PA Fassung 12 · 15.09.2026 Sperrdatum · 24.09.2026 Festlegungen und Spezifikatio
614,H.2 Arten von Zahlen,01.06.2023,Wiederholung in Teil H,"Wert aus den Teilen 0 bis G, Herkunft in derselben Tabellenzeile von Teil H", 24.09.2026 Festlegungen und Spezifikation · 01.06.2023 G*Power-Handbuch | jeweilige 
615,H.2 Arten von Zahlen,5,Wiederholung in Teil H,"Wert aus den Teilen 0 bis G, Herkunft in derselben Tabellenzeile von Teil H","| Namen von Tests und Zielgrößen | 5, 10 und 30 als Sprintdistanze"
615,H.2 Arten von Zahlen,10,Wiederholung in Teil H,"Wert aus den Teilen 0 bis G, Herkunft in derselben Tabellenzeile von Teil H","| Namen von Tests und Zielgrößen | 5, 10 und 30 als Sprintdistanzen in"
615,H.2 Arten von Zahlen,30,Wiederholung in Teil H,"Wert aus den Teilen 0 bis G, Herkunft in derselben Tabellenzeile von Teil H","| Namen von Tests und Zielgrößen | 5, 10 und 30 als Sprintdistanzen in m · 50"
615,H.2 Arten von Zahlen,505,Wiederholung in Teil H,"Wert aus den Teilen 0 bis G, Herkunft in derselben Tabellenzeile von Teil H","en | 5, 10 und 30 als Sprintdistanzen in m · 505 als Name des Richtungswechsel"
615,H.2 Arten von Zahlen,3,Wiederholung in Teil H,"Wert aus den Teilen 0 bis G, Herkunft in derselben Tabellenzeile von Teil H",e des Richtungswechseltests · U15 | Antrag § 3 |
616,H.2 Arten von Zahlen,1,Wiederholung in Teil H,"Wert aus den Teilen 0 bis G, Herkunft in derselben Tabellenzeile von Teil H","| Codes und Wertebereiche | Versuch 1 bis 3 · Familiarisierung 1, 2"
616,H.2 Arten von Zahlen,3,Wiederholung in Teil H,"Wert aus den Teilen 0 bis G, Herkunft in derselben Tabellenzeile von Teil H","| Codes und Wertebereiche | Versuch 1 bis 3 · Familiarisierung 1, 2 · G ="
616,H.2 Arten von Zahlen,1,Wiederholung in Teil H,"Wert aus den Teilen 0 bis G, Herkunft in derselben Tabellenzeile von Teil H","ereiche | Versuch 1 bis 3 · Familiarisierung 1, 2 · G = 1 und 0 · Merkmale 0"
616,H.2 Arten von Zahlen,2,Wiederholung in Teil H,"Wert aus den Teilen 0 bis G, Herkunft in derselben Tabellenzeile von Teil H","iche | Versuch 1 bis 3 · Familiarisierung 1, 2 · G = 1 und 0 · Merkmale 0 un"
616,H.2 Arten von Zahlen,1,Wiederholung in Teil H,"Wert aus den Teilen 0 bis G, Herkunft in derselben Tabellenzeile von Teil H","ersuch 1 bis 3 · Familiarisierung 1, 2 · G = 1 und 0 · Merkmale 0 und 1 · H0"
616,H.2 Arten von Zahlen,0,Wiederholung in Teil H,"Wert aus den Teilen 0 bis G, Herkunft in derselben Tabellenzeile von Teil H"," 1 bis 3 · Familiarisierung 1, 2 · G = 1 und 0 · Merkmale 0 und 1 · H010 1 b"
616,H.2 Arten von Zahlen,0,Wiederholung in Teil H,"Wert aus den Teilen 0 bis G, Herkunft in derselben Tabellenzeile von Teil H","miliarisierung 1, 2 · G = 1 und 0 · Merkmale 0 und 1 · H010 1 bis 22 · H002 "
616,H.2 Arten von Zahlen,1,Wiederholung in Teil H,"Wert aus den Teilen 0 bis G, Herkunft in derselben Tabellenzeile von Teil H","isierung 1, 2 · G = 1 und 0 · Merkmale 0 und 1 · H010 1 bis 22 · H002 = 1 · "
616,H.2 Arten von Zahlen,1,Wiederholung in Teil H,"Wert aus den Teilen 0 bis G, Herkunft in derselben Tabellenzeile von Teil H","1, 2 · G = 1 und 0 · Merkmale 0 und 1 · H010 1 bis 22 · H002 = 1 · H003 1 bi"
616,H.2 Arten von Zahlen,22,Wiederholung in Teil H,"Wert aus den Teilen 0 bis G, Herkunft in derselben Tabellenzeile von Teil H", G = 1 und 0 · Merkmale 0 und 1 · H010 1 bis 22 · H002 = 1 · H003 1 bis 12 · 
616,H.2 Arten von Zahlen,1,Wiederholung in Teil H,"Wert aus den Teilen 0 bis G, Herkunft in derselben Tabellenzeile von Teil H", · Merkmale 0 und 1 · H010 1 bis 22 · H002 = 1 · H003 1 bis 12 · H004 1 bis 
616,H.2 Arten von Zahlen,1,Wiederholung in Teil H,"Wert aus den Teilen 0 bis G, Herkunft in derselben Tabellenzeile von Teil H",le 0 und 1 · H010 1 bis 22 · H002 = 1 · H003 1 bis 12 · H004 1 bis 3 · H005 
616,H.2 Arten von Zahlen,12,Wiederholung in Teil H,"Wert aus den Teilen 0 bis G, Herkunft in derselben Tabellenzeile von Teil H",nd 1 · H010 1 bis 22 · H002 = 1 · H003 1 bis 12 · H004 1 bis 3 · H005 1 bis 1
616,H.2 Arten von Zahlen,1,Wiederholung in Teil H,"Wert aus den Teilen 0 bis G, Herkunft in derselben Tabellenzeile von Teil H",0 1 bis 22 · H002 = 1 · H003 1 bis 12 · H004 1 bis 3 · H005 1 bis 11 · H006 
616,H.2 Arten von Zahlen,3,Wiederholung in Teil H,"Wert aus den Teilen 0 bis G, Herkunft in derselben Tabellenzeile von Teil H",s 22 · H002 = 1 · H003 1 bis 12 · H004 1 bis 3 · H005 1 bis 11 · H006 1 bis 
616,H.2 Arten von Zahlen,1,Wiederholung in Teil H,"Wert aus den Teilen 0 bis G, Herkunft in derselben Tabellenzeile von Teil H",02 = 1 · H003 1 bis 12 · H004 1 bis 3 · H005 1 bis 11 · H006 1 bis 5 · H007 
616,H.2 Arten von Zahlen,11,Wiederholung in Teil H,"Wert aus den Teilen 0 bis G, Herkunft in derselben Tabellenzeile von Teil H", · H003 1 bis 12 · H004 1 bis 3 · H005 1 bis 11 · H006 1 bis 5 · H007 bis H00
616,H.2 Arten von Zahlen,1,Wiederholung in Teil H,"Wert aus den Teilen 0 bis G, Herkunft in derselben Tabellenzeile von Teil H",bis 12 · H004 1 bis 3 · H005 1 bis 11 · H006 1 bis 5 · H007 bis H009 1 und 2
616,H.2 Arten von Zahlen,5,Wiederholung in Teil H,"Wert aus den Teilen 0 bis G, Herkunft in derselben Tabellenzeile von Teil H", · H004 1 bis 3 · H005 1 bis 11 · H006 1 bis 5 · H007 bis H009 1 und 2 · CR-
616,H.2 Arten von Zahlen,1,Wiederholung in Teil H,"Wert aus den Teilen 0 bis G, Herkunft in derselben Tabellenzeile von Teil H",H005 1 bis 11 · H006 1 bis 5 · H007 bis H009 1 und 2 · CR-10-Stufen 0 bis 10
616,H.2 Arten von Zahlen,2,Wiederholung in Teil H,"Wert aus den Teilen 0 bis G, Herkunft in derselben Tabellenzeile von Teil H", bis 11 · H006 1 bis 5 · H007 bis H009 1 und 2 · CR-10-Stufen 0 bis 10 · k =
616,H.2 Arten von Zahlen,0,Wiederholung in Teil H,"Wert aus den Teilen 0 bis G, Herkunft in derselben Tabellenzeile von Teil H",bis 5 · H007 bis H009 1 und 2 · CR-10-Stufen 0 bis 10 · k = 0 bis 3 · Zählwe
616,H.2 Arten von Zahlen,10,Wiederholung in Teil H,"Wert aus den Teilen 0 bis G, Herkunft in derselben Tabellenzeile von Teil H",· H007 bis H009 1 und 2 · CR-10-Stufen 0 bis 10 · k = 0 bis 3 · Zählwerte 0 b
616,H.2 Arten von Zahlen,0,Wiederholung in Teil H,"Wert aus den Teilen 0 bis G, Herkunft in derselben Tabellenzeile von Teil H",s H009 1 und 2 · CR-10-Stufen 0 bis 10 · k = 0 bis 3 · Zählwerte 0 bis 12 · 
616,H.2 Arten von Zahlen,3,Wiederholung in Teil H,"Wert aus den Teilen 0 bis G, Herkunft in derselben Tabellenzeile von Teil H", 1 und 2 · CR-10-Stufen 0 bis 10 · k = 0 bis 3 · Zählwerte 0 bis 12 · CASE 5
616,H.2 Arten von Zahlen,0,Wiederholung in Teil H,"Wert aus den Teilen 0 bis G, Herkunft in derselben Tabellenzeile von Teil H","10-Stufen 0 bis 10 · k = 0 bis 3 · Zählwerte 0 bis 12 · CASE 59, 70, 140, 15"
616,H.2 Arten von Zahlen,12,Wiederholung in Teil H,"Wert aus den Teilen 0 bis G, Herkunft in derselben Tabellenzeile von Teil H","fen 0 bis 10 · k = 0 bis 3 · Zählwerte 0 bis 12 · CASE 59, 70, 140, 158, 165,"
616,H.2 Arten von Zahlen,59,Wiederholung in Teil H,"Wert aus den Teilen 0 bis G, Herkunft in derselben Tabellenzeile von Teil H","10 · k = 0 bis 3 · Zählwerte 0 bis 12 · CASE 59, 70, 140, 158, 165, 190, 206 "
616,H.2 Arten von Zahlen,70,Wiederholung in Teil H,"Wert aus den Teilen 0 bis G, Herkunft in derselben Tabellenzeile von Teil H"," k = 0 bis 3 · Zählwerte 0 bis 12 · CASE 59, 70, 140, 158, 165, 190, 206 | Da"
616,H.2 Arten von Zahlen,140,Wiederholung in Teil H,"Wert aus den Teilen 0 bis G, Herkunft in derselben Tabellenzeile von Teil H"," 0 bis 3 · Zählwerte 0 bis 12 · CASE 59, 70, 140, 158, 165, 190, 206 | Datenfo"
616,H.2 Arten von Zahlen,158,Wiederholung in Teil H,"Wert aus den Teilen 0 bis G, Herkunft in derselben Tabellenzeile von Teil H","s 3 · Zählwerte 0 bis 12 · CASE 59, 70, 140, 158, 165, 190, 206 | Datenformat "
616,H.2 Arten von Zahlen,165,Wiederholung in Teil H,"Wert aus den Teilen 0 bis G, Herkunft in derselben Tabellenzeile von Teil H"," Zählwerte 0 bis 12 · CASE 59, 70, 140, 158, 165, 190, 206 | Datenformat 0.4, "
616,H.2 Arten von Zahlen,190,Wiederholung in Teil H,"Wert aus den Teilen 0 bis G, Herkunft in derselben Tabellenzeile von Teil H","werte 0 bis 12 · CASE 59, 70, 140, 158, 165, 190, 206 | Datenformat 0.4, Codeb"
616,H.2 Arten von Zahlen,206,Wiederholung in Teil H,"Wert aus den Teilen 0 bis G, Herkunft in derselben Tabellenzeile von Teil H"," 0 bis 12 · CASE 59, 70, 140, 158, 165, 190, 206 | Datenformat 0.4, Codebuch, "
616,H.2 Arten von Zahlen,0.4,Wiederholung in Teil H,"Wert aus den Teilen 0 bis G, Herkunft in derselben Tabellenzeile von Teil H","9, 70, 140, 158, 165, 190, 206 | Datenformat 0.4, Codebuch, FA § 1, PA § 3.1 |"
616,H.2 Arten von Zahlen,1,Wiederholung in Teil H,"Wert aus den Teilen 0 bis G, Herkunft in derselben Tabellenzeile von Teil H",", 190, 206 | Datenformat 0.4, Codebuch, FA § 1, PA § 3.1 |"
616,H.2 Arten von Zahlen,3.1,Wiederholung in Teil H,"Wert aus den Teilen 0 bis G, Herkunft in derselben Tabellenzeile von Teil H","06 | Datenformat 0.4, Codebuch, FA § 1, PA § 3.1 |"
617,H.2 Arten von Zahlen,1,Wiederholung in Teil H,"Wert aus den Teilen 0 bis G, Herkunft in derselben Tabellenzeile von Teil H",| Formelkonstanten | Freiheitsgrade n − 1 bis n − 5 und N − 4 · 2 im Mi
617,H.2 Arten von Zahlen,5,Wiederholung in Teil H,"Wert aus den Teilen 0 bis G, Herkunft in derselben Tabellenzeile von Teil H",melkonstanten | Freiheitsgrade n − 1 bis n − 5 und N − 4 · 2 im Mittel zweie
617,H.2 Arten von Zahlen,4,Wiederholung in Teil H,"Wert aus den Teilen 0 bis G, Herkunft in derselben Tabellenzeile von Teil H",ten | Freiheitsgrade n − 1 bis n − 5 und N − 4 · 2 im Mittel zweier Werte un
617,H.2 Arten von Zahlen,2,Wiederholung in Teil H,"Wert aus den Teilen 0 bis G, Herkunft in derselben Tabellenzeile von Teil H",| Freiheitsgrade n − 1 bis n − 5 und N − 4 · 2 im Mittel zweier Werte und im
617,H.2 Arten von Zahlen,1,Wiederholung in Teil H,"Wert aus den Teilen 0 bis G, Herkunft in derselben Tabellenzeile von Teil H","el zweier Werte und im zweiseitigen p-Wert · 1, 3 und 4 in J · 100 für Proze"
617,H.2 Arten von Zahlen,3,Wiederholung in Teil H,"Wert aus den Teilen 0 bis G, Herkunft in derselben Tabellenzeile von Teil H","zweier Werte und im zweiseitigen p-Wert · 1, 3 und 4 in J · 100 für Prozent "
617,H.2 Arten von Zahlen,4,Wiederholung in Teil H,"Wert aus den Teilen 0 bis G, Herkunft in derselben Tabellenzeile von Teil H"," Werte und im zweiseitigen p-Wert · 1, 3 und 4 in J · 100 für Prozent · 60 S"
617,H.2 Arten von Zahlen,100,Wiederholung in Teil H,"Wert aus den Teilen 0 bis G, Herkunft in derselben Tabellenzeile von Teil H","d im zweiseitigen p-Wert · 1, 3 und 4 in J · 100 für Prozent · 60 Sekunden je "
617,H.2 Arten von Zahlen,60,Wiederholung in Teil H,"Wert aus den Teilen 0 bis G, Herkunft in derselben Tabellenzeile von Teil H","p-Wert · 1, 3 und 4 in J · 100 für Prozent · 60 Sekunden je Minute · Quantilp"
617,H.2 Arten von Zahlen,"0,025",Wiederholung in Teil H,"Wert aus den Teilen 0 bis G, Herkunft in derselben Tabellenzeile von Teil H","zent · 60 Sekunden je Minute · Quantilpunkte 0,025, 0,95 und 0,975 · Quantiltyp "
617,H.2 Arten von Zahlen,"0,95",Wiederholung in Teil H,"Wert aus den Teilen 0 bis G, Herkunft in derselben Tabellenzeile von Teil H","60 Sekunden je Minute · Quantilpunkte 0,025, 0,95 und 0,975 · Quantiltyp 7 · 20"
617,H.2 Arten von Zahlen,"0,975",Wiederholung in Teil H,"Wert aus den Teilen 0 bis G, Herkunft in derselben Tabellenzeile von Teil H","en je Minute · Quantilpunkte 0,025, 0,95 und 0,975 · Quantiltyp 7 · 20 als Block"
617,H.2 Arten von Zahlen,7,Wiederholung in Teil H,"Wert aus den Teilen 0 bis G, Herkunft in derselben Tabellenzeile von Teil H","tilpunkte 0,025, 0,95 und 0,975 · Quantiltyp 7 · 20 als Blockzahl im Monte-C"
617,H.2 Arten von Zahlen,20,Wiederholung in Teil H,"Wert aus den Teilen 0 bis G, Herkunft in derselben Tabellenzeile von Teil H","unkte 0,025, 0,95 und 0,975 · Quantiltyp 7 · 20 als Blockzahl im Monte-Carlo-"
623,"H.3 Regeln, Schwellen und Quellwerte","10,0",Wiederholung in Teil H,"Wert aus den Teilen 0 bis G, Herkunft in derselben Tabellenzeile von Teil H","| 10,0 m/s und 0 s | Grenzen der Aus"
623,"H.3 Regeln, Schwellen und Quellwerte",0,Wiederholung in Teil H,"Wert aus den Teilen 0 bis G, Herkunft in derselben Tabellenzeile von Teil H","| 10,0 m/s und 0 s | Grenzen der Auslöseprüfun"
623,"H.3 Regeln, Schwellen und Quellwerte",2,Wiederholung in Teil H,"Wert aus den Teilen 0 bis G, Herkunft in derselben Tabellenzeile von Teil H","enzen der Auslöseprüfung | Auswertungsplan § 2 B0.2, PA § 11.8 | Plan 12.09."
623,"H.3 Regeln, Schwellen und Quellwerte",11.8,Wiederholung in Teil H,"Wert aus den Teilen 0 bis G, Herkunft in derselben Tabellenzeile von Teil H","löseprüfung | Auswertungsplan § 2 B0.2, PA § 11.8 | Plan 12.09. |"
623,"H.3 Regeln, Schwellen und Quellwerte",12.09.,Wiederholung in Teil H,"Wert aus den Teilen 0 bis G, Herkunft in derselben Tabellenzeile von Teil H","| Auswertungsplan § 2 B0.2, PA § 11.8 | Plan 12.09. |"
624,"H.3 Regeln, Schwellen und Quellwerte",5,Wiederholung in Teil H,"Wert aus den Teilen 0 bis G, Herkunft in derselben Tabellenzeile von Teil H","| 5, 10, 30 m | Distanzen der Tei"
624,"H.3 Regeln, Schwellen und Quellwerte",10,Wiederholung in Teil H,"Wert aus den Teilen 0 bis G, Herkunft in derselben Tabellenzeile von Teil H","| 5, 10, 30 m | Distanzen der Teilzei"
624,"H.3 Regeln, Schwellen und Quellwerte",30,Wiederholung in Teil H,"Wert aus den Teilen 0 bis G, Herkunft in derselben Tabellenzeile von Teil H","| 5, 10, 30 m | Distanzen der Teilzeiten "
624,"H.3 Regeln, Schwellen und Quellwerte",3,Wiederholung in Teil H,"Wert aus den Teilen 0 bis G, Herkunft in derselben Tabellenzeile von Teil H",", 30 m | Distanzen der Teilzeiten | Antrag § 3 | Antrag |"
625,"H.3 Regeln, Schwellen und Quellwerte",3,Wiederholung in Teil H,"Wert aus den Teilen 0 bis G, Herkunft in derselben Tabellenzeile von Teil H","| 3 | Versuche je Spieler, Zeitpu"
625,"H.3 Regeln, Schwellen und Quellwerte",3,Wiederholung in Teil H,"Wert aus den Teilen 0 bis G, Herkunft in derselben Tabellenzeile von Teil H","he je Spieler, Zeitpunkt und Test | Antrag § 3, PA § 3.1 | Antrag |"
625,"H.3 Regeln, Schwellen und Quellwerte",3.1,Wiederholung in Teil H,"Wert aus den Teilen 0 bis G, Herkunft in derselben Tabellenzeile von Teil H","ieler, Zeitpunkt und Test | Antrag § 3, PA § 3.1 | Antrag |"
626,"H.3 Regeln, Schwellen und Quellwerte","2,54",Wiederholung in Teil H,"Wert aus den Teilen 0 bis G, Herkunft in derselben Tabellenzeile von Teil H","| 2,54 und 0,45359237 | Zoll in cm, "
626,"H.3 Regeln, Schwellen und Quellwerte","0,45359237",Wiederholung in Teil H,"Wert aus den Teilen 0 bis G, Herkunft in derselben Tabellenzeile von Teil H","| 2,54 und 0,45359237 | Zoll in cm, Pfund in kg, ex"
626,"H.3 Regeln, Schwellen und Quellwerte",811,Wiederholung in Teil H,"Wert aus den Teilen 0 bis G, Herkunft in derselben Tabellenzeile von Teil H","7 | Zoll in cm, Pfund in kg, exakt | NIST SP 811 (2008), Anhang B.8 und Fußnot"
626,"H.3 Regeln, Schwellen und Quellwerte",2008,Wiederholung in Teil H,"Wert aus den Teilen 0 bis G, Herkunft in derselben Tabellenzeile von Teil H","oll in cm, Pfund in kg, exakt | NIST SP 811 (2008), Anhang B.8 und Fußnote 22 |"
626,"H.3 Regeln, Schwellen und Quellwerte",22,Wiederholung in Teil H,"Wert aus den Teilen 0 bis G, Herkunft in derselben Tabellenzeile von Teil H","| NIST SP 811 (2008), Anhang B.8 und Fußnote 22 | nachträglich (K3) |"
627,"H.3 Regeln, Schwellen und Quellwerte","365,25",Wiederholung in Teil H,"Wert aus den Teilen 0 bis G, Herkunft in derselben Tabellenzeile von Teil H","| 365,25 | Tage je Jahr im Dezimalalte"
628,"H.3 Regeln, Schwellen und Quellwerte","4,0",Wiederholung in Teil H,"Wert aus den Teilen 0 bis G, Herkunft in derselben Tabellenzeile von Teil H","| 4,0 und 17,5 | Gültigkeitsbereich"
628,"H.3 Regeln, Schwellen und Quellwerte","17,5",Wiederholung in Teil H,"Wert aus den Teilen 0 bis G, Herkunft in derselben Tabellenzeile von Teil H","| 4,0 und 17,5 | Gültigkeitsbereich in Jahre"
628,"H.3 Regeln, Schwellen und Quellwerte",1994,Wiederholung in Teil H,"Wert aus den Teilen 0 bis G, Herkunft in derselben Tabellenzeile von Teil H","ltigkeitsbereich in Jahren | Khamis & Roche (1994), S. 506 | Antrag |"
628,"H.3 Regeln, Schwellen und Quellwerte",506,Wiederholung in Teil H,"Wert aus den Teilen 0 bis G, Herkunft in derselben Tabellenzeile von Teil H","ereich in Jahren | Khamis & Roche (1994), S. 506 | Antrag |"
629,"H.3 Regeln, Schwellen und Quellwerte","0,5",Wiederholung in Teil H,"Wert aus den Teilen 0 bis G, Herkunft in derselben Tabellenzeile von Teil H","| 0,5 | Raster der Tabellenzeilen i"
629,"H.3 Regeln, Schwellen und Quellwerte",1994,Wiederholung in Teil H,"Wert aus den Teilen 0 bis G, Herkunft in derselben Tabellenzeile von Teil H","r Tabellenzeilen in Jahren | Khamis & Roche (1994), Tab. 1 | nachträglich (O2) "
629,"H.3 Regeln, Schwellen und Quellwerte",1,Wiederholung in Teil H,"Wert aus den Teilen 0 bis G, Herkunft in derselben Tabellenzeile von Teil H","ilen in Jahren | Khamis & Roche (1994), Tab. 1 | nachträglich (O2) |"
630,"H.3 Regeln, Schwellen und Quellwerte",5,Wiederholung in Teil H,"Wert aus den Teilen 0 bis G, Herkunft in derselben Tabellenzeile von Teil H",| 5 min | Abstand eines Dubletten
630,"H.3 Regeln, Schwellen und Quellwerte",1,Wiederholung in Teil H,"Wert aus den Teilen 0 bis G, Herkunft in derselben Tabellenzeile von Teil H",s Dubletten- oder Sammelmeldungspaars | FA § 1 | Plan 12.09. |
630,"H.3 Regeln, Schwellen und Quellwerte",12.09.,Wiederholung in Teil H,"Wert aus den Teilen 0 bis G, Herkunft in derselben Tabellenzeile von Teil H",en- oder Sammelmeldungspaars | FA § 1 | Plan 12.09. |
631,"H.3 Regeln, Schwellen und Quellwerte",20.07.,Wiederholung in Teil H,"Wert aus den Teilen 0 bis G, Herkunft in derselben Tabellenzeile von Teil H","| 20.07. bis 30.08.2026, 00:00, 23:59:"
631,"H.3 Regeln, Schwellen und Quellwerte",30.08.2026,Wiederholung in Teil H,"Wert aus den Teilen 0 bis G, Herkunft in derselben Tabellenzeile von Teil H","| 20.07. bis 30.08.2026, 00:00, 23:59:59 | Grenzen de"
631,"H.3 Regeln, Schwellen und Quellwerte",00:00,Wiederholung in Teil H,"Wert aus den Teilen 0 bis G, Herkunft in derselben Tabellenzeile von Teil H","| 20.07. bis 30.08.2026, 00:00, 23:59:59 | Grenzen der Progr"
631,"H.3 Regeln, Schwellen und Quellwerte",23:59:59,Wiederholung in Teil H,"Wert aus den Teilen 0 bis G, Herkunft in derselben Tabellenzeile von Teil H","| 20.07. bis 30.08.2026, 00:00, 23:59:59 | Grenzen der Programmwochen "
631,"H.3 Regeln, Schwellen und Quellwerte",2,Wiederholung in Teil H,"Wert aus den Teilen 0 bis G, Herkunft in derselben Tabellenzeile von Teil H", Grenzen der Programmwochen W1 bis W6 | FA § 2 | Plan 12.09. |
631,"H.3 Regeln, Schwellen und Quellwerte",12.09.,Wiederholung in Teil H,"Wert aus den Teilen 0 bis G, Herkunft in derselben Tabellenzeile von Teil H",der Programmwochen W1 bis W6 | FA § 2 | Plan 12.09. |
632,"H.3 Regeln, Schwellen und Quellwerte",12,Wiederholung in Teil H,"Wert aus den Teilen 0 bis G, Herkunft in derselben Tabellenzeile von Teil H",| 12 | angebotene Einheiten je Spi
632,"H.3 Regeln, Schwellen und Quellwerte",3.1,Wiederholung in Teil H,"Wert aus den Teilen 0 bis G, Herkunft in derselben Tabellenzeile von Teil H"," 12 | angebotene Einheiten je Spieler | PA § 3.1, FA § 4 | Plan 12.09. |"
632,"H.3 Regeln, Schwellen und Quellwerte",4,Wiederholung in Teil H,"Wert aus den Teilen 0 bis G, Herkunft in derselben Tabellenzeile von Teil H","botene Einheiten je Spieler | PA § 3.1, FA § 4 | Plan 12.09. |"
632,"H.3 Regeln, Schwellen und Quellwerte",12.09.,Wiederholung in Teil H,"Wert aus den Teilen 0 bis G, Herkunft in derselben Tabellenzeile von Teil H","nheiten je Spieler | PA § 3.1, FA § 4 | Plan 12.09. |"
633,"H.3 Regeln, Schwellen und Quellwerte",2,Wiederholung in Teil H,"Wert aus den Teilen 0 bis G, Herkunft in derselben Tabellenzeile von Teil H",| 2 | Wochendeckel und Soll je Wo
633,"H.3 Regeln, Schwellen und Quellwerte",3,Wiederholung in Teil H,"Wert aus den Teilen 0 bis G, Herkunft in derselben Tabellenzeile von Teil H","| 2 | Wochendeckel und Soll je Woche | FA § 3, PA § 3.1 | Plan 12.09. |"
633,"H.3 Regeln, Schwellen und Quellwerte",3.1,Wiederholung in Teil H,"Wert aus den Teilen 0 bis G, Herkunft in derselben Tabellenzeile von Teil H","ochendeckel und Soll je Woche | FA § 3, PA § 3.1 | Plan 12.09. |"
633,"H.3 Regeln, Schwellen und Quellwerte",12.09.,Wiederholung in Teil H,"Wert aus den Teilen 0 bis G, Herkunft in derselben Tabellenzeile von Teil H"," und Soll je Woche | FA § 3, PA § 3.1 | Plan 12.09. |"
634,"H.3 Regeln, Schwellen und Quellwerte",37:09,Wiederholung in Teil H,"Wert aus den Teilen 0 bis G, Herkunft in derselben Tabellenzeile von Teil H","| 37:09, 36:55, 33:10, 34:48, 39:56, "
634,"H.3 Regeln, Schwellen und Quellwerte",36:55,Wiederholung in Teil H,"Wert aus den Teilen 0 bis G, Herkunft in derselben Tabellenzeile von Teil H","| 37:09, 36:55, 33:10, 34:48, 39:56, 40:07 |"
634,"H.3 Regeln, Schwellen und Quellwerte",33:10,Wiederholung in Teil H,"Wert aus den Teilen 0 bis G, Herkunft in derselben Tabellenzeile von Teil H","| 37:09, 36:55, 33:10, 34:48, 39:56, 40:07 | Sitzun"
634,"H.3 Regeln, Schwellen und Quellwerte",34:48,Wiederholung in Teil H,"Wert aus den Teilen 0 bis G, Herkunft in derselben Tabellenzeile von Teil H","| 37:09, 36:55, 33:10, 34:48, 39:56, 40:07 | Sitzungsdauer"
634,"H.3 Regeln, Schwellen und Quellwerte",39:56,Wiederholung in Teil H,"Wert aus den Teilen 0 bis G, Herkunft in derselben Tabellenzeile von Teil H","| 37:09, 36:55, 33:10, 34:48, 39:56, 40:07 | Sitzungsdauer der Wo"
634,"H.3 Regeln, Schwellen und Quellwerte",40:07,Wiederholung in Teil H,"Wert aus den Teilen 0 bis G, Herkunft in derselben Tabellenzeile von Teil H","| 37:09, 36:55, 33:10, 34:48, 39:56, 40:07 | Sitzungsdauer der Wochen W1"
634,"H.3 Regeln, Schwellen und Quellwerte",5,Wiederholung in Teil H,"Wert aus den Teilen 0 bis G, Herkunft in derselben Tabellenzeile von Teil H","gsdauer der Wochen W1 bis W6 in min:s | FA § 5, Tab. 12 | Plan 12.09., K10 |"
634,"H.3 Regeln, Schwellen und Quellwerte",12,Wiederholung in Teil H,"Wert aus den Teilen 0 bis G, Herkunft in derselben Tabellenzeile von Teil H","der Wochen W1 bis W6 in min:s | FA § 5, Tab. 12 | Plan 12.09., K10 |"
634,"H.3 Regeln, Schwellen und Quellwerte",12.09.,Wiederholung in Teil H,"Wert aus den Teilen 0 bis G, Herkunft in derselben Tabellenzeile von Teil H"," W1 bis W6 in min:s | FA § 5, Tab. 12 | Plan 12.09., K10 |"
635,"H.3 Regeln, Schwellen und Quellwerte",5,Wiederholung in Teil H,"Wert aus den Teilen 0 bis G, Herkunft in derselben Tabellenzeile von Teil H","| 5, 6, 7 | Per-Protokoll-Schwell"
635,"H.3 Regeln, Schwellen und Quellwerte",6,Wiederholung in Teil H,"Wert aus den Teilen 0 bis G, Herkunft in derselben Tabellenzeile von Teil H","| 5, 6, 7 | Per-Protokoll-Schwellen,"
635,"H.3 Regeln, Schwellen und Quellwerte",7,Wiederholung in Teil H,"Wert aus den Teilen 0 bis G, Herkunft in derselben Tabellenzeile von Teil H","| 5, 6, 7 | Per-Protokoll-Schwellen, 6 "
635,"H.3 Regeln, Schwellen und Quellwerte",6,Wiederholung in Teil H,"Wert aus den Teilen 0 bis G, Herkunft in derselben Tabellenzeile von Teil H","| 5, 6, 7 | Per-Protokoll-Schwellen, 6 als Hauptschwelle, 6 auch als"
635,"H.3 Regeln, Schwellen und Quellwerte",6,Wiederholung in Teil H,"Wert aus den Teilen 0 bis G, Herkunft in derselben Tabellenzeile von Teil H","er-Protokoll-Schwellen, 6 als Hauptschwelle, 6 auch als Schwelle der Untergr"
635,"H.3 Regeln, Schwellen und Quellwerte",7,Gliederung,"Verweis auf Regel, Schritt, Phase, Fassung oder Abschnitt","h als Schwelle der Untergrenzen in S07 Regel 7 | PA § 11.5, § 11.7 | Plan 12"
635,"H.3 Regeln, Schwellen und Quellwerte",11.5,Wiederholung in Teil H,"Wert aus den Teilen 0 bis G, Herkunft in derselben Tabellenzeile von Teil H","welle der Untergrenzen in S07 Regel 7 | PA § 11.5, § 11.7 | Plan 12.09. |"
635,"H.3 Regeln, Schwellen und Quellwerte",11.7,Wiederholung in Teil H,"Wert aus den Teilen 0 bis G, Herkunft in derselben Tabellenzeile von Teil H","r Untergrenzen in S07 Regel 7 | PA § 11.5, § 11.7 | Plan 12.09. |"
635,"H.3 Regeln, Schwellen und Quellwerte",12.09.,Wiederholung in Teil H,"Wert aus den Teilen 0 bis G, Herkunft in derselben Tabellenzeile von Teil H","en in S07 Regel 7 | PA § 11.5, § 11.7 | Plan 12.09. |"
636,"H.3 Regeln, Schwellen und Quellwerte",9,Wiederholung in Teil H,"Wert aus den Teilen 0 bis G, Herkunft in derselben Tabellenzeile von Teil H","| 9 und 75 % | Antragskriterium, "
636,"H.3 Regeln, Schwellen und Quellwerte",75,Wiederholung in Teil H,"Wert aus den Teilen 0 bis G, Herkunft in derselben Tabellenzeile von Teil H","| 9 und 75 % | Antragskriterium, 9 auch "
636,"H.3 Regeln, Schwellen und Quellwerte",9,Wiederholung in Teil H,"Wert aus den Teilen 0 bis G, Herkunft in derselben Tabellenzeile von Teil H","| 9 und 75 % | Antragskriterium, 9 auch als Schwelle der Untergr"
636,"H.3 Regeln, Schwellen und Quellwerte",7,Gliederung,"Verweis auf Regel, Schritt, Phase, Fassung oder Abschnitt","h als Schwelle der Untergrenzen in S07 Regel 7 | Antrag § 8, PA § 11.7 | Ant"
636,"H.3 Regeln, Schwellen und Quellwerte",8,Wiederholung in Teil H,"Wert aus den Teilen 0 bis G, Herkunft in derselben Tabellenzeile von Teil H","e der Untergrenzen in S07 Regel 7 | Antrag § 8, PA § 11.7 | Antrag |"
636,"H.3 Regeln, Schwellen und Quellwerte",11.7,Wiederholung in Teil H,"Wert aus den Teilen 0 bis G, Herkunft in derselben Tabellenzeile von Teil H","tergrenzen in S07 Regel 7 | Antrag § 8, PA § 11.7 | Antrag |"
637,"H.3 Regeln, Schwellen und Quellwerte",8,Wiederholung in Teil H,"Wert aus den Teilen 0 bis G, Herkunft in derselben Tabellenzeile von Teil H",| 8 | kleinste Gruppengröße für I
637,"H.3 Regeln, Schwellen und Quellwerte",11.9,Wiederholung in Teil H,"Wert aus den Teilen 0 bis G, Herkunft in derselben Tabellenzeile von Teil H", | kleinste Gruppengröße für Inferenz | PA § 11.9 | Plan 12.09. |
637,"H.3 Regeln, Schwellen und Quellwerte",12.09.,Wiederholung in Teil H,"Wert aus den Teilen 0 bis G, Herkunft in derselben Tabellenzeile von Teil H",Gruppengröße für Inferenz | PA § 11.9 | Plan 12.09. |
638,"H.3 Regeln, Schwellen und Quellwerte","0,05",Wiederholung in Teil H,"Wert aus den Teilen 0 bis G, Herkunft in derselben Tabellenzeile von Teil H","| 0,05 | Signifikanzniveau | Antrag "
638,"H.3 Regeln, Schwellen und Quellwerte",1,Wiederholung in Teil H,"Wert aus den Teilen 0 bis G, Herkunft in derselben Tabellenzeile von Teil H","| 0,05 | Signifikanzniveau | Antrag § 1 | Antrag |"
639,"H.3 Regeln, Schwellen und Quellwerte",95,Wiederholung in Teil H,"Wert aus den Teilen 0 bis G, Herkunft in derselben Tabellenzeile von Teil H",| 95 % | Niveau der Konfidenzinter
639,"H.3 Regeln, Schwellen und Quellwerte",11.2,Wiederholung in Teil H,"Wert aus den Teilen 0 bis G, Herkunft in derselben Tabellenzeile von Teil H","95 % | Niveau der Konfidenzintervalle | PA § 11.2, § 11.4 | Plan 12.09. |"
639,"H.3 Regeln, Schwellen und Quellwerte",11.4,Wiederholung in Teil H,"Wert aus den Teilen 0 bis G, Herkunft in derselben Tabellenzeile von Teil H","iveau der Konfidenzintervalle | PA § 11.2, § 11.4 | Plan 12.09. |"
639,"H.3 Regeln, Schwellen und Quellwerte",12.09.,Wiederholung in Teil H,"Wert aus den Teilen 0 bis G, Herkunft in derselben Tabellenzeile von Teil H","nfidenzintervalle | PA § 11.2, § 11.4 | Plan 12.09. |"
640,"H.3 Regeln, Schwellen und Quellwerte","0,80",Wiederholung in Teil H,"Wert aus den Teilen 0 bis G, Herkunft in derselben Tabellenzeile von Teil H","| 0,80 | Zielpower | PA § 11.1 | Pla"
640,"H.3 Regeln, Schwellen und Quellwerte",11.1,Wiederholung in Teil H,"Wert aus den Teilen 0 bis G, Herkunft in derselben Tabellenzeile von Teil H","| 0,80 | Zielpower | PA § 11.1 | Plan 12.09. |"
640,"H.3 Regeln, Schwellen und Quellwerte",12.09.,Wiederholung in Teil H,"Wert aus den Teilen 0 bis G, Herkunft in derselben Tabellenzeile von Teil H","| 0,80 | Zielpower | PA § 11.1 | Plan 12.09. |"
641,"H.3 Regeln, Schwellen und Quellwerte","0,2",Wiederholung in Teil H,"Wert aus den Teilen 0 bis G, Herkunft in derselben Tabellenzeile von Teil H","| 0,2 | SESOI-Faktor | PA § 11.3, H"
641,"H.3 Regeln, Schwellen und Quellwerte",11.3,Wiederholung in Teil H,"Wert aus den Teilen 0 bis G, Herkunft in derselben Tabellenzeile von Teil H","| 0,2 | SESOI-Faktor | PA § 11.3, Hopkins (2000), S. 8, Cohen "
641,"H.3 Regeln, Schwellen und Quellwerte",2000,Wiederholung in Teil H,"Wert aus den Teilen 0 bis G, Herkunft in derselben Tabellenzeile von Teil H","| 0,2 | SESOI-Faktor | PA § 11.3, Hopkins (2000), S. 8, Cohen (1988), S. 25 |"
641,"H.3 Regeln, Schwellen und Quellwerte",8,Wiederholung in Teil H,"Wert aus den Teilen 0 bis G, Herkunft in derselben Tabellenzeile von Teil H","SESOI-Faktor | PA § 11.3, Hopkins (2000), S. 8, Cohen (1988), S. 25 | Plan 1"
641,"H.3 Regeln, Schwellen und Quellwerte",1988,Wiederholung in Teil H,"Wert aus den Teilen 0 bis G, Herkunft in derselben Tabellenzeile von Teil H","or | PA § 11.3, Hopkins (2000), S. 8, Cohen (1988), S. 25 | Plan 12.09. |"
641,"H.3 Regeln, Schwellen und Quellwerte",25,Wiederholung in Teil H,"Wert aus den Teilen 0 bis G, Herkunft in derselben Tabellenzeile von Teil H","11.3, Hopkins (2000), S. 8, Cohen (1988), S. 25 | Plan 12.09. |"
641,"H.3 Regeln, Schwellen und Quellwerte",12.09.,Wiederholung in Teil H,"Wert aus den Teilen 0 bis G, Herkunft in derselben Tabellenzeile von Teil H","ins (2000), S. 8, Cohen (1988), S. 25 | Plan 12.09. |"
642,"H.3 Regeln, Schwellen und Quellwerte","0,06",Wiederholung in Teil H,"Wert aus den Teilen 0 bis G, Herkunft in derselben Tabellenzeile von Teil H","| 0,06 · 0,11 · 0,37 · 0,93 | Vorab-"
642,"H.3 Regeln, Schwellen und Quellwerte","0,11",Wiederholung in Teil H,"Wert aus den Teilen 0 bis G, Herkunft in derselben Tabellenzeile von Teil H","| 0,06 · 0,11 · 0,37 · 0,93 | Vorab-Erwartu"
642,"H.3 Regeln, Schwellen und Quellwerte","0,37",Wiederholung in Teil H,"Wert aus den Teilen 0 bis G, Herkunft in derselben Tabellenzeile von Teil H","| 0,06 · 0,11 · 0,37 · 0,93 | Vorab-Erwartungen de"
642,"H.3 Regeln, Schwellen und Quellwerte","0,93",Wiederholung in Teil H,"Wert aus den Teilen 0 bis G, Herkunft in derselben Tabellenzeile von Teil H","| 0,06 · 0,11 · 0,37 · 0,93 | Vorab-Erwartungen der Power"
642,"H.3 Regeln, Schwellen und Quellwerte",2016,Wiederholung in Teil H,"Wert aus den Teilen 0 bis G, Herkunft in derselben Tabellenzeile von Teil H","Erwartungen der Poweranalyse | Lloyd et al. (2016), Tab. 4 · Ramirez-Campillo e"
642,"H.3 Regeln, Schwellen und Quellwerte",4,Wiederholung in Teil H,"Wert aus den Teilen 0 bis G, Herkunft in derselben Tabellenzeile von Teil H","der Poweranalyse | Lloyd et al. (2016), Tab. 4 · Ramirez-Campillo et al. (20"
642,"H.3 Regeln, Schwellen und Quellwerte",2020,Wiederholung in Teil H,"Wert aus den Teilen 0 bis G, Herkunft in derselben Tabellenzeile von Teil H","l. (2016), Tab. 4 · Ramirez-Campillo et al. (2020), Abschn. 3.5 · Moran et al. "
642,"H.3 Regeln, Schwellen und Quellwerte",3.5,Wiederholung in Teil H,"Wert aus den Teilen 0 bis G, Herkunft in derselben Tabellenzeile von Teil H"," 4 · Ramirez-Campillo et al. (2020), Abschn. 3.5 · Moran et al. (2016), Tab. 4"
642,"H.3 Regeln, Schwellen und Quellwerte",2016,Wiederholung in Teil H,"Wert aus den Teilen 0 bis G, Herkunft in derselben Tabellenzeile von Teil H","o et al. (2020), Abschn. 3.5 · Moran et al. (2016), Tab. 4 | Plan 12.09. |"
642,"H.3 Regeln, Schwellen und Quellwerte",4,Wiederholung in Teil H,"Wert aus den Teilen 0 bis G, Herkunft in derselben Tabellenzeile von Teil H","20), Abschn. 3.5 · Moran et al. (2016), Tab. 4 | Plan 12.09. |"
642,"H.3 Regeln, Schwellen und Quellwerte",12.09.,Wiederholung in Teil H,"Wert aus den Teilen 0 bis G, Herkunft in derselben Tabellenzeile von Teil H","hn. 3.5 · Moran et al. (2016), Tab. 4 | Plan 12.09. |"
643,"H.3 Regeln, Schwellen und Quellwerte",14,Wiederholung in Teil H,"Wert aus den Teilen 0 bis G, Herkunft in derselben Tabellenzeile von Teil H","| 14 Einheiten, 7 Wochen, 14,5 Ein"
643,"H.3 Regeln, Schwellen und Quellwerte",7,Wiederholung in Teil H,"Wert aus den Teilen 0 bis G, Herkunft in derselben Tabellenzeile von Teil H","| 14 Einheiten, 7 Wochen, 14,5 Einheiten | Teil"
643,"H.3 Regeln, Schwellen und Quellwerte","14,5",Wiederholung in Teil H,"Wert aus den Teilen 0 bis G, Herkunft in derselben Tabellenzeile von Teil H","| 14 Einheiten, 7 Wochen, 14,5 Einheiten | Teilungsgrenzen d"
643,"H.3 Regeln, Schwellen und Quellwerte",2020,Wiederholung in Teil H,"Wert aus den Teilen 0 bis G, Herkunft in derselben Tabellenzeile von Teil H","Vorab-Erwartungen | Ramirez-Campillo et al. (2020), Abschn. 3.5 · Moran et al. "
643,"H.3 Regeln, Schwellen und Quellwerte",3.5,Wiederholung in Teil H,"Wert aus den Teilen 0 bis G, Herkunft in derselben Tabellenzeile von Teil H","en | Ramirez-Campillo et al. (2020), Abschn. 3.5 · Moran et al. (2016), Tab. 4"
643,"H.3 Regeln, Schwellen und Quellwerte",2016,Wiederholung in Teil H,"Wert aus den Teilen 0 bis G, Herkunft in derselben Tabellenzeile von Teil H","o et al. (2020), Abschn. 3.5 · Moran et al. (2016), Tab. 4 | Quelle |"
643,"H.3 Regeln, Schwellen und Quellwerte",4,Wiederholung in Teil H,"Wert aus den Teilen 0 bis G, Herkunft in derselben Tabellenzeile von Teil H","20), Abschn. 3.5 · Moran et al. (2016), Tab. 4 | Quelle |"
644,"H.3 Regeln, Schwellen und Quellwerte",0,Wiederholung in Teil H,"Wert aus den Teilen 0 bis G, Herkunft in derselben Tabellenzeile von Teil H","| [0, 10] und 1e-10 | Suchinterval"
644,"H.3 Regeln, Schwellen und Quellwerte",10,Wiederholung in Teil H,"Wert aus den Teilen 0 bis G, Herkunft in derselben Tabellenzeile von Teil H","| [0, 10] und 1e-10 | Suchintervall un"
644,"H.3 Regeln, Schwellen und Quellwerte",1e-10,Wiederholung in Teil H,"Wert aus den Teilen 0 bis G, Herkunft in derselben Tabellenzeile von Teil H","| [0, 10] und 1e-10 | Suchintervall und Toleranz "
644,"H.3 Regeln, Schwellen und Quellwerte",0.5,Wiederholung in Teil H,"Wert aus den Teilen 0 bis G, Herkunft in derselben Tabellenzeile von Teil H","vall und Toleranz der Nullstellensuche | O9, 0.5 Nr. 9 | nachträglich |"
644,"H.3 Regeln, Schwellen und Quellwerte",9,Wiederholung in Teil H,"Wert aus den Teilen 0 bis G, Herkunft in derselben Tabellenzeile von Teil H"," Toleranz der Nullstellensuche | O9, 0.5 Nr. 9 | nachträglich |"
645,"H.3 Regeln, Schwellen und Quellwerte",10,Wiederholung in Teil H,"Wert aus den Teilen 0 bis G, Herkunft in derselben Tabellenzeile von Teil H","| 10 000, 20260924, 20, 3 | Ziehun"
645,"H.3 Regeln, Schwellen und Quellwerte",000,Wiederholung in Teil H,"Wert aus den Teilen 0 bis G, Herkunft in derselben Tabellenzeile von Teil H","| 10 000, 20260924, 20, 3 | Ziehungen,"
645,"H.3 Regeln, Schwellen und Quellwerte",20260924,Wiederholung in Teil H,"Wert aus den Teilen 0 bis G, Herkunft in derselben Tabellenzeile von Teil H","| 10 000, 20260924, 20, 3 | Ziehungen, Startwert"
645,"H.3 Regeln, Schwellen und Quellwerte",20,Wiederholung in Teil H,"Wert aus den Teilen 0 bis G, Herkunft in derselben Tabellenzeile von Teil H","| 10 000, 20260924, 20, 3 | Ziehungen, Startwert, Bl"
645,"H.3 Regeln, Schwellen und Quellwerte",3,Wiederholung in Teil H,"Wert aus den Teilen 0 bis G, Herkunft in derselben Tabellenzeile von Teil H","| 10 000, 20260924, 20, 3 | Ziehungen, Startwert, Block"
646,"H.3 Regeln, Schwellen und Quellwerte",12,Wiederholung in Teil H,"Wert aus den Teilen 0 bis G, Herkunft in derselben Tabellenzeile von Teil H","| 12 Stellen, 1e-9, 1e-6, 9 Stelle"
646,"H.3 Regeln, Schwellen und Quellwerte",1e-9,Wiederholung in Teil H,"Wert aus den Teilen 0 bis G, Herkunft in derselben Tabellenzeile von Teil H","| 12 Stellen, 1e-9, 1e-6, 9 Stellen | Ausgabegen"
646,"H.3 Regeln, Schwellen und Quellwerte",1e-6,Wiederholung in Teil H,"Wert aus den Teilen 0 bis G, Herkunft in derselben Tabellenzeile von Teil H","| 12 Stellen, 1e-9, 1e-6, 9 Stellen | Ausgabegenauigke"
646,"H.3 Regeln, Schwellen und Quellwerte",9,Wiederholung in Teil H,"Wert aus den Teilen 0 bis G, Herkunft in derselben Tabellenzeile von Teil H","| 12 Stellen, 1e-9, 1e-6, 9 Stellen | Ausgabegenauigkeit "
646,"H.3 Regeln, Schwellen und Quellwerte",0.5,Wiederholung in Teil H,"Wert aus den Teilen 0 bis G, Herkunft in derselben Tabellenzeile von Teil H","tellen | Ausgabegenauigkeit und Toleranzen | 0.5 Nr. 1, G.3 | nachträglich |"
646,"H.3 Regeln, Schwellen und Quellwerte",1,Wiederholung in Teil H,"Wert aus den Teilen 0 bis G, Herkunft in derselben Tabellenzeile von Teil H"," Ausgabegenauigkeit und Toleranzen | 0.5 Nr. 1, G.3 | nachträglich |"
652,Teil I · Quellen,16.06.2026,Datum,Dokumentdatum: Datum des Ethikantrags,plyometrischen Heimtrainingsprogramms …“ vom 16.06.2026 · Auswertungsplan vom 12.09.2
652,Teil I · Quellen,12.09.2026,Datum,Dokumentdatum: Datum des Auswertungsplans und der FA,amms …“ vom 16.06.2026 · Auswertungsplan vom 12.09.2026 · Projektanweisungen Fassung 
652,Teil I · Quellen,12,Fundstelle,"Bibliographische Angabe (Jahr, Band, Heft, Seiten, DOI, Kapitel) in Teil I"," vom 12.09.2026 · Projektanweisungen Fassung 12 vom 13.09.2026, § 3.1 und § 1"
652,Teil I · Quellen,13.09.2026,Datum,Dokumentdatum: Datum der Projektanweisungen Fassung 12,".09.2026 · Projektanweisungen Fassung 12 vom 13.09.2026, § 3.1 und § 11 · Fragebogena"
652,Teil I · Quellen,3.1,Fundstelle,"Bibliographische Angabe (Jahr, Band, Heft, Seiten, DOI, Kapitel) in Teil I","jektanweisungen Fassung 12 vom 13.09.2026, § 3.1 und § 11 · Fragebogenauswertu"
652,Teil I · Quellen,11,Fundstelle,"Bibliographische Angabe (Jahr, Band, Heft, Seiten, DOI, Kapitel) in Teil I","ungen Fassung 12 vom 13.09.2026, § 3.1 und § 11 · Fragebogenauswertung vom 12"
652,Teil I · Quellen,12.09.2026,Datum,Dokumentdatum: Datum des Auswertungsplans und der FA,"6, § 3.1 und § 11 · Fragebogenauswertung vom 12.09.2026 · Codebuch Fragebogen A, SoSc"
652,Teil I · Quellen,24.08.2026,Datum,Dokumentdatum: Stand des Codebuchs,"debuch Fragebogen A, SoSci test546007, Stand 24.08.2026 · Versuchszahl-Protokollbefun"
652,Teil I · Quellen,09.09.2026,Datum,Dokumentdatum: Datum des Versuchszahl-Protokollbefunds,4.08.2026 · Versuchszahl-Protokollbefund vom 09.09.2026 · Auswertungsverfahren vom 24
652,Teil I · Quellen,24.09.2026,Datum,Dokumentdatum: Datum der Festlegungen und dieser Spezifikation,nd vom 09.09.2026 · Auswertungsverfahren vom 24.09.2026.
656,Teil I · Quellen,1988,Fundstelle,"Bibliographische Angabe (Jahr, Band, Heft, Seiten, DOI, Kapitel) in Teil I","- Cohen, J. (1988). *Statistical power analysis"
656,Teil I · Quellen,2,Fundstelle,"Bibliographische Angabe (Jahr, Band, Heft, Seiten, DOI, Kapitel) in Teil I",power analysis for the behavioral sciences* (2. Aufl.). Lawrence Erlbaum. Ve
656,Teil I · Quellen,25,Fundstelle,"Bibliographische Angabe (Jahr, Band, Heft, Seiten, DOI, Kapitel) in Teil I"," (2. Aufl.). Lawrence Erlbaum. Verwendet: S. 25, S. 55 (Tab. 2.4.1), S. 276 ("
656,Teil I · Quellen,55,Fundstelle,"Bibliographische Angabe (Jahr, Band, Heft, Seiten, DOI, Kapitel) in Teil I","fl.). Lawrence Erlbaum. Verwendet: S. 25, S. 55 (Tab. 2.4.1), S. 276 (Formel "
656,Teil I · Quellen,2.4,Fundstelle,"Bibliographische Angabe (Jahr, Band, Heft, Seiten, DOI, Kapitel) in Teil I","rence Erlbaum. Verwendet: S. 25, S. 55 (Tab. 2.4.1), S. 276 (Formel 8.2.6), S."
656,Teil I · Quellen,276,Fundstelle,"Bibliographische Angabe (Jahr, Band, Heft, Seiten, DOI, Kapitel) in Teil I","um. Verwendet: S. 25, S. 55 (Tab. 2.4.1), S. 276 (Formel 8.2.6), S. 311 (Tab. "
656,Teil I · Quellen,8.2,Fundstelle,"Bibliographische Angabe (Jahr, Band, Heft, Seiten, DOI, Kapitel) in Teil I","t: S. 25, S. 55 (Tab. 2.4.1), S. 276 (Formel 8.2.6), S. 311 (Tab. 8.3.12), S. "
656,Teil I · Quellen,311,Fundstelle,"Bibliographische Angabe (Jahr, Band, Heft, Seiten, DOI, Kapitel) in Teil I",". 55 (Tab. 2.4.1), S. 276 (Formel 8.2.6), S. 311 (Tab. 8.3.12), S. 356, S. 380"
656,Teil I · Quellen,8.3,Fundstelle,"Bibliographische Angabe (Jahr, Band, Heft, Seiten, DOI, Kapitel) in Teil I"," 2.4.1), S. 276 (Formel 8.2.6), S. 311 (Tab. 8.3.12), S. 356, S. 380, S. 384 ("
656,Teil I · Quellen,356,Fundstelle,"Bibliographische Angabe (Jahr, Band, Heft, Seiten, DOI, Kapitel) in Teil I","276 (Formel 8.2.6), S. 311 (Tab. 8.3.12), S. 356, S. 380, S. 384 (Tab. 8.4.4)."
656,Teil I · Quellen,380,Fundstelle,"Bibliographische Angabe (Jahr, Band, Heft, Seiten, DOI, Kapitel) in Teil I","mel 8.2.6), S. 311 (Tab. 8.3.12), S. 356, S. 380, S. 384 (Tab. 8.4.4)."
656,Teil I · Quellen,384,Fundstelle,"Bibliographische Angabe (Jahr, Band, Heft, Seiten, DOI, Kapitel) in Teil I","6), S. 311 (Tab. 8.3.12), S. 356, S. 380, S. 384 (Tab. 8.4.4)."
656,Teil I · Quellen,8.4,Fundstelle,"Bibliographische Angabe (Jahr, Band, Heft, Seiten, DOI, Kapitel) in Teil I"," (Tab. 8.3.12), S. 356, S. 380, S. 384 (Tab. 8.4.4)."
657,Teil I · Quellen,2019,Fundstelle,"Bibliographische Angabe (Jahr, Band, Heft, Seiten, DOI, Kapitel) in Teil I","Arthur, C. A., Sanders, D., & Hunter, A. M. (2019). Reliability and validity of"
657,Teil I · Quellen,19,Fundstelle,"Bibliographische Angabe (Jahr, Band, Heft, Seiten, DOI, Kapitel) in Teil I","players. *European Journal of Sport Science, 19*(6), 745–756. https://doi.org"
657,Teil I · Quellen,6,Fundstelle,"Bibliographische Angabe (Jahr, Band, Heft, Seiten, DOI, Kapitel) in Teil I","ers. *European Journal of Sport Science, 19*(6), 745–756. https://doi.org/10"
657,Teil I · Quellen,745,Fundstelle,"Bibliographische Angabe (Jahr, Band, Heft, Seiten, DOI, Kapitel) in Teil I"," *European Journal of Sport Science, 19*(6), 745–756. https://doi.org/10.1080/"
657,Teil I · Quellen,756,Fundstelle,"Bibliographische Angabe (Jahr, Band, Heft, Seiten, DOI, Kapitel) in Teil I","ropean Journal of Sport Science, 19*(6), 745–756. https://doi.org/10.1080/1746"
657,Teil I · Quellen,10.1080,Fundstelle,"Bibliographische Angabe (Jahr, Band, Heft, Seiten, DOI, Kapitel) in Teil I","rt Science, 19*(6), 745–756. https://doi.org/10.1080/17461391.2018.1556739"
657,Teil I · Quellen,17461391.2018,Fundstelle,"Bibliographische Angabe (Jahr, Band, Heft, Seiten, DOI, Kapitel) in Teil I","ce, 19*(6), 745–756. https://doi.org/10.1080/17461391.2018.1556739"
658,Teil I · Quellen,2023,Fundstelle,"Bibliographische Angabe (Jahr, Band, Heft, Seiten, DOI, Kapitel) in Teil I",", Erdfelder, E., Lang, A.-G., & Buchner, A. (2023). *G\*Power 3.1 manual* (Stan"
658,Teil I · Quellen,3.1,Fundstelle,"Bibliographische Angabe (Jahr, Band, Heft, Seiten, DOI, Kapitel) in Teil I","Lang, A.-G., & Buchner, A. (2023). *G\*Power 3.1 manual* (Stand 01.06.2023). H"
658,Teil I · Quellen,01.06.2023,Datum,Dokumentdatum: Stand des G*Power-Handbuchs,"ner, A. (2023). *G\*Power 3.1 manual* (Stand 01.06.2023). Heinrich-Heine-Universität "
658,Teil I · Quellen,26,Fundstelle,"Bibliographische Angabe (Jahr, Band, Heft, Seiten, DOI, Kapitel) in Teil I","-Heine-Universität Düsseldorf. Verwendet: S. 26, S. 29 bis 30."
658,Teil I · Quellen,29,Fundstelle,"Bibliographische Angabe (Jahr, Band, Heft, Seiten, DOI, Kapitel) in Teil I","Universität Düsseldorf. Verwendet: S. 26, S. 29 bis 30."
658,Teil I · Quellen,30,Fundstelle,"Bibliographische Angabe (Jahr, Band, Heft, Seiten, DOI, Kapitel) in Teil I","ität Düsseldorf. Verwendet: S. 26, S. 29 bis 30."
659,Teil I · Quellen,2001,Fundstelle,"Bibliographische Angabe (Jahr, Band, Heft, Seiten, DOI, Kapitel) in Teil I",". A., Parker, S., Doleshal, P., & Dodge, C. (2001). A new approach to monitorin"
659,Teil I · Quellen,15,Fundstelle,"Bibliographische Angabe (Jahr, Band, Heft, Seiten, DOI, Kapitel) in Teil I","urnal of Strength and Conditioning Research, 15*(1), 109–115. Im Antrag genan"
659,Teil I · Quellen,1,Fundstelle,"Bibliographische Angabe (Jahr, Band, Heft, Seiten, DOI, Kapitel) in Teil I","l of Strength and Conditioning Research, 15*(1), 109–115. Im Antrag genannt."
659,Teil I · Quellen,109,Fundstelle,"Bibliographische Angabe (Jahr, Band, Heft, Seiten, DOI, Kapitel) in Teil I"," Strength and Conditioning Research, 15*(1), 109–115. Im Antrag genannt."
659,Teil I · Quellen,115,Fundstelle,"Bibliographische Angabe (Jahr, Band, Heft, Seiten, DOI, Kapitel) in Teil I","ength and Conditioning Research, 15*(1), 109–115. Im Antrag genannt."
660,Teil I · Quellen,2000,Fundstelle,"Bibliographische Angabe (Jahr, Band, Heft, Seiten, DOI, Kapitel) in Teil I","- Hopkins, W. G. (2000). Measures of reliability in "
660,Teil I · Quellen,30,Fundstelle,"Bibliographische Angabe (Jahr, Band, Heft, Seiten, DOI, Kapitel) in Teil I","orts medicine and science. *Sports Medicine, 30*(1), 1–15. https://doi.org/10"
660,Teil I · Quellen,1,Fundstelle,"Bibliographische Angabe (Jahr, Band, Heft, Seiten, DOI, Kapitel) in Teil I"," medicine and science. *Sports Medicine, 30*(1), 1–15. https://doi.org/10.21"
660,Teil I · Quellen,1,Fundstelle,"Bibliographische Angabe (Jahr, Band, Heft, Seiten, DOI, Kapitel) in Teil I","icine and science. *Sports Medicine, 30*(1), 1–15. https://doi.org/10.2165/0"
660,Teil I · Quellen,15,Fundstelle,"Bibliographische Angabe (Jahr, Band, Heft, Seiten, DOI, Kapitel) in Teil I","ine and science. *Sports Medicine, 30*(1), 1–15. https://doi.org/10.2165/0000"
660,Teil I · Quellen,10.2165,Fundstelle,"Bibliographische Angabe (Jahr, Band, Heft, Seiten, DOI, Kapitel) in Teil I","orts Medicine, 30*(1), 1–15. https://doi.org/10.2165/00007256-200030010-00001 · Ve"
660,Teil I · Quellen,00007256,Fundstelle,"Bibliographische Angabe (Jahr, Band, Heft, Seiten, DOI, Kapitel) in Teil I","icine, 30*(1), 1–15. https://doi.org/10.2165/00007256-200030010-00001 · Verwendet: "
660,Teil I · Quellen,2,Fundstelle,"Bibliographische Angabe (Jahr, Band, Heft, Seiten, DOI, Kapitel) in Teil I","165/00007256-200030010-00001 · Verwendet: S. 2 bis 3 (Tab. I), S. 8, S. 10 ("
660,Teil I · Quellen,3,Fundstelle,"Bibliographische Angabe (Jahr, Band, Heft, Seiten, DOI, Kapitel) in Teil I","007256-200030010-00001 · Verwendet: S. 2 bis 3 (Tab. I), S. 8, S. 10 (Tab. I"
660,Teil I · Quellen,8,Fundstelle,"Bibliographische Angabe (Jahr, Band, Heft, Seiten, DOI, Kapitel) in Teil I","0-00001 · Verwendet: S. 2 bis 3 (Tab. I), S. 8, S. 10 (Tab. II), S. 12, S. 1"
660,Teil I · Quellen,10,Fundstelle,"Bibliographische Angabe (Jahr, Band, Heft, Seiten, DOI, Kapitel) in Teil I","1 · Verwendet: S. 2 bis 3 (Tab. I), S. 8, S. 10 (Tab. II), S. 12, S. 13."
660,Teil I · Quellen,12,Fundstelle,"Bibliographische Angabe (Jahr, Band, Heft, Seiten, DOI, Kapitel) in Teil I"," 2 bis 3 (Tab. I), S. 8, S. 10 (Tab. II), S. 12, S. 13."
660,Teil I · Quellen,13,Fundstelle,"Bibliographische Angabe (Jahr, Band, Heft, Seiten, DOI, Kapitel) in Teil I","3 (Tab. I), S. 8, S. 10 (Tab. II), S. 12, S. 13."
661,Teil I · Quellen,1994,Fundstelle,"Bibliographische Angabe (Jahr, Band, Heft, Seiten, DOI, Kapitel) in Teil I","- Khamis, H. J., & Roche, A. F. (1994). Predicting adult stature wi"
661,Teil I · Quellen,94,Fundstelle,"Bibliographische Angabe (Jahr, Band, Heft, Seiten, DOI, Kapitel) in Teil I","l age: The Khamis-Roche method. *Pediatrics, 94*(4), 504–507. https://doi.org"
661,Teil I · Quellen,4,Fundstelle,"Bibliographische Angabe (Jahr, Band, Heft, Seiten, DOI, Kapitel) in Teil I","e: The Khamis-Roche method. *Pediatrics, 94*(4), 504–507. https://doi.org/10"
661,Teil I · Quellen,504,Fundstelle,"Bibliographische Angabe (Jahr, Band, Heft, Seiten, DOI, Kapitel) in Teil I","he Khamis-Roche method. *Pediatrics, 94*(4), 504–507. https://doi.org/10.1542/"
661,Teil I · Quellen,507,Fundstelle,"Bibliographische Angabe (Jahr, Band, Heft, Seiten, DOI, Kapitel) in Teil I","hamis-Roche method. *Pediatrics, 94*(4), 504–507. https://doi.org/10.1542/peds"
661,Teil I · Quellen,10.1542,Fundstelle,"Bibliographische Angabe (Jahr, Band, Heft, Seiten, DOI, Kapitel) in Teil I","Pediatrics, 94*(4), 504–507. https://doi.org/10.1542/peds.94.4.504 · Verwendet: S."
661,Teil I · Quellen,504,Fundstelle,"Bibliographische Angabe (Jahr, Band, Heft, Seiten, DOI, Kapitel) in Teil I","oi.org/10.1542/peds.94.4.504 · Verwendet: S. 504, S. 505 (Tab. 1), S. 506, S. "
661,Teil I · Quellen,505,Fundstelle,"Bibliographische Angabe (Jahr, Band, Heft, Seiten, DOI, Kapitel) in Teil I","0.1542/peds.94.4.504 · Verwendet: S. 504, S. 505 (Tab. 1), S. 506, S. 507."
661,Teil I · Quellen,1,Fundstelle,"Bibliographische Angabe (Jahr, Band, Heft, Seiten, DOI, Kapitel) in Teil I","s.94.4.504 · Verwendet: S. 504, S. 505 (Tab. 1), S. 506, S. 507."
661,Teil I · Quellen,506,Fundstelle,"Bibliographische Angabe (Jahr, Band, Heft, Seiten, DOI, Kapitel) in Teil I","504 · Verwendet: S. 504, S. 505 (Tab. 1), S. 506, S. 507."
661,Teil I · Quellen,507,Fundstelle,"Bibliographische Angabe (Jahr, Band, Heft, Seiten, DOI, Kapitel) in Teil I","rwendet: S. 504, S. 505 (Tab. 1), S. 506, S. 507."
662,Teil I · Quellen,1994,Fundstelle,"Bibliographische Angabe (Jahr, Band, Heft, Seiten, DOI, Kapitel) in Teil I","- Erratum zu Khamis & Roche (1994). (1995). *Pediatrics, 95*(3)"
662,Teil I · Quellen,1995,Fundstelle,"Bibliographische Angabe (Jahr, Band, Heft, Seiten, DOI, Kapitel) in Teil I","- Erratum zu Khamis & Roche (1994). (1995). *Pediatrics, 95*(3), 457. h"
662,Teil I · Quellen,95,Fundstelle,"Bibliographische Angabe (Jahr, Band, Heft, Seiten, DOI, Kapitel) in Teil I"," Khamis & Roche (1994). (1995). *Pediatrics, 95*(3), 457. https://doi.org/10."
662,Teil I · Quellen,3,Fundstelle,"Bibliographische Angabe (Jahr, Band, Heft, Seiten, DOI, Kapitel) in Teil I","mis & Roche (1994). (1995). *Pediatrics, 95*(3), 457. https://doi.org/10.154"
662,Teil I · Quellen,457,Fundstelle,"Bibliographische Angabe (Jahr, Band, Heft, Seiten, DOI, Kapitel) in Teil I","& Roche (1994). (1995). *Pediatrics, 95*(3), 457. https://doi.org/10.1542/peds"
662,Teil I · Quellen,10.1542,Fundstelle,"Bibliographische Angabe (Jahr, Band, Heft, Seiten, DOI, Kapitel) in Teil I","). *Pediatrics, 95*(3), 457. https://doi.org/10.1542/peds.95.3.457 · Nicht eingese"
663,Teil I · Quellen,2013,Fundstelle,"Bibliographische Angabe (Jahr, Band, Heft, Seiten, DOI, Kapitel) in Teil I","- Lakens, D. (2013). Calculating and reporting e"
663,Teil I · Quellen,4,Fundstelle,"Bibliographische Angabe (Jahr, Band, Heft, Seiten, DOI, Kapitel) in Teil I","-tests and ANOVAs. *Frontiers in Psychology, 4*, 863. https://doi.org/10.338"
663,Teil I · Quellen,863,Fundstelle,"Bibliographische Angabe (Jahr, Band, Heft, Seiten, DOI, Kapitel) in Teil I","ts and ANOVAs. *Frontiers in Psychology, 4*, 863. https://doi.org/10.3389/fpsy"
663,Teil I · Quellen,10.3389,Fundstelle,"Bibliographische Angabe (Jahr, Band, Heft, Seiten, DOI, Kapitel) in Teil I","iers in Psychology, 4*, 863. https://doi.org/10.3389/fpsyg.2013.00863 · Verwendet:"
663,Teil I · Quellen,4,Fundstelle,"Bibliographische Angabe (Jahr, Band, Heft, Seiten, DOI, Kapitel) in Teil I","10.3389/fpsyg.2013.00863 · Verwendet: Formel 4, Tab. 3."
663,Teil I · Quellen,3,Fundstelle,"Bibliographische Angabe (Jahr, Band, Heft, Seiten, DOI, Kapitel) in Teil I","fpsyg.2013.00863 · Verwendet: Formel 4, Tab. 3."
664,Teil I · Quellen,2022,Fundstelle,"Bibliographische Angabe (Jahr, Band, Heft, Seiten, DOI, Kapitel) in Teil I","- Lakens, D. (2022). Sample size justification. "
664,Teil I · Quellen,8,Fundstelle,"Bibliographische Angabe (Jahr, Band, Heft, Seiten, DOI, Kapitel) in Teil I","e size justification. *Collabra: Psychology, 8*(1), 33267. https://doi.org/1"
664,Teil I · Quellen,1,Fundstelle,"Bibliographische Angabe (Jahr, Band, Heft, Seiten, DOI, Kapitel) in Teil I","ize justification. *Collabra: Psychology, 8*(1), 33267. https://doi.org/10.1"
664,Teil I · Quellen,33267,Fundstelle,"Bibliographische Angabe (Jahr, Band, Heft, Seiten, DOI, Kapitel) in Teil I","justification. *Collabra: Psychology, 8*(1), 33267. https://doi.org/10.1525/coll"
664,Teil I · Quellen,10.1525,Fundstelle,"Bibliographische Angabe (Jahr, Band, Heft, Seiten, DOI, Kapitel) in Teil I","a: Psychology, 8*(1), 33267. https://doi.org/10.1525/collabra.33267 · Verwendet: S"
664,Teil I · Quellen,5,Fundstelle,"Bibliographische Angabe (Jahr, Band, Heft, Seiten, DOI, Kapitel) in Teil I","i.org/10.1525/collabra.33267 · Verwendet: S. 5, Tab. 3."
664,Teil I · Quellen,3,Fundstelle,"Bibliographische Angabe (Jahr, Band, Heft, Seiten, DOI, Kapitel) in Teil I",".1525/collabra.33267 · Verwendet: S. 5, Tab. 3."
665,Teil I · Quellen,2016,Fundstelle,"Bibliographische Angabe (Jahr, Band, Heft, Seiten, DOI, Kapitel) in Teil I","x, M. B. A., Cronin, J. B., & Oliver, J. L. (2016). Changes in sprint and jump "
665,Teil I · Quellen,30,Fundstelle,"Bibliographische Angabe (Jahr, Band, Heft, Seiten, DOI, Kapitel) in Teil I","urnal of Strength and Conditioning Research, 30*(5), 1239–1247. Verwendet: Ta"
665,Teil I · Quellen,5,Fundstelle,"Bibliographische Angabe (Jahr, Band, Heft, Seiten, DOI, Kapitel) in Teil I","l of Strength and Conditioning Research, 30*(5), 1239–1247. Verwendet: Tab. "
665,Teil I · Quellen,1239,Fundstelle,"Bibliographische Angabe (Jahr, Band, Heft, Seiten, DOI, Kapitel) in Teil I"," Strength and Conditioning Research, 30*(5), 1239–1247. Verwendet: Tab. 4, S. 1"
665,Teil I · Quellen,1247,Fundstelle,"Bibliographische Angabe (Jahr, Band, Heft, Seiten, DOI, Kapitel) in Teil I","ngth and Conditioning Research, 30*(5), 1239–1247. Verwendet: Tab. 4, S. 1243."
665,Teil I · Quellen,4,Fundstelle,"Bibliographische Angabe (Jahr, Band, Heft, Seiten, DOI, Kapitel) in Teil I","Research, 30*(5), 1239–1247. Verwendet: Tab. 4, S. 1243."
665,Teil I · Quellen,1243,Fundstelle,"Bibliographische Angabe (Jahr, Band, Heft, Seiten, DOI, Kapitel) in Teil I","ch, 30*(5), 1239–1247. Verwendet: Tab. 4, S. 1243."
666,Teil I · Quellen,2010,Fundstelle,"Bibliographische Angabe (Jahr, Band, Heft, Seiten, DOI, Kapitel) in Teil I","., Elbourne, D., Egger, M., & Altman, D. G. (2010). CONSORT 2010 explanation an"
666,Teil I · Quellen,2010,Fundstelle,"Bibliographische Angabe (Jahr, Band, Heft, Seiten, DOI, Kapitel) in Teil I",", Egger, M., & Altman, D. G. (2010). CONSORT 2010 explanation and elaboration: "
666,Teil I · Quellen,340,Fundstelle,"Bibliographische Angabe (Jahr, Band, Heft, Seiten, DOI, Kapitel) in Teil I","ting parallel group randomised trials. *BMJ, 340*, c869. https://doi.org/10.11"
666,Teil I · Quellen,10.1136,Fundstelle,"Bibliographische Angabe (Jahr, Band, Heft, Seiten, DOI, Kapitel) in Teil I","ed trials. *BMJ, 340*, c869. https://doi.org/10.1136/bmj.c869 · Verwendet: Item 18"
666,Teil I · Quellen,18,Fundstelle,"Bibliographische Angabe (Jahr, Band, Heft, Seiten, DOI, Kapitel) in Teil I","//doi.org/10.1136/bmj.c869 · Verwendet: Item 18 (S. 19), Item 19, Box 6."
666,Teil I · Quellen,19,Fundstelle,"Bibliographische Angabe (Jahr, Band, Heft, Seiten, DOI, Kapitel) in Teil I","rg/10.1136/bmj.c869 · Verwendet: Item 18 (S. 19), Item 19, Box 6."
666,Teil I · Quellen,19,Fundstelle,"Bibliographische Angabe (Jahr, Band, Heft, Seiten, DOI, Kapitel) in Teil I","/bmj.c869 · Verwendet: Item 18 (S. 19), Item 19, Box 6."
666,Teil I · Quellen,6,Fundstelle,"Bibliographische Angabe (Jahr, Band, Heft, Seiten, DOI, Kapitel) in Teil I","9 · Verwendet: Item 18 (S. 19), Item 19, Box 6."
667,Teil I · Quellen,2016,Fundstelle,"Bibliographische Angabe (Jahr, Band, Heft, Seiten, DOI, Kapitel) in Teil I","., Meylan, C., Collison, J., & Parry, D. A. (2016). Age-related variation in ma"
667,Teil I · Quellen,10.1519,Fundstelle,"Bibliographische Angabe (Jahr, Band, Heft, Seiten, DOI, Kapitel) in Teil I","ch*, Publish Ahead of Print. https://doi.org/10.1519/JSC.0000000000001444 · Verwen"
667,Teil I · Quellen,4,Fundstelle,"Bibliographische Angabe (Jahr, Band, Heft, Seiten, DOI, Kapitel) in Teil I",.1519/JSC.0000000000001444 · Verwendet: Tab. 4. Endgültige Jahrgangs- und Se
668,Teil I · Quellen,2008,Fundstelle,"Bibliographische Angabe (Jahr, Band, Heft, Seiten, DOI, Kapitel) in Teil I",onal Institute of Standards and Technology. (2008). *Guide for the use of the I
668,Teil I · Quellen,811,Fundstelle,"Bibliographische Angabe (Jahr, Band, Heft, Seiten, DOI, Kapitel) in Teil I","tem of Units (SI)* (NIST Special Publication 811, 2008 ed.), Anhang B.2, B.3, "
668,Teil I · Quellen,2008,Fundstelle,"Bibliographische Angabe (Jahr, Band, Heft, Seiten, DOI, Kapitel) in Teil I","f Units (SI)* (NIST Special Publication 811, 2008 ed.), Anhang B.2, B.3, B.8 un"
668,Teil I · Quellen,22,Fundstelle,"Bibliographische Angabe (Jahr, Band, Heft, Seiten, DOI, Kapitel) in Teil I"," 2008 ed.), Anhang B.2, B.3, B.8 und Fußnote 22. https://www.nist.gov/pml/spe"
670,Teil I · Quellen,1.3,Fundstelle,"Bibliographische Angabe (Jahr, Band, Heft, Seiten, DOI, Kapitel) in Teil I","*e-Handbook of Statistical Methods*, Abschn. 1.3.5.8, 1.3.5.10, 1.3.6.7.2, 1.3"
670,Teil I · Quellen,1.3,Fundstelle,"Bibliographische Angabe (Jahr, Band, Heft, Seiten, DOI, Kapitel) in Teil I","ok of Statistical Methods*, Abschn. 1.3.5.8, 1.3.5.10, 1.3.6.7.2, 1.3.6.7.4. h"
670,Teil I · Quellen,1.3,Fundstelle,"Bibliographische Angabe (Jahr, Band, Heft, Seiten, DOI, Kapitel) in Teil I","istical Methods*, Abschn. 1.3.5.8, 1.3.5.10, 1.3.6.7.2, 1.3.6.7.4. https://www"
670,Teil I · Quellen,1.3,Fundstelle,"Bibliographische Angabe (Jahr, Band, Heft, Seiten, DOI, Kapitel) in Teil I","hods*, Abschn. 1.3.5.8, 1.3.5.10, 1.3.6.7.2, 1.3.6.7.4. https://www.itl.nist.g"
672,Teil I · Quellen,2020,Fundstelle,"Bibliographische Angabe (Jahr, Band, Heft, Seiten, DOI, Kapitel) in Teil I"," J., Sáez de Villarreal, E., & Lloyd, R. S. (2020). Effects of plyometric jump "
672,Teil I · Quellen,3.5,Fundstelle,"Bibliographische Angabe (Jahr, Band, Heft, Seiten, DOI, Kapitel) in Teil I","tes Manuskript, im Druck. Verwendet: Abschn. 3.5 und Abb. 2. Band, Seiten und "
672,Teil I · Quellen,2,Fundstelle,"Bibliographische Angabe (Jahr, Band, Heft, Seiten, DOI, Kapitel) in Teil I","t, im Druck. Verwendet: Abschn. 3.5 und Abb. 2. Band, Seiten und DOI sind vo"
673,Teil I · Quellen,1995,Fundstelle,"Bibliographische Angabe (Jahr, Band, Heft, Seiten, DOI, Kapitel) in Teil I","- Royston, P. (1995). Remark AS R94: A remark on "
673,Teil I · Quellen,181,Fundstelle,"Bibliographische Angabe (Jahr, Band, Heft, Seiten, DOI, Kapitel) in Teil I",95). Remark AS R94: A remark on algorithm AS 181: The W-test for normality. *A
673,Teil I · Quellen,44,Fundstelle,"Bibliographische Angabe (Jahr, Band, Heft, Seiten, DOI, Kapitel) in Teil I","e W-test for normality. *Applied Statistics, 44*(4), 547. https://doi.org/10."
673,Teil I · Quellen,4,Fundstelle,"Bibliographische Angabe (Jahr, Band, Heft, Seiten, DOI, Kapitel) in Teil I","test for normality. *Applied Statistics, 44*(4), 547. https://doi.org/10.230"
673,Teil I · Quellen,547,Fundstelle,"Bibliographische Angabe (Jahr, Band, Heft, Seiten, DOI, Kapitel) in Teil I"," for normality. *Applied Statistics, 44*(4), 547. https://doi.org/10.2307/2986"
673,Teil I · Quellen,10.2307,Fundstelle,"Bibliographische Angabe (Jahr, Band, Heft, Seiten, DOI, Kapitel) in Teil I","ied Statistics, 44*(4), 547. https://doi.org/10.2307/2986146"
673,Teil I · Quellen,2986146,Fundstelle,"Bibliographische Angabe (Jahr, Band, Heft, Seiten, DOI, Kapitel) in Teil I","istics, 44*(4), 547. https://doi.org/10.2307/2986146"
