kennung,schritt,groesse,ziel,zeit,menge,variante,einheit,beschreibung,status,spielermenge
S01.N.X.X.ALL.X,S01,N,X,X,ALL,X,1,"Zahl der Spieler in den Personendaten, Menge ALL",Plan 12.09.,
S01.N.X.X.IG.X,S01,N,X,X,IG,X,1,"Zahl der Spieler in den Personendaten, Menge IG",Plan 12.09.,
S01.N.X.X.KG.X,S01,N,X,X,KG,X,1,"Zahl der Spieler in den Personendaten, Menge KG",Plan 12.09.,
S01.N.X.X.VA.X,S01,N,X,X,VA,X,1,"Zahl der Spieler in den Personendaten, Menge VA",Plan 12.09.,
S01.N.X.X.VB.X,S01,N,X,X,VB,X,1,"Zahl der Spieler in den Personendaten, Menge VB",Plan 12.09.,
S01.N.X.X.VC.X,S01,N,X,X,VC,X,1,"Zahl der Spieler in den Personendaten, Menge VC",Plan 12.09.,
S01.NZEIL.X.X.ALL.X,S01,NZEIL,X,X,ALL,X,1,Zeilen der Versuchsdaten,Plan 12.09.,
S01.NMELD.FB.X.ALL.X,S01,NMELD,FB,X,ALL,X,1,Zeilen des Fragebogen-Rohexports,Plan 12.09.,
S02.NAUSL.X.PRE.ALL.X,S02,NAUSL,X,PRE,ALL,X,1,Zahl auslösegestörter Sprintläufe,"Plan 12.09., K4 nachträglich",
S02.NAUSL.X.POST.ALL.X,S02,NAUSL,X,POST,ALL,X,1,Zahl auslösegestörter Sprintläufe,"Plan 12.09., K4 nachträglich",
S02.NGUELT.Z05.PRE.ALL.X,S02,NGUELT,Z05,PRE,ALL,X,1,"Zahl gültiger Versuche, Sprint 5 m",Plan 12.09.,
S02.NGUELT.Z05.POST.ALL.X,S02,NGUELT,Z05,POST,ALL,X,1,"Zahl gültiger Versuche, Sprint 5 m",Plan 12.09.,
S02.NGUELT.Z10.PRE.ALL.X,S02,NGUELT,Z10,PRE,ALL,X,1,"Zahl gültiger Versuche, Sprint 10 m",Plan 12.09.,
S02.NGUELT.Z10.POST.ALL.X,S02,NGUELT,Z10,POST,ALL,X,1,"Zahl gültiger Versuche, Sprint 10 m",Plan 12.09.,
S02.NGUELT.Z30.PRE.ALL.X,S02,NGUELT,Z30,PRE,ALL,X,1,"Zahl gültiger Versuche, Sprint 30 m",Plan 12.09.,
S02.NGUELT.Z30.POST.ALL.X,S02,NGUELT,Z30,POST,ALL,X,1,"Zahl gültiger Versuche, Sprint 30 m",Plan 12.09.,
S02.NGUELT.SBJ.PRE.ALL.X,S02,NGUELT,SBJ,PRE,ALL,X,1,"Zahl gültiger Versuche, Standweitsprung",Plan 12.09.,
S02.NGUELT.SBJ.POST.ALL.X,S02,NGUELT,SBJ,POST,ALL,X,1,"Zahl gültiger Versuche, Standweitsprung",Plan 12.09.,
S02.NGUELT.CL.PRE.ALL.X,S02,NGUELT,CL,PRE,ALL,X,1,"Zahl gültiger Versuche, 505 links",Plan 12.09.,
S02.NGUELT.CL.POST.ALL.X,S02,NGUELT,CL,POST,ALL,X,1,"Zahl gültiger Versuche, 505 links",Plan 12.09.,
S02.NGUELT.CR.PRE.ALL.X,S02,NGUELT,CR,PRE,ALL,X,1,"Zahl gültiger Versuche, 505 rechts",Plan 12.09.,
S02.NGUELT.CR.POST.ALL.X,S02,NGUELT,CR,POST,ALL,X,1,"Zahl gültiger Versuche, 505 rechts",Plan 12.09.,
S03.NKAT.Z05.PRE.IG.TECH,S03,NKAT,Z05,PRE,IG,TECH,1,"Zahl ungültiger Versuchszeilen der Kategorie TECH, Sprint 5 m","Plan 12.09., K5 nachträglich",
S03.NKAT.Z05.PRE.IG.ZEIT,S03,NKAT,Z05,PRE,IG,ZEIT,1,"Zahl ungültiger Versuchszeilen der Kategorie ZEIT, Sprint 5 m","Plan 12.09., K5 nachträglich",
S03.NKAT.Z05.PRE.IG.FEHL,S03,NKAT,Z05,PRE,IG,FEHL,1,"Zahl ungültiger Versuchszeilen der Kategorie FEHL, Sprint 5 m","Plan 12.09., K5 nachträglich",
S03.NKAT.Z05.PRE.IG.FALSCH,S03,NKAT,Z05,PRE,IG,FALSCH,1,"Zahl ungültiger Versuchszeilen der Kategorie FALSCH, Sprint 5 m","Plan 12.09., K5 nachträglich",
S03.NKAT.Z05.PRE.IG.AUSL,S03,NKAT,Z05,PRE,IG,AUSL,1,"Zahl ungültiger Versuchszeilen der Kategorie AUSL, Sprint 5 m","Plan 12.09., K5 nachträglich",
S03.NKAT.Z05.PRE.KG.TECH,S03,NKAT,Z05,PRE,KG,TECH,1,"Zahl ungültiger Versuchszeilen der Kategorie TECH, Sprint 5 m","Plan 12.09., K5 nachträglich",
S03.NKAT.Z05.PRE.KG.ZEIT,S03,NKAT,Z05,PRE,KG,ZEIT,1,"Zahl ungültiger Versuchszeilen der Kategorie ZEIT, Sprint 5 m","Plan 12.09., K5 nachträglich",
S03.NKAT.Z05.PRE.KG.FEHL,S03,NKAT,Z05,PRE,KG,FEHL,1,"Zahl ungültiger Versuchszeilen der Kategorie FEHL, Sprint 5 m","Plan 12.09., K5 nachträglich",
S03.NKAT.Z05.PRE.KG.FALSCH,S03,NKAT,Z05,PRE,KG,FALSCH,1,"Zahl ungültiger Versuchszeilen der Kategorie FALSCH, Sprint 5 m","Plan 12.09., K5 nachträglich",
S03.NKAT.Z05.PRE.KG.AUSL,S03,NKAT,Z05,PRE,KG,AUSL,1,"Zahl ungültiger Versuchszeilen der Kategorie AUSL, Sprint 5 m","Plan 12.09., K5 nachträglich",
S03.NKAT.Z05.POST.IG.TECH,S03,NKAT,Z05,POST,IG,TECH,1,"Zahl ungültiger Versuchszeilen der Kategorie TECH, Sprint 5 m","Plan 12.09., K5 nachträglich",
S03.NKAT.Z05.POST.IG.ZEIT,S03,NKAT,Z05,POST,IG,ZEIT,1,"Zahl ungültiger Versuchszeilen der Kategorie ZEIT, Sprint 5 m","Plan 12.09., K5 nachträglich",
S03.NKAT.Z05.POST.IG.FEHL,S03,NKAT,Z05,POST,IG,FEHL,1,"Zahl ungültiger Versuchszeilen der Kategorie FEHL, Sprint 5 m","Plan 12.09., K5 nachträglich",
S03.NKAT.Z05.POST.IG.FALSCH,S03,NKAT,Z05,POST,IG,FALSCH,1,"Zahl ungültiger Versuchszeilen der Kategorie FALSCH, Sprint 5 m","Plan 12.09., K5 nachträglich",
S03.NKAT.Z05.POST.IG.NANG,S03,NKAT,Z05,POST,IG,NANG,1,"Zahl ungültiger Versuchszeilen der Kategorie NANG, Sprint 5 m","Plan 12.09., K5 nachträglich",
S03.NKAT.Z05.POST.IG.AUSL,S03,NKAT,Z05,POST,IG,AUSL,1,"Zahl ungültiger Versuchszeilen der Kategorie AUSL, Sprint 5 m","Plan 12.09., K5 nachträglich",
S03.NKAT.Z05.POST.KG.TECH,S03,NKAT,Z05,POST,KG,TECH,1,"Zahl ungültiger Versuchszeilen der Kategorie TECH, Sprint 5 m","Plan 12.09., K5 nachträglich",
S03.NKAT.Z05.POST.KG.ZEIT,S03,NKAT,Z05,POST,KG,ZEIT,1,"Zahl ungültiger Versuchszeilen der Kategorie ZEIT, Sprint 5 m","Plan 12.09., K5 nachträglich",
S03.NKAT.Z05.POST.KG.FEHL,S03,NKAT,Z05,POST,KG,FEHL,1,"Zahl ungültiger Versuchszeilen der Kategorie FEHL, Sprint 5 m","Plan 12.09., K5 nachträglich",
S03.NKAT.Z05.POST.KG.FALSCH,S03,NKAT,Z05,POST,KG,FALSCH,1,"Zahl ungültiger Versuchszeilen der Kategorie FALSCH, Sprint 5 m","Plan 12.09., K5 nachträglich",
S03.NKAT.Z05.POST.KG.NANG,S03,NKAT,Z05,POST,KG,NANG,1,"Zahl ungültiger Versuchszeilen der Kategorie NANG, Sprint 5 m","Plan 12.09., K5 nachträglich",
S03.NKAT.Z05.POST.KG.AUSL,S03,NKAT,Z05,POST,KG,AUSL,1,"Zahl ungültiger Versuchszeilen der Kategorie AUSL, Sprint 5 m","Plan 12.09., K5 nachträglich",
S03.NKAT.Z10.PRE.IG.TECH,S03,NKAT,Z10,PRE,IG,TECH,1,"Zahl ungültiger Versuchszeilen der Kategorie TECH, Sprint 10 m","Plan 12.09., K5 nachträglich",
S03.NKAT.Z10.PRE.IG.ZEIT,S03,NKAT,Z10,PRE,IG,ZEIT,1,"Zahl ungültiger Versuchszeilen der Kategorie ZEIT, Sprint 10 m","Plan 12.09., K5 nachträglich",
S03.NKAT.Z10.PRE.IG.FEHL,S03,NKAT,Z10,PRE,IG,FEHL,1,"Zahl ungültiger Versuchszeilen der Kategorie FEHL, Sprint 10 m","Plan 12.09., K5 nachträglich",
S03.NKAT.Z10.PRE.IG.FALSCH,S03,NKAT,Z10,PRE,IG,FALSCH,1,"Zahl ungültiger Versuchszeilen der Kategorie FALSCH, Sprint 10 m","Plan 12.09., K5 nachträglich",
S03.NKAT.Z10.PRE.IG.AUSL,S03,NKAT,Z10,PRE,IG,AUSL,1,"Zahl ungültiger Versuchszeilen der Kategorie AUSL, Sprint 10 m","Plan 12.09., K5 nachträglich",
S03.NKAT.Z10.PRE.KG.TECH,S03,NKAT,Z10,PRE,KG,TECH,1,"Zahl ungültiger Versuchszeilen der Kategorie TECH, Sprint 10 m","Plan 12.09., K5 nachträglich",
S03.NKAT.Z10.PRE.KG.ZEIT,S03,NKAT,Z10,PRE,KG,ZEIT,1,"Zahl ungültiger Versuchszeilen der Kategorie ZEIT, Sprint 10 m","Plan 12.09., K5 nachträglich",
S03.NKAT.Z10.PRE.KG.FEHL,S03,NKAT,Z10,PRE,KG,FEHL,1,"Zahl ungültiger Versuchszeilen der Kategorie FEHL, Sprint 10 m","Plan 12.09., K5 nachträglich",
S03.NKAT.Z10.PRE.KG.FALSCH,S03,NKAT,Z10,PRE,KG,FALSCH,1,"Zahl ungültiger Versuchszeilen der Kategorie FALSCH, Sprint 10 m","Plan 12.09., K5 nachträglich",
S03.NKAT.Z10.PRE.KG.AUSL,S03,NKAT,Z10,PRE,KG,AUSL,1,"Zahl ungültiger Versuchszeilen der Kategorie AUSL, Sprint 10 m","Plan 12.09., K5 nachträglich",
S03.NKAT.Z10.POST.IG.TECH,S03,NKAT,Z10,POST,IG,TECH,1,"Zahl ungültiger Versuchszeilen der Kategorie TECH, Sprint 10 m","Plan 12.09., K5 nachträglich",
S03.NKAT.Z10.POST.IG.ZEIT,S03,NKAT,Z10,POST,IG,ZEIT,1,"Zahl ungültiger Versuchszeilen der Kategorie ZEIT, Sprint 10 m","Plan 12.09., K5 nachträglich",
S03.NKAT.Z10.POST.IG.FEHL,S03,NKAT,Z10,POST,IG,FEHL,1,"Zahl ungültiger Versuchszeilen der Kategorie FEHL, Sprint 10 m","Plan 12.09., K5 nachträglich",
S03.NKAT.Z10.POST.IG.FALSCH,S03,NKAT,Z10,POST,IG,FALSCH,1,"Zahl ungültiger Versuchszeilen der Kategorie FALSCH, Sprint 10 m","Plan 12.09., K5 nachträglich",
S03.NKAT.Z10.POST.IG.NANG,S03,NKAT,Z10,POST,IG,NANG,1,"Zahl ungültiger Versuchszeilen der Kategorie NANG, Sprint 10 m","Plan 12.09., K5 nachträglich",
S03.NKAT.Z10.POST.IG.AUSL,S03,NKAT,Z10,POST,IG,AUSL,1,"Zahl ungültiger Versuchszeilen der Kategorie AUSL, Sprint 10 m","Plan 12.09., K5 nachträglich",
S03.NKAT.Z10.POST.KG.TECH,S03,NKAT,Z10,POST,KG,TECH,1,"Zahl ungültiger Versuchszeilen der Kategorie TECH, Sprint 10 m","Plan 12.09., K5 nachträglich",
S03.NKAT.Z10.POST.KG.ZEIT,S03,NKAT,Z10,POST,KG,ZEIT,1,"Zahl ungültiger Versuchszeilen der Kategorie ZEIT, Sprint 10 m","Plan 12.09., K5 nachträglich",
S03.NKAT.Z10.POST.KG.FEHL,S03,NKAT,Z10,POST,KG,FEHL,1,"Zahl ungültiger Versuchszeilen der Kategorie FEHL, Sprint 10 m","Plan 12.09., K5 nachträglich",
S03.NKAT.Z10.POST.KG.FALSCH,S03,NKAT,Z10,POST,KG,FALSCH,1,"Zahl ungültiger Versuchszeilen der Kategorie FALSCH, Sprint 10 m","Plan 12.09., K5 nachträglich",
S03.NKAT.Z10.POST.KG.NANG,S03,NKAT,Z10,POST,KG,NANG,1,"Zahl ungültiger Versuchszeilen der Kategorie NANG, Sprint 10 m","Plan 12.09., K5 nachträglich",
S03.NKAT.Z10.POST.KG.AUSL,S03,NKAT,Z10,POST,KG,AUSL,1,"Zahl ungültiger Versuchszeilen der Kategorie AUSL, Sprint 10 m","Plan 12.09., K5 nachträglich",
S03.NKAT.Z30.PRE.IG.TECH,S03,NKAT,Z30,PRE,IG,TECH,1,"Zahl ungültiger Versuchszeilen der Kategorie TECH, Sprint 30 m","Plan 12.09., K5 nachträglich",
S03.NKAT.Z30.PRE.IG.ZEIT,S03,NKAT,Z30,PRE,IG,ZEIT,1,"Zahl ungültiger Versuchszeilen der Kategorie ZEIT, Sprint 30 m","Plan 12.09., K5 nachträglich",
S03.NKAT.Z30.PRE.IG.FEHL,S03,NKAT,Z30,PRE,IG,FEHL,1,"Zahl ungültiger Versuchszeilen der Kategorie FEHL, Sprint 30 m","Plan 12.09., K5 nachträglich",
S03.NKAT.Z30.PRE.IG.FALSCH,S03,NKAT,Z30,PRE,IG,FALSCH,1,"Zahl ungültiger Versuchszeilen der Kategorie FALSCH, Sprint 30 m","Plan 12.09., K5 nachträglich",
S03.NKAT.Z30.PRE.IG.AUSL,S03,NKAT,Z30,PRE,IG,AUSL,1,"Zahl ungültiger Versuchszeilen der Kategorie AUSL, Sprint 30 m","Plan 12.09., K5 nachträglich",
S03.NKAT.Z30.PRE.KG.TECH,S03,NKAT,Z30,PRE,KG,TECH,1,"Zahl ungültiger Versuchszeilen der Kategorie TECH, Sprint 30 m","Plan 12.09., K5 nachträglich",
S03.NKAT.Z30.PRE.KG.ZEIT,S03,NKAT,Z30,PRE,KG,ZEIT,1,"Zahl ungültiger Versuchszeilen der Kategorie ZEIT, Sprint 30 m","Plan 12.09., K5 nachträglich",
S03.NKAT.Z30.PRE.KG.FEHL,S03,NKAT,Z30,PRE,KG,FEHL,1,"Zahl ungültiger Versuchszeilen der Kategorie FEHL, Sprint 30 m","Plan 12.09., K5 nachträglich",
S03.NKAT.Z30.PRE.KG.FALSCH,S03,NKAT,Z30,PRE,KG,FALSCH,1,"Zahl ungültiger Versuchszeilen der Kategorie FALSCH, Sprint 30 m","Plan 12.09., K5 nachträglich",
S03.NKAT.Z30.PRE.KG.AUSL,S03,NKAT,Z30,PRE,KG,AUSL,1,"Zahl ungültiger Versuchszeilen der Kategorie AUSL, Sprint 30 m","Plan 12.09., K5 nachträglich",
S03.NKAT.Z30.POST.IG.TECH,S03,NKAT,Z30,POST,IG,TECH,1,"Zahl ungültiger Versuchszeilen der Kategorie TECH, Sprint 30 m","Plan 12.09., K5 nachträglich",
S03.NKAT.Z30.POST.IG.ZEIT,S03,NKAT,Z30,POST,IG,ZEIT,1,"Zahl ungültiger Versuchszeilen der Kategorie ZEIT, Sprint 30 m","Plan 12.09., K5 nachträglich",
S03.NKAT.Z30.POST.IG.FEHL,S03,NKAT,Z30,POST,IG,FEHL,1,"Zahl ungültiger Versuchszeilen der Kategorie FEHL, Sprint 30 m","Plan 12.09., K5 nachträglich",
S03.NKAT.Z30.POST.IG.FALSCH,S03,NKAT,Z30,POST,IG,FALSCH,1,"Zahl ungültiger Versuchszeilen der Kategorie FALSCH, Sprint 30 m","Plan 12.09., K5 nachträglich",
S03.NKAT.Z30.POST.IG.NANG,S03,NKAT,Z30,POST,IG,NANG,1,"Zahl ungültiger Versuchszeilen der Kategorie NANG, Sprint 30 m","Plan 12.09., K5 nachträglich",
S03.NKAT.Z30.POST.IG.AUSL,S03,NKAT,Z30,POST,IG,AUSL,1,"Zahl ungültiger Versuchszeilen der Kategorie AUSL, Sprint 30 m","Plan 12.09., K5 nachträglich",
S03.NKAT.Z30.POST.KG.TECH,S03,NKAT,Z30,POST,KG,TECH,1,"Zahl ungültiger Versuchszeilen der Kategorie TECH, Sprint 30 m","Plan 12.09., K5 nachträglich",
S03.NKAT.Z30.POST.KG.ZEIT,S03,NKAT,Z30,POST,KG,ZEIT,1,"Zahl ungültiger Versuchszeilen der Kategorie ZEIT, Sprint 30 m","Plan 12.09., K5 nachträglich",
S03.NKAT.Z30.POST.KG.FEHL,S03,NKAT,Z30,POST,KG,FEHL,1,"Zahl ungültiger Versuchszeilen der Kategorie FEHL, Sprint 30 m","Plan 12.09., K5 nachträglich",
S03.NKAT.Z30.POST.KG.FALSCH,S03,NKAT,Z30,POST,KG,FALSCH,1,"Zahl ungültiger Versuchszeilen der Kategorie FALSCH, Sprint 30 m","Plan 12.09., K5 nachträglich",
S03.NKAT.Z30.POST.KG.NANG,S03,NKAT,Z30,POST,KG,NANG,1,"Zahl ungültiger Versuchszeilen der Kategorie NANG, Sprint 30 m","Plan 12.09., K5 nachträglich",
S03.NKAT.Z30.POST.KG.AUSL,S03,NKAT,Z30,POST,KG,AUSL,1,"Zahl ungültiger Versuchszeilen der Kategorie AUSL, Sprint 30 m","Plan 12.09., K5 nachträglich",
S03.NKAT.SBJ.PRE.IG.TECH,S03,NKAT,SBJ,PRE,IG,TECH,1,"Zahl ungültiger Versuchszeilen der Kategorie TECH, Standweitsprung","Plan 12.09., K5 nachträglich",
S03.NKAT.SBJ.PRE.IG.ZEIT,S03,NKAT,SBJ,PRE,IG,ZEIT,1,"Zahl ungültiger Versuchszeilen der Kategorie ZEIT, Standweitsprung","Plan 12.09., K5 nachträglich",
S03.NKAT.SBJ.PRE.IG.FEHL,S03,NKAT,SBJ,PRE,IG,FEHL,1,"Zahl ungültiger Versuchszeilen der Kategorie FEHL, Standweitsprung","Plan 12.09., K5 nachträglich",
S03.NKAT.SBJ.PRE.IG.FALSCH,S03,NKAT,SBJ,PRE,IG,FALSCH,1,"Zahl ungültiger Versuchszeilen der Kategorie FALSCH, Standweitsprung","Plan 12.09., K5 nachträglich",
S03.NKAT.SBJ.PRE.IG.AUSL,S03,NKAT,SBJ,PRE,IG,AUSL,1,"Zahl ungültiger Versuchszeilen der Kategorie AUSL, Standweitsprung","Plan 12.09., K5 nachträglich",
S03.NKAT.SBJ.PRE.KG.TECH,S03,NKAT,SBJ,PRE,KG,TECH,1,"Zahl ungültiger Versuchszeilen der Kategorie TECH, Standweitsprung","Plan 12.09., K5 nachträglich",
S03.NKAT.SBJ.PRE.KG.ZEIT,S03,NKAT,SBJ,PRE,KG,ZEIT,1,"Zahl ungültiger Versuchszeilen der Kategorie ZEIT, Standweitsprung","Plan 12.09., K5 nachträglich",
S03.NKAT.SBJ.PRE.KG.FEHL,S03,NKAT,SBJ,PRE,KG,FEHL,1,"Zahl ungültiger Versuchszeilen der Kategorie FEHL, Standweitsprung","Plan 12.09., K5 nachträglich",
S03.NKAT.SBJ.PRE.KG.FALSCH,S03,NKAT,SBJ,PRE,KG,FALSCH,1,"Zahl ungültiger Versuchszeilen der Kategorie FALSCH, Standweitsprung","Plan 12.09., K5 nachträglich",
S03.NKAT.SBJ.PRE.KG.AUSL,S03,NKAT,SBJ,PRE,KG,AUSL,1,"Zahl ungültiger Versuchszeilen der Kategorie AUSL, Standweitsprung","Plan 12.09., K5 nachträglich",
S03.NKAT.SBJ.POST.IG.TECH,S03,NKAT,SBJ,POST,IG,TECH,1,"Zahl ungültiger Versuchszeilen der Kategorie TECH, Standweitsprung","Plan 12.09., K5 nachträglich",
S03.NKAT.SBJ.POST.IG.ZEIT,S03,NKAT,SBJ,POST,IG,ZEIT,1,"Zahl ungültiger Versuchszeilen der Kategorie ZEIT, Standweitsprung","Plan 12.09., K5 nachträglich",
S03.NKAT.SBJ.POST.IG.FEHL,S03,NKAT,SBJ,POST,IG,FEHL,1,"Zahl ungültiger Versuchszeilen der Kategorie FEHL, Standweitsprung","Plan 12.09., K5 nachträglich",
S03.NKAT.SBJ.POST.IG.FALSCH,S03,NKAT,SBJ,POST,IG,FALSCH,1,"Zahl ungültiger Versuchszeilen der Kategorie FALSCH, Standweitsprung","Plan 12.09., K5 nachträglich",
S03.NKAT.SBJ.POST.IG.NANG,S03,NKAT,SBJ,POST,IG,NANG,1,"Zahl ungültiger Versuchszeilen der Kategorie NANG, Standweitsprung","Plan 12.09., K5 nachträglich",
S03.NKAT.SBJ.POST.IG.AUSL,S03,NKAT,SBJ,POST,IG,AUSL,1,"Zahl ungültiger Versuchszeilen der Kategorie AUSL, Standweitsprung","Plan 12.09., K5 nachträglich",
S03.NKAT.SBJ.POST.KG.TECH,S03,NKAT,SBJ,POST,KG,TECH,1,"Zahl ungültiger Versuchszeilen der Kategorie TECH, Standweitsprung","Plan 12.09., K5 nachträglich",
S03.NKAT.SBJ.POST.KG.ZEIT,S03,NKAT,SBJ,POST,KG,ZEIT,1,"Zahl ungültiger Versuchszeilen der Kategorie ZEIT, Standweitsprung","Plan 12.09., K5 nachträglich",
S03.NKAT.SBJ.POST.KG.FEHL,S03,NKAT,SBJ,POST,KG,FEHL,1,"Zahl ungültiger Versuchszeilen der Kategorie FEHL, Standweitsprung","Plan 12.09., K5 nachträglich",
S03.NKAT.SBJ.POST.KG.FALSCH,S03,NKAT,SBJ,POST,KG,FALSCH,1,"Zahl ungültiger Versuchszeilen der Kategorie FALSCH, Standweitsprung","Plan 12.09., K5 nachträglich",
S03.NKAT.SBJ.POST.KG.NANG,S03,NKAT,SBJ,POST,KG,NANG,1,"Zahl ungültiger Versuchszeilen der Kategorie NANG, Standweitsprung","Plan 12.09., K5 nachträglich",
S03.NKAT.SBJ.POST.KG.AUSL,S03,NKAT,SBJ,POST,KG,AUSL,1,"Zahl ungültiger Versuchszeilen der Kategorie AUSL, Standweitsprung","Plan 12.09., K5 nachträglich",
S03.NKAT.CL.PRE.IG.TECH,S03,NKAT,CL,PRE,IG,TECH,1,"Zahl ungültiger Versuchszeilen der Kategorie TECH, 505 links","Plan 12.09., K5 nachträglich",
S03.NKAT.CL.PRE.IG.ZEIT,S03,NKAT,CL,PRE,IG,ZEIT,1,"Zahl ungültiger Versuchszeilen der Kategorie ZEIT, 505 links","Plan 12.09., K5 nachträglich",
S03.NKAT.CL.PRE.IG.FEHL,S03,NKAT,CL,PRE,IG,FEHL,1,"Zahl ungültiger Versuchszeilen der Kategorie FEHL, 505 links","Plan 12.09., K5 nachträglich",
S03.NKAT.CL.PRE.IG.FALSCH,S03,NKAT,CL,PRE,IG,FALSCH,1,"Zahl ungültiger Versuchszeilen der Kategorie FALSCH, 505 links","Plan 12.09., K5 nachträglich",
S03.NKAT.CL.PRE.IG.AUSL,S03,NKAT,CL,PRE,IG,AUSL,1,"Zahl ungültiger Versuchszeilen der Kategorie AUSL, 505 links","Plan 12.09., K5 nachträglich",
S03.NKAT.CL.PRE.KG.TECH,S03,NKAT,CL,PRE,KG,TECH,1,"Zahl ungültiger Versuchszeilen der Kategorie TECH, 505 links","Plan 12.09., K5 nachträglich",
S03.NKAT.CL.PRE.KG.ZEIT,S03,NKAT,CL,PRE,KG,ZEIT,1,"Zahl ungültiger Versuchszeilen der Kategorie ZEIT, 505 links","Plan 12.09., K5 nachträglich",
S03.NKAT.CL.PRE.KG.FEHL,S03,NKAT,CL,PRE,KG,FEHL,1,"Zahl ungültiger Versuchszeilen der Kategorie FEHL, 505 links","Plan 12.09., K5 nachträglich",
S03.NKAT.CL.PRE.KG.FALSCH,S03,NKAT,CL,PRE,KG,FALSCH,1,"Zahl ungültiger Versuchszeilen der Kategorie FALSCH, 505 links","Plan 12.09., K5 nachträglich",
S03.NKAT.CL.PRE.KG.AUSL,S03,NKAT,CL,PRE,KG,AUSL,1,"Zahl ungültiger Versuchszeilen der Kategorie AUSL, 505 links","Plan 12.09., K5 nachträglich",
S03.NKAT.CL.POST.IG.TECH,S03,NKAT,CL,POST,IG,TECH,1,"Zahl ungültiger Versuchszeilen der Kategorie TECH, 505 links","Plan 12.09., K5 nachträglich",
S03.NKAT.CL.POST.IG.ZEIT,S03,NKAT,CL,POST,IG,ZEIT,1,"Zahl ungültiger Versuchszeilen der Kategorie ZEIT, 505 links","Plan 12.09., K5 nachträglich",
S03.NKAT.CL.POST.IG.FEHL,S03,NKAT,CL,POST,IG,FEHL,1,"Zahl ungültiger Versuchszeilen der Kategorie FEHL, 505 links","Plan 12.09., K5 nachträglich",
S03.NKAT.CL.POST.IG.FALSCH,S03,NKAT,CL,POST,IG,FALSCH,1,"Zahl ungültiger Versuchszeilen der Kategorie FALSCH, 505 links","Plan 12.09., K5 nachträglich",
S03.NKAT.CL.POST.IG.NANG,S03,NKAT,CL,POST,IG,NANG,1,"Zahl ungültiger Versuchszeilen der Kategorie NANG, 505 links","Plan 12.09., K5 nachträglich",
S03.NKAT.CL.POST.IG.AUSL,S03,NKAT,CL,POST,IG,AUSL,1,"Zahl ungültiger Versuchszeilen der Kategorie AUSL, 505 links","Plan 12.09., K5 nachträglich",
S03.NKAT.CL.POST.KG.TECH,S03,NKAT,CL,POST,KG,TECH,1,"Zahl ungültiger Versuchszeilen der Kategorie TECH, 505 links","Plan 12.09., K5 nachträglich",
S03.NKAT.CL.POST.KG.ZEIT,S03,NKAT,CL,POST,KG,ZEIT,1,"Zahl ungültiger Versuchszeilen der Kategorie ZEIT, 505 links","Plan 12.09., K5 nachträglich",
S03.NKAT.CL.POST.KG.FEHL,S03,NKAT,CL,POST,KG,FEHL,1,"Zahl ungültiger Versuchszeilen der Kategorie FEHL, 505 links","Plan 12.09., K5 nachträglich",
S03.NKAT.CL.POST.KG.FALSCH,S03,NKAT,CL,POST,KG,FALSCH,1,"Zahl ungültiger Versuchszeilen der Kategorie FALSCH, 505 links","Plan 12.09., K5 nachträglich",
S03.NKAT.CL.POST.KG.NANG,S03,NKAT,CL,POST,KG,NANG,1,"Zahl ungültiger Versuchszeilen der Kategorie NANG, 505 links","Plan 12.09., K5 nachträglich",
S03.NKAT.CL.POST.KG.AUSL,S03,NKAT,CL,POST,KG,AUSL,1,"Zahl ungültiger Versuchszeilen der Kategorie AUSL, 505 links","Plan 12.09., K5 nachträglich",
S03.NKAT.CR.PRE.IG.TECH,S03,NKAT,CR,PRE,IG,TECH,1,"Zahl ungültiger Versuchszeilen der Kategorie TECH, 505 rechts","Plan 12.09., K5 nachträglich",
S03.NKAT.CR.PRE.IG.ZEIT,S03,NKAT,CR,PRE,IG,ZEIT,1,"Zahl ungültiger Versuchszeilen der Kategorie ZEIT, 505 rechts","Plan 12.09., K5 nachträglich",
S03.NKAT.CR.PRE.IG.FEHL,S03,NKAT,CR,PRE,IG,FEHL,1,"Zahl ungültiger Versuchszeilen der Kategorie FEHL, 505 rechts","Plan 12.09., K5 nachträglich",
S03.NKAT.CR.PRE.IG.FALSCH,S03,NKAT,CR,PRE,IG,FALSCH,1,"Zahl ungültiger Versuchszeilen der Kategorie FALSCH, 505 rechts","Plan 12.09., K5 nachträglich",
S03.NKAT.CR.PRE.IG.AUSL,S03,NKAT,CR,PRE,IG,AUSL,1,"Zahl ungültiger Versuchszeilen der Kategorie AUSL, 505 rechts","Plan 12.09., K5 nachträglich",
S03.NKAT.CR.PRE.KG.TECH,S03,NKAT,CR,PRE,KG,TECH,1,"Zahl ungültiger Versuchszeilen der Kategorie TECH, 505 rechts","Plan 12.09., K5 nachträglich",
S03.NKAT.CR.PRE.KG.ZEIT,S03,NKAT,CR,PRE,KG,ZEIT,1,"Zahl ungültiger Versuchszeilen der Kategorie ZEIT, 505 rechts","Plan 12.09., K5 nachträglich",
S03.NKAT.CR.PRE.KG.FEHL,S03,NKAT,CR,PRE,KG,FEHL,1,"Zahl ungültiger Versuchszeilen der Kategorie FEHL, 505 rechts","Plan 12.09., K5 nachträglich",
S03.NKAT.CR.PRE.KG.FALSCH,S03,NKAT,CR,PRE,KG,FALSCH,1,"Zahl ungültiger Versuchszeilen der Kategorie FALSCH, 505 rechts","Plan 12.09., K5 nachträglich",
S03.NKAT.CR.PRE.KG.AUSL,S03,NKAT,CR,PRE,KG,AUSL,1,"Zahl ungültiger Versuchszeilen der Kategorie AUSL, 505 rechts","Plan 12.09., K5 nachträglich",
S03.NKAT.CR.POST.IG.TECH,S03,NKAT,CR,POST,IG,TECH,1,"Zahl ungültiger Versuchszeilen der Kategorie TECH, 505 rechts","Plan 12.09., K5 nachträglich",
S03.NKAT.CR.POST.IG.ZEIT,S03,NKAT,CR,POST,IG,ZEIT,1,"Zahl ungültiger Versuchszeilen der Kategorie ZEIT, 505 rechts","Plan 12.09., K5 nachträglich",
S03.NKAT.CR.POST.IG.FEHL,S03,NKAT,CR,POST,IG,FEHL,1,"Zahl ungültiger Versuchszeilen der Kategorie FEHL, 505 rechts","Plan 12.09., K5 nachträglich",
S03.NKAT.CR.POST.IG.FALSCH,S03,NKAT,CR,POST,IG,FALSCH,1,"Zahl ungültiger Versuchszeilen der Kategorie FALSCH, 505 rechts","Plan 12.09., K5 nachträglich",
S03.NKAT.CR.POST.IG.NANG,S03,NKAT,CR,POST,IG,NANG,1,"Zahl ungültiger Versuchszeilen der Kategorie NANG, 505 rechts","Plan 12.09., K5 nachträglich",
S03.NKAT.CR.POST.IG.AUSL,S03,NKAT,CR,POST,IG,AUSL,1,"Zahl ungültiger Versuchszeilen der Kategorie AUSL, 505 rechts","Plan 12.09., K5 nachträglich",
S03.NKAT.CR.POST.KG.TECH,S03,NKAT,CR,POST,KG,TECH,1,"Zahl ungültiger Versuchszeilen der Kategorie TECH, 505 rechts","Plan 12.09., K5 nachträglich",
S03.NKAT.CR.POST.KG.ZEIT,S03,NKAT,CR,POST,KG,ZEIT,1,"Zahl ungültiger Versuchszeilen der Kategorie ZEIT, 505 rechts","Plan 12.09., K5 nachträglich",
S03.NKAT.CR.POST.KG.FEHL,S03,NKAT,CR,POST,KG,FEHL,1,"Zahl ungültiger Versuchszeilen der Kategorie FEHL, 505 rechts","Plan 12.09., K5 nachträglich",
S03.NKAT.CR.POST.KG.FALSCH,S03,NKAT,CR,POST,KG,FALSCH,1,"Zahl ungültiger Versuchszeilen der Kategorie FALSCH, 505 rechts","Plan 12.09., K5 nachträglich",
S03.NKAT.CR.POST.KG.NANG,S03,NKAT,CR,POST,KG,NANG,1,"Zahl ungültiger Versuchszeilen der Kategorie NANG, 505 rechts","Plan 12.09., K5 nachträglich",
S03.NKAT.CR.POST.KG.AUSL,S03,NKAT,CR,POST,KG,AUSL,1,"Zahl ungültiger Versuchszeilen der Kategorie AUSL, 505 rechts","Plan 12.09., K5 nachträglich",
S04.K.Z05.PRE.P<Code>.X,S04,K,Z05,PRE,P<Code>,X,1,"Zahl gültiger Versuche je Spieler, Sprint 5 m",Plan 12.09.,ALLE
S04.K.Z05.POST.P<Code>.X,S04,K,Z05,POST,P<Code>,X,1,"Zahl gültiger Versuche je Spieler, Sprint 5 m",Plan 12.09.,ALLE
S04.K.Z10.PRE.P<Code>.X,S04,K,Z10,PRE,P<Code>,X,1,"Zahl gültiger Versuche je Spieler, Sprint 10 m",Plan 12.09.,ALLE
S04.K.Z10.POST.P<Code>.X,S04,K,Z10,POST,P<Code>,X,1,"Zahl gültiger Versuche je Spieler, Sprint 10 m",Plan 12.09.,ALLE
S04.K.Z30.PRE.P<Code>.X,S04,K,Z30,PRE,P<Code>,X,1,"Zahl gültiger Versuche je Spieler, Sprint 30 m",Plan 12.09.,ALLE
S04.K.Z30.POST.P<Code>.X,S04,K,Z30,POST,P<Code>,X,1,"Zahl gültiger Versuche je Spieler, Sprint 30 m",Plan 12.09.,ALLE
S04.K.SBJ.PRE.P<Code>.X,S04,K,SBJ,PRE,P<Code>,X,1,"Zahl gültiger Versuche je Spieler, Standweitsprung",Plan 12.09.,ALLE
S04.K.SBJ.POST.P<Code>.X,S04,K,SBJ,POST,P<Code>,X,1,"Zahl gültiger Versuche je Spieler, Standweitsprung",Plan 12.09.,ALLE
S04.K.CL.PRE.P<Code>.X,S04,K,CL,PRE,P<Code>,X,1,"Zahl gültiger Versuche je Spieler, 505 links",Plan 12.09.,ALLE
S04.K.CL.POST.P<Code>.X,S04,K,CL,POST,P<Code>,X,1,"Zahl gültiger Versuche je Spieler, 505 links",Plan 12.09.,ALLE
S04.K.CR.PRE.P<Code>.X,S04,K,CR,PRE,P<Code>,X,1,"Zahl gültiger Versuche je Spieler, 505 rechts",Plan 12.09.,ALLE
S04.K.CR.POST.P<Code>.X,S04,K,CR,POST,P<Code>,X,1,"Zahl gültiger Versuche je Spieler, 505 rechts",Plan 12.09.,ALLE
S04.BEST.Z05.PRE.P<Code>.X,S04,BEST,Z05,PRE,P<Code>,X,s,"Bestwert je Spieler, Sprint 5 m","Antrag, Plan 12.09.",ALLE
S04.BEST.Z05.POST.P<Code>.X,S04,BEST,Z05,POST,P<Code>,X,s,"Bestwert je Spieler, Sprint 5 m","Antrag, Plan 12.09.",ALLE
S04.BEST.Z10.PRE.P<Code>.X,S04,BEST,Z10,PRE,P<Code>,X,s,"Bestwert je Spieler, Sprint 10 m","Antrag, Plan 12.09.",ALLE
S04.BEST.Z10.POST.P<Code>.X,S04,BEST,Z10,POST,P<Code>,X,s,"Bestwert je Spieler, Sprint 10 m","Antrag, Plan 12.09.",ALLE
S04.BEST.Z30.PRE.P<Code>.X,S04,BEST,Z30,PRE,P<Code>,X,s,"Bestwert je Spieler, Sprint 30 m","Antrag, Plan 12.09.",ALLE
S04.BEST.Z30.POST.P<Code>.X,S04,BEST,Z30,POST,P<Code>,X,s,"Bestwert je Spieler, Sprint 30 m","Antrag, Plan 12.09.",ALLE
S04.BEST.SBJ.PRE.P<Code>.X,S04,BEST,SBJ,PRE,P<Code>,X,cm,"Bestwert je Spieler, Standweitsprung","Antrag, Plan 12.09.",ALLE
S04.BEST.SBJ.POST.P<Code>.X,S04,BEST,SBJ,POST,P<Code>,X,cm,"Bestwert je Spieler, Standweitsprung","Antrag, Plan 12.09.",ALLE
S04.BEST.CL.PRE.P<Code>.X,S04,BEST,CL,PRE,P<Code>,X,s,"Bestwert je Spieler, 505 links","Antrag, Plan 12.09.",ALLE
S04.BEST.CL.POST.P<Code>.X,S04,BEST,CL,POST,P<Code>,X,s,"Bestwert je Spieler, 505 links","Antrag, Plan 12.09.",ALLE
S04.BEST.CR.PRE.P<Code>.X,S04,BEST,CR,PRE,P<Code>,X,s,"Bestwert je Spieler, 505 rechts","Antrag, Plan 12.09.",ALLE
S04.BEST.CR.POST.P<Code>.X,S04,BEST,CR,POST,P<Code>,X,s,"Bestwert je Spieler, 505 rechts","Antrag, Plan 12.09.",ALLE
S04.BEST.CM.PRE.P<Code>.X,S04,BEST,CM,PRE,P<Code>,X,s,"Bestwert je Spieler, 505 Seitenmittel","Antrag, Plan 12.09.",ALLE
S04.BEST.CM.POST.P<Code>.X,S04,BEST,CM,POST,P<Code>,X,s,"Bestwert je Spieler, 505 Seitenmittel","Antrag, Plan 12.09.",ALLE
S04.MEAN.Z05.PRE.P<Code>.X,S04,MEAN,Z05,PRE,P<Code>,X,s,"Mittelwert der gültigen Versuche je Spieler, Sprint 5 m",Plan 12.09.,ALLE
S04.MEAN.Z05.POST.P<Code>.X,S04,MEAN,Z05,POST,P<Code>,X,s,"Mittelwert der gültigen Versuche je Spieler, Sprint 5 m",Plan 12.09.,ALLE
S04.MEAN.Z10.PRE.P<Code>.X,S04,MEAN,Z10,PRE,P<Code>,X,s,"Mittelwert der gültigen Versuche je Spieler, Sprint 10 m",Plan 12.09.,ALLE
S04.MEAN.Z10.POST.P<Code>.X,S04,MEAN,Z10,POST,P<Code>,X,s,"Mittelwert der gültigen Versuche je Spieler, Sprint 10 m",Plan 12.09.,ALLE
S04.MEAN.Z30.PRE.P<Code>.X,S04,MEAN,Z30,PRE,P<Code>,X,s,"Mittelwert der gültigen Versuche je Spieler, Sprint 30 m",Plan 12.09.,ALLE
S04.MEAN.Z30.POST.P<Code>.X,S04,MEAN,Z30,POST,P<Code>,X,s,"Mittelwert der gültigen Versuche je Spieler, Sprint 30 m",Plan 12.09.,ALLE
S04.MEAN.SBJ.PRE.P<Code>.X,S04,MEAN,SBJ,PRE,P<Code>,X,cm,"Mittelwert der gültigen Versuche je Spieler, Standweitsprung",Plan 12.09.,ALLE
S04.MEAN.SBJ.POST.P<Code>.X,S04,MEAN,SBJ,POST,P<Code>,X,cm,"Mittelwert der gültigen Versuche je Spieler, Standweitsprung",Plan 12.09.,ALLE
S04.MEAN.CL.PRE.P<Code>.X,S04,MEAN,CL,PRE,P<Code>,X,s,"Mittelwert der gültigen Versuche je Spieler, 505 links",Plan 12.09.,ALLE
S04.MEAN.CL.POST.P<Code>.X,S04,MEAN,CL,POST,P<Code>,X,s,"Mittelwert der gültigen Versuche je Spieler, 505 links",Plan 12.09.,ALLE
S04.MEAN.CR.PRE.P<Code>.X,S04,MEAN,CR,PRE,P<Code>,X,s,"Mittelwert der gültigen Versuche je Spieler, 505 rechts",Plan 12.09.,ALLE
S04.MEAN.CR.POST.P<Code>.X,S04,MEAN,CR,POST,P<Code>,X,s,"Mittelwert der gültigen Versuche je Spieler, 505 rechts",Plan 12.09.,ALLE
S04.MEAN.CM.PRE.P<Code>.X,S04,MEAN,CM,PRE,P<Code>,X,s,"Mittelwert der gültigen Versuche je Spieler, 505 Seitenmittel",Plan 12.09.,ALLE
S04.MEAN.CM.POST.P<Code>.X,S04,MEAN,CM,POST,P<Code>,X,s,"Mittelwert der gültigen Versuche je Spieler, 505 Seitenmittel",Plan 12.09.,ALLE
S05.MP.PAH.PRE.P<Code>.X,S05,MP,PAH,PRE,P<Code>,X,in,Mittlere Elterngröße je Spieler,"Antrag, K3 nachträglich",ALLE
S05.PAS.PAH.PRE.P<Code>.X,S05,PAS,PAH,PRE,P<Code>,X,in,Vorhergesagte Erwachsenengröße je Spieler,"Antrag, O1 O2 nachträglich",ALLE
S05.PAH.PAH.PRE.P<Code>.X,S05,PAH,PAH,PRE,P<Code>,X,%,%PAH je Spieler,"Antrag, O1 O2 K1 bis K3 nachträglich",ALLE
S05.NPAH.PAH.PRE.IG.X,S05,NPAH,PAH,PRE,IG,X,1,Zahl der Spieler mit %PAH,Antrag,
S05.NPAH.PAH.PRE.KG.X,S05,NPAH,PAH,PRE,KG,X,1,Zahl der Spieler mit %PAH,Antrag,
S06.NMELD.FB.X.ALL.X,S06,NMELD,FB,X,ALL,X,1,Zahl der zugeordneten Meldungen,Plan 12.09.,
S06.NMELD.FB.X.P<Code>.X,S06,NMELD,FB,X,P<Code>,X,1,Zahl der zugeordneten Meldungen je IG-Spieler (0 ohne Meldung oder ohne Listenplatz),Plan 12.09.,IG
S06.NKORR.FB.X.ALL.X,S06,NKORR,FB,X,ALL,X,1,Zahl der Meldungen mit Fallkorrektur,Plan 12.09.,
S06.NDUBL.FB.X.ALL.X,S06,NDUBL,FB,X,ALL,X,1,Zahl der Dublettenpaare,"Plan 12.09., K7 nachträglich",
S06.NSAMM.FB.X.ALL.X,S06,NSAMM,FB,X,ALL,X,1,Zahl der Sammelmeldungspaare,Plan 12.09.,
S06.NSTAT.FB.X.IG.GANZ,S06,NSTAT,FB,X,IG,GANZ,1,"Zahl der Meldungen mit Status GANZ, Menge IG",Plan 12.09.,
S06.NSTAT.FB.X.IG.TEILW,S06,NSTAT,FB,X,IG,TEILW,1,"Zahl der Meldungen mit Status TEILW, Menge IG",Plan 12.09.,
S06.NSTAT.FB.X.IG.GARN,S06,NSTAT,FB,X,IG,GARN,1,"Zahl der Meldungen mit Status GARN, Menge IG",Plan 12.09.,
S07.ADH.ADH.X.P<Code>.GANZ,S07,ADH,ADH,X,P<Code>,GANZ,Einheiten,"Adhärenz je IG-Spieler, Zählung GANZ","Antrag, Plan 12.09., K9 nachträglich",IG
S07.ADH.ADH.X.P<Code>.WOCAP,S07,ADH,ADH,X,P<Code>,WOCAP,Einheiten,"Adhärenz je IG-Spieler, Zählung WOCAP","Antrag, Plan 12.09., K9 nachträglich",IG
S07.ADH.ADH.X.P<Code>.DIST,S07,ADH,ADH,X,P<Code>,DIST,Einheiten,"Adhärenz je IG-Spieler, Zählung DIST","Antrag, Plan 12.09., K9 nachträglich",IG
S07.NZUG.ADH.X.IG.X,S07,NZUG,ADH,X,IG,X,1,"Zahl der zugeteilten Spieler, Menge IG",Plan 12.09.,
S07.SUMME.ADH.X.IG.GANZ,S07,SUMME,ADH,X,IG,GANZ,Einheiten,"Summe der Einheiten, Zählung GANZ, Menge IG","Plan 12.09., K9 nachträglich",
S07.SUMME.ADH.X.IG.GT,S07,SUMME,ADH,X,IG,GT,Einheiten,"Summe der Einheiten, Zählung GT, Menge IG","Plan 12.09., K9 nachträglich",
S07.SUMME.ADH.X.IG.WOCAP,S07,SUMME,ADH,X,IG,WOCAP,Einheiten,"Summe der Einheiten, Zählung WOCAP, Menge IG","Plan 12.09., K9 nachträglich",
S07.SUMME.ADH.X.IG.DIST,S07,SUMME,ADH,X,IG,DIST,Einheiten,"Summe der Einheiten, Zählung DIST, Menge IG","Plan 12.09., K9 nachträglich",
S07.RATE.ADH.X.IG.GANZ,S07,RATE,ADH,X,IG,GANZ,1,"Umsetzungsrate, Summe / (12 · zugeteilte Spieler), Zählung GANZ, Menge IG","Plan 12.09., K9 nachträglich",
S07.RATE.ADH.X.IG.GT,S07,RATE,ADH,X,IG,GT,1,"Umsetzungsrate, Summe / (12 · zugeteilte Spieler), Zählung GT, Menge IG","Plan 12.09., K9 nachträglich",
S07.RATE.ADH.X.IG.WOCAP,S07,RATE,ADH,X,IG,WOCAP,1,"Umsetzungsrate, Summe / (12 · zugeteilte Spieler), Zählung WOCAP, Menge IG","Plan 12.09., K9 nachträglich",
S07.RATE.ADH.X.IG.DIST,S07,RATE,ADH,X,IG,DIST,1,"Umsetzungsrate, Summe / (12 · zugeteilte Spieler), Zählung DIST, Menge IG","Plan 12.09., K9 nachträglich",
S07.V00.ADH.X.IG.GANZ,S07,V00,ADH,X,IG,GANZ,1,"Zahl der Spieler mit genau 0 Einheiten, Zählung GANZ","Plan 12.09., K9 nachträglich",
S07.V01.ADH.X.IG.GANZ,S07,V01,ADH,X,IG,GANZ,1,"Zahl der Spieler mit genau 1 Einheiten, Zählung GANZ","Plan 12.09., K9 nachträglich",
S07.V02.ADH.X.IG.GANZ,S07,V02,ADH,X,IG,GANZ,1,"Zahl der Spieler mit genau 2 Einheiten, Zählung GANZ","Plan 12.09., K9 nachträglich",
S07.V03.ADH.X.IG.GANZ,S07,V03,ADH,X,IG,GANZ,1,"Zahl der Spieler mit genau 3 Einheiten, Zählung GANZ","Plan 12.09., K9 nachträglich",
S07.V04.ADH.X.IG.GANZ,S07,V04,ADH,X,IG,GANZ,1,"Zahl der Spieler mit genau 4 Einheiten, Zählung GANZ","Plan 12.09., K9 nachträglich",
S07.V05.ADH.X.IG.GANZ,S07,V05,ADH,X,IG,GANZ,1,"Zahl der Spieler mit genau 5 Einheiten, Zählung GANZ","Plan 12.09., K9 nachträglich",
S07.V06.ADH.X.IG.GANZ,S07,V06,ADH,X,IG,GANZ,1,"Zahl der Spieler mit genau 6 Einheiten, Zählung GANZ","Plan 12.09., K9 nachträglich",
S07.V07.ADH.X.IG.GANZ,S07,V07,ADH,X,IG,GANZ,1,"Zahl der Spieler mit genau 7 Einheiten, Zählung GANZ","Plan 12.09., K9 nachträglich",
S07.V08.ADH.X.IG.GANZ,S07,V08,ADH,X,IG,GANZ,1,"Zahl der Spieler mit genau 8 Einheiten, Zählung GANZ","Plan 12.09., K9 nachträglich",
S07.V09.ADH.X.IG.GANZ,S07,V09,ADH,X,IG,GANZ,1,"Zahl der Spieler mit genau 9 Einheiten, Zählung GANZ","Plan 12.09., K9 nachträglich",
S07.V10.ADH.X.IG.GANZ,S07,V10,ADH,X,IG,GANZ,1,"Zahl der Spieler mit genau 10 Einheiten, Zählung GANZ","Plan 12.09., K9 nachträglich",
S07.V11.ADH.X.IG.GANZ,S07,V11,ADH,X,IG,GANZ,1,"Zahl der Spieler mit genau 11 Einheiten, Zählung GANZ","Plan 12.09., K9 nachträglich",
S07.V12.ADH.X.IG.GANZ,S07,V12,ADH,X,IG,GANZ,1,"Zahl der Spieler mit genau 12 Einheiten, Zählung GANZ","Plan 12.09., K9 nachträglich",
S07.GE01.ADH.X.IG.GANZ,S07,GE01,ADH,X,IG,GANZ,1,"Zahl der Spieler mit mindestens 1 Einheiten, Zählung GANZ","Plan 12.09., K9 nachträglich",
S07.GE02.ADH.X.IG.GANZ,S07,GE02,ADH,X,IG,GANZ,1,"Zahl der Spieler mit mindestens 2 Einheiten, Zählung GANZ","Plan 12.09., K9 nachträglich",
S07.GE03.ADH.X.IG.GANZ,S07,GE03,ADH,X,IG,GANZ,1,"Zahl der Spieler mit mindestens 3 Einheiten, Zählung GANZ","Plan 12.09., K9 nachträglich",
S07.GE04.ADH.X.IG.GANZ,S07,GE04,ADH,X,IG,GANZ,1,"Zahl der Spieler mit mindestens 4 Einheiten, Zählung GANZ","Plan 12.09., K9 nachträglich",
S07.GE05.ADH.X.IG.GANZ,S07,GE05,ADH,X,IG,GANZ,1,"Zahl der Spieler mit mindestens 5 Einheiten, Zählung GANZ","Plan 12.09., K9 nachträglich",
S07.GE06.ADH.X.IG.GANZ,S07,GE06,ADH,X,IG,GANZ,1,"Zahl der Spieler mit mindestens 6 Einheiten, Zählung GANZ","Plan 12.09., K9 nachträglich",
S07.GE06.ADH.X.IG.WOCAP,S07,GE06,ADH,X,IG,WOCAP,1,"Zahl der Spieler mit mindestens 6 Einheiten, Zählung WOCAP","Plan 12.09., K9 nachträglich",
S07.GE06.ADH.X.IG.DIST,S07,GE06,ADH,X,IG,DIST,1,"Zahl der Spieler mit mindestens 6 Einheiten, Zählung DIST","Plan 12.09., K9 nachträglich",
S07.GE07.ADH.X.IG.GANZ,S07,GE07,ADH,X,IG,GANZ,1,"Zahl der Spieler mit mindestens 7 Einheiten, Zählung GANZ","Plan 12.09., K9 nachträglich",
S07.GE08.ADH.X.IG.GANZ,S07,GE08,ADH,X,IG,GANZ,1,"Zahl der Spieler mit mindestens 8 Einheiten, Zählung GANZ","Plan 12.09., K9 nachträglich",
S07.GE09.ADH.X.IG.GANZ,S07,GE09,ADH,X,IG,GANZ,1,"Zahl der Spieler mit mindestens 9 Einheiten, Zählung GANZ","Plan 12.09., K9 nachträglich",
S07.GE09.ADH.X.IG.WOCAP,S07,GE09,ADH,X,IG,WOCAP,1,"Zahl der Spieler mit mindestens 9 Einheiten, Zählung WOCAP","Plan 12.09., K9 nachträglich",
S07.GE09.ADH.X.IG.DIST,S07,GE09,ADH,X,IG,DIST,1,"Zahl der Spieler mit mindestens 9 Einheiten, Zählung DIST","Plan 12.09., K9 nachträglich",
S07.GE10.ADH.X.IG.GANZ,S07,GE10,ADH,X,IG,GANZ,1,"Zahl der Spieler mit mindestens 10 Einheiten, Zählung GANZ","Plan 12.09., K9 nachträglich",
S07.GE11.ADH.X.IG.GANZ,S07,GE11,ADH,X,IG,GANZ,1,"Zahl der Spieler mit mindestens 11 Einheiten, Zählung GANZ","Plan 12.09., K9 nachträglich",
S07.GE12.ADH.X.IG.GANZ,S07,GE12,ADH,X,IG,GANZ,1,"Zahl der Spieler mit mindestens 12 Einheiten, Zählung GANZ","Plan 12.09., K9 nachträglich",
S07.MED.ADH.X.IG.GANZ,S07,MED,ADH,X,IG,GANZ,Einheiten,"Median je zugeteiltem Spieler, Zählung GANZ","Plan 12.09., K9 nachträglich",
S07.MITT.ADH.X.IG.GANZ,S07,MITT,ADH,X,IG,GANZ,Einheiten,"Mittel je zugeteiltem Spieler, Zählung GANZ","Plan 12.09., K9 nachträglich",
S07.NMELDSP.ADH.X.IG.X,S07,NMELDSP,ADH,X,IG,X,1,Zahl der IG-Spieler mit mindestens einer Meldung,Plan 12.09.,
S07.ANTW.ADH.W1.IG.GANZ,S07,ANTW,ADH,W1,IG,GANZ,1,"Meldungen ganz der Woche / (2 · zugeteilte Spieler), Menge IG","Plan 12.09., P4 nachträglich",
S07.ANTW.ADH.W2.IG.GANZ,S07,ANTW,ADH,W2,IG,GANZ,1,"Meldungen ganz der Woche / (2 · zugeteilte Spieler), Menge IG","Plan 12.09., P4 nachträglich",
S07.ANTW.ADH.W3.IG.GANZ,S07,ANTW,ADH,W3,IG,GANZ,1,"Meldungen ganz der Woche / (2 · zugeteilte Spieler), Menge IG","Plan 12.09., P4 nachträglich",
S07.ANTW.ADH.W4.IG.GANZ,S07,ANTW,ADH,W4,IG,GANZ,1,"Meldungen ganz der Woche / (2 · zugeteilte Spieler), Menge IG","Plan 12.09., P4 nachträglich",
S07.ANTW.ADH.W5.IG.GANZ,S07,ANTW,ADH,W5,IG,GANZ,1,"Meldungen ganz der Woche / (2 · zugeteilte Spieler), Menge IG","Plan 12.09., P4 nachträglich",
S07.ANTW.ADH.W6.IG.GANZ,S07,ANTW,ADH,W6,IG,GANZ,1,"Meldungen ganz der Woche / (2 · zugeteilte Spieler), Menge IG","Plan 12.09., P4 nachträglich",
S07.N.CR10.X.IG.GANZ,S07,N,CR10,X,IG,GANZ,1,"n der CR-10-Werte, Status ganz, Menge IG","Antrag, Plan 12.09.",
S07.M.CR10.X.IG.GANZ,S07,M,CR10,X,IG,GANZ,1,"Mittel der CR-10-Werte, Status ganz, Menge IG","Antrag, Plan 12.09.",
S07.SD.CR10.X.IG.GANZ,S07,SD,CR10,X,IG,GANZ,1,"SD der CR-10-Werte, Status ganz, Menge IG","Antrag, Plan 12.09.",
S07.MED.CR10.X.IG.GANZ,S07,MED,CR10,X,IG,GANZ,1,"Median der CR-10-Werte, Status ganz, Menge IG","Antrag, Plan 12.09.",
S07.MIN.CR10.X.IG.GANZ,S07,MIN,CR10,X,IG,GANZ,1,"Minimum der CR-10-Werte, Status ganz, Menge IG","Antrag, Plan 12.09.",
S07.MAX.CR10.X.IG.GANZ,S07,MAX,CR10,X,IG,GANZ,1,"Maximum der CR-10-Werte, Status ganz, Menge IG","Antrag, Plan 12.09.",
S07.N.CR10.W1.IG.GANZ,S07,N,CR10,W1,IG,GANZ,1,"n der CR-10-Werte je Programmwoche, Status ganz, Menge IG",Plan 12.09.,
S07.N.CR10.W2.IG.GANZ,S07,N,CR10,W2,IG,GANZ,1,"n der CR-10-Werte je Programmwoche, Status ganz, Menge IG",Plan 12.09.,
S07.N.CR10.W3.IG.GANZ,S07,N,CR10,W3,IG,GANZ,1,"n der CR-10-Werte je Programmwoche, Status ganz, Menge IG",Plan 12.09.,
S07.N.CR10.W4.IG.GANZ,S07,N,CR10,W4,IG,GANZ,1,"n der CR-10-Werte je Programmwoche, Status ganz, Menge IG",Plan 12.09.,
S07.N.CR10.W5.IG.GANZ,S07,N,CR10,W5,IG,GANZ,1,"n der CR-10-Werte je Programmwoche, Status ganz, Menge IG",Plan 12.09.,
S07.N.CR10.W6.IG.GANZ,S07,N,CR10,W6,IG,GANZ,1,"n der CR-10-Werte je Programmwoche, Status ganz, Menge IG",Plan 12.09.,
S07.M.CR10.W1.IG.GANZ,S07,M,CR10,W1,IG,GANZ,1,"Mittel der CR-10-Werte je Programmwoche, Status ganz, Menge IG",Plan 12.09.,
S07.M.CR10.W2.IG.GANZ,S07,M,CR10,W2,IG,GANZ,1,"Mittel der CR-10-Werte je Programmwoche, Status ganz, Menge IG",Plan 12.09.,
S07.M.CR10.W3.IG.GANZ,S07,M,CR10,W3,IG,GANZ,1,"Mittel der CR-10-Werte je Programmwoche, Status ganz, Menge IG",Plan 12.09.,
S07.M.CR10.W4.IG.GANZ,S07,M,CR10,W4,IG,GANZ,1,"Mittel der CR-10-Werte je Programmwoche, Status ganz, Menge IG",Plan 12.09.,
S07.M.CR10.W5.IG.GANZ,S07,M,CR10,W5,IG,GANZ,1,"Mittel der CR-10-Werte je Programmwoche, Status ganz, Menge IG",Plan 12.09.,
S07.M.CR10.W6.IG.GANZ,S07,M,CR10,W6,IG,GANZ,1,"Mittel der CR-10-Werte je Programmwoche, Status ganz, Menge IG",Plan 12.09.,
S07.SD.CR10.W1.IG.GANZ,S07,SD,CR10,W1,IG,GANZ,1,"SD der CR-10-Werte je Programmwoche, Status ganz, Menge IG",Plan 12.09.,
S07.SD.CR10.W2.IG.GANZ,S07,SD,CR10,W2,IG,GANZ,1,"SD der CR-10-Werte je Programmwoche, Status ganz, Menge IG",Plan 12.09.,
S07.SD.CR10.W3.IG.GANZ,S07,SD,CR10,W3,IG,GANZ,1,"SD der CR-10-Werte je Programmwoche, Status ganz, Menge IG",Plan 12.09.,
S07.SD.CR10.W4.IG.GANZ,S07,SD,CR10,W4,IG,GANZ,1,"SD der CR-10-Werte je Programmwoche, Status ganz, Menge IG",Plan 12.09.,
S07.SD.CR10.W5.IG.GANZ,S07,SD,CR10,W5,IG,GANZ,1,"SD der CR-10-Werte je Programmwoche, Status ganz, Menge IG",Plan 12.09.,
S07.SD.CR10.W6.IG.GANZ,S07,SD,CR10,W6,IG,GANZ,1,"SD der CR-10-Werte je Programmwoche, Status ganz, Menge IG",Plan 12.09.,
S07.N.LOAD.X.IG.GANZ,S07,N,LOAD,X,IG,GANZ,1,"n des sRPE-Load, Status ganz, Menge IG","Plan 12.09., K10 nachträglich",
S07.M.LOAD.X.IG.GANZ,S07,M,LOAD,X,IG,GANZ,AU,"Mittel des sRPE-Load, Status ganz, Menge IG","Plan 12.09., K10 nachträglich",
S07.SD.LOAD.X.IG.GANZ,S07,SD,LOAD,X,IG,GANZ,AU,"SD des sRPE-Load, Status ganz, Menge IG","Plan 12.09., K10 nachträglich",
S07.MED.LOAD.X.IG.GANZ,S07,MED,LOAD,X,IG,GANZ,AU,"Median des sRPE-Load, Status ganz, Menge IG","Plan 12.09., K10 nachträglich",
S07.MIN.LOAD.X.IG.GANZ,S07,MIN,LOAD,X,IG,GANZ,AU,"Minimum des sRPE-Load, Status ganz, Menge IG","Plan 12.09., K10 nachträglich",
S07.MAX.LOAD.X.IG.GANZ,S07,MAX,LOAD,X,IG,GANZ,AU,"Maximum des sRPE-Load, Status ganz, Menge IG","Plan 12.09., K10 nachträglich",
S07.N.LOAD.W1.IG.GANZ,S07,N,LOAD,W1,IG,GANZ,1,n des sRPE-Load je Programmwoche,"Plan 12.09., K10 nachträglich",
S07.N.LOAD.W2.IG.GANZ,S07,N,LOAD,W2,IG,GANZ,1,n des sRPE-Load je Programmwoche,"Plan 12.09., K10 nachträglich",
S07.N.LOAD.W3.IG.GANZ,S07,N,LOAD,W3,IG,GANZ,1,n des sRPE-Load je Programmwoche,"Plan 12.09., K10 nachträglich",
S07.N.LOAD.W4.IG.GANZ,S07,N,LOAD,W4,IG,GANZ,1,n des sRPE-Load je Programmwoche,"Plan 12.09., K10 nachträglich",
S07.N.LOAD.W5.IG.GANZ,S07,N,LOAD,W5,IG,GANZ,1,n des sRPE-Load je Programmwoche,"Plan 12.09., K10 nachträglich",
S07.N.LOAD.W6.IG.GANZ,S07,N,LOAD,W6,IG,GANZ,1,n des sRPE-Load je Programmwoche,"Plan 12.09., K10 nachträglich",
S07.M.LOAD.W1.IG.GANZ,S07,M,LOAD,W1,IG,GANZ,AU,Mittel des sRPE-Load je Programmwoche,"Plan 12.09., K10 nachträglich",
S07.M.LOAD.W2.IG.GANZ,S07,M,LOAD,W2,IG,GANZ,AU,Mittel des sRPE-Load je Programmwoche,"Plan 12.09., K10 nachträglich",
S07.M.LOAD.W3.IG.GANZ,S07,M,LOAD,W3,IG,GANZ,AU,Mittel des sRPE-Load je Programmwoche,"Plan 12.09., K10 nachträglich",
S07.M.LOAD.W4.IG.GANZ,S07,M,LOAD,W4,IG,GANZ,AU,Mittel des sRPE-Load je Programmwoche,"Plan 12.09., K10 nachträglich",
S07.M.LOAD.W5.IG.GANZ,S07,M,LOAD,W5,IG,GANZ,AU,Mittel des sRPE-Load je Programmwoche,"Plan 12.09., K10 nachträglich",
S07.M.LOAD.W6.IG.GANZ,S07,M,LOAD,W6,IG,GANZ,AU,Mittel des sRPE-Load je Programmwoche,"Plan 12.09., K10 nachträglich",
S07.SD.LOAD.W1.IG.GANZ,S07,SD,LOAD,W1,IG,GANZ,AU,SD des sRPE-Load je Programmwoche,"Plan 12.09., K10 nachträglich",
S07.SD.LOAD.W2.IG.GANZ,S07,SD,LOAD,W2,IG,GANZ,AU,SD des sRPE-Load je Programmwoche,"Plan 12.09., K10 nachträglich",
S07.SD.LOAD.W3.IG.GANZ,S07,SD,LOAD,W3,IG,GANZ,AU,SD des sRPE-Load je Programmwoche,"Plan 12.09., K10 nachträglich",
S07.SD.LOAD.W4.IG.GANZ,S07,SD,LOAD,W4,IG,GANZ,AU,SD des sRPE-Load je Programmwoche,"Plan 12.09., K10 nachträglich",
S07.SD.LOAD.W5.IG.GANZ,S07,SD,LOAD,W5,IG,GANZ,AU,SD des sRPE-Load je Programmwoche,"Plan 12.09., K10 nachträglich",
S07.SD.LOAD.W6.IG.GANZ,S07,SD,LOAD,W6,IG,GANZ,AU,SD des sRPE-Load je Programmwoche,"Plan 12.09., K10 nachträglich",
S07.UE.FB.X.IG.X,S07,UE,FB,X,IG,X,1,Meldungen mit Schmerzen oder Problemen (H007 = 1),Plan 12.09.,
S07.UE.FB.X.IG.GANZ,S07,UE,FB,X,IG,GANZ,1,"Meldungen mit H007 = 1, Status GANZ",Plan 12.09.,
S07.UE.FB.X.IG.TEILW,S07,UE,FB,X,IG,TEILW,1,"Meldungen mit H007 = 1, Status TEILW",Plan 12.09.,
S07.UE.FB.X.IG.GARN,S07,UE,FB,X,IG,GARN,1,"Meldungen mit H007 = 1, Status GARN",Plan 12.09.,
S07.UESP.FB.X.IG.X,S07,UESP,FB,X,IG,X,1,Spieler mit mindestens einer Meldung H007 = 1,Plan 12.09.,
S08.N.Z05.X.ITTIG.X,S08,N,Z05,X,ITTIG,X,1,"Zahl der Spieler im Set ITTIG, Sprint 5 m",Plan 12.09.,
S08.N.Z05.X.ITTKG.X,S08,N,Z05,X,ITTKG,X,1,"Zahl der Spieler im Set ITTKG, Sprint 5 m",Plan 12.09.,
S08.N.Z10.X.ITTIG.X,S08,N,Z10,X,ITTIG,X,1,"Zahl der Spieler im Set ITTIG, Sprint 10 m",Plan 12.09.,
S08.N.Z10.X.ITTKG.X,S08,N,Z10,X,ITTKG,X,1,"Zahl der Spieler im Set ITTKG, Sprint 10 m",Plan 12.09.,
S08.N.Z30.X.ITTIG.X,S08,N,Z30,X,ITTIG,X,1,"Zahl der Spieler im Set ITTIG, Sprint 30 m",Plan 12.09.,
S08.N.Z30.X.ITTKG.X,S08,N,Z30,X,ITTKG,X,1,"Zahl der Spieler im Set ITTKG, Sprint 30 m",Plan 12.09.,
S08.N.SBJ.X.ITTIG.X,S08,N,SBJ,X,ITTIG,X,1,"Zahl der Spieler im Set ITTIG, Standweitsprung",Plan 12.09.,
S08.N.SBJ.X.ITTKG.X,S08,N,SBJ,X,ITTKG,X,1,"Zahl der Spieler im Set ITTKG, Standweitsprung",Plan 12.09.,
S08.N.CL.X.ITTIG.X,S08,N,CL,X,ITTIG,X,1,"Zahl der Spieler im Set ITTIG, 505 links",Plan 12.09.,
S08.N.CL.X.ITTKG.X,S08,N,CL,X,ITTKG,X,1,"Zahl der Spieler im Set ITTKG, 505 links",Plan 12.09.,
S08.N.CR.X.ITTIG.X,S08,N,CR,X,ITTIG,X,1,"Zahl der Spieler im Set ITTIG, 505 rechts",Plan 12.09.,
S08.N.CR.X.ITTKG.X,S08,N,CR,X,ITTKG,X,1,"Zahl der Spieler im Set ITTKG, 505 rechts",Plan 12.09.,
S08.N.CM.X.ITTIG.X,S08,N,CM,X,ITTIG,X,1,"Zahl der Spieler im Set ITTIG, 505 Seitenmittel",Plan 12.09.,
S08.N.CM.X.ITTKG.X,S08,N,CM,X,ITTKG,X,1,"Zahl der Spieler im Set ITTKG, 505 Seitenmittel",Plan 12.09.,
S08.N.Z30.X.PP5IG.X,S08,N,Z30,X,PP5IG,X,1,"Zahl der Spieler im Set PP5IG, Sprint 30 m",Plan 12.09.,
S08.N.Z30.X.PP6IG.X,S08,N,Z30,X,PP6IG,X,1,"Zahl der Spieler im Set PP6IG, Sprint 30 m",Plan 12.09.,
S08.N.Z30.X.PP7IG.X,S08,N,Z30,X,PP7IG,X,1,"Zahl der Spieler im Set PP7IG, Sprint 30 m",Plan 12.09.,
S08.N.Z30.X.AK9IG.X,S08,N,Z30,X,AK9IG,X,1,"Zahl der Spieler im Set AK9IG, Sprint 30 m",Plan 12.09.,
S08.N.Z30.X.FAMSIG.X,S08,N,Z30,X,FAMSIG,X,1,"Zahl der Spieler im Set FAMSIG, Sprint 30 m",Plan 12.09.,
S08.N.Z30.X.FAMSKG.X,S08,N,Z30,X,FAMSKG,X,1,"Zahl der Spieler im Set FAMSKG, Sprint 30 m",Plan 12.09.,
S08.N.CM.X.PP5IG.X,S08,N,CM,X,PP5IG,X,1,"Zahl der Spieler im Set PP5IG, 505 Seitenmittel",Plan 12.09.,
S08.N.CM.X.PP6IG.X,S08,N,CM,X,PP6IG,X,1,"Zahl der Spieler im Set PP6IG, 505 Seitenmittel",Plan 12.09.,
S08.N.CM.X.PP7IG.X,S08,N,CM,X,PP7IG,X,1,"Zahl der Spieler im Set PP7IG, 505 Seitenmittel",Plan 12.09.,
S08.N.CM.X.AK9IG.X,S08,N,CM,X,AK9IG,X,1,"Zahl der Spieler im Set AK9IG, 505 Seitenmittel",Plan 12.09.,
S08.N.CM.X.FAMSIG.X,S08,N,CM,X,FAMSIG,X,1,"Zahl der Spieler im Set FAMSIG, 505 Seitenmittel",Plan 12.09.,
S08.N.CM.X.FAMSKG.X,S08,N,CM,X,FAMSKG,X,1,"Zahl der Spieler im Set FAMSKG, 505 Seitenmittel",Plan 12.09.,
S08.N.SBJ.X.PP5IG.X,S08,N,SBJ,X,PP5IG,X,1,"Zahl der Spieler im Set PP5IG, Standweitsprung",Plan 12.09.,
S08.N.SBJ.X.PP6IG.X,S08,N,SBJ,X,PP6IG,X,1,"Zahl der Spieler im Set PP6IG, Standweitsprung",Plan 12.09.,
S08.N.SBJ.X.PP7IG.X,S08,N,SBJ,X,PP7IG,X,1,"Zahl der Spieler im Set PP7IG, Standweitsprung",Plan 12.09.,
S08.N.SBJ.X.AK9IG.X,S08,N,SBJ,X,AK9IG,X,1,"Zahl der Spieler im Set AK9IG, Standweitsprung",Plan 12.09.,
S08.N.SBJ.X.FAMSIG.X,S08,N,SBJ,X,FAMSIG,X,1,"Zahl der Spieler im Set FAMSIG, Standweitsprung",Plan 12.09.,
S08.N.SBJ.X.FAMSKG.X,S08,N,SBJ,X,FAMSKG,X,1,"Zahl der Spieler im Set FAMSKG, Standweitsprung",Plan 12.09.,
S08.INF.Z30.X.ITT.X,S08,INF,Z30,X,ITT,X,1,"Merkmal inferenzfähig (Fallzahlregel), Set ITT, Sprint 30 m",Plan 12.09.,
S08.INF.Z30.X.PP5.X,S08,INF,Z30,X,PP5,X,1,"Merkmal inferenzfähig (Fallzahlregel), Set PP5, Sprint 30 m",Plan 12.09.,
S08.INF.Z30.X.PP6.X,S08,INF,Z30,X,PP6,X,1,"Merkmal inferenzfähig (Fallzahlregel), Set PP6, Sprint 30 m",Plan 12.09.,
S08.INF.Z30.X.PP7.X,S08,INF,Z30,X,PP7,X,1,"Merkmal inferenzfähig (Fallzahlregel), Set PP7, Sprint 30 m",Plan 12.09.,
S08.INF.Z30.X.FAMS.X,S08,INF,Z30,X,FAMS,X,1,"Merkmal inferenzfähig (Fallzahlregel), Set FAMS, Sprint 30 m",Plan 12.09.,
S08.INF.CM.X.ITT.X,S08,INF,CM,X,ITT,X,1,"Merkmal inferenzfähig (Fallzahlregel), Set ITT, 505 Seitenmittel",Plan 12.09.,
S08.INF.CM.X.PP5.X,S08,INF,CM,X,PP5,X,1,"Merkmal inferenzfähig (Fallzahlregel), Set PP5, 505 Seitenmittel",Plan 12.09.,
S08.INF.CM.X.PP6.X,S08,INF,CM,X,PP6,X,1,"Merkmal inferenzfähig (Fallzahlregel), Set PP6, 505 Seitenmittel",Plan 12.09.,
S08.INF.CM.X.PP7.X,S08,INF,CM,X,PP7,X,1,"Merkmal inferenzfähig (Fallzahlregel), Set PP7, 505 Seitenmittel",Plan 12.09.,
S08.INF.CM.X.FAMS.X,S08,INF,CM,X,FAMS,X,1,"Merkmal inferenzfähig (Fallzahlregel), Set FAMS, 505 Seitenmittel",Plan 12.09.,
S08.INF.SBJ.X.ITT.X,S08,INF,SBJ,X,ITT,X,1,"Merkmal inferenzfähig (Fallzahlregel), Set ITT, Standweitsprung",Plan 12.09.,
S08.INF.SBJ.X.PP5.X,S08,INF,SBJ,X,PP5,X,1,"Merkmal inferenzfähig (Fallzahlregel), Set PP5, Standweitsprung",Plan 12.09.,
S08.INF.SBJ.X.PP6.X,S08,INF,SBJ,X,PP6,X,1,"Merkmal inferenzfähig (Fallzahlregel), Set PP6, Standweitsprung",Plan 12.09.,
S08.INF.SBJ.X.PP7.X,S08,INF,SBJ,X,PP7,X,1,"Merkmal inferenzfähig (Fallzahlregel), Set PP7, Standweitsprung",Plan 12.09.,
S08.INF.SBJ.X.FAMS.X,S08,INF,SBJ,X,FAMS,X,1,"Merkmal inferenzfähig (Fallzahlregel), Set FAMS, Standweitsprung",Plan 12.09.,
S08.MITGL.Z05.X.P<Code>.ITT,S08,MITGL,Z05,X,P<Code>,ITT,1,"Mitgliedschaft im ITT-Set, Sprint 5 m",Plan 12.09.,ALLE
S08.MITGL.Z10.X.P<Code>.ITT,S08,MITGL,Z10,X,P<Code>,ITT,1,"Mitgliedschaft im ITT-Set, Sprint 10 m",Plan 12.09.,ALLE
S08.MITGL.Z30.X.P<Code>.ITT,S08,MITGL,Z30,X,P<Code>,ITT,1,"Mitgliedschaft im ITT-Set, Sprint 30 m",Plan 12.09.,ALLE
S08.MITGL.SBJ.X.P<Code>.ITT,S08,MITGL,SBJ,X,P<Code>,ITT,1,"Mitgliedschaft im ITT-Set, Standweitsprung",Plan 12.09.,ALLE
S08.MITGL.CL.X.P<Code>.ITT,S08,MITGL,CL,X,P<Code>,ITT,1,"Mitgliedschaft im ITT-Set, 505 links",Plan 12.09.,ALLE
S08.MITGL.CR.X.P<Code>.ITT,S08,MITGL,CR,X,P<Code>,ITT,1,"Mitgliedschaft im ITT-Set, 505 rechts",Plan 12.09.,ALLE
S08.MITGL.CM.X.P<Code>.ITT,S08,MITGL,CM,X,P<Code>,ITT,1,"Mitgliedschaft im ITT-Set, 505 Seitenmittel",Plan 12.09.,ALLE
S08.MITGL.Z30.X.P<Code>.PP5,S08,MITGL,Z30,X,P<Code>,PP5,1,"Mitgliedschaft im Set PP5, Sprint 30 m",Plan 12.09.,ALLE
S08.MITGL.Z30.X.P<Code>.PP6,S08,MITGL,Z30,X,P<Code>,PP6,1,"Mitgliedschaft im Set PP6, Sprint 30 m",Plan 12.09.,ALLE
S08.MITGL.Z30.X.P<Code>.PP7,S08,MITGL,Z30,X,P<Code>,PP7,1,"Mitgliedschaft im Set PP7, Sprint 30 m",Plan 12.09.,ALLE
S08.MITGL.Z30.X.P<Code>.AK9,S08,MITGL,Z30,X,P<Code>,AK9,1,"Mitgliedschaft im Set AK9, Sprint 30 m",Plan 12.09.,ALLE
S08.MITGL.Z30.X.P<Code>.FAMS,S08,MITGL,Z30,X,P<Code>,FAMS,1,"Mitgliedschaft im Set FAMS, Sprint 30 m",Plan 12.09.,ALLE
S08.MITGL.CM.X.P<Code>.PP5,S08,MITGL,CM,X,P<Code>,PP5,1,"Mitgliedschaft im Set PP5, 505 Seitenmittel",Plan 12.09.,ALLE
S08.MITGL.CM.X.P<Code>.PP6,S08,MITGL,CM,X,P<Code>,PP6,1,"Mitgliedschaft im Set PP6, 505 Seitenmittel",Plan 12.09.,ALLE
S08.MITGL.CM.X.P<Code>.PP7,S08,MITGL,CM,X,P<Code>,PP7,1,"Mitgliedschaft im Set PP7, 505 Seitenmittel",Plan 12.09.,ALLE
S08.MITGL.CM.X.P<Code>.AK9,S08,MITGL,CM,X,P<Code>,AK9,1,"Mitgliedschaft im Set AK9, 505 Seitenmittel",Plan 12.09.,ALLE
S08.MITGL.CM.X.P<Code>.FAMS,S08,MITGL,CM,X,P<Code>,FAMS,1,"Mitgliedschaft im Set FAMS, 505 Seitenmittel",Plan 12.09.,ALLE
S08.MITGL.SBJ.X.P<Code>.PP5,S08,MITGL,SBJ,X,P<Code>,PP5,1,"Mitgliedschaft im Set PP5, Standweitsprung",Plan 12.09.,ALLE
S08.MITGL.SBJ.X.P<Code>.PP6,S08,MITGL,SBJ,X,P<Code>,PP6,1,"Mitgliedschaft im Set PP6, Standweitsprung",Plan 12.09.,ALLE
S08.MITGL.SBJ.X.P<Code>.PP7,S08,MITGL,SBJ,X,P<Code>,PP7,1,"Mitgliedschaft im Set PP7, Standweitsprung",Plan 12.09.,ALLE
S08.MITGL.SBJ.X.P<Code>.AK9,S08,MITGL,SBJ,X,P<Code>,AK9,1,"Mitgliedschaft im Set AK9, Standweitsprung",Plan 12.09.,ALLE
S08.MITGL.SBJ.X.P<Code>.FAMS,S08,MITGL,SBJ,X,P<Code>,FAMS,1,"Mitgliedschaft im Set FAMS, Standweitsprung",Plan 12.09.,ALLE
S08.FLZUG.X.X.IG.X,S08,FLZUG,X,X,IG,X,1,"Teilnehmerfluss: zugeteilt, Menge IG",Plan 12.09.,
S08.FLZUG.X.X.KG.X,S08,FLZUG,X,X,KG,X,1,"Teilnehmerfluss: zugeteilt, Menge KG",Plan 12.09.,
S08.FLZUG.X.X.VA.X,S08,FLZUG,X,X,VA,X,1,"Teilnehmerfluss: zugeteilt, Menge VA",Plan 12.09.,
S08.FLZUG.X.X.VB.X,S08,FLZUG,X,X,VB,X,1,"Teilnehmerfluss: zugeteilt, Menge VB",Plan 12.09.,
S08.FLZUG.X.X.VC.X,S08,FLZUG,X,X,VC,X,1,"Teilnehmerfluss: zugeteilt, Menge VC",Plan 12.09.,
S08.FLPRE.X.X.IG.X,S08,FLPRE,X,X,IG,X,1,"Teilnehmerfluss: mit mindestens einem gültigen Prä-Versuch, Menge IG",Plan 12.09.,
S08.FLPRE.X.X.KG.X,S08,FLPRE,X,X,KG,X,1,"Teilnehmerfluss: mit mindestens einem gültigen Prä-Versuch, Menge KG",Plan 12.09.,
S08.FLPRE.X.X.VA.X,S08,FLPRE,X,X,VA,X,1,"Teilnehmerfluss: mit mindestens einem gültigen Prä-Versuch, Menge VA",Plan 12.09.,
S08.FLPRE.X.X.VB.X,S08,FLPRE,X,X,VB,X,1,"Teilnehmerfluss: mit mindestens einem gültigen Prä-Versuch, Menge VB",Plan 12.09.,
S08.FLPRE.X.X.VC.X,S08,FLPRE,X,X,VC,X,1,"Teilnehmerfluss: mit mindestens einem gültigen Prä-Versuch, Menge VC",Plan 12.09.,
S08.FLAUSG.X.X.IG.X,S08,FLAUSG,X,X,IG,X,1,"Teilnehmerfluss: Status ausgewertet, Menge IG",Plan 12.09.,
S08.FLAUSG.X.X.KG.X,S08,FLAUSG,X,X,KG,X,1,"Teilnehmerfluss: Status ausgewertet, Menge KG",Plan 12.09.,
S08.FLAUSG.X.X.VA.X,S08,FLAUSG,X,X,VA,X,1,"Teilnehmerfluss: Status ausgewertet, Menge VA",Plan 12.09.,
S08.FLAUSG.X.X.VB.X,S08,FLAUSG,X,X,VB,X,1,"Teilnehmerfluss: Status ausgewertet, Menge VB",Plan 12.09.,
S08.FLAUSG.X.X.VC.X,S08,FLAUSG,X,X,VC,X,1,"Teilnehmerfluss: Status ausgewertet, Menge VC",Plan 12.09.,
S08.FLNANG.X.X.IG.X,S08,FLNANG,X,X,IG,X,1,"Teilnehmerfluss: Status nicht angetreten, Menge IG",Plan 12.09.,
S08.FLNANG.X.X.KG.X,S08,FLNANG,X,X,KG,X,1,"Teilnehmerfluss: Status nicht angetreten, Menge KG",Plan 12.09.,
S08.FLNANG.X.X.VA.X,S08,FLNANG,X,X,VA,X,1,"Teilnehmerfluss: Status nicht angetreten, Menge VA",Plan 12.09.,
S08.FLNANG.X.X.VB.X,S08,FLNANG,X,X,VB,X,1,"Teilnehmerfluss: Status nicht angetreten, Menge VB",Plan 12.09.,
S08.FLNANG.X.X.VC.X,S08,FLNANG,X,X,VC,X,1,"Teilnehmerfluss: Status nicht angetreten, Menge VC",Plan 12.09.,
S08.FLITT.Z05.X.IG.X,S08,FLITT,Z05,X,IG,X,1,"Teilnehmerfluss: im ITT-Set, Sprint 5 m, Menge IG",Plan 12.09.,
S08.FLITT.Z05.X.KG.X,S08,FLITT,Z05,X,KG,X,1,"Teilnehmerfluss: im ITT-Set, Sprint 5 m, Menge KG",Plan 12.09.,
S08.FLITT.Z10.X.IG.X,S08,FLITT,Z10,X,IG,X,1,"Teilnehmerfluss: im ITT-Set, Sprint 10 m, Menge IG",Plan 12.09.,
S08.FLITT.Z10.X.KG.X,S08,FLITT,Z10,X,KG,X,1,"Teilnehmerfluss: im ITT-Set, Sprint 10 m, Menge KG",Plan 12.09.,
S08.FLITT.Z30.X.IG.X,S08,FLITT,Z30,X,IG,X,1,"Teilnehmerfluss: im ITT-Set, Sprint 30 m, Menge IG",Plan 12.09.,
S08.FLITT.Z30.X.KG.X,S08,FLITT,Z30,X,KG,X,1,"Teilnehmerfluss: im ITT-Set, Sprint 30 m, Menge KG",Plan 12.09.,
S08.FLITT.SBJ.X.IG.X,S08,FLITT,SBJ,X,IG,X,1,"Teilnehmerfluss: im ITT-Set, Standweitsprung, Menge IG",Plan 12.09.,
S08.FLITT.SBJ.X.KG.X,S08,FLITT,SBJ,X,KG,X,1,"Teilnehmerfluss: im ITT-Set, Standweitsprung, Menge KG",Plan 12.09.,
S08.FLITT.CL.X.IG.X,S08,FLITT,CL,X,IG,X,1,"Teilnehmerfluss: im ITT-Set, 505 links, Menge IG",Plan 12.09.,
S08.FLITT.CL.X.KG.X,S08,FLITT,CL,X,KG,X,1,"Teilnehmerfluss: im ITT-Set, 505 links, Menge KG",Plan 12.09.,
S08.FLITT.CR.X.IG.X,S08,FLITT,CR,X,IG,X,1,"Teilnehmerfluss: im ITT-Set, 505 rechts, Menge IG",Plan 12.09.,
S08.FLITT.CR.X.KG.X,S08,FLITT,CR,X,KG,X,1,"Teilnehmerfluss: im ITT-Set, 505 rechts, Menge KG",Plan 12.09.,
S08.FLITT.CM.X.IG.X,S08,FLITT,CM,X,IG,X,1,"Teilnehmerfluss: im ITT-Set, 505 Seitenmittel, Menge IG",Plan 12.09.,
S08.FLITT.CM.X.KG.X,S08,FLITT,CM,X,KG,X,1,"Teilnehmerfluss: im ITT-Set, 505 Seitenmittel, Menge KG",Plan 12.09.,
S08.FLOPRE.Z05.X.IG.X,S08,FLOPRE,Z05,X,IG,X,1,"Teilnehmerfluss: ohne BEST prä, Sprint 5 m, Menge IG",Plan 12.09.,
S08.FLOPRE.Z05.X.KG.X,S08,FLOPRE,Z05,X,KG,X,1,"Teilnehmerfluss: ohne BEST prä, Sprint 5 m, Menge KG",Plan 12.09.,
S08.FLOPRE.Z10.X.IG.X,S08,FLOPRE,Z10,X,IG,X,1,"Teilnehmerfluss: ohne BEST prä, Sprint 10 m, Menge IG",Plan 12.09.,
S08.FLOPRE.Z10.X.KG.X,S08,FLOPRE,Z10,X,KG,X,1,"Teilnehmerfluss: ohne BEST prä, Sprint 10 m, Menge KG",Plan 12.09.,
S08.FLOPRE.Z30.X.IG.X,S08,FLOPRE,Z30,X,IG,X,1,"Teilnehmerfluss: ohne BEST prä, Sprint 30 m, Menge IG",Plan 12.09.,
S08.FLOPRE.Z30.X.KG.X,S08,FLOPRE,Z30,X,KG,X,1,"Teilnehmerfluss: ohne BEST prä, Sprint 30 m, Menge KG",Plan 12.09.,
S08.FLOPRE.SBJ.X.IG.X,S08,FLOPRE,SBJ,X,IG,X,1,"Teilnehmerfluss: ohne BEST prä, Standweitsprung, Menge IG",Plan 12.09.,
S08.FLOPRE.SBJ.X.KG.X,S08,FLOPRE,SBJ,X,KG,X,1,"Teilnehmerfluss: ohne BEST prä, Standweitsprung, Menge KG",Plan 12.09.,
S08.FLOPRE.CL.X.IG.X,S08,FLOPRE,CL,X,IG,X,1,"Teilnehmerfluss: ohne BEST prä, 505 links, Menge IG",Plan 12.09.,
S08.FLOPRE.CL.X.KG.X,S08,FLOPRE,CL,X,KG,X,1,"Teilnehmerfluss: ohne BEST prä, 505 links, Menge KG",Plan 12.09.,
S08.FLOPRE.CR.X.IG.X,S08,FLOPRE,CR,X,IG,X,1,"Teilnehmerfluss: ohne BEST prä, 505 rechts, Menge IG",Plan 12.09.,
S08.FLOPRE.CR.X.KG.X,S08,FLOPRE,CR,X,KG,X,1,"Teilnehmerfluss: ohne BEST prä, 505 rechts, Menge KG",Plan 12.09.,
S08.FLOPRE.CM.X.IG.X,S08,FLOPRE,CM,X,IG,X,1,"Teilnehmerfluss: ohne BEST prä, 505 Seitenmittel, Menge IG",Plan 12.09.,
S08.FLOPRE.CM.X.KG.X,S08,FLOPRE,CM,X,KG,X,1,"Teilnehmerfluss: ohne BEST prä, 505 Seitenmittel, Menge KG",Plan 12.09.,
S08.FLOPOST.Z05.X.IG.X,S08,FLOPOST,Z05,X,IG,X,1,"Teilnehmerfluss: ohne BEST post, Sprint 5 m, Menge IG",Plan 12.09.,
S08.FLOPOST.Z05.X.KG.X,S08,FLOPOST,Z05,X,KG,X,1,"Teilnehmerfluss: ohne BEST post, Sprint 5 m, Menge KG",Plan 12.09.,
S08.FLOPOST.Z10.X.IG.X,S08,FLOPOST,Z10,X,IG,X,1,"Teilnehmerfluss: ohne BEST post, Sprint 10 m, Menge IG",Plan 12.09.,
S08.FLOPOST.Z10.X.KG.X,S08,FLOPOST,Z10,X,KG,X,1,"Teilnehmerfluss: ohne BEST post, Sprint 10 m, Menge KG",Plan 12.09.,
S08.FLOPOST.Z30.X.IG.X,S08,FLOPOST,Z30,X,IG,X,1,"Teilnehmerfluss: ohne BEST post, Sprint 30 m, Menge IG",Plan 12.09.,
S08.FLOPOST.Z30.X.KG.X,S08,FLOPOST,Z30,X,KG,X,1,"Teilnehmerfluss: ohne BEST post, Sprint 30 m, Menge KG",Plan 12.09.,
S08.FLOPOST.SBJ.X.IG.X,S08,FLOPOST,SBJ,X,IG,X,1,"Teilnehmerfluss: ohne BEST post, Standweitsprung, Menge IG",Plan 12.09.,
S08.FLOPOST.SBJ.X.KG.X,S08,FLOPOST,SBJ,X,KG,X,1,"Teilnehmerfluss: ohne BEST post, Standweitsprung, Menge KG",Plan 12.09.,
S08.FLOPOST.CL.X.IG.X,S08,FLOPOST,CL,X,IG,X,1,"Teilnehmerfluss: ohne BEST post, 505 links, Menge IG",Plan 12.09.,
S08.FLOPOST.CL.X.KG.X,S08,FLOPOST,CL,X,KG,X,1,"Teilnehmerfluss: ohne BEST post, 505 links, Menge KG",Plan 12.09.,
S08.FLOPOST.CR.X.IG.X,S08,FLOPOST,CR,X,IG,X,1,"Teilnehmerfluss: ohne BEST post, 505 rechts, Menge IG",Plan 12.09.,
S08.FLOPOST.CR.X.KG.X,S08,FLOPOST,CR,X,KG,X,1,"Teilnehmerfluss: ohne BEST post, 505 rechts, Menge KG",Plan 12.09.,
S08.FLOPOST.CM.X.IG.X,S08,FLOPOST,CM,X,IG,X,1,"Teilnehmerfluss: ohne BEST post, 505 Seitenmittel, Menge IG",Plan 12.09.,
S08.FLOPOST.CM.X.KG.X,S08,FLOPOST,CM,X,KG,X,1,"Teilnehmerfluss: ohne BEST post, 505 Seitenmittel, Menge KG",Plan 12.09.,
S08.FLOPAH.PAH.X.IG.X,S08,FLOPAH,PAH,X,IG,X,1,"Teilnehmerfluss: ohne %PAH, Menge IG",Plan 12.09.,
S08.FLOPAH.PAH.X.KG.X,S08,FLOPAH,PAH,X,KG,X,1,"Teilnehmerfluss: ohne %PAH, Menge KG",Plan 12.09.,
S08.B6NE.X.X.IG.X,S08,B6NE,X,X,IG,X,1,"Box 6: Nichteinhaltung (GANZ < 6, einschließlich 0)",Plan 12.09.,
S08.B6NEKM.X.X.IG.X,S08,B6NEKM,X,X,IG,X,1,Box 6: davon ohne jede Meldung,Plan 12.09.,
S08.B6IF.X.X.IG.X,S08,B6IF,X,X,IG,X,1,Box 6: Instrumentenfehler (kein Listenplatz),Plan 12.09.,
S08.B6FK.X.X.IG.X,S08,B6FK,X,X,IG,X,1,"Box 6: fehlende Kovariate, Menge IG",Plan 12.09.,
S08.B6FK.X.X.KG.X,S08,B6FK,X,X,KG,X,1,"Box 6: fehlende Kovariate, Menge KG",Plan 12.09.,
S08.B6NA.X.X.IG.X,S08,B6NA,X,X,IG,X,1,"Box 6: nicht angetreten, Menge IG",Plan 12.09.,
S08.B6NA.X.X.KG.X,S08,B6NA,X,X,KG,X,1,"Box 6: nicht angetreten, Menge KG",Plan 12.09.,
S08.ANT.Z05.X.IG.X,S08,ANT,Z05,X,IG,X,1,"Anteil mit BEST prä und post an den Zugeteilten, Sprint 5 m, Menge IG",K27 nachträglich,
S08.ANT.Z05.X.KG.X,S08,ANT,Z05,X,KG,X,1,"Anteil mit BEST prä und post an den Zugeteilten, Sprint 5 m, Menge KG",K27 nachträglich,
S08.ANT.Z05.X.ALL.X,S08,ANT,Z05,X,ALL,X,1,"Anteil mit BEST prä und post an den Zugeteilten, Sprint 5 m, Menge ALL",K27 nachträglich,
S08.ANT.Z10.X.IG.X,S08,ANT,Z10,X,IG,X,1,"Anteil mit BEST prä und post an den Zugeteilten, Sprint 10 m, Menge IG",K27 nachträglich,
S08.ANT.Z10.X.KG.X,S08,ANT,Z10,X,KG,X,1,"Anteil mit BEST prä und post an den Zugeteilten, Sprint 10 m, Menge KG",K27 nachträglich,
S08.ANT.Z10.X.ALL.X,S08,ANT,Z10,X,ALL,X,1,"Anteil mit BEST prä und post an den Zugeteilten, Sprint 10 m, Menge ALL",K27 nachträglich,
S08.ANT.Z30.X.IG.X,S08,ANT,Z30,X,IG,X,1,"Anteil mit BEST prä und post an den Zugeteilten, Sprint 30 m, Menge IG",K27 nachträglich,
S08.ANT.Z30.X.KG.X,S08,ANT,Z30,X,KG,X,1,"Anteil mit BEST prä und post an den Zugeteilten, Sprint 30 m, Menge KG",K27 nachträglich,
S08.ANT.Z30.X.ALL.X,S08,ANT,Z30,X,ALL,X,1,"Anteil mit BEST prä und post an den Zugeteilten, Sprint 30 m, Menge ALL",K27 nachträglich,
S08.ANT.SBJ.X.IG.X,S08,ANT,SBJ,X,IG,X,1,"Anteil mit BEST prä und post an den Zugeteilten, Standweitsprung, Menge IG",K27 nachträglich,
S08.ANT.SBJ.X.KG.X,S08,ANT,SBJ,X,KG,X,1,"Anteil mit BEST prä und post an den Zugeteilten, Standweitsprung, Menge KG",K27 nachträglich,
S08.ANT.SBJ.X.ALL.X,S08,ANT,SBJ,X,ALL,X,1,"Anteil mit BEST prä und post an den Zugeteilten, Standweitsprung, Menge ALL",K27 nachträglich,
S08.ANT.CL.X.IG.X,S08,ANT,CL,X,IG,X,1,"Anteil mit BEST prä und post an den Zugeteilten, 505 links, Menge IG",K27 nachträglich,
S08.ANT.CL.X.KG.X,S08,ANT,CL,X,KG,X,1,"Anteil mit BEST prä und post an den Zugeteilten, 505 links, Menge KG",K27 nachträglich,
S08.ANT.CL.X.ALL.X,S08,ANT,CL,X,ALL,X,1,"Anteil mit BEST prä und post an den Zugeteilten, 505 links, Menge ALL",K27 nachträglich,
S08.ANT.CR.X.IG.X,S08,ANT,CR,X,IG,X,1,"Anteil mit BEST prä und post an den Zugeteilten, 505 rechts, Menge IG",K27 nachträglich,
S08.ANT.CR.X.KG.X,S08,ANT,CR,X,KG,X,1,"Anteil mit BEST prä und post an den Zugeteilten, 505 rechts, Menge KG",K27 nachträglich,
S08.ANT.CR.X.ALL.X,S08,ANT,CR,X,ALL,X,1,"Anteil mit BEST prä und post an den Zugeteilten, 505 rechts, Menge ALL",K27 nachträglich,
S08.ANT.CM.X.IG.X,S08,ANT,CM,X,IG,X,1,"Anteil mit BEST prä und post an den Zugeteilten, 505 Seitenmittel, Menge IG",K27 nachträglich,
S08.ANT.CM.X.KG.X,S08,ANT,CM,X,KG,X,1,"Anteil mit BEST prä und post an den Zugeteilten, 505 Seitenmittel, Menge KG",K27 nachträglich,
S08.ANT.CM.X.ALL.X,S08,ANT,CM,X,ALL,X,1,"Anteil mit BEST prä und post an den Zugeteilten, 505 Seitenmittel, Menge ALL",K27 nachträglich,
S08.ANTTN.X.X.IG.X,S08,ANTTN,X,X,IG,X,1,"Anteil Status ausgewertet an den Zugeteilten, Menge IG",K27 nachträglich,
S08.ANTTN.X.X.KG.X,S08,ANTTN,X,X,KG,X,1,"Anteil Status ausgewertet an den Zugeteilten, Menge KG",K27 nachträglich,
S08.ANTTN.X.X.ALL.X,S08,ANTTN,X,X,ALL,X,1,"Anteil Status ausgewertet an den Zugeteilten, Menge ALL",K27 nachträglich,
S09.KMEAN.Z05.PRE.IG.X,S09,KMEAN,Z05,PRE,IG,X,1,"mittlere Zahl gültiger Versuche, Sprint 5 m, Menge IG",Plan 12.09.,
S09.KMEAN.Z05.PRE.KG.X,S09,KMEAN,Z05,PRE,KG,X,1,"mittlere Zahl gültiger Versuche, Sprint 5 m, Menge KG",Plan 12.09.,
S09.KMEAN.Z05.POST.IG.X,S09,KMEAN,Z05,POST,IG,X,1,"mittlere Zahl gültiger Versuche, Sprint 5 m, Menge IG",Plan 12.09.,
S09.KMEAN.Z05.POST.KG.X,S09,KMEAN,Z05,POST,KG,X,1,"mittlere Zahl gültiger Versuche, Sprint 5 m, Menge KG",Plan 12.09.,
S09.KMEAN.Z10.PRE.IG.X,S09,KMEAN,Z10,PRE,IG,X,1,"mittlere Zahl gültiger Versuche, Sprint 10 m, Menge IG",Plan 12.09.,
S09.KMEAN.Z10.PRE.KG.X,S09,KMEAN,Z10,PRE,KG,X,1,"mittlere Zahl gültiger Versuche, Sprint 10 m, Menge KG",Plan 12.09.,
S09.KMEAN.Z10.POST.IG.X,S09,KMEAN,Z10,POST,IG,X,1,"mittlere Zahl gültiger Versuche, Sprint 10 m, Menge IG",Plan 12.09.,
S09.KMEAN.Z10.POST.KG.X,S09,KMEAN,Z10,POST,KG,X,1,"mittlere Zahl gültiger Versuche, Sprint 10 m, Menge KG",Plan 12.09.,
S09.KMEAN.Z30.PRE.IG.X,S09,KMEAN,Z30,PRE,IG,X,1,"mittlere Zahl gültiger Versuche, Sprint 30 m, Menge IG",Plan 12.09.,
S09.KMEAN.Z30.PRE.KG.X,S09,KMEAN,Z30,PRE,KG,X,1,"mittlere Zahl gültiger Versuche, Sprint 30 m, Menge KG",Plan 12.09.,
S09.KMEAN.Z30.POST.IG.X,S09,KMEAN,Z30,POST,IG,X,1,"mittlere Zahl gültiger Versuche, Sprint 30 m, Menge IG",Plan 12.09.,
S09.KMEAN.Z30.POST.KG.X,S09,KMEAN,Z30,POST,KG,X,1,"mittlere Zahl gültiger Versuche, Sprint 30 m, Menge KG",Plan 12.09.,
S09.KMEAN.SBJ.PRE.IG.X,S09,KMEAN,SBJ,PRE,IG,X,1,"mittlere Zahl gültiger Versuche, Standweitsprung, Menge IG",Plan 12.09.,
S09.KMEAN.SBJ.PRE.KG.X,S09,KMEAN,SBJ,PRE,KG,X,1,"mittlere Zahl gültiger Versuche, Standweitsprung, Menge KG",Plan 12.09.,
S09.KMEAN.SBJ.POST.IG.X,S09,KMEAN,SBJ,POST,IG,X,1,"mittlere Zahl gültiger Versuche, Standweitsprung, Menge IG",Plan 12.09.,
S09.KMEAN.SBJ.POST.KG.X,S09,KMEAN,SBJ,POST,KG,X,1,"mittlere Zahl gültiger Versuche, Standweitsprung, Menge KG",Plan 12.09.,
S09.KMEAN.CL.PRE.IG.X,S09,KMEAN,CL,PRE,IG,X,1,"mittlere Zahl gültiger Versuche, 505 links, Menge IG",Plan 12.09.,
S09.KMEAN.CL.PRE.KG.X,S09,KMEAN,CL,PRE,KG,X,1,"mittlere Zahl gültiger Versuche, 505 links, Menge KG",Plan 12.09.,
S09.KMEAN.CL.POST.IG.X,S09,KMEAN,CL,POST,IG,X,1,"mittlere Zahl gültiger Versuche, 505 links, Menge IG",Plan 12.09.,
S09.KMEAN.CL.POST.KG.X,S09,KMEAN,CL,POST,KG,X,1,"mittlere Zahl gültiger Versuche, 505 links, Menge KG",Plan 12.09.,
S09.KMEAN.CR.PRE.IG.X,S09,KMEAN,CR,PRE,IG,X,1,"mittlere Zahl gültiger Versuche, 505 rechts, Menge IG",Plan 12.09.,
S09.KMEAN.CR.PRE.KG.X,S09,KMEAN,CR,PRE,KG,X,1,"mittlere Zahl gültiger Versuche, 505 rechts, Menge KG",Plan 12.09.,
S09.KMEAN.CR.POST.IG.X,S09,KMEAN,CR,POST,IG,X,1,"mittlere Zahl gültiger Versuche, 505 rechts, Menge IG",Plan 12.09.,
S09.KMEAN.CR.POST.KG.X,S09,KMEAN,CR,POST,KG,X,1,"mittlere Zahl gültiger Versuche, 505 rechts, Menge KG",Plan 12.09.,
S10.TE.Z05.PRE.ALL.X,S10,TE,Z05,PRE,ALL,X,s,"typischer Messfehler, Sprint 5 m","Plan 12.09., O5 O6 K12 bis K16 nachträglich",
S10.TE.Z05.POST.ALL.X,S10,TE,Z05,POST,ALL,X,s,"typischer Messfehler, Sprint 5 m","Plan 12.09., O5 O6 K12 bis K16 nachträglich",
S10.TE.Z10.PRE.ALL.X,S10,TE,Z10,PRE,ALL,X,s,"typischer Messfehler, Sprint 10 m","Plan 12.09., O5 O6 K12 bis K16 nachträglich",
S10.TE.Z10.POST.ALL.X,S10,TE,Z10,POST,ALL,X,s,"typischer Messfehler, Sprint 10 m","Plan 12.09., O5 O6 K12 bis K16 nachträglich",
S10.TE.Z30.PRE.ALL.X,S10,TE,Z30,PRE,ALL,X,s,"typischer Messfehler, Sprint 30 m","Plan 12.09., O5 O6 K12 bis K16 nachträglich",
S10.TE.Z30.POST.ALL.X,S10,TE,Z30,POST,ALL,X,s,"typischer Messfehler, Sprint 30 m","Plan 12.09., O5 O6 K12 bis K16 nachträglich",
S10.TE.SBJ.PRE.ALL.X,S10,TE,SBJ,PRE,ALL,X,cm,"typischer Messfehler, Standweitsprung","Plan 12.09., O5 O6 K12 bis K16 nachträglich",
S10.TE.SBJ.POST.ALL.X,S10,TE,SBJ,POST,ALL,X,cm,"typischer Messfehler, Standweitsprung","Plan 12.09., O5 O6 K12 bis K16 nachträglich",
S10.TE.CL.PRE.ALL.X,S10,TE,CL,PRE,ALL,X,s,"typischer Messfehler, 505 links","Plan 12.09., O5 O6 K12 bis K16 nachträglich",
S10.TE.CL.POST.ALL.X,S10,TE,CL,POST,ALL,X,s,"typischer Messfehler, 505 links","Plan 12.09., O5 O6 K12 bis K16 nachträglich",
S10.TE.CR.PRE.ALL.X,S10,TE,CR,PRE,ALL,X,s,"typischer Messfehler, 505 rechts","Plan 12.09., O5 O6 K12 bis K16 nachträglich",
S10.TE.CR.POST.ALL.X,S10,TE,CR,POST,ALL,X,s,"typischer Messfehler, 505 rechts","Plan 12.09., O5 O6 K12 bis K16 nachträglich",
S10.TE.CM.PRE.ALL.X,S10,TE,CM,PRE,ALL,X,s,"typischer Messfehler, 505 Seitenmittel","Plan 12.09., O5 O6 K12 bis K16 nachträglich",
S10.TE.CM.POST.ALL.X,S10,TE,CM,POST,ALL,X,s,"typischer Messfehler, 505 Seitenmittel","Plan 12.09., O5 O6 K12 bis K16 nachträglich",
S10.TELO.Z05.PRE.ALL.X,S10,TELO,Z05,PRE,ALL,X,s,"untere 95-%-KI-Grenze TE, Sprint 5 m","Plan 12.09., O5 O6 K12 bis K16 nachträglich",
S10.TELO.Z05.POST.ALL.X,S10,TELO,Z05,POST,ALL,X,s,"untere 95-%-KI-Grenze TE, Sprint 5 m","Plan 12.09., O5 O6 K12 bis K16 nachträglich",
S10.TELO.Z10.PRE.ALL.X,S10,TELO,Z10,PRE,ALL,X,s,"untere 95-%-KI-Grenze TE, Sprint 10 m","Plan 12.09., O5 O6 K12 bis K16 nachträglich",
S10.TELO.Z10.POST.ALL.X,S10,TELO,Z10,POST,ALL,X,s,"untere 95-%-KI-Grenze TE, Sprint 10 m","Plan 12.09., O5 O6 K12 bis K16 nachträglich",
S10.TELO.Z30.PRE.ALL.X,S10,TELO,Z30,PRE,ALL,X,s,"untere 95-%-KI-Grenze TE, Sprint 30 m","Plan 12.09., O5 O6 K12 bis K16 nachträglich",
S10.TELO.Z30.POST.ALL.X,S10,TELO,Z30,POST,ALL,X,s,"untere 95-%-KI-Grenze TE, Sprint 30 m","Plan 12.09., O5 O6 K12 bis K16 nachträglich",
S10.TELO.SBJ.PRE.ALL.X,S10,TELO,SBJ,PRE,ALL,X,cm,"untere 95-%-KI-Grenze TE, Standweitsprung","Plan 12.09., O5 O6 K12 bis K16 nachträglich",
S10.TELO.SBJ.POST.ALL.X,S10,TELO,SBJ,POST,ALL,X,cm,"untere 95-%-KI-Grenze TE, Standweitsprung","Plan 12.09., O5 O6 K12 bis K16 nachträglich",
S10.TELO.CL.PRE.ALL.X,S10,TELO,CL,PRE,ALL,X,s,"untere 95-%-KI-Grenze TE, 505 links","Plan 12.09., O5 O6 K12 bis K16 nachträglich",
S10.TELO.CL.POST.ALL.X,S10,TELO,CL,POST,ALL,X,s,"untere 95-%-KI-Grenze TE, 505 links","Plan 12.09., O5 O6 K12 bis K16 nachträglich",
S10.TELO.CR.PRE.ALL.X,S10,TELO,CR,PRE,ALL,X,s,"untere 95-%-KI-Grenze TE, 505 rechts","Plan 12.09., O5 O6 K12 bis K16 nachträglich",
S10.TELO.CR.POST.ALL.X,S10,TELO,CR,POST,ALL,X,s,"untere 95-%-KI-Grenze TE, 505 rechts","Plan 12.09., O5 O6 K12 bis K16 nachträglich",
S10.TELO.CM.PRE.ALL.X,S10,TELO,CM,PRE,ALL,X,s,"untere 95-%-KI-Grenze TE, 505 Seitenmittel","Plan 12.09., O5 O6 K12 bis K16 nachträglich",
S10.TELO.CM.POST.ALL.X,S10,TELO,CM,POST,ALL,X,s,"untere 95-%-KI-Grenze TE, 505 Seitenmittel","Plan 12.09., O5 O6 K12 bis K16 nachträglich",
S10.TEHI.Z05.PRE.ALL.X,S10,TEHI,Z05,PRE,ALL,X,s,"obere 95-%-KI-Grenze TE, Sprint 5 m","Plan 12.09., O5 O6 K12 bis K16 nachträglich",
S10.TEHI.Z05.POST.ALL.X,S10,TEHI,Z05,POST,ALL,X,s,"obere 95-%-KI-Grenze TE, Sprint 5 m","Plan 12.09., O5 O6 K12 bis K16 nachträglich",
S10.TEHI.Z10.PRE.ALL.X,S10,TEHI,Z10,PRE,ALL,X,s,"obere 95-%-KI-Grenze TE, Sprint 10 m","Plan 12.09., O5 O6 K12 bis K16 nachträglich",
S10.TEHI.Z10.POST.ALL.X,S10,TEHI,Z10,POST,ALL,X,s,"obere 95-%-KI-Grenze TE, Sprint 10 m","Plan 12.09., O5 O6 K12 bis K16 nachträglich",
S10.TEHI.Z30.PRE.ALL.X,S10,TEHI,Z30,PRE,ALL,X,s,"obere 95-%-KI-Grenze TE, Sprint 30 m","Plan 12.09., O5 O6 K12 bis K16 nachträglich",
S10.TEHI.Z30.POST.ALL.X,S10,TEHI,Z30,POST,ALL,X,s,"obere 95-%-KI-Grenze TE, Sprint 30 m","Plan 12.09., O5 O6 K12 bis K16 nachträglich",
S10.TEHI.SBJ.PRE.ALL.X,S10,TEHI,SBJ,PRE,ALL,X,cm,"obere 95-%-KI-Grenze TE, Standweitsprung","Plan 12.09., O5 O6 K12 bis K16 nachträglich",
S10.TEHI.SBJ.POST.ALL.X,S10,TEHI,SBJ,POST,ALL,X,cm,"obere 95-%-KI-Grenze TE, Standweitsprung","Plan 12.09., O5 O6 K12 bis K16 nachträglich",
S10.TEHI.CL.PRE.ALL.X,S10,TEHI,CL,PRE,ALL,X,s,"obere 95-%-KI-Grenze TE, 505 links","Plan 12.09., O5 O6 K12 bis K16 nachträglich",
S10.TEHI.CL.POST.ALL.X,S10,TEHI,CL,POST,ALL,X,s,"obere 95-%-KI-Grenze TE, 505 links","Plan 12.09., O5 O6 K12 bis K16 nachträglich",
S10.TEHI.CR.PRE.ALL.X,S10,TEHI,CR,PRE,ALL,X,s,"obere 95-%-KI-Grenze TE, 505 rechts","Plan 12.09., O5 O6 K12 bis K16 nachträglich",
S10.TEHI.CR.POST.ALL.X,S10,TEHI,CR,POST,ALL,X,s,"obere 95-%-KI-Grenze TE, 505 rechts","Plan 12.09., O5 O6 K12 bis K16 nachträglich",
S10.TEHI.CM.PRE.ALL.X,S10,TEHI,CM,PRE,ALL,X,s,"obere 95-%-KI-Grenze TE, 505 Seitenmittel","Plan 12.09., O5 O6 K12 bis K16 nachträglich",
S10.TEHI.CM.POST.ALL.X,S10,TEHI,CM,POST,ALL,X,s,"obere 95-%-KI-Grenze TE, 505 Seitenmittel","Plan 12.09., O5 O6 K12 bis K16 nachträglich",
S10.DFTE.Z05.PRE.ALL.X,S10,DFTE,Z05,PRE,ALL,X,1,"Freiheitsgrade TE, Sprint 5 m","Plan 12.09., O5 O6 K12 bis K16 nachträglich",
S10.DFTE.Z05.POST.ALL.X,S10,DFTE,Z05,POST,ALL,X,1,"Freiheitsgrade TE, Sprint 5 m","Plan 12.09., O5 O6 K12 bis K16 nachträglich",
S10.DFTE.Z10.PRE.ALL.X,S10,DFTE,Z10,PRE,ALL,X,1,"Freiheitsgrade TE, Sprint 10 m","Plan 12.09., O5 O6 K12 bis K16 nachträglich",
S10.DFTE.Z10.POST.ALL.X,S10,DFTE,Z10,POST,ALL,X,1,"Freiheitsgrade TE, Sprint 10 m","Plan 12.09., O5 O6 K12 bis K16 nachträglich",
S10.DFTE.Z30.PRE.ALL.X,S10,DFTE,Z30,PRE,ALL,X,1,"Freiheitsgrade TE, Sprint 30 m","Plan 12.09., O5 O6 K12 bis K16 nachträglich",
S10.DFTE.Z30.POST.ALL.X,S10,DFTE,Z30,POST,ALL,X,1,"Freiheitsgrade TE, Sprint 30 m","Plan 12.09., O5 O6 K12 bis K16 nachträglich",
S10.DFTE.SBJ.PRE.ALL.X,S10,DFTE,SBJ,PRE,ALL,X,1,"Freiheitsgrade TE, Standweitsprung","Plan 12.09., O5 O6 K12 bis K16 nachträglich",
S10.DFTE.SBJ.POST.ALL.X,S10,DFTE,SBJ,POST,ALL,X,1,"Freiheitsgrade TE, Standweitsprung","Plan 12.09., O5 O6 K12 bis K16 nachträglich",
S10.DFTE.CL.PRE.ALL.X,S10,DFTE,CL,PRE,ALL,X,1,"Freiheitsgrade TE, 505 links","Plan 12.09., O5 O6 K12 bis K16 nachträglich",
S10.DFTE.CL.POST.ALL.X,S10,DFTE,CL,POST,ALL,X,1,"Freiheitsgrade TE, 505 links","Plan 12.09., O5 O6 K12 bis K16 nachträglich",
S10.DFTE.CR.PRE.ALL.X,S10,DFTE,CR,PRE,ALL,X,1,"Freiheitsgrade TE, 505 rechts","Plan 12.09., O5 O6 K12 bis K16 nachträglich",
S10.DFTE.CR.POST.ALL.X,S10,DFTE,CR,POST,ALL,X,1,"Freiheitsgrade TE, 505 rechts","Plan 12.09., O5 O6 K12 bis K16 nachträglich",
S10.DFTE.CM.PRE.ALL.X,S10,DFTE,CM,PRE,ALL,X,1,"Freiheitsgrade TE, 505 Seitenmittel","Plan 12.09., O5 O6 K12 bis K16 nachträglich",
S10.DFTE.CM.POST.ALL.X,S10,DFTE,CM,POST,ALL,X,1,"Freiheitsgrade TE, 505 Seitenmittel","Plan 12.09., O5 O6 K12 bis K16 nachträglich",
S10.NTE.Z05.PRE.ALL.X,S10,NTE,Z05,PRE,ALL,X,1,"Spieler der TE-Menge, Sprint 5 m","Plan 12.09., O5 O6 K12 bis K16 nachträglich",
S10.NTE.Z05.POST.ALL.X,S10,NTE,Z05,POST,ALL,X,1,"Spieler der TE-Menge, Sprint 5 m","Plan 12.09., O5 O6 K12 bis K16 nachträglich",
S10.NTE.Z10.PRE.ALL.X,S10,NTE,Z10,PRE,ALL,X,1,"Spieler der TE-Menge, Sprint 10 m","Plan 12.09., O5 O6 K12 bis K16 nachträglich",
S10.NTE.Z10.POST.ALL.X,S10,NTE,Z10,POST,ALL,X,1,"Spieler der TE-Menge, Sprint 10 m","Plan 12.09., O5 O6 K12 bis K16 nachträglich",
S10.NTE.Z30.PRE.ALL.X,S10,NTE,Z30,PRE,ALL,X,1,"Spieler der TE-Menge, Sprint 30 m","Plan 12.09., O5 O6 K12 bis K16 nachträglich",
S10.NTE.Z30.POST.ALL.X,S10,NTE,Z30,POST,ALL,X,1,"Spieler der TE-Menge, Sprint 30 m","Plan 12.09., O5 O6 K12 bis K16 nachträglich",
S10.NTE.SBJ.PRE.ALL.X,S10,NTE,SBJ,PRE,ALL,X,1,"Spieler der TE-Menge, Standweitsprung","Plan 12.09., O5 O6 K12 bis K16 nachträglich",
S10.NTE.SBJ.POST.ALL.X,S10,NTE,SBJ,POST,ALL,X,1,"Spieler der TE-Menge, Standweitsprung","Plan 12.09., O5 O6 K12 bis K16 nachträglich",
S10.NTE.CL.PRE.ALL.X,S10,NTE,CL,PRE,ALL,X,1,"Spieler der TE-Menge, 505 links","Plan 12.09., O5 O6 K12 bis K16 nachträglich",
S10.NTE.CL.POST.ALL.X,S10,NTE,CL,POST,ALL,X,1,"Spieler der TE-Menge, 505 links","Plan 12.09., O5 O6 K12 bis K16 nachträglich",
S10.NTE.CR.PRE.ALL.X,S10,NTE,CR,PRE,ALL,X,1,"Spieler der TE-Menge, 505 rechts","Plan 12.09., O5 O6 K12 bis K16 nachträglich",
S10.NTE.CR.POST.ALL.X,S10,NTE,CR,POST,ALL,X,1,"Spieler der TE-Menge, 505 rechts","Plan 12.09., O5 O6 K12 bis K16 nachträglich",
S10.NTE.CM.PRE.ALL.X,S10,NTE,CM,PRE,ALL,X,1,"Spieler der TE-Menge, 505 Seitenmittel","Plan 12.09., O5 O6 K12 bis K16 nachträglich",
S10.NTE.CM.POST.ALL.X,S10,NTE,CM,POST,ALL,X,1,"Spieler der TE-Menge, 505 Seitenmittel","Plan 12.09., O5 O6 K12 bis K16 nachträglich",
S10.CV.Z05.PRE.ALL.X,S10,CV,Z05,PRE,ALL,X,%,"Variationskoeffizient, Sprint 5 m","Plan 12.09., O5 O6 K12 bis K16 nachträglich",
S10.CV.Z10.PRE.ALL.X,S10,CV,Z10,PRE,ALL,X,%,"Variationskoeffizient, Sprint 10 m","Plan 12.09., O5 O6 K12 bis K16 nachträglich",
S10.CV.Z30.PRE.ALL.X,S10,CV,Z30,PRE,ALL,X,%,"Variationskoeffizient, Sprint 30 m","Plan 12.09., O5 O6 K12 bis K16 nachträglich",
S10.CV.SBJ.PRE.ALL.X,S10,CV,SBJ,PRE,ALL,X,%,"Variationskoeffizient, Standweitsprung","Plan 12.09., O5 O6 K12 bis K16 nachträglich",
S10.CV.CL.PRE.ALL.X,S10,CV,CL,PRE,ALL,X,%,"Variationskoeffizient, 505 links","Plan 12.09., O5 O6 K12 bis K16 nachträglich",
S10.CV.CR.PRE.ALL.X,S10,CV,CR,PRE,ALL,X,%,"Variationskoeffizient, 505 rechts","Plan 12.09., O5 O6 K12 bis K16 nachträglich",
S10.CV.CM.PRE.ALL.X,S10,CV,CM,PRE,ALL,X,%,"Variationskoeffizient, 505 Seitenmittel","Plan 12.09., O5 O6 K12 bis K16 nachträglich",
S10.SB.Z05.PRE.ALL.X,S10,SB,Z05,PRE,ALL,X,s,"Zwischen-Athleten-SD S, Sprint 5 m","Plan 12.09., O5 O6 K12 bis K16 nachträglich",
S10.SB.Z10.PRE.ALL.X,S10,SB,Z10,PRE,ALL,X,s,"Zwischen-Athleten-SD S, Sprint 10 m","Plan 12.09., O5 O6 K12 bis K16 nachträglich",
S10.SB.Z30.PRE.ALL.X,S10,SB,Z30,PRE,ALL,X,s,"Zwischen-Athleten-SD S, Sprint 30 m","Plan 12.09., O5 O6 K12 bis K16 nachträglich",
S10.SB.SBJ.PRE.ALL.X,S10,SB,SBJ,PRE,ALL,X,cm,"Zwischen-Athleten-SD S, Standweitsprung","Plan 12.09., O5 O6 K12 bis K16 nachträglich",
S10.SB.CL.PRE.ALL.X,S10,SB,CL,PRE,ALL,X,s,"Zwischen-Athleten-SD S, 505 links","Plan 12.09., O5 O6 K12 bis K16 nachträglich",
S10.SB.CR.PRE.ALL.X,S10,SB,CR,PRE,ALL,X,s,"Zwischen-Athleten-SD S, 505 rechts","Plan 12.09., O5 O6 K12 bis K16 nachträglich",
S10.SB.CM.PRE.ALL.X,S10,SB,CM,PRE,ALL,X,s,"Zwischen-Athleten-SD S, 505 Seitenmittel","Plan 12.09., O5 O6 K12 bis K16 nachträglich",
S10.NSB.Z05.PRE.ALL.X,S10,NSB,Z05,PRE,ALL,X,1,"Spieler der S-Menge, Sprint 5 m","Plan 12.09., O5 O6 K12 bis K16 nachträglich",
S10.NSB.Z10.PRE.ALL.X,S10,NSB,Z10,PRE,ALL,X,1,"Spieler der S-Menge, Sprint 10 m","Plan 12.09., O5 O6 K12 bis K16 nachträglich",
S10.NSB.Z30.PRE.ALL.X,S10,NSB,Z30,PRE,ALL,X,1,"Spieler der S-Menge, Sprint 30 m","Plan 12.09., O5 O6 K12 bis K16 nachträglich",
S10.NSB.SBJ.PRE.ALL.X,S10,NSB,SBJ,PRE,ALL,X,1,"Spieler der S-Menge, Standweitsprung","Plan 12.09., O5 O6 K12 bis K16 nachträglich",
S10.NSB.CL.PRE.ALL.X,S10,NSB,CL,PRE,ALL,X,1,"Spieler der S-Menge, 505 links","Plan 12.09., O5 O6 K12 bis K16 nachträglich",
S10.NSB.CR.PRE.ALL.X,S10,NSB,CR,PRE,ALL,X,1,"Spieler der S-Menge, 505 rechts","Plan 12.09., O5 O6 K12 bis K16 nachträglich",
S10.NSB.CM.PRE.ALL.X,S10,NSB,CM,PRE,ALL,X,1,"Spieler der S-Menge, 505 Seitenmittel","Plan 12.09., O5 O6 K12 bis K16 nachträglich",
S10.SESOI.Z05.PRE.ALL.X,S10,SESOI,Z05,PRE,ALL,X,s,"SESOI = 0,2 · S, Sprint 5 m","Plan 12.09., O5 O6 K12 bis K16 nachträglich",
S10.SESOI.Z10.PRE.ALL.X,S10,SESOI,Z10,PRE,ALL,X,s,"SESOI = 0,2 · S, Sprint 10 m","Plan 12.09., O5 O6 K12 bis K16 nachträglich",
S10.SESOI.Z30.PRE.ALL.X,S10,SESOI,Z30,PRE,ALL,X,s,"SESOI = 0,2 · S, Sprint 30 m","Plan 12.09., O5 O6 K12 bis K16 nachträglich",
S10.SESOI.SBJ.PRE.ALL.X,S10,SESOI,SBJ,PRE,ALL,X,cm,"SESOI = 0,2 · S, Standweitsprung","Plan 12.09., O5 O6 K12 bis K16 nachträglich",
S10.SESOI.CL.PRE.ALL.X,S10,SESOI,CL,PRE,ALL,X,s,"SESOI = 0,2 · S, 505 links","Plan 12.09., O5 O6 K12 bis K16 nachträglich",
S10.SESOI.CR.PRE.ALL.X,S10,SESOI,CR,PRE,ALL,X,s,"SESOI = 0,2 · S, 505 rechts","Plan 12.09., O5 O6 K12 bis K16 nachträglich",
S10.SESOI.CM.PRE.ALL.X,S10,SESOI,CM,PRE,ALL,X,s,"SESOI = 0,2 · S, 505 Seitenmittel","Plan 12.09., O5 O6 K12 bis K16 nachträglich",
S10.RTS.Z05.PRE.ALL.X,S10,RTS,Z05,PRE,ALL,X,1,"TE / SESOI, Sprint 5 m","Plan 12.09., O5 O6 K12 bis K16 nachträglich",
S10.RTS.Z10.PRE.ALL.X,S10,RTS,Z10,PRE,ALL,X,1,"TE / SESOI, Sprint 10 m","Plan 12.09., O5 O6 K12 bis K16 nachträglich",
S10.RTS.Z30.PRE.ALL.X,S10,RTS,Z30,PRE,ALL,X,1,"TE / SESOI, Sprint 30 m","Plan 12.09., O5 O6 K12 bis K16 nachträglich",
S10.RTS.SBJ.PRE.ALL.X,S10,RTS,SBJ,PRE,ALL,X,1,"TE / SESOI, Standweitsprung","Plan 12.09., O5 O6 K12 bis K16 nachträglich",
S10.RTS.CL.PRE.ALL.X,S10,RTS,CL,PRE,ALL,X,1,"TE / SESOI, 505 links","Plan 12.09., O5 O6 K12 bis K16 nachträglich",
S10.RTS.CR.PRE.ALL.X,S10,RTS,CR,PRE,ALL,X,1,"TE / SESOI, 505 rechts","Plan 12.09., O5 O6 K12 bis K16 nachträglich",
S10.RTS.CM.PRE.ALL.X,S10,RTS,CM,PRE,ALL,X,1,"TE / SESOI, 505 Seitenmittel","Plan 12.09., O5 O6 K12 bis K16 nachträglich",
S10.FLEINZ.Z05.PRE.ALL.X,S10,FLEINZ,Z05,PRE,ALL,X,1,"Merkmal TE > SESOI, Sprint 5 m","Plan 12.09., O5 O6 K12 bis K16 nachträglich",
S10.FLEINZ.Z10.PRE.ALL.X,S10,FLEINZ,Z10,PRE,ALL,X,1,"Merkmal TE > SESOI, Sprint 10 m","Plan 12.09., O5 O6 K12 bis K16 nachträglich",
S10.FLEINZ.Z30.PRE.ALL.X,S10,FLEINZ,Z30,PRE,ALL,X,1,"Merkmal TE > SESOI, Sprint 30 m","Plan 12.09., O5 O6 K12 bis K16 nachträglich",
S10.FLEINZ.SBJ.PRE.ALL.X,S10,FLEINZ,SBJ,PRE,ALL,X,1,"Merkmal TE > SESOI, Standweitsprung","Plan 12.09., O5 O6 K12 bis K16 nachträglich",
S10.FLEINZ.CL.PRE.ALL.X,S10,FLEINZ,CL,PRE,ALL,X,1,"Merkmal TE > SESOI, 505 links","Plan 12.09., O5 O6 K12 bis K16 nachträglich",
S10.FLEINZ.CR.PRE.ALL.X,S10,FLEINZ,CR,PRE,ALL,X,1,"Merkmal TE > SESOI, 505 rechts","Plan 12.09., O5 O6 K12 bis K16 nachträglich",
S10.FLEINZ.CM.PRE.ALL.X,S10,FLEINZ,CM,PRE,ALL,X,1,"Merkmal TE > SESOI, 505 Seitenmittel","Plan 12.09., O5 O6 K12 bis K16 nachträglich",
S10.TE.Z05.PRE.VA.X,S10,TE,Z05,PRE,VA,X,s,"typischer Messfehler je Verein, Sprint 5 m, Verein A",Plan 12.09.,
S10.TE.Z05.PRE.VB.X,S10,TE,Z05,PRE,VB,X,s,"typischer Messfehler je Verein, Sprint 5 m, Verein B",Plan 12.09.,
S10.TE.Z05.PRE.VC.X,S10,TE,Z05,PRE,VC,X,s,"typischer Messfehler je Verein, Sprint 5 m, Verein C",Plan 12.09.,
S10.TE.Z05.POST.VA.X,S10,TE,Z05,POST,VA,X,s,"typischer Messfehler je Verein, Sprint 5 m, Verein A",Plan 12.09.,
S10.TE.Z05.POST.VB.X,S10,TE,Z05,POST,VB,X,s,"typischer Messfehler je Verein, Sprint 5 m, Verein B",Plan 12.09.,
S10.TE.Z05.POST.VC.X,S10,TE,Z05,POST,VC,X,s,"typischer Messfehler je Verein, Sprint 5 m, Verein C",Plan 12.09.,
S10.TE.Z10.PRE.VA.X,S10,TE,Z10,PRE,VA,X,s,"typischer Messfehler je Verein, Sprint 10 m, Verein A",Plan 12.09.,
S10.TE.Z10.PRE.VB.X,S10,TE,Z10,PRE,VB,X,s,"typischer Messfehler je Verein, Sprint 10 m, Verein B",Plan 12.09.,
S10.TE.Z10.PRE.VC.X,S10,TE,Z10,PRE,VC,X,s,"typischer Messfehler je Verein, Sprint 10 m, Verein C",Plan 12.09.,
S10.TE.Z10.POST.VA.X,S10,TE,Z10,POST,VA,X,s,"typischer Messfehler je Verein, Sprint 10 m, Verein A",Plan 12.09.,
S10.TE.Z10.POST.VB.X,S10,TE,Z10,POST,VB,X,s,"typischer Messfehler je Verein, Sprint 10 m, Verein B",Plan 12.09.,
S10.TE.Z10.POST.VC.X,S10,TE,Z10,POST,VC,X,s,"typischer Messfehler je Verein, Sprint 10 m, Verein C",Plan 12.09.,
S10.TE.Z30.PRE.VA.X,S10,TE,Z30,PRE,VA,X,s,"typischer Messfehler je Verein, Sprint 30 m, Verein A",Plan 12.09.,
S10.TE.Z30.PRE.VB.X,S10,TE,Z30,PRE,VB,X,s,"typischer Messfehler je Verein, Sprint 30 m, Verein B",Plan 12.09.,
S10.TE.Z30.PRE.VC.X,S10,TE,Z30,PRE,VC,X,s,"typischer Messfehler je Verein, Sprint 30 m, Verein C",Plan 12.09.,
S10.TE.Z30.POST.VA.X,S10,TE,Z30,POST,VA,X,s,"typischer Messfehler je Verein, Sprint 30 m, Verein A",Plan 12.09.,
S10.TE.Z30.POST.VB.X,S10,TE,Z30,POST,VB,X,s,"typischer Messfehler je Verein, Sprint 30 m, Verein B",Plan 12.09.,
S10.TE.Z30.POST.VC.X,S10,TE,Z30,POST,VC,X,s,"typischer Messfehler je Verein, Sprint 30 m, Verein C",Plan 12.09.,
S10.TE.SBJ.PRE.VA.X,S10,TE,SBJ,PRE,VA,X,cm,"typischer Messfehler je Verein, Standweitsprung, Verein A",Plan 12.09.,
S10.TE.SBJ.PRE.VB.X,S10,TE,SBJ,PRE,VB,X,cm,"typischer Messfehler je Verein, Standweitsprung, Verein B",Plan 12.09.,
S10.TE.SBJ.PRE.VC.X,S10,TE,SBJ,PRE,VC,X,cm,"typischer Messfehler je Verein, Standweitsprung, Verein C",Plan 12.09.,
S10.TE.SBJ.POST.VA.X,S10,TE,SBJ,POST,VA,X,cm,"typischer Messfehler je Verein, Standweitsprung, Verein A",Plan 12.09.,
S10.TE.SBJ.POST.VB.X,S10,TE,SBJ,POST,VB,X,cm,"typischer Messfehler je Verein, Standweitsprung, Verein B",Plan 12.09.,
S10.TE.SBJ.POST.VC.X,S10,TE,SBJ,POST,VC,X,cm,"typischer Messfehler je Verein, Standweitsprung, Verein C",Plan 12.09.,
S10.TE.CL.PRE.VA.X,S10,TE,CL,PRE,VA,X,s,"typischer Messfehler je Verein, 505 links, Verein A",Plan 12.09.,
S10.TE.CL.PRE.VB.X,S10,TE,CL,PRE,VB,X,s,"typischer Messfehler je Verein, 505 links, Verein B",Plan 12.09.,
S10.TE.CL.PRE.VC.X,S10,TE,CL,PRE,VC,X,s,"typischer Messfehler je Verein, 505 links, Verein C",Plan 12.09.,
S10.TE.CL.POST.VA.X,S10,TE,CL,POST,VA,X,s,"typischer Messfehler je Verein, 505 links, Verein A",Plan 12.09.,
S10.TE.CL.POST.VB.X,S10,TE,CL,POST,VB,X,s,"typischer Messfehler je Verein, 505 links, Verein B",Plan 12.09.,
S10.TE.CL.POST.VC.X,S10,TE,CL,POST,VC,X,s,"typischer Messfehler je Verein, 505 links, Verein C",Plan 12.09.,
S10.TE.CR.PRE.VA.X,S10,TE,CR,PRE,VA,X,s,"typischer Messfehler je Verein, 505 rechts, Verein A",Plan 12.09.,
S10.TE.CR.PRE.VB.X,S10,TE,CR,PRE,VB,X,s,"typischer Messfehler je Verein, 505 rechts, Verein B",Plan 12.09.,
S10.TE.CR.PRE.VC.X,S10,TE,CR,PRE,VC,X,s,"typischer Messfehler je Verein, 505 rechts, Verein C",Plan 12.09.,
S10.TE.CR.POST.VA.X,S10,TE,CR,POST,VA,X,s,"typischer Messfehler je Verein, 505 rechts, Verein A",Plan 12.09.,
S10.TE.CR.POST.VB.X,S10,TE,CR,POST,VB,X,s,"typischer Messfehler je Verein, 505 rechts, Verein B",Plan 12.09.,
S10.TE.CR.POST.VC.X,S10,TE,CR,POST,VC,X,s,"typischer Messfehler je Verein, 505 rechts, Verein C",Plan 12.09.,
S10.TE.CM.PRE.VA.X,S10,TE,CM,PRE,VA,X,s,"typischer Messfehler je Verein, 505 Seitenmittel, Verein A",Plan 12.09.,
S10.TE.CM.PRE.VB.X,S10,TE,CM,PRE,VB,X,s,"typischer Messfehler je Verein, 505 Seitenmittel, Verein B",Plan 12.09.,
S10.TE.CM.PRE.VC.X,S10,TE,CM,PRE,VC,X,s,"typischer Messfehler je Verein, 505 Seitenmittel, Verein C",Plan 12.09.,
S10.TE.CM.POST.VA.X,S10,TE,CM,POST,VA,X,s,"typischer Messfehler je Verein, 505 Seitenmittel, Verein A",Plan 12.09.,
S10.TE.CM.POST.VB.X,S10,TE,CM,POST,VB,X,s,"typischer Messfehler je Verein, 505 Seitenmittel, Verein B",Plan 12.09.,
S10.TE.CM.POST.VC.X,S10,TE,CM,POST,VC,X,s,"typischer Messfehler je Verein, 505 Seitenmittel, Verein C",Plan 12.09.,
S10.DFTE.Z05.PRE.VA.X,S10,DFTE,Z05,PRE,VA,X,1,"Freiheitsgrade TE je Verein, Sprint 5 m, Verein A",Plan 12.09.,
S10.DFTE.Z05.PRE.VB.X,S10,DFTE,Z05,PRE,VB,X,1,"Freiheitsgrade TE je Verein, Sprint 5 m, Verein B",Plan 12.09.,
S10.DFTE.Z05.PRE.VC.X,S10,DFTE,Z05,PRE,VC,X,1,"Freiheitsgrade TE je Verein, Sprint 5 m, Verein C",Plan 12.09.,
S10.DFTE.Z05.POST.VA.X,S10,DFTE,Z05,POST,VA,X,1,"Freiheitsgrade TE je Verein, Sprint 5 m, Verein A",Plan 12.09.,
S10.DFTE.Z05.POST.VB.X,S10,DFTE,Z05,POST,VB,X,1,"Freiheitsgrade TE je Verein, Sprint 5 m, Verein B",Plan 12.09.,
S10.DFTE.Z05.POST.VC.X,S10,DFTE,Z05,POST,VC,X,1,"Freiheitsgrade TE je Verein, Sprint 5 m, Verein C",Plan 12.09.,
S10.DFTE.Z10.PRE.VA.X,S10,DFTE,Z10,PRE,VA,X,1,"Freiheitsgrade TE je Verein, Sprint 10 m, Verein A",Plan 12.09.,
S10.DFTE.Z10.PRE.VB.X,S10,DFTE,Z10,PRE,VB,X,1,"Freiheitsgrade TE je Verein, Sprint 10 m, Verein B",Plan 12.09.,
S10.DFTE.Z10.PRE.VC.X,S10,DFTE,Z10,PRE,VC,X,1,"Freiheitsgrade TE je Verein, Sprint 10 m, Verein C",Plan 12.09.,
S10.DFTE.Z10.POST.VA.X,S10,DFTE,Z10,POST,VA,X,1,"Freiheitsgrade TE je Verein, Sprint 10 m, Verein A",Plan 12.09.,
S10.DFTE.Z10.POST.VB.X,S10,DFTE,Z10,POST,VB,X,1,"Freiheitsgrade TE je Verein, Sprint 10 m, Verein B",Plan 12.09.,
S10.DFTE.Z10.POST.VC.X,S10,DFTE,Z10,POST,VC,X,1,"Freiheitsgrade TE je Verein, Sprint 10 m, Verein C",Plan 12.09.,
S10.DFTE.Z30.PRE.VA.X,S10,DFTE,Z30,PRE,VA,X,1,"Freiheitsgrade TE je Verein, Sprint 30 m, Verein A",Plan 12.09.,
S10.DFTE.Z30.PRE.VB.X,S10,DFTE,Z30,PRE,VB,X,1,"Freiheitsgrade TE je Verein, Sprint 30 m, Verein B",Plan 12.09.,
S10.DFTE.Z30.PRE.VC.X,S10,DFTE,Z30,PRE,VC,X,1,"Freiheitsgrade TE je Verein, Sprint 30 m, Verein C",Plan 12.09.,
S10.DFTE.Z30.POST.VA.X,S10,DFTE,Z30,POST,VA,X,1,"Freiheitsgrade TE je Verein, Sprint 30 m, Verein A",Plan 12.09.,
S10.DFTE.Z30.POST.VB.X,S10,DFTE,Z30,POST,VB,X,1,"Freiheitsgrade TE je Verein, Sprint 30 m, Verein B",Plan 12.09.,
S10.DFTE.Z30.POST.VC.X,S10,DFTE,Z30,POST,VC,X,1,"Freiheitsgrade TE je Verein, Sprint 30 m, Verein C",Plan 12.09.,
S10.DFTE.SBJ.PRE.VA.X,S10,DFTE,SBJ,PRE,VA,X,1,"Freiheitsgrade TE je Verein, Standweitsprung, Verein A",Plan 12.09.,
S10.DFTE.SBJ.PRE.VB.X,S10,DFTE,SBJ,PRE,VB,X,1,"Freiheitsgrade TE je Verein, Standweitsprung, Verein B",Plan 12.09.,
S10.DFTE.SBJ.PRE.VC.X,S10,DFTE,SBJ,PRE,VC,X,1,"Freiheitsgrade TE je Verein, Standweitsprung, Verein C",Plan 12.09.,
S10.DFTE.SBJ.POST.VA.X,S10,DFTE,SBJ,POST,VA,X,1,"Freiheitsgrade TE je Verein, Standweitsprung, Verein A",Plan 12.09.,
S10.DFTE.SBJ.POST.VB.X,S10,DFTE,SBJ,POST,VB,X,1,"Freiheitsgrade TE je Verein, Standweitsprung, Verein B",Plan 12.09.,
S10.DFTE.SBJ.POST.VC.X,S10,DFTE,SBJ,POST,VC,X,1,"Freiheitsgrade TE je Verein, Standweitsprung, Verein C",Plan 12.09.,
S10.DFTE.CL.PRE.VA.X,S10,DFTE,CL,PRE,VA,X,1,"Freiheitsgrade TE je Verein, 505 links, Verein A",Plan 12.09.,
S10.DFTE.CL.PRE.VB.X,S10,DFTE,CL,PRE,VB,X,1,"Freiheitsgrade TE je Verein, 505 links, Verein B",Plan 12.09.,
S10.DFTE.CL.PRE.VC.X,S10,DFTE,CL,PRE,VC,X,1,"Freiheitsgrade TE je Verein, 505 links, Verein C",Plan 12.09.,
S10.DFTE.CL.POST.VA.X,S10,DFTE,CL,POST,VA,X,1,"Freiheitsgrade TE je Verein, 505 links, Verein A",Plan 12.09.,
S10.DFTE.CL.POST.VB.X,S10,DFTE,CL,POST,VB,X,1,"Freiheitsgrade TE je Verein, 505 links, Verein B",Plan 12.09.,
S10.DFTE.CL.POST.VC.X,S10,DFTE,CL,POST,VC,X,1,"Freiheitsgrade TE je Verein, 505 links, Verein C",Plan 12.09.,
S10.DFTE.CR.PRE.VA.X,S10,DFTE,CR,PRE,VA,X,1,"Freiheitsgrade TE je Verein, 505 rechts, Verein A",Plan 12.09.,
S10.DFTE.CR.PRE.VB.X,S10,DFTE,CR,PRE,VB,X,1,"Freiheitsgrade TE je Verein, 505 rechts, Verein B",Plan 12.09.,
S10.DFTE.CR.PRE.VC.X,S10,DFTE,CR,PRE,VC,X,1,"Freiheitsgrade TE je Verein, 505 rechts, Verein C",Plan 12.09.,
S10.DFTE.CR.POST.VA.X,S10,DFTE,CR,POST,VA,X,1,"Freiheitsgrade TE je Verein, 505 rechts, Verein A",Plan 12.09.,
S10.DFTE.CR.POST.VB.X,S10,DFTE,CR,POST,VB,X,1,"Freiheitsgrade TE je Verein, 505 rechts, Verein B",Plan 12.09.,
S10.DFTE.CR.POST.VC.X,S10,DFTE,CR,POST,VC,X,1,"Freiheitsgrade TE je Verein, 505 rechts, Verein C",Plan 12.09.,
S10.DFTE.CM.PRE.VA.X,S10,DFTE,CM,PRE,VA,X,1,"Freiheitsgrade TE je Verein, 505 Seitenmittel, Verein A",Plan 12.09.,
S10.DFTE.CM.PRE.VB.X,S10,DFTE,CM,PRE,VB,X,1,"Freiheitsgrade TE je Verein, 505 Seitenmittel, Verein B",Plan 12.09.,
S10.DFTE.CM.PRE.VC.X,S10,DFTE,CM,PRE,VC,X,1,"Freiheitsgrade TE je Verein, 505 Seitenmittel, Verein C",Plan 12.09.,
S10.DFTE.CM.POST.VA.X,S10,DFTE,CM,POST,VA,X,1,"Freiheitsgrade TE je Verein, 505 Seitenmittel, Verein A",Plan 12.09.,
S10.DFTE.CM.POST.VB.X,S10,DFTE,CM,POST,VB,X,1,"Freiheitsgrade TE je Verein, 505 Seitenmittel, Verein B",Plan 12.09.,
S10.DFTE.CM.POST.VC.X,S10,DFTE,CM,POST,VC,X,1,"Freiheitsgrade TE je Verein, 505 Seitenmittel, Verein C",Plan 12.09.,
S10.NTE.Z05.PRE.VA.X,S10,NTE,Z05,PRE,VA,X,1,"Spieler der TE-Menge je Verein, Sprint 5 m, Verein A",Plan 12.09.,
S10.NTE.Z05.PRE.VB.X,S10,NTE,Z05,PRE,VB,X,1,"Spieler der TE-Menge je Verein, Sprint 5 m, Verein B",Plan 12.09.,
S10.NTE.Z05.PRE.VC.X,S10,NTE,Z05,PRE,VC,X,1,"Spieler der TE-Menge je Verein, Sprint 5 m, Verein C",Plan 12.09.,
S10.NTE.Z05.POST.VA.X,S10,NTE,Z05,POST,VA,X,1,"Spieler der TE-Menge je Verein, Sprint 5 m, Verein A",Plan 12.09.,
S10.NTE.Z05.POST.VB.X,S10,NTE,Z05,POST,VB,X,1,"Spieler der TE-Menge je Verein, Sprint 5 m, Verein B",Plan 12.09.,
S10.NTE.Z05.POST.VC.X,S10,NTE,Z05,POST,VC,X,1,"Spieler der TE-Menge je Verein, Sprint 5 m, Verein C",Plan 12.09.,
S10.NTE.Z10.PRE.VA.X,S10,NTE,Z10,PRE,VA,X,1,"Spieler der TE-Menge je Verein, Sprint 10 m, Verein A",Plan 12.09.,
S10.NTE.Z10.PRE.VB.X,S10,NTE,Z10,PRE,VB,X,1,"Spieler der TE-Menge je Verein, Sprint 10 m, Verein B",Plan 12.09.,
S10.NTE.Z10.PRE.VC.X,S10,NTE,Z10,PRE,VC,X,1,"Spieler der TE-Menge je Verein, Sprint 10 m, Verein C",Plan 12.09.,
S10.NTE.Z10.POST.VA.X,S10,NTE,Z10,POST,VA,X,1,"Spieler der TE-Menge je Verein, Sprint 10 m, Verein A",Plan 12.09.,
S10.NTE.Z10.POST.VB.X,S10,NTE,Z10,POST,VB,X,1,"Spieler der TE-Menge je Verein, Sprint 10 m, Verein B",Plan 12.09.,
S10.NTE.Z10.POST.VC.X,S10,NTE,Z10,POST,VC,X,1,"Spieler der TE-Menge je Verein, Sprint 10 m, Verein C",Plan 12.09.,
S10.NTE.Z30.PRE.VA.X,S10,NTE,Z30,PRE,VA,X,1,"Spieler der TE-Menge je Verein, Sprint 30 m, Verein A",Plan 12.09.,
S10.NTE.Z30.PRE.VB.X,S10,NTE,Z30,PRE,VB,X,1,"Spieler der TE-Menge je Verein, Sprint 30 m, Verein B",Plan 12.09.,
S10.NTE.Z30.PRE.VC.X,S10,NTE,Z30,PRE,VC,X,1,"Spieler der TE-Menge je Verein, Sprint 30 m, Verein C",Plan 12.09.,
S10.NTE.Z30.POST.VA.X,S10,NTE,Z30,POST,VA,X,1,"Spieler der TE-Menge je Verein, Sprint 30 m, Verein A",Plan 12.09.,
S10.NTE.Z30.POST.VB.X,S10,NTE,Z30,POST,VB,X,1,"Spieler der TE-Menge je Verein, Sprint 30 m, Verein B",Plan 12.09.,
S10.NTE.Z30.POST.VC.X,S10,NTE,Z30,POST,VC,X,1,"Spieler der TE-Menge je Verein, Sprint 30 m, Verein C",Plan 12.09.,
S10.NTE.SBJ.PRE.VA.X,S10,NTE,SBJ,PRE,VA,X,1,"Spieler der TE-Menge je Verein, Standweitsprung, Verein A",Plan 12.09.,
S10.NTE.SBJ.PRE.VB.X,S10,NTE,SBJ,PRE,VB,X,1,"Spieler der TE-Menge je Verein, Standweitsprung, Verein B",Plan 12.09.,
S10.NTE.SBJ.PRE.VC.X,S10,NTE,SBJ,PRE,VC,X,1,"Spieler der TE-Menge je Verein, Standweitsprung, Verein C",Plan 12.09.,
S10.NTE.SBJ.POST.VA.X,S10,NTE,SBJ,POST,VA,X,1,"Spieler der TE-Menge je Verein, Standweitsprung, Verein A",Plan 12.09.,
S10.NTE.SBJ.POST.VB.X,S10,NTE,SBJ,POST,VB,X,1,"Spieler der TE-Menge je Verein, Standweitsprung, Verein B",Plan 12.09.,
S10.NTE.SBJ.POST.VC.X,S10,NTE,SBJ,POST,VC,X,1,"Spieler der TE-Menge je Verein, Standweitsprung, Verein C",Plan 12.09.,
S10.NTE.CL.PRE.VA.X,S10,NTE,CL,PRE,VA,X,1,"Spieler der TE-Menge je Verein, 505 links, Verein A",Plan 12.09.,
S10.NTE.CL.PRE.VB.X,S10,NTE,CL,PRE,VB,X,1,"Spieler der TE-Menge je Verein, 505 links, Verein B",Plan 12.09.,
S10.NTE.CL.PRE.VC.X,S10,NTE,CL,PRE,VC,X,1,"Spieler der TE-Menge je Verein, 505 links, Verein C",Plan 12.09.,
S10.NTE.CL.POST.VA.X,S10,NTE,CL,POST,VA,X,1,"Spieler der TE-Menge je Verein, 505 links, Verein A",Plan 12.09.,
S10.NTE.CL.POST.VB.X,S10,NTE,CL,POST,VB,X,1,"Spieler der TE-Menge je Verein, 505 links, Verein B",Plan 12.09.,
S10.NTE.CL.POST.VC.X,S10,NTE,CL,POST,VC,X,1,"Spieler der TE-Menge je Verein, 505 links, Verein C",Plan 12.09.,
S10.NTE.CR.PRE.VA.X,S10,NTE,CR,PRE,VA,X,1,"Spieler der TE-Menge je Verein, 505 rechts, Verein A",Plan 12.09.,
S10.NTE.CR.PRE.VB.X,S10,NTE,CR,PRE,VB,X,1,"Spieler der TE-Menge je Verein, 505 rechts, Verein B",Plan 12.09.,
S10.NTE.CR.PRE.VC.X,S10,NTE,CR,PRE,VC,X,1,"Spieler der TE-Menge je Verein, 505 rechts, Verein C",Plan 12.09.,
S10.NTE.CR.POST.VA.X,S10,NTE,CR,POST,VA,X,1,"Spieler der TE-Menge je Verein, 505 rechts, Verein A",Plan 12.09.,
S10.NTE.CR.POST.VB.X,S10,NTE,CR,POST,VB,X,1,"Spieler der TE-Menge je Verein, 505 rechts, Verein B",Plan 12.09.,
S10.NTE.CR.POST.VC.X,S10,NTE,CR,POST,VC,X,1,"Spieler der TE-Menge je Verein, 505 rechts, Verein C",Plan 12.09.,
S10.NTE.CM.PRE.VA.X,S10,NTE,CM,PRE,VA,X,1,"Spieler der TE-Menge je Verein, 505 Seitenmittel, Verein A",Plan 12.09.,
S10.NTE.CM.PRE.VB.X,S10,NTE,CM,PRE,VB,X,1,"Spieler der TE-Menge je Verein, 505 Seitenmittel, Verein B",Plan 12.09.,
S10.NTE.CM.PRE.VC.X,S10,NTE,CM,PRE,VC,X,1,"Spieler der TE-Menge je Verein, 505 Seitenmittel, Verein C",Plan 12.09.,
S10.NTE.CM.POST.VA.X,S10,NTE,CM,POST,VA,X,1,"Spieler der TE-Menge je Verein, 505 Seitenmittel, Verein A",Plan 12.09.,
S10.NTE.CM.POST.VB.X,S10,NTE,CM,POST,VB,X,1,"Spieler der TE-Menge je Verein, 505 Seitenmittel, Verein B",Plan 12.09.,
S10.NTE.CM.POST.VC.X,S10,NTE,CM,POST,VC,X,1,"Spieler der TE-Menge je Verein, 505 Seitenmittel, Verein C",Plan 12.09.,
S11.N.Z05.PRE.ALL.X,S11,N,Z05,PRE,ALL,X,1,"Spieler mit drei gültigen Versuchen, Sprint 5 m",Plan 12.09.,
S11.N.Z05.POST.ALL.X,S11,N,Z05,POST,ALL,X,1,"Spieler mit drei gültigen Versuchen, Sprint 5 m",Plan 12.09.,
S11.N.Z10.PRE.ALL.X,S11,N,Z10,PRE,ALL,X,1,"Spieler mit drei gültigen Versuchen, Sprint 10 m",Plan 12.09.,
S11.N.Z10.POST.ALL.X,S11,N,Z10,POST,ALL,X,1,"Spieler mit drei gültigen Versuchen, Sprint 10 m",Plan 12.09.,
S11.N.Z30.PRE.ALL.X,S11,N,Z30,PRE,ALL,X,1,"Spieler mit drei gültigen Versuchen, Sprint 30 m",Plan 12.09.,
S11.N.Z30.POST.ALL.X,S11,N,Z30,POST,ALL,X,1,"Spieler mit drei gültigen Versuchen, Sprint 30 m",Plan 12.09.,
S11.N.SBJ.PRE.ALL.X,S11,N,SBJ,PRE,ALL,X,1,"Spieler mit drei gültigen Versuchen, Standweitsprung",Plan 12.09.,
S11.N.SBJ.POST.ALL.X,S11,N,SBJ,POST,ALL,X,1,"Spieler mit drei gültigen Versuchen, Standweitsprung",Plan 12.09.,
S11.N.CL.PRE.ALL.X,S11,N,CL,PRE,ALL,X,1,"Spieler mit drei gültigen Versuchen, 505 links",Plan 12.09.,
S11.N.CL.POST.ALL.X,S11,N,CL,POST,ALL,X,1,"Spieler mit drei gültigen Versuchen, 505 links",Plan 12.09.,
S11.N.CR.PRE.ALL.X,S11,N,CR,PRE,ALL,X,1,"Spieler mit drei gültigen Versuchen, 505 rechts",Plan 12.09.,
S11.N.CR.POST.ALL.X,S11,N,CR,POST,ALL,X,1,"Spieler mit drei gültigen Versuchen, 505 rechts",Plan 12.09.,
S11.DMEAN.Z05.PRE.ALL.X,S11,DMEAN,Z05,PRE,ALL,X,s,"mittlerer Bestwert-Bias des dritten Versuchs, Sprint 5 m",Plan 12.09.,
S11.DMEAN.Z05.POST.ALL.X,S11,DMEAN,Z05,POST,ALL,X,s,"mittlerer Bestwert-Bias des dritten Versuchs, Sprint 5 m",Plan 12.09.,
S11.DMEAN.Z10.PRE.ALL.X,S11,DMEAN,Z10,PRE,ALL,X,s,"mittlerer Bestwert-Bias des dritten Versuchs, Sprint 10 m",Plan 12.09.,
S11.DMEAN.Z10.POST.ALL.X,S11,DMEAN,Z10,POST,ALL,X,s,"mittlerer Bestwert-Bias des dritten Versuchs, Sprint 10 m",Plan 12.09.,
S11.DMEAN.Z30.PRE.ALL.X,S11,DMEAN,Z30,PRE,ALL,X,s,"mittlerer Bestwert-Bias des dritten Versuchs, Sprint 30 m",Plan 12.09.,
S11.DMEAN.Z30.POST.ALL.X,S11,DMEAN,Z30,POST,ALL,X,s,"mittlerer Bestwert-Bias des dritten Versuchs, Sprint 30 m",Plan 12.09.,
S11.DMEAN.SBJ.PRE.ALL.X,S11,DMEAN,SBJ,PRE,ALL,X,cm,"mittlerer Bestwert-Bias des dritten Versuchs, Standweitsprung",Plan 12.09.,
S11.DMEAN.SBJ.POST.ALL.X,S11,DMEAN,SBJ,POST,ALL,X,cm,"mittlerer Bestwert-Bias des dritten Versuchs, Standweitsprung",Plan 12.09.,
S11.DMEAN.CL.PRE.ALL.X,S11,DMEAN,CL,PRE,ALL,X,s,"mittlerer Bestwert-Bias des dritten Versuchs, 505 links",Plan 12.09.,
S11.DMEAN.CL.POST.ALL.X,S11,DMEAN,CL,POST,ALL,X,s,"mittlerer Bestwert-Bias des dritten Versuchs, 505 links",Plan 12.09.,
S11.DMEAN.CR.PRE.ALL.X,S11,DMEAN,CR,PRE,ALL,X,s,"mittlerer Bestwert-Bias des dritten Versuchs, 505 rechts",Plan 12.09.,
S11.DMEAN.CR.POST.ALL.X,S11,DMEAN,CR,POST,ALL,X,s,"mittlerer Bestwert-Bias des dritten Versuchs, 505 rechts",Plan 12.09.,
S11.DSESOI.Z05.PRE.ALL.X,S11,DSESOI,Z05,PRE,ALL,X,1,"Bias geteilt durch SESOI, Sprint 5 m",Plan 12.09.,
S11.DSESOI.Z05.POST.ALL.X,S11,DSESOI,Z05,POST,ALL,X,1,"Bias geteilt durch SESOI, Sprint 5 m",Plan 12.09.,
S11.DSESOI.Z10.PRE.ALL.X,S11,DSESOI,Z10,PRE,ALL,X,1,"Bias geteilt durch SESOI, Sprint 10 m",Plan 12.09.,
S11.DSESOI.Z10.POST.ALL.X,S11,DSESOI,Z10,POST,ALL,X,1,"Bias geteilt durch SESOI, Sprint 10 m",Plan 12.09.,
S11.DSESOI.Z30.PRE.ALL.X,S11,DSESOI,Z30,PRE,ALL,X,1,"Bias geteilt durch SESOI, Sprint 30 m",Plan 12.09.,
S11.DSESOI.Z30.POST.ALL.X,S11,DSESOI,Z30,POST,ALL,X,1,"Bias geteilt durch SESOI, Sprint 30 m",Plan 12.09.,
S11.DSESOI.SBJ.PRE.ALL.X,S11,DSESOI,SBJ,PRE,ALL,X,1,"Bias geteilt durch SESOI, Standweitsprung",Plan 12.09.,
S11.DSESOI.SBJ.POST.ALL.X,S11,DSESOI,SBJ,POST,ALL,X,1,"Bias geteilt durch SESOI, Standweitsprung",Plan 12.09.,
S11.DSESOI.CL.PRE.ALL.X,S11,DSESOI,CL,PRE,ALL,X,1,"Bias geteilt durch SESOI, 505 links",Plan 12.09.,
S11.DSESOI.CL.POST.ALL.X,S11,DSESOI,CL,POST,ALL,X,1,"Bias geteilt durch SESOI, 505 links",Plan 12.09.,
S11.DSESOI.CR.PRE.ALL.X,S11,DSESOI,CR,PRE,ALL,X,1,"Bias geteilt durch SESOI, 505 rechts",Plan 12.09.,
S11.DSESOI.CR.POST.ALL.X,S11,DSESOI,CR,POST,ALL,X,1,"Bias geteilt durch SESOI, 505 rechts",Plan 12.09.,
S12.NFAM1.FAM.PRE.IG.X,S12,NFAM1,FAM,PRE,IG,X,1,"Spieler mit Familiarisierung 1, Menge IG",Plan 12.09.,
S12.NFAM1.FAM.PRE.KG.X,S12,NFAM1,FAM,PRE,KG,X,1,"Spieler mit Familiarisierung 1, Menge KG",Plan 12.09.,
S12.NFAM2.FAM.PRE.IG.X,S12,NFAM2,FAM,PRE,IG,X,1,"Spieler mit Familiarisierung 2, Menge IG",Plan 12.09.,
S12.NFAM2.FAM.PRE.KG.X,S12,NFAM2,FAM,PRE,KG,X,1,"Spieler mit Familiarisierung 2, Menge KG",Plan 12.09.,
S12.NFAMNA.FAM.PRE.IG.X,S12,NFAMNA,FAM,PRE,IG,X,1,"Spieler mit Familiarisierung fehlend, Menge IG",Plan 12.09.,
S12.NFAMNA.FAM.PRE.KG.X,S12,NFAMNA,FAM,PRE,KG,X,1,"Spieler mit Familiarisierung fehlend, Menge KG",Plan 12.09.,
S12.D.Z05.PRE.BASE.HAUPT,S12,D,Z05,PRE,BASE,HAUPT,1,"Ausgangsunterschied d ohne J, Menge BASE, Sprint 5 m","Plan 12.09., K26 nachträglich",
S12.D.Z05.PRE.ITT.HAUPT,S12,D,Z05,PRE,ITT,HAUPT,1,"Ausgangsunterschied d ohne J, Menge ITT, Sprint 5 m","Plan 12.09., K26 nachträglich",
S12.D.Z10.PRE.BASE.HAUPT,S12,D,Z10,PRE,BASE,HAUPT,1,"Ausgangsunterschied d ohne J, Menge BASE, Sprint 10 m","Plan 12.09., K26 nachträglich",
S12.D.Z10.PRE.ITT.HAUPT,S12,D,Z10,PRE,ITT,HAUPT,1,"Ausgangsunterschied d ohne J, Menge ITT, Sprint 10 m","Plan 12.09., K26 nachträglich",
S12.D.Z30.PRE.BASE.HAUPT,S12,D,Z30,PRE,BASE,HAUPT,1,"Ausgangsunterschied d ohne J, Menge BASE, Sprint 30 m","Plan 12.09., K26 nachträglich",
S12.D.Z30.PRE.ITT.HAUPT,S12,D,Z30,PRE,ITT,HAUPT,1,"Ausgangsunterschied d ohne J, Menge ITT, Sprint 30 m","Plan 12.09., K26 nachträglich",
S12.D.SBJ.PRE.BASE.HAUPT,S12,D,SBJ,PRE,BASE,HAUPT,1,"Ausgangsunterschied d ohne J, Menge BASE, Standweitsprung","Plan 12.09., K26 nachträglich",
S12.D.SBJ.PRE.ITT.HAUPT,S12,D,SBJ,PRE,ITT,HAUPT,1,"Ausgangsunterschied d ohne J, Menge ITT, Standweitsprung","Plan 12.09., K26 nachträglich",
S12.D.CL.PRE.BASE.HAUPT,S12,D,CL,PRE,BASE,HAUPT,1,"Ausgangsunterschied d ohne J, Menge BASE, 505 links","Plan 12.09., K26 nachträglich",
S12.D.CL.PRE.ITT.HAUPT,S12,D,CL,PRE,ITT,HAUPT,1,"Ausgangsunterschied d ohne J, Menge ITT, 505 links","Plan 12.09., K26 nachträglich",
S12.D.CR.PRE.BASE.HAUPT,S12,D,CR,PRE,BASE,HAUPT,1,"Ausgangsunterschied d ohne J, Menge BASE, 505 rechts","Plan 12.09., K26 nachträglich",
S12.D.CR.PRE.ITT.HAUPT,S12,D,CR,PRE,ITT,HAUPT,1,"Ausgangsunterschied d ohne J, Menge ITT, 505 rechts","Plan 12.09., K26 nachträglich",
S12.D.CM.PRE.BASE.HAUPT,S12,D,CM,PRE,BASE,HAUPT,1,"Ausgangsunterschied d ohne J, Menge BASE, 505 Seitenmittel","Plan 12.09., K26 nachträglich",
S12.D.CM.PRE.ITT.HAUPT,S12,D,CM,PRE,ITT,HAUPT,1,"Ausgangsunterschied d ohne J, Menge ITT, 505 Seitenmittel","Plan 12.09., K26 nachträglich",
S12.N.Z05.PRE.IG.HAUPT,S12,N,Z05,PRE,IG,HAUPT,1,"n BEST, alle Fälle der Zelle, Sprint 5 m, Menge IG",K29 nachträglich,
S12.N.Z05.PRE.KG.HAUPT,S12,N,Z05,PRE,KG,HAUPT,1,"n BEST, alle Fälle der Zelle, Sprint 5 m, Menge KG",K29 nachträglich,
S12.N.Z10.PRE.IG.HAUPT,S12,N,Z10,PRE,IG,HAUPT,1,"n BEST, alle Fälle der Zelle, Sprint 10 m, Menge IG",K29 nachträglich,
S12.N.Z10.PRE.KG.HAUPT,S12,N,Z10,PRE,KG,HAUPT,1,"n BEST, alle Fälle der Zelle, Sprint 10 m, Menge KG",K29 nachträglich,
S12.N.Z30.PRE.IG.HAUPT,S12,N,Z30,PRE,IG,HAUPT,1,"n BEST, alle Fälle der Zelle, Sprint 30 m, Menge IG",K29 nachträglich,
S12.N.Z30.PRE.KG.HAUPT,S12,N,Z30,PRE,KG,HAUPT,1,"n BEST, alle Fälle der Zelle, Sprint 30 m, Menge KG",K29 nachträglich,
S12.N.SBJ.PRE.IG.HAUPT,S12,N,SBJ,PRE,IG,HAUPT,1,"n BEST, alle Fälle der Zelle, Standweitsprung, Menge IG",K29 nachträglich,
S12.N.SBJ.PRE.KG.HAUPT,S12,N,SBJ,PRE,KG,HAUPT,1,"n BEST, alle Fälle der Zelle, Standweitsprung, Menge KG",K29 nachträglich,
S12.N.CL.PRE.IG.HAUPT,S12,N,CL,PRE,IG,HAUPT,1,"n BEST, alle Fälle der Zelle, 505 links, Menge IG",K29 nachträglich,
S12.N.CL.PRE.KG.HAUPT,S12,N,CL,PRE,KG,HAUPT,1,"n BEST, alle Fälle der Zelle, 505 links, Menge KG",K29 nachträglich,
S12.N.CR.PRE.IG.HAUPT,S12,N,CR,PRE,IG,HAUPT,1,"n BEST, alle Fälle der Zelle, 505 rechts, Menge IG",K29 nachträglich,
S12.N.CR.PRE.KG.HAUPT,S12,N,CR,PRE,KG,HAUPT,1,"n BEST, alle Fälle der Zelle, 505 rechts, Menge KG",K29 nachträglich,
S12.N.CM.PRE.IG.HAUPT,S12,N,CM,PRE,IG,HAUPT,1,"n BEST, alle Fälle der Zelle, 505 Seitenmittel, Menge IG",K29 nachträglich,
S12.N.CM.PRE.KG.HAUPT,S12,N,CM,PRE,KG,HAUPT,1,"n BEST, alle Fälle der Zelle, 505 Seitenmittel, Menge KG",K29 nachträglich,
S12.M.Z05.PRE.IG.HAUPT,S12,M,Z05,PRE,IG,HAUPT,s,"Mittel BEST, alle Fälle der Zelle, Sprint 5 m, Menge IG",K29 nachträglich,
S12.M.Z05.PRE.KG.HAUPT,S12,M,Z05,PRE,KG,HAUPT,s,"Mittel BEST, alle Fälle der Zelle, Sprint 5 m, Menge KG",K29 nachträglich,
S12.M.Z10.PRE.IG.HAUPT,S12,M,Z10,PRE,IG,HAUPT,s,"Mittel BEST, alle Fälle der Zelle, Sprint 10 m, Menge IG",K29 nachträglich,
S12.M.Z10.PRE.KG.HAUPT,S12,M,Z10,PRE,KG,HAUPT,s,"Mittel BEST, alle Fälle der Zelle, Sprint 10 m, Menge KG",K29 nachträglich,
S12.M.Z30.PRE.IG.HAUPT,S12,M,Z30,PRE,IG,HAUPT,s,"Mittel BEST, alle Fälle der Zelle, Sprint 30 m, Menge IG",K29 nachträglich,
S12.M.Z30.PRE.KG.HAUPT,S12,M,Z30,PRE,KG,HAUPT,s,"Mittel BEST, alle Fälle der Zelle, Sprint 30 m, Menge KG",K29 nachträglich,
S12.M.SBJ.PRE.IG.HAUPT,S12,M,SBJ,PRE,IG,HAUPT,cm,"Mittel BEST, alle Fälle der Zelle, Standweitsprung, Menge IG",K29 nachträglich,
S12.M.SBJ.PRE.KG.HAUPT,S12,M,SBJ,PRE,KG,HAUPT,cm,"Mittel BEST, alle Fälle der Zelle, Standweitsprung, Menge KG",K29 nachträglich,
S12.M.CL.PRE.IG.HAUPT,S12,M,CL,PRE,IG,HAUPT,s,"Mittel BEST, alle Fälle der Zelle, 505 links, Menge IG",K29 nachträglich,
S12.M.CL.PRE.KG.HAUPT,S12,M,CL,PRE,KG,HAUPT,s,"Mittel BEST, alle Fälle der Zelle, 505 links, Menge KG",K29 nachträglich,
S12.M.CR.PRE.IG.HAUPT,S12,M,CR,PRE,IG,HAUPT,s,"Mittel BEST, alle Fälle der Zelle, 505 rechts, Menge IG",K29 nachträglich,
S12.M.CR.PRE.KG.HAUPT,S12,M,CR,PRE,KG,HAUPT,s,"Mittel BEST, alle Fälle der Zelle, 505 rechts, Menge KG",K29 nachträglich,
S12.M.CM.PRE.IG.HAUPT,S12,M,CM,PRE,IG,HAUPT,s,"Mittel BEST, alle Fälle der Zelle, 505 Seitenmittel, Menge IG",K29 nachträglich,
S12.M.CM.PRE.KG.HAUPT,S12,M,CM,PRE,KG,HAUPT,s,"Mittel BEST, alle Fälle der Zelle, 505 Seitenmittel, Menge KG",K29 nachträglich,
S12.SD.Z05.PRE.IG.HAUPT,S12,SD,Z05,PRE,IG,HAUPT,s,"SD BEST, alle Fälle der Zelle, Sprint 5 m, Menge IG",K29 nachträglich,
S12.SD.Z05.PRE.KG.HAUPT,S12,SD,Z05,PRE,KG,HAUPT,s,"SD BEST, alle Fälle der Zelle, Sprint 5 m, Menge KG",K29 nachträglich,
S12.SD.Z10.PRE.IG.HAUPT,S12,SD,Z10,PRE,IG,HAUPT,s,"SD BEST, alle Fälle der Zelle, Sprint 10 m, Menge IG",K29 nachträglich,
S12.SD.Z10.PRE.KG.HAUPT,S12,SD,Z10,PRE,KG,HAUPT,s,"SD BEST, alle Fälle der Zelle, Sprint 10 m, Menge KG",K29 nachträglich,
S12.SD.Z30.PRE.IG.HAUPT,S12,SD,Z30,PRE,IG,HAUPT,s,"SD BEST, alle Fälle der Zelle, Sprint 30 m, Menge IG",K29 nachträglich,
S12.SD.Z30.PRE.KG.HAUPT,S12,SD,Z30,PRE,KG,HAUPT,s,"SD BEST, alle Fälle der Zelle, Sprint 30 m, Menge KG",K29 nachträglich,
S12.SD.SBJ.PRE.IG.HAUPT,S12,SD,SBJ,PRE,IG,HAUPT,cm,"SD BEST, alle Fälle der Zelle, Standweitsprung, Menge IG",K29 nachträglich,
S12.SD.SBJ.PRE.KG.HAUPT,S12,SD,SBJ,PRE,KG,HAUPT,cm,"SD BEST, alle Fälle der Zelle, Standweitsprung, Menge KG",K29 nachträglich,
S12.SD.CL.PRE.IG.HAUPT,S12,SD,CL,PRE,IG,HAUPT,s,"SD BEST, alle Fälle der Zelle, 505 links, Menge IG",K29 nachträglich,
S12.SD.CL.PRE.KG.HAUPT,S12,SD,CL,PRE,KG,HAUPT,s,"SD BEST, alle Fälle der Zelle, 505 links, Menge KG",K29 nachträglich,
S12.SD.CR.PRE.IG.HAUPT,S12,SD,CR,PRE,IG,HAUPT,s,"SD BEST, alle Fälle der Zelle, 505 rechts, Menge IG",K29 nachträglich,
S12.SD.CR.PRE.KG.HAUPT,S12,SD,CR,PRE,KG,HAUPT,s,"SD BEST, alle Fälle der Zelle, 505 rechts, Menge KG",K29 nachträglich,
S12.SD.CM.PRE.IG.HAUPT,S12,SD,CM,PRE,IG,HAUPT,s,"SD BEST, alle Fälle der Zelle, 505 Seitenmittel, Menge IG",K29 nachträglich,
S12.SD.CM.PRE.KG.HAUPT,S12,SD,CM,PRE,KG,HAUPT,s,"SD BEST, alle Fälle der Zelle, 505 Seitenmittel, Menge KG",K29 nachträglich,
S12.N.Z05.PRE.ITTIG.HAUPT,S12,N,Z05,PRE,ITTIG,HAUPT,1,"n BEST im ITT-Set, Sprint 5 m, Menge ITTIG",Plan 12.09.,
S12.N.Z05.PRE.ITTKG.HAUPT,S12,N,Z05,PRE,ITTKG,HAUPT,1,"n BEST im ITT-Set, Sprint 5 m, Menge ITTKG",Plan 12.09.,
S12.N.Z05.POST.ITTIG.HAUPT,S12,N,Z05,POST,ITTIG,HAUPT,1,"n BEST im ITT-Set, Sprint 5 m, Menge ITTIG",Plan 12.09.,
S12.N.Z05.POST.ITTKG.HAUPT,S12,N,Z05,POST,ITTKG,HAUPT,1,"n BEST im ITT-Set, Sprint 5 m, Menge ITTKG",Plan 12.09.,
S12.N.Z10.PRE.ITTIG.HAUPT,S12,N,Z10,PRE,ITTIG,HAUPT,1,"n BEST im ITT-Set, Sprint 10 m, Menge ITTIG",Plan 12.09.,
S12.N.Z10.PRE.ITTKG.HAUPT,S12,N,Z10,PRE,ITTKG,HAUPT,1,"n BEST im ITT-Set, Sprint 10 m, Menge ITTKG",Plan 12.09.,
S12.N.Z10.POST.ITTIG.HAUPT,S12,N,Z10,POST,ITTIG,HAUPT,1,"n BEST im ITT-Set, Sprint 10 m, Menge ITTIG",Plan 12.09.,
S12.N.Z10.POST.ITTKG.HAUPT,S12,N,Z10,POST,ITTKG,HAUPT,1,"n BEST im ITT-Set, Sprint 10 m, Menge ITTKG",Plan 12.09.,
S12.N.Z30.PRE.ITTIG.HAUPT,S12,N,Z30,PRE,ITTIG,HAUPT,1,"n BEST im ITT-Set, Sprint 30 m, Menge ITTIG",Plan 12.09.,
S12.N.Z30.PRE.ITTKG.HAUPT,S12,N,Z30,PRE,ITTKG,HAUPT,1,"n BEST im ITT-Set, Sprint 30 m, Menge ITTKG",Plan 12.09.,
S12.N.Z30.POST.ITTIG.HAUPT,S12,N,Z30,POST,ITTIG,HAUPT,1,"n BEST im ITT-Set, Sprint 30 m, Menge ITTIG",Plan 12.09.,
S12.N.Z30.POST.ITTKG.HAUPT,S12,N,Z30,POST,ITTKG,HAUPT,1,"n BEST im ITT-Set, Sprint 30 m, Menge ITTKG",Plan 12.09.,
S12.N.SBJ.PRE.ITTIG.HAUPT,S12,N,SBJ,PRE,ITTIG,HAUPT,1,"n BEST im ITT-Set, Standweitsprung, Menge ITTIG",Plan 12.09.,
S12.N.SBJ.PRE.ITTKG.HAUPT,S12,N,SBJ,PRE,ITTKG,HAUPT,1,"n BEST im ITT-Set, Standweitsprung, Menge ITTKG",Plan 12.09.,
S12.N.SBJ.POST.ITTIG.HAUPT,S12,N,SBJ,POST,ITTIG,HAUPT,1,"n BEST im ITT-Set, Standweitsprung, Menge ITTIG",Plan 12.09.,
S12.N.SBJ.POST.ITTKG.HAUPT,S12,N,SBJ,POST,ITTKG,HAUPT,1,"n BEST im ITT-Set, Standweitsprung, Menge ITTKG",Plan 12.09.,
S12.N.CL.PRE.ITTIG.HAUPT,S12,N,CL,PRE,ITTIG,HAUPT,1,"n BEST im ITT-Set, 505 links, Menge ITTIG",Plan 12.09.,
S12.N.CL.PRE.ITTKG.HAUPT,S12,N,CL,PRE,ITTKG,HAUPT,1,"n BEST im ITT-Set, 505 links, Menge ITTKG",Plan 12.09.,
S12.N.CL.POST.ITTIG.HAUPT,S12,N,CL,POST,ITTIG,HAUPT,1,"n BEST im ITT-Set, 505 links, Menge ITTIG",Plan 12.09.,
S12.N.CL.POST.ITTKG.HAUPT,S12,N,CL,POST,ITTKG,HAUPT,1,"n BEST im ITT-Set, 505 links, Menge ITTKG",Plan 12.09.,
S12.N.CR.PRE.ITTIG.HAUPT,S12,N,CR,PRE,ITTIG,HAUPT,1,"n BEST im ITT-Set, 505 rechts, Menge ITTIG",Plan 12.09.,
S12.N.CR.PRE.ITTKG.HAUPT,S12,N,CR,PRE,ITTKG,HAUPT,1,"n BEST im ITT-Set, 505 rechts, Menge ITTKG",Plan 12.09.,
S12.N.CR.POST.ITTIG.HAUPT,S12,N,CR,POST,ITTIG,HAUPT,1,"n BEST im ITT-Set, 505 rechts, Menge ITTIG",Plan 12.09.,
S12.N.CR.POST.ITTKG.HAUPT,S12,N,CR,POST,ITTKG,HAUPT,1,"n BEST im ITT-Set, 505 rechts, Menge ITTKG",Plan 12.09.,
S12.N.CM.PRE.ITTIG.HAUPT,S12,N,CM,PRE,ITTIG,HAUPT,1,"n BEST im ITT-Set, 505 Seitenmittel, Menge ITTIG",Plan 12.09.,
S12.N.CM.PRE.ITTKG.HAUPT,S12,N,CM,PRE,ITTKG,HAUPT,1,"n BEST im ITT-Set, 505 Seitenmittel, Menge ITTKG",Plan 12.09.,
S12.N.CM.POST.ITTIG.HAUPT,S12,N,CM,POST,ITTIG,HAUPT,1,"n BEST im ITT-Set, 505 Seitenmittel, Menge ITTIG",Plan 12.09.,
S12.N.CM.POST.ITTKG.HAUPT,S12,N,CM,POST,ITTKG,HAUPT,1,"n BEST im ITT-Set, 505 Seitenmittel, Menge ITTKG",Plan 12.09.,
S12.M.Z05.PRE.ITTIG.HAUPT,S12,M,Z05,PRE,ITTIG,HAUPT,s,"Mittel BEST im ITT-Set, Sprint 5 m, Menge ITTIG",Plan 12.09.,
S12.M.Z05.PRE.ITTKG.HAUPT,S12,M,Z05,PRE,ITTKG,HAUPT,s,"Mittel BEST im ITT-Set, Sprint 5 m, Menge ITTKG",Plan 12.09.,
S12.M.Z05.POST.ITTIG.HAUPT,S12,M,Z05,POST,ITTIG,HAUPT,s,"Mittel BEST im ITT-Set, Sprint 5 m, Menge ITTIG",Plan 12.09.,
S12.M.Z05.POST.ITTKG.HAUPT,S12,M,Z05,POST,ITTKG,HAUPT,s,"Mittel BEST im ITT-Set, Sprint 5 m, Menge ITTKG",Plan 12.09.,
S12.M.Z10.PRE.ITTIG.HAUPT,S12,M,Z10,PRE,ITTIG,HAUPT,s,"Mittel BEST im ITT-Set, Sprint 10 m, Menge ITTIG",Plan 12.09.,
S12.M.Z10.PRE.ITTKG.HAUPT,S12,M,Z10,PRE,ITTKG,HAUPT,s,"Mittel BEST im ITT-Set, Sprint 10 m, Menge ITTKG",Plan 12.09.,
S12.M.Z10.POST.ITTIG.HAUPT,S12,M,Z10,POST,ITTIG,HAUPT,s,"Mittel BEST im ITT-Set, Sprint 10 m, Menge ITTIG",Plan 12.09.,
S12.M.Z10.POST.ITTKG.HAUPT,S12,M,Z10,POST,ITTKG,HAUPT,s,"Mittel BEST im ITT-Set, Sprint 10 m, Menge ITTKG",Plan 12.09.,
S12.M.Z30.PRE.ITTIG.HAUPT,S12,M,Z30,PRE,ITTIG,HAUPT,s,"Mittel BEST im ITT-Set, Sprint 30 m, Menge ITTIG",Plan 12.09.,
S12.M.Z30.PRE.ITTKG.HAUPT,S12,M,Z30,PRE,ITTKG,HAUPT,s,"Mittel BEST im ITT-Set, Sprint 30 m, Menge ITTKG",Plan 12.09.,
S12.M.Z30.POST.ITTIG.HAUPT,S12,M,Z30,POST,ITTIG,HAUPT,s,"Mittel BEST im ITT-Set, Sprint 30 m, Menge ITTIG",Plan 12.09.,
S12.M.Z30.POST.ITTKG.HAUPT,S12,M,Z30,POST,ITTKG,HAUPT,s,"Mittel BEST im ITT-Set, Sprint 30 m, Menge ITTKG",Plan 12.09.,
S12.M.SBJ.PRE.ITTIG.HAUPT,S12,M,SBJ,PRE,ITTIG,HAUPT,cm,"Mittel BEST im ITT-Set, Standweitsprung, Menge ITTIG",Plan 12.09.,
S12.M.SBJ.PRE.ITTKG.HAUPT,S12,M,SBJ,PRE,ITTKG,HAUPT,cm,"Mittel BEST im ITT-Set, Standweitsprung, Menge ITTKG",Plan 12.09.,
S12.M.SBJ.POST.ITTIG.HAUPT,S12,M,SBJ,POST,ITTIG,HAUPT,cm,"Mittel BEST im ITT-Set, Standweitsprung, Menge ITTIG",Plan 12.09.,
S12.M.SBJ.POST.ITTKG.HAUPT,S12,M,SBJ,POST,ITTKG,HAUPT,cm,"Mittel BEST im ITT-Set, Standweitsprung, Menge ITTKG",Plan 12.09.,
S12.M.CL.PRE.ITTIG.HAUPT,S12,M,CL,PRE,ITTIG,HAUPT,s,"Mittel BEST im ITT-Set, 505 links, Menge ITTIG",Plan 12.09.,
S12.M.CL.PRE.ITTKG.HAUPT,S12,M,CL,PRE,ITTKG,HAUPT,s,"Mittel BEST im ITT-Set, 505 links, Menge ITTKG",Plan 12.09.,
S12.M.CL.POST.ITTIG.HAUPT,S12,M,CL,POST,ITTIG,HAUPT,s,"Mittel BEST im ITT-Set, 505 links, Menge ITTIG",Plan 12.09.,
S12.M.CL.POST.ITTKG.HAUPT,S12,M,CL,POST,ITTKG,HAUPT,s,"Mittel BEST im ITT-Set, 505 links, Menge ITTKG",Plan 12.09.,
S12.M.CR.PRE.ITTIG.HAUPT,S12,M,CR,PRE,ITTIG,HAUPT,s,"Mittel BEST im ITT-Set, 505 rechts, Menge ITTIG",Plan 12.09.,
S12.M.CR.PRE.ITTKG.HAUPT,S12,M,CR,PRE,ITTKG,HAUPT,s,"Mittel BEST im ITT-Set, 505 rechts, Menge ITTKG",Plan 12.09.,
S12.M.CR.POST.ITTIG.HAUPT,S12,M,CR,POST,ITTIG,HAUPT,s,"Mittel BEST im ITT-Set, 505 rechts, Menge ITTIG",Plan 12.09.,
S12.M.CR.POST.ITTKG.HAUPT,S12,M,CR,POST,ITTKG,HAUPT,s,"Mittel BEST im ITT-Set, 505 rechts, Menge ITTKG",Plan 12.09.,
S12.M.CM.PRE.ITTIG.HAUPT,S12,M,CM,PRE,ITTIG,HAUPT,s,"Mittel BEST im ITT-Set, 505 Seitenmittel, Menge ITTIG",Plan 12.09.,
S12.M.CM.PRE.ITTKG.HAUPT,S12,M,CM,PRE,ITTKG,HAUPT,s,"Mittel BEST im ITT-Set, 505 Seitenmittel, Menge ITTKG",Plan 12.09.,
S12.M.CM.POST.ITTIG.HAUPT,S12,M,CM,POST,ITTIG,HAUPT,s,"Mittel BEST im ITT-Set, 505 Seitenmittel, Menge ITTIG",Plan 12.09.,
S12.M.CM.POST.ITTKG.HAUPT,S12,M,CM,POST,ITTKG,HAUPT,s,"Mittel BEST im ITT-Set, 505 Seitenmittel, Menge ITTKG",Plan 12.09.,
S12.SD.Z05.PRE.ITTIG.HAUPT,S12,SD,Z05,PRE,ITTIG,HAUPT,s,"SD BEST im ITT-Set, Sprint 5 m, Menge ITTIG",Plan 12.09.,
S12.SD.Z05.PRE.ITTKG.HAUPT,S12,SD,Z05,PRE,ITTKG,HAUPT,s,"SD BEST im ITT-Set, Sprint 5 m, Menge ITTKG",Plan 12.09.,
S12.SD.Z05.POST.ITTIG.HAUPT,S12,SD,Z05,POST,ITTIG,HAUPT,s,"SD BEST im ITT-Set, Sprint 5 m, Menge ITTIG",Plan 12.09.,
S12.SD.Z05.POST.ITTKG.HAUPT,S12,SD,Z05,POST,ITTKG,HAUPT,s,"SD BEST im ITT-Set, Sprint 5 m, Menge ITTKG",Plan 12.09.,
S12.SD.Z10.PRE.ITTIG.HAUPT,S12,SD,Z10,PRE,ITTIG,HAUPT,s,"SD BEST im ITT-Set, Sprint 10 m, Menge ITTIG",Plan 12.09.,
S12.SD.Z10.PRE.ITTKG.HAUPT,S12,SD,Z10,PRE,ITTKG,HAUPT,s,"SD BEST im ITT-Set, Sprint 10 m, Menge ITTKG",Plan 12.09.,
S12.SD.Z10.POST.ITTIG.HAUPT,S12,SD,Z10,POST,ITTIG,HAUPT,s,"SD BEST im ITT-Set, Sprint 10 m, Menge ITTIG",Plan 12.09.,
S12.SD.Z10.POST.ITTKG.HAUPT,S12,SD,Z10,POST,ITTKG,HAUPT,s,"SD BEST im ITT-Set, Sprint 10 m, Menge ITTKG",Plan 12.09.,
S12.SD.Z30.PRE.ITTIG.HAUPT,S12,SD,Z30,PRE,ITTIG,HAUPT,s,"SD BEST im ITT-Set, Sprint 30 m, Menge ITTIG",Plan 12.09.,
S12.SD.Z30.PRE.ITTKG.HAUPT,S12,SD,Z30,PRE,ITTKG,HAUPT,s,"SD BEST im ITT-Set, Sprint 30 m, Menge ITTKG",Plan 12.09.,
S12.SD.Z30.POST.ITTIG.HAUPT,S12,SD,Z30,POST,ITTIG,HAUPT,s,"SD BEST im ITT-Set, Sprint 30 m, Menge ITTIG",Plan 12.09.,
S12.SD.Z30.POST.ITTKG.HAUPT,S12,SD,Z30,POST,ITTKG,HAUPT,s,"SD BEST im ITT-Set, Sprint 30 m, Menge ITTKG",Plan 12.09.,
S12.SD.SBJ.PRE.ITTIG.HAUPT,S12,SD,SBJ,PRE,ITTIG,HAUPT,cm,"SD BEST im ITT-Set, Standweitsprung, Menge ITTIG",Plan 12.09.,
S12.SD.SBJ.PRE.ITTKG.HAUPT,S12,SD,SBJ,PRE,ITTKG,HAUPT,cm,"SD BEST im ITT-Set, Standweitsprung, Menge ITTKG",Plan 12.09.,
S12.SD.SBJ.POST.ITTIG.HAUPT,S12,SD,SBJ,POST,ITTIG,HAUPT,cm,"SD BEST im ITT-Set, Standweitsprung, Menge ITTIG",Plan 12.09.,
S12.SD.SBJ.POST.ITTKG.HAUPT,S12,SD,SBJ,POST,ITTKG,HAUPT,cm,"SD BEST im ITT-Set, Standweitsprung, Menge ITTKG",Plan 12.09.,
S12.SD.CL.PRE.ITTIG.HAUPT,S12,SD,CL,PRE,ITTIG,HAUPT,s,"SD BEST im ITT-Set, 505 links, Menge ITTIG",Plan 12.09.,
S12.SD.CL.PRE.ITTKG.HAUPT,S12,SD,CL,PRE,ITTKG,HAUPT,s,"SD BEST im ITT-Set, 505 links, Menge ITTKG",Plan 12.09.,
S12.SD.CL.POST.ITTIG.HAUPT,S12,SD,CL,POST,ITTIG,HAUPT,s,"SD BEST im ITT-Set, 505 links, Menge ITTIG",Plan 12.09.,
S12.SD.CL.POST.ITTKG.HAUPT,S12,SD,CL,POST,ITTKG,HAUPT,s,"SD BEST im ITT-Set, 505 links, Menge ITTKG",Plan 12.09.,
S12.SD.CR.PRE.ITTIG.HAUPT,S12,SD,CR,PRE,ITTIG,HAUPT,s,"SD BEST im ITT-Set, 505 rechts, Menge ITTIG",Plan 12.09.,
S12.SD.CR.PRE.ITTKG.HAUPT,S12,SD,CR,PRE,ITTKG,HAUPT,s,"SD BEST im ITT-Set, 505 rechts, Menge ITTKG",Plan 12.09.,
S12.SD.CR.POST.ITTIG.HAUPT,S12,SD,CR,POST,ITTIG,HAUPT,s,"SD BEST im ITT-Set, 505 rechts, Menge ITTIG",Plan 12.09.,
S12.SD.CR.POST.ITTKG.HAUPT,S12,SD,CR,POST,ITTKG,HAUPT,s,"SD BEST im ITT-Set, 505 rechts, Menge ITTKG",Plan 12.09.,
S12.SD.CM.PRE.ITTIG.HAUPT,S12,SD,CM,PRE,ITTIG,HAUPT,s,"SD BEST im ITT-Set, 505 Seitenmittel, Menge ITTIG",Plan 12.09.,
S12.SD.CM.PRE.ITTKG.HAUPT,S12,SD,CM,PRE,ITTKG,HAUPT,s,"SD BEST im ITT-Set, 505 Seitenmittel, Menge ITTKG",Plan 12.09.,
S12.SD.CM.POST.ITTIG.HAUPT,S12,SD,CM,POST,ITTIG,HAUPT,s,"SD BEST im ITT-Set, 505 Seitenmittel, Menge ITTIG",Plan 12.09.,
S12.SD.CM.POST.ITTKG.HAUPT,S12,SD,CM,POST,ITTKG,HAUPT,s,"SD BEST im ITT-Set, 505 Seitenmittel, Menge ITTKG",Plan 12.09.,
S12.N.AGE.PRE.ANAIG.X,S12,N,AGE,PRE,ANAIG,X,1,"n Alter, Menge ANAIG",nachträglich (Nachtrag 2),
S12.N.AGE.PRE.ANAKG.X,S12,N,AGE,PRE,ANAKG,X,1,"n Alter, Menge ANAKG",nachträglich (Nachtrag 2),
S12.M.AGE.PRE.ANAIG.X,S12,M,AGE,PRE,ANAIG,X,Jahre,"Mittel Alter, Menge ANAIG",nachträglich (Nachtrag 2),
S12.M.AGE.PRE.ANAKG.X,S12,M,AGE,PRE,ANAKG,X,Jahre,"Mittel Alter, Menge ANAKG",nachträglich (Nachtrag 2),
S12.SD.AGE.PRE.ANAIG.X,S12,SD,AGE,PRE,ANAIG,X,Jahre,"SD Alter, Menge ANAIG",nachträglich (Nachtrag 2),
S12.SD.AGE.PRE.ANAKG.X,S12,SD,AGE,PRE,ANAKG,X,Jahre,"SD Alter, Menge ANAKG",nachträglich (Nachtrag 2),
S12.N.HGT.PRE.ANAIG.X,S12,N,HGT,PRE,ANAIG,X,1,"n Körperhöhe, Menge ANAIG",nachträglich (Nachtrag 2),
S12.N.HGT.PRE.ANAKG.X,S12,N,HGT,PRE,ANAKG,X,1,"n Körperhöhe, Menge ANAKG",nachträglich (Nachtrag 2),
S12.M.HGT.PRE.ANAIG.X,S12,M,HGT,PRE,ANAIG,X,cm,"Mittel Körperhöhe, Menge ANAIG",nachträglich (Nachtrag 2),
S12.M.HGT.PRE.ANAKG.X,S12,M,HGT,PRE,ANAKG,X,cm,"Mittel Körperhöhe, Menge ANAKG",nachträglich (Nachtrag 2),
S12.SD.HGT.PRE.ANAIG.X,S12,SD,HGT,PRE,ANAIG,X,cm,"SD Körperhöhe, Menge ANAIG",nachträglich (Nachtrag 2),
S12.SD.HGT.PRE.ANAKG.X,S12,SD,HGT,PRE,ANAKG,X,cm,"SD Körperhöhe, Menge ANAKG",nachträglich (Nachtrag 2),
S12.N.MASS.PRE.ANAIG.X,S12,N,MASS,PRE,ANAIG,X,1,"n Körpermasse, Menge ANAIG",nachträglich (Nachtrag 2),
S12.N.MASS.PRE.ANAKG.X,S12,N,MASS,PRE,ANAKG,X,1,"n Körpermasse, Menge ANAKG",nachträglich (Nachtrag 2),
S12.M.MASS.PRE.ANAIG.X,S12,M,MASS,PRE,ANAIG,X,kg,"Mittel Körpermasse, Menge ANAIG",nachträglich (Nachtrag 2),
S12.M.MASS.PRE.ANAKG.X,S12,M,MASS,PRE,ANAKG,X,kg,"Mittel Körpermasse, Menge ANAKG",nachträglich (Nachtrag 2),
S12.SD.MASS.PRE.ANAIG.X,S12,SD,MASS,PRE,ANAIG,X,kg,"SD Körpermasse, Menge ANAIG",nachträglich (Nachtrag 2),
S12.SD.MASS.PRE.ANAKG.X,S12,SD,MASS,PRE,ANAKG,X,kg,"SD Körpermasse, Menge ANAKG",nachträglich (Nachtrag 2),
S12.N.PAH.PRE.ANAIG.X,S12,N,PAH,PRE,ANAIG,X,1,"n %PAH, Menge ANAIG",nachträglich (Nachtrag 2),
S12.N.PAH.PRE.ANAKG.X,S12,N,PAH,PRE,ANAKG,X,1,"n %PAH, Menge ANAKG",nachträglich (Nachtrag 2),
S12.M.PAH.PRE.ANAIG.X,S12,M,PAH,PRE,ANAIG,X,%,"Mittel %PAH, Menge ANAIG",nachträglich (Nachtrag 2),
S12.M.PAH.PRE.ANAKG.X,S12,M,PAH,PRE,ANAKG,X,%,"Mittel %PAH, Menge ANAKG",nachträglich (Nachtrag 2),
S12.SD.PAH.PRE.ANAIG.X,S12,SD,PAH,PRE,ANAIG,X,%,"SD %PAH, Menge ANAIG",nachträglich (Nachtrag 2),
S12.SD.PAH.PRE.ANAKG.X,S12,SD,PAH,PRE,ANAKG,X,%,"SD %PAH, Menge ANAKG",nachträglich (Nachtrag 2),
S13.B0.Z30.X.ITT.HAUPT,S13,B0,Z30,X,ITT,HAUPT,s,"Achsenabschnitt, ANCOVA ITT, Sprint 30 m","Antrag, Plan 12.09., K17 K23 nachträglich",
S13.B0.CM.X.ITT.HAUPT,S13,B0,CM,X,ITT,HAUPT,s,"Achsenabschnitt, ANCOVA ITT, 505 Seitenmittel","Antrag, Plan 12.09., K17 K23 nachträglich",
S13.B0.SBJ.X.ITT.HAUPT,S13,B0,SBJ,X,ITT,HAUPT,cm,"Achsenabschnitt, ANCOVA ITT, Standweitsprung","Antrag, Plan 12.09., K17 K23 nachträglich",
S13.B1.Z30.X.ITT.HAUPT,S13,B1,Z30,X,ITT,HAUPT,s,"Gruppenkoeffizient b1 (IG − KG), ANCOVA ITT, Sprint 30 m","Antrag, Plan 12.09., K17 K23 nachträglich",
S13.B1.CM.X.ITT.HAUPT,S13,B1,CM,X,ITT,HAUPT,s,"Gruppenkoeffizient b1 (IG − KG), ANCOVA ITT, 505 Seitenmittel","Antrag, Plan 12.09., K17 K23 nachträglich",
S13.B1.SBJ.X.ITT.HAUPT,S13,B1,SBJ,X,ITT,HAUPT,cm,"Gruppenkoeffizient b1 (IG − KG), ANCOVA ITT, Standweitsprung","Antrag, Plan 12.09., K17 K23 nachträglich",
S13.B2.Z30.X.ITT.HAUPT,S13,B2,Z30,X,ITT,HAUPT,s je s,"Koeffizient Prä, ANCOVA ITT, Sprint 30 m","Antrag, Plan 12.09., K17 K23 nachträglich",
S13.B2.CM.X.ITT.HAUPT,S13,B2,CM,X,ITT,HAUPT,s je s,"Koeffizient Prä, ANCOVA ITT, 505 Seitenmittel","Antrag, Plan 12.09., K17 K23 nachträglich",
S13.B2.SBJ.X.ITT.HAUPT,S13,B2,SBJ,X,ITT,HAUPT,cm je cm,"Koeffizient Prä, ANCOVA ITT, Standweitsprung","Antrag, Plan 12.09., K17 K23 nachträglich",
S13.B3.Z30.X.ITT.HAUPT,S13,B3,Z30,X,ITT,HAUPT,s je %,"Koeffizient %PAH, ANCOVA ITT, Sprint 30 m","Antrag, Plan 12.09., K17 K23 nachträglich",
S13.B3.CM.X.ITT.HAUPT,S13,B3,CM,X,ITT,HAUPT,s je %,"Koeffizient %PAH, ANCOVA ITT, 505 Seitenmittel","Antrag, Plan 12.09., K17 K23 nachträglich",
S13.B3.SBJ.X.ITT.HAUPT,S13,B3,SBJ,X,ITT,HAUPT,cm je %,"Koeffizient %PAH, ANCOVA ITT, Standweitsprung","Antrag, Plan 12.09., K17 K23 nachträglich",
S13.SEB0.Z30.X.ITT.HAUPT,S13,SEB0,Z30,X,ITT,HAUPT,s,"SE b0, ANCOVA ITT, Sprint 30 m","Antrag, Plan 12.09., K17 K23 nachträglich",
S13.SEB0.CM.X.ITT.HAUPT,S13,SEB0,CM,X,ITT,HAUPT,s,"SE b0, ANCOVA ITT, 505 Seitenmittel","Antrag, Plan 12.09., K17 K23 nachträglich",
S13.SEB0.SBJ.X.ITT.HAUPT,S13,SEB0,SBJ,X,ITT,HAUPT,cm,"SE b0, ANCOVA ITT, Standweitsprung","Antrag, Plan 12.09., K17 K23 nachträglich",
S13.SEB1.Z30.X.ITT.HAUPT,S13,SEB1,Z30,X,ITT,HAUPT,s,"SE b1, ANCOVA ITT, Sprint 30 m","Antrag, Plan 12.09., K17 K23 nachträglich",
S13.SEB1.CM.X.ITT.HAUPT,S13,SEB1,CM,X,ITT,HAUPT,s,"SE b1, ANCOVA ITT, 505 Seitenmittel","Antrag, Plan 12.09., K17 K23 nachträglich",
S13.SEB1.SBJ.X.ITT.HAUPT,S13,SEB1,SBJ,X,ITT,HAUPT,cm,"SE b1, ANCOVA ITT, Standweitsprung","Antrag, Plan 12.09., K17 K23 nachträglich",
S13.SEB2.Z30.X.ITT.HAUPT,S13,SEB2,Z30,X,ITT,HAUPT,s je s,"SE b2, ANCOVA ITT, Sprint 30 m","Antrag, Plan 12.09., K17 K23 nachträglich",
S13.SEB2.CM.X.ITT.HAUPT,S13,SEB2,CM,X,ITT,HAUPT,s je s,"SE b2, ANCOVA ITT, 505 Seitenmittel","Antrag, Plan 12.09., K17 K23 nachträglich",
S13.SEB2.SBJ.X.ITT.HAUPT,S13,SEB2,SBJ,X,ITT,HAUPT,cm je cm,"SE b2, ANCOVA ITT, Standweitsprung","Antrag, Plan 12.09., K17 K23 nachträglich",
S13.SEB3.Z30.X.ITT.HAUPT,S13,SEB3,Z30,X,ITT,HAUPT,s je %,"SE b3, ANCOVA ITT, Sprint 30 m","Antrag, Plan 12.09., K17 K23 nachträglich",
S13.SEB3.CM.X.ITT.HAUPT,S13,SEB3,CM,X,ITT,HAUPT,s je %,"SE b3, ANCOVA ITT, 505 Seitenmittel","Antrag, Plan 12.09., K17 K23 nachträglich",
S13.SEB3.SBJ.X.ITT.HAUPT,S13,SEB3,SBJ,X,ITT,HAUPT,cm je %,"SE b3, ANCOVA ITT, Standweitsprung","Antrag, Plan 12.09., K17 K23 nachträglich",
S13.SIGMA.Z30.X.ITT.HAUPT,S13,SIGMA,Z30,X,ITT,HAUPT,s,"Residuen-SD, ANCOVA ITT, Sprint 30 m","Antrag, Plan 12.09., K17 K23 nachträglich",
S13.SIGMA.CM.X.ITT.HAUPT,S13,SIGMA,CM,X,ITT,HAUPT,s,"Residuen-SD, ANCOVA ITT, 505 Seitenmittel","Antrag, Plan 12.09., K17 K23 nachträglich",
S13.SIGMA.SBJ.X.ITT.HAUPT,S13,SIGMA,SBJ,X,ITT,HAUPT,cm,"Residuen-SD, ANCOVA ITT, Standweitsprung","Antrag, Plan 12.09., K17 K23 nachträglich",
S13.DF.Z30.X.ITT.HAUPT,S13,DF,Z30,X,ITT,HAUPT,1,"Residualfreiheitsgrade, ANCOVA ITT, Sprint 30 m","Antrag, Plan 12.09., K17 K23 nachträglich",
S13.DF.CM.X.ITT.HAUPT,S13,DF,CM,X,ITT,HAUPT,1,"Residualfreiheitsgrade, ANCOVA ITT, 505 Seitenmittel","Antrag, Plan 12.09., K17 K23 nachträglich",
S13.DF.SBJ.X.ITT.HAUPT,S13,DF,SBJ,X,ITT,HAUPT,1,"Residualfreiheitsgrade, ANCOVA ITT, Standweitsprung","Antrag, Plan 12.09., K17 K23 nachträglich",
S13.R2.Z30.X.ITT.HAUPT,S13,R2,Z30,X,ITT,HAUPT,1,"R² des Modells, ANCOVA ITT, Sprint 30 m","Antrag, Plan 12.09., K17 K23 nachträglich",
S13.R2.CM.X.ITT.HAUPT,S13,R2,CM,X,ITT,HAUPT,1,"R² des Modells, ANCOVA ITT, 505 Seitenmittel","Antrag, Plan 12.09., K17 K23 nachträglich",
S13.R2.SBJ.X.ITT.HAUPT,S13,R2,SBJ,X,ITT,HAUPT,1,"R² des Modells, ANCOVA ITT, Standweitsprung","Antrag, Plan 12.09., K17 K23 nachträglich",
S13.T.Z30.X.ITT.HAUPT,S13,T,Z30,X,ITT,HAUPT,1,"t von b1, ANCOVA ITT, Sprint 30 m","Antrag, Plan 12.09., K17 K23 nachträglich",
S13.T.CM.X.ITT.HAUPT,S13,T,CM,X,ITT,HAUPT,1,"t von b1, ANCOVA ITT, 505 Seitenmittel","Antrag, Plan 12.09., K17 K23 nachträglich",
S13.T.SBJ.X.ITT.HAUPT,S13,T,SBJ,X,ITT,HAUPT,1,"t von b1, ANCOVA ITT, Standweitsprung","Antrag, Plan 12.09., K17 K23 nachträglich",
S13.P.Z30.X.ITT.HAUPT,S13,P,Z30,X,ITT,HAUPT,1,"p von b1, zweiseitig, ANCOVA ITT, Sprint 30 m","Antrag, Plan 12.09., K17 K23 nachträglich",
S13.P.CM.X.ITT.HAUPT,S13,P,CM,X,ITT,HAUPT,1,"p von b1, zweiseitig, ANCOVA ITT, 505 Seitenmittel","Antrag, Plan 12.09., K17 K23 nachträglich",
S13.P.SBJ.X.ITT.HAUPT,S13,P,SBJ,X,ITT,HAUPT,1,"p von b1, zweiseitig, ANCOVA ITT, Standweitsprung","Antrag, Plan 12.09., K17 K23 nachträglich",
S13.KIU.Z30.X.ITT.HAUPT,S13,KIU,Z30,X,ITT,HAUPT,s,"untere KI-Grenze b1, ANCOVA ITT, Sprint 30 m","Antrag, Plan 12.09., K17 K23 nachträglich",
S13.KIU.CM.X.ITT.HAUPT,S13,KIU,CM,X,ITT,HAUPT,s,"untere KI-Grenze b1, ANCOVA ITT, 505 Seitenmittel","Antrag, Plan 12.09., K17 K23 nachträglich",
S13.KIU.SBJ.X.ITT.HAUPT,S13,KIU,SBJ,X,ITT,HAUPT,cm,"untere KI-Grenze b1, ANCOVA ITT, Standweitsprung","Antrag, Plan 12.09., K17 K23 nachträglich",
S13.KIO.Z30.X.ITT.HAUPT,S13,KIO,Z30,X,ITT,HAUPT,s,"obere KI-Grenze b1, ANCOVA ITT, Sprint 30 m","Antrag, Plan 12.09., K17 K23 nachträglich",
S13.KIO.CM.X.ITT.HAUPT,S13,KIO,CM,X,ITT,HAUPT,s,"obere KI-Grenze b1, ANCOVA ITT, 505 Seitenmittel","Antrag, Plan 12.09., K17 K23 nachträglich",
S13.KIO.SBJ.X.ITT.HAUPT,S13,KIO,SBJ,X,ITT,HAUPT,cm,"obere KI-Grenze b1, ANCOVA ITT, Standweitsprung","Antrag, Plan 12.09., K17 K23 nachträglich",
S13.AMIG.Z30.X.ITT.HAUPT,S13,AMIG,Z30,X,ITT,HAUPT,s,"adjustierter Mittelwert IG, ANCOVA ITT, Sprint 30 m","Antrag, Plan 12.09., K17 K23 nachträglich",
S13.AMIG.CM.X.ITT.HAUPT,S13,AMIG,CM,X,ITT,HAUPT,s,"adjustierter Mittelwert IG, ANCOVA ITT, 505 Seitenmittel","Antrag, Plan 12.09., K17 K23 nachträglich",
S13.AMIG.SBJ.X.ITT.HAUPT,S13,AMIG,SBJ,X,ITT,HAUPT,cm,"adjustierter Mittelwert IG, ANCOVA ITT, Standweitsprung","Antrag, Plan 12.09., K17 K23 nachträglich",
S13.AMKG.Z30.X.ITT.HAUPT,S13,AMKG,Z30,X,ITT,HAUPT,s,"adjustierter Mittelwert KG, ANCOVA ITT, Sprint 30 m","Antrag, Plan 12.09., K17 K23 nachträglich",
S13.AMKG.CM.X.ITT.HAUPT,S13,AMKG,CM,X,ITT,HAUPT,s,"adjustierter Mittelwert KG, ANCOVA ITT, 505 Seitenmittel","Antrag, Plan 12.09., K17 K23 nachträglich",
S13.AMKG.SBJ.X.ITT.HAUPT,S13,AMKG,SBJ,X,ITT,HAUPT,cm,"adjustierter Mittelwert KG, ANCOVA ITT, Standweitsprung","Antrag, Plan 12.09., K17 K23 nachträglich",
S13.SEAMIG.Z30.X.ITT.HAUPT,S13,SEAMIG,Z30,X,ITT,HAUPT,s,"SE adjustierter Mittelwert IG, ANCOVA ITT, Sprint 30 m","Antrag, Plan 12.09., K17 K23 nachträglich",
S13.SEAMIG.CM.X.ITT.HAUPT,S13,SEAMIG,CM,X,ITT,HAUPT,s,"SE adjustierter Mittelwert IG, ANCOVA ITT, 505 Seitenmittel","Antrag, Plan 12.09., K17 K23 nachträglich",
S13.SEAMIG.SBJ.X.ITT.HAUPT,S13,SEAMIG,SBJ,X,ITT,HAUPT,cm,"SE adjustierter Mittelwert IG, ANCOVA ITT, Standweitsprung","Antrag, Plan 12.09., K17 K23 nachträglich",
S13.SEAMKG.Z30.X.ITT.HAUPT,S13,SEAMKG,Z30,X,ITT,HAUPT,s,"SE adjustierter Mittelwert KG, ANCOVA ITT, Sprint 30 m","Antrag, Plan 12.09., K17 K23 nachträglich",
S13.SEAMKG.CM.X.ITT.HAUPT,S13,SEAMKG,CM,X,ITT,HAUPT,s,"SE adjustierter Mittelwert KG, ANCOVA ITT, 505 Seitenmittel","Antrag, Plan 12.09., K17 K23 nachträglich",
S13.SEAMKG.SBJ.X.ITT.HAUPT,S13,SEAMKG,SBJ,X,ITT,HAUPT,cm,"SE adjustierter Mittelwert KG, ANCOVA ITT, Standweitsprung","Antrag, Plan 12.09., K17 K23 nachträglich",
S13.AMIGU.Z30.X.ITT.HAUPT,S13,AMIGU,Z30,X,ITT,HAUPT,s,"untere KI-Grenze AM IG, ANCOVA ITT, Sprint 30 m","Antrag, Plan 12.09., K17 K23 nachträglich",
S13.AMIGU.CM.X.ITT.HAUPT,S13,AMIGU,CM,X,ITT,HAUPT,s,"untere KI-Grenze AM IG, ANCOVA ITT, 505 Seitenmittel","Antrag, Plan 12.09., K17 K23 nachträglich",
S13.AMIGU.SBJ.X.ITT.HAUPT,S13,AMIGU,SBJ,X,ITT,HAUPT,cm,"untere KI-Grenze AM IG, ANCOVA ITT, Standweitsprung","Antrag, Plan 12.09., K17 K23 nachträglich",
S13.AMIGO.Z30.X.ITT.HAUPT,S13,AMIGO,Z30,X,ITT,HAUPT,s,"obere KI-Grenze AM IG, ANCOVA ITT, Sprint 30 m","Antrag, Plan 12.09., K17 K23 nachträglich",
S13.AMIGO.CM.X.ITT.HAUPT,S13,AMIGO,CM,X,ITT,HAUPT,s,"obere KI-Grenze AM IG, ANCOVA ITT, 505 Seitenmittel","Antrag, Plan 12.09., K17 K23 nachträglich",
S13.AMIGO.SBJ.X.ITT.HAUPT,S13,AMIGO,SBJ,X,ITT,HAUPT,cm,"obere KI-Grenze AM IG, ANCOVA ITT, Standweitsprung","Antrag, Plan 12.09., K17 K23 nachträglich",
S13.AMKGU.Z30.X.ITT.HAUPT,S13,AMKGU,Z30,X,ITT,HAUPT,s,"untere KI-Grenze AM KG, ANCOVA ITT, Sprint 30 m","Antrag, Plan 12.09., K17 K23 nachträglich",
S13.AMKGU.CM.X.ITT.HAUPT,S13,AMKGU,CM,X,ITT,HAUPT,s,"untere KI-Grenze AM KG, ANCOVA ITT, 505 Seitenmittel","Antrag, Plan 12.09., K17 K23 nachträglich",
S13.AMKGU.SBJ.X.ITT.HAUPT,S13,AMKGU,SBJ,X,ITT,HAUPT,cm,"untere KI-Grenze AM KG, ANCOVA ITT, Standweitsprung","Antrag, Plan 12.09., K17 K23 nachträglich",
S13.AMKGO.Z30.X.ITT.HAUPT,S13,AMKGO,Z30,X,ITT,HAUPT,s,"obere KI-Grenze AM KG, ANCOVA ITT, Sprint 30 m","Antrag, Plan 12.09., K17 K23 nachträglich",
S13.AMKGO.CM.X.ITT.HAUPT,S13,AMKGO,CM,X,ITT,HAUPT,s,"obere KI-Grenze AM KG, ANCOVA ITT, 505 Seitenmittel","Antrag, Plan 12.09., K17 K23 nachträglich",
S13.AMKGO.SBJ.X.ITT.HAUPT,S13,AMKGO,SBJ,X,ITT,HAUPT,cm,"obere KI-Grenze AM KG, ANCOVA ITT, Standweitsprung","Antrag, Plan 12.09., K17 K23 nachträglich",
S13.NIG.Z30.X.ITT.HAUPT,S13,NIG,Z30,X,ITT,HAUPT,1,"n IG, ANCOVA ITT, Sprint 30 m","Antrag, Plan 12.09., K17 K23 nachträglich",
S13.NIG.CM.X.ITT.HAUPT,S13,NIG,CM,X,ITT,HAUPT,1,"n IG, ANCOVA ITT, 505 Seitenmittel","Antrag, Plan 12.09., K17 K23 nachträglich",
S13.NIG.SBJ.X.ITT.HAUPT,S13,NIG,SBJ,X,ITT,HAUPT,1,"n IG, ANCOVA ITT, Standweitsprung","Antrag, Plan 12.09., K17 K23 nachträglich",
S13.NKG.Z30.X.ITT.HAUPT,S13,NKG,Z30,X,ITT,HAUPT,1,"n KG, ANCOVA ITT, Sprint 30 m","Antrag, Plan 12.09., K17 K23 nachträglich",
S13.NKG.CM.X.ITT.HAUPT,S13,NKG,CM,X,ITT,HAUPT,1,"n KG, ANCOVA ITT, 505 Seitenmittel","Antrag, Plan 12.09., K17 K23 nachträglich",
S13.NKG.SBJ.X.ITT.HAUPT,S13,NKG,SBJ,X,ITT,HAUPT,1,"n KG, ANCOVA ITT, Standweitsprung","Antrag, Plan 12.09., K17 K23 nachträglich",
S13.SIG.Z30.X.ITT.HAUPT,S13,SIG,Z30,X,ITT,HAUPT,1,"Merkmal signifikant zugunsten IG, ANCOVA ITT, Sprint 30 m","Antrag, Plan 12.09., K17 K23 nachträglich",
S13.SIG.CM.X.ITT.HAUPT,S13,SIG,CM,X,ITT,HAUPT,1,"Merkmal signifikant zugunsten IG, ANCOVA ITT, 505 Seitenmittel","Antrag, Plan 12.09., K17 K23 nachträglich",
S13.SIG.SBJ.X.ITT.HAUPT,S13,SIG,SBJ,X,ITT,HAUPT,1,"Merkmal signifikant zugunsten IG, ANCOVA ITT, Standweitsprung","Antrag, Plan 12.09., K17 K23 nachträglich",
S13.H0REJ.X.X.ITT.HAUPT,S13,H0REJ,X,X,ITT,HAUPT,1,Merkmal H0 abgelehnt (mindestens eine konfirmatorische Zielgröße mit SIG = 1),"Antrag, K23 P6 nachträglich",
S13.NTEST.X.X.ITT.HAUPT,S13,NTEST,X,X,ITT,HAUPT,1,Zahl der konfirmatorischen Zielgrößen mit INF = 1,P6 nachträglich,
S13.PREM.CM.X.ITT.HAUPT,S13,PREM,CM,X,ITT,HAUPT,s,"Mittel des Prä-Werts im ITT-Set (P̄, S13 Regel 3), 505 Seitenmittel",nachträglich (Nachtrag 2),
S13.PAHM.CM.X.ITT.HAUPT,S13,PAHM,CM,X,ITT,HAUPT,%,"Mittel %PAH im ITT-Set (Ā, S13 Regel 3), 505 Seitenmittel",nachträglich (Nachtrag 2),
S13.PREM.SBJ.X.ITT.HAUPT,S13,PREM,SBJ,X,ITT,HAUPT,cm,"Mittel des Prä-Werts im ITT-Set (P̄, S13 Regel 3), Standweitsprung",nachträglich (Nachtrag 2),
S13.PAHM.SBJ.X.ITT.HAUPT,S13,PAHM,SBJ,X,ITT,HAUPT,%,"Mittel %PAH im ITT-Set (Ā, S13 Regel 3), Standweitsprung",nachträglich (Nachtrag 2),
S13.PREM.Z30.X.ITT.HAUPT,S13,PREM,Z30,X,ITT,HAUPT,s,"Mittel des Prä-Werts im ITT-Set (P̄, S13 Regel 3), Sprint 30 m",nachträglich (Nachtrag 2),
S13.PAHM.Z30.X.ITT.HAUPT,S13,PAHM,Z30,X,ITT,HAUPT,%,"Mittel %PAH im ITT-Set (Ā, S13 Regel 3), Sprint 30 m",nachträglich (Nachtrag 2),
S16.B1.Z30.X.PP6.HAUPT,S16,B1,Z30,X,PP6,HAUPT,s,"Gruppenkoeffizient b1 (IG − KG), ANCOVA Per-Protokoll ab 6, Sprint 30 m",Plan 12.09.,
S16.B1.CM.X.PP6.HAUPT,S16,B1,CM,X,PP6,HAUPT,s,"Gruppenkoeffizient b1 (IG − KG), ANCOVA Per-Protokoll ab 6, 505 Seitenmittel",Plan 12.09.,
S16.B1.SBJ.X.PP6.HAUPT,S16,B1,SBJ,X,PP6,HAUPT,cm,"Gruppenkoeffizient b1 (IG − KG), ANCOVA Per-Protokoll ab 6, Standweitsprung",Plan 12.09.,
S16.SEB1.Z30.X.PP6.HAUPT,S16,SEB1,Z30,X,PP6,HAUPT,s,"SE b1, ANCOVA Per-Protokoll ab 6, Sprint 30 m",Plan 12.09.,
S16.SEB1.CM.X.PP6.HAUPT,S16,SEB1,CM,X,PP6,HAUPT,s,"SE b1, ANCOVA Per-Protokoll ab 6, 505 Seitenmittel",Plan 12.09.,
S16.SEB1.SBJ.X.PP6.HAUPT,S16,SEB1,SBJ,X,PP6,HAUPT,cm,"SE b1, ANCOVA Per-Protokoll ab 6, Standweitsprung",Plan 12.09.,
S16.DF.Z30.X.PP6.HAUPT,S16,DF,Z30,X,PP6,HAUPT,1,"Residualfreiheitsgrade, ANCOVA Per-Protokoll ab 6, Sprint 30 m",Plan 12.09.,
S16.DF.CM.X.PP6.HAUPT,S16,DF,CM,X,PP6,HAUPT,1,"Residualfreiheitsgrade, ANCOVA Per-Protokoll ab 6, 505 Seitenmittel",Plan 12.09.,
S16.DF.SBJ.X.PP6.HAUPT,S16,DF,SBJ,X,PP6,HAUPT,1,"Residualfreiheitsgrade, ANCOVA Per-Protokoll ab 6, Standweitsprung",Plan 12.09.,
S16.T.Z30.X.PP6.HAUPT,S16,T,Z30,X,PP6,HAUPT,1,"t von b1, ANCOVA Per-Protokoll ab 6, Sprint 30 m",Plan 12.09.,
S16.T.CM.X.PP6.HAUPT,S16,T,CM,X,PP6,HAUPT,1,"t von b1, ANCOVA Per-Protokoll ab 6, 505 Seitenmittel",Plan 12.09.,
S16.T.SBJ.X.PP6.HAUPT,S16,T,SBJ,X,PP6,HAUPT,1,"t von b1, ANCOVA Per-Protokoll ab 6, Standweitsprung",Plan 12.09.,
S16.P.Z30.X.PP6.HAUPT,S16,P,Z30,X,PP6,HAUPT,1,"p von b1, zweiseitig, ANCOVA Per-Protokoll ab 6, Sprint 30 m",Plan 12.09.,
S16.P.CM.X.PP6.HAUPT,S16,P,CM,X,PP6,HAUPT,1,"p von b1, zweiseitig, ANCOVA Per-Protokoll ab 6, 505 Seitenmittel",Plan 12.09.,
S16.P.SBJ.X.PP6.HAUPT,S16,P,SBJ,X,PP6,HAUPT,1,"p von b1, zweiseitig, ANCOVA Per-Protokoll ab 6, Standweitsprung",Plan 12.09.,
S16.KIU.Z30.X.PP6.HAUPT,S16,KIU,Z30,X,PP6,HAUPT,s,"untere KI-Grenze b1, ANCOVA Per-Protokoll ab 6, Sprint 30 m",Plan 12.09.,
S16.KIU.CM.X.PP6.HAUPT,S16,KIU,CM,X,PP6,HAUPT,s,"untere KI-Grenze b1, ANCOVA Per-Protokoll ab 6, 505 Seitenmittel",Plan 12.09.,
S16.KIU.SBJ.X.PP6.HAUPT,S16,KIU,SBJ,X,PP6,HAUPT,cm,"untere KI-Grenze b1, ANCOVA Per-Protokoll ab 6, Standweitsprung",Plan 12.09.,
S16.KIO.Z30.X.PP6.HAUPT,S16,KIO,Z30,X,PP6,HAUPT,s,"obere KI-Grenze b1, ANCOVA Per-Protokoll ab 6, Sprint 30 m",Plan 12.09.,
S16.KIO.CM.X.PP6.HAUPT,S16,KIO,CM,X,PP6,HAUPT,s,"obere KI-Grenze b1, ANCOVA Per-Protokoll ab 6, 505 Seitenmittel",Plan 12.09.,
S16.KIO.SBJ.X.PP6.HAUPT,S16,KIO,SBJ,X,PP6,HAUPT,cm,"obere KI-Grenze b1, ANCOVA Per-Protokoll ab 6, Standweitsprung",Plan 12.09.,
S16.NIG.Z30.X.PP6.HAUPT,S16,NIG,Z30,X,PP6,HAUPT,1,"n IG, ANCOVA Per-Protokoll ab 6, Sprint 30 m",Plan 12.09.,
S16.NIG.CM.X.PP6.HAUPT,S16,NIG,CM,X,PP6,HAUPT,1,"n IG, ANCOVA Per-Protokoll ab 6, 505 Seitenmittel",Plan 12.09.,
S16.NIG.SBJ.X.PP6.HAUPT,S16,NIG,SBJ,X,PP6,HAUPT,1,"n IG, ANCOVA Per-Protokoll ab 6, Standweitsprung",Plan 12.09.,
S16.NKG.Z30.X.PP6.HAUPT,S16,NKG,Z30,X,PP6,HAUPT,1,"n KG, ANCOVA Per-Protokoll ab 6, Sprint 30 m",Plan 12.09.,
S16.NKG.CM.X.PP6.HAUPT,S16,NKG,CM,X,PP6,HAUPT,1,"n KG, ANCOVA Per-Protokoll ab 6, 505 Seitenmittel",Plan 12.09.,
S16.NKG.SBJ.X.PP6.HAUPT,S16,NKG,SBJ,X,PP6,HAUPT,1,"n KG, ANCOVA Per-Protokoll ab 6, Standweitsprung",Plan 12.09.,
S16.M.Z30.PRE.PP6IG.HAUPT,S16,M,Z30,PRE,PP6IG,HAUPT,s,"Mittel BEST im IG-Teil des Sets PP6, Sprint 30 m",Plan 12.09.,
S16.M.Z30.POST.PP6IG.HAUPT,S16,M,Z30,POST,PP6IG,HAUPT,s,"Mittel BEST im IG-Teil des Sets PP6, Sprint 30 m",Plan 12.09.,
S16.M.CM.PRE.PP6IG.HAUPT,S16,M,CM,PRE,PP6IG,HAUPT,s,"Mittel BEST im IG-Teil des Sets PP6, 505 Seitenmittel",Plan 12.09.,
S16.M.CM.POST.PP6IG.HAUPT,S16,M,CM,POST,PP6IG,HAUPT,s,"Mittel BEST im IG-Teil des Sets PP6, 505 Seitenmittel",Plan 12.09.,
S16.M.SBJ.PRE.PP6IG.HAUPT,S16,M,SBJ,PRE,PP6IG,HAUPT,cm,"Mittel BEST im IG-Teil des Sets PP6, Standweitsprung",Plan 12.09.,
S16.M.SBJ.POST.PP6IG.HAUPT,S16,M,SBJ,POST,PP6IG,HAUPT,cm,"Mittel BEST im IG-Teil des Sets PP6, Standweitsprung",Plan 12.09.,
S16.SD.Z30.PRE.PP6IG.HAUPT,S16,SD,Z30,PRE,PP6IG,HAUPT,s,"SD BEST im IG-Teil des Sets PP6, Sprint 30 m",Plan 12.09.,
S16.SD.Z30.POST.PP6IG.HAUPT,S16,SD,Z30,POST,PP6IG,HAUPT,s,"SD BEST im IG-Teil des Sets PP6, Sprint 30 m",Plan 12.09.,
S16.SD.CM.PRE.PP6IG.HAUPT,S16,SD,CM,PRE,PP6IG,HAUPT,s,"SD BEST im IG-Teil des Sets PP6, 505 Seitenmittel",Plan 12.09.,
S16.SD.CM.POST.PP6IG.HAUPT,S16,SD,CM,POST,PP6IG,HAUPT,s,"SD BEST im IG-Teil des Sets PP6, 505 Seitenmittel",Plan 12.09.,
S16.SD.SBJ.PRE.PP6IG.HAUPT,S16,SD,SBJ,PRE,PP6IG,HAUPT,cm,"SD BEST im IG-Teil des Sets PP6, Standweitsprung",Plan 12.09.,
S16.SD.SBJ.POST.PP6IG.HAUPT,S16,SD,SBJ,POST,PP6IG,HAUPT,cm,"SD BEST im IG-Teil des Sets PP6, Standweitsprung",Plan 12.09.,
S16.DIFF.Z30.DIFF.P<Code>.AK9,S16,DIFF,Z30,DIFF,P<Code>,AK9,s,"BEST post − BEST prä, Spieler im Set AK9, Sprint 30 m","Antrag, Plan 12.09.",AK9
S16.DIFF.CM.DIFF.P<Code>.AK9,S16,DIFF,CM,DIFF,P<Code>,AK9,s,"BEST post − BEST prä, Spieler im Set AK9, 505 Seitenmittel","Antrag, Plan 12.09.",AK9
S16.DIFF.SBJ.DIFF.P<Code>.AK9,S16,DIFF,SBJ,DIFF,P<Code>,AK9,cm,"BEST post − BEST prä, Spieler im Set AK9, Standweitsprung","Antrag, Plan 12.09.",AK9
S14.SWW.Z30.X.ITT.HAUPT,S14,SWW,Z30,X,ITT,HAUPT,1,"Shapiro-Wilk W der Residuen, Sprint 30 m","Plan 12.09., K18 O7 nachträglich",
S14.SWW.CM.X.ITT.HAUPT,S14,SWW,CM,X,ITT,HAUPT,1,"Shapiro-Wilk W der Residuen, 505 Seitenmittel","Plan 12.09., K18 O7 nachträglich",
S14.SWW.SBJ.X.ITT.HAUPT,S14,SWW,SBJ,X,ITT,HAUPT,1,"Shapiro-Wilk W der Residuen, Standweitsprung","Plan 12.09., K18 O7 nachträglich",
S14.SWP.Z30.X.ITT.HAUPT,S14,SWP,Z30,X,ITT,HAUPT,1,"p Shapiro-Wilk, Sprint 30 m","Plan 12.09., K18 O7 nachträglich",
S14.SWP.CM.X.ITT.HAUPT,S14,SWP,CM,X,ITT,HAUPT,1,"p Shapiro-Wilk, 505 Seitenmittel","Plan 12.09., K18 O7 nachträglich",
S14.SWP.SBJ.X.ITT.HAUPT,S14,SWP,SBJ,X,ITT,HAUPT,1,"p Shapiro-Wilk, Standweitsprung","Plan 12.09., K18 O7 nachträglich",
S14.SWVERW.Z30.X.ITT.HAUPT,S14,SWVERW,Z30,X,ITT,HAUPT,1,"Merkmal verworfen, Sprint 30 m","Plan 12.09., K18 O7 nachträglich",
S14.SWVERW.CM.X.ITT.HAUPT,S14,SWVERW,CM,X,ITT,HAUPT,1,"Merkmal verworfen, 505 Seitenmittel","Plan 12.09., K18 O7 nachträglich",
S14.SWVERW.SBJ.X.ITT.HAUPT,S14,SWVERW,SBJ,X,ITT,HAUPT,1,"Merkmal verworfen, Standweitsprung","Plan 12.09., K18 O7 nachträglich",
S14.BFF.Z30.X.ITT.HAUPT,S14,BFF,Z30,X,ITT,HAUPT,1,"Brown-Forsythe F der Residuen, Sprint 30 m","Plan 12.09., K19 O7 nachträglich",
S14.BFF.CM.X.ITT.HAUPT,S14,BFF,CM,X,ITT,HAUPT,1,"Brown-Forsythe F der Residuen, 505 Seitenmittel","Plan 12.09., K19 O7 nachträglich",
S14.BFF.SBJ.X.ITT.HAUPT,S14,BFF,SBJ,X,ITT,HAUPT,1,"Brown-Forsythe F der Residuen, Standweitsprung","Plan 12.09., K19 O7 nachträglich",
S14.BFDF1.Z30.X.ITT.HAUPT,S14,BFDF1,Z30,X,ITT,HAUPT,1,"df1, Sprint 30 m","Plan 12.09., K19 O7 nachträglich",
S14.BFDF1.CM.X.ITT.HAUPT,S14,BFDF1,CM,X,ITT,HAUPT,1,"df1, 505 Seitenmittel","Plan 12.09., K19 O7 nachträglich",
S14.BFDF1.SBJ.X.ITT.HAUPT,S14,BFDF1,SBJ,X,ITT,HAUPT,1,"df1, Standweitsprung","Plan 12.09., K19 O7 nachträglich",
S14.BFDF2.Z30.X.ITT.HAUPT,S14,BFDF2,Z30,X,ITT,HAUPT,1,"df2, Sprint 30 m","Plan 12.09., K19 O7 nachträglich",
S14.BFDF2.CM.X.ITT.HAUPT,S14,BFDF2,CM,X,ITT,HAUPT,1,"df2, 505 Seitenmittel","Plan 12.09., K19 O7 nachträglich",
S14.BFDF2.SBJ.X.ITT.HAUPT,S14,BFDF2,SBJ,X,ITT,HAUPT,1,"df2, Standweitsprung","Plan 12.09., K19 O7 nachträglich",
S14.BFP.Z30.X.ITT.HAUPT,S14,BFP,Z30,X,ITT,HAUPT,1,"p Brown-Forsythe, Sprint 30 m","Plan 12.09., K19 O7 nachträglich",
S14.BFP.CM.X.ITT.HAUPT,S14,BFP,CM,X,ITT,HAUPT,1,"p Brown-Forsythe, 505 Seitenmittel","Plan 12.09., K19 O7 nachträglich",
S14.BFP.SBJ.X.ITT.HAUPT,S14,BFP,SBJ,X,ITT,HAUPT,1,"p Brown-Forsythe, Standweitsprung","Plan 12.09., K19 O7 nachträglich",
S14.BFVERW.Z30.X.ITT.HAUPT,S14,BFVERW,Z30,X,ITT,HAUPT,1,"Merkmal verworfen, Sprint 30 m","Plan 12.09., K19 O7 nachträglich",
S14.BFVERW.CM.X.ITT.HAUPT,S14,BFVERW,CM,X,ITT,HAUPT,1,"Merkmal verworfen, 505 Seitenmittel","Plan 12.09., K19 O7 nachträglich",
S14.BFVERW.SBJ.X.ITT.HAUPT,S14,BFVERW,SBJ,X,ITT,HAUPT,1,"Merkmal verworfen, Standweitsprung","Plan 12.09., K19 O7 nachträglich",
S14.SDRIG.Z30.X.ITT.HAUPT,S14,SDRIG,Z30,X,ITT,HAUPT,s,"SD der Residuen in der IG, Sprint 30 m",nachträglich (Nachtrag N2),
S14.SDRIG.CM.X.ITT.HAUPT,S14,SDRIG,CM,X,ITT,HAUPT,s,"SD der Residuen in der IG, 505 Seitenmittel",nachträglich (Nachtrag N2),
S14.SDRIG.SBJ.X.ITT.HAUPT,S14,SDRIG,SBJ,X,ITT,HAUPT,cm,"SD der Residuen in der IG, Standweitsprung",nachträglich (Nachtrag N2),
S14.SDRKG.Z30.X.ITT.HAUPT,S14,SDRKG,Z30,X,ITT,HAUPT,s,"SD der Residuen in der KG, Sprint 30 m",nachträglich (Nachtrag N2),
S14.SDRKG.CM.X.ITT.HAUPT,S14,SDRKG,CM,X,ITT,HAUPT,s,"SD der Residuen in der KG, 505 Seitenmittel",nachträglich (Nachtrag N2),
S14.SDRKG.SBJ.X.ITT.HAUPT,S14,SDRKG,SBJ,X,ITT,HAUPT,cm,"SD der Residuen in der KG, Standweitsprung",nachträglich (Nachtrag N2),
S14.SDRQ.Z30.X.ITT.HAUPT,S14,SDRQ,Z30,X,ITT,HAUPT,1,"Verhältnis der Residuen-SD KG zu IG, Sprint 30 m",nachträglich (Nachtrag N2),
S14.SDRQ.CM.X.ITT.HAUPT,S14,SDRQ,CM,X,ITT,HAUPT,1,"Verhältnis der Residuen-SD KG zu IG, 505 Seitenmittel",nachträglich (Nachtrag N2),
S14.SDRQ.SBJ.X.ITT.HAUPT,S14,SDRQ,SBJ,X,ITT,HAUPT,1,"Verhältnis der Residuen-SD KG zu IG, Standweitsprung",nachträglich (Nachtrag N2),
S14.BINT.Z30.X.ITT.SLPRE,S14,BINT,Z30,X,ITT,SLPRE,s je s,"Koeffizient der Interaktion G·Prä, Modell SLPRE, Sprint 30 m","Plan 12.09., K20 O7 nachträglich",
S14.BINT.Z30.X.ITT.SLPAH,S14,BINT,Z30,X,ITT,SLPAH,s je %,"Koeffizient der Interaktion G·PAH, Modell SLPAH, Sprint 30 m","Plan 12.09., K20 O7 nachträglich",
S14.BINT.CM.X.ITT.SLPRE,S14,BINT,CM,X,ITT,SLPRE,s je s,"Koeffizient der Interaktion G·Prä, Modell SLPRE, 505 Seitenmittel","Plan 12.09., K20 O7 nachträglich",
S14.BINT.CM.X.ITT.SLPAH,S14,BINT,CM,X,ITT,SLPAH,s je %,"Koeffizient der Interaktion G·PAH, Modell SLPAH, 505 Seitenmittel","Plan 12.09., K20 O7 nachträglich",
S14.BINT.SBJ.X.ITT.SLPRE,S14,BINT,SBJ,X,ITT,SLPRE,cm je cm,"Koeffizient der Interaktion G·Prä, Modell SLPRE, Standweitsprung","Plan 12.09., K20 O7 nachträglich",
S14.BINT.SBJ.X.ITT.SLPAH,S14,BINT,SBJ,X,ITT,SLPAH,cm je %,"Koeffizient der Interaktion G·PAH, Modell SLPAH, Standweitsprung","Plan 12.09., K20 O7 nachträglich",
S14.SEINT.Z30.X.ITT.SLPRE,S14,SEINT,Z30,X,ITT,SLPRE,s je s,"SE der Interaktion G·Prä, Modell SLPRE, Sprint 30 m","Plan 12.09., K20 O7 nachträglich",
S14.SEINT.Z30.X.ITT.SLPAH,S14,SEINT,Z30,X,ITT,SLPAH,s je %,"SE der Interaktion G·PAH, Modell SLPAH, Sprint 30 m","Plan 12.09., K20 O7 nachträglich",
S14.SEINT.CM.X.ITT.SLPRE,S14,SEINT,CM,X,ITT,SLPRE,s je s,"SE der Interaktion G·Prä, Modell SLPRE, 505 Seitenmittel","Plan 12.09., K20 O7 nachträglich",
S14.SEINT.CM.X.ITT.SLPAH,S14,SEINT,CM,X,ITT,SLPAH,s je %,"SE der Interaktion G·PAH, Modell SLPAH, 505 Seitenmittel","Plan 12.09., K20 O7 nachträglich",
S14.SEINT.SBJ.X.ITT.SLPRE,S14,SEINT,SBJ,X,ITT,SLPRE,cm je cm,"SE der Interaktion G·Prä, Modell SLPRE, Standweitsprung","Plan 12.09., K20 O7 nachträglich",
S14.SEINT.SBJ.X.ITT.SLPAH,S14,SEINT,SBJ,X,ITT,SLPAH,cm je %,"SE der Interaktion G·PAH, Modell SLPAH, Standweitsprung","Plan 12.09., K20 O7 nachträglich",
S14.TINT.Z30.X.ITT.SLPRE,S14,TINT,Z30,X,ITT,SLPRE,1,"t der Interaktion G·Prä, Modell SLPRE, Sprint 30 m","Plan 12.09., K20 O7 nachträglich",
S14.TINT.Z30.X.ITT.SLPAH,S14,TINT,Z30,X,ITT,SLPAH,1,"t der Interaktion G·PAH, Modell SLPAH, Sprint 30 m","Plan 12.09., K20 O7 nachträglich",
S14.TINT.CM.X.ITT.SLPRE,S14,TINT,CM,X,ITT,SLPRE,1,"t der Interaktion G·Prä, Modell SLPRE, 505 Seitenmittel","Plan 12.09., K20 O7 nachträglich",
S14.TINT.CM.X.ITT.SLPAH,S14,TINT,CM,X,ITT,SLPAH,1,"t der Interaktion G·PAH, Modell SLPAH, 505 Seitenmittel","Plan 12.09., K20 O7 nachträglich",
S14.TINT.SBJ.X.ITT.SLPRE,S14,TINT,SBJ,X,ITT,SLPRE,1,"t der Interaktion G·Prä, Modell SLPRE, Standweitsprung","Plan 12.09., K20 O7 nachträglich",
S14.TINT.SBJ.X.ITT.SLPAH,S14,TINT,SBJ,X,ITT,SLPAH,1,"t der Interaktion G·PAH, Modell SLPAH, Standweitsprung","Plan 12.09., K20 O7 nachträglich",
S14.DFINT.Z30.X.ITT.SLPRE,S14,DFINT,Z30,X,ITT,SLPRE,1,"df G·Prä, Modell SLPRE, Sprint 30 m","Plan 12.09., K20 O7 nachträglich",
S14.DFINT.Z30.X.ITT.SLPAH,S14,DFINT,Z30,X,ITT,SLPAH,1,"df G·PAH, Modell SLPAH, Sprint 30 m","Plan 12.09., K20 O7 nachträglich",
S14.DFINT.CM.X.ITT.SLPRE,S14,DFINT,CM,X,ITT,SLPRE,1,"df G·Prä, Modell SLPRE, 505 Seitenmittel","Plan 12.09., K20 O7 nachträglich",
S14.DFINT.CM.X.ITT.SLPAH,S14,DFINT,CM,X,ITT,SLPAH,1,"df G·PAH, Modell SLPAH, 505 Seitenmittel","Plan 12.09., K20 O7 nachträglich",
S14.DFINT.SBJ.X.ITT.SLPRE,S14,DFINT,SBJ,X,ITT,SLPRE,1,"df G·Prä, Modell SLPRE, Standweitsprung","Plan 12.09., K20 O7 nachträglich",
S14.DFINT.SBJ.X.ITT.SLPAH,S14,DFINT,SBJ,X,ITT,SLPAH,1,"df G·PAH, Modell SLPAH, Standweitsprung","Plan 12.09., K20 O7 nachträglich",
S14.PINT.Z30.X.ITT.SLPRE,S14,PINT,Z30,X,ITT,SLPRE,1,"p der Interaktion G·Prä, Modell SLPRE, Sprint 30 m","Plan 12.09., K20 O7 nachträglich",
S14.PINT.Z30.X.ITT.SLPAH,S14,PINT,Z30,X,ITT,SLPAH,1,"p der Interaktion G·PAH, Modell SLPAH, Sprint 30 m","Plan 12.09., K20 O7 nachträglich",
S14.PINT.CM.X.ITT.SLPRE,S14,PINT,CM,X,ITT,SLPRE,1,"p der Interaktion G·Prä, Modell SLPRE, 505 Seitenmittel","Plan 12.09., K20 O7 nachträglich",
S14.PINT.CM.X.ITT.SLPAH,S14,PINT,CM,X,ITT,SLPAH,1,"p der Interaktion G·PAH, Modell SLPAH, 505 Seitenmittel","Plan 12.09., K20 O7 nachträglich",
S14.PINT.SBJ.X.ITT.SLPRE,S14,PINT,SBJ,X,ITT,SLPRE,1,"p der Interaktion G·Prä, Modell SLPRE, Standweitsprung","Plan 12.09., K20 O7 nachträglich",
S14.PINT.SBJ.X.ITT.SLPAH,S14,PINT,SBJ,X,ITT,SLPAH,1,"p der Interaktion G·PAH, Modell SLPAH, Standweitsprung","Plan 12.09., K20 O7 nachträglich",
S14.VERW.Z30.X.ITT.SLPRE,S14,VERW,Z30,X,ITT,SLPRE,1,"Merkmal verworfen G·Prä, Modell SLPRE, Sprint 30 m","Plan 12.09., K20 O7 nachträglich",
S14.VERW.Z30.X.ITT.SLPAH,S14,VERW,Z30,X,ITT,SLPAH,1,"Merkmal verworfen G·PAH, Modell SLPAH, Sprint 30 m","Plan 12.09., K20 O7 nachträglich",
S14.VERW.CM.X.ITT.SLPRE,S14,VERW,CM,X,ITT,SLPRE,1,"Merkmal verworfen G·Prä, Modell SLPRE, 505 Seitenmittel","Plan 12.09., K20 O7 nachträglich",
S14.VERW.CM.X.ITT.SLPAH,S14,VERW,CM,X,ITT,SLPAH,1,"Merkmal verworfen G·PAH, Modell SLPAH, 505 Seitenmittel","Plan 12.09., K20 O7 nachträglich",
S14.VERW.SBJ.X.ITT.SLPRE,S14,VERW,SBJ,X,ITT,SLPRE,1,"Merkmal verworfen G·Prä, Modell SLPRE, Standweitsprung","Plan 12.09., K20 O7 nachträglich",
S14.VERW.SBJ.X.ITT.SLPAH,S14,VERW,SBJ,X,ITT,SLPAH,1,"Merkmal verworfen G·PAH, Modell SLPAH, Standweitsprung","Plan 12.09., K20 O7 nachträglich",
S14.OVPREIG.Z30.X.ITT.HAUPT,S14,OVPREIG,Z30,X,ITT,HAUPT,1,"IG im gemeinsamen Prä-Bereich, ITT-Set, Sprint 30 m","Plan 12.09., K26 nachträglich",
S14.OVPREIG.CM.X.ITT.HAUPT,S14,OVPREIG,CM,X,ITT,HAUPT,1,"IG im gemeinsamen Prä-Bereich, ITT-Set, 505 Seitenmittel","Plan 12.09., K26 nachträglich",
S14.OVPREIG.SBJ.X.ITT.HAUPT,S14,OVPREIG,SBJ,X,ITT,HAUPT,1,"IG im gemeinsamen Prä-Bereich, ITT-Set, Standweitsprung","Plan 12.09., K26 nachträglich",
S14.OVPREKG.Z30.X.ITT.HAUPT,S14,OVPREKG,Z30,X,ITT,HAUPT,1,"KG im gemeinsamen Prä-Bereich, ITT-Set, Sprint 30 m","Plan 12.09., K26 nachträglich",
S14.OVPREKG.CM.X.ITT.HAUPT,S14,OVPREKG,CM,X,ITT,HAUPT,1,"KG im gemeinsamen Prä-Bereich, ITT-Set, 505 Seitenmittel","Plan 12.09., K26 nachträglich",
S14.OVPREKG.SBJ.X.ITT.HAUPT,S14,OVPREKG,SBJ,X,ITT,HAUPT,1,"KG im gemeinsamen Prä-Bereich, ITT-Set, Standweitsprung","Plan 12.09., K26 nachträglich",
S14.OVPRL.Z30.X.ITT.HAUPT,S14,OVPRL,Z30,X,ITT,HAUPT,s,"untere Grenze Prä, ITT-Set, Sprint 30 m","Plan 12.09., K26 nachträglich",
S14.OVPRL.CM.X.ITT.HAUPT,S14,OVPRL,CM,X,ITT,HAUPT,s,"untere Grenze Prä, ITT-Set, 505 Seitenmittel","Plan 12.09., K26 nachträglich",
S14.OVPRL.SBJ.X.ITT.HAUPT,S14,OVPRL,SBJ,X,ITT,HAUPT,cm,"untere Grenze Prä, ITT-Set, Standweitsprung","Plan 12.09., K26 nachträglich",
S14.OVPRU.Z30.X.ITT.HAUPT,S14,OVPRU,Z30,X,ITT,HAUPT,s,"obere Grenze Prä, ITT-Set, Sprint 30 m","Plan 12.09., K26 nachträglich",
S14.OVPRU.CM.X.ITT.HAUPT,S14,OVPRU,CM,X,ITT,HAUPT,s,"obere Grenze Prä, ITT-Set, 505 Seitenmittel","Plan 12.09., K26 nachträglich",
S14.OVPRU.SBJ.X.ITT.HAUPT,S14,OVPRU,SBJ,X,ITT,HAUPT,cm,"obere Grenze Prä, ITT-Set, Standweitsprung","Plan 12.09., K26 nachträglich",
S14.OVPAHIG.Z30.X.ITT.HAUPT,S14,OVPAHIG,Z30,X,ITT,HAUPT,1,"IG im gemeinsamen %PAH-Bereich, ITT-Set, Sprint 30 m","Plan 12.09., K26 nachträglich",
S14.OVPAHIG.CM.X.ITT.HAUPT,S14,OVPAHIG,CM,X,ITT,HAUPT,1,"IG im gemeinsamen %PAH-Bereich, ITT-Set, 505 Seitenmittel","Plan 12.09., K26 nachträglich",
S14.OVPAHIG.SBJ.X.ITT.HAUPT,S14,OVPAHIG,SBJ,X,ITT,HAUPT,1,"IG im gemeinsamen %PAH-Bereich, ITT-Set, Standweitsprung","Plan 12.09., K26 nachträglich",
S14.OVPAHKG.Z30.X.ITT.HAUPT,S14,OVPAHKG,Z30,X,ITT,HAUPT,1,"KG im gemeinsamen %PAH-Bereich, ITT-Set, Sprint 30 m","Plan 12.09., K26 nachträglich",
S14.OVPAHKG.CM.X.ITT.HAUPT,S14,OVPAHKG,CM,X,ITT,HAUPT,1,"KG im gemeinsamen %PAH-Bereich, ITT-Set, 505 Seitenmittel","Plan 12.09., K26 nachträglich",
S14.OVPAHKG.SBJ.X.ITT.HAUPT,S14,OVPAHKG,SBJ,X,ITT,HAUPT,1,"KG im gemeinsamen %PAH-Bereich, ITT-Set, Standweitsprung","Plan 12.09., K26 nachträglich",
S14.OVPAL.Z30.X.ITT.HAUPT,S14,OVPAL,Z30,X,ITT,HAUPT,%,"untere Grenze %PAH, ITT-Set, Sprint 30 m","Plan 12.09., K26 nachträglich",
S14.OVPAL.CM.X.ITT.HAUPT,S14,OVPAL,CM,X,ITT,HAUPT,%,"untere Grenze %PAH, ITT-Set, 505 Seitenmittel","Plan 12.09., K26 nachträglich",
S14.OVPAL.SBJ.X.ITT.HAUPT,S14,OVPAL,SBJ,X,ITT,HAUPT,%,"untere Grenze %PAH, ITT-Set, Standweitsprung","Plan 12.09., K26 nachträglich",
S14.OVPAU.Z30.X.ITT.HAUPT,S14,OVPAU,Z30,X,ITT,HAUPT,%,"obere Grenze %PAH, ITT-Set, Sprint 30 m","Plan 12.09., K26 nachträglich",
S14.OVPAU.CM.X.ITT.HAUPT,S14,OVPAU,CM,X,ITT,HAUPT,%,"obere Grenze %PAH, ITT-Set, 505 Seitenmittel","Plan 12.09., K26 nachträglich",
S14.OVPAU.SBJ.X.ITT.HAUPT,S14,OVPAU,SBJ,X,ITT,HAUPT,%,"obere Grenze %PAH, ITT-Set, Standweitsprung","Plan 12.09., K26 nachträglich",
S14.CINT.Z30.PRE.BPAH.SLPAH,S14,CINT,Z30,PRE,BPAH,SLPAH,s je %,"Vorab-Prüfung Prä-Modell, Koeffizient G·PAH, Sprint 30 m","Plan 12.09., P5 nachträglich",
S14.CINT.CM.PRE.BPAH.SLPAH,S14,CINT,CM,PRE,BPAH,SLPAH,s je %,"Vorab-Prüfung Prä-Modell, Koeffizient G·PAH, 505 Seitenmittel","Plan 12.09., P5 nachträglich",
S14.CINT.SBJ.PRE.BPAH.SLPAH,S14,CINT,SBJ,PRE,BPAH,SLPAH,cm je %,"Vorab-Prüfung Prä-Modell, Koeffizient G·PAH, Standweitsprung","Plan 12.09., P5 nachträglich",
S14.SECINT.Z30.PRE.BPAH.SLPAH,S14,SECINT,Z30,PRE,BPAH,SLPAH,s je %,"Vorab-Prüfung Prä-Modell, SE, Sprint 30 m","Plan 12.09., P5 nachträglich",
S14.SECINT.CM.PRE.BPAH.SLPAH,S14,SECINT,CM,PRE,BPAH,SLPAH,s je %,"Vorab-Prüfung Prä-Modell, SE, 505 Seitenmittel","Plan 12.09., P5 nachträglich",
S14.SECINT.SBJ.PRE.BPAH.SLPAH,S14,SECINT,SBJ,PRE,BPAH,SLPAH,cm je %,"Vorab-Prüfung Prä-Modell, SE, Standweitsprung","Plan 12.09., P5 nachträglich",
S14.TCINT.Z30.PRE.BPAH.SLPAH,S14,TCINT,Z30,PRE,BPAH,SLPAH,1,"Vorab-Prüfung Prä-Modell, t, Sprint 30 m","Plan 12.09., P5 nachträglich",
S14.TCINT.CM.PRE.BPAH.SLPAH,S14,TCINT,CM,PRE,BPAH,SLPAH,1,"Vorab-Prüfung Prä-Modell, t, 505 Seitenmittel","Plan 12.09., P5 nachträglich",
S14.TCINT.SBJ.PRE.BPAH.SLPAH,S14,TCINT,SBJ,PRE,BPAH,SLPAH,1,"Vorab-Prüfung Prä-Modell, t, Standweitsprung","Plan 12.09., P5 nachträglich",
S14.DFCINT.Z30.PRE.BPAH.SLPAH,S14,DFCINT,Z30,PRE,BPAH,SLPAH,1,"Vorab-Prüfung Prä-Modell, df, Sprint 30 m","Plan 12.09., P5 nachträglich",
S14.DFCINT.CM.PRE.BPAH.SLPAH,S14,DFCINT,CM,PRE,BPAH,SLPAH,1,"Vorab-Prüfung Prä-Modell, df, 505 Seitenmittel","Plan 12.09., P5 nachträglich",
S14.DFCINT.SBJ.PRE.BPAH.SLPAH,S14,DFCINT,SBJ,PRE,BPAH,SLPAH,1,"Vorab-Prüfung Prä-Modell, df, Standweitsprung","Plan 12.09., P5 nachträglich",
S14.PCINT.Z30.PRE.BPAH.SLPAH,S14,PCINT,Z30,PRE,BPAH,SLPAH,1,"Vorab-Prüfung Prä-Modell, p, Sprint 30 m","Plan 12.09., P5 nachträglich",
S14.PCINT.CM.PRE.BPAH.SLPAH,S14,PCINT,CM,PRE,BPAH,SLPAH,1,"Vorab-Prüfung Prä-Modell, p, 505 Seitenmittel","Plan 12.09., P5 nachträglich",
S14.PCINT.SBJ.PRE.BPAH.SLPAH,S14,PCINT,SBJ,PRE,BPAH,SLPAH,1,"Vorab-Prüfung Prä-Modell, p, Standweitsprung","Plan 12.09., P5 nachträglich",
S14.SWW.Z30.PRE.BPAHIG.X,S14,SWW,Z30,PRE,BPAHIG,X,1,"Shapiro-Wilk W der Prä-Werte, Menge BPAHIG, Sprint 30 m","Plan 12.09., P5 nachträglich",
S14.SWW.Z30.PRE.BPAHKG.X,S14,SWW,Z30,PRE,BPAHKG,X,1,"Shapiro-Wilk W der Prä-Werte, Menge BPAHKG, Sprint 30 m","Plan 12.09., P5 nachträglich",
S14.SWW.CM.PRE.BPAHIG.X,S14,SWW,CM,PRE,BPAHIG,X,1,"Shapiro-Wilk W der Prä-Werte, Menge BPAHIG, 505 Seitenmittel","Plan 12.09., P5 nachträglich",
S14.SWW.CM.PRE.BPAHKG.X,S14,SWW,CM,PRE,BPAHKG,X,1,"Shapiro-Wilk W der Prä-Werte, Menge BPAHKG, 505 Seitenmittel","Plan 12.09., P5 nachträglich",
S14.SWW.SBJ.PRE.BPAHIG.X,S14,SWW,SBJ,PRE,BPAHIG,X,1,"Shapiro-Wilk W der Prä-Werte, Menge BPAHIG, Standweitsprung","Plan 12.09., P5 nachträglich",
S14.SWW.SBJ.PRE.BPAHKG.X,S14,SWW,SBJ,PRE,BPAHKG,X,1,"Shapiro-Wilk W der Prä-Werte, Menge BPAHKG, Standweitsprung","Plan 12.09., P5 nachträglich",
S14.SWP.Z30.PRE.BPAHIG.X,S14,SWP,Z30,PRE,BPAHIG,X,1,"p Shapiro-Wilk der Prä-Werte, Menge BPAHIG, Sprint 30 m","Plan 12.09., P5 nachträglich",
S14.SWP.Z30.PRE.BPAHKG.X,S14,SWP,Z30,PRE,BPAHKG,X,1,"p Shapiro-Wilk der Prä-Werte, Menge BPAHKG, Sprint 30 m","Plan 12.09., P5 nachträglich",
S14.SWP.CM.PRE.BPAHIG.X,S14,SWP,CM,PRE,BPAHIG,X,1,"p Shapiro-Wilk der Prä-Werte, Menge BPAHIG, 505 Seitenmittel","Plan 12.09., P5 nachträglich",
S14.SWP.CM.PRE.BPAHKG.X,S14,SWP,CM,PRE,BPAHKG,X,1,"p Shapiro-Wilk der Prä-Werte, Menge BPAHKG, 505 Seitenmittel","Plan 12.09., P5 nachträglich",
S14.SWP.SBJ.PRE.BPAHIG.X,S14,SWP,SBJ,PRE,BPAHIG,X,1,"p Shapiro-Wilk der Prä-Werte, Menge BPAHIG, Standweitsprung","Plan 12.09., P5 nachträglich",
S14.SWP.SBJ.PRE.BPAHKG.X,S14,SWP,SBJ,PRE,BPAHKG,X,1,"p Shapiro-Wilk der Prä-Werte, Menge BPAHKG, Standweitsprung","Plan 12.09., P5 nachträglich",
S15.SDPRE.Z30.X.ITT.HAUPT,S15,SDPRE,Z30,X,ITT,HAUPT,s,"gepoolte Prä-SD des Sets, Analyse ITT.HAUPT, Sprint 30 m","Antrag, Plan 12.09., O3 nachträglich",
S15.DFG.Z30.X.ITT.HAUPT,S15,DFG,Z30,X,ITT,HAUPT,1,"df für J, Analyse ITT.HAUPT, Sprint 30 m","Antrag, Plan 12.09., O3 nachträglich",
S15.J.Z30.X.ITT.HAUPT,S15,J,Z30,X,ITT,HAUPT,1,"Korrekturfaktor J, Analyse ITT.HAUPT, Sprint 30 m","Antrag, Plan 12.09., O3 nachträglich",
S15.G.Z30.X.ITT.HAUPT,S15,G,Z30,X,ITT,HAUPT,1,"Hedges' g, Analyse ITT.HAUPT, Sprint 30 m","Antrag, Plan 12.09., O3 nachträglich",
S15.GKIU.Z30.X.ITT.HAUPT,S15,GKIU,Z30,X,ITT,HAUPT,1,"untere KI-Grenze g, Analyse ITT.HAUPT, Sprint 30 m","Antrag, Plan 12.09., O3 nachträglich",
S15.GKIO.Z30.X.ITT.HAUPT,S15,GKIO,Z30,X,ITT,HAUPT,1,"obere KI-Grenze g, Analyse ITT.HAUPT, Sprint 30 m","Antrag, Plan 12.09., O3 nachträglich",
S15.SDPRE.CM.X.ITT.HAUPT,S15,SDPRE,CM,X,ITT,HAUPT,s,"gepoolte Prä-SD des Sets, Analyse ITT.HAUPT, 505 Seitenmittel","Antrag, Plan 12.09., O3 nachträglich",
S15.DFG.CM.X.ITT.HAUPT,S15,DFG,CM,X,ITT,HAUPT,1,"df für J, Analyse ITT.HAUPT, 505 Seitenmittel","Antrag, Plan 12.09., O3 nachträglich",
S15.J.CM.X.ITT.HAUPT,S15,J,CM,X,ITT,HAUPT,1,"Korrekturfaktor J, Analyse ITT.HAUPT, 505 Seitenmittel","Antrag, Plan 12.09., O3 nachträglich",
S15.G.CM.X.ITT.HAUPT,S15,G,CM,X,ITT,HAUPT,1,"Hedges' g, Analyse ITT.HAUPT, 505 Seitenmittel","Antrag, Plan 12.09., O3 nachträglich",
S15.GKIU.CM.X.ITT.HAUPT,S15,GKIU,CM,X,ITT,HAUPT,1,"untere KI-Grenze g, Analyse ITT.HAUPT, 505 Seitenmittel","Antrag, Plan 12.09., O3 nachträglich",
S15.GKIO.CM.X.ITT.HAUPT,S15,GKIO,CM,X,ITT,HAUPT,1,"obere KI-Grenze g, Analyse ITT.HAUPT, 505 Seitenmittel","Antrag, Plan 12.09., O3 nachträglich",
S15.SDPRE.SBJ.X.ITT.HAUPT,S15,SDPRE,SBJ,X,ITT,HAUPT,cm,"gepoolte Prä-SD des Sets, Analyse ITT.HAUPT, Standweitsprung","Antrag, Plan 12.09., O3 nachträglich",
S15.DFG.SBJ.X.ITT.HAUPT,S15,DFG,SBJ,X,ITT,HAUPT,1,"df für J, Analyse ITT.HAUPT, Standweitsprung","Antrag, Plan 12.09., O3 nachträglich",
S15.J.SBJ.X.ITT.HAUPT,S15,J,SBJ,X,ITT,HAUPT,1,"Korrekturfaktor J, Analyse ITT.HAUPT, Standweitsprung","Antrag, Plan 12.09., O3 nachträglich",
S15.G.SBJ.X.ITT.HAUPT,S15,G,SBJ,X,ITT,HAUPT,1,"Hedges' g, Analyse ITT.HAUPT, Standweitsprung","Antrag, Plan 12.09., O3 nachträglich",
S15.GKIU.SBJ.X.ITT.HAUPT,S15,GKIU,SBJ,X,ITT,HAUPT,1,"untere KI-Grenze g, Analyse ITT.HAUPT, Standweitsprung","Antrag, Plan 12.09., O3 nachträglich",
S15.GKIO.SBJ.X.ITT.HAUPT,S15,GKIO,SBJ,X,ITT,HAUPT,1,"obere KI-Grenze g, Analyse ITT.HAUPT, Standweitsprung","Antrag, Plan 12.09., O3 nachträglich",
S15.UD.Z30.X.ITT.HAUPT,S15,UD,Z30,X,ITT,HAUPT,s,"unadjustierte Differenz der Post-Mittel, Analyse ITT.HAUPT, Sprint 30 m","Plan 12.09., O4 nachträglich",
S15.UDSE.Z30.X.ITT.HAUPT,S15,UDSE,Z30,X,ITT,HAUPT,s,"SE der unadjustierten Differenz, Analyse ITT.HAUPT, Sprint 30 m","Plan 12.09., O4 nachträglich",
S15.UDT.Z30.X.ITT.HAUPT,S15,UDT,Z30,X,ITT,HAUPT,1,"t, Analyse ITT.HAUPT, Sprint 30 m","Plan 12.09., O4 nachträglich",
S15.UDDF.Z30.X.ITT.HAUPT,S15,UDDF,Z30,X,ITT,HAUPT,1,"df, Analyse ITT.HAUPT, Sprint 30 m","Plan 12.09., O4 nachträglich",
S15.UDP.Z30.X.ITT.HAUPT,S15,UDP,Z30,X,ITT,HAUPT,1,"p, Analyse ITT.HAUPT, Sprint 30 m","Plan 12.09., O4 nachträglich",
S15.UDKIU.Z30.X.ITT.HAUPT,S15,UDKIU,Z30,X,ITT,HAUPT,s,"untere KI-Grenze, Analyse ITT.HAUPT, Sprint 30 m","Plan 12.09., O4 nachträglich",
S15.UDKIO.Z30.X.ITT.HAUPT,S15,UDKIO,Z30,X,ITT,HAUPT,s,"obere KI-Grenze, Analyse ITT.HAUPT, Sprint 30 m","Plan 12.09., O4 nachträglich",
S15.MPOSTIG.Z30.X.ITT.HAUPT,S15,MPOSTIG,Z30,X,ITT,HAUPT,s,"Post-Mittel IG, Analyse ITT.HAUPT, Sprint 30 m","Plan 12.09., O4 nachträglich",
S15.MPOSTKG.Z30.X.ITT.HAUPT,S15,MPOSTKG,Z30,X,ITT,HAUPT,s,"Post-Mittel KG, Analyse ITT.HAUPT, Sprint 30 m","Plan 12.09., O4 nachträglich",
S15.SDPOST.Z30.X.ITT.HAUPT,S15,SDPOST,Z30,X,ITT,HAUPT,s,"gepoolte Post-SD, Analyse ITT.HAUPT, Sprint 30 m","Plan 12.09., O4 nachträglich",
S15.UD.CM.X.ITT.HAUPT,S15,UD,CM,X,ITT,HAUPT,s,"unadjustierte Differenz der Post-Mittel, Analyse ITT.HAUPT, 505 Seitenmittel","Plan 12.09., O4 nachträglich",
S15.UDSE.CM.X.ITT.HAUPT,S15,UDSE,CM,X,ITT,HAUPT,s,"SE der unadjustierten Differenz, Analyse ITT.HAUPT, 505 Seitenmittel","Plan 12.09., O4 nachträglich",
S15.UDT.CM.X.ITT.HAUPT,S15,UDT,CM,X,ITT,HAUPT,1,"t, Analyse ITT.HAUPT, 505 Seitenmittel","Plan 12.09., O4 nachträglich",
S15.UDDF.CM.X.ITT.HAUPT,S15,UDDF,CM,X,ITT,HAUPT,1,"df, Analyse ITT.HAUPT, 505 Seitenmittel","Plan 12.09., O4 nachträglich",
S15.UDP.CM.X.ITT.HAUPT,S15,UDP,CM,X,ITT,HAUPT,1,"p, Analyse ITT.HAUPT, 505 Seitenmittel","Plan 12.09., O4 nachträglich",
S15.UDKIU.CM.X.ITT.HAUPT,S15,UDKIU,CM,X,ITT,HAUPT,s,"untere KI-Grenze, Analyse ITT.HAUPT, 505 Seitenmittel","Plan 12.09., O4 nachträglich",
S15.UDKIO.CM.X.ITT.HAUPT,S15,UDKIO,CM,X,ITT,HAUPT,s,"obere KI-Grenze, Analyse ITT.HAUPT, 505 Seitenmittel","Plan 12.09., O4 nachträglich",
S15.MPOSTIG.CM.X.ITT.HAUPT,S15,MPOSTIG,CM,X,ITT,HAUPT,s,"Post-Mittel IG, Analyse ITT.HAUPT, 505 Seitenmittel","Plan 12.09., O4 nachträglich",
S15.MPOSTKG.CM.X.ITT.HAUPT,S15,MPOSTKG,CM,X,ITT,HAUPT,s,"Post-Mittel KG, Analyse ITT.HAUPT, 505 Seitenmittel","Plan 12.09., O4 nachträglich",
S15.SDPOST.CM.X.ITT.HAUPT,S15,SDPOST,CM,X,ITT,HAUPT,s,"gepoolte Post-SD, Analyse ITT.HAUPT, 505 Seitenmittel","Plan 12.09., O4 nachträglich",
S15.UD.SBJ.X.ITT.HAUPT,S15,UD,SBJ,X,ITT,HAUPT,cm,"unadjustierte Differenz der Post-Mittel, Analyse ITT.HAUPT, Standweitsprung","Plan 12.09., O4 nachträglich",
S15.UDSE.SBJ.X.ITT.HAUPT,S15,UDSE,SBJ,X,ITT,HAUPT,cm,"SE der unadjustierten Differenz, Analyse ITT.HAUPT, Standweitsprung","Plan 12.09., O4 nachträglich",
S15.UDT.SBJ.X.ITT.HAUPT,S15,UDT,SBJ,X,ITT,HAUPT,1,"t, Analyse ITT.HAUPT, Standweitsprung","Plan 12.09., O4 nachträglich",
S15.UDDF.SBJ.X.ITT.HAUPT,S15,UDDF,SBJ,X,ITT,HAUPT,1,"df, Analyse ITT.HAUPT, Standweitsprung","Plan 12.09., O4 nachträglich",
S15.UDP.SBJ.X.ITT.HAUPT,S15,UDP,SBJ,X,ITT,HAUPT,1,"p, Analyse ITT.HAUPT, Standweitsprung","Plan 12.09., O4 nachträglich",
S15.UDKIU.SBJ.X.ITT.HAUPT,S15,UDKIU,SBJ,X,ITT,HAUPT,cm,"untere KI-Grenze, Analyse ITT.HAUPT, Standweitsprung","Plan 12.09., O4 nachträglich",
S15.UDKIO.SBJ.X.ITT.HAUPT,S15,UDKIO,SBJ,X,ITT,HAUPT,cm,"obere KI-Grenze, Analyse ITT.HAUPT, Standweitsprung","Plan 12.09., O4 nachträglich",
S15.MPOSTIG.SBJ.X.ITT.HAUPT,S15,MPOSTIG,SBJ,X,ITT,HAUPT,cm,"Post-Mittel IG, Analyse ITT.HAUPT, Standweitsprung","Plan 12.09., O4 nachträglich",
S15.MPOSTKG.SBJ.X.ITT.HAUPT,S15,MPOSTKG,SBJ,X,ITT,HAUPT,cm,"Post-Mittel KG, Analyse ITT.HAUPT, Standweitsprung","Plan 12.09., O4 nachträglich",
S15.SDPOST.SBJ.X.ITT.HAUPT,S15,SDPOST,SBJ,X,ITT,HAUPT,cm,"gepoolte Post-SD, Analyse ITT.HAUPT, Standweitsprung","Plan 12.09., O4 nachträglich",
S17.M.Z30.PRE.PP5IG.HAUPT,S17,M,Z30,PRE,PP5IG,HAUPT,s,"Mittel BEST im IG-Teil des Sets PP5, Sprint 30 m",Plan 12.09.,
S17.M.Z30.PRE.PP7IG.HAUPT,S17,M,Z30,PRE,PP7IG,HAUPT,s,"Mittel BEST im IG-Teil des Sets PP7, Sprint 30 m",Plan 12.09.,
S17.M.Z30.POST.PP5IG.HAUPT,S17,M,Z30,POST,PP5IG,HAUPT,s,"Mittel BEST im IG-Teil des Sets PP5, Sprint 30 m",Plan 12.09.,
S17.M.Z30.POST.PP7IG.HAUPT,S17,M,Z30,POST,PP7IG,HAUPT,s,"Mittel BEST im IG-Teil des Sets PP7, Sprint 30 m",Plan 12.09.,
S17.M.CM.PRE.PP5IG.HAUPT,S17,M,CM,PRE,PP5IG,HAUPT,s,"Mittel BEST im IG-Teil des Sets PP5, 505 Seitenmittel",Plan 12.09.,
S17.M.CM.PRE.PP7IG.HAUPT,S17,M,CM,PRE,PP7IG,HAUPT,s,"Mittel BEST im IG-Teil des Sets PP7, 505 Seitenmittel",Plan 12.09.,
S17.M.CM.POST.PP5IG.HAUPT,S17,M,CM,POST,PP5IG,HAUPT,s,"Mittel BEST im IG-Teil des Sets PP5, 505 Seitenmittel",Plan 12.09.,
S17.M.CM.POST.PP7IG.HAUPT,S17,M,CM,POST,PP7IG,HAUPT,s,"Mittel BEST im IG-Teil des Sets PP7, 505 Seitenmittel",Plan 12.09.,
S17.M.SBJ.PRE.PP5IG.HAUPT,S17,M,SBJ,PRE,PP5IG,HAUPT,cm,"Mittel BEST im IG-Teil des Sets PP5, Standweitsprung",Plan 12.09.,
S17.M.SBJ.PRE.PP7IG.HAUPT,S17,M,SBJ,PRE,PP7IG,HAUPT,cm,"Mittel BEST im IG-Teil des Sets PP7, Standweitsprung",Plan 12.09.,
S17.M.SBJ.POST.PP5IG.HAUPT,S17,M,SBJ,POST,PP5IG,HAUPT,cm,"Mittel BEST im IG-Teil des Sets PP5, Standweitsprung",Plan 12.09.,
S17.M.SBJ.POST.PP7IG.HAUPT,S17,M,SBJ,POST,PP7IG,HAUPT,cm,"Mittel BEST im IG-Teil des Sets PP7, Standweitsprung",Plan 12.09.,
S17.SD.Z30.PRE.PP5IG.HAUPT,S17,SD,Z30,PRE,PP5IG,HAUPT,s,"SD BEST im IG-Teil des Sets PP5, Sprint 30 m",Plan 12.09.,
S17.SD.Z30.PRE.PP7IG.HAUPT,S17,SD,Z30,PRE,PP7IG,HAUPT,s,"SD BEST im IG-Teil des Sets PP7, Sprint 30 m",Plan 12.09.,
S17.SD.Z30.POST.PP5IG.HAUPT,S17,SD,Z30,POST,PP5IG,HAUPT,s,"SD BEST im IG-Teil des Sets PP5, Sprint 30 m",Plan 12.09.,
S17.SD.Z30.POST.PP7IG.HAUPT,S17,SD,Z30,POST,PP7IG,HAUPT,s,"SD BEST im IG-Teil des Sets PP7, Sprint 30 m",Plan 12.09.,
S17.SD.CM.PRE.PP5IG.HAUPT,S17,SD,CM,PRE,PP5IG,HAUPT,s,"SD BEST im IG-Teil des Sets PP5, 505 Seitenmittel",Plan 12.09.,
S17.SD.CM.PRE.PP7IG.HAUPT,S17,SD,CM,PRE,PP7IG,HAUPT,s,"SD BEST im IG-Teil des Sets PP7, 505 Seitenmittel",Plan 12.09.,
S17.SD.CM.POST.PP5IG.HAUPT,S17,SD,CM,POST,PP5IG,HAUPT,s,"SD BEST im IG-Teil des Sets PP5, 505 Seitenmittel",Plan 12.09.,
S17.SD.CM.POST.PP7IG.HAUPT,S17,SD,CM,POST,PP7IG,HAUPT,s,"SD BEST im IG-Teil des Sets PP7, 505 Seitenmittel",Plan 12.09.,
S17.SD.SBJ.PRE.PP5IG.HAUPT,S17,SD,SBJ,PRE,PP5IG,HAUPT,cm,"SD BEST im IG-Teil des Sets PP5, Standweitsprung",Plan 12.09.,
S17.SD.SBJ.PRE.PP7IG.HAUPT,S17,SD,SBJ,PRE,PP7IG,HAUPT,cm,"SD BEST im IG-Teil des Sets PP7, Standweitsprung",Plan 12.09.,
S17.SD.SBJ.POST.PP5IG.HAUPT,S17,SD,SBJ,POST,PP5IG,HAUPT,cm,"SD BEST im IG-Teil des Sets PP5, Standweitsprung",Plan 12.09.,
S17.SD.SBJ.POST.PP7IG.HAUPT,S17,SD,SBJ,POST,PP7IG,HAUPT,cm,"SD BEST im IG-Teil des Sets PP7, Standweitsprung",Plan 12.09.,
S17.M.Z30.PRE.FAMSIG.FAMB,S17,M,Z30,PRE,FAMSIG,FAMB,s,"Mittel BEST im Set FAMSIG, Sprint 30 m",Plan 12.09.,
S17.M.Z30.PRE.FAMSKG.FAMB,S17,M,Z30,PRE,FAMSKG,FAMB,s,"Mittel BEST im Set FAMSKG, Sprint 30 m",Plan 12.09.,
S17.M.Z30.POST.FAMSIG.FAMB,S17,M,Z30,POST,FAMSIG,FAMB,s,"Mittel BEST im Set FAMSIG, Sprint 30 m",Plan 12.09.,
S17.M.Z30.POST.FAMSKG.FAMB,S17,M,Z30,POST,FAMSKG,FAMB,s,"Mittel BEST im Set FAMSKG, Sprint 30 m",Plan 12.09.,
S17.M.CM.PRE.FAMSIG.FAMB,S17,M,CM,PRE,FAMSIG,FAMB,s,"Mittel BEST im Set FAMSIG, 505 Seitenmittel",Plan 12.09.,
S17.M.CM.PRE.FAMSKG.FAMB,S17,M,CM,PRE,FAMSKG,FAMB,s,"Mittel BEST im Set FAMSKG, 505 Seitenmittel",Plan 12.09.,
S17.M.CM.POST.FAMSIG.FAMB,S17,M,CM,POST,FAMSIG,FAMB,s,"Mittel BEST im Set FAMSIG, 505 Seitenmittel",Plan 12.09.,
S17.M.CM.POST.FAMSKG.FAMB,S17,M,CM,POST,FAMSKG,FAMB,s,"Mittel BEST im Set FAMSKG, 505 Seitenmittel",Plan 12.09.,
S17.M.SBJ.PRE.FAMSIG.FAMB,S17,M,SBJ,PRE,FAMSIG,FAMB,cm,"Mittel BEST im Set FAMSIG, Standweitsprung",Plan 12.09.,
S17.M.SBJ.PRE.FAMSKG.FAMB,S17,M,SBJ,PRE,FAMSKG,FAMB,cm,"Mittel BEST im Set FAMSKG, Standweitsprung",Plan 12.09.,
S17.M.SBJ.POST.FAMSIG.FAMB,S17,M,SBJ,POST,FAMSIG,FAMB,cm,"Mittel BEST im Set FAMSIG, Standweitsprung",Plan 12.09.,
S17.M.SBJ.POST.FAMSKG.FAMB,S17,M,SBJ,POST,FAMSKG,FAMB,cm,"Mittel BEST im Set FAMSKG, Standweitsprung",Plan 12.09.,
S17.SD.Z30.PRE.FAMSIG.FAMB,S17,SD,Z30,PRE,FAMSIG,FAMB,s,"SD BEST im Set FAMSIG, Sprint 30 m",Plan 12.09.,
S17.SD.Z30.PRE.FAMSKG.FAMB,S17,SD,Z30,PRE,FAMSKG,FAMB,s,"SD BEST im Set FAMSKG, Sprint 30 m",Plan 12.09.,
S17.SD.Z30.POST.FAMSIG.FAMB,S17,SD,Z30,POST,FAMSIG,FAMB,s,"SD BEST im Set FAMSIG, Sprint 30 m",Plan 12.09.,
S17.SD.Z30.POST.FAMSKG.FAMB,S17,SD,Z30,POST,FAMSKG,FAMB,s,"SD BEST im Set FAMSKG, Sprint 30 m",Plan 12.09.,
S17.SD.CM.PRE.FAMSIG.FAMB,S17,SD,CM,PRE,FAMSIG,FAMB,s,"SD BEST im Set FAMSIG, 505 Seitenmittel",Plan 12.09.,
S17.SD.CM.PRE.FAMSKG.FAMB,S17,SD,CM,PRE,FAMSKG,FAMB,s,"SD BEST im Set FAMSKG, 505 Seitenmittel",Plan 12.09.,
S17.SD.CM.POST.FAMSIG.FAMB,S17,SD,CM,POST,FAMSIG,FAMB,s,"SD BEST im Set FAMSIG, 505 Seitenmittel",Plan 12.09.,
S17.SD.CM.POST.FAMSKG.FAMB,S17,SD,CM,POST,FAMSKG,FAMB,s,"SD BEST im Set FAMSKG, 505 Seitenmittel",Plan 12.09.,
S17.SD.SBJ.PRE.FAMSIG.FAMB,S17,SD,SBJ,PRE,FAMSIG,FAMB,cm,"SD BEST im Set FAMSIG, Standweitsprung",Plan 12.09.,
S17.SD.SBJ.PRE.FAMSKG.FAMB,S17,SD,SBJ,PRE,FAMSKG,FAMB,cm,"SD BEST im Set FAMSKG, Standweitsprung",Plan 12.09.,
S17.SD.SBJ.POST.FAMSIG.FAMB,S17,SD,SBJ,POST,FAMSIG,FAMB,cm,"SD BEST im Set FAMSIG, Standweitsprung",Plan 12.09.,
S17.SD.SBJ.POST.FAMSKG.FAMB,S17,SD,SBJ,POST,FAMSKG,FAMB,cm,"SD BEST im Set FAMSKG, Standweitsprung",Plan 12.09.,
S17.B1.Z30.X.ITT.MW,S17,B1,Z30,X,ITT,MW,s,"Gruppenkoeffizient b1 (IG − KG), Sensitivität ITT.MW, Sprint 30 m",Plan 12.09.,
S17.SEB1.Z30.X.ITT.MW,S17,SEB1,Z30,X,ITT,MW,s,"SE b1, Sensitivität ITT.MW, Sprint 30 m",Plan 12.09.,
S17.DF.Z30.X.ITT.MW,S17,DF,Z30,X,ITT,MW,1,"Residualfreiheitsgrade, Sensitivität ITT.MW, Sprint 30 m",Plan 12.09.,
S17.T.Z30.X.ITT.MW,S17,T,Z30,X,ITT,MW,1,"t von b1, Sensitivität ITT.MW, Sprint 30 m",Plan 12.09.,
S17.P.Z30.X.ITT.MW,S17,P,Z30,X,ITT,MW,1,"p von b1, zweiseitig, Sensitivität ITT.MW, Sprint 30 m",Plan 12.09.,
S17.KIU.Z30.X.ITT.MW,S17,KIU,Z30,X,ITT,MW,s,"untere KI-Grenze b1, Sensitivität ITT.MW, Sprint 30 m",Plan 12.09.,
S17.KIO.Z30.X.ITT.MW,S17,KIO,Z30,X,ITT,MW,s,"obere KI-Grenze b1, Sensitivität ITT.MW, Sprint 30 m",Plan 12.09.,
S17.NIG.Z30.X.ITT.MW,S17,NIG,Z30,X,ITT,MW,1,"n IG, Sensitivität ITT.MW, Sprint 30 m",Plan 12.09.,
S17.NKG.Z30.X.ITT.MW,S17,NKG,Z30,X,ITT,MW,1,"n KG, Sensitivität ITT.MW, Sprint 30 m",Plan 12.09.,
S17.B1.CM.X.ITT.MW,S17,B1,CM,X,ITT,MW,s,"Gruppenkoeffizient b1 (IG − KG), Sensitivität ITT.MW, 505 Seitenmittel",Plan 12.09.,
S17.SEB1.CM.X.ITT.MW,S17,SEB1,CM,X,ITT,MW,s,"SE b1, Sensitivität ITT.MW, 505 Seitenmittel",Plan 12.09.,
S17.DF.CM.X.ITT.MW,S17,DF,CM,X,ITT,MW,1,"Residualfreiheitsgrade, Sensitivität ITT.MW, 505 Seitenmittel",Plan 12.09.,
S17.T.CM.X.ITT.MW,S17,T,CM,X,ITT,MW,1,"t von b1, Sensitivität ITT.MW, 505 Seitenmittel",Plan 12.09.,
S17.P.CM.X.ITT.MW,S17,P,CM,X,ITT,MW,1,"p von b1, zweiseitig, Sensitivität ITT.MW, 505 Seitenmittel",Plan 12.09.,
S17.KIU.CM.X.ITT.MW,S17,KIU,CM,X,ITT,MW,s,"untere KI-Grenze b1, Sensitivität ITT.MW, 505 Seitenmittel",Plan 12.09.,
S17.KIO.CM.X.ITT.MW,S17,KIO,CM,X,ITT,MW,s,"obere KI-Grenze b1, Sensitivität ITT.MW, 505 Seitenmittel",Plan 12.09.,
S17.NIG.CM.X.ITT.MW,S17,NIG,CM,X,ITT,MW,1,"n IG, Sensitivität ITT.MW, 505 Seitenmittel",Plan 12.09.,
S17.NKG.CM.X.ITT.MW,S17,NKG,CM,X,ITT,MW,1,"n KG, Sensitivität ITT.MW, 505 Seitenmittel",Plan 12.09.,
S17.B1.SBJ.X.ITT.MW,S17,B1,SBJ,X,ITT,MW,cm,"Gruppenkoeffizient b1 (IG − KG), Sensitivität ITT.MW, Standweitsprung",Plan 12.09.,
S17.SEB1.SBJ.X.ITT.MW,S17,SEB1,SBJ,X,ITT,MW,cm,"SE b1, Sensitivität ITT.MW, Standweitsprung",Plan 12.09.,
S17.DF.SBJ.X.ITT.MW,S17,DF,SBJ,X,ITT,MW,1,"Residualfreiheitsgrade, Sensitivität ITT.MW, Standweitsprung",Plan 12.09.,
S17.T.SBJ.X.ITT.MW,S17,T,SBJ,X,ITT,MW,1,"t von b1, Sensitivität ITT.MW, Standweitsprung",Plan 12.09.,
S17.P.SBJ.X.ITT.MW,S17,P,SBJ,X,ITT,MW,1,"p von b1, zweiseitig, Sensitivität ITT.MW, Standweitsprung",Plan 12.09.,
S17.KIU.SBJ.X.ITT.MW,S17,KIU,SBJ,X,ITT,MW,cm,"untere KI-Grenze b1, Sensitivität ITT.MW, Standweitsprung",Plan 12.09.,
S17.KIO.SBJ.X.ITT.MW,S17,KIO,SBJ,X,ITT,MW,cm,"obere KI-Grenze b1, Sensitivität ITT.MW, Standweitsprung",Plan 12.09.,
S17.NIG.SBJ.X.ITT.MW,S17,NIG,SBJ,X,ITT,MW,1,"n IG, Sensitivität ITT.MW, Standweitsprung",Plan 12.09.,
S17.NKG.SBJ.X.ITT.MW,S17,NKG,SBJ,X,ITT,MW,1,"n KG, Sensitivität ITT.MW, Standweitsprung",Plan 12.09.,
S17.B1.Z30.X.PP5.HAUPT,S17,B1,Z30,X,PP5,HAUPT,s,"Gruppenkoeffizient b1 (IG − KG), Sensitivität PP5.HAUPT, Sprint 30 m",Plan 12.09.,
S17.SEB1.Z30.X.PP5.HAUPT,S17,SEB1,Z30,X,PP5,HAUPT,s,"SE b1, Sensitivität PP5.HAUPT, Sprint 30 m",Plan 12.09.,
S17.DF.Z30.X.PP5.HAUPT,S17,DF,Z30,X,PP5,HAUPT,1,"Residualfreiheitsgrade, Sensitivität PP5.HAUPT, Sprint 30 m",Plan 12.09.,
S17.T.Z30.X.PP5.HAUPT,S17,T,Z30,X,PP5,HAUPT,1,"t von b1, Sensitivität PP5.HAUPT, Sprint 30 m",Plan 12.09.,
S17.P.Z30.X.PP5.HAUPT,S17,P,Z30,X,PP5,HAUPT,1,"p von b1, zweiseitig, Sensitivität PP5.HAUPT, Sprint 30 m",Plan 12.09.,
S17.KIU.Z30.X.PP5.HAUPT,S17,KIU,Z30,X,PP5,HAUPT,s,"untere KI-Grenze b1, Sensitivität PP5.HAUPT, Sprint 30 m",Plan 12.09.,
S17.KIO.Z30.X.PP5.HAUPT,S17,KIO,Z30,X,PP5,HAUPT,s,"obere KI-Grenze b1, Sensitivität PP5.HAUPT, Sprint 30 m",Plan 12.09.,
S17.NIG.Z30.X.PP5.HAUPT,S17,NIG,Z30,X,PP5,HAUPT,1,"n IG, Sensitivität PP5.HAUPT, Sprint 30 m",Plan 12.09.,
S17.NKG.Z30.X.PP5.HAUPT,S17,NKG,Z30,X,PP5,HAUPT,1,"n KG, Sensitivität PP5.HAUPT, Sprint 30 m",Plan 12.09.,
S17.B1.CM.X.PP5.HAUPT,S17,B1,CM,X,PP5,HAUPT,s,"Gruppenkoeffizient b1 (IG − KG), Sensitivität PP5.HAUPT, 505 Seitenmittel",Plan 12.09.,
S17.SEB1.CM.X.PP5.HAUPT,S17,SEB1,CM,X,PP5,HAUPT,s,"SE b1, Sensitivität PP5.HAUPT, 505 Seitenmittel",Plan 12.09.,
S17.DF.CM.X.PP5.HAUPT,S17,DF,CM,X,PP5,HAUPT,1,"Residualfreiheitsgrade, Sensitivität PP5.HAUPT, 505 Seitenmittel",Plan 12.09.,
S17.T.CM.X.PP5.HAUPT,S17,T,CM,X,PP5,HAUPT,1,"t von b1, Sensitivität PP5.HAUPT, 505 Seitenmittel",Plan 12.09.,
S17.P.CM.X.PP5.HAUPT,S17,P,CM,X,PP5,HAUPT,1,"p von b1, zweiseitig, Sensitivität PP5.HAUPT, 505 Seitenmittel",Plan 12.09.,
S17.KIU.CM.X.PP5.HAUPT,S17,KIU,CM,X,PP5,HAUPT,s,"untere KI-Grenze b1, Sensitivität PP5.HAUPT, 505 Seitenmittel",Plan 12.09.,
S17.KIO.CM.X.PP5.HAUPT,S17,KIO,CM,X,PP5,HAUPT,s,"obere KI-Grenze b1, Sensitivität PP5.HAUPT, 505 Seitenmittel",Plan 12.09.,
S17.NIG.CM.X.PP5.HAUPT,S17,NIG,CM,X,PP5,HAUPT,1,"n IG, Sensitivität PP5.HAUPT, 505 Seitenmittel",Plan 12.09.,
S17.NKG.CM.X.PP5.HAUPT,S17,NKG,CM,X,PP5,HAUPT,1,"n KG, Sensitivität PP5.HAUPT, 505 Seitenmittel",Plan 12.09.,
S17.B1.SBJ.X.PP5.HAUPT,S17,B1,SBJ,X,PP5,HAUPT,cm,"Gruppenkoeffizient b1 (IG − KG), Sensitivität PP5.HAUPT, Standweitsprung",Plan 12.09.,
S17.SEB1.SBJ.X.PP5.HAUPT,S17,SEB1,SBJ,X,PP5,HAUPT,cm,"SE b1, Sensitivität PP5.HAUPT, Standweitsprung",Plan 12.09.,
S17.DF.SBJ.X.PP5.HAUPT,S17,DF,SBJ,X,PP5,HAUPT,1,"Residualfreiheitsgrade, Sensitivität PP5.HAUPT, Standweitsprung",Plan 12.09.,
S17.T.SBJ.X.PP5.HAUPT,S17,T,SBJ,X,PP5,HAUPT,1,"t von b1, Sensitivität PP5.HAUPT, Standweitsprung",Plan 12.09.,
S17.P.SBJ.X.PP5.HAUPT,S17,P,SBJ,X,PP5,HAUPT,1,"p von b1, zweiseitig, Sensitivität PP5.HAUPT, Standweitsprung",Plan 12.09.,
S17.KIU.SBJ.X.PP5.HAUPT,S17,KIU,SBJ,X,PP5,HAUPT,cm,"untere KI-Grenze b1, Sensitivität PP5.HAUPT, Standweitsprung",Plan 12.09.,
S17.KIO.SBJ.X.PP5.HAUPT,S17,KIO,SBJ,X,PP5,HAUPT,cm,"obere KI-Grenze b1, Sensitivität PP5.HAUPT, Standweitsprung",Plan 12.09.,
S17.NIG.SBJ.X.PP5.HAUPT,S17,NIG,SBJ,X,PP5,HAUPT,1,"n IG, Sensitivität PP5.HAUPT, Standweitsprung",Plan 12.09.,
S17.NKG.SBJ.X.PP5.HAUPT,S17,NKG,SBJ,X,PP5,HAUPT,1,"n KG, Sensitivität PP5.HAUPT, Standweitsprung",Plan 12.09.,
S17.B1.Z30.X.PP7.HAUPT,S17,B1,Z30,X,PP7,HAUPT,s,"Gruppenkoeffizient b1 (IG − KG), Sensitivität PP7.HAUPT, Sprint 30 m",Plan 12.09.,
S17.SEB1.Z30.X.PP7.HAUPT,S17,SEB1,Z30,X,PP7,HAUPT,s,"SE b1, Sensitivität PP7.HAUPT, Sprint 30 m",Plan 12.09.,
S17.DF.Z30.X.PP7.HAUPT,S17,DF,Z30,X,PP7,HAUPT,1,"Residualfreiheitsgrade, Sensitivität PP7.HAUPT, Sprint 30 m",Plan 12.09.,
S17.T.Z30.X.PP7.HAUPT,S17,T,Z30,X,PP7,HAUPT,1,"t von b1, Sensitivität PP7.HAUPT, Sprint 30 m",Plan 12.09.,
S17.P.Z30.X.PP7.HAUPT,S17,P,Z30,X,PP7,HAUPT,1,"p von b1, zweiseitig, Sensitivität PP7.HAUPT, Sprint 30 m",Plan 12.09.,
S17.KIU.Z30.X.PP7.HAUPT,S17,KIU,Z30,X,PP7,HAUPT,s,"untere KI-Grenze b1, Sensitivität PP7.HAUPT, Sprint 30 m",Plan 12.09.,
S17.KIO.Z30.X.PP7.HAUPT,S17,KIO,Z30,X,PP7,HAUPT,s,"obere KI-Grenze b1, Sensitivität PP7.HAUPT, Sprint 30 m",Plan 12.09.,
S17.NIG.Z30.X.PP7.HAUPT,S17,NIG,Z30,X,PP7,HAUPT,1,"n IG, Sensitivität PP7.HAUPT, Sprint 30 m",Plan 12.09.,
S17.NKG.Z30.X.PP7.HAUPT,S17,NKG,Z30,X,PP7,HAUPT,1,"n KG, Sensitivität PP7.HAUPT, Sprint 30 m",Plan 12.09.,
S17.B1.CM.X.PP7.HAUPT,S17,B1,CM,X,PP7,HAUPT,s,"Gruppenkoeffizient b1 (IG − KG), Sensitivität PP7.HAUPT, 505 Seitenmittel",Plan 12.09.,
S17.SEB1.CM.X.PP7.HAUPT,S17,SEB1,CM,X,PP7,HAUPT,s,"SE b1, Sensitivität PP7.HAUPT, 505 Seitenmittel",Plan 12.09.,
S17.DF.CM.X.PP7.HAUPT,S17,DF,CM,X,PP7,HAUPT,1,"Residualfreiheitsgrade, Sensitivität PP7.HAUPT, 505 Seitenmittel",Plan 12.09.,
S17.T.CM.X.PP7.HAUPT,S17,T,CM,X,PP7,HAUPT,1,"t von b1, Sensitivität PP7.HAUPT, 505 Seitenmittel",Plan 12.09.,
S17.P.CM.X.PP7.HAUPT,S17,P,CM,X,PP7,HAUPT,1,"p von b1, zweiseitig, Sensitivität PP7.HAUPT, 505 Seitenmittel",Plan 12.09.,
S17.KIU.CM.X.PP7.HAUPT,S17,KIU,CM,X,PP7,HAUPT,s,"untere KI-Grenze b1, Sensitivität PP7.HAUPT, 505 Seitenmittel",Plan 12.09.,
S17.KIO.CM.X.PP7.HAUPT,S17,KIO,CM,X,PP7,HAUPT,s,"obere KI-Grenze b1, Sensitivität PP7.HAUPT, 505 Seitenmittel",Plan 12.09.,
S17.NIG.CM.X.PP7.HAUPT,S17,NIG,CM,X,PP7,HAUPT,1,"n IG, Sensitivität PP7.HAUPT, 505 Seitenmittel",Plan 12.09.,
S17.NKG.CM.X.PP7.HAUPT,S17,NKG,CM,X,PP7,HAUPT,1,"n KG, Sensitivität PP7.HAUPT, 505 Seitenmittel",Plan 12.09.,
S17.B1.SBJ.X.PP7.HAUPT,S17,B1,SBJ,X,PP7,HAUPT,cm,"Gruppenkoeffizient b1 (IG − KG), Sensitivität PP7.HAUPT, Standweitsprung",Plan 12.09.,
S17.SEB1.SBJ.X.PP7.HAUPT,S17,SEB1,SBJ,X,PP7,HAUPT,cm,"SE b1, Sensitivität PP7.HAUPT, Standweitsprung",Plan 12.09.,
S17.DF.SBJ.X.PP7.HAUPT,S17,DF,SBJ,X,PP7,HAUPT,1,"Residualfreiheitsgrade, Sensitivität PP7.HAUPT, Standweitsprung",Plan 12.09.,
S17.T.SBJ.X.PP7.HAUPT,S17,T,SBJ,X,PP7,HAUPT,1,"t von b1, Sensitivität PP7.HAUPT, Standweitsprung",Plan 12.09.,
S17.P.SBJ.X.PP7.HAUPT,S17,P,SBJ,X,PP7,HAUPT,1,"p von b1, zweiseitig, Sensitivität PP7.HAUPT, Standweitsprung",Plan 12.09.,
S17.KIU.SBJ.X.PP7.HAUPT,S17,KIU,SBJ,X,PP7,HAUPT,cm,"untere KI-Grenze b1, Sensitivität PP7.HAUPT, Standweitsprung",Plan 12.09.,
S17.KIO.SBJ.X.PP7.HAUPT,S17,KIO,SBJ,X,PP7,HAUPT,cm,"obere KI-Grenze b1, Sensitivität PP7.HAUPT, Standweitsprung",Plan 12.09.,
S17.NIG.SBJ.X.PP7.HAUPT,S17,NIG,SBJ,X,PP7,HAUPT,1,"n IG, Sensitivität PP7.HAUPT, Standweitsprung",Plan 12.09.,
S17.NKG.SBJ.X.PP7.HAUPT,S17,NKG,SBJ,X,PP7,HAUPT,1,"n KG, Sensitivität PP7.HAUPT, Standweitsprung",Plan 12.09.,
S17.B1.Z30.X.ITT.AEND,S17,B1,Z30,X,ITT,AEND,s,"Gruppenkoeffizient b1 (IG − KG), Sensitivität ITT.AEND, Sprint 30 m",Plan 12.09.,
S17.SEB1.Z30.X.ITT.AEND,S17,SEB1,Z30,X,ITT,AEND,s,"SE b1, Sensitivität ITT.AEND, Sprint 30 m",Plan 12.09.,
S17.DF.Z30.X.ITT.AEND,S17,DF,Z30,X,ITT,AEND,1,"Residualfreiheitsgrade, Sensitivität ITT.AEND, Sprint 30 m",Plan 12.09.,
S17.T.Z30.X.ITT.AEND,S17,T,Z30,X,ITT,AEND,1,"t von b1, Sensitivität ITT.AEND, Sprint 30 m",Plan 12.09.,
S17.P.Z30.X.ITT.AEND,S17,P,Z30,X,ITT,AEND,1,"p von b1, zweiseitig, Sensitivität ITT.AEND, Sprint 30 m",Plan 12.09.,
S17.KIU.Z30.X.ITT.AEND,S17,KIU,Z30,X,ITT,AEND,s,"untere KI-Grenze b1, Sensitivität ITT.AEND, Sprint 30 m",Plan 12.09.,
S17.KIO.Z30.X.ITT.AEND,S17,KIO,Z30,X,ITT,AEND,s,"obere KI-Grenze b1, Sensitivität ITT.AEND, Sprint 30 m",Plan 12.09.,
S17.NIG.Z30.X.ITT.AEND,S17,NIG,Z30,X,ITT,AEND,1,"n IG, Sensitivität ITT.AEND, Sprint 30 m",Plan 12.09.,
S17.NKG.Z30.X.ITT.AEND,S17,NKG,Z30,X,ITT,AEND,1,"n KG, Sensitivität ITT.AEND, Sprint 30 m",Plan 12.09.,
S17.B1.CM.X.ITT.AEND,S17,B1,CM,X,ITT,AEND,s,"Gruppenkoeffizient b1 (IG − KG), Sensitivität ITT.AEND, 505 Seitenmittel",Plan 12.09.,
S17.SEB1.CM.X.ITT.AEND,S17,SEB1,CM,X,ITT,AEND,s,"SE b1, Sensitivität ITT.AEND, 505 Seitenmittel",Plan 12.09.,
S17.DF.CM.X.ITT.AEND,S17,DF,CM,X,ITT,AEND,1,"Residualfreiheitsgrade, Sensitivität ITT.AEND, 505 Seitenmittel",Plan 12.09.,
S17.T.CM.X.ITT.AEND,S17,T,CM,X,ITT,AEND,1,"t von b1, Sensitivität ITT.AEND, 505 Seitenmittel",Plan 12.09.,
S17.P.CM.X.ITT.AEND,S17,P,CM,X,ITT,AEND,1,"p von b1, zweiseitig, Sensitivität ITT.AEND, 505 Seitenmittel",Plan 12.09.,
S17.KIU.CM.X.ITT.AEND,S17,KIU,CM,X,ITT,AEND,s,"untere KI-Grenze b1, Sensitivität ITT.AEND, 505 Seitenmittel",Plan 12.09.,
S17.KIO.CM.X.ITT.AEND,S17,KIO,CM,X,ITT,AEND,s,"obere KI-Grenze b1, Sensitivität ITT.AEND, 505 Seitenmittel",Plan 12.09.,
S17.NIG.CM.X.ITT.AEND,S17,NIG,CM,X,ITT,AEND,1,"n IG, Sensitivität ITT.AEND, 505 Seitenmittel",Plan 12.09.,
S17.NKG.CM.X.ITT.AEND,S17,NKG,CM,X,ITT,AEND,1,"n KG, Sensitivität ITT.AEND, 505 Seitenmittel",Plan 12.09.,
S17.B1.SBJ.X.ITT.AEND,S17,B1,SBJ,X,ITT,AEND,cm,"Gruppenkoeffizient b1 (IG − KG), Sensitivität ITT.AEND, Standweitsprung",Plan 12.09.,
S17.SEB1.SBJ.X.ITT.AEND,S17,SEB1,SBJ,X,ITT,AEND,cm,"SE b1, Sensitivität ITT.AEND, Standweitsprung",Plan 12.09.,
S17.DF.SBJ.X.ITT.AEND,S17,DF,SBJ,X,ITT,AEND,1,"Residualfreiheitsgrade, Sensitivität ITT.AEND, Standweitsprung",Plan 12.09.,
S17.T.SBJ.X.ITT.AEND,S17,T,SBJ,X,ITT,AEND,1,"t von b1, Sensitivität ITT.AEND, Standweitsprung",Plan 12.09.,
S17.P.SBJ.X.ITT.AEND,S17,P,SBJ,X,ITT,AEND,1,"p von b1, zweiseitig, Sensitivität ITT.AEND, Standweitsprung",Plan 12.09.,
S17.KIU.SBJ.X.ITT.AEND,S17,KIU,SBJ,X,ITT,AEND,cm,"untere KI-Grenze b1, Sensitivität ITT.AEND, Standweitsprung",Plan 12.09.,
S17.KIO.SBJ.X.ITT.AEND,S17,KIO,SBJ,X,ITT,AEND,cm,"obere KI-Grenze b1, Sensitivität ITT.AEND, Standweitsprung",Plan 12.09.,
S17.NIG.SBJ.X.ITT.AEND,S17,NIG,SBJ,X,ITT,AEND,1,"n IG, Sensitivität ITT.AEND, Standweitsprung",Plan 12.09.,
S17.NKG.SBJ.X.ITT.AEND,S17,NKG,SBJ,X,ITT,AEND,1,"n KG, Sensitivität ITT.AEND, Standweitsprung",Plan 12.09.,
S17.B1.Z30.X.ITT.OPAH,S17,B1,Z30,X,ITT,OPAH,s,"Gruppenkoeffizient b1 (IG − KG), Sensitivität ITT.OPAH, Sprint 30 m","Plan 12.09., K22 nachträglich",
S17.SEB1.Z30.X.ITT.OPAH,S17,SEB1,Z30,X,ITT,OPAH,s,"SE b1, Sensitivität ITT.OPAH, Sprint 30 m","Plan 12.09., K22 nachträglich",
S17.DF.Z30.X.ITT.OPAH,S17,DF,Z30,X,ITT,OPAH,1,"Residualfreiheitsgrade, Sensitivität ITT.OPAH, Sprint 30 m","Plan 12.09., K22 nachträglich",
S17.T.Z30.X.ITT.OPAH,S17,T,Z30,X,ITT,OPAH,1,"t von b1, Sensitivität ITT.OPAH, Sprint 30 m","Plan 12.09., K22 nachträglich",
S17.P.Z30.X.ITT.OPAH,S17,P,Z30,X,ITT,OPAH,1,"p von b1, zweiseitig, Sensitivität ITT.OPAH, Sprint 30 m","Plan 12.09., K22 nachträglich",
S17.KIU.Z30.X.ITT.OPAH,S17,KIU,Z30,X,ITT,OPAH,s,"untere KI-Grenze b1, Sensitivität ITT.OPAH, Sprint 30 m","Plan 12.09., K22 nachträglich",
S17.KIO.Z30.X.ITT.OPAH,S17,KIO,Z30,X,ITT,OPAH,s,"obere KI-Grenze b1, Sensitivität ITT.OPAH, Sprint 30 m","Plan 12.09., K22 nachträglich",
S17.NIG.Z30.X.ITT.OPAH,S17,NIG,Z30,X,ITT,OPAH,1,"n IG, Sensitivität ITT.OPAH, Sprint 30 m","Plan 12.09., K22 nachträglich",
S17.NKG.Z30.X.ITT.OPAH,S17,NKG,Z30,X,ITT,OPAH,1,"n KG, Sensitivität ITT.OPAH, Sprint 30 m","Plan 12.09., K22 nachträglich",
S17.B1.CM.X.ITT.OPAH,S17,B1,CM,X,ITT,OPAH,s,"Gruppenkoeffizient b1 (IG − KG), Sensitivität ITT.OPAH, 505 Seitenmittel","Plan 12.09., K22 nachträglich",
S17.SEB1.CM.X.ITT.OPAH,S17,SEB1,CM,X,ITT,OPAH,s,"SE b1, Sensitivität ITT.OPAH, 505 Seitenmittel","Plan 12.09., K22 nachträglich",
S17.DF.CM.X.ITT.OPAH,S17,DF,CM,X,ITT,OPAH,1,"Residualfreiheitsgrade, Sensitivität ITT.OPAH, 505 Seitenmittel","Plan 12.09., K22 nachträglich",
S17.T.CM.X.ITT.OPAH,S17,T,CM,X,ITT,OPAH,1,"t von b1, Sensitivität ITT.OPAH, 505 Seitenmittel","Plan 12.09., K22 nachträglich",
S17.P.CM.X.ITT.OPAH,S17,P,CM,X,ITT,OPAH,1,"p von b1, zweiseitig, Sensitivität ITT.OPAH, 505 Seitenmittel","Plan 12.09., K22 nachträglich",
S17.KIU.CM.X.ITT.OPAH,S17,KIU,CM,X,ITT,OPAH,s,"untere KI-Grenze b1, Sensitivität ITT.OPAH, 505 Seitenmittel","Plan 12.09., K22 nachträglich",
S17.KIO.CM.X.ITT.OPAH,S17,KIO,CM,X,ITT,OPAH,s,"obere KI-Grenze b1, Sensitivität ITT.OPAH, 505 Seitenmittel","Plan 12.09., K22 nachträglich",
S17.NIG.CM.X.ITT.OPAH,S17,NIG,CM,X,ITT,OPAH,1,"n IG, Sensitivität ITT.OPAH, 505 Seitenmittel","Plan 12.09., K22 nachträglich",
S17.NKG.CM.X.ITT.OPAH,S17,NKG,CM,X,ITT,OPAH,1,"n KG, Sensitivität ITT.OPAH, 505 Seitenmittel","Plan 12.09., K22 nachträglich",
S17.B1.SBJ.X.ITT.OPAH,S17,B1,SBJ,X,ITT,OPAH,cm,"Gruppenkoeffizient b1 (IG − KG), Sensitivität ITT.OPAH, Standweitsprung","Plan 12.09., K22 nachträglich",
S17.SEB1.SBJ.X.ITT.OPAH,S17,SEB1,SBJ,X,ITT,OPAH,cm,"SE b1, Sensitivität ITT.OPAH, Standweitsprung","Plan 12.09., K22 nachträglich",
S17.DF.SBJ.X.ITT.OPAH,S17,DF,SBJ,X,ITT,OPAH,1,"Residualfreiheitsgrade, Sensitivität ITT.OPAH, Standweitsprung","Plan 12.09., K22 nachträglich",
S17.T.SBJ.X.ITT.OPAH,S17,T,SBJ,X,ITT,OPAH,1,"t von b1, Sensitivität ITT.OPAH, Standweitsprung","Plan 12.09., K22 nachträglich",
S17.P.SBJ.X.ITT.OPAH,S17,P,SBJ,X,ITT,OPAH,1,"p von b1, zweiseitig, Sensitivität ITT.OPAH, Standweitsprung","Plan 12.09., K22 nachträglich",
S17.KIU.SBJ.X.ITT.OPAH,S17,KIU,SBJ,X,ITT,OPAH,cm,"untere KI-Grenze b1, Sensitivität ITT.OPAH, Standweitsprung","Plan 12.09., K22 nachträglich",
S17.KIO.SBJ.X.ITT.OPAH,S17,KIO,SBJ,X,ITT,OPAH,cm,"obere KI-Grenze b1, Sensitivität ITT.OPAH, Standweitsprung","Plan 12.09., K22 nachträglich",
S17.NIG.SBJ.X.ITT.OPAH,S17,NIG,SBJ,X,ITT,OPAH,1,"n IG, Sensitivität ITT.OPAH, Standweitsprung","Plan 12.09., K22 nachträglich",
S17.NKG.SBJ.X.ITT.OPAH,S17,NKG,SBJ,X,ITT,OPAH,1,"n KG, Sensitivität ITT.OPAH, Standweitsprung","Plan 12.09., K22 nachträglich",
S17.B1.Z30.X.FAMS.FAMB,S17,B1,Z30,X,FAMS,FAMB,s,"Gruppenkoeffizient b1 (IG − KG), Sensitivität FAMS.FAMB, Sprint 30 m",Plan 12.09.,
S17.SEB1.Z30.X.FAMS.FAMB,S17,SEB1,Z30,X,FAMS,FAMB,s,"SE b1, Sensitivität FAMS.FAMB, Sprint 30 m",Plan 12.09.,
S17.DF.Z30.X.FAMS.FAMB,S17,DF,Z30,X,FAMS,FAMB,1,"Residualfreiheitsgrade, Sensitivität FAMS.FAMB, Sprint 30 m",Plan 12.09.,
S17.T.Z30.X.FAMS.FAMB,S17,T,Z30,X,FAMS,FAMB,1,"t von b1, Sensitivität FAMS.FAMB, Sprint 30 m",Plan 12.09.,
S17.P.Z30.X.FAMS.FAMB,S17,P,Z30,X,FAMS,FAMB,1,"p von b1, zweiseitig, Sensitivität FAMS.FAMB, Sprint 30 m",Plan 12.09.,
S17.KIU.Z30.X.FAMS.FAMB,S17,KIU,Z30,X,FAMS,FAMB,s,"untere KI-Grenze b1, Sensitivität FAMS.FAMB, Sprint 30 m",Plan 12.09.,
S17.KIO.Z30.X.FAMS.FAMB,S17,KIO,Z30,X,FAMS,FAMB,s,"obere KI-Grenze b1, Sensitivität FAMS.FAMB, Sprint 30 m",Plan 12.09.,
S17.NIG.Z30.X.FAMS.FAMB,S17,NIG,Z30,X,FAMS,FAMB,1,"n IG, Sensitivität FAMS.FAMB, Sprint 30 m",Plan 12.09.,
S17.NKG.Z30.X.FAMS.FAMB,S17,NKG,Z30,X,FAMS,FAMB,1,"n KG, Sensitivität FAMS.FAMB, Sprint 30 m",Plan 12.09.,
S17.B1.CM.X.FAMS.FAMB,S17,B1,CM,X,FAMS,FAMB,s,"Gruppenkoeffizient b1 (IG − KG), Sensitivität FAMS.FAMB, 505 Seitenmittel",Plan 12.09.,
S17.SEB1.CM.X.FAMS.FAMB,S17,SEB1,CM,X,FAMS,FAMB,s,"SE b1, Sensitivität FAMS.FAMB, 505 Seitenmittel",Plan 12.09.,
S17.DF.CM.X.FAMS.FAMB,S17,DF,CM,X,FAMS,FAMB,1,"Residualfreiheitsgrade, Sensitivität FAMS.FAMB, 505 Seitenmittel",Plan 12.09.,
S17.T.CM.X.FAMS.FAMB,S17,T,CM,X,FAMS,FAMB,1,"t von b1, Sensitivität FAMS.FAMB, 505 Seitenmittel",Plan 12.09.,
S17.P.CM.X.FAMS.FAMB,S17,P,CM,X,FAMS,FAMB,1,"p von b1, zweiseitig, Sensitivität FAMS.FAMB, 505 Seitenmittel",Plan 12.09.,
S17.KIU.CM.X.FAMS.FAMB,S17,KIU,CM,X,FAMS,FAMB,s,"untere KI-Grenze b1, Sensitivität FAMS.FAMB, 505 Seitenmittel",Plan 12.09.,
S17.KIO.CM.X.FAMS.FAMB,S17,KIO,CM,X,FAMS,FAMB,s,"obere KI-Grenze b1, Sensitivität FAMS.FAMB, 505 Seitenmittel",Plan 12.09.,
S17.NIG.CM.X.FAMS.FAMB,S17,NIG,CM,X,FAMS,FAMB,1,"n IG, Sensitivität FAMS.FAMB, 505 Seitenmittel",Plan 12.09.,
S17.NKG.CM.X.FAMS.FAMB,S17,NKG,CM,X,FAMS,FAMB,1,"n KG, Sensitivität FAMS.FAMB, 505 Seitenmittel",Plan 12.09.,
S17.B1.SBJ.X.FAMS.FAMB,S17,B1,SBJ,X,FAMS,FAMB,cm,"Gruppenkoeffizient b1 (IG − KG), Sensitivität FAMS.FAMB, Standweitsprung",Plan 12.09.,
S17.SEB1.SBJ.X.FAMS.FAMB,S17,SEB1,SBJ,X,FAMS,FAMB,cm,"SE b1, Sensitivität FAMS.FAMB, Standweitsprung",Plan 12.09.,
S17.DF.SBJ.X.FAMS.FAMB,S17,DF,SBJ,X,FAMS,FAMB,1,"Residualfreiheitsgrade, Sensitivität FAMS.FAMB, Standweitsprung",Plan 12.09.,
S17.T.SBJ.X.FAMS.FAMB,S17,T,SBJ,X,FAMS,FAMB,1,"t von b1, Sensitivität FAMS.FAMB, Standweitsprung",Plan 12.09.,
S17.P.SBJ.X.FAMS.FAMB,S17,P,SBJ,X,FAMS,FAMB,1,"p von b1, zweiseitig, Sensitivität FAMS.FAMB, Standweitsprung",Plan 12.09.,
S17.KIU.SBJ.X.FAMS.FAMB,S17,KIU,SBJ,X,FAMS,FAMB,cm,"untere KI-Grenze b1, Sensitivität FAMS.FAMB, Standweitsprung",Plan 12.09.,
S17.KIO.SBJ.X.FAMS.FAMB,S17,KIO,SBJ,X,FAMS,FAMB,cm,"obere KI-Grenze b1, Sensitivität FAMS.FAMB, Standweitsprung",Plan 12.09.,
S17.NIG.SBJ.X.FAMS.FAMB,S17,NIG,SBJ,X,FAMS,FAMB,1,"n IG, Sensitivität FAMS.FAMB, Standweitsprung",Plan 12.09.,
S17.NKG.SBJ.X.FAMS.FAMB,S17,NKG,SBJ,X,FAMS,FAMB,1,"n KG, Sensitivität FAMS.FAMB, Standweitsprung",Plan 12.09.,
S17.N.Z30.DIFF.ITTIG.F1,S17,N,Z30,DIFF,ITTIG,F1,1,"n von BEST post − BEST prä bei Familiarisierung 1, Menge ITTIG, Sprint 30 m",Plan 12.09.,
S17.N.Z30.DIFF.ITTIG.F2,S17,N,Z30,DIFF,ITTIG,F2,1,"n von BEST post − BEST prä bei Familiarisierung 2, Menge ITTIG, Sprint 30 m",Plan 12.09.,
S17.N.Z30.DIFF.ITTKG.F1,S17,N,Z30,DIFF,ITTKG,F1,1,"n von BEST post − BEST prä bei Familiarisierung 1, Menge ITTKG, Sprint 30 m",Plan 12.09.,
S17.N.Z30.DIFF.ITTKG.F2,S17,N,Z30,DIFF,ITTKG,F2,1,"n von BEST post − BEST prä bei Familiarisierung 2, Menge ITTKG, Sprint 30 m",Plan 12.09.,
S17.N.CM.DIFF.ITTIG.F1,S17,N,CM,DIFF,ITTIG,F1,1,"n von BEST post − BEST prä bei Familiarisierung 1, Menge ITTIG, 505 Seitenmittel",Plan 12.09.,
S17.N.CM.DIFF.ITTIG.F2,S17,N,CM,DIFF,ITTIG,F2,1,"n von BEST post − BEST prä bei Familiarisierung 2, Menge ITTIG, 505 Seitenmittel",Plan 12.09.,
S17.N.CM.DIFF.ITTKG.F1,S17,N,CM,DIFF,ITTKG,F1,1,"n von BEST post − BEST prä bei Familiarisierung 1, Menge ITTKG, 505 Seitenmittel",Plan 12.09.,
S17.N.CM.DIFF.ITTKG.F2,S17,N,CM,DIFF,ITTKG,F2,1,"n von BEST post − BEST prä bei Familiarisierung 2, Menge ITTKG, 505 Seitenmittel",Plan 12.09.,
S17.N.SBJ.DIFF.ITTIG.F1,S17,N,SBJ,DIFF,ITTIG,F1,1,"n von BEST post − BEST prä bei Familiarisierung 1, Menge ITTIG, Standweitsprung",Plan 12.09.,
S17.N.SBJ.DIFF.ITTIG.F2,S17,N,SBJ,DIFF,ITTIG,F2,1,"n von BEST post − BEST prä bei Familiarisierung 2, Menge ITTIG, Standweitsprung",Plan 12.09.,
S17.N.SBJ.DIFF.ITTKG.F1,S17,N,SBJ,DIFF,ITTKG,F1,1,"n von BEST post − BEST prä bei Familiarisierung 1, Menge ITTKG, Standweitsprung",Plan 12.09.,
S17.N.SBJ.DIFF.ITTKG.F2,S17,N,SBJ,DIFF,ITTKG,F2,1,"n von BEST post − BEST prä bei Familiarisierung 2, Menge ITTKG, Standweitsprung",Plan 12.09.,
S17.M.Z30.DIFF.ITTIG.F1,S17,M,Z30,DIFF,ITTIG,F1,s,"Mittel von BEST post − BEST prä bei Familiarisierung 1, Menge ITTIG, Sprint 30 m",Plan 12.09.,
S17.M.Z30.DIFF.ITTIG.F2,S17,M,Z30,DIFF,ITTIG,F2,s,"Mittel von BEST post − BEST prä bei Familiarisierung 2, Menge ITTIG, Sprint 30 m",Plan 12.09.,
S17.M.Z30.DIFF.ITTKG.F1,S17,M,Z30,DIFF,ITTKG,F1,s,"Mittel von BEST post − BEST prä bei Familiarisierung 1, Menge ITTKG, Sprint 30 m",Plan 12.09.,
S17.M.Z30.DIFF.ITTKG.F2,S17,M,Z30,DIFF,ITTKG,F2,s,"Mittel von BEST post − BEST prä bei Familiarisierung 2, Menge ITTKG, Sprint 30 m",Plan 12.09.,
S17.M.CM.DIFF.ITTIG.F1,S17,M,CM,DIFF,ITTIG,F1,s,"Mittel von BEST post − BEST prä bei Familiarisierung 1, Menge ITTIG, 505 Seitenmittel",Plan 12.09.,
S17.M.CM.DIFF.ITTIG.F2,S17,M,CM,DIFF,ITTIG,F2,s,"Mittel von BEST post − BEST prä bei Familiarisierung 2, Menge ITTIG, 505 Seitenmittel",Plan 12.09.,
S17.M.CM.DIFF.ITTKG.F1,S17,M,CM,DIFF,ITTKG,F1,s,"Mittel von BEST post − BEST prä bei Familiarisierung 1, Menge ITTKG, 505 Seitenmittel",Plan 12.09.,
S17.M.CM.DIFF.ITTKG.F2,S17,M,CM,DIFF,ITTKG,F2,s,"Mittel von BEST post − BEST prä bei Familiarisierung 2, Menge ITTKG, 505 Seitenmittel",Plan 12.09.,
S17.M.SBJ.DIFF.ITTIG.F1,S17,M,SBJ,DIFF,ITTIG,F1,cm,"Mittel von BEST post − BEST prä bei Familiarisierung 1, Menge ITTIG, Standweitsprung",Plan 12.09.,
S17.M.SBJ.DIFF.ITTIG.F2,S17,M,SBJ,DIFF,ITTIG,F2,cm,"Mittel von BEST post − BEST prä bei Familiarisierung 2, Menge ITTIG, Standweitsprung",Plan 12.09.,
S17.M.SBJ.DIFF.ITTKG.F1,S17,M,SBJ,DIFF,ITTKG,F1,cm,"Mittel von BEST post − BEST prä bei Familiarisierung 1, Menge ITTKG, Standweitsprung",Plan 12.09.,
S17.M.SBJ.DIFF.ITTKG.F2,S17,M,SBJ,DIFF,ITTKG,F2,cm,"Mittel von BEST post − BEST prä bei Familiarisierung 2, Menge ITTKG, Standweitsprung",Plan 12.09.,
S17.SD.Z30.DIFF.ITTIG.F1,S17,SD,Z30,DIFF,ITTIG,F1,s,"SD von BEST post − BEST prä bei Familiarisierung 1, Menge ITTIG, Sprint 30 m",Plan 12.09.,
S17.SD.Z30.DIFF.ITTIG.F2,S17,SD,Z30,DIFF,ITTIG,F2,s,"SD von BEST post − BEST prä bei Familiarisierung 2, Menge ITTIG, Sprint 30 m",Plan 12.09.,
S17.SD.Z30.DIFF.ITTKG.F1,S17,SD,Z30,DIFF,ITTKG,F1,s,"SD von BEST post − BEST prä bei Familiarisierung 1, Menge ITTKG, Sprint 30 m",Plan 12.09.,
S17.SD.Z30.DIFF.ITTKG.F2,S17,SD,Z30,DIFF,ITTKG,F2,s,"SD von BEST post − BEST prä bei Familiarisierung 2, Menge ITTKG, Sprint 30 m",Plan 12.09.,
S17.SD.CM.DIFF.ITTIG.F1,S17,SD,CM,DIFF,ITTIG,F1,s,"SD von BEST post − BEST prä bei Familiarisierung 1, Menge ITTIG, 505 Seitenmittel",Plan 12.09.,
S17.SD.CM.DIFF.ITTIG.F2,S17,SD,CM,DIFF,ITTIG,F2,s,"SD von BEST post − BEST prä bei Familiarisierung 2, Menge ITTIG, 505 Seitenmittel",Plan 12.09.,
S17.SD.CM.DIFF.ITTKG.F1,S17,SD,CM,DIFF,ITTKG,F1,s,"SD von BEST post − BEST prä bei Familiarisierung 1, Menge ITTKG, 505 Seitenmittel",Plan 12.09.,
S17.SD.CM.DIFF.ITTKG.F2,S17,SD,CM,DIFF,ITTKG,F2,s,"SD von BEST post − BEST prä bei Familiarisierung 2, Menge ITTKG, 505 Seitenmittel",Plan 12.09.,
S17.SD.SBJ.DIFF.ITTIG.F1,S17,SD,SBJ,DIFF,ITTIG,F1,cm,"SD von BEST post − BEST prä bei Familiarisierung 1, Menge ITTIG, Standweitsprung",Plan 12.09.,
S17.SD.SBJ.DIFF.ITTIG.F2,S17,SD,SBJ,DIFF,ITTIG,F2,cm,"SD von BEST post − BEST prä bei Familiarisierung 2, Menge ITTIG, Standweitsprung",Plan 12.09.,
S17.SD.SBJ.DIFF.ITTKG.F1,S17,SD,SBJ,DIFF,ITTKG,F1,cm,"SD von BEST post − BEST prä bei Familiarisierung 1, Menge ITTKG, Standweitsprung",Plan 12.09.,
S17.SD.SBJ.DIFF.ITTKG.F2,S17,SD,SBJ,DIFF,ITTKG,F2,cm,"SD von BEST post − BEST prä bei Familiarisierung 2, Menge ITTKG, Standweitsprung",Plan 12.09.,
S18.NTOT.Z10.X.ITT.X,S18,NTOT,Z10,X,ITT,X,1,"N = n_IG + n_KG, Sprint 10 m","Plan 12.09., O9 P7 nachträglich",
S18.NTOT.Z30.X.ITT.X,S18,NTOT,Z30,X,ITT,X,1,"N = n_IG + n_KG, Sprint 30 m","Plan 12.09., O9 P7 nachträglich",
S18.NTOT.SBJ.X.ITT.X,S18,NTOT,SBJ,X,ITT,X,1,"N = n_IG + n_KG, Standweitsprung","Plan 12.09., O9 P7 nachträglich",
S18.NTOT.CM.X.ITT.X,S18,NTOT,CM,X,ITT,X,1,"N = n_IG + n_KG, 505 Seitenmittel","Plan 12.09., O9 P7 nachträglich",
S18.DF1.Z10.X.ITT.X,S18,DF1,Z10,X,ITT,X,1,"df1, Sprint 10 m","Plan 12.09., O9 P7 nachträglich",
S18.DF1.Z30.X.ITT.X,S18,DF1,Z30,X,ITT,X,1,"df1, Sprint 30 m","Plan 12.09., O9 P7 nachträglich",
S18.DF1.SBJ.X.ITT.X,S18,DF1,SBJ,X,ITT,X,1,"df1, Standweitsprung","Plan 12.09., O9 P7 nachträglich",
S18.DF1.CM.X.ITT.X,S18,DF1,CM,X,ITT,X,1,"df1, 505 Seitenmittel","Plan 12.09., O9 P7 nachträglich",
S18.DF2.Z10.X.ITT.X,S18,DF2,Z10,X,ITT,X,1,"df2 = N − 4, Sprint 10 m","Plan 12.09., O9 P7 nachträglich",
S18.DF2.Z30.X.ITT.X,S18,DF2,Z30,X,ITT,X,1,"df2 = N − 4, Sprint 30 m","Plan 12.09., O9 P7 nachträglich",
S18.DF2.SBJ.X.ITT.X,S18,DF2,SBJ,X,ITT,X,1,"df2 = N − 4, Standweitsprung","Plan 12.09., O9 P7 nachträglich",
S18.DF2.CM.X.ITT.X,S18,DF2,CM,X,ITT,X,1,"df2 = N − 4, 505 Seitenmittel","Plan 12.09., O9 P7 nachträglich",
S18.FCRIT.Z10.X.ITT.X,S18,FCRIT,Z10,X,ITT,X,1,"kritischer F-Wert, Sprint 10 m","Plan 12.09., O9 P7 nachträglich",
S18.FCRIT.Z30.X.ITT.X,S18,FCRIT,Z30,X,ITT,X,1,"kritischer F-Wert, Sprint 30 m","Plan 12.09., O9 P7 nachträglich",
S18.FCRIT.SBJ.X.ITT.X,S18,FCRIT,SBJ,X,ITT,X,1,"kritischer F-Wert, Standweitsprung","Plan 12.09., O9 P7 nachträglich",
S18.FCRIT.CM.X.ITT.X,S18,FCRIT,CM,X,ITT,X,1,"kritischer F-Wert, 505 Seitenmittel","Plan 12.09., O9 P7 nachträglich",
S18.MDES.Z30.X.ITT.X,S18,MDES,Z30,X,ITT,X,1,"MDES d*, Sprint 30 m","Plan 12.09., O9 P7 nachträglich",
S18.MDES.SBJ.X.ITT.X,S18,MDES,SBJ,X,ITT,X,1,"MDES d*, Standweitsprung","Plan 12.09., O9 P7 nachträglich",
S18.MDES.CM.X.ITT.X,S18,MDES,CM,X,ITT,X,1,"MDES d*, 505 Seitenmittel","Plan 12.09., O9 P7 nachträglich",
S18.MDESR.Z30.X.ITT.X,S18,MDESR,Z30,X,ITT,X,1,"d* / 0,2, Sprint 30 m","Plan 12.09., O9 P7 nachträglich",
S18.MDESR.SBJ.X.ITT.X,S18,MDESR,SBJ,X,ITT,X,1,"d* / 0,2, Standweitsprung","Plan 12.09., O9 P7 nachträglich",
S18.MDESR.CM.X.ITT.X,S18,MDESR,CM,X,ITT,X,1,"d* / 0,2, 505 Seitenmittel","Plan 12.09., O9 P7 nachträglich",
S18.POW.Z10.X.ITT.D006,S18,POW,Z10,X,ITT,D006,1,"Power bei d = 0,06, Sprint 10 m","Plan 12.09., O9 P7 nachträglich",
S18.POW.Z10.X.ITT.D011,S18,POW,Z10,X,ITT,D011,1,"Power bei d = 0,11, Sprint 10 m","Plan 12.09., O9 P7 nachträglich",
S18.POW.Z30.X.ITT.D037,S18,POW,Z30,X,ITT,D037,1,"Power bei d = 0,37, Sprint 30 m","Plan 12.09., O9 P7 nachträglich",
S18.POW.Z30.X.ITT.D093,S18,POW,Z30,X,ITT,D093,1,"Power bei d = 0,93, Sprint 30 m","Plan 12.09., O9 P7 nachträglich",
S18.POW.SBJ.X.ITT.D037,S18,POW,SBJ,X,ITT,D037,1,"Power bei d = 0,37, Standweitsprung","Plan 12.09., O9 P7 nachträglich",
S18.POW.SBJ.X.ITT.D093,S18,POW,SBJ,X,ITT,D093,1,"Power bei d = 0,93, Standweitsprung","Plan 12.09., O9 P7 nachträglich",
S18.POW.CM.X.ITT.D037,S18,POW,CM,X,ITT,D037,1,"Power bei d = 0,37, 505 Seitenmittel","Plan 12.09., O9 P7 nachträglich",
S18.POW.CM.X.ITT.D093,S18,POW,CM,X,ITT,D093,1,"Power bei d = 0,93, 505 Seitenmittel","Plan 12.09., O9 P7 nachträglich",
S19.BKIU.Z30.X.ITT.BOOT,S19,BKIU,Z30,X,ITT,BOOT,s,"untere Bootstrap-Perzentilgrenze b1, Sprint 30 m","nachträglich (O8, Nachtrag N3)",
S19.BKIU.CM.X.ITT.BOOT,S19,BKIU,CM,X,ITT,BOOT,s,"untere Bootstrap-Perzentilgrenze b1, 505 Seitenmittel","nachträglich (O8, Nachtrag N3)",
S19.BKIU.SBJ.X.ITT.BOOT,S19,BKIU,SBJ,X,ITT,BOOT,cm,"untere Bootstrap-Perzentilgrenze b1, Standweitsprung","nachträglich (O8, Nachtrag N3)",
S19.BKIO.Z30.X.ITT.BOOT,S19,BKIO,Z30,X,ITT,BOOT,s,"obere Bootstrap-Perzentilgrenze b1, Sprint 30 m","nachträglich (O8, Nachtrag N3)",
S19.BKIO.CM.X.ITT.BOOT,S19,BKIO,CM,X,ITT,BOOT,s,"obere Bootstrap-Perzentilgrenze b1, 505 Seitenmittel","nachträglich (O8, Nachtrag N3)",
S19.BKIO.SBJ.X.ITT.BOOT,S19,BKIO,SBJ,X,ITT,BOOT,cm,"obere Bootstrap-Perzentilgrenze b1, Standweitsprung","nachträglich (O8, Nachtrag N3)",
S19.BSD.Z30.X.ITT.BOOT,S19,BSD,Z30,X,ITT,BOOT,s,"SD der gültigen b1*, Sprint 30 m","nachträglich (O8, Nachtrag N3)",
S19.BSD.CM.X.ITT.BOOT,S19,BSD,CM,X,ITT,BOOT,s,"SD der gültigen b1*, 505 Seitenmittel","nachträglich (O8, Nachtrag N3)",
S19.BSD.SBJ.X.ITT.BOOT,S19,BSD,SBJ,X,ITT,BOOT,cm,"SD der gültigen b1*, Standweitsprung","nachträglich (O8, Nachtrag N3)",
S19.BMCU.Z30.X.ITT.BOOT,S19,BMCU,Z30,X,ITT,BOOT,s,"MC-SE untere Grenze, Sprint 30 m","nachträglich (O8, Nachtrag N3)",
S19.BMCU.CM.X.ITT.BOOT,S19,BMCU,CM,X,ITT,BOOT,s,"MC-SE untere Grenze, 505 Seitenmittel","nachträglich (O8, Nachtrag N3)",
S19.BMCU.SBJ.X.ITT.BOOT,S19,BMCU,SBJ,X,ITT,BOOT,cm,"MC-SE untere Grenze, Standweitsprung","nachträglich (O8, Nachtrag N3)",
S19.BMCO.Z30.X.ITT.BOOT,S19,BMCO,Z30,X,ITT,BOOT,s,"MC-SE obere Grenze, Sprint 30 m","nachträglich (O8, Nachtrag N3)",
S19.BMCO.CM.X.ITT.BOOT,S19,BMCO,CM,X,ITT,BOOT,s,"MC-SE obere Grenze, 505 Seitenmittel","nachträglich (O8, Nachtrag N3)",
S19.BMCO.SBJ.X.ITT.BOOT,S19,BMCO,SBJ,X,ITT,BOOT,cm,"MC-SE obere Grenze, Standweitsprung","nachträglich (O8, Nachtrag N3)",
S19.BNGUELT.Z30.X.ITT.BOOT,S19,BNGUELT,Z30,X,ITT,BOOT,1,"gültige Ziehungen, Sprint 30 m","nachträglich (O8, Nachtrag N3)",
S19.BNGUELT.CM.X.ITT.BOOT,S19,BNGUELT,CM,X,ITT,BOOT,1,"gültige Ziehungen, 505 Seitenmittel","nachträglich (O8, Nachtrag N3)",
S19.BNGUELT.SBJ.X.ITT.BOOT,S19,BNGUELT,SBJ,X,ITT,BOOT,1,"gültige Ziehungen, Standweitsprung","nachträglich (O8, Nachtrag N3)",
S19.BNVERW.Z30.X.ITT.BOOT,S19,BNVERW,Z30,X,ITT,BOOT,1,"verworfene Ziehungen, Sprint 30 m","nachträglich (O8, Nachtrag N3)",
S19.BNVERW.CM.X.ITT.BOOT,S19,BNVERW,CM,X,ITT,BOOT,1,"verworfene Ziehungen, 505 Seitenmittel","nachträglich (O8, Nachtrag N3)",
S19.BNVERW.SBJ.X.ITT.BOOT,S19,BNVERW,SBJ,X,ITT,BOOT,1,"verworfene Ziehungen, Standweitsprung","nachträglich (O8, Nachtrag N3)",
