"Ziehung","b1_stern"
1,-0.0316915005142937
2,0.0581192070190304
3,-0.0871136617647281
4,-0.0165071200194585
5,-0.0845794386425698
6,0.0681161138957019
7,-0.0903729158399878
8,-0.0955034628781265
9,-0.0747396277293367
10,-0.11764759607878
11,-0.0334413009088948
12,-0.0790840113397652
13,-0.0830782583068749
14,-0.142411210840674
15,-0.0673681517831492
16,0.0149213929018689
17,0.0316846575307056
18,-0.0881878448815703
19,0.0610150749398297
20,-0.0426257668466222
21,-0.0638896471057646
22,-0.0651145628670358
23,-0.0140329399658005
24,-0.0343712757171926
25,-0.0249971720819362
26,-0.0675773247034645
27,0.0102094600834632
28,-0.0557519198408408
29,-0.0516548372945382
30,-0.0948799503622713
31,-0.11828507041415
32,-0.0036661006751017
33,-0.138903444598862
34,-0.166680519639896
35,-0.169713338138382
36,-0.0683410419832093
37,0.0342803857300579
38,0.0577556861532649
39,-0.112782881781929
40,-0.00244669136797375
41,-0.0689863818644141
42,-0.073692162951029
43,-0.100406160907418
44,0.00870754258732918
45,-0.00516014820541308
46,-0.00742690191065993
47,0.0486765508910736
48,-0.122777373825224
49,-0.189018199402777
50,-0.0218826590597404
51,-0.0749320709603107
52,-0.0816483466841564
53,-0.0627239332242306
54,0.00508479147059283
55,-0.118391233315334
56,-0.0933476276974387
57,-0.157538622169526
58,-0.0437940445508401
59,-0.0298480285709079
60,0.194056433905805
61,-0.0916659136842631
62,0.0196148709252832
63,-0.00125134004611283
64,-0.0390633575749636
65,-0.0665728292872767
66,-0.148550616440799
67,-0.0270958887885562
68,-0.0988835997537074
69,-0.0274593432239291
70,-0.0977244973322638
71,-0.0692205947345018
72,-0.113500070774761
73,-0.060949033487572
74,-0.0211809217546774
75,-0.0609130921386741
76,0.0193574534363243
77,-0.0235867144749194
78,-0.0138955095489364
79,-0.029087193635428
80,0.00693293835521187
81,-0.000888452242647091
82,-0.0538489276703802
83,-0.04268635073485
84,-0.0586750888490742
85,-0.000665188393982401
86,0.0585420673098912
87,-0.011779512633014
88,0.0852730263606624
89,-0.00943842988862175
90,-0.143441113188322
91,-0.103239916202667
92,0.103243266771032
93,-0.0734400565934649
94,0.102296500238427
95,-0.0222048705589625
96,-0.0338005283003506
97,-0.105888231047564
98,-0.128979812317658
99,-0.0715117318341242
100,-0.00169052888533485
101,-0.101014956917012
102,0.121419181747496
103,-0.0726952601891722
104,-0.0843795124193103
105,-0.0491907907080882
106,-0.0587146957357826
107,-0.182367681769782
108,-0.106902837483567
109,-0.0644648840727819
110,0.0339140905054225
111,-0.139887830028658
112,-0.0959094683005664
113,0.144771468804458
114,-0.0595734592602755
115,-0.101229081428413
116,-0.0421809656686183
117,-0.0171750134084998
118,-0.1104762897197
119,0.110105250328296
120,-0.0730033383472222
121,-0.0767057390941403
122,-0.130442620068302
123,0.0453296908543001
124,0.124214426312411
125,-0.0437549767599766
126,-0.0531694711844474
127,-0.106489612231119
128,-0.0558127443430176
129,-0.0648055496396811
130,-0.0333992491612208
131,0.0321600457462004
132,0.000122594307981023
133,-0.0435301744976051
134,-0.0484960011650544
135,-0.112938606441007
136,-0.0950454070219681
137,0.0603116416001307
138,-0.0817989164182538
139,0.0392295584521422
140,-0.16103982073589
141,-0.0919190706321402
142,-0.038637820234174
143,-0.0165523344296329
144,-0.0331161334061821
145,-0.108937262272046
146,-0.0033652395900014
147,0.00378462655647402
148,-0.0716740245227126
149,0.0863160462159718
150,-0.0130719278526246
151,-0.071296394059003
152,-0.0790336405446223
153,-0.0856398070414332
154,-0.0154045768893514
155,0.0359582209675965
156,-0.0323191060736594
157,-0.0398527122514644
158,-0.0852124125980731
159,-0.0985200630680605
160,-0.111324988861628
161,-0.0586802724852345
162,0.0319601993415652
163,-0.133848648280924
164,-0.153300454711987
165,-0.0780672809077377
166,-0.0258995423542059
167,-0.240134470853773
168,0.0663064857622804
169,0.107816307551238
170,-0.0124758160419866
171,-0.108311300495773
172,0.0576492488954518
173,-0.106193717480282
174,-0.0227129691152355
175,-0.0103245680042844
176,0.0635836277027733
177,0.0671103932667253
178,-0.115117667835124
179,-0.0349421158039691
180,-0.116847325959095
181,-0.0645198998919286
182,-0.00541662998179086
183,0.170475477609478
184,0.0280069754540592
185,0.02819837377387
186,0.0401700536075725
187,-0.0723531597051592
188,-0.0902377137361244
189,-0.0273528063003307
190,0.0637519434342541
191,-0.00916080112855965
192,-0.0455061333666943
193,0.0138039650195048
194,-0.0805953222409764
195,-0.105514565917704
196,-0.0959788376920155
197,-0.0463114637480721
198,-0.0542147635822592
199,-0.0489117440971168
200,-0.0493390183318672
201,-0.0913225989088756
202,0.0332827972884605
203,-0.0218163285566241
204,-0.155809475273207
205,-0.10326426739305
206,-0.131280164248326
207,-0.084405976398403
208,0.0750926049606094
209,-0.0137396963269499
210,-0.0738354145544812
211,0.0211018079968382
212,0.0239533965916613
213,-0.0787678036985232
214,-0.0506046896420164
215,-0.0102963993032992
216,-0.0950362610936419
217,-0.0467726647750623
218,-0.0916145464632204
219,-0.0528011165796865
220,0.00667796025225139
221,-0.0977730372165729
222,-0.0589602459351846
223,-0.029697770522276
224,0.0874481262054702
225,-0.048408304221356
226,-0.195934227403767
227,0.00903189267860128
228,-0.0891226747994463
229,-0.0342263842253488
230,-0.0144751511646602
231,-0.101812611380313
232,-0.147051928836915
233,-0.0376299908937229
234,-0.07853325040416
235,-0.0841701944115316
236,0.0234734925864085
237,-0.0381811329939153
238,-0.050583994198018
239,-0.0873604632157937
240,-0.0555421849983865
241,-0.0381167102371546
242,0.0533621568976636
243,-0.0815115303267688
244,-0.125746778034547
245,-0.0820245405092087
246,0.0120454486414226
247,-0.0656777623039793
248,-0.0514155493225639
249,-0.103329504917907
250,-0.0243266801458027
251,-0.0673728025635801
252,-0.00426981577198258
253,0.00978586570340009
254,-0.0503031817800071
255,-0.0182628035676536
256,-0.033771738552502
257,-0.017245235401667
258,0.173955919758389
259,-0.0352776028185334
260,-0.000348834362765583
261,0.00532925890174353
262,-0.153296261702372
263,-0.0325230075229005
264,-0.0997899556827684
265,-0.0478306867884691
266,0.0573282128361054
267,-0.0779510524327907
268,-0.105605552052192
269,-0.0110762012752632
270,-0.184672029001836
271,0.0675822556787344
272,0.0212648820941114
273,-0.000479650781096316
274,-0.0990061354802352
275,-0.101279530657062
276,-0.0070505149718058
277,-0.128856544607433
278,-0.236142873205885
279,-0.0298582703473919
280,0.0169576423483617
281,0.0401550138054827
282,-0.0505319497282658
283,0.0330394901959567
284,-0.0511340244299416
285,-0.0660914565263345
286,0.00186454746314358
287,-0.0528420936940777
288,-0.105366826027418
289,-0.088630406191378
290,0.0221842061889439
291,-0.196313070943828
292,-0.00415784451112212
293,-0.0754451795749759
294,-0.121447499171198
295,0.010179082458428
296,-0.116513569504149
297,0.0695194757474937
298,-0.139961049142623
299,-0.0277897177222114
300,-0.011960624588585
301,0.00582174869508074
302,-0.0626692722864867
303,-0.163871988674971
304,-0.0766869796716731
305,-0.0813763593544628
306,-0.189672958377955
307,-0.161559980652637
308,-0.032987193249651
309,0.0100672022430804
310,-0.0159138765367907
311,0.0277753631370955
312,-0.108074732216584
313,0.0138459493660842
314,0.0259181182608352
315,-0.0738989726770601
316,-0.0441269979185341
317,-0.130224371958308
318,-0.0159268785313395
319,0.0352940498902631
320,0.0197489541536523
321,-0.0490739411713571
322,-0.0756346126739032
323,0.0391342816321661
324,-0.0337428655155968
325,-0.0849712103432221
326,-0.0260751427343023
327,-0.134707171005098
328,0.0257015370396529
329,0.0158187425756898
330,-0.138432362913514
331,0.0071384537986644
332,0.0682013795158737
333,-0.0842703338506375
334,-0.0103469134811801
335,-0.0569470245287733
336,-0.0826010083011133
337,0.055770636328541
338,-0.0768973246783712
339,-0.0664083237612809
340,-0.108518312425632
341,-0.154174442264874
342,0.0197585963368559
343,0.0437228802072149
344,0.0243429122674989
345,-0.155001455856964
346,0.0323556175165196
347,-0.0495236031817878
348,-0.0257150530404771
349,-0.0725199053662089
350,-0.0608846649436881
351,-0.0105830966264932
352,0.0506160539163937
353,-0.0257258337661039
354,-0.0945301841722762
355,-0.195211360596193
356,-0.00488719391971633
357,0.0221573692036272
358,-0.102907147683476
359,-0.0944463365391691
360,0.158109515951071
361,0.0605079370150266
362,-0.0218153895460861
363,-0.138589566991103
364,-0.0902042327323396
365,-0.122120525791579
366,-0.0486809419521856
367,-0.100020629444146
368,-0.0615615006195942
369,0.0233838500032126
370,0.054898990211777
371,0.0775521521429502
372,0.123650904383243
373,0.0089710492487275
374,-0.117729934660606
375,-0.124483545267805
376,-0.0687185720822073
377,-0.0948497209124555
378,-0.0151703376183582
379,-0.109320562473577
380,-0.0898338121938702
381,-0.0567867057966419
382,-0.0634269391196047
383,-0.0295570552586366
384,-0.00784415557355966
385,-0.0259545190191458
386,-0.0473737434655436
387,-0.220829021494456
388,0.100390012813047
389,0.0630199082468201
390,-0.0268683826893287
391,-0.178337534894116
392,0.0236864088276341
393,-0.0499253639951946
394,-0.0408973219840211
395,-0.0838833813358286
396,-0.0457527847187327
397,-0.0907209118686202
398,-0.0907454379650578
399,0.0337821144939678
400,-0.0776374940076049
401,-0.134158357128469
402,0.0245492521128991
403,-0.185741538999477
404,0.0457379554893707
405,-0.093355440639756
406,-0.0916196876611124
407,-0.0596877874108395
408,-0.0619967118956665
409,-0.00325470777386574
410,0.00642794577838126
411,-0.129244015096882
412,-0.0220535845029844
413,-0.0654269721295015
414,-0.00523047529680305
415,-0.184554602935286
416,0.0288741166769687
417,-0.0638296517466585
418,-0.0593353565894415
419,-0.0578616105701714
420,-0.155718376909845
421,-0.0471649948511124
422,0.0324344711496768
423,-0.156780116585577
424,-0.0614612830035854
425,0.23623642953247
426,-0.0928824757600369
427,-0.144681857650208
428,-0.0559742901819056
429,-0.0150445296536689
430,0.0386470514426486
431,-0.0628313043412258
432,-0.0866866631900977
433,-0.0430615311214495
434,-0.0261193734921296
435,-0.093214945524098
436,-0.122242483630389
437,-0.0680992883771195
438,-0.15855102329801
439,-0.00418183112663218
440,-0.0670784419727806
441,-0.0727026279599882
442,-0.0484000291126361
443,-0.133350706757421
444,0.00113786350840426
445,-0.0732075958780443
446,-0.00957624425557631
447,-0.0716309537038756
448,-0.0468262770825991
449,-0.0713313406324427
450,-0.132542119200727
451,-0.0781772159957654
452,0.00754692569256491
453,-0.163460647032102
454,-0.0310079962882867
455,-0.0557709843491544
456,-0.0241351258607318
457,0.100574919933778
458,-0.159238331042973
459,-0.088916263492137
460,-0.0153460921353327
461,-0.0806035947825887
462,0.0403777899617724
463,-0.0322500301900162
464,-0.040724247683745
465,-0.232079397258726
466,-0.0741880964587692
467,-0.053414126139449
468,-0.00259688291486571
469,-0.0942835585166134
470,0.0436507762172826
471,0.0419550762859168
472,-0.0543015410594672
473,-0.0640282374938315
474,-0.167611887565779
475,-0.0020315030636238
476,-0.166276524064083
477,0.024229193391105
478,-0.0911620810527785
479,-0.147126289384441
480,-0.0650147430775988
481,0.0223795228458929
482,-0.0296333379182146
483,-0.045237899663597
484,0.0395612288641193
485,0.0993531672296819
486,-0.159838693543899
487,0.0308928709001506
488,-0.0964743604547721
489,-0.151344579196692
490,0.0575606309883921
491,0.0499073916255128
492,-0.111694889815616
493,-0.00124750769361103
494,-0.0235577859517959
495,0.00474192108644786
496,0.0406936804672346
497,-0.141675006581341
498,-0.0574047680002125
499,0.0119056078212829
500,-0.09569335838739
501,-0.0414582628824294
502,-0.00512870457007304
503,-0.253492897290526
504,0.000365557582824264
505,-0.027499040328975
506,-0.0822484259534463
507,0.0691019591060105
508,-0.0328595832318819
509,0.120186107584291
510,-0.113423560771153
511,0.048528353851134
512,-0.0196334761663442
513,-0.00502901981771904
514,-0.0295942635423023
515,-0.0319316277539186
516,-0.0301510174555167
517,0.0188163176834997
518,-0.173054999572719
519,-0.0488534379015561
520,-0.032966096351264
521,-0.269339530017237
522,-0.0016895294643091
523,-0.0165704541798308
524,-0.066828217069986
525,-0.0175491867488744
526,-0.00515238512508721
527,0.105528629312469
528,-0.0584343459334178
529,-0.0714761550009172
530,-0.0850306230316006
531,-0.0248658134966162
532,-0.164094998419488
533,-0.267824812179826
534,-0.0495591989679453
535,-0.0181344639632493
536,-0.0428084586787712
537,-0.0828678655742751
538,0.0357382388723584
539,-0.125401578817595
540,-0.0714946140898713
541,-0.0635276486284081
542,-0.0227773316652934
543,0.0513155405678266
544,-0.0546398261275409
545,0.000518424330854093
546,-0.247848184033272
547,-0.108460415864765
548,0.00371392104457036
549,-0.199866518721385
550,-0.0764767873271695
551,-0.0372217109051583
552,0.0027045409783407
553,-0.0890046600184126
554,-0.112746672929812
555,-0.0638098484339779
556,-0.0496203083108085
557,-0.103425601218808
558,0.0855477139494733
559,0.0124017233959715
560,0.204775758867016
561,-0.0853497435498202
562,0.00567648717575382
563,-0.0516130234463928
564,0.0605433061330205
565,0.00157569089479929
566,-0.136263108040897
567,-0.011362109071376
568,-0.108096742039514
569,-0.0818033549618922
570,0.0169354429583261
571,-0.205596266822846
572,-0.119308968852677
573,-0.123816666625349
574,0.112984071206663
575,-0.174935955060922
576,-0.0684076560217218
577,-0.115103431479535
578,-0.0422331403262763
579,-0.0277354837553971
580,-0.0187612164263343
581,-0.0250548157066772
582,-0.106931879210633
583,0.103247987245164
584,-0.0326787169917645
585,0.0865590576192637
586,0.0618603076260796
587,-0.0602866277984002
588,0.00734123154792931
589,0.20309140113979
590,-0.0165620015155173
591,-0.230203666060955
592,-0.035608560804603
593,0.0206355812173931
594,-0.0175747430936872
595,0.0401725372947213
596,-0.0886772386411386
597,-0.0606465177836403
598,-0.124871938277775
599,0.00255784715210239
600,-0.0658319299023653
601,-0.00684653076437987
602,0.00716366673335459
603,-0.150162406912017
604,0.0442147218433959
605,-0.0998732913921766
606,-0.0011726799917664
607,-0.0876811371682129
608,-0.108543613566902
609,0.151522625419217
610,-0.166523595654235
611,-0.0411716364439646
612,-0.162058188968771
613,-0.12777389727417
614,0.011616024540595
615,-0.0537052216602296
616,-0.0264459071341303
617,-0.060088423816431
618,-0.024770666607929
619,-0.0601474589779639
620,0.0120406640891545
621,-3.77521162559563e-05
622,0.0142606111533476
623,-0.0569398116713193
624,-0.092703161749652
625,-0.110433074749919
626,-0.0711485658866847
627,-0.123491840631537
628,-0.0273694134999572
629,-0.00858235520301333
630,0.0469867673269911
631,-0.0621486601476832
632,-0.0649122184956868
633,-0.0299506315874971
634,-0.0786786244946368
635,-0.0921377320383771
636,-0.0273010032615157
637,-0.136873689540378
638,-0.0471737057199767
639,-0.0188685912745877
640,0.0410882111891111
641,-0.196689355723678
642,-0.219550075879003
643,-0.0595877649171748
644,-0.0809458757476598
645,-0.0480718745158905
646,0.0255970078167085
647,-0.0413975233139809
648,-0.0919756406986093
649,0.00217178003819446
650,0.073418552061688
651,-0.0218577844320796
652,0.0560989994213054
653,0.0221960111281227
654,-0.0651121035504253
655,-0.0532946838090805
656,0.0221258888837718
657,-0.0862352468183309
658,-0.0502091716981718
659,-0.157181497301882
660,-0.161808774187021
661,-0.0143886003742868
662,-0.119663409564983
663,-0.0718334333780632
664,-0.129983591752051
665,-0.0299418360036672
666,-0.0560961923690159
667,-0.0543772600858592
668,-0.075283109897912
669,-0.03655337492956
670,-0.0751827535488398
671,-0.157429190910663
672,0.122518875835304
673,0.0895879623453382
674,-0.0319986911037284
675,-0.0258284799183474
676,-0.115463350030413
677,-0.0936355530503369
678,-0.0420329683796044
679,-0.0738355487231887
680,0.00318985915088703
681,0.0688136113787469
682,0.0183261149226745
683,-0.337692817419642
684,0.0385014705030855
685,-0.111249885832587
686,0.00314009109491859
687,-0.0859418051717267
688,-0.0411298344802348
689,0.0429009877210442
690,-0.010016573210679
691,-0.0602375962924889
692,-0.0287030524751764
693,0.108388779870326
694,0.0227673219154418
695,-0.169884963278796
696,-0.0635240010605536
697,-0.0127745441419626
698,-0.0212098000482972
699,0.0372183567637801
700,0.00249062778637758
701,-0.0571530599351711
702,-0.16445184902078
703,0.0278198122599095
704,0.000869187338070596
705,-0.0632877596479881
706,0.0484787992926344
707,-0.128877354778525
708,-0.0969771400869613
709,0.0127605754536815
710,-0.138951626708493
711,-0.0168624354579026
712,-0.0916311961022349
713,-0.0759326989938874
714,-0.140612710364696
715,0.0414715259598469
716,-0.0451414069424372
717,0.0241618857922877
718,-0.0185774231901569
719,0.0555617613946142
720,-0.016455685060294
721,-0.00826493443585792
722,-0.107108824201395
723,-0.112938755015412
724,-0.0989714948274294
725,-0.0387846748342715
726,-0.147727349357699
727,-0.108796159373064
728,-0.0913682404898518
729,0.0249855014943947
730,-0.00558512742901775
731,-0.0494805511191567
732,0.0523495212301128
733,-0.0702772246639352
734,0.0800227699931665
735,-0.0624844427774524
736,-0.0429515141088315
737,-0.119822022061692
738,-0.103042944306967
739,-0.0768600434778132
740,-0.0372637451552954
741,0.0894009083558383
742,-0.0903264782795993
743,-0.03717194742378
744,-0.0311376171350826
745,-0.153135485738235
746,-0.115274225268007
747,0.0281205404020675
748,-0.069490921755108
749,0.0070583582551276
750,-0.0431194980269592
751,-0.0908012595972787
752,-0.0540120198154817
753,-0.0169606695521331
754,-0.00599843254502501
755,0.0730034993840968
756,-0.00249753886538986
757,-0.169565102412599
758,0.0531718236502157
759,-0.103068772525274
760,-0.213535523688765
761,-0.0540926033899219
762,-0.168024647780818
763,-0.0688349933251207
764,-0.077565148665845
765,-0.178900506534609
766,-0.0747095450471898
767,-0.0168916613895353
768,0.04481506495278
769,0.0216247748658495
770,-0.0856444532335922
771,-0.000255031103764622
772,-0.0299511901996317
773,0.00828159043988735
774,-0.157834124054335
775,-0.0560198367331538
776,-0.0424187557725433
777,-0.0366994586683119
778,-0.05229789412866
779,-0.101998349095265
780,-0.0996063521831686
781,-0.16413571582352
782,-0.0665906680674388
783,-0.0213999924057137
784,-0.0162673447062365
785,-0.113314673162073
786,-0.0106330700373143
787,-0.0502650939119449
788,-0.0329596779834545
789,-0.0723513582353667
790,-0.071452017320127
791,-0.00508726216269111
792,-0.0859859760453794
793,-0.129014848750719
794,-0.106542416928459
795,-0.0972116092668892
796,-0.0716806462935696
797,-0.0762891164409166
798,0.00456609440280876
799,-0.0297463178265066
800,-0.150705092496267
801,-0.0168380839837893
802,-0.111200356411552
803,-0.0291633766705321
804,-0.0510392480628693
805,-0.150182412358886
806,-0.0279883803376819
807,-0.134833329532734
808,-0.0643954044734678
809,-0.0243348479595989
810,-0.122600065860972
811,-0.0594089816031328
812,-0.205018898118264
813,0.105848164571987
814,0.0609278106024157
815,0.0097853935981652
816,-0.123099659553176
817,-0.00572060688585279
818,0.0216294395078691
819,0.00863062845821035
820,-0.101367503398239
821,-0.0868740883988127
822,0.0519619519103009
823,-0.013847439318284
824,-0.167296159167312
825,0.0600312023083482
826,-0.0974434305367198
827,-0.0199465114974234
828,-0.0238832584041377
829,-0.0519019512879514
830,-0.0448704975884539
831,0.0113786482833716
832,-0.0460978844460265
833,-0.0537977845695971
834,-0.009312871381882
835,-0.131907496826858
836,-0.086512368021496
837,-0.166211410089685
838,-0.0858450584172818
839,-0.0275604376069081
840,-0.0243133428604388
841,-0.126206413097298
842,-0.0358417132486979
843,-0.0577085055712996
844,-0.0328945721266679
845,0.0272743926346251
846,0.0815797728552664
847,-0.107345075755258
848,-0.0973868463487775
849,-0.0891335168493801
850,-0.060970677900417
851,0.0272025680425373
852,-0.0574548827417834
853,-0.137250680278669
854,-0.0540073117046356
855,-0.178517330245232
856,0.0150050530225614
857,-0.0411879302827441
858,0.067432991567801
859,0.0661406539076741
860,0.0567947480653609
861,-0.0909805848567618
862,-0.040461819235521
863,-0.0645061016695294
864,0.00108511944294489
865,0.0176277087112119
866,-0.0565826212826948
867,-0.116868504249661
868,-0.0707872784354708
869,-0.0606082944500485
870,-0.0740746620123001
871,0.0387099623910006
872,0.0573118137991537
873,-0.0727163875747314
874,0.0131676804632758
875,-0.101422124534833
876,-0.0390272611369935
877,0.0163500267563737
878,-0.137549014423222
879,-0.0906969839573203
880,-0.0652709803210266
881,0.0206058068734977
882,-0.0651826598585545
883,-0.156273035750354
884,-0.0477544513780688
885,0.0549231164302434
886,-0.105857597296975
887,0.0159005614252704
888,-0.0405921010614738
889,0.0164671682322019
890,-0.00780975726405774
891,-0.0887973906818832
892,-0.00173919011901204
893,-0.0651354289313298
894,0.0291613263064733
895,-0.00370371670953086
896,-0.166191161815755
897,-0.0372621862415738
898,-0.100225670618136
899,-0.0493182905021458
900,-0.133715730794587
901,-0.0967138468467097
902,-0.0648487109852216
903,-0.133973142599653
904,-0.0765742494553651
905,-0.122384856379711
906,-0.0396448699374806
907,-0.105152404822719
908,-0.101659021279428
909,-0.0845597815520686
910,-0.138533663779923
911,-0.025898261424505
912,-0.0321277125883846
913,-0.105467575243319
914,-0.0551093492885296
915,-0.0811674595622108
916,-0.0374471234291772
917,-0.0369015295764316
918,0.0218298013557786
919,-0.0180270147121466
920,-0.0665447291475053
921,-0.125859408506663
922,-0.0757295466043038
923,0.0056388452430141
924,-0.0715738160014158
925,-0.0633335270007347
926,0.00272250014358608
927,-0.0824181184543364
928,-0.0551639368058134
929,-0.100015823044828
930,-0.14972042079104
931,-0.0541967397562346
932,-0.112545912686155
933,-0.101544997102488
934,-0.0609448726202332
935,-0.159949141123241
936,-0.0862256412555574
937,-0.0475835144317116
938,-0.0447323817227377
939,-0.0362890115209011
940,-0.105271276051485
941,-0.156282113134882
942,-0.0687212512698747
943,-0.0904857786652233
944,-0.0646759312513981
945,0.0457657097827907
946,0.0294623448898683
947,-0.0828201158081258
948,0.0493297733093152
949,-0.0309065949751557
950,-0.131704425983588
951,-0.000543201623731553
952,0.0706318368514254
953,-0.0285307546655583
954,0.111438185222907
955,0.0776760903103787
956,-0.0356164352358651
957,-0.126374962619589
958,-0.0273692801276013
959,-0.0557966294821165
960,-0.0495251123610074
961,-0.0645093073642446
962,-0.0604959543084273
963,-0.02212503462111
964,-0.149217342796304
965,-0.0938466187222075
966,-0.0862971387262893
967,-0.00145235875044934
968,-0.100879797713294
969,-0.167469217186426
970,-0.0953813606581804
971,-0.0966536771733254
972,-0.0980281051129693
973,-0.151483586031723
974,0.00550120146683186
975,-0.181728744378477
976,-0.0719635273143956
977,-0.0553831149280859
978,-0.0121421636792126
979,-0.0603670947876384
980,-0.0651273116266559
981,0.0756923392059918
982,-0.0628545715376132
983,-0.0096866967071316
984,-0.128291036060657
985,-0.0503673583519046
986,0.0876518403802883
987,-0.166639217199617
988,-0.0537376272617877
989,0.1153604951351
990,-0.0373557253877086
991,-0.151728702633824
992,-0.0293291976257154
993,-0.154263613687293
994,0.080654055265677
995,-0.00464177974845596
996,0.0716453903196007
997,0.0436172602610651
998,0.0352394124143266
999,-0.121342447109593
1000,-0.0757820602004914
1001,-0.0272606825543712
1002,-0.0433509787758874
1003,0.109968779247112
1004,0.0462714977838279
1005,-0.0234201135489824
1006,0.0208636549137579
1007,-0.119663287520374
1008,-0.0597638394077191
1009,0.0381551219340359
1010,-0.181479867801836
1011,-0.130049396514015
1012,-0.0419369892295296
1013,-0.06145431487249
1014,0.00430413878643099
1015,-0.147620439240889
1016,-0.11380993027997
1017,-0.25403176829316
1018,-0.0666400266107418
1019,-0.0875366610324206
1020,-0.0541878039446139
1021,-0.0840765655458432
1022,-0.063425752190362
1023,0.0972835265642599
1024,0.0814693169818077
1025,0.149072755768154
1026,-0.044536419420693
1027,-0.0828133726138827
1028,-0.345862096819537
1029,-0.0447571991982437
1030,-0.124452443372327
1031,-0.0865765835549036
1032,-0.106614600084083
1033,-0.0946732292327524
1034,-0.00178084926863681
1035,-0.0927500567509171
1036,-0.0973680233078113
1037,-0.150332287680232
1038,0.0410393495749734
1039,0.0400301358897103
1040,0.14895480617527
1041,-0.0725870135116576
1042,-0.101336316312464
1043,-0.0565609355060721
1044,0.0177751417910447
1045,-0.0401108220110205
1046,-0.0934878081377289
1047,-0.00836256487090912
1048,-0.00041871492029928
1049,-0.099529933670102
1050,0.0391855977147018
1051,-0.0635091096709589
1052,0.0340710804860687
1053,0.0143526072596409
1054,-0.0203380238883548
1055,-0.160202014188214
1056,-0.0658318030745384
1057,-0.0136641182709673
1058,-0.120328861473759
1059,0.0679508768127177
1060,-0.0800419907809483
1061,-0.101168500310284
1062,-0.0702207656155495
1063,-0.0908778254800175
1064,0.0091784797289795
1065,-0.0203378626058462
1066,-0.0571545634045761
1067,-0.0109626485721963
1068,-0.127401632257778
1069,-0.0323297541418194
1070,-0.0597584401090081
1071,-0.102154248452683
1072,-0.0952883868278183
1073,0.0380277846442714
1074,-0.122392778003859
1075,-0.0866670843147131
1076,-0.0776495039824061
1077,0.0337996699269694
1078,-0.115270065931373
1079,-0.0432417643287002
1080,0.126784009056495
1081,-0.0176156672929566
1082,-0.0715104359662692
1083,0.000487112067065384
1084,0.0336897495874751
1085,-0.0451584594464155
1086,0.00445111172589968
1087,-0.00697111428232404
1088,-0.0875027702439476
1089,0.0266515711829426
1090,0.0217677119451935
1091,-0.0532274194321384
1092,0.0504695392535506
1093,-0.0170672545547206
1094,0.01973191762619
1095,-0.153760501480115
1096,-0.013468677184281
1097,-0.0817831553368926
1098,-0.116870438486718
1099,-0.0701562903535451
1100,-0.0629276960839242
1101,0.035872312196159
1102,-0.00736535372093883
1103,-0.0889250748160086
1104,0.121441096249787
1105,-0.0962568717993231
1106,-0.0340953339716213
1107,-0.0542683086795954
1108,-0.0886633984667219
1109,0.0162388249908962
1110,-0.037843557247488
1111,-0.0309053763262957
1112,-0.0710281887167191
1113,-0.0861189626238292
1114,-0.0988593122588414
1115,-0.0311935290757475
1116,-0.0475336356011736
1117,-0.0898839536671079
1118,0.0331149324405149
1119,-0.0483452440158937
1120,-0.117175703641793
1121,0.00941794014687916
1122,-0.0813131909717278
1123,-0.0510322556858954
1124,0.0155014424116774
1125,-0.0405784559948632
1126,-0.0927419560357871
1127,-0.0515421948098497
1128,-0.112756456276166
1129,-0.103235585565923
1130,-0.0553004137373603
1131,-0.124250643020531
1132,0.020551431203531
1133,-0.00590758995270686
1134,-0.0645440002737749
1135,-0.0114757985451101
1136,-0.0925059951952548
1137,-0.0140197959128322
1138,-0.0868867779299539
1139,0.147284926963925
1140,-0.0328905403841655
1141,-0.0758586711548114
1142,-0.0762469081949824
1143,-0.143776553095485
1144,0.0143800355711027
1145,0.0363872194792982
1146,0.0102491420645773
1147,0.023468588049642
1148,-0.0728584373358475
1149,-0.0579612348453743
1150,-0.0618503344275863
1151,-0.141333287004809
1152,-0.0685578572573605
1153,-0.0798707665766988
1154,-0.0193554384231588
1155,-0.0150401632063782
1156,-0.0647037543644939
1157,-0.214514591812978
1158,-0.0788940532752093
1159,-0.0402039862769908
1160,0.0201060952306841
1161,-0.00650063836065628
1162,-0.0193325916526463
1163,0.000161187039516295
1164,-0.0215441910909024
1165,0.056278356302046
1166,-0.0391178399515931
1167,-0.0669597934612556
1168,-0.0811302699915281
1169,-0.267905207753429
1170,0.0376985635842087
1171,0.00824896640773319
1172,-0.0231680908114435
1173,-0.00219223167864582
1174,-0.0116151963897298
1175,-0.0252334577128752
1176,-0.0502747197089487
1177,-0.0263902710852852
1178,-0.00982825758155089
1179,-0.117013480819848
1180,0.0620416926016691
1181,-0.140494276193254
1182,-0.0332231296779113
1183,-0.00122091947365464
1184,0.00448358284748281
1185,-0.0138924352093115
1186,-0.013545770541644
1187,-0.0540142453513409
1188,-0.085406249714891
1189,0.0323429399400679
1190,0.0291819758297192
1191,-0.064859285721528
1192,-0.173480515927786
1193,-0.147287775069265
1194,-0.0122138979516541
1195,0.0165933006228206
1196,0.00213139132779343
1197,-0.0768144437051131
1198,-0.103429750063772
1199,0.00416678584187215
1200,-0.0283463493288716
1201,-0.0566584718844284
1202,-0.0954167734574375
1203,-0.0672043979304335
1204,-0.0482488454938633
1205,0.182630691640044
1206,-0.0366530057634535
1207,0.0186240355863955
1208,-0.0299276632160573
1209,-0.0394582015243623
1210,0.055562394048295
1211,-0.0822979395722511
1212,-0.0417613722148702
1213,0.0417692602413585
1214,0.0592030959955135
1215,0.0657128638188972
1216,0.0623196994390033
1217,-0.00888603426723364
1218,0.0197562041919506
1219,-0.0523619905597703
1220,-0.0280555602863393
1221,0.00590045214189588
1222,-0.0694224227913241
1223,-0.131877961453657
1224,0.128977925117863
1225,-0.0501714724553462
1226,-0.215354310887975
1227,-0.0882058332196026
1228,-0.130225807105152
1229,-0.154427722714463
1230,-0.0909152364228038
1231,0.0582191446386912
1232,-0.0250672786203078
1233,-0.0828202404106837
1234,-0.0525388334756429
1235,-0.102664952822819
1236,-0.0999595038724402
1237,0.101731897668317
1238,-0.0331711472532263
1239,-0.12845911810484
1240,-0.169668441136621
1241,-0.127119894295777
1242,0.0650206828567511
1243,-0.0255555879080768
1244,-0.0220104508487317
1245,-0.0671905039841889
1246,-0.0821601859932668
1247,-0.174087330642671
1248,0.0716034737501266
1249,-0.0296168537835029
1250,-0.0952492782264671
1251,-0.052981006577923
1252,-0.0575151820806197
1253,-0.0606302462066017
1254,-0.270121020829422
1255,-0.0995553120855753
1256,0.121446135063302
1257,0.0757186710209144
1258,0.270759013620784
1259,-0.0181706466017326
1260,-0.0577668666569683
1261,0.0353885293423406
1262,0.0167364301896408
1263,-0.103727641210126
1264,-0.0733757205044638
1265,-0.0981991991951932
1266,-0.124830236348852
1267,-0.0827309234519917
1268,-0.0136047060144766
1269,-0.0872007644236448
1270,-0.13609569893871
1271,-0.072087754752559
1272,-0.0847387201425294
1273,-0.0866319443367201
1274,0.0426303908502414
1275,0.0334503997979474
1276,-0.0572874204545478
1277,-0.000361899415343736
1278,-0.0557593017705857
1279,-0.00330740505360974
1280,-0.105447001879743
1281,-0.0325189541532137
1282,-0.185866041515531
1283,-0.0694758973407206
1284,0.0137190718398819
1285,-0.145889337869956
1286,-0.118946698001694
1287,0.0101351245338219
1288,-0.0629234812393821
1289,-0.143995821046564
1290,-0.159349320426416
1291,-0.0388106344157939
1292,-0.0765356242254565
1293,-0.0537594900692771
1294,-0.0819717797264038
1295,-0.0945775666528146
1296,0.0895237207102972
1297,-0.0493927481795948
1298,-0.242220078730166
1299,-0.152424004440791
1300,-0.119441849284491
1301,-0.121632299331247
1302,-0.102417334107082
1303,-0.0212077830586295
1304,-0.0116014470054713
1305,-0.166687454873716
1306,0.0532431251169945
1307,-0.00902205048924691
1308,-0.102884310612699
1309,0.0560462800339666
1310,-0.0595297158648021
1311,-0.0664240804131007
1312,-0.0739405620045472
1313,-0.0523855007964106
1314,-0.155625890253686
1315,-0.093666579488943
1316,-0.0519826831576807
1317,-0.0562843567900698
1318,0.00327072921616441
1319,-0.0354176181080293
1320,0.0202833318941664
1321,-0.0691824479249684
1322,-0.0231667376426297
1323,-0.0108808385656659
1324,-0.14414931964212
1325,-0.0417303135100387
1326,-0.161185882986101
1327,-0.0739959620051571
1328,-0.0734255666118151
1329,-0.00343377786978561
1330,-0.0494820928685904
1331,-0.0459292638525587
1332,-0.145513165148737
1333,-0.0124514721328736
1334,-0.0330351718618742
1335,-0.0548604881739251
1336,-0.106922885745559
1337,-0.0290825961384169
1338,-0.135291027380932
1339,-0.234959076277999
1340,-0.139585314749251
1341,0.0270026689676923
1342,-0.0384973499359191
1343,-0.0882956459752989
1344,-0.0426914255138019
1345,-0.0959474764811021
1346,-0.121929469086442
1347,-0.101679529948391
1348,-0.0576420991785851
1349,0.00547741845726073
1350,-0.103796489424949
1351,-0.043180477845005
1352,-0.103105635882437
1353,-0.0466486587164949
1354,-0.0553613943979199
1355,0.0921071735896055
1356,-0.159951804591903
1357,-0.000752850367236898
1358,-0.0787673337045098
1359,0.0353410472238793
1360,-0.0205296325447139
1361,0.00957726009578982
1362,-0.0375453391740964
1363,-0.115776141716235
1364,-0.0777122326128671
1365,-0.00504606791945086
1366,-0.0694171269288175
1367,0.0392025209802192
1368,0.0103075539031721
1369,0.0203869457599606
1370,-0.0292781865361193
1371,-0.0900547522001586
1372,0.181751865793265
1373,0.0287386235877039
1374,-0.1077396059292
1375,0.0174746267085332
1376,-0.133523344307752
1377,-0.0521548067485922
1378,0.0477868553940982
1379,0.0106716009567557
1380,-0.00374411280385946
1381,-0.157983517692568
1382,-0.0670124440722889
1383,-0.048297644210094
1384,-0.121340776400728
1385,-0.0164228005793052
1386,-0.0524743819848723
1387,-0.036350274263334
1388,0.0725225539297084
1389,-0.0593382082009092
1390,0.0461850928628829
1391,-0.0294548646202444
1392,0.0135886114785752
1393,0.00970085786635844
1394,0.0275611281393314
1395,-0.0664739317111232
1396,-0.0416990194728123
1397,-0.0301341139258395
1398,-0.00753830792793801
1399,-0.0998168887411411
1400,-0.101382683260094
1401,-0.0115422422322168
1402,-0.203778312999468
1403,0.011828997575749
1404,0.120870610556302
1405,-0.02869642823223
1406,0.109235864811747
1407,-0.0596267348295338
1408,-0.138364475985981
1409,0.123853281900442
1410,-0.00352502254522408
1411,0.0125837419980212
1412,0.0409569172723421
1413,-0.0540227118814947
1414,-0.0966882032939946
1415,-0.00971435692329547
1416,-0.141903341691395
1417,-0.117439948068843
1418,-0.0382682366919782
1419,0.0713080656529469
1420,-0.095309895293259
1421,-0.127789341243633
1422,-0.08495405527519
1423,-0.00541117350700968
1424,-0.0889563538789993
1425,-0.0765100705269886
1426,-0.130737704971411
1427,0.0750253965204376
1428,-0.00331565606004431
1429,-0.126896715565841
1430,-0.0838419431380847
1431,-0.0211676210659511
1432,-0.0109489084925271
1433,-0.112209819226522
1434,-0.0905728220987689
1435,0.0447478998721408
1436,0.00370305675022969
1437,-0.00546694120937937
1438,-0.010529102542486
1439,-0.0817669751390705
1440,0.0375983524110275
1441,-0.0626915891693337
1442,0.0824782298442773
1443,0.000541908989096996
1444,-0.00286180028807163
1445,0.0520505061970248
1446,0.0444871621789822
1447,-0.117669100442246
1448,-0.0220381365522184
1449,-0.0192153476316239
1450,-0.179086268108978
1451,-0.130449384601746
1452,-0.0341710466730108
1453,-0.194480398107208
1454,-0.103821492464887
1455,0.0281075640034629
1456,-0.0550230261886039
1457,-0.0852894204902494
1458,-0.0250038000242575
1459,0.00571278115832461
1460,-0.0992815423646367
1461,0.107718608524371
1462,-0.225690274602807
1463,-0.084570126270949
1464,-0.0636662311344144
1465,-0.0285268874041646
1466,-0.0484646326405019
1467,0.0246163260467353
1468,-0.133395164051355
1469,0.0205474208562326
1470,0.00517589743497397
1471,-0.083042839658064
1472,0.00238318764062881
1473,0.0545266247850155
1474,-0.0798066278478772
1475,-0.28256137345483
1476,-0.0644296675112152
1477,-0.0480349726587972
1478,-0.14962375971653
1479,-0.0385828510760086
1480,0.0343576347421737
1481,-0.098867445287335
1482,0.0885466428569496
1483,-0.0220956734465672
1484,-0.109185893471303
1485,-0.00150777444338432
1486,-0.0625865866981234
1487,-0.0748060673590761
1488,-0.0841849492957899
1489,-0.0736883643893273
1490,0.0247801188412981
1491,-0.000976678878680034
1492,0.0990020452520397
1493,0.00893626904842875
1494,-0.107887179804075
1495,-0.0201704264650345
1496,-0.051601583001429
1497,0.0634710881935217
1498,0.0577973552609532
1499,-0.0228026585616575
1500,-0.0432123439265827
1501,-0.228995462925698
1502,-0.0205432449658548
1503,0.0152421370612136
1504,-0.14203986084757
1505,-0.0703160467454466
1506,-0.0442833909045099
1507,-0.0234811936718729
1508,0.097571364295427
1509,-0.0601712109106515
1510,-0.11705729069658
1511,-0.117547635454172
1512,0.020616633361424
1513,-0.0216195533143489
1514,-0.0872350104062257
1515,-0.0277553350139844
1516,-0.016833355696428
1517,-0.0197747575671413
1518,-0.0652317329827576
1519,0.00797313909211062
1520,-0.0704140262673024
1521,0.102650631088101
1522,-0.0777115600721759
1523,0.0523571971623573
1524,0.0184045730574192
1525,-0.032644893841513
1526,-0.111291149710485
1527,-0.032834314118637
1528,-0.0121221821946444
1529,-0.0872584625387142
1530,-0.0231497475844961
1531,-0.0149434268964735
1532,0.150844830026777
1533,-0.0832429013366928
1534,-0.134604774159383
1535,-0.0255601924337609
1536,-0.140262752021924
1537,-0.0618395728937738
1538,0.0240742804378301
1539,-0.0562277067785709
1540,-0.0433432338055341
1541,0.0459843637471778
1542,0.0307495045983941
1543,-0.0271533813585672
1544,-0.00225153455140131
1545,0.0700613867575759
1546,-0.0221436150419882
1547,0.0284540511529835
1548,-0.0138665939516974
1549,-0.137680518312602
1550,-0.114501902431711
1551,0.020273358191242
1552,-0.179817884222637
1553,-0.127647982111797
1554,-0.148027929267465
1555,0.0631377634601703
1556,-0.150360077585197
1557,0.043126648846132
1558,-0.0423461547464683
1559,-0.0190719750511121
1560,-0.0949786272950917
1561,-0.0279976025001381
1562,-0.0761125249811633
1563,-0.0646468738736464
1564,-0.0404204121404458
1565,-0.081867815205553
1566,-0.0453154906578542
1567,0.0943074054448795
1568,0.0382801600833236
1569,-0.0947234834076194
1570,-0.0466412757488315
1571,-0.0175310798888108
1572,0.0360640837603119
1573,0.0116590780611174
1574,0.0350745290038693
1575,-0.0138590970077769
1576,-0.084290700766188
1577,-0.0674936643158138
1578,0.0407282516871649
1579,0.0303994627896077
1580,-0.0480297965457068
1581,-0.0956605385074855
1582,-0.0766188279746389
1583,-0.0838160780985664
1584,-0.0468620261988802
1585,-0.0106802760018836
1586,-0.0970184339014209
1587,-0.0986077289357869
1588,-0.166418846154861
1589,-0.0631941464022325
1590,-0.0975037877174275
1591,-0.0154653310791489
1592,-0.0929490427311118
1593,0.0178728836707416
1594,-0.111773465649154
1595,0.0913359059685926
1596,-0.0925416083398221
1597,-0.0779976705629109
1598,-0.0107374698370412
1599,-0.0937356177923042
1600,-0.0635194340672931
1601,-0.0699641269805767
1602,-0.0247392646545104
1603,-0.0886963884492537
1604,-0.0287855806624857
1605,-0.138437587214409
1606,-0.0489618453196588
1607,-0.047273794833375
1608,-0.0917802784996002
1609,-0.00815251050436064
1610,-0.107938199517645
1611,-0.0612220578136364
1612,-0.140673913943534
1613,-0.0681147427225687
1614,0.0209315918493586
1615,-0.116751930147734
1616,-0.0129531130036509
1617,-0.0291870169690098
1618,0.0432868807638926
1619,-0.0538498597190992
1620,-0.129963800999643
1621,-0.0153490708191423
1622,-0.0245320019571455
1623,0.107397112567737
1624,-0.0394711071306154
1625,0.0723281809525326
1626,-0.018847407284688
1627,-0.110514010053678
1628,-0.150510479682729
1629,-0.0497917234140161
1630,0.0515447974778452
1631,0.0127384740133141
1632,-0.0952276684200134
1633,-0.0453033818363278
1634,-0.0071433725975141
1635,-0.0849908413751869
1636,0.0166821875959643
1637,0.0296602769965355
1638,0.0271904480143443
1639,-0.105406670680525
1640,-0.0476102615791132
1641,-0.109599191635859
1642,-0.0768941630591422
1643,-0.100181880518549
1644,-0.111302657148504
1645,-0.0612978324985353
1646,-0.164205101677309
1647,-0.0114764977919415
1648,0.0261997310660436
1649,-0.113600204213306
1650,-0.0216891617536837
1651,-0.0159025419360157
1652,-0.075203900539512
1653,-0.105090954281944
1654,-0.0860745410165875
1655,0.0363083855387195
1656,-0.0896130665934032
1657,-0.021252864090518
1658,-0.0162990736460901
1659,-0.00112030162191917
1660,0.0891352058897609
1661,-0.0364984884980103
1662,0.0703578663198927
1663,-0.111741979997634
1664,0.00146583059062271
1665,-0.0684024801938032
1666,0.0525230273187055
1667,-0.0044134598952699
1668,0.00373466961249252
1669,-0.0662979868840265
1670,0.00354304294275027
1671,-0.01694830998468
1672,-0.0602978560633876
1673,-0.0873819061658113
1674,-0.0206802869258812
1675,0.0122996517481872
1676,0.102667987492246
1677,0.0758642648763342
1678,-0.00595558253122256
1679,0.0352098818777204
1680,-0.131819466030629
1681,-0.0808389255961471
1682,-0.0442766771626988
1683,-0.0337435051662981
1684,-0.0473246580724888
1685,-0.0424659666941694
1686,0.0271505807875227
1687,0.0399028469479745
1688,-0.083021600705325
1689,-0.0937527055263895
1690,0.0526965918106618
1691,-0.0289697728781656
1692,0.185392981589344
1693,-0.112076333099787
1694,-0.0463533817514816
1695,-0.0612428544327932
1696,-0.14157218125744
1697,-0.0379646261474789
1698,-0.00686140951267244
1699,-0.0662734475587017
1700,-0.0953971950349728
1701,0.0106376222360959
1702,-0.0810584741819529
1703,-0.000414879826351519
1704,0.00898511052473502
1705,0.00451136935895855
1706,0.0714799119603922
1707,-0.0994255112143324
1708,-0.0716614336129236
1709,-0.0272593696962188
1710,-0.0937560198289355
1711,0.00448019832305134
1712,-0.0804542975234204
1713,-0.0266600412759318
1714,-0.0891728279458277
1715,-0.0256454888149386
1716,-0.175661708771478
1717,-0.0357396433338901
1718,-0.0417965461317801
1719,-0.10392873054873
1720,-0.0615939430984961
1721,0.087536235393593
1722,-0.0639855123955792
1723,0.00271401316351098
1724,-0.0227237008924923
1725,0.00735127697253108
1726,0.00899447258075179
1727,0.021027120190157
1728,-0.0910617189065009
1729,-0.135830164922096
1730,0.0688338579483121
1731,-0.101270068087384
1732,-0.0460523022442806
1733,-0.0232785033200435
1734,-0.109063686416377
1735,0.108254178261144
1736,-0.0914465469847019
1737,0.138281263369237
1738,-0.0662358415210082
1739,-0.0855285451246763
1740,-0.121313553295801
1741,-0.134691389438798
1742,-0.127267362488502
1743,-0.0298190210900364
1744,0.141733489550615
1745,-0.0362393849789436
1746,-0.0827935060950287
1747,-0.0584186170584053
1748,0.0215383601659296
1749,-0.0125098610515662
1750,-0.0259689867941172
1751,-0.0764966221762896
1752,-0.116252760258004
1753,0.00938667876035255
1754,0.0333581872667437
1755,-0.0262954529006065
1756,-0.126586555925453
1757,-0.06568207785055
1758,-0.112487653367944
1759,0.0205767628015081
1760,-0.0798639851703193
1761,0.0501548636522751
1762,-0.00675431357496976
1763,-0.0928594207161706
1764,0.027304113406752
1765,-0.0416408554815834
1766,0.0824831706564812
1767,-0.139987255786572
1768,-0.130911900038981
1769,-0.0123717758762623
1770,-0.102240099204369
1771,-0.178675417358715
1772,-0.07415274995969
1773,0.000242202949609412
1774,0.010056891219607
1775,-0.000219603095540755
1776,0.013771457100896
1777,-0.0872648155147686
1778,-0.0322223519278109
1779,-0.197085835970865
1780,-0.0373325104344768
1781,-0.0883177075282192
1782,-0.292671788081216
1783,-0.028322360694796
1784,-0.228944542522131
1785,-0.0357645761922247
1786,-0.0207401131480937
1787,-0.148545016111898
1788,0.0029473991820176
1789,-0.0225610828781944
1790,-0.113762277866435
1791,-0.14916952683646
1792,-0.0519638964315148
1793,0.0280537639363424
1794,-0.117801846837031
1795,-0.0886717231423555
1796,-0.0756592740879795
1797,-0.181441380246393
1798,-0.0288713949591674
1799,-0.0247389091235754
1800,0.00632695693446548
1801,0.0229806357268505
1802,0.0811227511208779
1803,-0.0918289528686344
1804,-0.0173623931179703
1805,-0.0351806241114157
1806,0.00342073266369409
1807,-0.100078229462842
1808,0.00610692651704029
1809,-0.0116185405772417
1810,-0.0451466469054926
1811,-0.0950096303779139
1812,-0.116719793996702
1813,0.0459004614897651
1814,-0.00676306871530209
1815,-0.00243303885855426
1816,0.0689635669570765
1817,0.0661800984102057
1818,-0.0941192834838116
1819,-0.112844785092884
1820,-0.0634827781470469
1821,-0.0183189736780266
1822,-0.0602018119833381
1823,-0.150557869435468
1824,-0.109582956320086
1825,-0.058062352036065
1826,0.0650951101636201
1827,0.0254736841297935
1828,-0.028245201246184
1829,-0.0683690367305907
1830,-0.0407333299933506
1831,-0.0281927379924914
1832,-0.142806186921381
1833,0.0477105180403123
1834,0.000766842472903874
1835,-0.142901450362253
1836,-0.000547892816640936
1837,-0.0182331860348542
1838,-0.0613058982423422
1839,-0.0749850094794739
1840,-0.0542100959481837
1841,-0.127198485567042
1842,-0.0313911596220066
1843,-0.10292335698852
1844,-0.154969108000942
1845,-0.0559434706575874
1846,0.0534477721490249
1847,-0.143314265862598
1848,-0.0915069907537851
1849,-0.0711926413188479
1850,-0.0539445561363485
1851,-0.0177318721726368
1852,-0.069927525619106
1853,-0.0703716676836167
1854,-0.151354072744513
1855,-0.0839095667025263
1856,-0.00435763347854317
1857,0.024168790115991
1858,-0.0178275313194181
1859,-0.0566644680736542
1860,-0.0964330423529627
1861,-0.0419249700482862
1862,0.0121432857014867
1863,-0.0707149954345177
1864,-0.0868563270571664
1865,-0.0762502083539546
1866,0.0671793488350806
1867,-0.172309789533374
1868,-0.0182436893790914
1869,-0.120053273947112
1870,0.0755413231661062
1871,-0.075238489276873
1872,-0.100677952907097
1873,-0.0281773156306883
1874,-0.0514689328621708
1875,0.0275356741676521
1876,0.0486225443231085
1877,-0.0268548945809982
1878,-0.0322283774679717
1879,0.0657209498303517
1880,-0.101459819188143
1881,0.00777358973592347
1882,0.00592454417090026
1883,0.0682650500838021
1884,-0.053878576726527
1885,0.0141105226703088
1886,0.00525859612480883
1887,-0.00177751334629246
1888,-0.0370226393741152
1889,-0.0458378306106081
1890,0.0354015871483339
1891,0.0166728376300833
1892,0.00154556972178737
1893,-0.0719945953693653
1894,0.0253963103857229
1895,-0.100967354374592
1896,-0.0333042539901025
1897,-0.159870916336706
1898,-0.0608962608948974
1899,0.000705342056927936
1900,-0.0987844542421345
1901,-0.155451959143539
1902,-0.124442894845909
1903,-0.00608160928158596
1904,-0.0224682135267566
1905,-0.00812925363075476
1906,0.00904573116731776
1907,-0.0169168047846867
1908,0.235350245722233
1909,-0.0622475693666951
1910,-0.115731966823572
1911,-0.024204567722743
1912,-0.0302454430994707
1913,-0.0290758602691831
1914,0.0162783923048958
1915,-0.0718873989511826
1916,-0.0675526898168617
1917,-0.00105560320058559
1918,-0.0461893223214037
1919,-0.0817897630346467
1920,0.074599326137469
1921,-0.186300859775936
1922,-0.0338791196884054
1923,-0.138727667549139
1924,-0.143956809718496
1925,0.00279309376735305
1926,-0.0118386476961629
1927,0.331586759510682
1928,0.0973389938248597
1929,-0.0265764177394755
1930,-0.0892706226003442
1931,-0.0598475629211304
1932,-0.120738747436206
1933,-0.0384898784026043
1934,-0.0762434217783373
1935,-0.0727799312615832
1936,-0.0804121385110707
1937,0.000827525341837278
1938,-0.0513578741020962
1939,-0.0222547952443549
1940,-0.0432349464477883
1941,-0.0971707013388038
1942,-0.0132597515197356
1943,-0.0546367382758807
1944,0.00487229984888451
1945,-0.0936623610171803
1946,-0.129807399688203
1947,-0.0492727013912742
1948,0.0214805420287611
1949,0.0585503244630645
1950,0.153136263547148
1951,0.00370850201234716
1952,-0.0499498912878355
1953,-0.0743121516529061
1954,0.0348706596471213
1955,-0.0778632253982539
1956,-0.0901988783978718
1957,-0.0796985494369945
1958,-0.00668276863605723
1959,-0.0312844954604214
1960,-0.0212168598030297
1961,-0.0573644756625244
1962,-0.0198327456537031
1963,0.00560251939790325
1964,-0.0800094543629165
1965,-0.117524884780462
1966,-0.0354573047763262
1967,-0.0183007848911893
1968,-0.00957846664843081
1969,-0.108326134680757
1970,-0.039078785046787
1971,-0.0451329949991334
1972,-0.0161683060998327
1973,-0.018101726028601
1974,-0.0921801955386859
1975,-0.0763158324895743
1976,0.000831743554854031
1977,0.0851286076606138
1978,-0.0133305200611412
1979,-0.102938119580799
1980,-0.0548944936338505
1981,0.0978368235656017
1982,-0.0994318693409382
1983,-0.0120404957143757
1984,-0.0233573932976029
1985,-0.143260605125256
1986,-0.0672604247473039
1987,-0.0241490026980481
1988,-0.134121217380081
1989,-0.0203571316559457
1990,-0.0990074335195422
1991,0.022977128760595
1992,-0.132742152960411
1993,-0.00420981855090968
1994,-0.0249194273491043
1995,-0.00340724798384797
1996,-0.077930902498149
1997,-0.0342040718134824
1998,0.0542225072552849
1999,-0.0688077711887788
2000,-0.0459721689609906
2001,-0.129983441634178
2002,-0.192401373229173
2003,0.00591086322520941
2004,0.0411918378372184
2005,-0.0192119576160703
2006,-0.0259343282877022
2007,-0.0465789155023035
2008,-0.169421001689835
2009,-0.102200393703319
2010,0.0425790122866574
2011,-0.0643120712990675
2012,-0.0728871536066683
2013,-0.0405033307054667
2014,-0.154769308562957
2015,-0.0540398289672943
2016,0.0311057108024154
2017,-0.0285337715458873
2018,-0.078034462749091
2019,-0.0713817690974453
2020,0.0467473806258058
2021,0.0289893113271723
2022,-0.0367231692388295
2023,-0.175242311081382
2024,-0.144230501159217
2025,0.101686819600014
2026,0.00168499991920395
2027,-0.0770615449038516
2028,-0.145854859595296
2029,0.0163743610838082
2030,-0.0643276897160594
2031,-0.034436025840949
2032,-0.0901473644471961
2033,-0.075847905108137
2034,-0.00388708904040724
2035,-0.0130224680870547
2036,-0.0399813694893159
2037,-0.148762419621517
2038,0.0349734835073325
2039,-0.100122270588721
2040,-0.0991365554710038
2041,-0.0104967654010921
2042,-0.0548656211890393
2043,-0.182551948012266
2044,-0.0278576514765987
2045,-0.083235126617362
2046,-0.0831071624491043
2047,-0.070219442041442
2048,-0.054254694530654
2049,0.042117549054171
2050,-0.17401923472164
2051,-0.0677689369808467
2052,-0.042762508015068
2053,-0.0391402395472412
2054,-0.0359436593839961
2055,-0.00132696257649339
2056,-0.059495854159093
2057,-0.0650924267115724
2058,0.0212297598313526
2059,0.00112490513753118
2060,-0.0507958229213475
2061,-0.176157223051702
2062,0.0195390804365432
2063,-0.0613880313281263
2064,-0.0533520289436775
2065,-0.0203880731360402
2066,-0.044299354359374
2067,-0.119598211005276
2068,-0.010946178639607
2069,-0.0604924634656341
2070,0.0144917245908077
2071,-0.00221862566881458
2072,0.0141406751729988
2073,-0.00716837561590216
2074,0.0119603379014476
2075,0.0568960726731648
2076,-0.042486360662212
2077,-0.0748398237104856
2078,-0.0831272515290982
2079,-0.0285362350869043
2080,0.125410611831876
2081,-0.0912973104571281
2082,0.0797549246358716
2083,-0.0640498267156755
2084,-0.0587154064236924
2085,0.14164550675421
2086,0.00100324697457513
2087,-0.135565046756838
2088,-0.00689920368369064
2089,-0.0303475801434033
2090,0.019196433300598
2091,-0.175882660707171
2092,0.133996589530706
2093,-0.064937299529092
2094,-0.0721279787076354
2095,-0.0842092103168082
2096,-0.0471845694469053
2097,0.0129049639297587
2098,0.0658006823360779
2099,-0.229699795232146
2100,-0.022821577731646
2101,-0.124227918216988
2102,0.230506075136417
2103,-0.154152592167522
2104,0.16598148865735
2105,-0.0720200895332671
2106,-0.0553344181313999
2107,0.0288449410656115
2108,-0.125680452646773
2109,0.00733643030807327
2110,-0.12206590634048
2111,-0.0336003930885981
2112,0.0678150400785269
2113,0.0029245518333613
2114,-0.0562360542583319
2115,-0.0779121623630124
2116,0.0448177866455642
2117,-0.0964549719176022
2118,-0.0102400334212499
2119,-0.0994865861736062
2120,-0.0477172488199419
2121,-0.0979837028461936
2122,-0.0972388376837036
2123,-0.0140499162276494
2124,0.0325423147199894
2125,-0.116295964022555
2126,-0.0317102361483228
2127,-0.00158343533871918
2128,-0.190512087524215
2129,-0.140587242295039
2130,0.0830824155520572
2131,-0.233234948847708
2132,0.00893917243644026
2133,0.0241656268442395
2134,-0.220595504380679
2135,-0.0211102918769207
2136,-0.0376174131964557
2137,-0.106340840206233
2138,-0.144868860131146
2139,-0.0201781619461401
2140,0.0837675353317993
2141,-0.125224213236918
2142,0.0015324923237169
2143,-0.0627819978430239
2144,-0.0124444974911545
2145,-0.0231251407331932
2146,-0.120477586412628
2147,-0.107543471914374
2148,-0.100324924338985
2149,-0.119596679222882
2150,-0.163011054248414
2151,-0.0152177867664688
2152,-0.101713538517195
2153,-0.134018850029779
2154,-0.0866328445777286
2155,-0.0430980664245282
2156,-0.0248544910394276
2157,-0.114328730129531
2158,0.00282644751323217
2159,0.0223011585871437
2160,-0.00263919975843338
2161,-0.0386152750493857
2162,-0.0619998451446625
2163,-0.138620230903508
2164,0.132710099683232
2165,0.0467477551507288
2166,-0.141735952293206
2167,-0.0718955649510413
2168,-0.0479554396365493
2169,0.0597419051057376
2170,-0.105237423053477
2171,-0.017460930565945
2172,0.0534477264864345
2173,-0.13376673488149
2174,-0.0860534262737747
2175,-0.0514622826725164
2176,0.000873542817355762
2177,-0.039807079285626
2178,-0.130163376697737
2179,-0.10773643321724
2180,0.0325456206532843
2181,0.0801862629767749
2182,-0.0914883500017834
2183,-0.00151256500109449
2184,0.0657689013397819
2185,-0.0569185852482092
2186,-0.0165663868401804
2187,-0.120208163582063
2188,-0.00300234137306369
2189,-0.00077933190601605
2190,0.0463912414743244
2191,0.0947199898749916
2192,0.0373900541089816
2193,-0.0174007175531071
2194,0.0722590226371456
2195,-0.03495315336669
2196,0.0174977581551707
2197,-0.0300373179084594
2198,-0.132407627601061
2199,-0.0135736405674585
2200,-0.114799513711521
2201,-0.144376402156749
2202,0.0165226278935405
2203,-0.0066087510798703
2204,-0.0649216215571263
2205,-0.103260691313472
2206,-0.143602576546034
2207,0.0489609565458589
2208,-0.0657610596324333
2209,-0.071153894286076
2210,-0.142942670887934
2211,-0.101473600115754
2212,-0.0622888014623006
2213,0.0252959182613785
2214,-0.0966808064307461
2215,-0.0312225842354811
2216,-0.0766653072233731
2217,-0.0155574948405074
2218,-0.114685514327575
2219,0.00502644951420139
2220,-0.0475536845994797
2221,-0.124163081327873
2222,-0.0600624605570925
2223,0.0222376433478334
2224,-0.142284241220929
2225,0.00922649550406054
2226,-0.169113138020874
2227,0.0138261987568378
2228,-0.14921038335552
2229,0.0164765114586661
2230,-0.0325071412591755
2231,0.0186530325879322
2232,0.0188705991585622
2233,0.0610237191821262
2234,-0.0348802656116534
2235,-0.0648617473771581
2236,-0.0645625497671033
2237,0.0298161245635358
2238,-0.0591879685148711
2239,0.00122668287807871
2240,-0.0483740063293362
2241,-0.0574174911424163
2242,-0.0217688150419202
2243,0.0694976260038845
2244,0.0264333085521446
2245,0.0557317691883369
2246,-0.091813715539105
2247,-0.0516018281139682
2248,-0.110845459987133
2249,-0.0456785983532358
2250,-0.106974752073989
2251,-0.141370678880418
2252,-0.11048553336767
2253,0.0156550274356177
2254,0.0167363119529156
2255,-0.159515601424015
2256,-0.00955058666467394
2257,0.0664581383029253
2258,-0.111601603017458
2259,0.055955457837028
2260,-0.0321226208321006
2261,-0.0282377527594879
2262,0.00204250345361
2263,0.121253497770733
2264,-0.126061289536851
2265,-0.0387098515328237
2266,-0.035784405938982
2267,-0.0570265681605055
2268,-0.0536155923705035
2269,-0.0183062713357668
2270,-0.118577742476487
2271,-0.00837659809599113
2272,-0.0290188039790047
2273,-0.153908633899921
2274,-0.0141969803701029
2275,0.0408209258564509
2276,-0.040204688526341
2277,-0.0844544459519476
2278,-0.0636300213670637
2279,-0.165681232875839
2280,-0.0742884883460034
2281,-0.0817688270952868
2282,-0.118799825193819
2283,-0.0293368531052296
2284,-0.0904656758972148
2285,0.115443946151003
2286,-0.164780233473341
2287,-0.0155032339243678
2288,-0.0129379594833207
2289,0.0363229440647284
2290,-0.0274994415237113
2291,-0.0841656554693959
2292,-0.023380002547428
2293,0.00366778911482264
2294,-0.026528654604606
2295,-0.0926358032343717
2296,-0.0652476727682364
2297,-0.027326426491893
2298,-0.0523426338703463
2299,0.0450941943093075
2300,-0.0972608931703749
2301,-0.0535753802198832
2302,-0.0813530623385855
2303,-0.17399892871457
2304,-0.0770533425448808
2305,-0.0101269604698107
2306,0.0107117565782899
2307,-0.177660602016456
2308,0.0130366787671553
2309,-0.0573165667320173
2310,-0.0487040452589804
2311,-0.0496087882089132
2312,-0.038262749055019
2313,-0.0380621025215417
2314,-0.0553348104678313
2315,-0.159148541883697
2316,-0.168910519826485
2317,-0.0530718410743638
2318,-0.0333006685299228
2319,-0.0544924897613003
2320,0.0523565588005823
2321,-0.0963187560757882
2322,-0.136904545454359
2323,-0.0777820203624371
2324,-0.0395755358801577
2325,-0.0699203773348968
2326,0.0879035551231119
2327,-0.091205809304924
2328,-0.0980082739626596
2329,-0.197353337388112
2330,-0.0426829212352054
2331,-0.134544055636826
2332,-0.0415737568098781
2333,-0.116801317177624
2334,0.0637506462654971
2335,-0.202219846473294
2336,-0.107549917035261
2337,0.0848852522453405
2338,0.00509495284741715
2339,-0.0522382734095498
2340,0.00249022364528856
2341,-0.0483207783982536
2342,-0.000121046074682858
2343,-0.0928767806262054
2344,0.0743926177338326
2345,0.0174478186074072
2346,-0.198031160473097
2347,0.0624103230380998
2348,-0.075135590962958
2349,0.139127856474184
2350,-0.0664198300863624
2351,-0.257655328845318
2352,-0.0772536521654895
2353,-0.162909816398948
2354,-0.0276219860508839
2355,-0.106982019346757
2356,-0.0915011067155055
2357,0.0270853421083062
2358,-0.129518450896271
2359,-0.0554705020844005
2360,-0.18907355662326
2361,0.100599501599257
2362,0.0265441966932134
2363,-0.00760801021568539
2364,-0.00290584219768597
2365,-0.115421777322462
2366,-0.0497256308925652
2367,0.0446938563699132
2368,-0.032212882293963
2369,-0.0230768587430205
2370,0.0981406311041337
2371,-0.131756798379296
2372,-0.120480152399518
2373,0.0115426863129392
2374,-0.0101714403263255
2375,0.0392949922777041
2376,-0.107090411525963
2377,-0.0100015685918823
2378,-0.0508511839292156
2379,-0.131556470265937
2380,-0.0797572451630965
2381,-0.147708148816646
2382,-0.202582555988164
2383,0.0347120155146568
2384,0.03744446820986
2385,-0.0318847443383752
2386,0.00563831792769996
2387,-0.1005867886321
2388,-0.0445930088195767
2389,-0.0141721853020117
2390,0.0179702822980824
2391,-0.00219064987086947
2392,-0.109736168045085
2393,-0.0131583057616921
2394,-0.0810485300464746
2395,-0.102393466110539
2396,-0.0253525048106227
2397,-0.0240577925617651
2398,-0.11189137393227
2399,-0.213364714690274
2400,-0.0379192024842766
2401,-0.134380257913363
2402,-0.0471640023618902
2403,-0.0395994758539599
2404,-0.0751308854554027
2405,-0.133555503754837
2406,-0.130668706290312
2407,0.0574631988918418
2408,-0.0223422966692627
2409,0.01363294750077
2410,-0.0341401868112928
2411,-0.0308693601201081
2412,-0.111239706275327
2413,-0.0801236629330527
2414,-0.0590698037148732
2415,-0.169669310986502
2416,-0.136518889063853
2417,0.173818488857719
2418,-0.0692349932096036
2419,-0.0384447629232451
2420,-0.0429212949238006
2421,-0.0519459640848125
2422,0.077155807624723
2423,-0.06759420271957
2424,-0.0661265656676568
2425,-0.0453589580986303
2426,-0.0104633648414951
2427,-0.0247772844035301
2428,0.0396555835488367
2429,-0.027738133205781
2430,-0.0966655895520246
2431,-0.0241286393308675
2432,-0.0490274156443054
2433,-0.0505132112048846
2434,-0.0522972280734507
2435,-0.0747269428984278
2436,-0.0221042505273847
2437,-0.151051245030855
2438,-0.0236510846110593
2439,-0.150443985174126
2440,-0.128531731781181
2441,-0.140558246460042
2442,0.0272795152833901
2443,-0.11314017020388
2444,-0.146567149800203
2445,-0.110998432830279
2446,-0.0986885967256785
2447,-0.0141923073310508
2448,0.0371308649401909
2449,-0.0416191076725142
2450,0.00473557495239901
2451,0.128140599903817
2452,0.100156765575995
2453,-0.00903772662929605
2454,-0.0464680067540469
2455,-0.0793538081466398
2456,-0.0381238102995711
2457,-0.130322724811623
2458,-0.0976437675781257
2459,-0.0570387751530195
2460,-0.0137207520444294
2461,-0.0568382570228288
2462,0.0281970147083817
2463,0.0396070377559513
2464,-0.0824848267855672
2465,0.17390365470264
2466,-0.0939032768848006
2467,0.0384960485097426
2468,0.0149910016737381
2469,0.00932171760986105
2470,0.131860959754787
2471,0.0523025567127584
2472,-0.073894166123498
2473,-0.0017560922944108
2474,-0.122998532854669
2475,-0.141905640617935
2476,-0.0931918322724833
2477,-0.0382666064663579
2478,-0.171365058125251
2479,0.0309229050012737
2480,-0.134804169826681
2481,-0.0658672380598339
2482,-0.0174807660689385
2483,0.137061746610088
2484,-0.0570507561403228
2485,-0.0670987406477786
2486,-0.0175962283187685
2487,0.026220142785925
2488,0.0123979256477017
2489,0.0334546033870252
2490,-0.0505501493238832
2491,0.0671464727994636
2492,-0.105810957901704
2493,-0.136183194887386
2494,-0.121724787062828
2495,-0.0489175057223399
2496,-0.168033290622512
2497,-0.0695118111244521
2498,-0.0809890640275278
2499,-0.00229841292580701
2500,-0.0061057199080462
2501,-0.0106621213844573
2502,-0.052615099644886
2503,-0.037702018651053
2504,-0.0811119098802652
2505,-0.020949093886493
2506,-0.0944490752829693
2507,-0.041359169490817
2508,0.0436425929201854
2509,0.00316710034012747
2510,-0.116913022501061
2511,-0.0277307783017512
2512,-0.0992025578493966
2513,0.0145514961467301
2514,0.0103654703634448
2515,-0.105827212083054
2516,-0.0475827859001717
2517,0.00264412786906131
2518,0.0371225710188943
2519,-0.0543253836055884
2520,-0.0604641753354156
2521,-0.1602470208366
2522,-0.0125204245384998
2523,-0.0159120826183941
2524,-0.0789631927086753
2525,-0.0313137672191257
2526,-0.13521694273845
2527,0.0918703342307963
2528,-0.02021934663529
2529,-0.0989647488885158
2530,-0.0175660637851146
2531,0.00839898161905453
2532,-0.041917622127606
2533,-0.0559828606202461
2534,-0.120608100089484
2535,-0.0663557365604207
2536,0.0683467905302971
2537,-0.0132605743049386
2538,-0.0613112415041762
2539,-0.0441836677941746
2540,-0.0511940652287022
2541,-0.0748813131312649
2542,-0.136505765367481
2543,-0.083545655321991
2544,-0.0579096267514447
2545,-0.0186006490507319
2546,0.0754040775382361
2547,0.110857764552015
2548,-0.142839179501319
2549,-0.117954289935155
2550,0.029820674145544
2551,0.0091021824572267
2552,-0.154277879766525
2553,-0.0330238602051178
2554,-0.00748227161731544
2555,0.0423281098246755
2556,0.0205688997524233
2557,0.053656646961851
2558,0.0286768254376769
2559,-0.102053635934699
2560,-0.0584703637635619
2561,-0.0787623030848138
2562,-0.0421229200869539
2563,-0.0495727150943786
2564,-0.0524537923335454
2565,0.000382161260147023
2566,-0.080934957417523
2567,0.00185963570816397
2568,-0.0430430030573559
2569,-0.0216320136924824
2570,-0.00519946759651734
2571,0.00242199376541643
2572,-0.0193173122559965
2573,-0.0541895435476802
2574,-0.0388089532542484
2575,-0.0459427111713345
2576,0.0527203170080089
2577,-0.109869075155182
2578,-0.011863361902107
2579,-0.116903177097722
2580,0.0684506353775644
2581,-0.10544200480985
2582,-0.085830134393356
2583,-0.0464247606845509
2584,0.235079667230035
2585,0.0334250110236866
2586,-0.116072288243064
2587,-0.0454698306585916
2588,-0.100634406004832
2589,-0.053483932827177
2590,-0.180476527079713
2591,-0.084144025839935
2592,0.0194736602285348
2593,-0.0448052946503164
2594,-0.0952101400589313
2595,-0.146790728180392
2596,-0.0117751033807353
2597,-0.101147875163886
2598,-0.0630386660205282
2599,-0.05367971982273
2600,0.0261864665520199
2601,-0.0814107968997525
2602,-0.095781486948002
2603,0.061781412872766
2604,0.00883102704422048
2605,-0.0761758823018406
2606,-0.0852800049269269
2607,-0.00109879091616141
2608,-0.064927299679373
2609,-0.00696516712287932
2610,-0.0635556098890691
2611,-0.0555126357724276
2612,-0.128508240423129
2613,-0.0241243024740704
2614,-0.0802168822886019
2615,0.0364369997368183
2616,-0.0194383346425162
2617,-0.0130633152686472
2618,-0.0388082910102006
2619,0.0539028646710975
2620,-0.0564448929222243
2621,-0.11374992507529
2622,-0.0610871790715888
2623,-0.113202666919352
2624,-0.110581978390049
2625,-0.129441830800697
2626,-0.0877441546878938
2627,-0.165663905392957
2628,-0.0733252301231222
2629,0.0148504248533096
2630,0.0519891425963916
2631,-0.13180423674565
2632,-0.0580155456153884
2633,-0.0182979583315582
2634,0.0306354031592467
2635,-0.120877286699157
2636,-0.117394206213243
2637,-0.101619225889981
2638,0.055941409514178
2639,0.0173298472331857
2640,0.0351385540564534
2641,-0.184013410925328
2642,0.00919315977891461
2643,-0.123271258716783
2644,-0.0346926821255452
2645,-0.0833056724648258
2646,-0.0926207906665688
2647,-0.105128767304472
2648,-0.0634796570684478
2649,5.55363584729046e-05
2650,0.0170247410402451
2651,-0.0531650024977102
2652,-0.0671511390637081
2653,-0.0425413579314743
2654,0.0600826338254904
2655,-0.0534741020465745
2656,-0.0291155505202008
2657,-0.0232674332753418
2658,-0.0987771079908694
2659,-0.129917818698334
2660,-0.108950315988308
2661,-0.00211276324671021
2662,0.046688950474679
2663,0.00134674404924172
2664,0.0289425542240506
2665,-0.0972273681661025
2666,-0.0535755315152962
2667,0.0085415852856203
2668,0.0137671047718443
2669,0.0311361126115729
2670,0.0857698636227062
2671,-0.00590256411798182
2672,-0.0957361441561694
2673,-0.000585919993946568
2674,0.0214551498271257
2675,-0.10329263270689
2676,-0.0766781103935331
2677,-0.077839579298798
2678,-0.103564026208495
2679,-0.00955596220924323
2680,-0.0859653171877723
2681,0.0168042329220533
2682,-0.112726513806223
2683,-0.020360730624112
2684,0.0535832753387713
2685,0.0401981851656374
2686,-0.0555907722703152
2687,0.0101787381781383
2688,-0.00193519196493755
2689,0.0531224793714965
2690,-0.00816091387439396
2691,0.0104129667596039
2692,-0.0879991131902335
2693,-0.14609608849642
2694,0.0114653112863557
2695,-0.0443778784987972
2696,0.0281919429204606
2697,-0.0314532381777111
2698,0.043242210030783
2699,0.010322157522916
2700,-0.127804368694578
2701,0.0296669775385283
2702,-0.100299062022027
2703,-0.153320594921986
2704,-0.0305931721102175
2705,-0.103665904377454
2706,-0.0506005569861695
2707,-0.0769874642016604
2708,-0.105671435075514
2709,-0.114443700822636
2710,-0.00751308068771781
2711,-0.00209860033115536
2712,-0.0828711671543498
2713,-0.0858681975815346
2714,-0.0672793348908907
2715,-0.0454708842423953
2716,-0.161999589987999
2717,-0.11772674548348
2718,-0.112031533996752
2719,0.00182788090659393
2720,-0.0500600209868158
2721,-0.000488888040235687
2722,-0.162419097086362
2723,-0.0912624283884409
2724,-0.101975316740203
2725,-0.0242059501664453
2726,0.0187561228271732
2727,-0.232127105255946
2728,-0.081737881330262
2729,-0.0328163727928783
2730,0.00395135476131899
2731,-0.0460028561694293
2732,0.068037160734533
2733,-0.059482022341552
2734,-0.0350462226187862
2735,-0.0561501939583182
2736,-0.041910813087528
2737,0.0237060898933999
2738,0.023604047909207
2739,-0.0895824499765741
2740,-0.0691089093678117
2741,0.0647094468430338
2742,-0.150971669326831
2743,0.100768424513837
2744,-0.0648400300156296
2745,0.0406320671764611
2746,0.0874102170268506
2747,-0.128922554423453
2748,0.0118161406988925
2749,-0.0127249709278413
2750,-0.0533325406822035
2751,0.0425669679440546
2752,-0.126511359933567
2753,-0.0182494534195387
2754,-0.0135570654929984
2755,-0.102324542303595
2756,-0.0918487487585555
2757,-0.0804021370964717
2758,-0.0279896458679299
2759,-0.123751826206218
2760,0.0690426522388835
2761,-0.0409163727013724
2762,0.00139715407344108
2763,-0.0343684583271703
2764,-0.0944397700816428
2765,-0.119739758303983
2766,-0.0527766261945188
2767,-0.0024076949882493
2768,0.0425938974061298
2769,-0.144903957162765
2770,-0.0118053215394983
2771,-0.00161844404015783
2772,-0.031424882289095
2773,-0.0146570121292394
2774,-0.0289795810806153
2775,-0.0174201153715665
2776,-0.0399428775572432
2777,-0.0168092384081628
2778,-0.00338917815579385
2779,-0.166165977125893
2780,0.113913552352842
2781,0.00422131877622464
2782,0.0760453535042294
2783,-0.176405841411604
2784,-0.155757098383246
2785,0.00526907517038726
2786,-0.0899637299601314
2787,-0.105998975032696
2788,0.0352094661039981
2789,-0.0890768998001515
2790,-0.00577117698660005
2791,-0.137582368245106
2792,-0.126599205537647
2793,-0.0181735413777774
2794,-0.0304459592072143
2795,-0.175159554418854
2796,0.0246484086372974
2797,0.181675525623306
2798,-0.0363236131273888
2799,-0.135125844853469
2800,0.0474583178589718
2801,-0.167434426250693
2802,0.0830156027035996
2803,0.0156209764163958
2804,-0.184013715225759
2805,-0.0628972749327727
2806,0.032523173398004
2807,-0.11201454070861
2808,-0.124001105514629
2809,-0.0838647509334133
2810,-0.0463314659074774
2811,-0.0614317907504666
2812,-0.0889625267531862
2813,-0.100561273311716
2814,-0.0963630102044941
2815,-0.0486130722105646
2816,-0.122642533103786
2817,-0.0690309204056666
2818,-0.0406175775929865
2819,-0.00497883378992353
2820,0.0220921585880731
2821,0.0286277637662911
2822,-0.0508505033924368
2823,-0.0286396726015213
2824,-0.158758682714458
2825,0.00983598127854453
2826,-0.0776930399398617
2827,0.0145906077717458
2828,-0.0885287497870665
2829,-0.108205167263239
2830,-0.00834396973186372
2831,-0.13861232641917
2832,-0.136280130744344
2833,-0.135329216714019
2834,-0.122815525103922
2835,-0.119374572238289
2836,-0.0840245939526942
2837,0.0185855541496704
2838,0.0311994123563195
2839,-0.00543693196072084
2840,-0.0130162963481022
2841,-0.103934927087997
2842,0.0171955387201899
2843,-0.0370685467061701
2844,-0.0125402072978862
2845,-0.0170729948382726
2846,-0.0167638157776395
2847,0.140501150751211
2848,-0.081922627954892
2849,-0.0217473951090012
2850,0.0011415462259934
2851,-0.102510778502913
2852,-0.0883595897475462
2853,-0.0381150257808625
2854,-0.0820064022763707
2855,-0.0231672978805425
2856,-0.19551441268584
2857,0.000780148053746233
2858,0.00491235460747433
2859,-0.0275596513591311
2860,-0.0993968478348901
2861,-0.0614054286206257
2862,0.0200611263915164
2863,-0.0380650301581051
2864,-0.183645436565385
2865,0.128851314182018
2866,0.00377669332132952
2867,-0.029732047225831
2868,-0.000539783979268882
2869,-0.103748550903116
2870,-0.0466119014019936
2871,-0.0851705416833604
2872,0.0782316482079911
2873,-0.112859011910618
2874,-0.00393105274365296
2875,0.091080791872242
2876,0.103652753492748
2877,-0.044398115643722
2878,-0.14734610041717
2879,-0.0694922583374981
2880,0.136148179073679
2881,0.00257494825576985
2882,-0.0195440961444301
2883,-0.0403311685232641
2884,-0.106304057253984
2885,-0.0740127951802058
2886,0.0164902482466102
2887,-0.0939214392787224
2888,-0.114182945653229
2889,-0.00831747134546463
2890,-0.0345337224968314
2891,-0.0746151142288485
2892,-0.0974991930722223
2893,-0.0501342721838302
2894,0.00123129379290191
2895,-0.13393104085177
2896,0.051513996170647
2897,-0.0914237608148962
2898,-0.056835426761117
2899,-0.0997001306433903
2900,0.120540771484847
2901,-0.16101076016254
2902,0.0139129696137766
2903,-0.030150279394443
2904,0.000627380355337955
2905,-0.0667489102106985
2906,-0.0965159305977813
2907,0.0570784996130167
2908,-0.0296469864821388
2909,0.0456481239308032
2910,-0.12524887575725
2911,-0.131463809585822
2912,-0.058509434168314
2913,-0.139232162206869
2914,-0.0781629250939606
2915,-0.16312245476598
2916,-0.0700934847434086
2917,-0.0800388106957539
2918,-0.0861360789682247
2919,-0.0191524441524789
2920,-0.0814673137959103
2921,-0.0588425591500319
2922,-0.0693589600976105
2923,0.0384334180259256
2924,0.0363823976407384
2925,-0.011981872521452
2926,-0.0296988772837403
2927,-0.134644073116681
2928,-0.00484439801423157
2929,-0.0595226055140701
2930,-0.0789063890258024
2931,-0.0243525769170954
2932,-0.025801630590622
2933,-0.107276987314241
2934,-0.115299314572782
2935,-0.0687235291371489
2936,0.0230932883466318
2937,0.0258388873415381
2938,-0.0694781403196649
2939,-0.0448365078434734
2940,-0.0407703498222912
2941,-0.0324057768363059
2942,0.0210900860007565
2943,0.0284812652974702
2944,0.0996412091538206
2945,-0.0355963239067417
2946,-0.0145086153662462
2947,-0.170090363427101
2948,0.0124708132386182
2949,-0.104240790961138
2950,-0.0714653128495993
2951,-0.0156452641341921
2952,0.0152070802110036
2953,-0.000165713015255576
2954,-0.129536413062668
2955,-0.131875362939975
2956,-0.0970149157495186
2957,-0.127255135148012
2958,-0.0269860321701616
2959,-0.193387926629734
2960,-0.029398963034488
2961,-0.100665315062221
2962,-0.087414450406012
2963,-0.00719104116493025
2964,-0.0380087751587532
2965,-0.122899432151045
2966,-0.039193124005576
2967,-0.0494072884228097
2968,-0.0180796838175907
2969,-0.0358710869656317
2970,0.0165021616410126
2971,-0.0171204158890679
2972,-0.0107353323458456
2973,0.0711325897695726
2974,-0.122685743868659
2975,0.00434036978814102
2976,-0.110409369785973
2977,0.00582547093322873
2978,-0.0642914311662647
2979,0.00142363277565246
2980,-0.0114160121641262
2981,-0.0793359579584645
2982,-0.0362249416344516
2983,-0.00474193578686997
2984,-0.190750086666202
2985,-0.131503489431927
2986,-0.0707463594406768
2987,0.00204758700987809
2988,-0.0720879927417829
2989,0.00736926245151346
2990,-0.0376752357929577
2991,-0.0319811204395101
2992,-0.147506783401224
2993,-0.0732531818385276
2994,-0.278463435535348
2995,-0.03111195656057
2996,-0.00187871251499882
2997,-0.0306031175327858
2998,0.0151633830892914
2999,-0.0152966644923031
3000,-0.0511053046678529
3001,-0.0983970301536634
3002,-0.108153930650394
3003,-0.016786378307599
3004,-0.0685790769065975
3005,0.0153273929288409
3006,-0.0319059923417147
3007,0.0489694169271363
3008,-0.0784012119993831
3009,-0.0877371912997998
3010,-0.045171319621137
3011,-0.0603425770509742
3012,-0.12807627161161
3013,0.0559639426688665
3014,0.0284031435932077
3015,0.0694185950892795
3016,-0.0509456767465786
3017,-0.113731451411202
3018,-0.110054700438935
3019,-0.0986816226613931
3020,-0.0908757047886446
3021,-0.194352934243501
3022,0.0874516232171077
3023,-0.12587679545233
3024,-0.0821536696307641
3025,-0.0919683859265719
3026,-0.0384702628865603
3027,-0.0637600644845156
3028,0.0155200943618686
3029,-0.0998864617177811
3030,0.0281439160980996
3031,-0.247536214858085
3032,-0.0228126416711374
3033,-0.0806835745867873
3034,-0.123396686420132
3035,0.0103713992669153
3036,-0.0485449160772382
3037,-0.12587504643545
3038,-0.136629187804718
3039,-0.0492725178132652
3040,-0.0191630461318554
3041,0.0128623716708218
3042,-0.067137082651402
3043,-0.0525713831125996
3044,-0.165660331015561
3045,0.0615864515992016
3046,-0.158593464216798
3047,-0.0517779154772229
3048,-0.0265218688775496
3049,-0.11074798137384
3050,-0.101058036436039
3051,-0.108162753106071
3052,0.0896233750382674
3053,0.109328391176707
3054,-0.0246044640606368
3055,-0.0463293773323199
3056,-0.121245852464061
3057,0.0406845793692744
3058,-0.0605194190717596
3059,-0.122089341776695
3060,0.0268003638866916
3061,-0.10375050352152
3062,-0.0491108878564783
3063,-0.161375448964142
3064,-0.0515242866958575
3065,-0.099195162511119
3066,0.122196951385329
3067,-0.0730669176470388
3068,-0.0732522042498855
3069,-0.0260833054722538
3070,-0.36444528493464
3071,-0.0848448398616328
3072,-0.177945679286445
3073,0.0350577127191345
3074,-0.0269122862260661
3075,-0.049182605598008
3076,-0.060877854586742
3077,-0.0196528460601018
3078,-0.0497653280642821
3079,-0.138043148204128
3080,-0.074413935559449
3081,-0.0788796917099485
3082,-0.196773923251159
3083,-0.00871325488456151
3084,-0.0618815616266486
3085,0.0218214827320896
3086,-0.0400104237526807
3087,-0.0278043441696562
3088,-0.0096216481436173
3089,-0.1533136605376
3090,-0.124752125666955
3091,0.0605924074877691
3092,-0.124988169368326
3093,-0.14549698798031
3094,-0.0594298892636634
3095,-0.0719458731493514
3096,-0.22526135172068
3097,-0.130757245824055
3098,-0.0780492681038384
3099,-0.070091518978257
3100,0.030750435430033
3101,-0.0337715878417684
3102,0.0357552870979408
3103,-0.0237823411383701
3104,-0.0789385718583369
3105,-0.0531317399996905
3106,-0.121075979021817
3107,-0.0126247003804309
3108,-0.033146759820725
3109,-0.0206978931259926
3110,0.00720894819066447
3111,-0.0298653429332947
3112,-0.0135706670458405
3113,-0.0544712897012865
3114,-0.0857747698022286
3115,-0.0767850276613647
3116,-0.0190416122870022
3117,-0.00928988924589808
3118,0.00373060455691129
3119,-0.0673175280677342
3120,-0.0214472914961966
3121,-0.249437441437715
3122,-0.0834989796867294
3123,-0.142535237835148
3124,-0.0333863368769328
3125,-0.135723395512963
3126,-0.0699865041669452
3127,0.0834716102576727
3128,0.0384873576402042
3129,-0.150379838670857
3130,-0.0153179703100708
3131,-0.0763810508269664
3132,-0.0564635852310489
3133,-0.10259353421707
3134,0.0659176670715482
3135,-0.0921818934858377
3136,-0.105211246934785
3137,-0.00561688984289963
3138,-0.0132597283087678
3139,-0.00861964007114595
3140,-0.104769038590891
3141,-0.0546033027870078
3142,0.0503877494023108
3143,-0.0726261344444235
3144,-0.0193226936671327
3145,-0.00892706794727377
3146,0.0442091482546237
3147,-0.00335939620253022
3148,0.0254666117413141
3149,-0.0607434100017963
3150,-0.019030610046497
3151,-0.151307458298327
3152,0.092962971373756
3153,-0.0232250961283369
3154,-0.0497981718337724
3155,-0.0613794130253991
3156,-0.0144245174507585
3157,-0.035314182369152
3158,0.00840060988889645
3159,0.0198235118104285
3160,-0.011545927110897
3161,0.0112521885834924
3162,-0.00725341302703658
3163,0.014565508398031
3164,-0.0308802316487981
3165,-0.126438089129237
3166,-0.100644261710248
3167,-0.0330495728696222
3168,-0.0962772805501949
3169,-0.128852445095826
3170,-0.0620084133361418
3171,-0.0379042018434884
3172,-0.116300866015562
3173,-0.0906649036782325
3174,0.00276714125419578
3175,-0.0569475949245743
3176,-0.0249198258334159
3177,-0.127202567825701
3178,0.0275201759385869
3179,-0.052250550779075
3180,-0.0783100633672532
3181,0.030324700235879
3182,-0.0468084665152252
3183,-0.0199842581438721
3184,-0.119821647547801
3185,0.184277535102119
3186,-0.08573890905193
3187,0.0358669701721554
3188,-0.132386370936674
3189,-0.0214206097142149
3190,0.0327127739220937
3191,-0.0319462945518841
3192,-0.018127522179379
3193,0.00724607889861529
3194,-0.232022495243159
3195,0.0684265183153879
3196,-0.0377883013912543
3197,-0.0255828680420825
3198,-0.0610466896449815
3199,0.0353340642069539
3200,-0.155806384095196
3201,-0.034081763502562
3202,-0.0602213164415864
3203,-0.264590257239192
3204,0.0254172782945309
3205,0.155531813658238
3206,-0.017904339056459
3207,-0.104032330227566
3208,-5.89926987225917e-05
3209,-0.066322666123552
3210,-0.0421459845843562
3211,-0.0446418574336545
3212,-0.0507864543666455
3213,0.0331226297903452
3214,-0.0826363320727613
3215,-0.00868136987728086
3216,0.0326577741423223
3217,-0.176568620834849
3218,-0.0307400074562306
3219,-0.0234760802956119
3220,-0.0133926191716249
3221,-0.13192568944782
3222,-0.102522989702621
3223,-0.0627989644853279
3224,0.00815866036065663
3225,-0.0239536534372226
3226,-0.103659961052965
3227,0.0924604888154381
3228,0.070808395992305
3229,-0.135380700931323
3230,-0.0924752100908067
3231,-0.118960062184066
3232,0.0164964007781618
3233,-0.259190538072858
3234,0.0286298155076948
3235,-0.0959764451267504
3236,0.0311432440877839
3237,-0.126115017639241
3238,0.0687076113152233
3239,0.0297791881929162
3240,-0.0839664723545533
3241,-0.0853048304648968
3242,-0.0913946853469376
3243,0.0171529397228777
3244,-0.0798275406815509
3245,-0.0626031541728835
3246,-0.054005399883762
3247,-0.0391844009396554
3248,0.0329824675060379
3249,-0.0359480646591157
3250,-0.000843712088589653
3251,-0.0735561185060086
3252,-0.14239475878443
3253,-0.0205193701388873
3254,-0.0103298713887102
3255,-0.0744410967909297
3256,-0.0777840774664799
3257,0.0526058284763656
3258,-0.0450256999016337
3259,-0.0326773204995001
3260,0.028557860787865
3261,-0.100526821857696
3262,-0.132681188217384
3263,-0.0582859177569944
3264,0.0628129771667544
3265,-0.109908507005829
3266,-0.0766463588937505
3267,-0.0598218101601821
3268,0.0189415206900328
3269,-0.0833349890513097
3270,-0.110933117286395
3271,-0.0975909448501902
3272,-0.0835637082744427
3273,0.101817205619725
3274,-0.259327256497724
3275,-0.120390829326836
3276,-0.0117025518572899
3277,-0.0368140057967533
3278,-0.115818897367967
3279,0.0283780103051493
3280,-0.0274582243761322
3281,0.105686151981214
3282,-0.0594474999158376
3283,0.0190500227698335
3284,-0.0302124126455642
3285,0.0262962415562194
3286,-0.0590521382945278
3287,0.0364923966281959
3288,-0.0430173442086638
3289,-0.173491417514732
3290,-0.0892924924486443
3291,-0.0544559741325982
3292,0.010321729453563
3293,-0.029573015777899
3294,-0.0558619038724055
3295,-0.103106052111769
3296,-0.0612086742310785
3297,-0.0692310132081605
3298,0.0661053579455642
3299,-0.0162129390821246
3300,-0.0521052223459636
3301,-0.00254871253736268
3302,0.0432688527995461
3303,-0.0728302452594612
3304,-0.0328267343007009
3305,0.0477369387569999
3306,-0.0997509936188688
3307,-0.0119494087950819
3308,0.0458062202472081
3309,-0.0358438568356505
3310,0.124132896962711
3311,-0.114269343430329
3312,-0.128013908828031
3313,-0.00115971719208651
3314,0.0329869853547733
3315,0.0839049637867086
3316,-0.0242899897569141
3317,-0.149914753063954
3318,-0.138080408454479
3319,0.00206511657301515
3320,0.0204303248716107
3321,-0.0870687783378169
3322,-0.0323410388063974
3323,0.0311063652641142
3324,-0.161785816785524
3325,0.026908879654658
3326,0.103454865371054
3327,-0.192478739085514
3328,0.149036412058247
3329,-0.0175821911506241
3330,-0.0688112746745943
3331,-0.123326131685341
3332,0.00482113583688883
3333,-0.0283440169498535
3334,-0.0544519347132611
3335,-0.153264454014921
3336,-0.176684081822798
3337,-0.0527793493553954
3338,-0.00358438840188621
3339,-0.0576527235324898
3340,-0.0246676572832569
3341,0.0160695834881597
3342,0.0729413061446374
3343,0.115184382053
3344,-0.0195705707217456
3345,0.116866726851274
3346,-0.0303662044764785
3347,0.00761786197042311
3348,-0.0166589230104653
3349,-0.0939578725827707
3350,-0.0652439579429372
3351,-0.0376306024996654
3352,-0.0529290059297216
3353,-0.0191109702839558
3354,0.0484605706368104
3355,-0.00564727370905717
3356,0.0103763692393802
3357,-0.0334592549407126
3358,-0.0413071649369387
3359,-0.0042648560375019
3360,-0.118097797638061
3361,-0.0681112048524383
3362,-0.0717575652801645
3363,0.113054775981898
3364,-0.191632692738398
3365,-0.156596447302994
3366,0.115711095041114
3367,-0.0254753914764743
3368,-0.100361781111576
3369,-0.0275285073429254
3370,-0.130910447302669
3371,0.0218083936160024
3372,-0.11284450058865
3373,-0.0952052500557095
3374,-0.103827901085637
3375,-0.147327740368437
3376,0.0109740017726945
3377,-0.0843920119459368
3378,-0.0175608668656039
3379,-0.010796281328905
3380,-0.0921991722713561
3381,-0.028099850188107
3382,-0.0229015024167521
3383,-0.0663575228397633
3384,-0.049224545323783
3385,-0.0293265767232676
3386,-0.0787464177050768
3387,0.00387998222075651
3388,-0.0390102306047898
3389,0.0500087341420415
3390,0.0313577690923685
3391,-0.256727750420658
3392,-0.0587806144601862
3393,-0.114368053168247
3394,-0.0676649249023188
3395,-0.00984175716253841
3396,0.00134540196544106
3397,0.040500066295647
3398,-0.163135646442591
3399,-0.0950448966899413
3400,-0.0286156963077749
3401,-0.0496210660202333
3402,-0.0555339643052506
3403,-0.0678188989886411
3404,-0.051177092513351
3405,-0.0402665784567811
3406,-0.101260582813238
3407,-0.0572296789361541
3408,-0.00371661324491418
3409,-0.0997019314476583
3410,-0.0437848538842851
3411,-0.0604447594636228
3412,-0.026581779317526
3413,0.38446972985498
3414,-0.0569765369236716
3415,0.0456510379073957
3416,-0.0224663519834821
3417,-0.0606773451956275
3418,0.112999701636474
3419,-0.0344988784794655
3420,-0.047118297179898
3421,0.0276575214778728
3422,-0.0229534113186676
3423,0.0445568641962666
3424,0.156339617961016
3425,5.67920818932717e-05
3426,-0.116813100548873
3427,-0.0052502706520226
3428,-0.116831971684174
3429,0.0288517215506184
3430,-0.0276915195834445
3431,-0.112838179816971
3432,-0.101546121897377
3433,0.0652590508974933
3434,-0.0518582586150581
3435,-0.0634552699937383
3436,-0.0706842548363358
3437,-0.136455515796773
3438,0.0747296909427838
3439,-0.0707647124691188
3440,-0.178949288390879
3441,-0.0518520561656654
3442,-0.0635048916868493
3443,-0.0615475666743441
3444,-0.0234537142498472
3445,-0.262400551764048
3446,-0.0787737691539402
3447,-0.015366926878134
3448,-0.0757649328585788
3449,-0.147131546648344
3450,-0.0603099923005111
3451,-0.111338925448403
3452,-0.0666501562630944
3453,-0.00800818467460414
3454,-0.155613490813598
3455,-0.0680860772467028
3456,0.0189002653422887
3457,-0.0114212751230379
3458,-0.025443073635639
3459,-0.0273302215803126
3460,-0.116622421643417
3461,-0.127813998972911
3462,-0.0567267278611395
3463,-0.099755949379728
3464,-0.148929343432337
3465,-0.0176922644675712
3466,-0.198070666841154
3467,-0.040961374939646
3468,-0.0517807797420847
3469,-0.0988642213468621
3470,-0.16557148787341
3471,0.00216045426921316
3472,0.0969559327823624
3473,-0.0682407608010111
3474,-0.199397901025696
3475,-0.0691896970649723
3476,-0.173442736767944
3477,-0.0346156482908178
3478,-0.0331572251600937
3479,-0.138704259145063
3480,-0.0589452966097513
3481,-0.00679754230987047
3482,-0.0896431296126666
3483,-0.0790731499840535
3484,-0.0570328561202732
3485,-0.0489647381522305
3486,-0.00274373416635454
3487,-0.101757407207675
3488,0.052104180064219
3489,-0.0848978002394701
3490,-0.0464064534729345
3491,-0.109803549448353
3492,-0.0477712421921822
3493,0.0477668885077748
3494,-0.0404108607253996
3495,0.224200365014806
3496,-0.0814068769928097
3497,-0.128920823943397
3498,-0.0987975373867258
3499,-0.00967774935135205
3500,-0.134775593302634
3501,-0.0721777896196242
3502,-0.0169745801450067
3503,-0.0706241150466299
3504,0.0785702775170184
3505,0.0148769632361633
3506,-0.0139323929401405
3507,-0.0778530186227081
3508,0.0471315969565695
3509,-0.186128928133774
3510,-0.0387469111652019
3511,-0.0133217290687714
3512,-0.0591752885852207
3513,-0.0679705946731201
3514,-0.0294523988769573
3515,-0.0362393236059076
3516,-0.0155861068844031
3517,-0.0733419412519515
3518,-0.173086419486488
3519,-0.0822480092321408
3520,-0.070721275687007
3521,0.0198438729081772
3522,-0.0330113400855919
3523,-0.0983670236893683
3524,-0.125696616008642
3525,-0.104879222197748
3526,0.168644690478303
3527,-0.080102651621025
3528,-0.0958667777205247
3529,-0.0368256468020986
3530,-0.0637635238561156
3531,-0.101238082116076
3532,-0.107697067889656
3533,-0.0367334834280483
3534,0.0284394501396213
3535,-0.0781046830875048
3536,0.0252883860694729
3537,-0.0913892741258998
3538,0.0332403388860851
3539,-0.027808068048304
3540,-0.0423634461848334
3541,-0.0395052841234102
3542,0.0376270989449447
3543,-0.102720233136201
3544,0.0168605237907788
3545,0.028914779902275
3546,0.0461776189809178
3547,-0.141064624375064
3548,-0.0751869488537481
3549,-0.135301524358565
3550,0.00926274922460805
3551,-0.0176354888027574
3552,0.00726297780708276
3553,-0.00502600669044219
3554,-0.0754283817507801
3555,-0.116701274895925
3556,-0.0275576781474061
3557,-0.101162810611729
3558,0.0556001357239026
3559,0.00141879194736827
3560,0.00219065063315729
3561,-0.0555873326598246
3562,0.0185291891102511
3563,-0.0318648164159537
3564,-0.0879779374173785
3565,-0.0848434964806846
3566,-0.0315682197024363
3567,-0.128997733051812
3568,-0.0048362077567677
3569,-0.0838951702512331
3570,-0.0585148311558301
3571,-0.0732853719957916
3572,-0.121777694876369
3573,0.00642249821172949
3574,-0.0676734738610409
3575,-0.0271273524440821
3576,-0.0424460517112984
3577,-0.159247137538602
3578,-0.0613883515682907
3579,0.0100839523116627
3580,-0.0534636063016143
3581,-0.133175693022725
3582,-0.0394293059357266
3583,-0.00216248568520742
3584,-0.020748368154701
3585,-0.0787348131003849
3586,-0.081398675785776
3587,-0.0056715458275619
3588,-0.0938531806828262
3589,-0.0310649617608374
3590,0.065225926865178
3591,-0.0271485872271389
3592,-0.0115436462492685
3593,0.064406620242832
3594,-0.168460505785143
3595,-0.00959329644960564
3596,-0.115714511437747
3597,0.0408258523028624
3598,0.0165335234623507
3599,-0.0164697184779543
3600,-0.162567155090097
3601,-0.0977918038127998
3602,-0.0489190916438562
3603,-0.177106518753696
3604,-0.0172145019714017
3605,-0.0162846084648916
3606,-0.0116076471063231
3607,-0.0885526953636464
3608,0.0583423152204229
3609,0.08810394676502
3610,-0.116752901811846
3611,-0.113919969555405
3612,-0.0330296047661767
3613,-0.113805271125716
3614,0.0436826346043897
3615,0.14194262670514
3616,-0.127691101052513
3617,-0.0769374166342092
3618,0.0212667614588076
3619,-0.0617155765191836
3620,0.0159326985904096
3621,0.141798962180913
3622,-0.101729001148127
3623,0.0244420405240241
3624,-0.0814034066499209
3625,-0.102940389770299
3626,0.0728528647877397
3627,-0.0509229001407739
3628,0.0436710845619266
3629,-0.0438397141084644
3630,-0.154140759880456
3631,-0.0802935672166603
3632,-0.0508161855386537
3633,-0.110069141774424
3634,-0.0531531252493001
3635,-0.0353203418115534
3636,-0.0502554968115798
3637,-0.127093225850938
3638,-0.10237459619186
3639,-0.0508777834124161
3640,-0.108159290366124
3641,-0.0105162870878777
3642,0.021814247941323
3643,0.08278964960917
3644,-0.0533754840340068
3645,-0.117905691938646
3646,-0.0912781292725809
3647,-0.0328951412949213
3648,0.0208793229079237
3649,-0.028180308740448
3650,0.0664935087188018
3651,-0.00183453139679144
3652,0.0666054975229803
3653,-0.0610486205702227
3654,0.0231118252588118
3655,0.0798420121887057
3656,-0.0874269285684064
3657,-0.00016542151467426
3658,-0.0583748741679954
3659,0.0828601741350187
3660,-0.0238188355615308
3661,-0.0689976151376607
3662,-0.207596872414882
3663,-0.0604412120988755
3664,-0.0365174410017728
3665,-0.034844971429084
3666,0.0278827134629557
3667,-0.0470021523612706
3668,-0.0758742607177524
3669,-0.12141467521271
3670,-0.0416123291969084
3671,-0.0908247138590776
3672,-0.094909893202785
3673,-0.0148454702396928
3674,-0.0189047001329177
3675,-0.0046764377331576
3676,-0.170025512514004
3677,0.0223935790464228
3678,-0.136277628958835
3679,-0.0398947509615989
3680,-0.0504995404731591
3681,0.000357805329219263
3682,0.0474993624123995
3683,-0.00512082942427625
3684,-0.0852345495102498
3685,0.0572766949213394
3686,-0.132344925699407
3687,-0.0254755295721579
3688,-0.0337037729799864
3689,-0.0206426055150998
3690,-0.0723648629026601
3691,0.0151051739270089
3692,0.0250509535577329
3693,0.0186400955457438
3694,0.12484330487631
3695,0.0135584258774975
3696,0.0481400682785809
3697,-0.0723063844254904
3698,-0.0886758156276268
3699,-0.0590350624809541
3700,-0.141330031927361
3701,-0.146634321266754
3702,-0.0595560424604322
3703,-0.0721071519312729
3704,-0.0440477710772391
3705,-0.0503151688751297
3706,-0.0866187873416982
3707,-0.124586385720983
3708,0.0431744482369955
3709,-0.0678278384527733
3710,-0.051006833175288
3711,0.0594222938042883
3712,-0.131020864088762
3713,-0.085271057024899
3714,-0.0172542967563867
3715,-0.0348650755367877
3716,-0.00950514272964318
3717,-0.0320782006098567
3718,-0.195278366715616
3719,-0.11566376894175
3720,-0.125198742106444
3721,0.00644789530633059
3722,-0.0505467872286671
3723,-0.0535120734447465
3724,-0.0787696485036069
3725,-0.222653338488801
3726,-0.0895442290332014
3727,-0.0696166621118523
3728,-0.0660748376276483
3729,-0.00967010681143722
3730,-0.0235206946084895
3731,-0.0472859171792954
3732,-0.0740785242981381
3733,-0.139197583008846
3734,-0.137313716812236
3735,-0.0431261318025677
3736,0.0200433031865406
3737,0.00185740845994319
3738,0.0088863788072481
3739,-0.0797095342558363
3740,-0.025655458964119
3741,0.036733597613191
3742,-0.0933161437927831
3743,0.0132690984736351
3744,-0.120133567126738
3745,-0.0213064928856358
3746,0.095168940044919
3747,-0.0971305544022552
3748,-0.0888996801868507
3749,-0.100244004735738
3750,-0.0909549445074257
3751,-0.0829924663229802
3752,-0.0604266377679753
3753,-0.0604061490998958
3754,0.0265674739883051
3755,-0.00513825778498603
3756,-0.277087532472059
3757,0.0127118340071714
3758,-0.0657823228264405
3759,-0.00308920000936508
3760,-0.0783680425692811
3761,-0.0114407264371623
3762,-0.033048755120366
3763,-0.0325786585433468
3764,0.0387888074663066
3765,-0.0217712505861306
3766,-0.0338263952973873
3767,-0.0642325405907964
3768,-0.0618141711817423
3769,-0.0286450004061246
3770,0.000578758151615087
3771,-0.0110369083424064
3772,-0.0500100812143795
3773,-0.0671265436934702
3774,0.02684934051376
3775,-0.0807473941595301
3776,-0.0978181664963734
3777,-0.0695369602757854
3778,-0.141917095409931
3779,-0.107171207381338
3780,-0.0706670581427327
3781,0.122499382805514
3782,0.00995541240322016
3783,-0.0760573611681962
3784,-0.022935525385906
3785,-0.231493086496738
3786,-0.0773397687314773
3787,-0.144033104387027
3788,-0.106216242492887
3789,-0.0414877293114821
3790,-0.00975942085879777
3791,-0.070912750864737
3792,-0.0933326069620877
3793,-0.0656722690453006
3794,-0.120473724271945
3795,-0.154429117809907
3796,-0.0460554042994004
3797,0.00642590644268193
3798,0.00143844026795255
3799,0.020049328733679
3800,0.0169398889117245
3801,-0.0177419225538897
3802,-0.135470218174823
3803,-0.0828784931159697
3804,-0.0606003502274293
3805,-0.0129182199772788
3806,-0.0862655226947601
3807,-0.0814871512459256
3808,0.0269005072777239
3809,-0.0985604327694013
3810,-0.0565980801805562
3811,0.0146223816882297
3812,-0.0867274965451689
3813,-0.137658990089992
3814,-0.0773297563287671
3815,0.124266003287386
3816,-0.119357764097877
3817,-0.0619087055894177
3818,-0.00266329885594639
3819,0.0766676936325115
3820,-0.0873630279767523
3821,-0.114930843436101
3822,-0.0666681631563928
3823,-0.0872511804765641
3824,0.0211121361258335
3825,0.0274287319206222
3826,0.0366197017000099
3827,-0.0808305359850919
3828,0.00038406936875491
3829,-0.0494871819478182
3830,0.117589792585942
3831,-0.000419462295042123
3832,0.0457640271118005
3833,-0.0133686482138481
3834,-0.061770101870283
3835,-0.0809098113423843
3836,-0.0673502786490731
3837,0.0295534216254414
3838,-0.0308221239932201
3839,-0.0794609838556583
3840,-0.0292989572343307
3841,-0.0765954573070683
3842,-0.0420424881173156
3843,-0.0214595267018597
3844,-0.080824665374395
3845,-0.118620751875598
3846,-0.0554859093549296
3847,-0.0333654370251382
3848,-0.0583236059151647
3849,-0.0940426618378622
3850,-0.0611351244278643
3851,-0.0773179898254414
3852,0.0876766384173926
3853,-0.0635595070071276
3854,0.0619695939678663
3855,0.0523126274143807
3856,-0.0389152778090317
3857,-0.109645359533483
3858,0.0122858052297795
3859,-0.239524174615577
3860,0.0477156471050587
3861,-0.106806231210277
3862,-0.111722712112707
3863,0.076532208228195
3864,-0.103103089141593
3865,-0.0232817723026685
3866,-0.0369702533578764
3867,-0.00986336155468077
3868,-0.0110616313003605
3869,0.0320556865512459
3870,-0.0425469759534441
3871,-0.11417411512333
3872,0.0249636849142061
3873,0.180795570175354
3874,0.0231989024200529
3875,-0.106403065314259
3876,-0.0638738768010046
3877,0.0509378117472368
3878,-0.0967846820321985
3879,-0.103108802759247
3880,0.0487394913049404
3881,0.102104405506498
3882,-0.016949767826988
3883,-0.0863092501707759
3884,0.0719783300035423
3885,-0.00633724597493114
3886,-0.0772481148947389
3887,-0.064210951311426
3888,0.000951418973174977
3889,0.00932621405909709
3890,-0.143434333080377
3891,-0.110846906011369
3892,-0.0533300507167337
3893,0.0218342959286292
3894,0.00626798876141487
3895,-0.0540921249314848
3896,-0.00731940996134465
3897,-0.0812360301989091
3898,-0.0955223537976801
3899,-0.0712738976332552
3900,0.0786152168691684
3901,-0.0315234347384523
3902,-0.142036501567304
3903,0.0339928618266767
3904,-0.0114205849189822
3905,0.0827777035679927
3906,-0.0437350607370624
3907,-0.132968859419533
3908,0.0444339326622834
3909,-0.065416673999011
3910,-0.0736151074289221
3911,-0.0239279048121123
3912,-0.00214853758724167
3913,-0.0375020494750319
3914,-0.0199382756322253
3915,-0.0351471783852787
3916,-0.00184962053669177
3917,-0.161477169948513
3918,0.0111476517435097
3919,-0.0890100955937785
3920,0.00486026171149858
3921,-0.0901162281582563
3922,-0.097812563629857
3923,-0.0599008134676316
3924,-0.110115089363998
3925,0.0272919449228756
3926,-0.16988336544517
3927,0.0225835816596606
3928,-0.0633872609079228
3929,-0.0167418854328738
3930,-0.0114906978849718
3931,0.0811482863469851
3932,-0.0527510747883138
3933,0.42090984254935
3934,-0.088213572256737
3935,0.0543666599287407
3936,-0.0111091470793752
3937,-0.0215392243022846
3938,0.0431872080922701
3939,-0.0266814984844106
3940,-0.0531443371011218
3941,-0.0450725794108259
3942,-0.0414215375293773
3943,0.0125409390497682
3944,-0.103793123841513
3945,0.106841518557174
3946,-0.043815308757144
3947,-0.0540522006625955
3948,-0.0157773066281121
3949,0.0207203700909527
3950,-0.00384497624125426
3951,-0.129236999151583
3952,-0.101496919451007
3953,-0.0902037195328588
3954,0.0878764159977428
3955,-0.20338315407475
3956,-0.0329311503050432
3957,-0.155074249687607
3958,-0.0909710701876255
3959,-0.0552486907644727
3960,-0.0217560706202198
3961,-0.0510697587900882
3962,-0.0330625953829808
3963,-0.121944452617801
3964,-0.0260864331696441
3965,-0.0635699812668131
3966,0.0894450165412106
3967,-0.0257419322190125
3968,-0.0620034328649664
3969,-0.082807478600301
3970,0.0402628542559672
3971,-0.0354237671153421
3972,-0.061329136563202
3973,-0.0322023872458607
3974,-0.0441383572997455
3975,-0.0341422348445833
3976,-0.0343163899530651
3977,-0.0305112109582139
3978,-0.00922175426345725
3979,-0.0403999889815306
3980,-0.0014689461913955
3981,-0.114709326544514
3982,0.0267795540333244
3983,-0.0736586049870708
3984,0.0552329548801345
3985,-0.089993148302416
3986,-0.0507591848508683
3987,-0.090026533140291
3988,-0.0217007965007242
3989,0.0536687650879755
3990,-0.0309276851398182
3991,-0.109067873380177
3992,0.0224675669828224
3993,-0.012865041285073
3994,-0.0655489363718347
3995,-0.0570548533971047
3996,0.0155195147929354
3997,-0.0333448167176494
3998,-0.0751350459415783
3999,-0.0336192359230971
4000,-0.0175342399678761
4001,0.0438495896850532
4002,0.0192567445633322
4003,-0.0627273528389815
4004,-0.0537565543377239
4005,0.0106683583432545
4006,-0.18805832184686
4007,-0.0867400037973413
4008,0.235313516377786
4009,0.0123358028306922
4010,-0.00660469140504325
4011,-0.108136241063715
4012,-0.126227445760792
4013,-0.0698935342474458
4014,-0.0863289175111156
4015,0.0532825267674836
4016,-0.0568126503076887
4017,0.0945295797724716
4018,-0.00207701396583216
4019,-0.016563856877756
4020,-0.0482019165611413
4021,-0.112659849119425
4022,-0.0790691269289927
4023,0.0196022518121401
4024,0.0289447717490655
4025,0.0457225745381662
4026,-0.0522836938959153
4027,-0.151794228451063
4028,-0.140072317836589
4029,-0.0215601594505742
4030,-0.114080886354487
4031,0.0290888229081864
4032,-0.0813566384896758
4033,0.156848634406749
4034,0.0121968360977983
4035,-0.0833486559081573
4036,-0.0935944565990267
4037,-0.116646277518084
4038,-0.0388539508626902
4039,0.00989646042138877
4040,-0.0384939403820299
4041,0.083870833398392
4042,-0.118959155631789
4043,-0.016620766234267
4044,-0.0219054323871107
4045,-0.0146953485332449
4046,-0.0587581951432408
4047,0.0297815651610497
4048,0.0726979954553959
4049,-0.0890300337613111
4050,-0.112811824558016
4051,-0.115060644477972
4052,-0.122612506657021
4053,-0.01250524686966
4054,-0.0372613694246193
4055,-0.092154344109509
4056,-0.0186491541508578
4057,-0.0822641829026103
4058,-0.0115101303802917
4059,-0.0898659535393857
4060,-0.152801518764082
4061,-0.0772974187077224
4062,-0.0110363333461695
4063,-0.0973761915590636
4064,-0.0420170974694132
4065,-0.0301195244725803
4066,0.0202484931785681
4067,-0.0281578530634248
4068,-0.120330812632852
4069,-0.151297147587252
4070,0.00565478585424873
4071,0.222924117956488
4072,0.0291180290048317
4073,-0.0153831004128229
4074,0.0583668443245913
4075,0.0183988935279553
4076,0.0186411453261616
4077,0.00964179394756028
4078,-0.0600637166963877
4079,-0.115001781130713
4080,-0.11429680319198
4081,-0.0861699817675569
4082,-0.113664211046757
4083,0.0706241618115253
4084,-0.00891306929570063
4085,-0.020211949541263
4086,0.0128849329692032
4087,-0.107264442681303
4088,-0.100649729289586
4089,-0.14474941690237
4090,-0.105250872096238
4091,-0.0246117230352441
4092,0.0217045442550085
4093,-0.129967385244502
4094,-0.0136710094739114
4095,-0.03451783423809
4096,-0.0435986418238748
4097,-0.0494968059571533
4098,0.016806389868772
4099,0.00328564644334517
4100,-0.0877106249869258
4101,-0.118391529425436
4102,0.179654373392018
4103,-0.0840968297820739
4104,-0.10473516579794
4105,0.0441156237340848
4106,-0.00515404547942902
4107,-0.0619129465092974
4108,-0.178057870852247
4109,-0.144664698899982
4110,-0.157809035771266
4111,-0.0755523861783341
4112,-0.08622462645064
4113,0.0482321593646638
4114,0.0195685028422076
4115,0.0381165084181325
4116,-0.153921255487303
4117,-0.137449868429786
4118,-0.0441155757278126
4119,-0.00827184520022756
4120,-0.108892686260757
4121,-0.142253720561872
4122,-0.0198808468899375
4123,-0.0714011114698764
4124,-0.113772645494593
4125,-0.0554623403178585
4126,-0.0735819969069916
4127,-0.00606422084297909
4128,-0.199322833659919
4129,0.152765518899755
4130,0.192609481961508
4131,-0.0104096395203677
4132,-0.0875314451223947
4133,-0.0505980251648904
4134,0.113664661443191
4135,-0.0509470754049501
4136,-0.0246485082485269
4137,0.039364603404912
4138,-0.0456187542716042
4139,-0.0401291189667725
4140,-0.148347971199596
4141,0.0161955484519683
4142,-0.0267781170922723
4143,-0.0843948044602731
4144,-0.104270347901243
4145,-0.0312855700732107
4146,0.0907246338334401
4147,-0.00637098547914525
4148,-0.0536898430032359
4149,0.0479564686325973
4150,-0.109602489576619
4151,-0.0149033936327271
4152,-0.0268505114221533
4153,-0.0359565155938452
4154,0.00678432719031103
4155,-0.125910317002896
4156,0.0881441961467922
4157,-0.0165925607418954
4158,-0.110558648516563
4159,0.0694829655961
4160,-0.0936767728255869
4161,-0.0916503454481841
4162,-0.0104640605773564
4163,0.062041309519806
4164,-0.0189584266996902
4165,0.0129072154887653
4166,-0.0313699271535444
4167,-0.074462250340283
4168,-0.0145579223268128
4169,0.0389057176013416
4170,-0.0271309734522049
4171,-0.033753735224873
4172,-0.072980503295037
4173,0.0266596857104274
4174,-0.0850323320658226
4175,-0.123651167101148
4176,-0.0787037763271603
4177,-0.00116224642328435
4178,-0.0991882752446931
4179,-0.0428135571555549
4180,-0.0605007317441765
4181,-0.0595023839484793
4182,-0.000554248134746088
4183,-0.0982536453477282
4184,-0.019214318744349
4185,-0.0282931946563703
4186,-0.0483330514380136
4187,-0.0582862200425162
4188,-0.125499325778678
4189,0.0502346179274274
4190,-0.0952479817779812
4191,-0.138023374077861
4192,-0.0788180466378208
4193,-0.0710185791954991
4194,-0.14273519700806
4195,-0.0566797206815029
4196,-0.00334130390228137
4197,-0.125952891415401
4198,-0.126976903849211
4199,-0.125144271314744
4200,0.00099964138520515
4201,-0.0824930966728895
4202,-0.014910066227156
4203,-0.052979164729163
4204,-0.118680358836648
4205,-0.10874660860078
4206,-0.0126678697547
4207,0.0607821659975204
4208,-0.0576306322208883
4209,-0.0594169621131414
4210,-0.0952228922959864
4211,-0.0407668210575187
4212,-0.0298782298918995
4213,-0.0477878702865612
4214,0.0596411248505501
4215,-0.045730603840674
4216,-0.0969213949971598
4217,-0.0619815339868127
4218,-0.0749105188972517
4219,-0.147987523641497
4220,0.0662168592928926
4221,-0.0447541275840892
4222,-0.0639207134690554
4223,-0.0591705935113528
4224,-0.0130518663038928
4225,-0.0772585349340199
4226,-0.0537016739366195
4227,-0.0690712760237286
4228,-0.0505919865559695
4229,-0.102019834887276
4230,0.103507525650243
4231,-0.0124988013509586
4232,-0.100962212101381
4233,-0.0697258190279572
4234,0.0882902141343685
4235,0.00365518533176077
4236,0.0069735250982807
4237,0.162609152512061
4238,-0.0769935155363601
4239,-0.0958942351891602
4240,-0.16433631059661
4241,-0.170648342527536
4242,-0.0912523399432589
4243,-0.0100116262269574
4244,0.0538543803444865
4245,-0.00668185962662945
4246,0.0306536217257234
4247,-0.152930040606844
4248,-0.045369876662602
4249,-0.0760604973562763
4250,0.00332737150842055
4251,-0.00185933852402255
4252,-0.033110337550007
4253,-0.113991703497986
4254,-0.0886129018773061
4255,-0.115618917827985
4256,-0.0636346885889286
4257,0.0333770666164879
4258,-0.0254139662810495
4259,-0.0961386854810166
4260,-0.106463838372158
4261,-0.102011114650825
4262,-0.109158881383655
4263,-0.0567293228830967
4264,-0.0451164603986989
4265,-0.0723147559090135
4266,-0.254618502844183
4267,-0.0228003783834764
4268,-0.0665580144711187
4269,-0.0494183853035359
4270,0.00498245760922965
4271,-0.159563551211706
4272,-0.0734012304942997
4273,-0.00903502727473392
4274,0.0727745409340397
4275,0.00892012375942393
4276,0.0223464990903319
4277,0.0291157449631609
4278,-0.0151525022162119
4279,-0.0252548297715878
4280,-0.0371912721574836
4281,-0.0521209279890543
4282,-0.0581569776384762
4283,-0.0186029410018322
4284,0.00671983960227196
4285,-0.0104891797329001
4286,-0.0806867666076641
4287,0.00537133584213105
4288,-0.0249533710233174
4289,-0.0706347643115807
4290,-0.0615416177520154
4291,-0.12680925492318
4292,-0.0905252944018569
4293,0.0283392286333946
4294,-0.0709397744512467
4295,0.0408424343268385
4296,-0.0381289194098306
4297,-0.00768638456231205
4298,-0.0729021406973582
4299,-0.0149893070138671
4300,0.00735054387430228
4301,-0.0598495828352934
4302,0.0969502910116055
4303,0.00877504076883047
4304,-0.0278578685740588
4305,-0.152787204431038
4306,0.00593428896974978
4307,-0.062194575494993
4308,-0.347945639476239
4309,-0.0743613856910367
4310,0.0169314219266535
4311,-0.0866402876764257
4312,-0.0646080915282565
4313,-0.0615538319234398
4314,0.0424485915092628
4315,-0.0804072020352403
4316,0.0444074361218651
4317,0.0236768535311973
4318,-0.0200335300586421
4319,-0.0371723505872223
4320,-0.0278501750340627
4321,-0.0596325130234158
4322,0.0225066336622341
4323,-0.0495857443660493
4324,-0.0497050168566308
4325,-0.00926689449319473
4326,0.122730818714545
4327,-0.100561054402091
4328,0.121453788404929
4329,-0.038344678464795
4330,-0.100519603225834
4331,-0.00372197631979556
4332,-0.0443365908529544
4333,-0.000482451016954905
4334,-0.0760480729494107
4335,-0.0421570119853787
4336,-0.0647055781638241
4337,-0.102926754948926
4338,-0.0616477954444274
4339,-0.12688869775837
4340,0.0111308720745595
4341,-0.0711937854016231
4342,0.00497592994632711
4343,-0.0010092425445412
4344,-0.0782766809848046
4345,-0.107178464463783
4346,-0.0238826496755118
4347,-0.0490484542265305
4348,-0.119542014641357
4349,-0.0689001047977385
4350,-0.0480031971342702
4351,-0.0328701174392363
4352,0.0703329075397876
4353,0.00697515198775839
4354,0.00497192283119462
4355,-0.192263903583479
4356,-0.113177957075242
4357,-0.0757419545823477
4358,-0.0100856481373781
4359,-0.0349329251179156
4360,-0.031905817266681
4361,-0.0981670544369906
4362,0.00210646434731823
4363,-0.0357777712037519
4364,-0.144907131038311
4365,0.00215477596375422
4366,0.00537248857102237
4367,-0.0407418153419937
4368,-0.0670707881234592
4369,0.00889410303830944
4370,-0.0978760753492269
4371,0.0327956767730066
4372,-0.0340777437782705
4373,-0.0568771450362359
4374,-0.092411731899126
4375,-0.0442627082073344
4376,-0.0592972233391392
4377,-0.100315522422406
4378,-0.111138622143984
4379,-0.082288025344725
4380,-0.0058959967815554
4381,-0.157839190506567
4382,-0.0999487520247431
4383,-0.123882419912452
4384,-0.100669947736371
4385,-0.0464377888055319
4386,-0.0866729634311126
4387,-0.0225685704268328
4388,0.00804392687579841
4389,-0.00155450432178273
4390,-0.0350608658122487
4391,0.04903560944039
4392,-0.0252806730401105
4393,-0.0131310285005878
4394,-0.0996338984772591
4395,0.0898421668573267
4396,-0.0377565654637156
4397,-0.139151528831386
4398,-0.0421950602255308
4399,-0.0504227178999324
4400,-0.218317697579082
4401,-0.0150116743357785
4402,0.0107243085515448
4403,-0.11158763211932
4404,-0.0633199774530669
4405,-0.0836677936405239
4406,0.0233373223684866
4407,-0.0164164917821059
4408,-0.175312696795388
4409,-0.0586294717382622
4410,-0.0520530679285415
4411,-0.0787899324904469
4412,0.0397868478114591
4413,-0.089491675752726
4414,-0.0248970440625153
4415,0.0496135743577532
4416,-0.118158859452313
4417,-0.0209311269245477
4418,0.0373965310462426
4419,-0.0695057236463606
4420,-0.0792895202981069
4421,-0.176815405420241
4422,-0.0543878638729049
4423,-0.0542322205301505
4424,0.00350997821253973
4425,-0.0687692566144206
4426,-0.0557202277567696
4427,-0.10813940736878
4428,-0.0159423960721342
4429,-0.118936070758961
4430,-0.0898088832930592
4431,-0.073987717182721
4432,-0.10707854286808
4433,-0.0702412237075485
4434,-0.0282990412951542
4435,-0.00200289637361529
4436,-0.0525754330694653
4437,0.0701238922592763
4438,-0.0913249633008183
4439,-0.0523345819543051
4440,-0.0771941891627775
4441,-0.027717705852699
4442,-0.168756772269232
4443,-0.042321448464838
4444,-0.0655008597892424
4445,-0.128033232334176
4446,-0.000761079398558184
4447,-0.0829687458628051
4448,-0.0169786186292285
4449,-0.0711293922673327
4450,0.0917492291343094
4451,-0.0978074999701963
4452,-0.162958758175648
4453,-0.177777608280753
4454,-0.111246903044252
4455,0.00732107291602812
4456,-0.160431115509582
4457,0.00342592802981282
4458,-0.0241696700974308
4459,-0.138266912364617
4460,-0.107768606755841
4461,0.129386147576231
4462,-0.0959466524542891
4463,0.0241090435960734
4464,-0.0460255278201797
4465,0.039366600755153
4466,-0.186767473307719
4467,-0.0471322611736345
4468,0.0192697410394879
4469,-0.0799735651714813
4470,-0.125314794791435
4471,-0.042618702036047
4472,-0.187111361407759
4473,-0.181133464859451
4474,-0.0298910692370095
4475,-0.0947642161841661
4476,-0.104891800529874
4477,-0.06233260278255
4478,-0.0109000441813427
4479,0.00816491054196296
4480,-0.0929547889305198
4481,-0.0822987808838901
4482,-0.166811074913342
4483,0.0174116722168781
4484,-0.00662165078672424
4485,-0.107108118439112
4486,-0.064279096202831
4487,-0.0338209302250459
4488,-0.0564856041834552
4489,-0.0746001110633306
4490,-0.0557010524179719
4491,0.26992755059836
4492,0.151028989669351
4493,-0.126166949099222
4494,-0.070333791793257
4495,-0.0234411178497046
4496,-0.00606198446210275
4497,0.109915475130527
4498,0.0168825445299363
4499,0.0235458830253391
4500,-0.0133371796156761
4501,-0.019238623797274
4502,-0.057661546495694
4503,-0.0122187840705906
4504,-0.114302933958616
4505,-0.0414385732808319
4506,-0.0229815241122518
4507,-0.0482915475939628
4508,-0.0720667713836944
4509,0.0383730446101246
4510,-0.0443899964362919
4511,-0.0488129097324089
4512,-0.0497864241134813
4513,0.0445026741415943
4514,-0.157976940493375
4515,-0.0809523700082743
4516,0.0725261666991304
4517,-0.00381719876255407
4518,-0.0138680698122577
4519,-0.0219428255664482
4520,-0.0186858219283198
4521,0.0647651070508389
4522,0.067711688936025
4523,0.0371616996645092
4524,-0.0527612105677067
4525,0.0990352044656425
4526,0.104122244559666
4527,0.00886793274536904
4528,0.00605260532408775
4529,0.00304368665132698
4530,-0.0497954488097501
4531,-0.0343413655442631
4532,-0.220638703454084
4533,0.0667127407179967
4534,0.0589858929913166
4535,-0.0785379959573253
4536,-0.0693633152369788
4537,-0.0192309717437089
4538,0.0663392693602851
4539,-0.048462238496193
4540,-0.0405347062038434
4541,0.0245128607314474
4542,-0.0547938397845978
4543,-0.0878785100288182
4544,-0.178608706513185
4545,0.016952694617651
4546,-0.0627220958502191
4547,-0.079567564154204
4548,-0.00518988057440781
4549,0.0686635013834849
4550,0.119533410001823
4551,-0.185429223297452
4552,0.0490482198861228
4553,-0.0260905093341104
4554,-7.74384436742086e-05
4555,-0.0652104550632707
4556,0.00246451345323282
4557,-0.0616130628285436
4558,-0.0633442925788699
4559,-0.0245403012706436
4560,-0.123784183834554
4561,-0.0429102912111463
4562,-0.0440933755150522
4563,-0.0141377442821147
4564,0.0587100192214739
4565,0.00683058921090516
4566,-0.0702207071610412
4567,0.0107285137563813
4568,0.0334532084910511
4569,-0.0121984023635857
4570,-0.00458261560732102
4571,0.031344846106173
4572,-0.0914076138506271
4573,-0.0211431859945483
4574,-0.00183862907920398
4575,-0.0503530102747668
4576,0.00962768069614348
4577,0.0291808985311881
4578,-0.120099277746551
4579,-0.04798655469286
4580,0.0722593986525842
4581,-0.0701038457001164
4582,-0.034427038890953
4583,-0.0761267166789514
4584,-0.105032778956774
4585,-0.0315914525763101
4586,-0.139085295251576
4587,-0.0437912432577147
4588,0.0338720876161053
4589,0.038037709178871
4590,-0.120581608546827
4591,-0.0904749517177195
4592,-0.222958378957872
4593,-0.0775655802369451
4594,0.0267630737965165
4595,-0.0647952017202137
4596,-0.181263516644129
4597,-0.150354519919708
4598,-0.0290720429895558
4599,0.0126059501758147
4600,-0.0732759850569383
4601,-0.0710168358649952
4602,-0.00382098009625365
4603,0.037049661411975
4604,-0.0958533699965423
4605,-0.0899915968427766
4606,-0.0854318665982909
4607,-0.0842861251346019
4608,-0.0401454546513101
4609,-0.0556185699667673
4610,-0.0610912342523593
4611,-0.154967577889814
4612,-0.125185890217023
4613,-0.0655086550877884
4614,-0.0676434507157188
4615,0.110594360341094
4616,-0.113895277938115
4617,-0.129850573035372
4618,0.103218585185234
4619,-0.069569484393916
4620,0.0142565277830082
4621,-0.102580824313732
4622,-0.105702742374988
4623,0.0613297031304771
4624,-0.119010354390788
4625,-0.101725893964349
4626,-0.0761213641527341
4627,0.00674350173398148
4628,-0.0642775673830825
4629,-0.00511815803611982
4630,-0.054961327341544
4631,-0.0236477816048149
4632,0.00455727025229846
4633,0.115221966813836
4634,0.0402198470225062
4635,0.00921492011219823
4636,-0.0366775258599754
4637,0.0599455268130448
4638,-0.0830942902225098
4639,0.021095666515098
4640,-0.0496845343715638
4641,0.0508540314690139
4642,-0.0846092515517216
4643,-0.112048139984152
4644,-0.107049996484032
4645,-0.0391003149216132
4646,-0.100598336985413
4647,-0.000503562201524576
4648,-0.0263135564533567
4649,-0.0272984808968995
4650,-0.0420365656616577
4651,-0.118026551629066
4652,-0.0726805131140986
4653,-0.0614045347042939
4654,-0.02248904124262
4655,-0.00561536923883319
4656,-0.205531455282927
4657,0.00785858081204627
4658,-0.0687982975319964
4659,-0.0982771455600067
4660,-0.142341071443431
4661,-0.0772498879990672
4662,-0.184807292246788
4663,-0.0319857797505617
4664,0.0205012284587283
4665,-0.0846167509268405
4666,-0.127238342246173
4667,-0.0204501603678693
4668,-0.0582612467020848
4669,0.0312998497647336
4670,-0.138621437318647
4671,0.0884946328618674
4672,-0.0216809243751052
4673,0.0951434288395207
4674,-0.151113171546222
4675,-0.0578286403910305
4676,-0.107137088915676
4677,-0.0848495865395378
4678,-0.0129072177872286
4679,-0.186506911973707
4680,0.0148162419927206
4681,0.0683548106922259
4682,-0.0278846219542418
4683,0.0366809655611888
4684,-0.093236327112552
4685,-0.0156717071482693
4686,-0.0620422823053159
4687,0.0335660734516492
4688,0.0813654214247871
4689,-0.109719667826976
4690,-0.122539063898547
4691,0.0999886816011594
4692,-0.103097734446095
4693,-0.140019787102419
4694,-0.049610374885568
4695,0.21971693395777
4696,-0.0186666108167951
4697,-0.0948075148629446
4698,0.00528218531395255
4699,0.0793090526156189
4700,-0.0404446617592526
4701,-0.0422242621214405
4702,-0.0924043329504352
4703,-0.0768707264120618
4704,-0.120251356713326
4705,-0.114167225340532
4706,-0.003343560051704
4707,-0.0334999281888341
4708,-0.089921770334031
4709,-0.0762954297299124
4710,-0.00992261726550018
4711,-0.147223891679539
4712,-0.0827208499887714
4713,-0.206149607255468
4714,-0.141061310652914
4715,0.0377312952153657
4716,-0.0275856464358606
4717,-0.00659852556219389
4718,-0.103059421355264
4719,-0.0547971204054855
4720,0.0183535077048586
4721,-0.0293995132577901
4722,-0.0502209911648723
4723,0.0517490730565093
4724,-0.146399370613903
4725,-0.00926489471820756
4726,-0.03309786618681
4727,-0.0385360246951497
4728,-0.0643502625557282
4729,0.109714496027338
4730,-0.066476482291814
4731,-0.0910731782595087
4732,-0.0265221248311774
4733,-0.0583924786288318
4734,-0.0350500751776092
4735,-0.0761863351121885
4736,-0.0115939761137796
4737,0.045943977155089
4738,0.086644122656495
4739,0.108353264667287
4740,-0.0781016307506563
4741,0.00517393664486167
4742,-0.0890366229490032
4743,-0.0601633815429666
4744,-0.0665779623840944
4745,-0.0144854959616022
4746,-0.125686584088774
4747,-0.13062157426213
4748,-0.06510856709518
4749,-0.11876235909176
4750,-0.0151238634804526
4751,-0.157249720880334
4752,-0.0242909112032504
4753,-0.115998381270354
4754,0.0539435866699965
4755,-0.144853585288387
4756,0.0204071539180847
4757,-0.0897840605188869
4758,-0.0352457248849433
4759,-0.130501748387104
4760,0.10125113504843
4761,-0.0671003590324678
4762,-0.0489704243383156
4763,0.0169585714879788
4764,0.0223320552936475
4765,-0.120264331606628
4766,-0.0898281163488699
4767,-0.109307401199152
4768,-0.108355705689008
4769,-0.136057631610799
4770,-0.126392159249335
4771,-0.0318095629399877
4772,-0.151233363604724
4773,-0.0949289730021505
4774,-0.081180828158503
4775,-0.108004554276389
4776,0.107906487393762
4777,-0.106813491321849
4778,0.0239625905555844
4779,-0.0710314234117794
4780,-0.0421399004449553
4781,-0.0569260859833817
4782,0.058938077630313
4783,-0.0677209734019785
4784,0.0190045457158723
4785,-0.127169515229587
4786,-0.0928880049513244
4787,-0.13134288020167
4788,0.0112440095061787
4789,-0.0807255595342325
4790,0.0663471283661906
4791,-0.0290193183985909
4792,-0.108612475349173
4793,-0.285935981293152
4794,0.0579221637489128
4795,0.0417643547860073
4796,-0.108023952526312
4797,-0.0131818544687916
4798,-0.0480483703142197
4799,-0.00981542971660748
4800,-0.0932187720722565
4801,-0.0757287178206285
4802,-0.160070125787098
4803,-0.00637214824218573
4804,-0.108235573227842
4805,-0.0865951215901109
4806,0.0569376722253791
4807,-0.0897838497505003
4808,-0.0759618127082833
4809,-0.0588258540594331
4810,-0.165689409268514
4811,-0.184226862221264
4812,-0.00613603726104987
4813,-0.0829355595425398
4814,-0.110604828979809
4815,-0.0620752755131814
4816,-0.0735704953282186
4817,0.00181318594483547
4818,-0.0507798515563719
4819,-0.106241374443129
4820,-0.0250509918101814
4821,-0.122655484686287
4822,-0.125260028259965
4823,-0.0279606615512797
4824,-0.145865956917234
4825,-0.113250993380694
4826,-0.00917431174758264
4827,0.0669483960540842
4828,-0.121628598246355
4829,-0.00510294204504826
4830,-0.0647249631080032
4831,-0.0347447621512916
4832,-0.0612349397838799
4833,-0.144138368500442
4834,-0.173491812265457
4835,-0.017734549269707
4836,-0.0838218963392004
4837,-0.0313577277394455
4838,0.162152964064938
4839,-0.00788446141708758
4840,-0.250605143748539
4841,0.00798626565315912
4842,-0.0187314224146571
4843,-0.0147418621228302
4844,-0.0289728000462343
4845,-0.0420126813156733
4846,0.0718025675677376
4847,0.0529125715436105
4848,-0.0790871849562913
4849,-0.0526976098150388
4850,-0.0296809028809162
4851,-0.0311748784316182
4852,-0.0194243080223558
4853,0.00686243295812196
4854,0.00414624942706272
4855,-0.0445723089878923
4856,-0.0372687531792569
4857,-0.131775271846329
4858,-0.125403226399447
4859,-0.139090324148311
4860,0.0565600264567072
4861,-0.0302776761501112
4862,-0.0921022588674926
4863,-0.250938528012807
4864,0.0100637246625385
4865,0.0547202458227566
4866,-0.000513753879201104
4867,0.0814599405458152
4868,-0.06375610231844
4869,-0.0303692467929189
4870,-0.215924987396461
4871,0.00209701459361544
4872,0.0176947652879144
4873,-0.0800053253845203
4874,-0.0852432309845004
4875,-0.132219266346365
4876,0.0269887007067108
4877,-0.0258664562592483
4878,0.0211415298216883
4879,-0.0799693560165493
4880,-0.106553658491238
4881,-0.0759188215029673
4882,-0.108163943339349
4883,-0.0151168520467554
4884,0.00442901540467691
4885,-0.125619829524156
4886,0.0724390919580961
4887,-0.0142540900534058
4888,-0.17079521320252
4889,-0.0084349534540899
4890,-0.0538430480340077
4891,-0.0454168608822048
4892,-0.12080034716195
4893,-0.0423314986148216
4894,0.0516208555506383
4895,-0.187714534004159
4896,-0.103021974482417
4897,-0.0648168571523663
4898,-0.0756098511158502
4899,-0.130867750667468
4900,0.0922954664535613
4901,0.0587598469660113
4902,-0.132902279714519
4903,-0.00753106920746357
4904,-0.077190877585704
4905,-0.107862768399238
4906,-0.146261346710523
4907,0.163277642134482
4908,-0.024675720276798
4909,-0.144009056185221
4910,-0.0629021900268038
4911,0.0324056245516682
4912,-0.0196366983636772
4913,-0.0397871178371548
4914,-0.0895798285167602
4915,-0.0709551716902724
4916,-0.0966139887553722
4917,-0.00137121818671564
4918,-0.0753158160488823
4919,-0.0182425116686206
4920,0.0714341884709275
4921,-0.0819071355175584
4922,-0.0339593827842943
4923,-0.0285392382006231
4924,0.204277342379829
4925,0.0128063383736836
4926,-0.0232391317657735
4927,-0.0161603969042516
4928,-0.0349883950865028
4929,-0.10805458236692
4930,-0.12584786756875
4931,0.0134762154292331
4932,-0.0336262028561528
4933,-0.0601407246528186
4934,-0.0132803507229581
4935,0.0337325619936733
4936,0.0462122545316032
4937,-0.0443559765690691
4938,0.100268457828072
4939,-0.0072554603889395
4940,-0.00108598486746115
4941,-0.0618138442942655
4942,0.0922503348690597
4943,-0.0542946423364746
4944,-0.0766685056828929
4945,-0.0670939372452703
4946,-0.039430228633889
4947,0.0708965294756992
4948,0.0552000041065146
4949,-0.102780311792077
4950,-0.0278046012184355
4951,-0.00892993697585107
4952,-0.00415233089169896
4953,0.0423603149901163
4954,-0.0846089329882877
4955,-0.0864918013006872
4956,-0.0137889344981882
4957,-0.0834118303994522
4958,-0.162579566433615
4959,-0.0998447431477151
4960,-0.0291766262906105
4961,-0.133651409816182
4962,0.0767323156848923
4963,-0.117839810474144
4964,0.0413092528572217
4965,-0.0485981129073276
4966,-0.0399052209881403
4967,-0.0427600322248785
4968,0.0426272428230741
4969,-0.0359927032168711
4970,0.0945089994158053
4971,-0.0461280835408727
4972,0.0305954780465578
4973,0.019442364219953
4974,-0.176828072767929
4975,-0.0306359657715788
4976,-0.220061423378265
4977,-0.0956305860768639
4978,-0.00837350013943297
4979,0.0199837090136781
4980,0.129110930461353
4981,-0.101936621518048
4982,-0.157969285090173
4983,-0.0829768238995926
4984,-0.0643505427960763
4985,-0.0255248457928316
4986,-0.00841357623797822
4987,-0.0416013312639491
4988,-0.0126522109788735
4989,0.0238468865512455
4990,0.00970201192873944
4991,-0.00328658895853587
4992,-0.022400939388385
4993,-0.155097059034714
4994,-0.0763213623050766
4995,-0.0804742837815142
4996,0.0458260150794502
4997,-0.0693974122007309
4998,0.0204114039397994
4999,-0.0480355553298418
5000,0.0153179778970698
5001,0.00704160164805758
5002,-0.143133953312226
5003,-0.104208990333606
5004,0.263816254599431
5005,-0.140784463855386
5006,0.0395158433303295
5007,-0.060505037681157
5008,-0.0219917205679296
5009,-0.0963896858883938
5010,-0.0266918861419327
5011,-0.0534847695254644
5012,0.0109881384530365
5013,-0.0049561311494311
5014,-0.0517016352515277
5015,-0.0264919078514526
5016,-0.0451139231571427
5017,-0.0321116981391443
5018,-0.0971133912573052
5019,-0.0564348446586216
5020,-0.0353959057894604
5021,-0.0755028547484501
5022,-0.0273675758731937
5023,-0.0536013293905125
5024,0.0557690526016557
5025,-0.0372294901762122
5026,-0.0509984647611189
5027,0.00316023902925047
5028,-0.118470949997701
5029,0.147243312911261
5030,-0.0322817750309594
5031,-0.0649459069996966
5032,-0.0994694017625639
5033,-0.057323896706171
5034,0.0342619370837952
5035,-0.0385523926682123
5036,0.00621396621538284
5037,0.0199222793289594
5038,0.0204309792769577
5039,0.0154106441832008
5040,-0.113499044909425
5041,-0.0679775364943768
5042,0.0851134607961915
5043,-0.092723548066654
5044,0.0193179115647927
5045,-0.171954232200769
5046,-0.016435276230974
5047,0.035291528349896
5048,-0.142054437000872
5049,-0.191230614429208
5050,0.000288439328777677
5051,-0.0581978971651363
5052,-0.118326304566191
5053,0.0341137579703958
5054,-0.0334636754883494
5055,-0.116955708033246
5056,-0.109629134774965
5057,-0.00829766496467419
5058,-0.02215163709088
5059,-0.196223374023905
5060,-0.192118859486632
5061,0.0872164810637459
5062,-0.122007597270078
5063,-0.0371466397097332
5064,-0.0853952980573514
5065,0.0490496365111298
5066,-0.151034815529117
5067,0.00727338033928406
5068,-0.0457473951846921
5069,0.089384499845292
5070,-0.0275984897340588
5071,0.0802169292313472
5072,0.0105116111215864
5073,-0.049858026563687
5074,0.117501380664957
5075,-0.204516118197797
5076,-0.0712421190755507
5077,0.128007480306311
5078,-0.0668443223346128
5079,-0.0681050424900091
5080,-0.108670738228393
5081,-0.101442991700733
5082,-0.032183353451362
5083,-0.0905524838924933
5084,-0.17060904030805
5085,-0.156021769305984
5086,-0.139978951221795
5087,0.0193039415745299
5088,0.030419456191128
5089,-0.0695538653197662
5090,0.0812707945993333
5091,-0.0606882264411459
5092,-0.124218218939425
5093,0.0840111188240227
5094,-0.0356127152789111
5095,0.0313167850586997
5096,-0.0143931874413631
5097,0.076204415356587
5098,-0.081366994031422
5099,0.0140351057310295
5100,-0.00918358025572049
5101,-0.155759955034958
5102,-0.106028656277318
5103,-0.212173182310246
5104,-0.0698333609968819
5105,-0.0850994381672453
5106,-0.0144654655334124
5107,-0.1794562146924
5108,-0.431636562566925
5109,-0.0207346043808744
5110,0.0123393042530155
5111,-0.065137716329182
5112,-0.127799988138136
5113,0.0739574044269385
5114,-0.1351941631359
5115,0.00221704906891649
5116,0.115667047518659
5117,0.011869890726129
5118,-0.0166928988066897
5119,-0.0141970445199716
5120,-0.0126711462538589
5121,0.00342012360159074
5122,-0.04019520028313
5123,0.0556145402243255
5124,0.0233227982399177
5125,0.0156184012145544
5126,-0.0391186811305966
5127,-0.0689797462168813
5128,0.0545618753842691
5129,-0.0350770121273871
5130,-0.081811316407019
5131,-0.0914561825188275
5132,-0.0572373580654583
5133,0.0415696905535713
5134,0.252316360420253
5135,-0.0314135523901738
5136,-0.115985902011683
5137,0.00983459627286563
5138,-0.0180543830061098
5139,0.078657679323567
5140,0.0793420083896833
5141,-0.0623306871717042
5142,0.0090836928508117
5143,-0.0186062087513477
5144,-0.0364264231475092
5145,-0.0747363178814571
5146,0.0225708468829086
5147,-0.151666551020124
5148,-0.0770428340174064
5149,-0.0104308187494371
5150,-0.0134296375004732
5151,-0.0475746145653504
5152,-0.0676147137189119
5153,-0.173098124774249
5154,-0.0965532089534467
5155,-0.0603060461447232
5156,-0.0581074358341526
5157,0.00516545462445569
5158,-0.080132627096319
5159,-0.0779388981945926
5160,0.0162686842621414
5161,-0.0729016816471863
5162,-0.0490288226123061
5163,-0.0482368336411975
5164,0.0379003578754983
5165,-0.0161488157446821
5166,0.0591966680276856
5167,-0.0170342758735163
5168,-0.0968215224747924
5169,0.0211698961263134
5170,-0.117292077189017
5171,0.00798878322011113
5172,0.0451356397678666
5173,-0.072720763955061
5174,0.0147034120752308
5175,-0.00541759567075289
5176,-0.00867596703964799
5177,-0.085054252800165
5178,-0.0257313469163793
5179,-0.0679452045924515
5180,-0.0407442056137191
5181,-0.0262512242582979
5182,-0.0449884105078669
5183,0.0377391404011775
5184,-0.0928903490991033
5185,-0.149124958425419
5186,-0.0238335381025981
5187,-0.157999579798197
5188,-0.126028535248819
5189,-0.0362127665433747
5190,0.0106365183349878
5191,-0.0687343328349816
5192,-0.00838806705092218
5193,0.0318147942193945
5194,-0.141048327072814
5195,-0.079983885848138
5196,-0.085488587905676
5197,0.00385891415898862
5198,-0.0559020799098534
5199,-0.105072214567795
5200,-0.0282016168780179
5201,0.00496510097287171
5202,0.00573873209084085
5203,-0.180108648849442
5204,-0.21102064707714
5205,-0.0757766073886957
5206,-0.0540777495468139
5207,0.0526249726220692
5208,-0.14830486560034
5209,-0.0190080323860086
5210,-0.0800699732720244
5211,-0.0518469015232051
5212,-0.00927488024611908
5213,-0.00680997681610217
5214,-0.0568173709930625
5215,-0.0316947026735079
5216,0.0710259123531472
5217,-0.0380871901894624
5218,0.0084009231407567
5219,-0.134704501529448
5220,0.0563670126951882
5221,-0.105069077714944
5222,-0.111809062620929
5223,0.0643283213921195
5224,-0.112152459248765
5225,-0.0705169315097768
5226,-0.0849201297156604
5227,0.0436942561159259
5228,-0.0503156895959678
5229,-0.0555079393995552
5230,-0.0746744684170482
5231,0.0110246765744208
5232,-0.0734528436947865
5233,-0.0817212496879561
5234,0.0423148639620743
5235,0.0581634934614992
5236,-0.0869039736090275
5237,-0.111132820075268
5238,0.00842924734674399
5239,-0.00598896175446683
5240,-0.0686103391472991
5241,-0.166107661990605
5242,-0.000884406228441972
5243,-0.0815738565071364
5244,-0.0131673553668619
5245,0.0717918720205502
5246,0.000316165215170862
5247,-0.146057864515444
5248,-0.0491393543821185
5249,-0.0457315542757053
5250,-0.0660398035333446
5251,-0.173578581527609
5252,0.0647058429003911
5253,0.0529716844870948
5254,-0.0276643607170558
5255,-0.0495522870115109
5256,-0.0198789982070285
5257,0.00186932304041155
5258,-0.0435944455124045
5259,-0.102272650341833
5260,-0.0251182246715461
5261,0.0652958787823822
5262,-0.0482050712022154
5263,0.0138774000143735
5264,-0.0495143796770217
5265,-0.0850637085952915
5266,-0.00751698208352828
5267,0.0208147872083765
5268,0.0191254796097416
5269,-0.118254407868084
5270,0.021220001166221
5271,-0.0027076818667036
5272,-0.107650697588936
5273,-0.103719372516784
5274,-0.0531093568495326
5275,0.0552689897376831
5276,-0.0277668528328641
5277,-0.0325636254037752
5278,0.0463120362109709
5279,-0.00169340039480943
5280,-0.0684280058462352
5281,-0.0739002494361262
5282,-0.0667467135406682
5283,-0.139807927351648
5284,0.0607358352717154
5285,-0.00200417710340924
5286,-0.00855186952038402
5287,-0.0460529551744926
5288,0.132727327800945
5289,-0.0585128673665011
5290,-0.0940860405396547
5291,-0.0491396013894533
5292,-0.070118177099971
5293,-0.156905196374479
5294,0.0186112024631382
5295,-0.0753480965931917
5296,0.0190931236726024
5297,-0.0280082711476161
5298,0.0168305767815792
5299,-0.0556510388141686
5300,0.053625198090946
5301,-0.0214678403287368
5302,-0.200701324689512
5303,-0.221425412128579
5304,-0.0934088615930207
5305,-0.0431005048208832
5306,-0.0246690541611579
5307,-0.00765824470063448
5308,0.164760122673868
5309,-0.0150568368340086
5310,-0.0450646316535906
5311,-0.00754610683477457
5312,-0.0501208545339627
5313,-0.0550762359217929
5314,-0.0510045875111284
5315,-0.197454907241218
5316,-0.156255398134664
5317,0.0813358897554276
5318,-0.164853160904132
5319,0.00391244083095691
5320,-0.0651894431636888
5321,-0.146846507837603
5322,-0.0423288420427917
5323,-0.0113758116168253
5324,-0.140126101463649
5325,0.0489863053540314
5326,-0.0287364438156774
5327,-0.106761290742765
5328,-0.00227047561434831
5329,-0.013560371122288
5330,0.0148421441493437
5331,-0.0721052497413937
5332,-0.0584480410841
5333,0.0772855745800086
5334,-0.0967276635825636
5335,-0.0253656633635221
5336,-0.0795672502005426
5337,0.0390423773863523
5338,-0.0300955171341597
5339,-0.0820153429079555
5340,-0.0346816619819657
5341,-0.13374303240865
5342,-0.208689651167166
5343,-0.036301770607785
5344,0.00483509973074747
5345,-0.0984943154269942
5346,-0.00317316425561273
5347,0.00339213562726729
5348,-0.0882375395194216
5349,-0.0441675275218181
5350,-0.095173830310493
5351,-0.116831463167669
5352,-0.0105692601001129
5353,-0.0380183982232968
5354,-0.0611092553063197
5355,0.0411488136883309
5356,-0.1077322383236
5357,-0.054896372006215
5358,-0.0012322190917808
5359,0.035771539342726
5360,-0.034398836281128
5361,-0.12498174471221
5362,-0.0817799028935964
5363,-0.0685854418338419
5364,-0.0164193503732045
5365,-0.120665877429805
5366,0.0966021445420213
5367,-0.125026887176921
5368,-0.0186126198267692
5369,-0.100248997576865
5370,-0.142370794735926
5371,-0.00641516041649916
5372,-0.119561059223
5373,-0.0390413114056503
5374,-0.0616601046106748
5375,-0.00978578836531675
5376,-0.0943092473171559
5377,0.0247382032833677
5378,-0.0316030464472544
5379,-0.0823291574996492
5380,-0.0295435485111861
5381,0.0512234334179738
5382,-0.0834699758884719
5383,-0.0208312127862497
5384,0.146809754897582
5385,-0.00892603883995229
5386,0.0286965170183792
5387,-0.108836371706049
5388,0.0493011043194075
5389,0.069824783644984
5390,-0.0893272867180796
5391,-0.104625378747591
5392,-0.161588555891936
5393,-0.016874718003959
5394,-0.145693855685452
5395,-0.00909514850208399
5396,-0.0910508754718421
5397,-0.0558255309512933
5398,-0.102557708847883
5399,0.0334423945607355
5400,-0.0808960476140826
5401,-0.0750138481790974
5402,-0.0792622273087435
5403,-0.101024430088866
5404,-0.00688972206130321
5405,0.0178747670775883
5406,0.0687850885935592
5407,-0.0228968526279245
5408,-0.0599491474057829
5409,-0.0323575073378751
5410,-0.136187929274857
5411,-0.11884324660547
5412,-0.00698266898212087
5413,0.00684190792097035
5414,-0.129310355159021
5415,-0.0134213555893069
5416,-0.108049454553334
5417,0.0213657186379681
5418,-0.0481042450554981
5419,-0.0880637327137471
5420,-0.104184711005081
5421,-0.082101984400073
5422,0.0750909833298628
5423,0.0315405680530559
5424,-0.0244443638774701
5425,0.0657445783503628
5426,-0.0725384199617213
5427,-0.106562082982899
5428,-0.0862503864828663
5429,-0.0181427117992883
5430,-0.0726125999406654
5431,0.0057078877145965
5432,-0.0205511874390857
5433,-0.0733735779480454
5434,-0.0297303107347221
5435,-0.133161013206159
5436,0.00742270958089399
5437,-0.0523213418155775
5438,-0.0222956193653509
5439,0.0324800826931083
5440,-0.00936565803825447
5441,-0.0356220270711106
5442,-0.029292686309725
5443,-0.12698666806031
5444,-0.0983202476644685
5445,-0.076373866808419
5446,-0.0202047895736753
5447,0.0124660579959862
5448,-0.101845688799112
5449,-0.0701168085579932
5450,-0.0590818258660015
5451,-0.0777487044995886
5452,0.0553977943325914
5453,-0.170234208383612
5454,-0.0803396341123554
5455,0.0621542170964504
5456,-0.0568317030881276
5457,-0.0600205224963006
5458,0.0395121536617559
5459,-0.22651380493113
5460,0.136571692477708
5461,0.129795144575654
5462,-0.0289876333829764
5463,-0.0184754685648404
5464,0.0661666507985828
5465,0.124173013678744
5466,0.0017332656732431
5467,0.105448314789503
5468,-0.139619009340122
5469,-0.112161798667793
5470,-0.117454114641578
5471,-0.110883779314089
5472,-0.0621714173579122
5473,-0.0360324766280697
5474,-0.0574588659855695
5475,0.0241725734338215
5476,-0.0707917427657852
5477,0.00723409906725443
5478,-0.172586996194238
5479,0.0771806505843915
5480,0.0106334882295632
5481,-0.0192673597994055
5482,-0.104261087723741
5483,-0.0324013674815208
5484,-0.0356483913440157
5485,-0.124630961162756
5486,-0.00858461294641883
5487,-0.0250315384987693
5488,0.0107596200683792
5489,-0.0525740237110808
5490,0.0127583542740387
5491,-0.0871252100499622
5492,-0.0749105636688358
5493,-0.0849676311427465
5494,-0.0619047115307815
5495,-0.0424454297622272
5496,0.0209069692841915
5497,-0.0612828274862485
5498,0.0885415137619468
5499,-0.0361079890458573
5500,-0.0561806891475766
5501,-0.0632205691611122
5502,0.0277646574781571
5503,-0.0929994896531629
5504,-0.0155336515214468
5505,-0.0772651231416992
5506,-0.035515205642885
5507,-0.0472622484915893
5508,-0.0488184366838876
5509,0.00557567921032244
5510,-0.0412827961713431
5511,0.0908732017189895
5512,-0.0565455338731153
5513,-0.11736551711779
5514,0.0221819012888462
5515,-0.0117799116486817
5516,-0.0472076693295899
5517,-0.122378505887637
5518,-0.0833018196779281
5519,-0.0497031599363047
5520,0.011059013886498
5521,-0.10333771257583
5522,-0.0904921479788929
5523,-0.0534690195783149
5524,-0.10781274820313
5525,-0.0566001404968444
5526,-0.0961681490017696
5527,-0.102294093178028
5528,-0.0462258011035572
5529,-0.129265760405796
5530,0.145539987120796
5531,-0.0242091964686813
5532,-0.103550300768399
5533,-0.0741639122662611
5534,0.0852446127883133
5535,-0.0404078847641618
5536,-0.0374898239378099
5537,-0.0564393472477996
5538,0.00410945951401056
5539,-0.0872661618996276
5540,-0.03964176786709
5541,-0.0790421623905882
5542,-0.0170144283722964
5543,-0.0245330990540769
5544,-0.0122216679242372
5545,-0.0720884286950826
5546,-0.0419472115185017
5547,-0.169411735879693
5548,-0.0879659333364942
5549,-0.066733913961753
5550,-0.145919191460778
5551,-0.0567132949316334
5552,0.0256525905292357
5553,0.0849351832407908
5554,-0.0136026502441857
5555,0.0430395659474813
5556,-0.0524914962510053
5557,-0.115271083098522
5558,-0.060354572893368
5559,0.00533469337710717
5560,-0.042162462695593
5561,-0.0771268339459045
5562,-0.104356659772109
5563,-0.163427313800009
5564,0.0705660786314238
5565,-0.145611898128384
5566,-0.0470676242687345
5567,0.0223405283972972
5568,0.0736652835566729
5569,0.0293998156532266
5570,-0.0577243618893437
5571,-0.0828812516614904
5572,-0.0313407908166588
5573,-0.157220160456645
5574,-0.0317325786875177
5575,-0.00986352160758796
5576,0.0191569737507478
5577,-0.0916567573603008
5578,-0.0711579701279243
5579,0.00753466249938035
5580,-0.0941535656179948
5581,-0.0204839942432249
5582,-0.0744521979948731
5583,-0.0143220204894632
5584,-0.0184761641489373
5585,0.0719622613828985
5586,-0.0790886211725064
5587,-0.000968682322676859
5588,-0.141126374305757
5589,-0.0438613865501451
5590,-0.0421076462586366
5591,-0.0901342788106281
5592,-0.0785133425556621
5593,-0.00397279686091292
5594,-0.128732504734844
5595,-0.0608965078181041
5596,-0.121568206362025
5597,-0.0330936342850842
5598,-0.0410783713814023
5599,-0.079717723439582
5600,0.00768251734542092
5601,-0.00163084048119385
5602,-0.0193854304451459
5603,-0.0407954429890472
5604,-0.001766676360591
5605,-0.0565394945047558
5606,0.0514187219968425
5607,0.00864319573932832
5608,-0.0881969067592685
5609,0.0193365640732287
5610,-0.0740373551506941
5611,-0.0932776344184415
5612,0.0396477878718692
5613,-0.120422569285657
5614,-0.142978599003815
5615,-0.0605854877079735
5616,0.142973416698976
5617,0.0136669502667619
5618,-0.0402219005207874
5619,-0.0953915080414633
5620,-0.17318680828471
5621,-0.162556553548716
5622,-0.0554382344400563
5623,0.110568903525987
5624,0.0105497949495505
5625,-0.0705659469781678
5626,0.0500036506793623
5627,-0.128600195137735
5628,-0.0569419997882072
5629,-0.106301239502906
5630,-0.00919742990629051
5631,0.0505002008341003
5632,-0.0520945145025646
5633,-0.115294065216797
5634,0.126975229598808
5635,-0.0455479402096932
5636,-0.0159681796321999
5637,0.140855634208852
5638,-0.0981857395801065
5639,0.00730140459457724
5640,-0.0217260587466581
5641,-0.00234830985842814
5642,-0.0987569435206673
5643,-0.0285856742351266
5644,-0.0849210036695674
5645,-0.181468592425608
5646,-0.130935798761682
5647,-0.131496400750431
5648,0.097207382045007
5649,0.211168681452894
5650,-0.0843858406198814
5651,-0.0176808097746776
5652,0.0390969669104483
5653,-0.0400167086489234
5654,-0.0415236715764736
5655,0.0517417853327768
5656,-0.0847248625716864
5657,-0.0623668442125346
5658,-0.069671116029617
5659,0.00819050458978007
5660,0.00859828635072459
5661,0.0115909152573233
5662,-0.0683806178562343
5663,-0.0140714472065633
5664,0.0449112287410645
5665,0.0751746279972993
5666,-0.0911582728225147
5667,0.0267103338161748
5668,-0.0173630171822841
5669,-0.0537029974758199
5670,-0.0291752623692892
5671,-0.0127969674427144
5672,-0.00678572816395878
5673,0.0699822975895874
5674,-0.0031595107407111
5675,0.0297826638303626
5676,-0.0102478580097487
5677,0.0340827291573795
5678,-0.110957826020918
5679,-0.0797052838595606
5680,0.0283247953814042
5681,0.015296332919246
5682,-0.196444604568505
5683,-0.167054792532554
5684,-0.0791018677649748
5685,-0.0026687147445514
5686,-0.039324879582903
5687,-0.10731032114952
5688,-0.0465664609588199
5689,0.120203703401443
5690,-0.0305835813698323
5691,-0.042021919649766
5692,-0.0235172678293929
5693,-0.015004129368445
5694,-0.126556851317026
5695,0.0665144683412803
5696,0.00628646582465683
5697,-0.0550733372867617
5698,-0.0390576092870162
5699,-0.0685035940232865
5700,-0.161777724822837
5701,-0.0197493260942708
5702,-0.0122625295594377
5703,-0.0823686919120502
5704,-0.0211057036475208
5705,-0.0727040827783844
5706,-0.149202469811146
5707,-0.0104771289475959
5708,-0.230677517172272
5709,0.00458701525810967
5710,0.0628783925493852
5711,0.0346087190978954
5712,-0.0747111018844731
5713,0.00581671433293476
5714,-0.0502187649825749
5715,-0.182624865733748
5716,-0.0103267900389831
5717,0.027816566980562
5718,-0.150250378295982
5719,-0.00846686004347284
5720,-0.0363371737384792
5721,-0.0263571325002552
5722,-0.0613931428017288
5723,0.0224329014333973
5724,-0.00569416734591135
5725,-0.0758292568678037
5726,0.0148527954300512
5727,-0.0579499810204307
5728,-0.0329362022066193
5729,-0.0653528754640041
5730,-0.0368475503517419
5731,-0.0911284774643638
5732,-0.172532454099792
5733,-0.117460812018716
5734,-0.0194455703460923
5735,-0.0769517298863009
5736,-0.100468915360773
5737,-0.0895837784647057
5738,0.0382796177674586
5739,-0.0144251029388397
5740,-0.0165753594963268
5741,0.0283067850845361
5742,0.148220174851885
5743,0.00121844194095111
5744,-0.113006075742325
5745,0.056763463886535
5746,0.0170695243259298
5747,-0.123139769228239
5748,-0.13009453435479
5749,-0.0613922949751856
5750,-0.0590802104574285
5751,0.0207271063823508
5752,-0.071595622844476
5753,0.0967504206932434
5754,0.0168546953912836
5755,0.0400961837627738
5756,-0.116011694257018
5757,0.172454275569263
5758,0.149273075363842
5759,-0.00632429843908172
5760,-0.0311825297891531
5761,0.00784636750386412
5762,-0.0506211491384941
5763,-0.135940217158201
5764,-0.114290899905249
5765,-0.0152038855924891
5766,-0.0387788820973273
5767,-0.104298032641148
5768,0.0128225202226002
5769,-0.0977415592583584
5770,-0.0150367152927803
5771,0.147479875323941
5772,-0.0761061761509476
5773,-0.0677004134472245
5774,-0.0553770733061241
5775,-0.0251360862396548
5776,-0.114672753085029
5777,-0.127958876430947
5778,-0.0711498406281324
5779,0.011522412922665
5780,0.00142333050348028
5781,-0.0319376178869384
5782,-0.0150416714964814
5783,-0.0241829378663716
5784,-0.0603794313753875
5785,-0.0459248617039995
5786,-0.0658089523203532
5787,-0.14962223418527
5788,-0.105743325654894
5789,-0.0633410623543623
5790,-0.076611951481091
5791,-0.0585122952557419
5792,0.0265858201573706
5793,-0.0964339171991471
5794,0.0332495498333695
5795,0.0588168037200229
5796,-0.0989883923244032
5797,-0.0481480228378871
5798,-0.00792087384646028
5799,-5.29491690123236e-05
5800,0.0202363386188091
5801,-0.0178168859124851
5802,-0.0446581224861155
5803,0.00206941680463935
5804,0.013013715158475
5805,0.0525473742493553
5806,-0.0353368032205909
5807,-0.0526744097876325
5808,-0.0452768283199114
5809,-0.0469177193052049
5810,-0.0158183140414447
5811,-0.00201544840020107
5812,-0.0174235310471308
5813,-0.0472822339916909
5814,-0.0524494406434688
5815,-0.0243342741369983
5816,-0.0640151760513361
5817,0.00209514297645054
5818,-0.00223947145667899
5819,-0.106218360328202
5820,-0.0298251089468737
5821,-0.0154195078605592
5822,-0.124755589929319
5823,0.0174286481293452
5824,-0.0497006785489362
5825,-0.0590288027910681
5826,-0.111440197691357
5827,-0.0696847316514666
5828,0.0466569686254432
5829,-0.139119907720814
5830,-0.0221524507030242
5831,-0.0927967474483731
5832,-0.0753211535822114
5833,0.00867023282905231
5834,0.1403015246924
5835,-0.0565453164708933
5836,-0.348593182430585
5837,-0.0946136592373707
5838,-0.0267545220430213
5839,0.0288392906213095
5840,-0.0229357771538353
5841,-0.0257938493235441
5842,-0.128815627436118
5843,0.0900819177823138
5844,-0.0765969425612639
5845,0.0806064215296788
5846,-0.0730349721562513
5847,0.106016198273582
5848,0.083735841413616
5849,-0.101770193215309
5850,0.0128860239421995
5851,0.0874810466354343
5852,-0.0526142934201854
5853,-0.0599982951868616
5854,-0.0293155021706738
5855,0.0222471876389593
5856,-0.141329809294332
5857,0.113446103220081
5858,0.0654158824072354
5859,-0.0695098131412079
5860,-0.0416114721117229
5861,-0.27511084305383
5862,0.0422608382519841
5863,-0.0664562149833241
5864,0.0012928107646398
5865,-0.102878776014183
5866,-0.120522889851644
5867,0.182182279734907
5868,-0.132188855206389
5869,-0.112696084459165
5870,-0.0390663130158239
5871,-0.0311882869083546
5872,-0.0233398573468286
5873,0.0274282492268434
5874,-0.0775208235469728
5875,-0.0389038504043418
5876,-0.12805003596679
5877,-0.107459438295821
5878,-0.153334412279603
5879,0.0765574221761415
5880,0.0411826870618226
5881,0.00309229410127471
5882,-0.0586833006605539
5883,-0.0870880428835026
5884,-0.0569934815619476
5885,0.0669985293662508
5886,0.0499232493510673
5887,0.0329864571291529
5888,-0.0576629269837829
5889,-0.0694139892929001
5890,-0.0592545913454757
5891,-0.0643272922107206
5892,-0.0794346089066229
5893,-0.0834589235984134
5894,-0.0216677333346536
5895,-0.021701355251306
5896,-0.0321737689933802
5897,-0.068369097279608
5898,-0.0459632295069786
5899,-0.28171659558582
5900,-0.0801560334092484
5901,-0.113352988707693
5902,-0.0458869369218107
5903,-0.0649704292371432
5904,-0.368931169082504
5905,0.00194333678276646
5906,0.144578155129864
5907,-0.053895014200459
5908,-0.0636171815059516
5909,-0.0919604779838938
5910,0.107086528434848
5911,-0.0292220023294115
5912,-0.135272221218754
5913,-0.0992864343977438
5914,-0.144717509244537
5915,-0.093651257679283
5916,-0.0550654112654187
5917,0.0643230810428111
5918,-0.055747959880717
5919,-0.156939909706266
5920,-0.12229590454777
5921,-0.0504242621914073
5922,-0.169057979685547
5923,0.0227200631747238
5924,0.0027487827917298
5925,0.089503460672369
5926,-0.0170840117023095
5927,-0.0138913978913475
5928,-0.127723812063045
5929,-0.000650325923692178
5930,-0.201359153888901
5931,-0.197191767887264
5932,0.0284138255627575
5933,-0.122422864558582
5934,-0.120703008308138
5935,-0.0977405120118646
5936,-0.0131207593948903
5937,-0.152533992107541
5938,-0.0971912863847087
5939,0.00395784524764846
5940,0.00962791500337692
5941,0.000324032342586526
5942,-0.109576076688985
5943,-0.0667278591514517
5944,-0.121160998164009
5945,-0.0160897549219085
5946,0.0734075901811663
5947,-0.0594660760228855
5948,-0.0197665191421952
5949,-0.0835834951016788
5950,-0.0523831359117283
5951,-0.0421653019592126
5952,0.0152460295067495
5953,-0.144088210300572
5954,-0.0267634961985668
5955,-0.0857627699727017
5956,-0.0111853748794474
5957,-0.0546755708661028
5958,-0.060509237100562
5959,-0.151511695504586
5960,-0.141392430261435
5961,-0.087216452176106
5962,0.0567108910402276
5963,-0.0859519444811746
5964,0.0685468739530338
5965,-0.228611910358169
5966,-0.197689022424555
5967,-0.0415977216655467
5968,-0.00681698033996621
5969,-0.077264653203196
5970,-0.0338393407083036
5971,-0.0463688691420913
5972,0.00928988100589639
5973,0.0736583479576996
5974,-0.0067672330685165
5975,-0.00634387013015008
5976,-0.1071584692452
5977,-0.10453205829495
5978,0.354900367635575
5979,-0.0318767798333813
5980,0.0634362595594921
5981,-0.0281888394055304
5982,-0.101346096852001
5983,-0.00370434119387778
5984,-0.0441202104916788
5985,-0.0613206780160573
5986,-0.102108920233397
5987,-0.144160864711464
5988,-0.0945057885140888
5989,-0.029189060774766
5990,-0.169330668692289
5991,-0.0754333675031869
5992,-0.16061903499745
5993,-0.0715384109507779
5994,-0.0835841476275132
5995,-0.117332907567231
5996,-0.092584676251378
5997,-0.120262885102377
5998,-0.0554904023611882
5999,0.133145703922446
6000,-0.0871546102202393
6001,-0.00640145865966491
6002,-0.0649323652553211
6003,-0.0602241730839808
6004,-0.102909987774719
6005,-0.0894391071251306
6006,-0.178538076272256
6007,-0.0661298681337021
6008,0.03832915035072
6009,-0.0136606188190991
6010,-0.000254017390254261
6011,-0.118714641881664
6012,-0.0489125896316457
6013,-0.0967833628881268
6014,0.0231334369900494
6015,-0.164994773273152
6016,0.0121525432858796
6017,-0.156847640016619
6018,0.0324430192850932
6019,-0.0728127873388981
6020,-0.0329125517126787
6021,0.0199800376930022
6022,-0.0989533300161631
6023,-0.0626610812904315
6024,-0.15694050613742
6025,-0.0753647767317373
6026,-0.0113208219281768
6027,0.199058566411703
6028,-0.00588313557504102
6029,-0.0784586740033992
6030,0.0243076887397847
6031,-0.0647867555270312
6032,-0.0880697104880744
6033,-0.0959002755540138
6034,-0.05226536958317
6035,-0.0735430640102108
6036,-0.122332126243796
6037,0.0858218642909297
6038,-0.0206358427984675
6039,-0.122196462318011
6040,0.0137878313883584
6041,-0.207902306404225
6042,0.0195410867636698
6043,0.0313934802475259
6044,-0.0496611799231147
6045,-0.0477170368361599
6046,-0.0126833161239758
6047,-0.0130877578340726
6048,-0.229198339129261
6049,0.0491667546000055
6050,0.138216953481332
6051,-0.125386577885235
6052,-0.0274223226871214
6053,0.0454802876318229
6054,0.198773057697486
6055,0.0482743575270723
6056,0.0354737854988097
6057,-0.0160878164809913
6058,0.00500132687391306
6059,-0.0754369998486789
6060,-0.0556422003591218
6061,-0.152984974239316
6062,-0.137590564284145
6063,-0.12092298273343
6064,-0.0173782982620522
6065,-0.0419654923515291
6066,-0.0876846482746075
6067,-0.0284452111012392
6068,-0.109616858876207
6069,-0.0211804542813075
6070,-0.0575399497105155
6071,-0.028941844473666
6072,-0.0650046772746535
6073,-0.0792680147921698
6074,-0.140962788918232
6075,-0.0478364185726221
6076,0.114572099805503
6077,0.00583997946009629
6078,-0.043548880260527
6079,0.019770123077456
6080,-0.0757076395712831
6081,0.0601508390685906
6082,-0.133695125755319
6083,-0.0997939398833525
6084,0.00952787614178241
6085,-0.0204087189302865
6086,-0.0479911536609342
6087,-0.000559180353059688
6088,0.0695649865995125
6089,-0.0501726111379826
6090,-0.0464080876513078
6091,-0.0644624870089395
6092,-0.0268940057314715
6093,-0.0875703437953077
6094,-0.0398970112519011
6095,-0.111478996049235
6096,0.0773683952863267
6097,-0.120260967077966
6098,-0.0381608095320516
6099,-0.0887307149173211
6100,0.020365225637273
6101,0.0354768580454902
6102,-0.0704613103572602
6103,0.047735128273479
6104,-0.00284661497362258
6105,0.0332894977422905
6106,-0.101903310144673
6107,-0.0810723899218277
6108,-0.0931368912272866
6109,-0.038019357086521
6110,-0.0820397862176305
6111,-0.0444222929164639
6112,0.0388475877382937
6113,-0.0189064995741145
6114,0.0519015802611242
6115,-0.0810988781813813
6116,-0.0368081677108525
6117,-0.0539475299221699
6118,-0.117399784441245
6119,-0.0432856989649114
6120,-0.0500096977651494
6121,-0.0372285338828999
6122,-0.117225235641189
6123,-0.171290077581849
6124,-0.0371953261643124
6125,-0.0342601729004502
6126,-0.0755075978918262
6127,0.0225479937401373
6128,-0.13679414619495
6129,-0.0955911977338678
6130,0.176681211018061
6131,-0.118134791334187
6132,-0.175389309415529
6133,-0.159310338870936
6134,-0.143307270969603
6135,-0.0774710496216874
6136,0.0947568781086204
6137,-0.141238462602896
6138,-0.0995138312153412
6139,0.040416194795625
6140,-0.0513389365704441
6141,-0.00763406965259158
6142,-0.176828920610882
6143,0.0688630066701566
6144,0.0191087612072592
6145,0.0410410816611216
6146,0.0482393606396228
6147,0.0356620058129764
6148,-0.0069443913071027
6149,-0.038374857187077
6150,-0.0916178857714839
6151,0.0151780086658745
6152,-0.0588738070395933
6153,-0.0723520192334093
6154,-0.0307880457263795
6155,-0.0354028045365248
6156,-0.111234119683061
6157,-0.0805851715808886
6158,-0.121402084794444
6159,-0.0622374390240304
6160,-0.0343314415096863
6161,0.0485025657664529
6162,-0.220084871743944
6163,-0.0889477517064258
6164,-0.0604554954118817
6165,-0.0967695748531076
6166,-0.0684681804999835
6167,-0.0203134816425828
6168,-0.0441288401647768
6169,0.0474266759665533
6170,-0.0837588223010717
6171,0.0868489743114323
6172,-0.221822383560744
6173,0.0356982568968358
6174,-0.0451683198412322
6175,-0.106747571011327
6176,-0.0978970113142979
6177,-0.0197439859388822
6178,-0.0522749822340391
6179,-0.134521416586649
6180,-0.0765847390717349
6181,-0.0439708986856983
6182,0.0694678274679822
6183,-0.122115175894152
6184,0.0106932749465916
6185,0.0587228105520384
6186,0.0498393117928086
6187,-0.105477521797892
6188,0.0480940139177415
6189,-0.159404813587711
6190,-0.0018598434816268
6191,-0.0621421673889543
6192,-0.011751855526093
6193,-0.073146332819912
6194,0.0365376296635784
6195,-0.0911863753812816
6196,0.163590378727284
6197,-0.059883166841488
6198,-0.065392245201648
6199,0.0295733125828206
6200,-0.050200452304156
6201,-0.0242153896495764
6202,-0.050960316794498
6203,0.001650913366664
6204,-0.0600489955910275
6205,-0.0215886358380367
6206,-0.164408347053955
6207,-0.063105565589802
6208,0.0471646417472011
6209,-0.0102204732894514
6210,0.0082942677627339
6211,-0.0333913001837941
6212,-0.166568586587282
6213,-0.0980946061844384
6214,-0.0096891747448287
6215,-0.032814268822883
6216,-0.132838852462904
6217,-0.087264366412417
6218,-0.0093151978830612
6219,-0.131485057091257
6220,-0.125189984701992
6221,-0.0845717520452244
6222,-0.0881540364379256
6223,-0.0501555620697722
6224,-0.0837935231391041
6225,-0.0498245843431855
6226,-0.104806484976069
6227,-0.082074964833167
6228,-0.064262718447778
6229,-0.0986348487360452
6230,-0.0891261333816544
6231,-0.00659846846220292
6232,-0.0851331528784949
6233,-0.139506448144449
6234,-0.147811561559499
6235,-0.0404990151422917
6236,-0.0249974189956048
6237,-0.203492894771271
6238,-0.0820149992512727
6239,0.0230798837898806
6240,-0.0679333285557812
6241,-0.0497050252863453
6242,-0.0506378567907481
6243,-0.0657646688278161
6244,-0.261600127348663
6245,0.0896663392135298
6246,-0.0323853838943576
6247,-0.018712602234477
6248,-0.149443981087517
6249,-0.0511048066017762
6250,0.039962603985216
6251,0.0835005239344811
6252,-0.0621884620889485
6253,-0.0346259534199127
6254,-0.0486468967990568
6255,-0.0268485602440976
6256,-0.265790986654999
6257,-0.122426185180647
6258,-0.0827356671066069
6259,-0.113622257315765
6260,0.116380071316855
6261,0.0710359465488912
6262,-0.105902304872718
6263,-0.0530266320420364
6264,-0.0314326431817413
6265,-0.111904652614095
6266,-0.012288144183034
6267,0.0214912389077158
6268,-0.0331886445948076
6269,-0.011145615547568
6270,-0.060731242209975
6271,-0.180612014306026
6272,-0.165921155124586
6273,-0.12660873953553
6274,-0.0927294135502359
6275,-0.0336104971406088
6276,-0.0265817439929908
6277,-0.0249591759094211
6278,-0.0739721725364479
6279,0.0527932255235421
6280,-0.0958180398271823
6281,-0.0142053354407441
6282,-0.0175398925377625
6283,-0.00587402587297043
6284,0.000213829100504335
6285,-0.0657085210299091
6286,0.0100701081585629
6287,-0.0316678097225422
6288,-0.00622444242758626
6289,0.00200637640192683
6290,-0.0354052208631425
6291,0.00281857578766584
6292,-0.137123486535062
6293,0.00375454280401019
6294,-0.093968062313048
6295,-0.117409463956407
6296,-0.0506118790202539
6297,0.00619397782005323
6298,0.0115166003508202
6299,-0.0122198014180957
6300,0.0218253483563114
6301,-0.0356957719890068
6302,-0.0945878885335342
6303,0.10274958214761
6304,-0.0721400147220052
6305,-0.0827807812014487
6306,0.0301036915779736
6307,-0.203333573415758
6308,-0.041349392444693
6309,-0.0659516222379137
6310,-0.0962161316817599
6311,-0.101978444826301
6312,-0.204609724848431
6313,-0.0695004769284973
6314,-0.144014339812964
6315,-0.00929461491349144
6316,-0.117245601688152
6317,0.0296511078729083
6318,-0.0787530125801909
6319,-0.110287902210012
6320,-0.0852003161854783
6321,-0.068182819875423
6322,-0.126590218591634
6323,-0.00949038450668962
6324,-0.181288213990502
6325,-0.0629130105887486
6326,-0.0246960954742386
6327,-0.0839152415199093
6328,-0.064263843642475
6329,-0.0515953972458017
6330,-0.128024929130732
6331,0.0802437824733127
6332,0.0800671864152757
6333,-0.0113211176876639
6334,-0.0321241674163802
6335,-0.166766364181025
6336,-0.0842047987343115
6337,0.0297307021242987
6338,-0.0841344680900996
6339,0.125427218368043
6340,-0.0827702134046948
6341,-0.101058154941067
6342,-0.0803910474939387
6343,-0.0270863737785119
6344,-0.0671425779800616
6345,-0.017192040045152
6346,-0.137566629766979
6347,-0.0266714143230343
6348,-0.0472240942841638
6349,-0.109865796256532
6350,-0.0843835256088738
6351,-0.181996614206492
6352,-0.0737350787374178
6353,-0.0699758499886014
6354,-0.0621217220221415
6355,0.0436803701418134
6356,-0.0199381100978139
6357,0.0183898450519141
6358,-0.231593345914576
6359,-0.0239247827759845
6360,-0.0900757932829832
6361,0.00211966399362585
6362,-0.167348942216141
6363,-0.0636484803380689
6364,0.0276818367719634
6365,-0.0686596409210403
6366,0.0169582898915218
6367,-0.0446339809681736
6368,0.0718917424349399
6369,-0.00281500608403911
6370,-0.11913353111949
6371,-0.00516418496166965
6372,-0.0334264953057595
6373,-0.063133713955435
6374,0.0187013712470993
6375,0.010727214272242
6376,-0.0778976532217781
6377,-0.0655756362653796
6378,0.113839281588423
6379,0.00392758590596862
6380,-0.0315878013566812
6381,-0.10937941470671
6382,-0.0706630702156697
6383,-0.0118691579125014
6384,-0.151103035722559
6385,-0.0484466406461544
6386,0.0801850153300558
6387,0.0118991912059965
6388,-0.019493946885705
6389,-0.138048367905568
6390,-0.052767760744761
6391,0.0655660641905877
6392,0.0458042516002796
6393,-0.0404629192556647
6394,0.00600295615658509
6395,-0.0908881943187928
6396,-0.0933696180393928
6397,-0.110127652807303
6398,-0.013999817995946
6399,-0.0471553895543812
6400,-0.312908523305213
6401,-0.0109838790868454
6402,-0.0567875355762524
6403,-0.0225364173936303
6404,-0.252468912455053
6405,-0.065704858069501
6406,-0.0610909264305549
6407,-0.000508364644878554
6408,-0.163191370331151
6409,-0.133707949553974
6410,-0.063777589948483
6411,-0.126542368776136
6412,-0.104216530354823
6413,-0.00707415648184981
6414,-0.0103329785220052
6415,-0.0416709962751407
6416,-0.0253483674439136
6417,-0.00540239916732
6418,-0.0528318583574239
6419,-0.0178572646078031
6420,-0.0641015286584145
6421,0.044635431906575
6422,-0.106674420680108
6423,-0.0651911947174746
6424,-0.0422259774940275
6425,-0.0838394609530702
6426,-0.024160946926848
6427,-0.0302762517235112
6428,-0.0898016036467162
6429,-0.187612324574402
6430,-0.0476683654887784
6431,0.0113396344528977
6432,-0.0260410639499131
6433,-0.135630970241861
6434,-0.188001556478966
6435,-0.03883131290681
6436,0.0187222170714674
6437,-0.0571478247411153
6438,0.0221119165896489
6439,-0.049914069342428
6440,-0.0874168621599175
6441,-0.0365822775403823
6442,0.0318576914856183
6443,-0.13398907389794
6444,-0.118059319570772
6445,-0.0402771341997583
6446,0.027586926598317
6447,-0.0899080930481385
6448,-0.0646362223676086
6449,-0.031676478298086
6450,0.0365708874761326
6451,-0.0490480462938754
6452,-0.0584027911389125
6453,-0.0627165366438466
6454,-0.159910893803504
6455,-0.162296843250814
6456,-0.0181219557351045
6457,-0.0994808579177143
6458,-0.100050964309082
6459,-0.0159155456546652
6460,0.0612200287330789
6461,-0.0972615459108582
6462,-0.0537229443646663
6463,-0.144040101090803
6464,-0.0218203053889066
6465,-0.122974060868492
6466,0.0357232548096706
6467,0.0418264644328277
6468,-0.0523806728263063
6469,-0.104444022480756
6470,-0.0223296958483548
6471,-0.00363423758784457
6472,-0.110958582465423
6473,-0.109238693725494
6474,-0.0454705603751347
6475,-0.0226532458661456
6476,-0.0282651698283527
6477,0.0849169403694662
6478,0.0135668520815998
6479,0.138008754867596
6480,-0.11739960879396
6481,0.0290841060589188
6482,0.0515752661019932
6483,-0.0514429412957176
6484,-0.0706188773220825
6485,-0.00685918129823456
6486,-0.0753016916479109
6487,-0.0503033188563443
6488,-0.0604827533113683
6489,-0.101763791579735
6490,-0.0855921998176878
6491,-0.0300319874155738
6492,-0.0668388795615009
6493,-0.0159763878349598
6494,0.0759312611686861
6495,0.13955894199539
6496,-0.0468606639251578
6497,-0.0950516900405956
6498,0.0174307499334912
6499,-0.0977008815395847
6500,-0.0266046758448996
6501,-0.106615854891311
6502,-0.0297910572966598
6503,0.0147024572919415
6504,-0.221546042007583
6505,0.0338207184550359
6506,-0.0134542371564004
6507,-0.057834870259501
6508,-0.114535392295607
6509,-0.175992206729367
6510,-0.084558546899079
6511,-0.123264194641845
6512,0.0433772645454302
6513,-0.022578206209092
6514,-0.00264076071968542
6515,-0.0743755601303514
6516,0.00386520521016632
6517,-0.118546093946154
6518,0.00643876934193449
6519,-0.0915793071721695
6520,-0.130948888309952
6521,-0.102880967992967
6522,-0.0705138725803934
6523,0.0340162938367492
6524,0.0403421901171866
6525,0.0668692886151572
6526,-0.103437695579799
6527,-0.101232446985822
6528,0.00639127956902826
6529,0.0664929474919784
6530,-0.0481403047621818
6531,0.0497256282778519
6532,-0.0829243817093905
6533,0.0188642624779407
6534,-0.0103188646660895
6535,-0.0631667634385274
6536,-0.0107291726522885
6537,-0.0354010846606292
6538,0.019376532266258
6539,0.0083089585004571
6540,-0.0615293495341543
6541,-0.112831157301178
6542,-0.0310412466561018
6543,-0.0208936114268979
6544,0.00628124593366334
6545,-0.0620591762034036
6546,-0.119346024470488
6547,-0.0594265831721032
6548,-0.126934120266215
6549,-0.0909362190667297
6550,-0.144303078103381
6551,-0.0547413383208107
6552,-0.122710859724715
6553,-0.0430882967590602
6554,-0.0798816004591236
6555,-0.0947631594409369
6556,-0.0841259125085135
6557,0.058167547014452
6558,-0.0519833604614028
6559,0.0301442148524998
6560,-0.0244687225356517
6561,-0.00672653638391753
6562,0.000932422533966325
6563,0.074699916494796
6564,-0.108628927929942
6565,0.00444603292369705
6566,-0.118079316356291
6567,-0.0393559392310226
6568,-0.0809420988007668
6569,0.053490519255045
6570,-0.0954174656413353
6571,0.0228631069649174
6572,-0.0286183929836868
6573,-0.231385710366537
6574,-0.0664702807354846
6575,0.132700812455622
6576,-0.0859478135802754
6577,-0.0878826049528125
6578,0.0502902874681087
6579,0.05426614215539
6580,-0.0459124233870607
6581,-0.0443326092702627
6582,-0.0742687802127492
6583,0.0556286056017831
6584,-0.0107764534441408
6585,-0.0654113194385975
6586,-0.128463630481333
6587,-0.0154454301742039
6588,-0.0519297760529273
6589,0.124988710733718
6590,-0.109859477839224
6591,-0.108021273961373
6592,-0.0442199305104637
6593,-0.056671631491431
6594,0.00814784535846851
6595,-0.0924754941314846
6596,0.0315678720958199
6597,-0.0479824026913618
6598,0.00362857976253144
6599,0.0488706611659209
6600,-0.0974892190785254
6601,0.0122438204061456
6602,0.01002898240683
6603,-0.0846633608587402
6604,-0.0928327517298096
6605,-0.0375469024804395
6606,0.0228045319850037
6607,0.0504673910959003
6608,-0.086270751906787
6609,-0.0634548083991057
6610,-0.075470537642763
6611,-0.0570735121960895
6612,-0.0333021754381515
6613,-0.0508735471584683
6614,-0.183932709674635
6615,0.0404451284953902
6616,-0.0955546002357328
6617,0.041254694984979
6618,-0.162351539914585
6619,-0.0572515051548652
6620,0.102920627672356
6621,-0.017133640781964
6622,-0.0984368147189103
6623,-0.0995488452280996
6624,-0.0252401767916057
6625,-0.128443039927128
6626,-0.0571234727793161
6627,-0.129745347821464
6628,0.00340482376628836
6629,-0.0144549197874683
6630,-0.151136218678583
6631,-0.0378203502524672
6632,-0.142411361471562
6633,-0.0779146560489397
6634,-0.140115632471145
6635,0.0121850261544496
6636,-0.0321194832198583
6637,-0.0660237689154573
6638,-0.0291005328783462
6639,0.00337532862652809
6640,-0.0714587239533729
6641,0.010357120058846
6642,0.00843296920117754
6643,-0.0102600910844589
6644,-0.174022038350461
6645,-0.104302701834781
6646,-0.0733475714969549
6647,0.174266154625289
6648,-0.107036759436943
6649,-0.0111052809933192
6650,-0.0325112999494942
6651,-0.0613271347933988
6652,-0.115855347316493
6653,0.0095215916546337
6654,-0.104622144036783
6655,-0.0849014559427867
6656,0.0598588074809201
6657,-0.128123862274966
6658,0.123921064977178
6659,-0.0316189083040241
6660,-0.0586212093188249
6661,-0.0809186424383417
6662,-0.135872441230428
6663,-0.0390790070095788
6664,0.104144741599434
6665,0.00563157214511386
6666,-0.0326629981152862
6667,-0.00850945696997551
6668,-0.0851766090821101
6669,0.00665876706687211
6670,0.0771340038000825
6671,-0.0319605367764397
6672,-0.0709961492101933
6673,-0.0451373562608789
6674,-0.100569122389273
6675,0.031823843153452
6676,0.0882041813778799
6677,-0.0266769915832602
6678,-0.0624007327924802
6679,0.0272283546113552
6680,0.0354463864615977
6681,-0.0398767907451404
6682,-0.0544048251477163
6683,-0.0909343196303719
6684,-0.0800511656500923
6685,0.0519242843277887
6686,-0.0260951816642466
6687,-0.00189582030191231
6688,-0.0451424508294577
6689,0.0721034240523481
6690,-0.150051168407446
6691,-0.0175723238110722
6692,-0.0291220376372769
6693,-0.145846329855713
6694,-0.0420396185023879
6695,-0.116568425830532
6696,0.00310435445186618
6697,-0.0615474596399603
6698,-0.0409192746942705
6699,-0.0631871808647984
6700,0.0706067350554894
6701,-0.0289502329656157
6702,-0.0644063048806438
6703,0.0234672844138708
6704,0.0910271931989448
6705,0.0106641691344988
6706,-0.0733910603821437
6707,0.0304704659994862
6708,-0.0547961892915854
6709,0.0980170250094114
6710,-0.016436946149402
6711,-0.0397785928470445
6712,-0.0896260745396038
6713,0.0240626281631427
6714,-0.116350161105169
6715,-0.0515324125793792
6716,0.0319376933948185
6717,-0.0112205118030429
6718,-0.13279988022599
6719,-0.149755222670732
6720,0.178596669901277
6721,-0.00147026732291625
6722,0.0299347498958715
6723,-0.127987024272372
6724,-0.0558513031953793
6725,-0.0437127149193277
6726,-0.00956061711981584
6727,0.105584942230335
6728,0.0129482098862143
6729,-0.0412795002897754
6730,-0.0545543155790777
6731,0.0173806269012652
6732,-0.0889691933475451
6733,0.0688999151211104
6734,-0.079778894383453
6735,0.0027424481730069
6736,-0.0812404085355957
6737,-0.0713882426558917
6738,-0.0704590532571063
6739,-0.0314736456075957
6740,-0.0737681761008251
6741,-0.0466752672177722
6742,0.123448343910117
6743,-0.257743883398887
6744,-0.0117855486384358
6745,-0.0661797496277566
6746,-0.0689029505592121
6747,0.020840594745694
6748,0.0268477164953737
6749,-0.102755919025694
6750,-0.0908165572306699
6751,-0.0262373858278776
6752,-0.0104770303406563
6753,-0.0631440579564471
6754,-0.0475537443149474
6755,-0.00101110049545617
6756,-0.058782015943848
6757,-0.0619415795255473
6758,-0.0264991985251438
6759,0.0317570801825922
6760,-0.0368896263854336
6761,-0.159335519013119
6762,-0.0214304547707765
6763,-0.0654178935205072
6764,0.0245406475024724
6765,-0.144295698899642
6766,-0.0221328688100642
6767,0.0793027507862673
6768,0.022575705197488
6769,-0.0741391309701101
6770,-0.148186446204871
6771,-0.0812553652887008
6772,-0.0760780152614498
6773,-0.0365283293328853
6774,-0.0164542043009725
6775,-0.07032307262956
6776,-0.0638687100461569
6777,0.121949846024119
6778,-0.124759934700917
6779,-0.0502300131966571
6780,-0.0134826410982592
6781,-0.0772164002568576
6782,0.00241529440575968
6783,-0.0506871841419848
6784,0.0217938476456145
6785,-0.0580907955083815
6786,-0.130930138456053
6787,-0.034223824739777
6788,-0.0166933341828338
6789,-0.0456699586235843
6790,-0.0335061196461141
6791,-0.0844306652958303
6792,-0.101937487439956
6793,-0.143034763032435
6794,-0.179635480697283
6795,-0.136696924894963
6796,0.0100947356995232
6797,-0.0871824628509964
6798,-0.079691749703257
6799,-0.0983763862928332
6800,-0.0994184117594267
6801,-0.0878275806834497
6802,-0.00366837686147374
6803,-0.0384837115520706
6804,-0.0800717468854588
6805,0.0704886955650104
6806,-0.172681175552084
6807,0.012933985117141
6808,-0.142949446948628
6809,-0.0802799458112274
6810,-0.00930512107902371
6811,-0.0588635163732187
6812,-0.0209300607147873
6813,-0.0197568175964207
6814,0.0112789243581128
6815,-0.0270117875599608
6816,-0.110480195487282
6817,0.0306382350151472
6818,-0.141876009169197
6819,-0.0532944466573236
6820,0.0316673968946695
6821,-0.0257020999748931
6822,-0.0463239889013087
6823,-0.0303080202286849
6824,-0.0858847745081328
6825,-0.0647592557439293
6826,-0.0675524300085294
6827,0.010248560287365
6828,-0.11297165667515
6829,-0.0554625842889543
6830,0.0369237721885079
6831,0.043408094544083
6832,0.050313392665597
6833,-0.166741841360002
6834,-0.0389417326917701
6835,0.0589642490563218
6836,-0.0142270409756462
6837,-0.0361785505584879
6838,-0.0283512814347476
6839,0.00892804296107621
6840,0.032305750870201
6841,-0.124860863388445
6842,0.0240943890671198
6843,-0.00868880975880525
6844,-0.099578553067238
6845,-0.0683522972297089
6846,0.168647024412796
6847,-0.0399165389528606
6848,-0.101250180643677
6849,0.063033928761975
6850,-0.228052663572062
6851,-0.0992147145448328
6852,0.0956279048121891
6853,-0.129913524202335
6854,0.0790622131197525
6855,0.0415892405499861
6856,-0.00100794462592493
6857,-0.0861848149847577
6858,-0.081569214454541
6859,0.0681986557552922
6860,-0.0553235985021042
6861,-0.125459182967614
6862,-0.0189880075237789
6863,0.0168326729643992
6864,-0.0866688807041626
6865,-0.0855034889192023
6866,-0.0885342321685881
6867,-0.0440173076060338
6868,-0.0657223675992158
6869,-0.0166372185661954
6870,-0.0949825266572571
6871,-0.129348385808451
6872,0.0979036465720061
6873,-0.062489402519842
6874,-0.0636339491424831
6875,-0.0900483639566278
6876,-0.126633340394836
6877,-0.0092284636240688
6878,-0.0630532567051766
6879,0.0677507317936572
6880,-0.0589570372704434
6881,-0.0253185884405843
6882,-0.117068049346305
6883,-0.07109671212345
6884,0.00447222975944891
6885,-0.00502698661986209
6886,-0.0112285097893704
6887,0.0689281399116462
6888,-0.0506403836941302
6889,-0.220450030629195
6890,-0.106862782272306
6891,-0.0399550482846545
6892,-0.109021681947443
6893,0.084300039273251
6894,-0.0317967236505882
6895,-0.0769634438785925
6896,-0.0423782967221476
6897,0.0167556180730982
6898,-0.0935112001314679
6899,-0.0428188391909479
6900,-0.119214242793923
6901,-0.0709305417135954
6902,-0.0898374703860942
6903,-0.0738234484644473
6904,0.00385156870047458
6905,0.0609533603320512
6906,-0.134669236535978
6907,-0.0854221520282306
6908,-0.082647563981817
6909,0.0257080597713092
6910,-0.00951167197442697
6911,-0.172622249650665
6912,-0.0195471674237203
6913,0.0633592176811466
6914,0.119663151437837
6915,-0.131172312703913
6916,-0.0320049054291219
6917,0.00152069001392642
6918,0.00453241202509122
6919,-0.063732337754366
6920,-0.0741353469223757
6921,-0.0400447219728521
6922,-0.0654411473458034
6923,-0.0505771000404923
6924,-0.0261484586238875
6925,-0.136250937394491
6926,-0.11521137946519
6927,-0.0648681393028177
6928,-0.00127333586059763
6929,0.00809406181193178
6930,-0.0474555030966248
6931,-0.149659530430656
6932,-0.0720952473971709
6933,-0.0116775212458547
6934,0.0989428316752703
6935,-0.0793636490098315
6936,0.0795114055464934
6937,0.0323960574311978
6938,-0.0140393634771167
6939,-0.0377970830468167
6940,0.0541325093697971
6941,-0.0461311791785344
6942,0.130677233742116
6943,-0.00290604480803114
6944,-0.0311792267111877
6945,-0.0970351562924977
6946,-0.0159462626777143
6947,0.00805804972990289
6948,-0.0957067371970958
6949,-0.0883238885358124
6950,-0.0676091032985587
6951,-0.0363584661793438
6952,-0.219563650160225
6953,-0.0326278340229677
6954,-0.0810413086703893
6955,-0.197107670450356
6956,0.00612264611558762
6957,-0.11139249040796
6958,-0.0858959853005255
6959,0.0309510504717633
6960,-0.0511178586836001
6961,0.144859960689226
6962,-0.0774341738656174
6963,0.168724543803248
6964,0.0302810103867489
6965,0.0401935610673879
6966,-0.0145440547103171
6967,-0.00622447809507795
6968,-0.151256032398263
6969,-0.0256590384149856
6970,-0.00944082688224124
6971,-0.101158156754214
6972,-0.0122258930784972
6973,-0.143523987702159
6974,-0.100553748897445
6975,-0.130503146635514
6976,-0.0374219511508835
6977,-0.0555316871145126
6978,-0.163594842720404
6979,-0.118575134446271
6980,0.0498572499698478
6981,-0.0790385652427916
6982,-0.0565429193901726
6983,-0.0806803984608628
6984,-0.0856923168712854
6985,0.0310676049521269
6986,-0.0461388640891897
6987,-0.0415375632496702
6988,-0.126099477278198
6989,-0.00645924951897946
6990,-0.111507434987421
6991,-0.0138853824208206
6992,-0.0832975845729841
6993,0.0902729553790515
6994,-0.231170880921895
6995,-0.0356061517590272
6996,0.029341616027851
6997,-0.0683658122062295
6998,0.105648017064847
6999,-0.0255408330344863
7000,-0.0281309278332391
7001,0.00686682307624516
7002,-0.111151259351172
7003,-0.179897947975298
7004,-0.108801669599453
7005,-0.068094382839905
7006,-0.0734963608647209
7007,-0.0463800208014633
7008,0.0216386984386004
7009,-0.163092462304254
7010,-0.0637667214240772
7011,-0.0267788473601719
7012,-0.0947810341047722
7013,0.0743830707421326
7014,0.0284641060566437
7015,-0.0645106590216933
7016,-0.11740981352028
7017,-0.0601414907565414
7018,0.073834129866985
7019,-0.171837748692448
7020,-0.0420113662725913
7021,-0.0584110442122991
7022,-0.0316120780463065
7023,-0.0208522670463022
7024,-0.0529688857953304
7025,-0.132979165832092
7026,0.0621585933781149
7027,0.0721512338331183
7028,-0.142370754840768
7029,0.0937617965912523
7030,-0.0793878199061027
7031,-0.0339582690451371
7032,-0.159449798231123
7033,-0.0575827228913594
7034,-0.0419813653233554
7035,-0.0483040511793479
7036,-0.113697393443707
7037,-0.043883698550652
7038,0.0864805963691325
7039,-0.0340997307648353
7040,-0.0473810504362185
7041,-0.0929908944509663
7042,-0.0307637354239856
7043,-0.0397306838138619
7044,-0.129879931822679
7045,-0.059451088204693
7046,-0.00442465473337554
7047,-0.134326318315267
7048,-0.108199353180408
7049,-0.102277465500973
7050,-0.0876726098315059
7051,-0.137326671413135
7052,-0.0218134496146957
7053,0.00188775248160278
7054,-0.00384332712627404
7055,0.182610375636738
7056,-0.00772328823020204
7057,-0.030481298900832
7058,-0.0689728092982102
7059,-0.0333538290555485
7060,0.0533410596907999
7061,-0.0182942492102439
7062,-0.032298072347986
7063,0.0626256635746995
7064,-0.0126658791030348
7065,-0.102884523520199
7066,-0.0797260590542575
7067,0.0137749305745893
7068,-0.0332074328203652
7069,-0.08274265353799
7070,0.0111556713619535
7071,0.00617558704853681
7072,-0.0712262295741623
7073,0.2126715949459
7074,0.118736736004338
7075,-0.0683358389941815
7076,0.0633164391602025
7077,-0.112003330906143
7078,-0.0450149487736329
7079,0.0376939207314572
7080,0.103225540607564
7081,-0.0899473268112257
7082,-0.0815156072297766
7083,-0.0363108788839607
7084,-0.0566906414830316
7085,0.0473961063729754
7086,-0.0295302770138283
7087,-0.0154205383244138
7088,-0.0370335968271284
7089,-0.102414222574706
7090,-0.0880912704958808
7091,-0.0698889217787415
7092,0.0417803929973624
7093,-0.0651665618454604
7094,-0.0434884858237119
7095,0.227465407596589
7096,-0.0599708338923576
7097,-0.00855857645128541
7098,-0.063852995145542
7099,-0.00831501671906989
7100,-0.094792556276541
7101,-0.0721104290215591
7102,-0.15967142698971
7103,-0.106809344348568
7104,0.0937924923527673
7105,-0.120491227747811
7106,0.0853705125128189
7107,-0.100398592806415
7108,0.0287027941732431
7109,0.066987628234526
7110,-0.031307621462285
7111,-0.0562355197442438
7112,-0.0576224645036103
7113,-0.22864095727702
7114,-0.0499535178068366
7115,-0.0111253514112721
7116,-0.103347879642652
7117,-0.151846535765928
7118,-0.0918773819580029
7119,-0.0289417920419287
7120,-0.0782275988452689
7121,-0.0289229995242135
7122,0.0686174593499155
7123,-0.129087260080745
7124,-0.0430161070543855
7125,-0.0153461768192056
7126,0.0964203314360032
7127,-0.13789531314733
7128,-0.0912053378289229
7129,-0.0130658121040538
7130,-0.0348970525118645
7131,0.0607844745317338
7132,-0.0784829349198209
7133,-0.0805772558994971
7134,-0.0965643732148887
7135,0.113452276200083
7136,-0.146118896970052
7137,-0.087121059459588
7138,-0.0418305913434121
7139,-0.00998713841770046
7140,0.014107370493201
7141,0.00327697241925122
7142,-0.0509684635970926
7143,-0.0695738649080815
7144,-0.000537314795563521
7145,-0.129298299328631
7146,-0.107922154588278
7147,-0.0658268104175251
7148,-0.0829439039038481
7149,-0.0672198007950481
7150,0.00552388625409163
7151,-0.00731782519351458
7152,-0.0985040396492144
7153,-0.04898529166695
7154,9.18039821612774e-05
7155,-0.101399507446956
7156,-0.10369954369517
7157,-0.0377969760914533
7158,-0.0023520293537873
7159,-0.0795681617618365
7160,-0.00600028718063723
7161,-0.106111871187544
7162,0.0809116889812256
7163,-0.0853245415317042
7164,0.00658015577648557
7165,-0.0326143529520933
7166,-0.0452848379020996
7167,-0.0914879340034411
7168,-0.0410742802298075
7169,-0.0423118184109547
7170,-0.117950973830401
7171,-0.127234329240729
7172,-0.113154073095422
7173,-0.0417971116780747
7174,-0.149289653921287
7175,-0.0823426380494689
7176,-0.0767214584330565
7177,0.0637435352031154
7178,-0.112973735269569
7179,-0.114252324906115
7180,-0.000479276540529747
7181,-0.0272173235957318
7182,0.0161015124546243
7183,-0.040317787007182
7184,0.0656630842111814
7185,-0.135595871407244
7186,-0.0843212535102466
7187,-0.0591334853268642
7188,-0.136952096884085
7189,-0.0908187503425994
7190,0.00350914371395849
7191,0.00365514461585216
7192,-0.136399416168202
7193,0.0415381572593231
7194,-0.0880164949786157
7195,-0.00734525114449197
7196,-0.0416612668162342
7197,-0.0399333663261193
7198,-0.0823548039674818
7199,0.0441034066936084
7200,-0.056001544024155
7201,0.0419354706091429
7202,0.00724980768001041
7203,-0.11553157824085
7204,0.112779885722223
7205,-0.0627403874179918
7206,-0.0718417054282768
7207,-0.0855459888369582
7208,-0.0645460230466837
7209,0.0310754438050158
7210,-0.0861792125998224
7211,-0.121297501220434
7212,0.00906892374385724
7213,-0.115056121794203
7214,0.125846411320619
7215,0.0684881858176041
7216,0.0665131075628447
7217,-0.0919863518153734
7218,0.147325137238367
7219,-0.00111668802332846
7220,0.0337970091647641
7221,-0.0688000978420653
7222,-0.204930606183731
7223,-0.04487607768789
7224,-0.0787208771822316
7225,-0.0936759619805094
7226,-0.0781896503375431
7227,-0.089517974865342
7228,-0.019691359994892
7229,-0.0447197574682448
7230,0.00291257562437148
7231,-0.0296610970853242
7232,0.104115720305757
7233,0.00270246756709243
7234,-0.0485307400330689
7235,-0.00964107572974035
7236,-0.0790948613117284
7237,0.148972223245116
7238,-0.0656830595813178
7239,-0.125562695457028
7240,-0.00129950160491353
7241,-0.0783515833496601
7242,-0.0297196812573165
7243,-0.0501902468674419
7244,-0.119361395745959
7245,0.0248386304093659
7246,0.0170209028431751
7247,-0.168314288384773
7248,0.00345895033735824
7249,0.0851010330612718
7250,-0.183646443407339
7251,-0.0631960085823922
7252,-0.0839485296220166
7253,0.00254063330328058
7254,-0.104383941636317
7255,0.0143346692368591
7256,-0.0549090697997238
7257,-0.212606192944998
7258,-0.132366927785353
7259,-0.106377106104281
7260,-0.0619651544399354
7261,-0.0181867103143862
7262,-0.0981091332703712
7263,0.116386795347276
7264,-0.0338181511317288
7265,0.0638060097688008
7266,0.0368943775227242
7267,-0.0371930580165575
7268,-0.0316272010135315
7269,0.141726462179603
7270,0.0109269063605641
7271,0.163538968880973
7272,0.028150207034747
7273,-0.174444274116367
7274,0.0156773000601514
7275,-0.0954086386595051
7276,-0.0253113768790433
7277,0.0834025458990203
7278,-0.0842361549564806
7279,-0.0113521444692545
7280,-0.195574739425747
7281,-0.0578329989250786
7282,0.0230931488624363
7283,-0.110771967638279
7284,-0.0258090984742825
7285,-0.0577826117739473
7286,0.030308046726295
7287,-0.00293258161217235
7288,-0.0737122567330924
7289,-0.0614419627539754
7290,-0.0636482019081712
7291,-0.149577208977267
7292,-0.0531148555724193
7293,-0.0200088814394328
7294,-0.00708917098635439
7295,-0.0635913903988941
7296,-0.0178423266234765
7297,-0.0693758477576739
7298,-0.101925561089851
7299,-0.105012383984607
7300,-0.0922436488182448
7301,-0.138965221644829
7302,-0.0540119509361797
7303,-0.115483214194588
7304,-0.195545945932662
7305,0.0217338129116527
7306,-0.0921515405550979
7307,0.101297103099489
7308,0.00428687647291486
7309,0.0433266138109737
7310,0.0165850832562962
7311,-0.0805673468928768
7312,0.0576993987385634
7313,-0.0978768577450581
7314,0.0570074197602004
7315,-0.093805533063224
7316,-0.110829819710144
7317,-0.0877146597498483
7318,0.0575535805376241
7319,-0.00835420400107042
7320,-0.105245039513511
7321,-0.00928522574715138
7322,0.025411438245529
7323,-0.0526377967786496
7324,-0.0833977380889901
7325,-0.0779122274124925
7326,-0.062372659691529
7327,-0.0839082306157522
7328,-0.184207759951279
7329,0.00148096625509002
7330,-0.105224429405746
7331,0.0174426028617715
7332,-0.0593722939683295
7333,-0.0934084818126082
7334,-0.0530190022239475
7335,-0.0584795570062377
7336,-0.161409816104286
7337,-0.0443620030229839
7338,-0.240214734076877
7339,-0.0851731452131949
7340,-0.0491962120659627
7341,-0.129831116328232
7342,0.136559777248401
7343,-0.00714290284838307
7344,-0.0201710020780578
7345,-0.0596082487719196
7346,0.0327790164636675
7347,-0.036207348108296
7348,0.0222402995376849
7349,-0.0493454148747876
7350,-0.018449315929646
7351,-0.0619843256075745
7352,0.0864031560878934
7353,-0.0295110230780971
7354,0.0185117310039857
7355,-0.128649286845849
7356,0.0164835065432978
7357,-0.0288062743887502
7358,-0.0696830197724914
7359,-0.023293119193279
7360,0.0368360343375576
7361,-0.0195713666054386
7362,0.0182770284484663
7363,-0.0357710804412823
7364,-0.0212709113845247
7365,-0.0497427494438741
7366,-0.00625186282171139
7367,-0.0228536049051728
7368,-0.11008502524046
7369,-0.0899098139634595
7370,0.0618061392789724
7371,-0.0716362855456832
7372,-0.0815977452599219
7373,0.0156994055949394
7374,-0.0963516832411152
7375,-0.0411529406666948
7376,-0.0389961098035216
7377,-0.0840446679953122
7378,0.0460348316779785
7379,-0.0442399452878129
7380,-0.10157521326121
7381,-0.100700816343293
7382,-0.0774887162079106
7383,-0.0470080419853328
7384,-0.0496656069845868
7385,-0.0491222509507311
7386,-0.0157087781243364
7387,0.0135014640664911
7388,-0.0642817555414217
7389,-0.0399899519923789
7390,-0.163221066895411
7391,-0.0680178684508698
7392,-0.0192399564344364
7393,-0.0543595478957662
7394,-0.0780018174143102
7395,-0.15068625545668
7396,-0.213996966819215
7397,-0.0727560567971973
7398,-0.136695802981686
7399,-0.174418821182029
7400,-0.0065212323857596
7401,-0.00836487196695197
7402,-0.0684782144221039
7403,-0.146005362702234
7404,-0.0443486763747141
7405,0.0751192062707741
7406,-0.050614300028356
7407,-0.0233337898320907
7408,-0.0750662954145984
7409,0.00257785457219463
7410,-0.00391241740256905
7411,-0.00425038846410287
7412,-0.115804080699788
7413,-0.0076439800602271
7414,-0.11278681593652
7415,-0.0271441548987558
7416,0.00728023452395103
7417,-0.147357998354954
7418,0.0759850113679618
7419,-0.0430250472141782
7420,0.0552262667755326
7421,0.00630163197000727
7422,-0.0539725690655048
7423,-0.021096670127781
7424,-0.0027482319693273
7425,-0.0849539752187431
7426,0.0137803164764784
7427,0.0769141203735786
7428,-0.0303848447704551
7429,-0.121108078413185
7430,-0.0663263556254988
7431,-0.123207205752994
7432,-0.0313798959256446
7433,-0.0423589493857001
7434,-0.0024185925962713
7435,-0.0609236657574961
7436,-0.148036857851669
7437,0.0551201057236193
7438,0.100161473301923
7439,-0.0804347930191262
7440,0.0600439363081444
7441,-0.0473549172020587
7442,-0.113541967285203
7443,-0.0589543099058141
7444,-0.0870217435759331
7445,-0.00811285442650772
7446,-0.0162396956746336
7447,-0.105025112211825
7448,-0.0820387077883356
7449,-0.0534920477731092
7450,-0.0997392602215503
7451,-0.0952060560674962
7452,-0.136872757611342
7453,0.00635015309388902
7454,-0.0780053910266088
7455,-0.0678141309406587
7456,0.0607988780212261
7457,0.0482789076201576
7458,-0.0124479675990294
7459,-0.0525517588710446
7460,0.115450018849458
7461,0.0632955368933743
7462,-0.109631891876672
7463,-0.0403881563306008
7464,-0.0585830194266563
7465,0.105018775629218
7466,-0.108308991390769
7467,-0.0976204400486388
7468,-0.0433429564899388
7469,-0.021248659093154
7470,-0.0837584285083595
7471,-0.0407487194251619
7472,-0.00202702325159314
7473,-0.0109528916143956
7474,-0.115467926058473
7475,-0.191058223306997
7476,-0.0338459433250998
7477,-0.0514902072671166
7478,-0.0330833531117644
7479,-0.00166770832752133
7480,-0.027305143478897
7481,0.120040075748881
7482,-0.0376246098327529
7483,-0.0213499962715782
7484,0.0143887499667399
7485,0.139731699452785
7486,-0.14130543575324
7487,-0.0556843079353828
7488,-0.0153094919497979
7489,-0.0585493709100313
7490,0.0108642674652865
7491,-0.0239455719189015
7492,0.127646900702096
7493,-0.0208220946202414
7494,-0.147391874491737
7495,-0.14396184141181
7496,-0.0871566005228697
7497,-0.0730306783840963
7498,-0.0484624446024216
7499,0.0895889944567418
7500,-0.0551360308590048
7501,-0.00149840239391516
7502,-0.0904356214808322
7503,-0.0577377964462553
7504,-0.0936125427456967
7505,-0.0677481032594598
7506,-0.158264379855279
7507,0.031153703948826
7508,-0.104193359147526
7509,-0.166397338088143
7510,-0.0299970602112802
7511,0.110808779127882
7512,-0.0487326872481786
7513,-0.0844556015650146
7514,-0.00111826823346974
7515,-0.0507792512309795
7516,-0.0323773809488192
7517,-0.210427847186683
7518,-0.0600575906839427
7519,-0.0579768700765555
7520,-0.0504511662484444
7521,-0.0341151264157805
7522,0.0183194580596016
7523,0.0616287070548614
7524,-0.00380972628312504
7525,0.0566739987919688
7526,0.0122730239027792
7527,-0.0399121872532519
7528,-0.0166153132575749
7529,-0.0324391211666404
7530,0.00716260338660403
7531,0.0720120813095921
7532,-0.0384961442769216
7533,-0.0762352176590021
7534,-0.0804361499378037
7535,0.0456765424574775
7536,-0.0412427149185392
7537,-0.187658575835047
7538,-0.0256449030649041
7539,-0.0234654790318067
7540,0.0288493735600314
7541,0.0615288324837822
7542,0.0125106915020532
7543,-0.0969515533154183
7544,-0.0537817339154281
7545,-0.0775936081210443
7546,-0.0344862642595955
7547,-0.106435200917321
7548,0.0514712104079397
7549,0.0543548186047731
7550,-0.0964295511257758
7551,-0.128826014343126
7552,-0.033164989109839
7553,-0.0352471384932352
7554,-0.0166707787687417
7555,-0.0997561044766765
7556,-0.175667444713639
7557,0.0457082682943755
7558,8.40051400673526e-06
7559,-0.0391040220074746
7560,-0.0721292337674209
7561,-0.0644472692227827
7562,0.00812154676206222
7563,-0.137357593261302
7564,-0.156158560980154
7565,-0.0127264173336297
7566,-0.0286070215920408
7567,-0.141974650222851
7568,-0.0740422693190569
7569,-0.0947761443471922
7570,-0.00423615722373357
7571,-0.140696913697742
7572,0.0313574137894158
7573,-0.0560237435318742
7574,-0.0234969415149169
7575,0.0550690639889087
7576,-0.0154086292521574
7577,-0.0799247330093144
7578,-0.0829698469882211
7579,-0.0575169715637988
7580,-0.0882219622877594
7581,-0.0280505347870109
7582,-0.103862078077122
7583,0.0485986985844053
7584,-0.0268580631230846
7585,-0.0933677436105975
7586,-0.023207366582835
7587,-0.037207540790215
7588,-0.186726559283447
7589,-0.027561773101498
7590,-0.0432101929164378
7591,-0.0903789585829385
7592,-0.0709765069298685
7593,-0.109425336963411
7594,-0.0717119292752838
7595,-0.0790496106435456
7596,-0.0554534063491044
7597,0.0274975186899955
7598,-0.034718745009497
7599,0.0506700746689007
7600,0.103134385388931
7601,-0.0858603685052498
7602,-0.118727387829419
7603,-0.0144512300398924
7604,0.0569471263135005
7605,-0.0987326051529823
7606,-0.0439116245453183
7607,0.0246686888449466
7608,-0.0313695512894998
7609,-0.100225120233957
7610,-0.101905603911028
7611,-0.0355633449784864
7612,-0.163023939413264
7613,0.0921095506429872
7614,-0.110061683096296
7615,0.0281845326277106
7616,0.0304104596534201
7617,-0.108168786597982
7618,-0.120583006768539
7619,-0.0165265970266584
7620,-0.040504496212473
7621,0.0297329643894398
7622,-0.0570548219632077
7623,-0.089578694084957
7624,-0.0855512310441905
7625,-0.0216985389305544
7626,0.0138529231218142
7627,-0.0327156555848988
7628,0.0188694819406896
7629,-0.145046427414635
7630,-0.0234838970795352
7631,-0.0687997527376019
7632,0.0415784794410228
7633,-0.112612265050525
7634,-0.108507758669577
7635,0.00495547014635041
7636,0.102435206503052
7637,-0.000111354434002317
7638,-0.0219985391121764
7639,0.0108300416519857
7640,-0.0910680389483168
7641,-0.163434954448698
7642,-0.0575910387641325
7643,0.0454774093458674
7644,-0.0356783691337407
7645,-0.0178154273169114
7646,-0.0859675602865245
7647,0.0254382572529957
7648,-0.112795913408484
7649,-0.0334147749629386
7650,-0.0339722810640768
7651,-0.0517879727673889
7652,-0.0497062957024854
7653,-0.0827594895328427
7654,0.0013618452901983
7655,-0.00276213878132158
7656,-0.0437854620751112
7657,-0.0536942512582395
7658,-0.0883213439933663
7659,-0.0999973162043917
7660,-0.047124484403758
7661,-0.0888442652066025
7662,-0.0283814866603008
7663,0.0640219953399355
7664,-0.0868103017085535
7665,0.0139905944186125
7666,-0.0424660974470664
7667,0.175426168678437
7668,0.0230014708678386
7669,0.0491168951227739
7670,-0.0398544311672617
7671,-0.00619380141638377
7672,-0.141446465276259
7673,0.0381392581455193
7674,0.112755053104503
7675,-0.0277447685183768
7676,-0.0494928314893485
7677,0.000572590476485432
7678,-0.0211083642268296
7679,-0.0596210056300654
7680,-0.0669108306552555
7681,-0.0307737892105223
7682,0.0279958116033426
7683,-0.0120453464280017
7684,-0.0242935278389508
7685,-0.0545539982014289
7686,-0.0318271201628409
7687,-0.0251969836925927
7688,0.0260439248832383
7689,0.0368132729889519
7690,-0.0143911736589846
7691,-0.13974952709437
7692,-0.133901604917289
7693,-0.0222270779574225
7694,0.0103768501189023
7695,-0.0662867104458837
7696,0.0449514546751895
7697,-0.0323244330014543
7698,-0.0136155710826212
7699,0.00843702206884176
7700,-0.1465164196858
7701,0.0123272180269541
7702,-0.0573669157914684
7703,0.0173260157790316
7704,-0.05074681903989
7705,-0.0719213521081447
7706,-0.0199013246907082
7707,-0.0135816282059388
7708,0.0538475638393387
7709,-0.0184259473146834
7710,-0.0822460259849105
7711,-0.0963371650022788
7712,-0.137729559424425
7713,-0.110786641709711
7714,0.0262678605326091
7715,-0.0531904145751975
7716,-0.0361839978255238
7717,-0.050179343667626
7718,-0.0795647646672733
7719,0.0946571641560916
7720,-0.0811350914675193
7721,-0.0897551622924567
7722,0.0371563880691366
7723,-0.0902062454190656
7724,-0.111880326268138
7725,-0.0446666279443355
7726,-0.0546146673481382
7727,-0.0777933309715641
7728,0.0224455130491162
7729,-0.0701458947669961
7730,0.00222953720212009
7731,0.0659779587886159
7732,-0.21571320475357
7733,-0.0336001807975935
7734,-0.0828114451117274
7735,0.0552738978512435
7736,-0.133611868749574
7737,-0.0714678022824999
7738,-0.0142438575187398
7739,0.0305002833430744
7740,0.0186050819842246
7741,-0.0841190881333215
7742,-0.0879188600516584
7743,-0.141555861597279
7744,-0.0412493142745879
7745,-0.0407888763259438
7746,-0.0132116673953465
7747,-0.0156707209210415
7748,-0.10864205477377
7749,-0.0533144640297709
7750,-0.0591917568872732
7751,0.0108658187470738
7752,0.117220723932541
7753,-0.0549405229695802
7754,0.00799431439295463
7755,-0.232906146563319
7756,-0.0165186308718208
7757,-0.0897262383203806
7758,-0.0370989520611815
7759,-0.0491467731010505
7760,-0.0400941382396387
7761,-0.0912421443131102
7762,-0.0236115376992369
7763,0.0398512203556236
7764,-0.128781322208151
7765,-0.0639139797902569
7766,0.0594256124529768
7767,-0.0471309458652465
7768,-0.0741697168129807
7769,0.20712946682828
7770,-0.110222973480918
7771,-0.0131140259714254
7772,-0.03471527340754
7773,-0.0648248561491824
7774,-0.0766159452994331
7775,-0.0914815344253188
7776,-0.0853852707727573
7777,-0.104091487083536
7778,-0.104034297999593
7779,-0.0567319792236338
7780,-0.0242632911409412
7781,-0.0376007095051104
7782,-0.124895573227415
7783,0.0455834734300059
7784,-0.11595588949259
7785,-0.0889390813892464
7786,0.020239050035259
7787,-0.00974607788589348
7788,-0.000894717443204522
7789,-0.0827542629841191
7790,0.137350239987033
7791,-0.0666160123422876
7792,-0.22630375283764
7793,0.0695195607125894
7794,0.030435543388369
7795,-0.0467058514392304
7796,-0.113949080124626
7797,-0.195819020674582
7798,-0.0932056889885444
7799,-0.112464998675575
7800,-0.0446501534133877
7801,-0.0378555562399019
7802,0.0178471351403981
7803,-0.0101831969286614
7804,0.0338756119604539
7805,-0.0495091127039583
7806,0.145845329645196
7807,-0.0909116764088386
7808,-0.0668672416095893
7809,-0.0985415266624017
7810,0.014339067836506
7811,-0.00286594787660249
7812,-0.0716224062614307
7813,0.0531362657831073
7814,-0.0565734361348359
7815,0.0609004468181927
7816,-0.0362671462487553
7817,0.00403476628879335
7818,-0.171626963398709
7819,-0.058621274150674
7820,-0.0367013674036898
7821,-0.12578770452867
7822,-0.0634538729306165
7823,-0.0267565793944705
7824,-0.0575104961631083
7825,-0.0232157020162234
7826,-0.0770330704106979
7827,-0.0488448897107177
7828,-0.0105402448804296
7829,-0.0676820690824466
7830,0.0489577798394977
7831,-0.0805280346693312
7832,-0.0310402424195105
7833,0.0849299108127965
7834,-0.0117593911697092
7835,-0.142813015872408
7836,-0.0637123214478446
7837,-0.0524013468261293
7838,-0.104771806393989
7839,-0.011874300312056
7840,-0.0952072618298192
7841,-0.0839920585738961
7842,0.128434956439644
7843,-0.00465281641250951
7844,-0.0575438096673943
7845,-0.182710471572074
7846,-0.0989518359553897
7847,-0.101303254542223
7848,-0.0117348562223453
7849,0.0121625915007133
7850,-0.0123325489472985
7851,0.0617146491752194
7852,0.000449567824137223
7853,-0.000685010518937199
7854,-0.074842016544168
7855,-0.064910950314029
7856,-0.0160471216509307
7857,-0.0618656871266525
7858,-0.132114864154548
7859,-0.0111304519882325
7860,-0.0778629415843165
7861,-0.0671846392963168
7862,-0.120393222971413
7863,-0.0380259801444409
7864,0.0030137788588236
7865,0.0130144224864894
7866,-0.0962676300574499
7867,0.111648149672453
7868,0.0553657542165133
7869,-0.0836692585737393
7870,-0.0213919257898218
7871,-0.0722391237297301
7872,-0.0650796770650682
7873,-0.0727043602179245
7874,0.0162124417607606
7875,-0.0549583346749277
7876,-0.0314500864423634
7877,-0.0237751674858458
7878,0.0537404845862575
7879,-0.090607768055069
7880,-0.0594151026120539
7881,-0.105623377560743
7882,-0.115256193550056
7883,0.028155290511482
7884,-0.0458965921905938
7885,-0.0604877518082236
7886,-0.0228247826381441
7887,-0.00587702303365167
7888,-0.0150901733349421
7889,-0.104278080275533
7890,0.0286414935913475
7891,0.0736987004945206
7892,0.0177935690987762
7893,0.0987258888877626
7894,-0.0627564409035364
7895,-0.11119850720006
7896,0.0287013384407377
7897,0.0357835053940562
7898,-0.0162842043333174
7899,-0.0320389710961713
7900,0.0264479224638977
7901,-0.0844481169132617
7902,-0.0712886550731665
7903,0.0255812680453297
7904,-0.0799469626649588
7905,0.146440107436479
7906,-0.0107103501350707
7907,0.037075722331951
7908,-0.110220784118149
7909,-0.176963567971925
7910,-0.181199709640922
7911,-0.0951341543701158
7912,-0.0961814754827717
7913,-0.0623917779253269
7914,-0.104493254729845
7915,0.0182986801442995
7916,-0.09610432121139
7917,-0.00567674497281687
7918,-0.0441005340749688
7919,-0.0750139890942847
7920,-0.0472743861241717
7921,0.0636987000101642
7922,-0.0226673170971283
7923,-0.0919638478274075
7924,0.00507377942784308
7925,-0.0667652694817758
7926,-0.0351398935570524
7927,-0.153557754045117
7928,-0.0434867482820198
7929,-0.0122318278539224
7930,-0.092627333046431
7931,-0.0590504017872135
7932,-0.0262054260097951
7933,-0.0135029502227757
7934,-0.156940123905834
7935,0.0109324310250313
7936,-0.0892571253840408
7937,0.0835780365895793
7938,-0.00476185542388829
7939,0.0417408408490027
7940,-0.0483487609676559
7941,-0.036327106622674
7942,-0.0480211340995193
7943,0.0111098359498231
7944,-0.162591446751891
7945,-0.0247137032434952
7946,-0.141075492140254
7947,-0.00247270349415717
7948,-0.168927455012611
7949,-0.0177353819638454
7950,-0.0718463525016439
7951,-0.164878416303443
7952,-0.120845135655957
7953,0.118041623745095
7954,-0.10764439076939
7955,0.191474432441012
7956,-0.0184456390542096
7957,-0.0603632935773125
7958,0.00533438037671067
7959,-0.0483687097933553
7960,-0.0202399134474098
7961,-0.0496258212691259
7962,0.00433209247484886
7963,-0.16756464036328
7964,-0.0802788450009831
7965,0.0298370430930349
7966,-0.12872112580695
7967,-0.0471723619325609
7968,-0.112822001887024
7969,-0.0449855776712941
7970,0.0877674902703801
7971,-0.0167175372368097
7972,-0.0626746404750461
7973,-0.0754905612124927
7974,-0.108172552888784
7975,-0.0607402027022373
7976,-0.029912482084617
7977,0.0400742576033809
7978,-0.09115371749147
7979,-0.0340445064037501
7980,-0.0917095275742265
7981,-0.0167572145436526
7982,-0.0835180630494289
7983,0.00491740011386771
7984,-0.149979780413186
7985,0.111302346231115
7986,-0.00249205511525865
7987,0.0256760148974279
7988,-0.0281305746842288
7989,-0.047472756769307
7990,-0.0564579670458789
7991,-0.136756478154538
7992,-0.0633553209814765
7993,-0.0595261086062411
7994,-0.0849171350744651
7995,-0.0957097913848573
7996,-0.11780718042043
7997,0.0395466961188331
7998,-0.00633419750324813
7999,-0.0406732022432939
8000,0.0039013981026281
8001,-0.0292076610839627
8002,-0.0300806330175373
8003,-0.182009097635425
8004,-0.058662171016667
8005,-0.041701354920973
8006,-0.0436991284987814
8007,-0.0936847452452997
8008,0.149511649337186
8009,-0.0332470563649857
8010,-0.0253238015059835
8011,-0.00995436183615624
8012,-0.106449006210763
8013,0.00610614234423215
8014,0.0300038002815703
8015,-0.158491154453062
8016,0.136861751171857
8017,-0.0981992971167377
8018,-0.0855442117628693
8019,-0.0346221272808639
8020,-0.102565738180981
8021,0.0664892822774138
8022,0.060384402123193
8023,-0.0821024305177648
8024,-0.0126609185175952
8025,-0.086765560303195
8026,-0.0713270644555327
8027,-0.0566405366891541
8028,0.0431023009403508
8029,-0.0602023755844905
8030,-0.197636482182558
8031,0.00267053951090121
8032,0.00816215546614497
8033,-0.067438415004951
8034,-0.0996415145607304
8035,-0.158439521829757
8036,-0.0998796047010184
8037,-0.171894292836704
8038,-0.0490265787450363
8039,-0.078785893190557
8040,0.0332669824245635
8041,-0.0315822468434022
8042,-0.023277118358121
8043,-0.0758802732937133
8044,-0.106048771752392
8045,-0.0184055172051244
8046,-0.121412853717595
8047,-0.0701965615033107
8048,-0.0340125699120852
8049,-0.0500762119667665
8050,0.0707399733556678
8051,-0.0510137288784789
8052,-0.276120701095172
8053,0.055689366933227
8054,-0.116369346355194
8055,-0.0424350171599076
8056,-0.0963515504669733
8057,-0.15648382966662
8058,-0.157987836132363
8059,-0.0793793370953782
8060,-0.0634775301025794
8061,-0.125236805742316
8062,-0.0818123887645952
8063,-0.0408305823088369
8064,-0.0051679504691421
8065,-0.0446780140551228
8066,-0.140779523582189
8067,0.0477544036956454
8068,0.00808585341001299
8069,-0.0187438909718364
8070,-0.0862998368326587
8071,-0.071396427864151
8072,-0.0667247029462401
8073,0.0215974968635879
8074,-0.0920719329689215
8075,-0.0764476904221992
8076,-0.0979618815360582
8077,-0.0801130410121726
8078,-0.0888948910533385
8079,-0.0346665712289229
8080,-0.110137624537246
8081,-0.0527249479191735
8082,-0.112064589306658
8083,-0.0623196182626964
8084,-0.0719295339179801
8085,-0.0621966955705833
8086,0.0136687432109238
8087,-0.123151446399567
8088,-0.0159057697121567
8089,-0.0387190372334404
8090,-0.0845272337696339
8091,-0.0152663681524449
8092,0.0892239875000421
8093,0.0512376213147638
8094,-0.118334504795544
8095,0.00422664219502564
8096,-0.129113639574139
8097,0.122167620142938
8098,-0.0353348739090061
8099,-0.000439303593282881
8100,-0.0318889006814903
8101,-0.0471656558203201
8102,0.0563411278834648
8103,-0.000109405580334466
8104,-0.0785634073768313
8105,0.0492836416300228
8106,-0.100460003489053
8107,-0.0063381603112804
8108,-0.0943403444865073
8109,0.0483430665081748
8110,-0.0189901808855098
8111,0.106286541810476
8112,-0.126108405075529
8113,0.0627971792781994
8114,-0.0451589450637189
8115,0.050133029503932
8116,-0.117177208181568
8117,-0.0683312684232841
8118,-0.0804347470894308
8119,-0.0340473529736007
8120,-0.031652287598431
8121,-0.0891775937552773
8122,-0.057821791958416
8123,-0.0408718654144324
8124,-0.0560140322437038
8125,-0.0568950528852352
8126,-0.131412478368895
8127,0.012911652460733
8128,-0.0420260502016743
8129,-0.186922009669541
8130,0.0163118822260631
8131,-0.00980087893920592
8132,-0.111678394363905
8133,-0.0687095419587354
8134,-0.100549603109363
8135,-0.135185178245425
8136,-0.108317939311381
8137,0.0128410702740134
8138,-0.0302669757761507
8139,-0.0244024566924397
8140,0.124254700685118
8141,0.0504501528681439
8142,-0.0349868201267765
8143,0.0312973689374282
8144,-0.117005651199053
8145,0.140641726258187
8146,-0.0640990853110536
8147,-0.0703456015132352
8148,-0.0795328122898759
8149,-0.120480709240902
8150,-0.0398448255168609
8151,0.100724856466668
8152,0.0264365371762658
8153,-0.132588514826847
8154,-0.0454654573288525
8155,-0.0456224542931586
8156,-0.0640409489073204
8157,-0.151747454442191
8158,-0.0950522438678836
8159,-0.0698269538593215
8160,-0.0530383996732283
8161,-0.0617762795306727
8162,-0.0625423746770451
8163,-0.0518709295025951
8164,-0.224654660339575
8165,-0.0112358750663072
8166,-0.153666570131976
8167,-0.0623856051614975
8168,-0.0610613867418128
8169,-0.0774043716348581
8170,-0.137933370037134
8171,-0.00778611145384898
8172,0.0290607487993923
8173,0.0158523946282211
8174,-0.052290079097712
8175,-0.0203946942780744
8176,-0.0561922185261568
8177,0.0887707223419986
8178,-0.0641149300908158
8179,-0.0864235778307548
8180,-0.105085282175973
8181,-0.0939057812115187
8182,-0.0213377132972578
8183,-0.0672619387081491
8184,-0.0169865268128877
8185,-0.128838651295047
8186,-0.091032216545716
8187,0.199476466705549
8188,-0.0531825700728111
8189,0.0762387305708056
8190,-0.0130885420473264
8191,-0.0596238176781157
8192,-0.0833120607134224
8193,-0.0947920792782573
8194,-0.0243521032654812
8195,-0.0219209335527618
8196,-0.113491291749662
8197,0.0392277683476321
8198,0.0499009184871394
8199,0.0107717995545067
8200,-0.0164853224638667
8201,-0.00740864773118344
8202,-0.0678637116330376
8203,-0.167094852287501
8204,-0.112538464344511
8205,0.00679474042108871
8206,-0.124613019432303
8207,-0.18167963845891
8208,-0.115718998902513
8209,0.101854187895092
8210,-0.0535858521813868
8211,-0.0530699627202988
8212,-0.191345306360284
8213,-0.0821189499030296
8214,-0.117583290476667
8215,-0.191047927537556
8216,0.0190700187589265
8217,-0.0872740219051037
8218,-0.105613086980158
8219,-0.00758296451588598
8220,-0.0334537538510284
8221,0.077365366904872
8222,-0.0673949182283826
8223,-0.0800037661836039
8224,-0.132792410756447
8225,-0.0523290474472408
8226,-0.0366417505264271
8227,-0.0276884912141484
8228,-0.0543388117612733
8229,-0.0781918209681956
8230,-0.0207005110095921
8231,0.174044863557977
8232,-0.124130336495782
8233,-0.109426832887928
8234,0.00971183497514759
8235,-0.0207796220688456
8236,0.140554262872142
8237,0.018192657312661
8238,-0.145398898334943
8239,-0.0735750399352865
8240,-0.0662484639107969
8241,-0.0868971737335524
8242,-0.102350377832272
8243,-0.124252883355966
8244,-0.0941501064380702
8245,0.0241389925369867
8246,-0.0600544452226185
8247,-0.0871117852210851
8248,-0.0485503003640243
8249,-0.14132562982135
8250,0.0864712248827026
8251,-0.0627652287276222
8252,-0.185608857748667
8253,-0.0907129766104074
8254,-0.00457395150638404
8255,0.0128320732657541
8256,-0.0459968918942677
8257,-0.0439111162070234
8258,-0.10788808456064
8259,0.0243099277453772
8260,-0.0322965057410013
8261,-0.095397842140071
8262,0.0165144062967378
8263,0.000905861752039719
8264,-0.0616054916256075
8265,0.0251051700866729
8266,0.0215889499698687
8267,-0.0271517552465671
8268,-0.0542098428988056
8269,0.0444830312561702
8270,0.0498477854703856
8271,0.0525173167091701
8272,0.0144288078836177
8273,-0.113142109865461
8274,-0.0176301822087091
8275,-0.0602500828558746
8276,-0.126683724768783
8277,0.0819294250874786
8278,-0.127892975610686
8279,-0.0809060204053219
8280,-0.170426348360372
8281,0.058249788184139
8282,0.0555067790358938
8283,-0.0253318381829076
8284,-0.0654917349914543
8285,-0.104825621029711
8286,-0.0308970780024896
8287,-0.0703824847448269
8288,0.00393092847067195
8289,0.0944023479693148
8290,-0.0023988529097734
8291,0.120588086824039
8292,-0.0819530146220473
8293,0.0566506514258775
8294,-0.0209146164452972
8295,0.0282142047392415
8296,-0.015258977488494
8297,0.0184373245162394
8298,-0.0620059757116492
8299,-0.085902496578519
8300,-0.0171039136238649
8301,-0.0314742620291523
8302,-0.0804204977994144
8303,-0.0741507131764479
8304,-0.0726398959034787
8305,-0.129268714251809
8306,-0.0776659314956292
8307,-0.116934759453099
8308,0.0319813021937378
8309,-0.119209050660284
8310,-0.0500714364481769
8311,-0.0843946278975589
8312,-0.205444536957134
8313,-0.0702434945516464
8314,0.0188014449499554
8315,-0.00211160586452596
8316,-0.137902515055808
8317,0.035114891002153
8318,-0.0341863450257066
8319,-0.0480769702727234
8320,-0.0936811946366927
8321,0.0105542973487039
8322,0.0293721285287081
8323,0.0514001035326391
8324,-0.128946080703412
8325,-0.039557840690875
8326,-0.0475659224278832
8327,-0.0226548908313743
8328,-0.0949778281588943
8329,0.00715493936422763
8330,-0.0418078035851465
8331,-0.0643888158412153
8332,-0.127387504199858
8333,0.0149581690085493
8334,-0.0714450656516902
8335,-0.0132066115349223
8336,-0.146329469831443
8337,-0.0688661210079554
8338,-0.0645912146991517
8339,-0.109714251991208
8340,-0.150476845571641
8341,-0.0129254817271462
8342,-0.157333062459783
8343,-0.0496433872231165
8344,0.186900652808197
8345,0.0200471712896385
8346,-0.098783495148607
8347,0.0691604836117041
8348,0.0160295620794585
8349,-0.112141427583323
8350,-0.0607656381072813
8351,-0.1138858068566
8352,-0.0960349030252916
8353,-0.0114065243557232
8354,-0.035991178280383
8355,0.0125008478971453
8356,-0.0605379295735945
8357,-0.067226663981663
8358,-0.0456091451582349
8359,0.00374283148770062
8360,0.10012657131208
8361,-0.115418050615104
8362,-0.175514346516041
8363,-0.0842646227532539
8364,-0.129648559272833
8365,-0.1648409482708
8366,0.0177667374385869
8367,-0.140246163754334
8368,0.00688543840734154
8369,-0.0823775283582791
8370,-0.162160271564789
8371,-0.0431569812354077
8372,-0.015025884325035
8373,-0.036586285795171
8374,-0.199560789381388
8375,-0.0843880519545379
8376,-0.124375274200663
8377,-0.110427521802674
8378,-0.103553191517457
8379,-0.0556760198391988
8380,-0.0752762470864496
8381,-0.183873723215423
8382,-0.0803384170508556
8383,0.0974299087445598
8384,-0.0902032048333279
8385,-0.00750537024309407
8386,-0.0679742348296193
8387,-0.0115709202401589
8388,-0.0281691287420175
8389,0.0437123332518977
8390,-0.0726655122318315
8391,-0.00509173490447007
8392,-0.0482260044418209
8393,-0.0212092516260177
8394,0.0676776869164357
8395,0.0306683061982442
8396,0.0167113121991881
8397,-0.106540259317724
8398,-0.00362717444164459
8399,-0.0560845996622045
8400,-0.0425752893631819
8401,-0.0104251962541415
8402,0.0751439352099566
8403,-0.0593614279937911
8404,-0.00669037576106598
8405,-0.0309458699719486
8406,-0.0470317496365385
8407,0.0426479469059547
8408,-0.10006294371654
8409,-0.0535575136706586
8410,-0.0904741139737973
8411,-0.142870087440296
8412,-0.014951978657125
8413,-0.0715183439170769
8414,0.0430831221034901
8415,-0.0766327119340533
8416,-0.0816027600031365
8417,-0.0531512179240779
8418,-0.00708091436420927
8419,-0.0334088133702811
8420,-0.143113004828131
8421,0.0677298912118953
8422,-0.00323505191043571
8423,-0.084341627730638
8424,-0.128011783836954
8425,-0.0484065976028301
8426,-0.0835801217541129
8427,-0.0435382416594433
8428,0.00709252870579623
8429,0.108270547875637
8430,0.105365920981054
8431,-0.0601639362303921
8432,-0.0450220994615027
8433,-0.0703911862809873
8434,-0.148033937645125
8435,0.0668674202275265
8436,-0.0367474758551262
8437,0.102347316330295
8438,-0.0633243902452712
8439,0.119493270494812
8440,0.0397256193196197
8441,-0.0379252676931971
8442,0.053676339628336
8443,0.0221163564187997
8444,0.0354108403548981
8445,0.0616113685130516
8446,-0.0724000369411935
8447,-0.131924987845729
8448,-0.146121764682072
8449,0.0647450235184986
8450,-0.0436166973875508
8451,-0.139970184141372
8452,0.0247838031736428
8453,-0.15857642657196
8454,0.101201472388264
8455,0.122336031824848
8456,0.0666672144429283
8457,-0.0209267849530282
8458,-0.0197594724750351
8459,-0.0704936647506721
8460,0.00602034690664234
8461,-0.0206823996844448
8462,-0.0905555490511312
8463,-0.0608155020921002
8464,-0.117900615595646
8465,-0.0558150789719055
8466,-0.137660217696027
8467,0.0016831368002673
8468,0.0969771068690113
8469,-0.16122584330756
8470,-0.030551682130857
8471,-0.0398558385184566
8472,-0.0161888852276936
8473,0.0284154506905764
8474,-0.00909222466078144
8475,0.0845870109280113
8476,-0.0821362212840327
8477,-0.0145047783934242
8478,0.0190427680239564
8479,0.049514822153808
8480,0.170801146532825
8481,-0.0218537422106596
8482,-0.0808336054092185
8483,-0.156432680259511
8484,-0.00636767030843493
8485,-0.0602102009135173
8486,0.0315009941539799
8487,0.108036075205448
8488,0.126287258020485
8489,-0.0361284150582688
8490,-0.0266665588762311
8491,-0.0926025158664008
8492,-0.107684944980376
8493,-0.103000520677898
8494,-0.0196342120689336
8495,-0.149984543617493
8496,0.0463193922275536
8497,-0.0500023725511916
8498,-0.0806074206724667
8499,-0.0763961913758589
8500,0.246493663236608
8501,-0.0548885052829447
8502,-0.112857059167644
8503,-0.0677169356482401
8504,-0.0329594455740494
8505,-0.129041821877756
8506,0.0243634337094935
8507,-0.0769526285280675
8508,-0.0897620659245966
8509,0.26172607262206
8510,0.0299908044019708
8511,-0.0897458762883887
8512,0.13186376544481
8513,-0.0525996243570628
8514,-0.0344558991567416
8515,0.0144440624994181
8516,-0.039119905370813
8517,-0.0688616041392355
8518,-0.128492227505477
8519,-0.062217474681445
8520,0.00664173569142331
8521,-0.0866119175388446
8522,-0.123152807483713
8523,-0.0221640768928126
8524,0.0935683543507339
8525,-0.0952186738199701
8526,0.104025875592433
8527,-0.0536340813588306
8528,-0.169093026828974
8529,-0.0480627864013157
8530,-0.0152576612432669
8531,0.016612582648439
8532,-0.0762143301607503
8533,-0.0560668764702266
8534,-0.00489288027708353
8535,0.0489151365378063
8536,-0.0914033371666435
8537,0.0263960975372746
8538,-0.00630422730356172
8539,-0.00504445624947397
8540,-0.034892771613732
8541,0.0149772034251005
8542,-0.144661616369425
8543,-0.0551760408508108
8544,-0.0758788380507371
8545,-0.0233545833941339
8546,0.0465757282939145
8547,-0.11929774943306
8548,0.00332343575932339
8549,0.0226925693929033
8550,-0.0227698867545282
8551,-0.0112891241206334
8552,-0.0571916806397075
8553,-0.0110261157164255
8554,-0.073203188019184
8555,-0.0894747581553214
8556,-0.0226063769515309
8557,-0.0493289907304224
8558,0.0929031462097212
8559,-0.0317159661394805
8560,-0.0353252575295556
8561,-0.128825658944741
8562,-0.0256974283989401
8563,-0.0933819189960895
8564,-0.129039905678956
8565,-0.0825963976384551
8566,-0.022953744609252
8567,0.00743386191642443
8568,-0.0390858441976358
8569,-0.0483925343456612
8570,-0.0100865660859731
8571,-0.0593810797259037
8572,-0.0250514167564114
8573,-0.0465661727479024
8574,-0.0346423631755062
8575,0.049786072612715
8576,-0.0810604069911447
8577,0.0329193303378944
8578,-0.0145631263394617
8579,0.0222222029242047
8580,-0.0917774995625479
8581,-0.00360063056324248
8582,-0.00357915633646729
8583,-0.0940146907244586
8584,0.0536243671972216
8585,-0.102651141241077
8586,0.0601455121333219
8587,-0.0743135613726493
8588,-0.209762854109677
8589,-0.175867155875298
8590,-0.0999262316117411
8591,-0.0318157646717201
8592,0.00993223027155271
8593,-0.0200725236643109
8594,-0.0850690838160974
8595,-0.0907002351179118
8596,-0.010116327974126
8597,-0.0969544720283262
8598,-0.0203191228386134
8599,-0.109709386823559
8600,-0.0952303953933158
8601,-0.0888531733561121
8602,-0.0918772323240499
8603,-0.0723346068706821
8604,0.0336666313667
8605,0.0598133618300576
8606,0.0180710026882259
8607,-0.0819664225202814
8608,-0.123358573115136
8609,0.0644638180193133
8610,-0.136342041142765
8611,-0.0701745832706445
8612,-0.133920503449965
8613,-0.0173430642835487
8614,-0.0968655994323451
8615,0.0598655954000895
8616,-0.0907391768922198
8617,0.00994766734233817
8618,-0.134739099182818
8619,-0.0736376868787194
8620,-0.208612975446655
8621,-0.0334780705381137
8622,-0.101864213665679
8623,0.0644564509527189
8624,-0.118216358360718
8625,0.0814630138009687
8626,-0.156162618298065
8627,-0.0549032364496026
8628,-0.127550706633331
8629,0.0427692355370852
8630,-0.0498740184498034
8631,-0.177689624898396
8632,-0.13346753134605
8633,-0.0777574118200959
8634,-0.0528997382260512
8635,-0.0644555936626171
8636,-0.0538016696497878
8637,-0.0957129531103816
8638,-0.14291545195404
8639,-0.0652183114321067
8640,0.0267441331210466
8641,-0.156604314576084
8642,-0.0125197511426194
8643,-0.0923650892730276
8644,-0.035146195342752
8645,0.118869540092315
8646,-0.107596321783168
8647,-0.0324958423574587
8648,-0.0986732341301722
8649,-0.00983122048237442
8650,-0.0985819213670091
8651,-0.105918547331389
8652,-0.139103697773869
8653,-0.0543222562661229
8654,-0.186567452715057
8655,-0.0855433775242107
8656,-0.0953813378574372
8657,-0.037427133877907
8658,-0.112325420486786
8659,0.0737862270581981
8660,-0.0784172255080195
8661,-0.0260193044059861
8662,0.116908241316235
8663,-0.0698005505402604
8664,-0.185084172167027
8665,-0.07298243698254
8666,-0.0117072312577593
8667,-0.0197066903403324
8668,0.0711284481681039
8669,-0.0547346971107472
8670,-0.0173298504555328
8671,-0.0805101492857364
8672,-0.0222949593730594
8673,0.0115578289905988
8674,-0.0205235631901266
8675,-0.0347265211265636
8676,-0.158185747131901
8677,-0.0274146803336988
8678,0.0386642091646095
8679,-0.122445754003893
8680,0.0772506508571009
8681,0.0142016141762404
8682,-0.0439026246429889
8683,0.0850766914848681
8684,-0.0804747354045023
8685,-0.0237214724353346
8686,-0.163484885060536
8687,-0.0753033695054134
8688,-0.0322792768603481
8689,0.028092681058645
8690,0.00122461889629614
8691,-0.0152323994779524
8692,0.0397910560806434
8693,-0.0530569924235379
8694,-0.0285739406430641
8695,-0.109423205226066
8696,-0.0422457275670387
8697,-0.058289791989966
8698,-0.179449506705036
8699,-0.0607426526269888
8700,-0.0375830110969514
8701,-0.0962867382535259
8702,-0.0329998774653634
8703,-0.0303839625253002
8704,-0.1371109585683
8705,-0.0699192560798434
8706,-0.0603511873593869
8707,-0.114320771462205
8708,0.0238652039610474
8709,-0.0843225768098167
8710,0.01894662778018
8711,-0.0448048997515802
8712,-0.0135608731203941
8713,-0.0867294229857134
8714,-0.0690662663028453
8715,-0.0534172109715397
8716,-0.122341116887866
8717,0.0169286804650882
8718,-0.0709730610545009
8719,0.0105806319913382
8720,-0.0694879319435622
8721,-0.0381037732837553
8722,-0.0539517247551018
8723,0.091221927557308
8724,-0.176737880778842
8725,-0.136625247068883
8726,-0.130058103978616
8727,-0.0190655091844131
8728,-0.125224766580812
8729,-0.105461171055178
8730,0.00344866404706378
8731,-0.0388787887480606
8732,0.00998881411068739
8733,-0.0148359438442652
8734,-0.138425684367293
8735,0.0519111304768995
8736,-0.143292143716904
8737,0.100120356537795
8738,0.0617192161745393
8739,0.00320316775375868
8740,-0.172600108973778
8741,0.0484320575415534
8742,-0.0593019312567157
8743,-0.0319510832660059
8744,0.0265370676084795
8745,-0.166342308345413
8746,-0.0509875716532279
8747,-0.0549337572205667
8748,0.00730994840057748
8749,-0.0924220824531221
8750,0.0949132787999432
8751,-0.000907628141677414
8752,0.0714151800304715
8753,-0.0163891714109863
8754,-0.0245722377952766
8755,-0.113019503153798
8756,-0.01957644839246
8757,-0.0431700319355329
8758,-0.0251759999787017
8759,-0.131959934491758
8760,-0.0875958731667642
8761,-0.0292215965738746
8762,0.0192186703651065
8763,0.0460932773741672
8764,-0.134143142480587
8765,-0.0907070912700131
8766,-0.109762410222551
8767,-0.0871766258026248
8768,0.0161716730536442
8769,-0.0044222478942976
8770,0.00925208399966043
8771,-0.0643532995166718
8772,0.0220488445728348
8773,-0.141365001113509
8774,-0.00888231704584305
8775,-0.141462871546959
8776,0.0611076972190797
8777,0.0156310205878389
8778,-0.0613740429509751
8779,-0.0999493994989838
8780,0.0477792759527807
8781,-0.0356573491623771
8782,-0.084545114776182
8783,-0.0523998859076478
8784,-0.119403071136161
8785,-0.0872966416915081
8786,-0.12854714936784
8787,-0.137505352942406
8788,0.114757200140197
8789,-0.0610808658052552
8790,-0.0933025725905196
8791,-0.136863778067683
8792,-0.0385078517101054
8793,0.0647871127016931
8794,-0.0985343068266915
8795,-0.0640935699704324
8796,-0.0542544291504494
8797,-0.0458456752777955
8798,-0.0841144715387177
8799,-0.0796644861059874
8800,-0.0208436437694464
8801,0.0471979608295791
8802,0.00129530083807588
8803,-0.0378928706945157
8804,-0.0321869751721601
8805,-0.0223367599627628
8806,0.0125406496641137
8807,-0.0353679838907682
8808,-0.142210901671589
8809,-0.145786387997338
8810,-0.079678743957294
8811,0.0663637552559301
8812,-0.0201942008913108
8813,-0.0991193185706051
8814,-0.17133730721582
8815,-0.173894126739578
8816,0.0648023211784535
8817,-0.132382350719707
8818,-0.000849008518760728
8819,-0.111972870929157
8820,-0.0831529522271375
8821,-0.0444442275142164
8822,0.128633445289946
8823,-0.102766659432251
8824,-0.14037968861148
8825,-0.0954306992413537
8826,-0.0768649168877193
8827,-0.0553066238030152
8828,-0.065595168531556
8829,0.0100408505084718
8830,-0.15581648659095
8831,-0.0468024866278845
8832,0.0370544545043697
8833,-0.00063848989550313
8834,-0.00358618357118722
8835,0.109794705875194
8836,0.0213562237496172
8837,0.00748453671815668
8838,0.0918653742192168
8839,-0.0858170986686241
8840,-0.0827892093415694
8841,0.0309643457926138
8842,0.0433680921530927
8843,0.00191981855071681
8844,-0.00915323059303867
8845,-0.0482916680505413
8846,-0.0937389578651955
8847,-0.0203195167579512
8848,-0.122987861483905
8849,-0.0928205096180641
8850,0.228976390203583
8851,0.00483938137064695
8852,-0.147334575919039
8853,-0.0543676293099832
8854,-0.0637414397820839
8855,-0.0693814589684163
8856,-0.0857439871706779
8857,0.0210397164799745
8858,-0.0413218594584604
8859,-0.0737710050450543
8860,-0.0762127512536376
8861,0.0728408220252033
8862,0.0332602025749683
8863,-0.171212728178374
8864,-0.00426511778505029
8865,0.0198540027308861
8866,-0.0873584697155885
8867,-0.130681091804292
8868,0.0265172740614355
8869,-0.106178224682903
8870,-0.0903710852033742
8871,-0.0377678257457783
8872,-0.0508256371622301
8873,-0.0396419636672221
8874,-0.0338324287576271
8875,-0.102309717159512
8876,-0.00628292158135809
8877,-0.124323806523318
8878,0.00967154820890681
8879,-0.0832309319428517
8880,-0.0857011647206445
8881,0.0283629195421939
8882,-0.0599986468116529
8883,0.0342239462008436
8884,-0.0747760269909486
8885,0.0163945999599412
8886,0.0785748778454304
8887,-0.0777227660921516
8888,-0.127374950103944
8889,-0.0870946058488902
8890,0.0766068276203071
8891,-0.0834885775912516
8892,-0.0759089017317872
8893,-0.0619878690529686
8894,-0.0659152618695529
8895,0.0321030699680476
8896,-0.141354267443196
8897,-0.067757877442595
8898,-0.0429445115980119
8899,-0.0147726945079021
8900,-0.0563465150782346
8901,-0.129863107593354
8902,-0.0799119336205352
8903,-0.0818456231638238
8904,0.0697182376647728
8905,-0.133561276894374
8906,-0.111919470217519
8907,-0.150581600976207
8908,-0.0667350417034872
8909,0.00362430877992851
8910,-0.0253084457256084
8911,-0.0667209439655404
8912,0.0212186180324879
8913,-0.00439656895785342
8914,-0.0732682916860518
8915,0.0880950765252306
8916,-0.0254769909801793
8917,-0.0310834755072495
8918,-0.0436570965788389
8919,-0.221808565940376
8920,-0.0934203045806316
8921,0.158231333244876
8922,-0.0636070497251803
8923,-0.0718197503144076
8924,0.0503049891936736
8925,-0.02797554705925
8926,-0.0788077460287277
8927,-0.0780514707676463
8928,-0.0825678601026715
8929,-0.011386340768269
8930,0.0469810056592025
8931,-0.144654837976596
8932,-0.115513865008698
8933,-0.10328165468015
8934,-0.192789383785879
8935,-0.0343290343666977
8936,-0.0157846009309489
8937,-0.0404784109671023
8938,-0.174090846642113
8939,-0.130389781751627
8940,-0.0437033252072019
8941,-0.00486746310692515
8942,-0.125372813640414
8943,-0.0175658972350113
8944,-0.0527900032227169
8945,-0.0936748296818429
8946,-0.061690329592276
8947,-0.00190305042099835
8948,-0.0955873435176709
8949,-0.0624436004957366
8950,0.00182409749651553
8951,0.0518743813705804
8952,-0.0287261178723176
8953,-0.0155263734464018
8954,0.0564215145528341
8955,0.0450629453018295
8956,-0.0444582447882337
8957,-0.019207565809778
8958,-0.054184193070788
8959,-0.108222005001913
8960,0.00234710964371304
8961,-0.105710359224134
8962,-0.086820587900186
8963,0.0315107710520482
8964,-0.0585061992917794
8965,-0.0675393852840924
8966,-0.146838156273697
8967,-0.128824662714658
8968,-0.0674040005339621
8969,-0.113868741251511
8970,-0.0288351850832441
8971,-0.0343799330716903
8972,0.0257876510581471
8973,0.220968154170275
8974,0.0819988740739438
8975,-0.137829991318042
8976,-0.0185317722043693
8977,-0.0929141815368453
8978,0.00624893477637288
8979,-0.126475550606696
8980,-0.068656655639983
8981,-0.0638505205783071
8982,0.0454125100686532
8983,-0.115299634331355
8984,-0.0814491561268869
8985,-0.0858183420424104
8986,-0.0178350710579198
8987,-0.0214542437090359
8988,-0.114037128359223
8989,0.0197440323308934
8990,-0.0916452052729498
8991,-0.0805746141688882
8992,-0.0971936398901036
8993,-0.0987799329184304
8994,0.0690549376280594
8995,-0.0839793983010143
8996,-0.00339415349610041
8997,-0.00300307181635687
8998,-0.059289921175848
8999,-0.123401713164726
9000,-0.153655690778254
9001,-0.102417952664078
9002,-0.100682084238446
9003,-0.169807677952893
9004,0.137218083923657
9005,0.0962075947878332
9006,0.174525657797475
9007,-0.161635715821682
9008,0.0412283942969863
9009,0.045577812709253
9010,-0.0212743929130955
9011,-0.0735838198023089
9012,-0.0467350225336489
9013,-0.0815826571342587
9014,0.0599115126086893
9015,0.0264251292695599
9016,0.0182909181173777
9017,-0.153026333248167
9018,0.0589777829042051
9019,-0.00378928809480615
9020,-0.00552305910966957
9021,-0.0887126300572095
9022,-0.118543810276245
9023,0.000341608287255005
9024,-0.0202115935930951
9025,-0.075157943786873
9026,-0.00724762499279468
9027,-0.05676702335186
9028,-0.0727867477639939
9029,0.0091089562937925
9030,-0.138136687432882
9031,-0.0796940465512632
9032,-0.0877437144206135
9033,-0.0744249753521115
9034,0.0240834151900772
9035,0.144700502523412
9036,-0.0412879612942846
9037,0.00257655328342352
9038,-0.0335330198077888
9039,-0.0624020971009674
9040,0.0124926013399112
9041,0.0776475939620844
9042,-0.0949309833400217
9043,-0.00581447309752639
9044,-0.00758501470692038
9045,-0.0172176336555932
9046,-0.0727840126676895
9047,0.0462963139064554
9048,-0.0361939743876383
9049,0.0656497697351804
9050,-0.0613589888580426
9051,-0.123375707258686
9052,0.00807917877312127
9053,-0.051626683768768
9054,-0.0909270926462998
9055,-0.0203285160632135
9056,-0.0122444869799615
9057,0.00637516982619395
9058,0.049957773482008
9059,-0.0406442954804594
9060,-0.146280313149122
9061,-0.0983679150821739
9062,-0.144193655989011
9063,0.0634410043952284
9064,-0.0348281812523904
9065,-0.0695850145079664
9066,-0.0674585382299684
9067,0.0475986610236984
9068,-0.0633571915570638
9069,-0.0214194633355573
9070,-0.160990218628806
9071,-0.0768862070734494
9072,0.128849818132939
9073,-0.0389215092639951
9074,-0.0476909722412515
9075,-0.0215741103341239
9076,-0.00490409275611139
9077,0.021838262500489
9078,0.022263047101344
9079,0.056935611541152
9080,-0.0798655136210297
9081,-0.106649431026925
9082,0.0762005347938869
9083,-0.166108770586864
9084,-0.0645457024432554
9085,-0.0483044041610759
9086,-0.135601395319832
9087,-0.0815953420685139
9088,-0.146320297968804
9089,0.0279614255546756
9090,-0.00586148127705464
9091,0.137850769042749
9092,-0.0493865872357122
9093,-0.00788669988129978
9094,-0.0615451893525429
9095,-0.207890302218993
9096,-0.100840687752827
9097,-0.0471487640604321
9098,-0.024947972204155
9099,-0.0136355758530142
9100,-0.0743221423463947
9101,-0.0280802610732764
9102,-0.0621639540735544
9103,-0.101265636145009
9104,0.0473012618153257
9105,-0.103733314255646
9106,-0.12802299798993
9107,0.022311582797391
9108,-0.0159806299668894
9109,0.00417622016921886
9110,-0.0426074799571098
9111,-0.128637379159389
9112,-0.00582259887194192
9113,-0.0372622304011581
9114,0.00822021625474119
9115,-0.0120274288221815
9116,-0.00130338245253521
9117,-0.135465472185233
9118,0.0439185645901621
9119,-0.158546617169285
9120,-0.00856880083896994
9121,-0.0597635329981085
9122,0.0185023057757123
9123,-0.0839302465758598
9124,-0.0281120943757725
9125,-0.0504213693847688
9126,0.11306262221999
9127,-0.0387464902107068
9128,-0.0118454647486499
9129,-0.124939932218506
9130,-0.0195605280585632
9131,0.125217700679414
9132,0.0118866745673153
9133,0.0734446883803574
9134,-0.152068887166222
9135,0.0373110109984867
9136,-0.0436217140094144
9137,-0.111335166457007
9138,-0.022087415212743
9139,-0.000673160483724972
9140,0.0787814277856225
9141,-0.103920712534788
9142,-0.0487666008978308
9143,0.0833403456420209
9144,0.0273118644555231
9145,-0.0440003303790668
9146,0.00737691655564542
9147,-0.0692647752449044
9148,-0.0173644327162682
9149,-0.0327218872719662
9150,0.0311798940496489
9151,-0.14689204817376
9152,-0.0657576690631219
9153,-0.144687376489934
9154,0.00184868878136141
9155,-0.0414779720325608
9156,0.041206271810267
9157,-0.114608145095631
9158,-0.0442505656304381
9159,-0.121117638966187
9160,-0.0564704218550161
9161,-0.054656257922262
9162,-0.0878561001703438
9163,0.0206960443223578
9164,-0.0118611448208644
9165,-0.069221929146355
9166,-0.12369122140862
9167,-0.0990627289485919
9168,0.0152948931883986
9169,0.0975832309845631
9170,0.0512997911875108
9171,-0.108987161734863
9172,-0.126357364286602
9173,-0.105535052500906
9174,-0.0118095347104463
9175,-0.00375281412644775
9176,-0.0219921645992661
9177,-0.0469739679038759
9178,0.0255314814200041
9179,-0.0828137121362772
9180,0.0205780958902434
9181,-0.114693155614011
9182,-0.0733212304929528
9183,0.00135502071838414
9184,0.00376456015314106
9185,-0.151209018423602
9186,0.0135010816168043
9187,-0.10111298927571
9188,-0.109309766931532
9189,-0.0356053488148161
9190,-0.073649925637965
9191,-0.110897377332287
9192,-0.120379927344814
9193,-0.128388381681404
9194,-0.0202307479419083
9195,-0.0105532851024762
9196,0.0143735958305028
9197,0.061290367232393
9198,0.0957012260355817
9199,-0.104469856393204
9200,-0.149732288783075
9201,-0.0409955507022556
9202,-0.103272108308824
9203,-0.0433502176612224
9204,0.0270002210928513
9205,-0.034179199005383
9206,0.0785304528402009
9207,-0.101106588121641
9208,-0.0191865783997915
9209,-0.138649977047471
9210,-0.082665775601522
9211,-0.0934848038867223
9212,-0.017698217504755
9213,-0.0534529451426793
9214,0.0554768518831542
9215,-0.0591532162704191
9216,0.0329248800310073
9217,-0.00401045600908533
9218,-0.107785759939945
9219,0.133423898017102
9220,-0.0813529518777994
9221,-0.0252936792213969
9222,-0.106761348420172
9223,-0.0245585234127379
9224,-0.0856977624071239
9225,-0.00443242959549539
9226,0.000797400275362616
9227,0.0187783171443518
9228,0.0463567351805191
9229,-0.117751360582334
9230,-0.188802739323269
9231,-0.108974150190738
9232,-0.0771665322750848
9233,-0.00344377068215765
9234,0.111062873714153
9235,0.0235209751745405
9236,-0.0807456139866414
9237,0.0598901343034858
9238,-0.119966551334304
9239,-0.0608058562461605
9240,-0.0215297017155455
9241,-0.0392351361883708
9242,-0.0559964475615177
9243,0.00939902026833524
9244,-0.0615569596031082
9245,-0.0988276056997018
9246,0.0185620223970674
9247,-0.0393050963902328
9248,-0.095780357118246
9249,-0.0955129225445523
9250,-0.0493443339047809
9251,-0.0804935350364768
9252,-0.0165968363347077
9253,-0.138889494376695
9254,-0.180582011107911
9255,-0.0443869717023211
9256,-0.0716845952875832
9257,0.19763279852321
9258,0.0648373102612431
9259,0.0432093063555229
9260,0.0236390500794041
9261,0.0210795727092178
9262,0.0137899609554324
9263,-0.0775932546823601
9264,-0.0200789644078801
9265,0.0185461937760816
9266,-0.00108356342438424
9267,0.0966335391099285
9268,-0.0413183046701121
9269,-0.0926479906111221
9270,0.00255489890446094
9271,-0.0374718952370949
9272,-0.0448464546922799
9273,-0.0459179693191144
9274,-0.0616981627767196
9275,-0.0837145520853342
9276,0.0100002916927851
9277,-0.0103177767365415
9278,-0.0698205778596877
9279,-0.00406836778603521
9280,-0.114715133030287
9281,-0.130465599609791
9282,0.0576951862322422
9283,0.00663783883402301
9284,-0.0372425977672489
9285,-0.0466331287747611
9286,-0.0348432614710026
9287,0.0149938792389865
9288,0.00354340733906071
9289,-0.115306229598459
9290,-0.0849709383314052
9291,-0.100711364382563
9292,-0.123134192593711
9293,-0.151825692548553
9294,-0.108415868425295
9295,-0.084195561076295
9296,-0.0120291562237487
9297,-0.110702103141395
9298,-0.0813374821837248
9299,-0.034067431565381
9300,0.0267598469109059
9301,-0.0989561723155521
9302,0.0121334843944217
9303,-0.0755831607199071
9304,-0.0840992029330349
9305,-0.0273917994884364
9306,0.0723840100024594
9307,-0.0481121300154974
9308,-0.0853672068698838
9309,-0.178836373876813
9310,-0.0200667186045772
9311,-0.0463681409353256
9312,-0.0121439496100352
9313,-0.0110347437007103
9314,-0.0741186283664899
9315,-0.138525355630937
9316,-0.0665749213408858
9317,-0.0910692118220656
9318,-0.109662249184917
9319,-0.0620710261870196
9320,-0.126414808282082
9321,0.000157340488219049
9322,-0.0620759342471488
9323,-0.141651756524945
9324,-0.0268029886798271
9325,-0.012311037779828
9326,-0.0630023498871966
9327,0.00100762483805072
9328,0.0135122852649865
9329,-0.0240973282974238
9330,0.0074185743147515
9331,-0.191766939813767
9332,-0.00317441547056654
9333,-0.171426467804004
9334,0.0174169675717607
9335,-0.037632313293716
9336,-0.0896778773205628
9337,-0.0732786734991572
9338,-0.147095070000618
9339,-0.0882646408477568
9340,-0.0078784158936247
9341,-0.117176557357938
9342,-0.0331964330210786
9343,-0.0392614242419295
9344,-0.232774168447485
9345,-0.0481623356139506
9346,-0.0562329464056322
9347,-0.187740028712064
9348,0.0534256516305115
9349,-0.060136657003298
9350,-0.022831517490546
9351,-0.0827221456668413
9352,0.0364296115902992
9353,0.134603395209542
9354,-0.027096210697326
9355,-0.100936931392747
9356,-0.117274341944659
9357,-0.112896618668187
9358,-0.016039070266029
9359,-0.0463501454316455
9360,-0.147197526722796
9361,-0.0335549543512751
9362,0.0203687299977737
9363,0.0517250211671104
9364,-0.0711363948378801
9365,-0.000949233208101646
9366,-0.102792102920638
9367,-0.0281886312913349
9368,-0.138643948205661
9369,-0.134136396239619
9370,-0.0822802767659702
9371,-0.0379890252246813
9372,-0.122774277772323
9373,-0.0178724217320042
9374,-0.0973128297758812
9375,-0.0643849211412893
9376,-0.0186699260789771
9377,-0.0577306515894227
9378,-0.0533857567647546
9379,-0.0796283602880519
9380,-0.116602121053653
9381,-0.105359881435136
9382,-0.0164491308557845
9383,-0.0519796808556035
9384,0.098007408999091
9385,-0.0192897095814588
9386,-0.0247507315473459
9387,-0.0646601485315161
9388,-0.0476942009786989
9389,-0.00589151763155927
9390,0.0192837090283097
9391,-0.157500925670599
9392,0.00331312932415015
9393,-0.00115663189888828
9394,-0.055077250892305
9395,-0.0162288901325319
9396,-0.0045880170384659
9397,-0.0823164762473195
9398,-0.0507948139828571
9399,-0.055221093132472
9400,-0.115709006973345
9401,-0.0287323148877828
9402,-0.122223607197797
9403,-0.0797081811926541
9404,-0.0141019627240346
9405,-0.0857474456846316
9406,-0.180266904016239
9407,-0.127955845644238
9408,-0.120573674182096
9409,-0.160526378975729
9410,0.00264357209082884
9411,-0.168461919761413
9412,-0.0949743704782001
9413,-0.0854067191316504
9414,-0.0700167394663657
9415,-0.000672275929600456
9416,-0.0764626167415671
9417,-0.0712214275074739
9418,-0.148794135523974
9419,0.0126918219341572
9420,-0.152929579690303
9421,-0.0267064172443066
9422,-0.181562151575566
9423,-0.0676865576303503
9424,-0.0831180636667739
9425,-0.0310045136669472
9426,-0.066077900624244
9427,-0.00818737659520713
9428,-0.00604072869016914
9429,-0.0614862593905083
9430,-0.11094828396965
9431,-0.0411414101279825
9432,-0.0974816015257044
9433,-0.0636866107482982
9434,-0.0852678555012493
9435,0.0263759180655019
9436,-0.159196012707231
9437,-0.145264457309962
9438,0.0391476987045412
9439,-0.030256643671893
9440,-0.00598479802621164
9441,-0.10550329738601
9442,-0.0296391551957807
9443,-0.0172098180671338
9444,0.0558377440846495
9445,-0.126402529495157
9446,0.0766183420527417
9447,0.00449015432579353
9448,-0.0759213713339616
9449,-0.0306798798654071
9450,-0.0751577057111104
9451,-0.0785843217860302
9452,0.00256133713303123
9453,-0.0182956638160531
9454,-0.0325266571468006
9455,0.0251788969722504
9456,-0.0789184928187972
9457,-0.0647478010088984
9458,0.0193998933545458
9459,-0.00906592024669696
9460,0.0869851483565531
9461,-0.105142999032695
9462,-0.0937691065334389
9463,0.0105345240993283
9464,-0.0217976884244957
9465,0.0530802258209357
9466,0.0403422665899815
9467,-0.094313214958439
9468,-0.0577409438488297
9469,-0.062494581276469
9470,-0.161143401638902
9471,-0.0412762861711641
9472,0.0110861752403054
9473,-0.0447490194177461
9474,-0.0391855429401156
9475,-0.00766795176493611
9476,-0.0429838571243296
9477,-0.0461099767065375
9478,0.0331549809898716
9479,0.0861539135450369
9480,-0.0184679503619682
9481,-0.110375499118521
9482,-0.107859860236192
9483,-0.0958248253693065
9484,0.0622230003770668
9485,-0.126345838158225
9486,0.068546875742735
9487,-0.031452234204259
9488,-0.0429807794121461
9489,-0.106013499031858
9490,-0.171867886771135
9491,-0.0585785078770877
9492,-0.121687814080938
9493,0.00344860687003211
9494,-0.0135765295195632
9495,0.111854986619338
9496,0.0117711582527262
9497,-0.0447856981225881
9498,-0.0262065442843544
9499,-0.0510018164037206
9500,0.0832599589244663
9501,-0.0983122798300484
9502,-0.0669296998793905
9503,-0.0256346048928141
9504,0.0970348415318878
9505,-0.028272858393633
9506,-0.120728356732057
9507,-0.0322497562840869
9508,0.0316319316124595
9509,0.0226957264720911
9510,-0.0646217406015934
9511,-0.0960095549104782
9512,0.0477710263026809
9513,-0.144743170649159
9514,-0.00518361230647606
9515,-0.0972152766610886
9516,-0.071541190795304
9517,-0.0409884997146215
9518,0.0267327843884881
9519,-0.228973742489452
9520,0.0118783761132906
9521,-0.128091389923164
9522,0.0387559716186007
9523,0.0277471231882775
9524,-0.26060457787513
9525,0.0131863122218456
9526,-0.107507973126122
9527,-0.140698950587898
9528,-0.0181206676227427
9529,-0.195071788399776
9530,0.120517881418676
9531,-0.138650023604721
9532,-0.0550185241419634
9533,-0.106199921000756
9534,0.099685235042376
9535,0.0451652744473759
9536,-0.143095091431144
9537,-0.121046345815273
9538,-0.130136699453869
9539,-0.0251142581358082
9540,-0.0732418349612937
9541,0.00844024736624323
9542,-0.0452460013192595
9543,0.0745658020748163
9544,0.0276091898560952
9545,-0.0934343875330885
9546,0.0447047124458877
9547,-0.049775939292074
9548,-0.0848822422084768
9549,-0.0808585456038352
9550,-0.124637836335505
9551,-0.0932436638114866
9552,0.123847909365586
9553,-0.0953910907075531
9554,-0.122387210841827
9555,-0.118440828735659
9556,-0.0200915425734551
9557,-0.0251347090429207
9558,-0.101847112264154
9559,-0.139607219361598
9560,-0.0630941502075301
9561,-0.0875996973409565
9562,-0.0883795539158103
9563,-0.0655352352399964
9564,-0.0405323824514784
9565,0.0336205736697023
9566,-0.109793799363219
9567,0.00292572605401458
9568,-0.0693733619016694
9569,-0.0603643276988599
9570,0.0863906428043071
9571,-0.072796058467217
9572,-0.0814449527071464
9573,0.00437312665055043
9574,-0.0668112108354401
9575,-0.100707972369865
9576,0.0288663456666344
9577,-0.012101584733451
9578,-0.0951846751237993
9579,-0.051108563568538
9580,-0.138330086985836
9581,0.00138728389142113
9582,0.0411056090502155
9583,-0.0690459393952167
9584,0.0137052047145981
9585,-0.0961888280935579
9586,-0.0123896075153472
9587,-0.0875849291500305
9588,-0.0961234588935916
9589,-0.0441482692753942
9590,-0.203350804636833
9591,-0.142403803060135
9592,0.115690117888621
9593,-0.113816072438503
9594,-0.131279787121464
9595,-0.021153293782232
9596,-0.0366675029913157
9597,-0.0634534875569498
9598,-0.0612925145647421
9599,-0.0528808630836552
9600,-0.0449734850817919
9601,0.0248009116171155
9602,0.0208242186123297
9603,0.0398955163603825
9604,-0.00284255683457598
9605,-0.111346897828972
9606,-0.0729317015367216
9607,0.0488246680764842
9608,-0.0832268689264428
9609,0.0470750298599635
9610,-0.192010632478146
9611,-0.0603377457313977
9612,-0.0406069080288717
9613,-0.0842635738912074
9614,0.118289025205643
9615,-0.0868394965730198
9616,0.0145308172699918
9617,0.0664657754685214
9618,-0.0981378503006568
9619,-0.0432018732478471
9620,-0.12771666947707
9621,-0.00829220467380636
9622,-0.177715576169644
9623,-0.0693815219711804
9624,-0.057508989946384
9625,-0.00346133796315684
9626,-0.128971164459818
9627,-0.00558964816873077
9628,-0.0914185189903719
9629,-0.0260773182225937
9630,-0.0542368805679081
9631,-0.0412230787101914
9632,-0.122004573278043
9633,-0.0565453384621047
9634,-0.0626183095150141
9635,-0.0873750675640454
9636,-0.0841583743790979
9637,0.0382685781775918
9638,-0.124732600436036
9639,-0.0608802366682306
9640,0.0899650896982895
9641,-0.107825922822964
9642,-0.0780862848019118
9643,-0.0622570851523546
9644,-0.0962515779501374
9645,-0.0602072461597478
9646,-0.000446071278545969
9647,-0.132699343209012
9648,-0.0212367784849555
9649,-0.0155188268519049
9650,-0.0669816164096662
9651,-0.0903976408153904
9652,-0.110050381812199
9653,-0.0768807540637517
9654,-0.0721373774619371
9655,-0.0380496663565275
9656,-0.0647253516269557
9657,-0.0520842667378026
9658,-0.0763258356945331
9659,-0.0545155591020042
9660,-0.0372721542690473
9661,0.105446989914629
9662,-0.0690203527801582
9663,0.0770487130450296
9664,-0.0251590893413411
9665,-0.145056511658815
9666,-0.0570379427655097
9667,0.00086942582361856
9668,-0.0402668246340999
9669,-0.142816699968174
9670,0.0534783174654588
9671,-0.107056398432973
9672,-0.00876026598135908
9673,-0.236020980225983
9674,-0.117753508457476
9675,-0.0442929144987604
9676,-0.101103268000247
9677,0.0216985944154289
9678,-0.0383943912717813
9679,-0.0287926172065531
9680,0.0139004675573814
9681,-0.191305830876356
9682,-0.114600759651472
9683,0.031463802944931
9684,-0.138749656678853
9685,-0.0989286224055996
9686,-0.0849050785721401
9687,-0.112882659869536
9688,-0.0420928746163453
9689,0.0559811493904331
9690,0.0328107462688029
9691,0.0965739970919949
9692,-0.00611777080398044
9693,-0.0181293322744936
9694,-0.151522606568356
9695,0.123070145322567
9696,-0.0241094925644064
9697,-0.0449596291658752
9698,-0.0941242279109381
9699,-0.00098672592879518
9700,0.0330383518792461
9701,-0.00428883597817469
9702,0.0519943113069522
9703,-0.0762999226907888
9704,-0.0930576123111618
9705,-0.0448859912810943
9706,0.124037530809033
9707,-0.0501784024921455
9708,-0.0354403223639058
9709,-0.128112029374613
9710,-0.0783574765624807
9711,-0.031087361522327
9712,-0.0782304408627637
9713,-0.10643552384522
9714,0.0766260141900274
9715,-0.0969613125190423
9716,-0.016961743987607
9717,-0.0647903403948257
9718,-0.0930109179270629
9719,-0.078313869778598
9720,-0.140210539880401
9721,-0.102773194977328
9722,0.0630314118828272
9723,-0.107508529848971
9724,-0.104689715075638
9725,-0.0326424236144049
9726,0.0484674935394935
9727,-0.0246236825829003
9728,-0.0707697973417275
9729,-0.213751542173202
9730,-0.0442569428995244
9731,0.19698667420659
9732,0.0170959693256591
9733,0.00238606042416582
9734,-0.0236598616071433
9735,-0.0726568618849485
9736,-0.0518734220368197
9737,-0.0141536421401642
9738,-0.00247082922400396
9739,-0.0646420925540364
9740,-0.222215160648775
9741,-0.0446892266388413
9742,0.0241666893681662
9743,-0.0760458998709849
9744,-0.0664511894962027
9745,0.032086644206436
9746,-0.0726941691714372
9747,-0.0736135919013718
9748,0.00111262205708082
9749,0.0784771189956076
9750,0.00541805561448539
9751,-0.0268672498833189
9752,-0.126121479485075
9753,-0.0372674366556687
9754,-0.115328925997114
9755,0.0671652429511348
9756,0.00892821348520861
9757,0.0638326576867241
9758,-0.0333549434285767
9759,-0.0964397586255016
9760,-0.0355616599191485
9761,0.107153226399278
9762,-0.09555616027101
9763,-0.0520296833876734
9764,0.0196929967793105
9765,-0.00160469452198573
9766,-0.0445489909341596
9767,-0.0834136921375138
9768,-0.01124268415196
9769,-0.105006772212032
9770,-0.00939170611118339
9771,-0.107607791124665
9772,-0.00894504178698243
9773,0.0034638755193005
9774,-0.027306827807468
9775,-0.0329571150145604
9776,-0.102172199905948
9777,-0.0584338826868212
9778,-0.0664320139882552
9779,-0.0279106649906943
9780,0.0702556345597281
9781,-0.146842290777254
9782,-0.0221118447285915
9783,-0.00802921031248312
9784,-0.0387289102021234
9785,-0.0740548032727778
9786,-0.115773232030388
9787,-0.0544395165102377
9788,0.00202323520807842
9789,-0.0822130337549118
9790,0.000469273372830324
9791,-0.134419381248254
9792,-0.135679878483025
9793,-0.0786638402570568
9794,0.0397985183373612
9795,-0.0676517379292069
9796,0.0476881072090407
9797,0.01179568212716
9798,0.0440608536930025
9799,0.0189265299201418
9800,-0.0400519759540915
9801,-0.107373020752175
9802,0.00082569005878698
9803,-0.0985418853352497
9804,-0.0150920796563149
9805,0.0674346990951958
9806,-0.0961713271220102
9807,-0.00403338014298076
9808,-0.132133552834126
9809,-0.0709624873521896
9810,-0.022406743736587
9811,-0.0449930137690343
9812,-0.040458803316112
9813,0.0113114298672959
9814,0.0812762045512043
9815,-0.0821415728296181
9816,-0.213916379160734
9817,-0.0556709005023528
9818,-0.0632784558398628
9819,-0.0989537971232104
9820,-0.0382227225806141
9821,-0.109454703908602
9822,0.02944533551231
9823,-0.028489789774683
9824,-0.0347547399022762
9825,-0.0579272403702933
9826,-0.0662098241714705
9827,-0.0546121801161316
9828,-0.0731402767695991
9829,-0.0489390311928295
9830,-0.162107620739402
9831,-0.121324715691632
9832,-0.0427584204798128
9833,-0.0510911077189592
9834,0.0265332886537153
9835,-0.0176205683557513
9836,-0.0908667587157793
9837,0.0162664276289516
9838,-0.114409322442008
9839,0.116289082783121
9840,-0.0500896812641263
9841,-0.0751396932819969
9842,0.0460982849588955
9843,-0.0960152246671056
9844,-0.0891878112533448
9845,-0.0466260360397302
9846,0.0499124633887393
9847,0.040698591605709
9848,0.0183248554661305
9849,-0.100048867240903
9850,-0.0248652225136353
9851,-0.0319427604277864
9852,-0.0913434600858689
9853,-0.200719578061392
9854,-0.0749255282399346
9855,-0.0107479272618557
9856,-0.159873293089344
9857,-0.119015603365168
9858,-0.0116284795946805
9859,-0.0156438551440409
9860,-0.109021944229181
9861,-0.0625263715246684
9862,0.144474711236309
9863,-0.018492003091521
9864,0.044775231876421
9865,-0.0489777733336957
9866,-0.184707403125949
9867,0.0916465341869609
9868,-0.0462964713675735
9869,-0.0696359914607231
9870,0.147328066686746
9871,-0.184236742296842
9872,-0.225692105791818
9873,-0.14981190525828
9874,-0.0551284637184491
9875,-0.0142264174039993
9876,-0.0299533123052376
9877,-0.0722724281899713
9878,-0.0207205550109139
9879,-0.103373557848558
9880,-0.00795673763527761
9881,0.0853414197891665
9882,0.0620375606758251
9883,-0.0978283895245598
9884,-0.0368594483036108
9885,0.0109145915184906
9886,-0.072225210675647
9887,-0.128745173075929
9888,-0.0435975828679403
9889,-0.154270333911923
9890,-0.0932920108465346
9891,-0.0716061302741831
9892,0.0400206557508561
9893,-0.0275537296708384
9894,-0.0270342166112665
9895,-0.00939894929378657
9896,-0.0553244834631146
9897,-0.0537232998510115
9898,-0.046836270565732
9899,-0.0640171900981901
9900,-0.125252607647373
9901,-0.0199086294219309
9902,0.0286721642387503
9903,-0.148288171973797
9904,-0.0229355542197656
9905,-0.0290245022228749
9906,0.0430418521157146
9907,-0.0617224632002898
9908,-0.141727884825705
9909,-0.0456286811874041
9910,-0.0558221573443491
9911,-0.199584387846888
9912,-0.0372728780847976
9913,-0.132637115650822
9914,0.0420736426345259
9915,-0.0929461330106125
9916,-0.0776686020355331
9917,0.0115452705399551
9918,-0.0120170473547817
9919,0.0773193120009595
9920,-0.0511457082290232
9921,-0.0149849572552028
9922,0.00820624996611864
9923,-0.0722535646762621
9924,0.0456750483792418
9925,-0.0736141846571
9926,-0.0717011844138896
9927,-0.142650631002978
9928,-0.216180916232255
9929,-0.0583307384143658
9930,-0.145179027051534
9931,-0.0751582806912372
9932,0.0435697832893544
9933,0.201151840713536
9934,0.00183918304961122
9935,0.0178783278788118
9936,0.125701480363628
9937,0.0199089292054885
9938,-0.0892258052815581
9939,-0.0749440673236338
9940,-0.0688423004922864
9941,-0.0272449611276415
9942,-0.0652409569573092
9943,0.0361764440968376
9944,-0.0899041424990291
9945,0.0407615285417498
9946,-0.070126623657231
9947,-0.0292748558309833
9948,-0.0101334312126933
9949,-0.092625710396284
9950,-0.0628620618994273
9951,-0.0665463203676599
9952,-0.122476983919121
9953,0.0172843345067669
9954,-0.063663027989353
9955,-0.0348594397463842
9956,-0.0323495363779184
9957,-0.0445462339094524
9958,-0.0840930264994494
9959,-0.0282523586914467
9960,0.015459688946091
9961,0.0316708277427819
9962,-0.0988130259237039
9963,-0.164268023694931
9964,-0.0472472500043662
9965,-0.0517136240305531
9966,-0.0166795901258787
9967,0.0149353865512911
9968,-0.0566553677379415
9969,0.122590456543834
9970,0.00227443916649096
9971,-0.204661575898032
9972,-0.0857556743508017
9973,-0.123249615224258
9974,-0.0631841917723663
9975,-0.0485334366520924
9976,-0.0522829648098
9977,-0.0394886266672715
9978,-0.0379827929324159
9979,-0.0316388855044724
9980,-0.0587215125219418
9981,-0.123854520600003
9982,-0.169662157913447
9983,-0.0719419014333944
9984,-0.0420948421896253
9985,-0.0337452107974737
9986,0.0528149107686941
9987,-0.072948926838457
9988,-0.0312727116850012
9989,0.0237663649713925
9990,-0.11772864104133
9991,0.135243357109485
9992,-0.0304579364814807
9993,-0.134303922323687
9994,-0.0729323713232068
9995,-0.0355447083460116
9996,-0.0647671192987115
9997,-0.10944304235871
9998,0.0144733044850117
9999,-0.171285193245979
10000,-0.0702365341085721
