"Ziehung","b1_stern"
1,0.0026406930719886
2,0.0276748435875129
3,-0.0585067921321444
4,-0.0776729254010781
5,0.00857196899729734
6,0.00446447023961133
7,-0.041494985018945
8,0.0206846912795395
9,-0.0344189793651721
10,0.0403988357129244
11,-0.00209771340501315
12,-0.0100777070634528
13,0.00902380431666977
14,-0.0410580979505892
15,-0.0175594212158037
16,0.0235841792525627
17,0.0026656889262588
18,-0.084583568102703
19,-0.0278722760787123
20,-0.0481128789071065
21,-0.023214394273939
22,-0.0168308875792462
23,0.020993380563407
24,-0.0447442672313623
25,-0.0321546909213696
26,-0.0840856495264725
27,0.0296157403824567
28,-0.0200984278362239
29,-0.00639762898068661
30,-0.118996646431069
31,-0.0403940343367825
32,-0.0180901594387655
33,-0.0727226128459103
34,0.00318899625946145
35,-0.0069266961747182
36,-0.0158400597852758
37,-0.0456785809626507
38,-0.0158711042278714
39,-0.0293805390469084
40,0.0604518747933537
41,-0.0833732093873081
42,-0.0242506863724686
43,0.0310449033180106
44,-0.0285462644518477
45,0.00112722394296499
46,0.0260856219754827
47,-0.0175136664250624
48,-0.00872086402765174
49,0.0113369782659029
50,-0.0137608311281348
51,-0.00204629883190757
52,-0.0890603290295191
53,-0.0756201981045204
54,-0.0232975480182385
55,0.00661006297561282
56,-0.103452234217002
57,-0.0408401529697521
58,-0.0505349169690125
59,-0.0216742551909313
60,-0.0488331218285335
61,0.049776464812153
62,-0.0796727220357731
63,-0.0268087695763169
64,-0.0156181556171848
65,-0.0448179301468857
66,0.0467659648245639
67,0.0252900488669226
68,-0.0288121730112477
69,-0.0495600784258958
70,0.0291525115677129
71,-0.0367571600415808
72,-0.0731063642865418
73,-0.0270392611119036
74,0.0362005532786222
75,-0.0734854201478472
76,-0.0842089810551006
77,-0.00601935960836863
78,0.0188975029245096
79,0.0294797015140157
80,0.00747517126135415
81,-0.0571551851220041
82,-0.0342860479754998
83,-0.0451207525542643
84,-0.00177287924897961
85,-0.0935671376861851
86,-0.0684059272099307
87,-0.051890024587498
88,0.0394478467150592
89,-0.021993462232253
90,-0.0261270609104597
91,-0.0316393314626303
92,-0.0380413070080712
93,-0.00382654343675021
94,-0.0101250855610274
95,-0.0471758744539088
96,-0.0119721190202267
97,0.0147722171313229
98,-0.0340131758350858
99,-0.0577358490951385
100,-0.0827650366567086
101,-0.0795826536237813
102,-0.0714056213646169
103,0.0103864542957244
104,-0.031928961742457
105,0.0397225509382303
106,-0.058944828040843
107,-0.016241238890333
108,0.00920377887549624
109,-0.0109141493111313
110,-0.0431407288336021
111,-0.0684717961436493
112,-0.0110258792183615
113,0.0285819901716053
114,-0.00113351923451282
115,0.00562462667506669
116,0.0387414397003461
117,-0.0187921711988106
118,-0.0348814076279599
119,-0.025161535721403
120,0.00501062542595316
121,-0.036789875893629
122,0.0107624120180682
123,0.0145691029052856
124,-0.0033980277424094
125,0.0123907599828052
126,-0.0300126610592759
127,-0.000714913048290338
128,-0.000642341974473891
129,-0.0334329634951581
130,-0.000369927648490115
131,0.0208365587945358
132,-0.00832833815944456
133,-0.0609337442623875
134,-0.0484774334928807
135,-0.0124021951447078
136,-0.00610550581143028
137,0.00985070895757755
138,0.0253948622064423
139,0.0158597763310468
140,0.00852043897213209
141,-0.0843229150779617
142,-0.0335703996488508
143,0.0423869885335319
144,-0.0309238392946807
145,-0.0118174195531945
146,-0.0728952054043547
147,0.000940086209775135
148,-0.000600532450962396
149,-0.0289896967616782
150,0.00121740388588316
151,0.0381676104621012
152,-0.0432689164811157
153,-0.0344532088895196
154,-0.0113076402271111
155,-0.0363948059119864
156,-0.0305097333227657
157,-0.0759482363454975
158,-0.0456881070917682
159,-0.034019286852503
160,-0.0968983085599116
161,-0.00449974496535547
162,-0.0253946737716191
163,0.0152989489123892
164,-0.00400140300950499
165,-0.0104132256677108
166,-0.087203348494623
167,0.0623962660429861
168,-0.0165465590057548
169,-0.0172193177244692
170,0.00761406116192116
171,0.0988729901423708
172,0.0311196460309784
173,0.0576656833092575
174,-0.0663050589393962
175,-0.00538053655875225
176,-0.0360234463460379
177,0.00877508723435555
178,-0.0190470297660532
179,0.0233321842620921
180,-0.0631445233244839
181,-0.0239426907276323
182,-0.0118334921303395
183,-0.000120822327417382
184,-0.107951089595308
185,-0.0820215804524532
186,0.0173808661585399
187,-0.0805848858197896
188,-0.00800438676959713
189,-0.062864845862348
190,-0.059545990486871
191,-0.0328739972073968
192,-0.0104124983100179
193,-0.0489679571950431
194,-0.0355809034115404
195,-0.033188150477739
196,-0.0147753455565119
197,-0.0774815351021459
198,-0.0130521199221478
199,0.0240012100543935
200,-0.02234800096848
201,-0.0691693697409506
202,-0.0613564136663576
203,-0.0363452840921335
204,-0.0456179034882989
205,-0.0629781828814836
206,-0.0423013167493691
207,0.000166318958827053
208,0.00766778614194638
209,-0.0198144280578709
210,-0.00059225797541192
211,0.0148418633399094
212,-0.0117437804662291
213,-0.0261457855040496
214,-0.0330483096953739
215,-0.00438001715991268
216,-0.0307932909469059
217,0.0211444735722827
218,-0.00165255834716416
219,-0.0635221196624518
220,-0.0154301594775037
221,-0.0504352854668558
222,0.0257658962187338
223,-0.104578240127207
224,0.000333649999016593
225,0.0380509638568681
226,0.00865110691082336
227,-0.184177845738851
228,-0.0559904747543711
229,0.00855735257051446
230,0.00827398214076868
231,0.0735564417634179
232,-0.027405642512912
233,-0.0339681209924754
234,-0.0265611941471487
235,-0.0351272940039261
236,-0.0530725408815824
237,-0.000839645868310333
238,-0.0545178971465907
239,0.0140285833863302
240,-0.0278332856829807
241,0.00800595308731395
242,-0.0616633540139522
243,0.0286183570507555
244,0.010954304036135
245,-0.0486256490924844
246,-0.0643463350213873
247,0.004721365819987
248,0.068563764633785
249,-0.0620572768108537
250,-0.0103058792715567
251,0.00914075726207444
252,-0.0238180273783274
253,0.0130583570393744
254,-0.0491747906734617
255,0.0115196539064724
256,0.00252685908735494
257,0.00535368406487074
258,-0.0201946926330675
259,0.0113449821764297
260,0.0368787297875902
261,-0.00996363087916278
262,-0.026649573133131
263,-0.0195974115127665
264,-0.0263361292672932
265,-0.0882625778158375
266,-0.000366961736741524
267,-0.0619058753365446
268,0.00561931730112135
269,-0.0137862742517514
270,-0.0468381647912951
271,-0.00778136380132716
272,-0.049781844159528
273,-0.105758993146758
274,-0.0419868351001157
275,-0.0182466717387813
276,0.0520038569268842
277,-0.028251404664006
278,0.0622562637880914
279,-0.0493890058536883
280,-0.0183636602884068
281,-0.0693659959751308
282,-0.0617286196548485
283,-0.058252015914766
284,0.0132707284213443
285,0.0106774314446451
286,0.0665587963105133
287,-0.0122401854648268
288,0.0106030388334635
289,-0.0273486334362786
290,-0.02373756822888
291,-0.00091048243285232
292,0.0131899061097118
293,-0.0308767681942614
294,0.0378857137915379
295,-0.0878221464378418
296,-0.0206507295105689
297,-0.0217498822899227
298,-0.016631719985554
299,-0.00246935319261673
300,-0.00692744926998343
301,-0.0124010629461603
302,-0.0162765605157541
303,-0.0902843279510617
304,0.00840627623232419
305,0.0357508356871586
306,-0.0908826921788106
307,-0.0299966870388792
308,-0.00741709193705861
309,-0.248604984650303
310,-0.0192574639069087
311,0.0181686758211313
312,-0.000653096325722973
313,-0.0149854780868484
314,0.0228586791407839
315,-0.0678649571923246
316,0.0156340467837178
317,-0.0663622133416404
318,-0.0266328361641238
319,-0.0396562263699386
320,0.0100329719520229
321,-0.0166707798501335
322,0.0568810499286331
323,-0.0499228187391823
324,-0.156727166382842
325,0.0394578641462047
326,-0.0531301040010368
327,-0.0425296963358406
328,-0.0718304489402608
329,-0.122771216319802
330,0.00366186977082602
331,0.00063908565076544
332,-0.0287856602122465
333,-0.0664025164100019
334,-0.0265899584951373
335,-0.000217476852746652
336,0.0117260457098224
337,0.0202928690362738
338,-0.0461500754848294
339,-0.033798187302547
340,-0.0712870673871917
341,0.0688329841169463
342,0.000468423101835994
343,-0.0313833602673977
344,-0.0503841649161589
345,-0.0288719124602382
346,-0.0114340178246019
347,-0.00948263298010348
348,0.00731951759926184
349,0.0123139431675026
350,-0.00825216173231541
351,-0.0243077614898182
352,-0.0804560708263123
353,0.0192832680473654
354,0.0166807721169923
355,0.0292274881442574
356,-0.00443986625258583
357,0.0761481577318937
358,0.0222774534835515
359,-0.00373141804930574
360,0.0162359761503793
361,-0.0958857492813867
362,-0.00851226082684662
363,0.0049326971285954
364,-0.00485538177140503
365,-0.0718445310829726
366,0.0155357999058199
367,-0.0924056160250648
368,-0.0165224328174362
369,-0.00629773373550459
370,-0.0201438859534329
371,0.0250674112821518
372,0.0121294308521316
373,0.0632055629939662
374,-0.0852785033435667
375,-0.00711305948950339
376,-0.0571625605280484
377,-0.103262822084814
378,-0.0711544204626826
379,-0.0542575615795105
380,-0.0326579098459661
381,-0.0406785738381701
382,0.037521201129026
383,-0.0298675072793687
384,-0.0426338646258059
385,0.0122658663978025
386,-0.0174628399730059
387,0.0208789191831282
388,-0.0621500991083907
389,-0.0363453450192188
390,-0.070510208036385
391,-0.000499971692206067
392,-0.0498697572985708
393,-0.0404156714371254
394,-0.0129712963426054
395,-0.00443888237784056
396,0.0236642599828613
397,-0.0257608981541172
398,-0.128355257961119
399,-0.0294184230558519
400,0.00605390929264715
401,-0.0142981216398815
402,0.00762673867557858
403,0.0176815926035541
404,-0.02206484992836
405,0.022885812154001
406,-0.0501694395210268
407,0.0093518338168012
408,0.032138800098983
409,0.0153031017747469
410,-0.0624436759464241
411,-0.0270090133707534
412,-0.00250309186297222
413,-0.00927526639720013
414,0.00347119935687718
415,-0.0294246057848915
416,0.0385438580578561
417,-0.00189493575647891
418,-0.0448840901086342
419,-0.0188422372446223
420,-0.0276780820144946
421,-0.0571012106182439
422,0.00367723741190817
423,0.0567784165954923
424,-0.0673174415465937
425,-0.0412993325744941
426,-0.0285749278913586
427,-0.0151454310052993
428,-0.0506062596255547
429,0.00993125730124372
430,-0.0762112252269957
431,-0.0544010004002748
432,-0.0133296777984632
433,-0.0298229287000822
434,-0.0186876650685597
435,-0.0382004268972225
436,-0.0264760321759399
437,-0.0314281661143253
438,-0.0536562483805916
439,-0.0414775331546172
440,0.0162269575851935
441,-0.0373691295050586
442,-0.0230096002755031
443,-0.0566440619364505
444,-0.0302671701018104
445,-0.0161283769597693
446,-0.0108820054678037
447,0.000396576331382006
448,-0.0363192593248378
449,-0.0280537820015451
450,-0.0237898176357576
451,-0.0277870657797986
452,-0.0309781288343882
453,0.0365729285792596
454,-0.0333642283348162
455,0.0274960161146285
456,-0.0239877652755645
457,-0.0381562797003731
458,-0.0265595628625702
459,-0.0116666955051492
460,-0.00694553603544384
461,-0.0215462793799126
462,-0.0194208745527334
463,0.0186681300913924
464,-0.0232129048533965
465,-0.0153455592351114
466,-0.0231138215538138
467,0.0150610414078317
468,-0.131945127538145
469,0.0145679628005314
470,0.0566562833109466
471,0.00266978320635591
472,-0.0295355599519313
473,-0.0799655917697331
474,-0.0572652800125214
475,-0.0153197547881194
476,-0.0355364013134994
477,-0.0436612746657416
478,0.037647643299672
479,-0.00860724548528251
480,0.00541539428296708
481,0.0347840791189722
482,0.00510432906255496
483,0.00320491931023815
484,0.00105686385965504
485,-0.0059919170292452
486,-0.0155649698652796
487,-0.0841759436227291
488,-0.0376558079236252
489,-0.0824287466773775
490,0.0176966646164611
491,0.0359246660405424
492,0.0179572936690227
493,0.000525919628382133
494,0.00107888956452455
495,0.0354806092115312
496,-0.0197295235352069
497,-0.0140808578765973
498,-0.0386319299556181
499,-0.0398564352545162
500,0.0196682608607802
501,-0.012761108705746
502,-0.00844281035315813
503,0.076312021391248
504,-0.0538170573933314
505,-0.00774779251646437
506,-0.0111556416376343
507,-0.0611087803768576
508,0.00737354176492231
509,-0.0114136116143342
510,0.0930847730614862
511,-0.0376570863326696
512,-0.0346250477987228
513,-0.0875718381508301
514,-0.0518635865108844
515,0.0158048744957765
516,-0.0257091363461294
517,-0.0111090858402684
518,0.00344274468687597
519,-0.0633265319907743
520,-0.0832156513277675
521,0.0124256403760983
522,-0.0443971178704913
523,-0.0448678834277477
524,-0.00514623933619323
525,-0.00752311480986393
526,-0.0181275970199199
527,-0.000353786442925402
528,0.0407021840259192
529,-0.015193812799593
530,-0.0427768360126719
531,-0.0308737846464976
532,-0.0547159812473697
533,-0.0100455130809735
534,-0.0351500349582351
535,-0.0116935937254377
536,-0.0551833485668531
537,-0.00832160384161404
538,-0.0231775412863944
539,-0.0306225720049165
540,-0.0968901105209075
541,-0.0662412911749683
542,-0.0288449223765617
543,0.0455376596795019
544,-0.0560769776585169
545,-0.0254737385351601
546,-0.0390449710164774
547,-0.0181881791930208
548,-0.00943251780328707
549,-0.00698275342228901
550,-0.0525681050108996
551,0.00135435043171998
552,-0.0209965840045371
553,0.0184411760080119
554,0.0562439037873792
555,0.0354556128200512
556,-0.0878446510996681
557,-0.0770611475617227
558,-0.00901773067526185
559,-0.0233035493321787
560,0.0073959917975871
561,-0.0217937743494572
562,0.0150910583870318
563,-0.0450390689178375
564,0.0166380709447381
565,0.00919690543821608
566,-0.0118464548830132
567,-0.0549239871711909
568,0.00418814288345772
569,0.0132764564714971
570,-0.110003955706734
571,0.0437308099662862
572,-0.0353377843644559
573,-0.0504528146391881
574,-0.0849043325681169
575,-0.0943822958668271
576,-0.00986991447118755
577,-0.028215062053985
578,-0.0942351007826422
579,0.00803380597448655
580,-0.0366242317640207
581,-0.061974602685518
582,-0.0528903673410835
583,-0.00565265528157591
584,-0.013354702162059
585,-0.0374062408767033
586,-0.0333155642776986
587,-0.0499180180712655
588,-0.0373459506347
589,-0.0706746729469857
590,-0.0227142256468023
591,-0.0329119058172954
592,-0.0175937754609942
593,0.00223137992084534
594,0.00675871050031919
595,-0.0675450387360629
596,0.030185326948587
597,-0.0302699667713261
598,-0.0427736950784941
599,0.00403363986556351
600,0.00520465370038466
601,-0.0116033310223447
602,-0.0414307610953831
603,-0.11434387752266
604,-0.0965430970172384
605,-0.0309512012138548
606,-0.0444780577274377
607,-0.028552036361282
608,0.0170373292236079
609,-0.0176508561640914
610,0.0145991822089192
611,-0.0423569154605827
612,0.0261655256916798
613,-0.0475089440127181
614,-0.0133962852748609
615,0.0168059708440976
616,-0.0306768847257314
617,-0.0273751309507565
618,-0.04737011667124
619,-0.1258460108792
620,-0.088113578821931
621,-0.0554038270681452
622,0.0623351780499326
623,-0.00805370605911404
624,0.00488240605386973
625,-0.121837164706461
626,0.0237012008734206
627,-0.0302209611372752
628,-0.0898115236668385
629,-0.0180943551272817
630,-0.000843575090649602
631,0.0195387562131811
632,-0.0505871205640988
633,-0.0281809710850061
634,0.000742421908915442
635,-0.00773135433802663
636,0.0170008271943332
637,-0.0163188354191189
638,0.0130786839881048
639,-0.017697228450514
640,-0.0207769933525658
641,-0.0356442795923225
642,-0.0200670095796243
643,-0.0253111897076457
644,0.0373999160926426
645,-0.00721246682919896
646,-0.0215052721327971
647,-0.0202498230673485
648,0.16093212804053
649,-0.0656428070563466
650,-0.0387961331968074
651,0.00184622380631438
652,0.0396060780334649
653,-0.00152872562048062
654,-0.0360248098416447
655,-0.0678753397494477
656,-0.0117900006242335
657,0.0120670275253896
658,-0.0234569111467386
659,-0.0478207114455524
660,0.00313114576982783
661,-0.0176469898790467
662,-0.0863358099032847
663,0.0355085823415696
664,0.00475184505411851
665,0.00610828957968009
666,0.000451457393207746
667,-0.0278128805801416
668,-0.00621315174716982
669,-0.0662717235464544
670,-0.044094929672397
671,0.0073984425484091
672,-0.0340202634809159
673,-0.00300227346787047
674,-0.00500024241263679
675,-0.0286354979504404
676,-0.0371271240238579
677,-0.0974494626835842
678,0.011082778045173
679,-0.0724681073417627
680,-0.0522613980858724
681,0.0105032963831252
682,0.0154605654326762
683,-0.0263190069635648
684,-0.0287866790893478
685,-0.038721858618745
686,-0.0734738382928885
687,-0.0185927797617274
688,-0.103866347877704
689,0.043485529863173
690,-0.0115183836877649
691,-0.0217623752002798
692,-0.0571057768088676
693,0.0269680433145794
694,-0.0573355315588283
695,-0.062609264695995
696,-0.0372687443434732
697,-0.019266963362366
698,-0.0361973960027233
699,0.00796005981553242
700,0.00560305359706036
701,-0.0481510557790446
702,-0.0286391014548429
703,-0.00717306836977518
704,-0.0389932674950276
705,-0.0441798583946373
706,0.0221353344948068
707,-0.108124874443925
708,-0.106463000383511
709,-0.0175444372769793
710,-0.0898111699922865
711,0.0248411847972187
712,-0.0409194449743216
713,-0.0791762939087828
714,-0.130664858562631
715,0.00025656313658076
716,0.0134718564226746
717,0.0215590681724586
718,0.0389863335192631
719,0.022831498530852
720,-0.0317891477247806
721,-0.0204678597319247
722,-0.0952082278811238
723,0.0293737685891691
724,0.0162496940137916
725,0.0181055753395645
726,-0.0183264506526229
727,0.0385207588559353
728,-0.15033532972583
729,-0.0126228077714844
730,-0.0318192316503827
731,0.0348019521884239
732,0.00184286997558909
733,0.0305480400275019
734,-0.0564962318730064
735,0.0376567410196185
736,0.0456895771725858
737,-0.0121614955571351
738,-0.0254761371687967
739,-0.00681798390223267
740,-0.00706138184068077
741,-0.136799028784063
742,-0.0224780655267043
743,0.0326012504429668
744,-0.0317785496476472
745,-0.0865677345902487
746,-0.0870089348259376
747,0.0117005685900218
748,-0.00364835908566487
749,-0.0965803624957496
750,-0.0203243424551404
751,0.0105754011850451
752,0.0227678614914703
753,0.0109760563564185
754,-0.0251853765745008
755,-0.0159120433123592
756,-0.0244246000005915
757,-0.0309010512310101
758,-0.0641430484784955
759,-0.0405867006214054
760,0.0126473335959994
761,-0.0749586841992142
762,-0.0294917277868522
763,-0.0242307644202478
764,-0.0356398528258796
765,0.005994653553016
766,-0.0461978222127016
767,0.0396747005678065
768,-0.0656657745119617
769,0.0171991112249112
770,-0.0214900661908379
771,0.00887663094084362
772,-0.0275040973212378
773,-0.0533959508014091
774,-0.00986460878827776
775,-0.00849689027770724
776,-0.087425859607319
777,-0.0646393639296752
778,-0.0853831715892533
779,-0.028236390722346
780,-0.0232368295856735
781,-0.022323706822966
782,0.00573155064092141
783,0.00676381296468738
784,-0.0668864052641507
785,-0.0434130209045366
786,0.00343524152812902
787,-0.0298232420641981
788,0.00415484890392438
789,0.0546677375599958
790,-0.0562953962534998
791,-0.0175946279050919
792,0.0392172568875472
793,-0.0626960906131265
794,0.00299089035653184
795,0.00243999856160938
796,-0.012819577762151
797,-0.0455301363714926
798,-0.0571184777039085
799,-0.0341333314960393
800,0.0207942550916984
801,-0.00554279677984929
802,0.0181116487269994
803,-0.0119629005742321
804,-0.0541784653281171
805,-0.15973614189683
806,-0.0660997452638274
807,-0.0366970565551633
808,-0.00674027277110806
809,-0.0583668304180635
810,-0.00698899014917129
811,-0.0338931238256607
812,0.0151924318131822
813,-0.0657011951074408
814,-0.0566855053841309
815,0.0188446980093914
816,-0.116951300097757
817,-0.00670643383186181
818,0.0543845827520908
819,0.00641788455560809
820,0.0268783151425764
821,-0.0193901991147421
822,-0.0613183574854819
823,-0.0150293096876082
824,-0.0788987206998663
825,-0.0527864481382448
826,0.0185462512923335
827,-0.0548237843054761
828,-0.0314317743813675
829,0.0372684320638241
830,-0.0547200064023559
831,-0.0478889258696865
832,0.00593764494527171
833,0.0108997451017629
834,-0.0183562352462383
835,-0.0410120047798449
836,0.020681906443892
837,-0.0245540459447601
838,-0.0414033887919668
839,-0.0379706871186063
840,-0.0320221572302154
841,-0.0190180822873369
842,-0.0328327140068005
843,0.0148834117400825
844,-0.0151279501812055
845,-0.0366691198182485
846,0.0114347396668495
847,-0.00397781190035214
848,-0.116022725209686
849,0.0203984032400663
850,-0.012850722462171
851,-0.0782074882152877
852,0.0324720243985304
853,-0.0430114902920903
854,0.0433197266031148
855,0.00839546954011363
856,-0.072244325293538
857,0.0136929490829678
858,0.0160445423565997
859,0.0175146609049167
860,0.0107415147905444
861,-0.0252733577043267
862,-0.00613877269216152
863,0.0182236446307059
864,-0.0425335127949892
865,-0.0337891799860034
866,-0.00153056521626213
867,0.0133466081856523
868,-0.0074046861425767
869,0.0334240200144784
870,0.00241135791799329
871,-0.0446473796854729
872,-0.0554667404152573
873,-0.00417690049118379
874,-0.120961566948731
875,-0.0850414774798478
876,-0.00489156282245863
877,0.007078584686748
878,-0.0900557302098857
879,-0.0611982478646507
880,0.0366897479110206
881,0.077906800414395
882,-0.0808060840678673
883,-0.014961344004096
884,-0.0387201024826387
885,-0.0451551557428927
886,0.0261349066485771
887,-0.0289109025305763
888,0.00959052522723404
889,-0.0199107343693439
890,0.0464939887201828
891,0.0181936059601952
892,0.00710398702876385
893,-0.00252812455719399
894,-0.0134395231925229
895,-0.0362825114310907
896,-0.0193434836993954
897,-0.0594235774994077
898,-0.0731112393621467
899,-0.0306414858344733
900,-0.075333341534877
901,-0.0264472408111467
902,-0.00238834856300484
903,-0.0217731457776798
904,-0.01482361373225
905,-0.00480617137747709
906,0.00857027772347987
907,-0.0251376221254375
908,0.0504177306310567
909,0.0351378547555749
910,0.033583798812045
911,-0.0697028718559781
912,-0.0195641735457218
913,-0.0507419408799874
914,0.0124294535744774
915,-0.0210338227617499
916,-5.39456647457739e-05
917,-0.0224566632587491
918,0.0376292468399181
919,0.0743082312089184
920,-0.0334399854947202
921,-0.0204768162846267
922,0.00580370867283002
923,0.0262116080020132
924,-0.0385351061285674
925,-0.0257155487721906
926,-0.032784127072005
927,-0.0389259192901942
928,-0.0170120562025756
929,-0.0683171043403443
930,-0.0328210730376096
931,-0.0437524254405342
932,-0.0618189259243454
933,0.00476400417311691
934,-0.0510395681699879
935,-0.0523639635116641
936,0.0365198679060918
937,0.00336781037244706
938,-0.0819789175526909
939,-0.0261202443895333
940,-0.00915328022840586
941,-0.0562468552216354
942,-0.0802736948266821
943,-0.0412902278971383
944,-0.0485784149468105
945,0.0202130650124826
946,-0.0100612504619495
947,-0.0629071769145582
948,-0.00497656378925034
949,-0.00520771514134935
950,-0.00394068786768564
951,-0.0136515184541478
952,0.00685368905480413
953,-0.0203060905195292
954,-0.0144539216417007
955,0.0221647254973526
956,-0.0744663682236545
957,0.0223192456332013
958,-0.0447650328109845
959,-0.0810343699663312
960,0.0378007996835607
961,-0.0744007485137992
962,0.0194315699478884
963,-0.0493233272405433
964,0.0411522277817798
965,-0.0109706618251486
966,-0.0340407570738539
967,-0.0076505668475712
968,-0.0514202768544909
969,-0.0684552914763624
970,-0.0757152203241574
971,-0.0592024446661663
972,-0.0210743870983146
973,-0.160744048960683
974,0.00774170498084222
975,-0.0533546180625366
976,-0.0200028560369954
977,-0.0529118808368965
978,-0.0305471094092996
979,0.0369699169040293
980,0.0214249320147872
981,0.0298935096018936
982,-0.0145210266330359
983,-0.0411515104366183
984,0.00976494005678318
985,-0.115334414034276
986,-0.0263549890502722
987,-0.00579268684340504
988,-0.0355444873148831
989,0.0293797952145848
990,0.0122587710309207
991,-0.0226531778715443
992,-0.0267760981551246
993,-0.105778424667266
994,0.0283688440125386
995,0.0312322581354954
996,0.0123606402151151
997,-0.00110781845835154
998,-0.0447341174737336
999,-0.0942254362459276
1000,-0.0952164664823915
1001,-0.0054397071252205
1002,-0.0538305775470657
1003,0.00263685121951204
1004,0.0331662971415862
1005,-0.0257272491618172
1006,-0.0372864571033114
1007,0.0158613914409163
1008,0.0163094045985498
1009,0.0241795322639326
1010,-0.0938604674275626
1011,-0.0231929680381091
1012,0.0276413556022711
1013,-0.107715164277462
1014,-0.0586304501626809
1015,0.0385050249273911
1016,-0.0267993455247897
1017,-0.011979043052113
1018,-0.0631906087737354
1019,-0.0661797302577463
1020,-0.00234188420559975
1021,-0.0854363114440054
1022,0.0124482930895289
1023,-0.0479919579019532
1024,0.0486247014693307
1025,-0.000371448372684332
1026,0.0412590408342332
1027,-0.0391585733307624
1028,-0.0259292174739694
1029,-0.104491044973859
1030,-0.101049571477271
1031,-0.0325230227320579
1032,-0.0151619026052147
1033,0.0290308348948382
1034,-0.0014030164510872
1035,-0.104559858071473
1036,-0.0552793164271822
1037,0.023478033826987
1038,0.0338232915924362
1039,0.0624901252063697
1040,0.0460356042086908
1041,-0.0397216137933586
1042,-0.0637970138948534
1043,-0.0976881452583759
1044,-0.0064016975432
1045,-0.0270459993524558
1046,-0.0373673100304563
1047,0.0221734983113202
1048,-0.034258572657621
1049,-0.0540135987977668
1050,-0.0595675074201369
1051,-0.019788335797195
1052,0.0182257941419112
1053,0.0105404518144977
1054,-0.0545787059931539
1055,-0.0481086802305331
1056,-0.0275651770095775
1057,0.0139598425979044
1058,-0.047931815076005
1059,-0.0816066478238291
1060,0.0260291618119275
1061,-0.0735657481319199
1062,-0.0485034183651142
1063,-0.0858006782044121
1064,-0.0919639700827498
1065,-0.0858058429310862
1066,-0.0484664841048369
1067,-0.100368367847317
1068,-0.0928568195133745
1069,0.0543409515219713
1070,-0.0645652631663239
1071,-0.0877728820843579
1072,-0.046694139595946
1073,0.0214719666260179
1074,0.00688182598548429
1075,-0.0387903949598711
1076,0.0237090242644245
1077,0.0251589188733957
1078,0.0132694024503024
1079,-0.0631599896615506
1080,-0.0281596081800381
1081,-0.0205471020379254
1082,-0.00306352843659649
1083,-0.0120411753878605
1084,-0.056745632844413
1085,-0.0549775229784974
1086,-0.0304955503420278
1087,-0.0178283627454795
1088,-0.0596825303083107
1089,-0.0178802106904767
1090,-0.00199127810054486
1091,0.0178672278571557
1092,0.0106402115832176
1093,-0.0667487099315993
1094,0.0111223273067405
1095,-0.0545760894811648
1096,0.0404202350743453
1097,-0.0609166350782691
1098,0.0303346517779618
1099,-0.0573491662766084
1100,0.00107090518050655
1101,-0.000870962963852616
1102,-0.0386544102822239
1103,-0.0240912186896821
1104,-0.0438983521440225
1105,0.0314321326085531
1106,0.0611969500987126
1107,0.0155414621051785
1108,-0.032169052898826
1109,0.0237228942865883
1110,0.0219332780583714
1111,-0.0263234594264936
1112,-0.00246141935047947
1113,-0.0643950427513998
1114,-0.00606813977740402
1115,-0.00764597857094529
1116,-0.0958320144934294
1117,-0.0642194744967131
1118,-0.129180484367139
1119,-0.00965989129361248
1120,-0.0150711064832022
1121,-0.00935700040177987
1122,-0.0540662317736561
1123,-0.0638632318477903
1124,-0.0596617905901754
1125,-0.0366095486026442
1126,-0.0745501944118484
1127,-0.0583517984578255
1128,-0.0289414443099898
1129,0.00160338094303641
1130,-0.0056766901887246
1131,-9.58187753822833e-06
1132,0.0181972013146008
1133,0.0145261681920415
1134,0.00522339659527533
1135,0.01561749857684
1136,-0.012770074903688
1137,-0.00538585869419742
1138,-0.013148611346797
1139,-0.0594408031737314
1140,-0.0801286216910483
1141,0.0288687746128093
1142,-0.0487283047035119
1143,-0.0228312893664913
1144,-0.0129193314105739
1145,-0.06036521390779
1146,0.0207180941951305
1147,0.0126484008089968
1148,0.0715676985451122
1149,-0.0379708219238445
1150,-0.0345271054040473
1151,-0.0666449427488796
1152,-0.0932412991269574
1153,-0.0206856404025942
1154,-0.00596609893692704
1155,-0.0206609891469259
1156,-0.0786938306827586
1157,-0.0720718155413743
1158,-0.00230106554032397
1159,-0.0102703475042091
1160,-0.0652325197592025
1161,-0.0530611537742943
1162,-0.0592629973369095
1163,-0.0363214954399781
1164,-0.0289026291016054
1165,-0.000796872110994397
1166,-0.021222481965649
1167,0.00301656305061491
1168,-0.0521622612467108
1169,0.0335661091043692
1170,-0.0377218141120262
1171,4.01733869841889e-05
1172,-0.0522515021126615
1173,0.0361518013057991
1174,-0.00243236871013928
1175,0.0435805894392047
1176,0.0151689620374723
1177,0.0181741916649687
1178,-0.0345641735787818
1179,-0.0248237234838268
1180,-0.128451910630491
1181,0.00924282251539367
1182,-0.0117327496910334
1183,-0.0503541167593048
1184,-0.00648090592575344
1185,-0.00940008476927574
1186,-0.030974538737842
1187,0.0407958310687286
1188,-0.020544463017922
1189,-0.0488838526069237
1190,0.0210605642134411
1191,-0.0665193259895297
1192,-0.0345356420284465
1193,-0.0916025786430864
1194,-0.0526500186777066
1195,-0.00605212997520562
1196,0.0137810806771309
1197,-0.0492219242543208
1198,-0.0165444681252662
1199,-0.137953688959767
1200,0.0709971709201846
1201,-0.0132647854278306
1202,0.00401855851769869
1203,0.00290420096177155
1204,-0.0258108175622898
1205,0.0207617789877068
1206,0.016357350169268
1207,-0.0833267080474113
1208,-0.0783198042724967
1209,0.0368916957512814
1210,0.0101705534599699
1211,-0.0150821494000344
1212,-0.0148692598887975
1213,0.0279998048084084
1214,0.0659824949704932
1215,0.0377467529401575
1216,0.0445360277736161
1217,-0.0354331819661023
1218,0.00378172268593379
1219,-0.0469403633466158
1220,0.0507243315419623
1221,-0.00485776651413894
1222,0.0112329991607769
1223,-0.00682028208001068
1224,0.0319839063624817
1225,0.0538583484212422
1226,-0.127290394876375
1227,-0.117731854505803
1228,-0.0431186453191192
1229,-0.0393309897251878
1230,-0.0336338773322067
1231,-0.0474941926053173
1232,-0.0234972350422877
1233,-0.00691775916161585
1234,-0.0698497590895804
1235,-0.0403212364864395
1236,-0.0273815531136064
1237,-0.0418291541884262
1238,-0.031412486866663
1239,-0.0379806555601153
1240,0.0299783943960312
1241,-0.0339454248759659
1242,-0.136543027247112
1243,0.0110657476963167
1244,0.000920664485611564
1245,-0.0230087476554293
1246,0.00726426619017453
1247,0.00997897948968679
1248,0.0042059929127139
1249,-0.0740454396008691
1250,-0.0685358578206313
1251,-0.00405265521420034
1252,-0.0585172661308532
1253,-0.00451707674392664
1254,-0.0953672506089704
1255,-0.067925242137347
1256,-0.0515828042215139
1257,0.00178326121919382
1258,0.0299359522276344
1259,-0.0502028946145643
1260,-0.0257613392885643
1261,0.0155912655857975
1262,-0.0527338428925159
1263,-0.0396571209119582
1264,0.0298040461152624
1265,-0.0225914007409013
1266,-0.00855110973657919
1267,-0.0454071295043554
1268,-0.0202374116552626
1269,-0.0113684527174146
1270,-0.00905320706567778
1271,-0.0617017958495627
1272,0.0155836864124762
1273,0.014067955146585
1274,-0.0100862515096144
1275,0.00273381477313178
1276,-0.00824322462672389
1277,-0.0264027924532989
1278,0.0120237210889778
1279,-0.000840043676270913
1280,-0.0260418657318924
1281,-0.0428841605430233
1282,-0.0546578124335082
1283,0.0089939470163552
1284,-0.0547429196979944
1285,-0.00108577266888213
1286,-0.0717209736721005
1287,0.00467004405336214
1288,0.0392662216201824
1289,-0.0232129557839305
1290,0.0095987031712327
1291,0.0156433329784576
1292,0.00933697441923519
1293,-0.0701174707824904
1294,0.00218144236901407
1295,-0.000387815364924191
1296,0.0163420517239411
1297,-0.0472599009943495
1298,-0.0612131125223957
1299,0.0396873203118482
1300,0.00780777232560661
1301,-0.092657706519082
1302,-0.00895156763098622
1303,0.0113155078179782
1304,-0.0125733795935695
1305,-0.0104508321048627
1306,-0.0126150537685871
1307,0.0533129999755835
1308,-0.0219413220775278
1309,-0.107128939038368
1310,-0.0107008883645731
1311,-0.0289599029535208
1312,-0.025415331166662
1313,-0.0271863450327685
1314,0.00284703059608093
1315,0.0712394932984453
1316,-0.0226864704675326
1317,-0.0340293381584203
1318,-0.0671325196597173
1319,0.0249661211055111
1320,-0.04070078328914
1321,-0.0826365381936079
1322,-0.0396697043643188
1323,-0.0348608600272923
1324,-0.033940999820901
1325,-0.0328462794840508
1326,-0.0742075991146132
1327,-0.0337477298847671
1328,-0.0400014839705422
1329,0.0183634991796195
1330,-0.0403833319731495
1331,0.0138415877049579
1332,0.0225875004605728
1333,-0.0748721782402316
1334,-0.0245884242035823
1335,-0.0162897396381968
1336,-0.0146222303248707
1337,0.0565109065565359
1338,-0.00318064350506199
1339,0.00814966062616767
1340,-0.0853621871044307
1341,0.00852301302885485
1342,0.00374113174606069
1343,0.0042684064940143
1344,-0.0774059704804646
1345,0.0170826187905872
1346,-0.03357578630407
1347,0.0143374720367811
1348,-0.065037833835097
1349,-0.0577381485011787
1350,0.0193736978049855
1351,-0.0792772038367846
1352,-0.0318849867445769
1353,-0.00368850938304542
1354,-0.0393186550842009
1355,0.0302361911763827
1356,-0.0394663047484509
1357,-0.027630505352707
1358,0.0165305493376186
1359,-0.0441874249867195
1360,-0.080197943714396
1361,-0.00978609411663597
1362,-0.0345542806426877
1363,-0.0340782837974563
1364,0.0192061929533435
1365,-0.138365824069683
1366,-0.0134279816371138
1367,-0.0559977162949022
1368,-0.0468612496184368
1369,0.0110780781231233
1370,0.00590121171152785
1371,-0.0645900273577308
1372,-0.0557962228573147
1373,-0.0470239437888121
1374,-0.0629239524830804
1375,-0.0739092940376276
1376,0.0545935319851419
1377,0.0192076179741144
1378,-0.0230190386826053
1379,-0.000843852271603933
1380,-0.0252182523163667
1381,0.0206860183347407
1382,-0.0371403459813665
1383,-0.000765054267276402
1384,-0.0257313213308143
1385,-0.0526703391985164
1386,-0.0131340627031378
1387,0.00658623443503392
1388,-0.0641605038399438
1389,-0.00402331566291956
1390,-0.0285756824007897
1391,-0.011480734473157
1392,-0.0242553708358453
1393,0.0255305000765278
1394,-0.0400301819809027
1395,0.00109634012011374
1396,-0.101720151189074
1397,-0.0276976533093484
1398,0.00236275733024171
1399,-0.0340913537801532
1400,-0.0357285169007781
1401,0.0196591119753399
1402,-0.0702665140493652
1403,0.00399345019896908
1404,0.0101293208156709
1405,-0.032752056300797
1406,0.0314477570514012
1407,0.00597576302805854
1408,-0.0267626734512595
1409,-0.0991016653542735
1410,-0.0255298248409099
1411,-0.0406246939028833
1412,0.0122908274099982
1413,-0.0383319691276742
1414,-0.0238824377650896
1415,0.0349417580904684
1416,0.0070200949166933
1417,-0.0749170218561331
1418,0.0593946858533227
1419,-0.00500629217873148
1420,-0.0315570226798248
1421,-0.101432319375381
1422,-0.169672338969803
1423,0.00874591890460176
1424,0.00254205754586835
1425,-0.0392690031690918
1426,0.0168844551373374
1427,-0.0357710945067568
1428,-0.0848327604257575
1429,-0.0198497104225298
1430,-0.0720595681256177
1431,0.10039772144855
1432,0.0159643629887264
1433,0.000587810597790555
1434,-0.0338653485812918
1435,0.0458033469897314
1436,-0.00244351519105621
1437,-0.0120646074661985
1438,-0.104525417410114
1439,-0.0602255090735383
1440,-0.0114700234188182
1441,-0.00223470279888532
1442,-0.00210110831235605
1443,-0.0120647914152219
1444,-0.0686594859696586
1445,-0.0155440914422998
1446,-0.00388516884365552
1447,0.0107634940891084
1448,-0.0206591462514528
1449,-0.0494922213986937
1450,-0.0697485486761794
1451,0.0517808541409321
1452,-0.0146863326036545
1453,0.0135331714863267
1454,-0.0799595282735076
1455,-0.00165892478629842
1456,-0.0789109200914931
1457,0.029608147025459
1458,0.00227809653542223
1459,0.0241764853608348
1460,-0.0777646352195966
1461,0.0537483722474725
1462,-0.0382094652184002
1463,-0.0282377150422604
1464,-0.0249735436963425
1465,-0.00829258723418085
1466,-0.032952974871612
1467,0.00401973267116386
1468,-0.0535188004766365
1469,-0.0935111260029174
1470,0.012568973258025
1471,-0.0897273949931623
1472,0.00555144708980398
1473,-0.0314161668111365
1474,-0.0410243440325149
1475,-0.0498442704296929
1476,-0.0497276709571774
1477,-0.0532024903453298
1478,0.0933095949417865
1479,0.00589184568199473
1480,0.0403209554263814
1481,-0.0407120850059363
1482,-0.0561473014205182
1483,0.0210740780008052
1484,-0.0522936732908492
1485,-0.125654757694938
1486,0.00194293476343738
1487,-0.0377070520108897
1488,0.0549353862731099
1489,-0.0781600287555792
1490,-0.0213532286302229
1491,-0.017250174531204
1492,0.0259842212787679
1493,-0.00284307407918885
1494,-0.086455946154601
1495,-0.00977296455392993
1496,0.00381115600870903
1497,0.00629481674713717
1498,-0.0432880588397379
1499,0.00665875748603216
1500,-0.00710268127498799
1501,0.00364983568792371
1502,-0.0398916835711156
1503,-0.0275252071645304
1504,-0.0211506405879614
1505,0.0253652501415776
1506,-0.00162662046993678
1507,-0.00661586365729853
1508,0.0112887267732762
1509,-0.00103514118017999
1510,-0.0721921140995385
1511,-0.0987820179728186
1512,-0.0142455314185799
1513,-0.0175630301337244
1514,-0.013873829506592
1515,0.0167633464100366
1516,0.0563338899549178
1517,-0.0322105216641497
1518,-0.0127342739448947
1519,0.059169826690752
1520,0.0278043424605661
1521,0.0312758217431103
1522,0.0201319466451008
1523,0.00636481724058177
1524,0.0119280719112417
1525,-0.0155275080544013
1526,-0.0417715101782851
1527,0.0004576043357943
1528,-0.0189014579569015
1529,-0.0216542018781245
1530,-0.0180538491207956
1531,0.00883017228864709
1532,0.0286906128589638
1533,-0.0214426672567012
1534,-0.0952153621238786
1535,-0.00472069115403423
1536,-0.0201062293631618
1537,-0.0295118916968095
1538,-0.0106399099262285
1539,-0.013221407847113
1540,0.0530191044822247
1541,0.0131238492949666
1542,0.00317804006264629
1543,-0.125659588496497
1544,-0.0435312396099594
1545,0.0338030567439841
1546,0.0282788282604481
1547,-0.0110709167200466
1548,0.00628979531763663
1549,-0.0537476475386488
1550,-0.0723726345657349
1551,0.0186851243999892
1552,0.00182737520733007
1553,-0.0473275205846691
1554,-0.00966284700467512
1555,-0.0285705523142138
1556,0.0286277981109404
1557,-0.0393119167161548
1558,-0.0340558535955582
1559,-0.0249161240900673
1560,0.033721738584124
1561,-0.0143705652568852
1562,0.0242382949978558
1563,-0.0390511697075339
1564,0.0301291570136304
1565,0.00198609025429507
1566,-0.10221583273041
1567,-0.000345584898342789
1568,-0.00755529934862144
1569,0.0138540129545176
1570,-0.0424907453378638
1571,0.000172176439344981
1572,0.0136996607828405
1573,-0.0128853843464129
1574,0.0335036070979943
1575,-0.0148936003060242
1576,-0.0667544356197827
1577,-0.0616582963563658
1578,-0.00122535840339981
1579,-0.055537402169622
1580,0.0238110368019653
1581,0.00600650769635125
1582,-0.0346843056941207
1583,-0.040340946941307
1584,-0.013419051590351
1585,0.0289680855122689
1586,0.00352185491745187
1587,-0.0204504184254666
1588,0.00709049481688286
1589,0.0102849197046728
1590,-0.119225083044736
1591,-0.000208499815903074
1592,-0.0189795086817394
1593,-0.081090977830307
1594,-0.0101648764161669
1595,-0.0519330696486947
1596,0.0500698739490836
1597,-0.0156801168105875
1598,0.0122517700416341
1599,0.0128739370245107
1600,-0.0094196461782074
1601,-0.000808700640200099
1602,-0.0385348136194708
1603,-0.00148882342833517
1604,-0.0141776880954615
1605,-0.0193868597121326
1606,-0.0223276759638025
1607,-0.0261292861571747
1608,0.043733553542881
1609,-0.0373253657616504
1610,-0.0128701926815593
1611,-0.0199856957046546
1612,-0.0477401612164118
1613,-0.0196779653554012
1614,-0.016847016881053
1615,-0.0300642288338489
1616,-0.00085022972494962
1617,-0.00193116826754126
1618,-0.111162028293401
1619,-0.0583190967867491
1620,-0.0144186154460309
1621,-0.0169124558969368
1622,-0.0433737953604655
1623,-0.0471135396059722
1624,-0.0092926310852151
1625,0.00265603395421287
1626,-0.00489871511774552
1627,-0.0158188226102668
1628,0.00192294748019692
1629,0.0909602868470415
1630,-0.103602305155998
1631,-0.0245429622532296
1632,0.0500092560529612
1633,0.0260994357011112
1634,0.0220195146799339
1635,0.020375183734919
1636,-0.0682787927985974
1637,-0.108037796669925
1638,0.0236553166606601
1639,-0.0194848823975614
1640,-0.0166156537826686
1641,-0.0470931509658844
1642,-0.0142851163328579
1643,-0.0187864406784795
1644,-0.00579143989987282
1645,-0.0378842019387868
1646,-0.00228526515379365
1647,0.0158871207850268
1648,0.0134945937130203
1649,0.0053852968297953
1650,-0.00628384237019855
1651,0.00665747956645554
1652,0.049593759696092
1653,-0.0467161129243684
1654,-0.00189497539215364
1655,-0.0269613568406768
1656,0.0670141531023932
1657,-0.0288923369298751
1658,-0.0483714694560175
1659,0.0296366231006821
1660,-0.0163379076328241
1661,0.00986249881037484
1662,-0.0381449895055668
1663,0.00276701216548616
1664,0.0153002439472773
1665,-0.00090242396203351
1666,0.0195686504789329
1667,0.0148648312009604
1668,0.0344440391178262
1669,0.0251326724943375
1670,-0.074729856395746
1671,0.0238214451340667
1672,0.0147938870729492
1673,-0.0408153087042823
1674,-0.00169083708240507
1675,-0.0914920354924379
1676,0.00421082864268268
1677,-0.0217810909627168
1678,0.0190425675736363
1679,0.0181343730545615
1680,-0.00476980273459394
1681,0.0157403741549375
1682,-0.0479642421005547
1683,-0.0628645293381265
1684,-0.0566538328617553
1685,-0.00315692041657004
1686,-0.0194125598807099
1687,-0.0207808309769418
1688,-0.0507309992961115
1689,-0.0469269759931958
1690,0.00710118181240929
1691,-0.001251349377489
1692,0.0307370412299605
1693,-0.00874806837928857
1694,-0.0546003958581847
1695,-0.0524039012344984
1696,-0.00845954674700451
1697,-0.0812569237555476
1698,0.00222136654322468
1699,0.0211557606464001
1700,0.023852779983333
1701,-0.00351027516447007
1702,0.0225677848124289
1703,-0.00941027425247722
1704,-0.049971232277426
1705,-0.0163100558987246
1706,-0.0070633297449724
1707,0.0547701118475037
1708,-0.0464898010376974
1709,0.00428967035829689
1710,-0.0151534675490383
1711,0.0179940542129067
1712,-0.0442878193711415
1713,-0.0310368477388225
1714,-0.00896207512450273
1715,-0.0108012205801144
1716,-0.044047389488754
1717,-0.0946264667361857
1718,0.00261097191078344
1719,0.00652710875176321
1720,-0.0549202487277077
1721,-0.00422143292088212
1722,-0.0109248954441252
1723,-0.00229083785454354
1724,0.0107165781692165
1725,0.0163678118278769
1726,-0.0248951274768277
1727,-0.00625270871839338
1728,-0.0422372188280971
1729,0.00657545172121797
1730,-0.000659988219758474
1731,0.0134924052621003
1732,0.0541295642182133
1733,0.0202879724842738
1734,-0.0476370412029057
1735,0.0434756600600639
1736,-0.0532596642307765
1737,0.0313503114913708
1738,-0.0286230347222658
1739,-0.0252407339463654
1740,-0.0277267705021118
1741,-0.0487692435058754
1742,-0.059209019564404
1743,-0.0983367057614772
1744,-0.0140825765657807
1745,0.0126562604567928
1746,0.0175769167533117
1747,-0.030687493591105
1748,-0.0317267319740141
1749,-0.0113724587638841
1750,0.0026410535340735
1751,-0.00897611857751485
1752,-0.0146862288003463
1753,-0.0518809592082795
1754,-0.0424605748394338
1755,0.017161471668974
1756,0.0303788314258744
1757,-0.0214529792188882
1758,-0.0292240124459737
1759,0.0044097776038836
1760,-0.0902866954080342
1761,-0.0153556495502269
1762,0.0268908412279568
1763,0.0214471439031909
1764,0.00726251637038302
1765,0.0431398617651402
1766,-0.101898846464779
1767,-0.155242144592087
1768,0.00203660619809354
1769,0.0266763143207786
1770,-0.0326717887588903
1771,0.0179640842647561
1772,0.0553905353539606
1773,-0.0163788420437184
1774,-0.068734880110779
1775,-0.0427880779169501
1776,0.00529662495518511
1777,-0.126302655351038
1778,-0.0609086693694481
1779,-0.00242164596566293
1780,0.0381190313918703
1781,-0.00176334343536549
1782,-0.0112307659952852
1783,-0.0174165729139751
1784,-0.0933838212269327
1785,-0.00963443526620161
1786,-0.0209909247921195
1787,0.0422222850673601
1788,-0.0504781712335149
1789,0.0121487554021829
1790,-0.0361699323100777
1791,-0.0677614299175704
1792,-0.0512428580525116
1793,0.0192080474577665
1794,-0.0458815663671666
1795,0.0417367815266613
1796,-0.00319557314588763
1797,-0.0145041927459033
1798,0.000237756354655324
1799,0.00250992445214641
1800,-0.0448496654178095
1801,-0.015613985680565
1802,-0.00638018564700833
1803,0.0363698082421539
1804,-0.0707310809852862
1805,0.0247832601556736
1806,0.0261951993284022
1807,0.0265154800762307
1808,0.0276304601988519
1809,-0.051678941228442
1810,0.024722460160692
1811,-0.0828408526190419
1812,-0.0355659616676966
1813,0.0186321074995449
1814,-0.0486704210625685
1815,-0.0582042569957438
1816,-0.079712462276767
1817,-0.0519191961411557
1818,0.0572606021657151
1819,0.0119294092077307
1820,-0.0701408591024398
1821,-0.0432525031377368
1822,-0.0484787098200594
1823,0.052082699324441
1824,0.0526065850856685
1825,0.0302747185645195
1826,-0.00800681009954185
1827,-0.00951741918078616
1828,-0.0659691003640361
1829,0.0173857630078207
1830,-0.047823613208882
1831,0.0341195577077164
1832,-0.0126739156118768
1833,0.043316425190188
1834,-0.0391487761021713
1835,-0.00276875837968802
1836,-0.0451177543118138
1837,0.0689753981849087
1838,-0.043155818800235
1839,-0.0664877186241804
1840,-0.0287179233662615
1841,-0.0587658761030155
1842,-0.0163399722055715
1843,0.00843114868585597
1844,-0.00449046392484419
1845,-0.0622713916611672
1846,-0.0430452438341097
1847,-0.0355048491950926
1848,0.0242936125135893
1849,-0.055746437293596
1850,0.0211065902706447
1851,-0.0390253690707216
1852,-0.00714572733438524
1853,-0.0118234939793381
1854,0.0119853837895712
1855,0.0249700298747813
1856,-0.0255165982052301
1857,-0.0098900565005776
1858,0.0470169763968123
1859,-0.0385747653691594
1860,0.00253003520091147
1861,-0.0253942595878082
1862,-0.0143963837397312
1863,0.0638987278923802
1864,-0.0583661382452605
1865,-0.0452957098185608
1866,-0.0523579966319718
1867,0.0466642675289522
1868,-0.00290729963881579
1869,-0.0613587680346618
1870,-0.00992510275775045
1871,0.0180433531108814
1872,-0.0292246546645756
1873,-0.0874289134984515
1874,-0.0273763732996967
1875,-0.11186812132187
1876,0.0125014321791357
1877,-0.031432763874929
1878,0.0106057201417735
1879,0.0367881877692514
1880,0.00118751510930631
1881,-0.00888823000170855
1882,-0.0582628479331784
1883,0.019309684700456
1884,0.0385707794627821
1885,-0.0720489315034433
1886,0.0196324162640096
1887,0.0175402768776537
1888,-0.0506078298275462
1889,0.010148849367084
1890,-0.0101604566938367
1891,-0.0344586050921709
1892,0.00802511036005982
1893,-0.0178016752647237
1894,0.0312062371159258
1895,-0.0211002928911569
1896,-0.0626139525025159
1897,-0.063982744178433
1898,-0.103805898104194
1899,-0.042233006591883
1900,-0.00791371311651551
1901,0.0123998189156669
1902,-0.098189331479453
1903,-0.032551361239195
1904,0.0400721534333647
1905,0.0145860200291487
1906,-0.0170211516491574
1907,-0.0611945153728556
1908,-0.104194270408457
1909,-0.113953726030844
1910,-0.0223903000829858
1911,-0.0462192391670691
1912,-0.026219063102864
1913,0.0251742422852184
1914,-0.0487182022348793
1915,-0.105076127304067
1916,-0.0313860569287019
1917,-0.0284319595242981
1918,-0.0305774342008675
1919,0.0348648060369017
1920,-0.0152047582412263
1921,-0.0115004194128368
1922,0.0140633632804935
1923,-0.0310174296063742
1924,-0.106065215905942
1925,-0.0267249001917378
1926,-0.0847948364041141
1927,0.0488281931886197
1928,0.0147240901455016
1929,0.0152612992028486
1930,-0.000299697265405719
1931,0.004407555238008
1932,-0.0135788792046773
1933,-0.0978341949913542
1934,0.018994967622945
1935,0.0270070044204191
1936,0.00586371540105388
1937,-0.0234085447323266
1938,-0.0317585745519039
1939,-0.027622544913932
1940,0.0020057578869156
1941,-0.00527226414160471
1942,-0.0134996808051165
1943,-0.0121569885946346
1944,0.0186539940684469
1945,-0.00443478025445608
1946,-0.0486893506385679
1947,0.0210357704000974
1948,0.0203801180649635
1949,-0.0150174517138854
1950,-0.134147516606737
1951,0.00373641553016728
1952,0.0470204815944956
1953,-0.0395065194332237
1954,-0.0214609627845293
1955,-0.0107575428583747
1956,0.000409395940127861
1957,-0.0149767673918306
1958,-0.00124366231474418
1959,-0.0115887269582223
1960,-0.00898209030827949
1961,-0.0100277045862626
1962,-0.0422758671936532
1963,0.0453225872159748
1964,-0.0613961496459627
1965,0.0132254304963063
1966,-0.00880948306865841
1967,0.00608050368514176
1968,-0.0739600340849893
1969,-0.0229252946228239
1970,-0.0498468585878729
1971,-0.0290008650203887
1972,0.0291586443724614
1973,-0.0470397418361608
1974,-0.00602953955368459
1975,-0.0445187112092842
1976,0.024508892120348
1977,-0.0373718524581658
1978,0.0105413186805093
1979,0.0184579256221981
1980,0.0168912017989295
1981,0.0190755460011854
1982,-0.0778920449628847
1983,0.00195589189672865
1984,-0.075527643030712
1985,-0.0668483757828761
1986,-0.0392047581015241
1987,-0.0356052435665961
1988,-0.0666856695770201
1989,0.0777575098339968
1990,0.0416425910212646
1991,0.00228266186389545
1992,-0.0333744335091525
1993,0.0146044571642095
1994,-0.0557826129216472
1995,0.00891760631020371
1996,-0.0198655920055225
1997,-0.0373749289374361
1998,0.00893710398023218
1999,0.0318626378117279
2000,0.030292119723044
2001,-0.0635952025415887
2002,-0.0267396297264428
2003,0.00929266443502102
2004,0.013567761786026
2005,0.0327621591876317
2006,-0.024649990237496
2007,-0.00214341317295518
2008,-0.0554827279631792
2009,0.0203158663178701
2010,0.00525350057200791
2011,-0.0517839615782679
2012,0.0212814895340468
2013,-0.013618789428062
2014,0.00323509831613652
2015,-0.00985984709748927
2016,0.0535490439939235
2017,-0.0194336545697198
2018,-0.0123328633675591
2019,-0.0381464414292293
2020,-0.0220248817891203
2021,-0.00785317823149102
2022,-0.00666274446825234
2023,-0.0751885198187035
2024,-0.107810204521284
2025,0.00704132510238847
2026,-0.0301792478822704
2027,-0.070330023301924
2028,0.00167154032293766
2029,0.000825393954590856
2030,0.0715131640019382
2031,-0.0834875060182428
2032,-0.0558935609792595
2033,-0.0226155042494244
2034,-0.0361798202130831
2035,0.0609532174772013
2036,-0.0123589023496067
2037,-0.0180307974019838
2038,0.0268738679061286
2039,-0.0562010085297087
2040,-0.0936949498346538
2041,0.00220442074354556
2042,-0.0288880693611421
2043,0.0235776337630848
2044,-0.0596627992550539
2045,-0.0991785118157236
2046,-0.128314077501502
2047,-0.0527329033027405
2048,-0.0140433259636779
2049,-0.0362434260560532
2050,-0.0212154758280083
2051,-0.0553460446878618
2052,-0.0442380841047276
2053,-0.00831467589314447
2054,0.0224904630644721
2055,0.0118366975082959
2056,-0.0795837268536337
2057,-0.0174361528288688
2058,-0.0141053863346061
2059,-0.00355148423224244
2060,-0.00553597928219082
2061,0.0123953507721166
2062,-0.104388250674546
2063,-0.00119915770330339
2064,-0.0668508121816155
2065,-0.0212173050441638
2066,-0.0705320575295283
2067,-0.0346772943929892
2068,-0.0699760978734167
2069,-0.055180243714257
2070,-0.00687905530818796
2071,-0.0457812457981875
2072,-0.0593718674479561
2073,0.0328707289643065
2074,0.0364799197504063
2075,-0.079398317364939
2076,0.0145075629054488
2077,-0.0658862068811198
2078,0.0123328003560563
2079,0.0106309090176718
2080,-0.0840987709281723
2081,5.90428921966763e-05
2082,-0.0175202806366203
2083,0.00435344378502221
2084,-0.00720497027574822
2085,-0.0137750480092447
2086,-0.00733950821090426
2087,-0.0537091021063986
2088,0.0320188073175923
2089,-0.0717498591245774
2090,-0.00684853150806912
2091,-0.0448264900980534
2092,-0.0663098560889718
2093,-0.0628352914771909
2094,-0.00159607049218822
2095,-0.0538614663636286
2096,0.0128245316584953
2097,0.0159198865167671
2098,-0.0487949222256551
2099,-0.0425938545241202
2100,0.0425821899158027
2101,0.02484245198779
2102,-0.0372382449422387
2103,-0.00234769907070222
2104,-0.0304762890157734
2105,0.00515713832651226
2106,0.0499215787554084
2107,-0.0550100547520363
2108,0.0166583652645751
2109,0.0305871047288456
2110,-0.041353149438549
2111,-0.063594716044083
2112,-0.0576210534727046
2113,-0.031885972668209
2114,0.0278522436486857
2115,0.0871155374912131
2116,-0.0160729188363882
2117,0.00882766691699034
2118,0.011523385094232
2119,-0.0815281500667353
2120,0.0461271653998668
2121,-0.0192699820643328
2122,-0.0260897636182423
2123,-0.0734485408495163
2124,-0.025642442681941
2125,0.0282223838644148
2126,-0.0186527205862176
2127,-0.00599759054581748
2128,0.0602312347243108
2129,0.0335400765421516
2130,-0.00451733580096473
2131,-0.0336895417295235
2132,-0.0778827051851203
2133,-0.0445658330317877
2134,-0.025959667175454
2135,-0.0328311693232638
2136,-0.0085718701375006
2137,0.00354745974730002
2138,-0.0305066155553422
2139,-0.0463700703659098
2140,-0.0168630237573088
2141,-0.09591620870189
2142,0.0506818888972372
2143,-0.051544852805594
2144,-0.0412609519963785
2145,-0.0251036242650515
2146,-0.0523075192784517
2147,-0.0146224929390793
2148,-0.0804922886944762
2149,0.0108336591647592
2150,-0.0291025023026889
2151,-0.00844567270277166
2152,-0.0439858901137556
2153,-0.0369099568427531
2154,-0.0203243993249122
2155,-0.0343211176090856
2156,-0.0960143462640988
2157,-0.0676070458942303
2158,-0.0237886008213565
2159,-0.0376761177008645
2160,0.0309176930415989
2161,0.0414860679098461
2162,0.00198654408716512
2163,0.0307832620962473
2164,-0.0465990122620146
2165,-0.0279902555071116
2166,0.00361866100651643
2167,0.0134440313965169
2168,-0.0268492794114841
2169,-0.0263502078393732
2170,0.036604211594981
2171,-0.0274396497101611
2172,-0.0626434063406987
2173,0.028256009478306
2174,-0.0241649974160283
2175,-0.0250281659847817
2176,-0.0887392366785576
2177,-0.0337569764941954
2178,-0.0198134140139538
2179,-0.0405026509766319
2180,-0.0433777174791821
2181,-0.0805864584693217
2182,0.000283856256607121
2183,-0.0255506631814988
2184,-0.0170887235508371
2185,-0.00516334308625943
2186,0.0216176938045062
2187,-0.0539030782797181
2188,0.0125188626987629
2189,-0.0261907315174865
2190,0.0287988630783228
2191,0.0395907547564114
2192,0.0281471036434018
2193,0.0643071696092795
2194,0.0556557149071756
2195,-0.0479853243453701
2196,-0.092468503986928
2197,-0.0139026704525442
2198,0.0305782193523956
2199,0.00540634021590645
2200,-0.0400782265654188
2201,0.0407852354117272
2202,-0.0675833227003738
2203,-0.0250610119716828
2204,0.0462875399462297
2205,-0.0518893587308161
2206,0.00466044771492056
2207,-0.0287810127353658
2208,0.00765836371407835
2209,-0.00473820534663645
2210,-0.0056899086683029
2211,-0.00634905336201287
2212,-0.10276415651311
2213,-0.0654355165107528
2214,0.00624063248480399
2215,-0.0143946383347072
2216,-0.0484221576907965
2217,-0.0379918742193732
2218,0.00244212593405521
2219,-0.074942525634311
2220,-0.0621308304766768
2221,-0.060019469344817
2222,-0.0192897468286485
2223,-0.063094964323066
2224,-0.0281584906453485
2225,-0.0131705026049212
2226,-0.0594089120170033
2227,-0.0497695566726114
2228,-0.0720268714322398
2229,0.0332479418627918
2230,-0.0907678339706582
2231,0.00607452814835717
2232,0.000141971141098316
2233,-0.00802069787753597
2234,-0.0354831872511051
2235,-0.010317990812483
2236,0.0222991795507118
2237,-0.0446075728480479
2238,0.0103893738773923
2239,0.00374035291678372
2240,0.00123411816379027
2241,-0.0495545340849617
2242,-0.0116583646121735
2243,-0.0370642267571604
2244,0.0438671585308404
2245,-0.0739260922170628
2246,0.0278415199950332
2247,-0.0994182727383686
2248,-0.0365672380722963
2249,-0.00106859416407828
2250,0.000478672451910902
2251,-0.17338155015221
2252,0.041022979942998
2253,-0.0532696742613119
2254,0.0484685108147
2255,-0.0281145831188364
2256,-0.0220391022262262
2257,0.0520618659787125
2258,0.0356029443419226
2259,-0.0874957078948568
2260,-0.100163889953546
2261,0.00278370474350641
2262,-0.118102850655017
2263,-0.0402987271267792
2264,0.0580475507854758
2265,-0.0702279029755492
2266,-0.0552201365414814
2267,-0.0778388250603475
2268,-0.00873059949952527
2269,0.0139624418693293
2270,0.0165788300249045
2271,0.00819810869461867
2272,0.0168944448768299
2273,-0.00761092168802063
2274,-0.0550140835033777
2275,0.0212359203816863
2276,-0.0356886481348338
2277,-0.0217362089672572
2278,-0.0319468190580868
2279,-0.0820334599603629
2280,-0.0411601348310239
2281,-0.0344224236945095
2282,-0.0117805699535558
2283,0.0230144041437101
2284,-0.115089384162755
2285,-0.0279452493293427
2286,-0.00785625225453625
2287,-0.0146384523200624
2288,-0.0420731461549377
2289,0.00809808829334522
2290,-0.0506795127794494
2291,-0.0199253699331491
2292,-0.00184264839753763
2293,-0.0241528072684665
2294,0.00017467491502411
2295,-0.0145921609788592
2296,-0.00199248005081477
2297,-0.105778204699712
2298,-0.0696054964242851
2299,-0.0201146654471337
2300,0.0158679377893772
2301,-0.0332587036732969
2302,-0.0350414695808604
2303,0.00195637029980491
2304,-0.0563190534488014
2305,-0.0157460007475133
2306,-0.0634854244477604
2307,-0.0210431459712177
2308,0.00287874993665833
2309,-0.0111933938248498
2310,0.0139483346768834
2311,-0.0103633503190972
2312,0.00940082435704374
2313,-0.0554216096015465
2314,-0.0601140869410361
2315,-0.0498343982705316
2316,-0.0811499242908466
2317,-0.0554828835975132
2318,-0.0182262757690102
2319,-0.0173573337005575
2320,-0.0787104032752099
2321,0.00390742917538444
2322,-0.0887718949103341
2323,-0.0224397814270806
2324,-0.0440828582345897
2325,-0.0461493007913584
2326,-0.0747492468664464
2327,-0.0387039319180271
2328,0.0343406556243993
2329,-0.0513234657895865
2330,0.020914487589008
2331,-0.0592182610904208
2332,-0.0426468803044536
2333,-0.00867752449180593
2334,-0.0220917834476174
2335,0.012848969891712
2336,-0.0750293881625765
2337,0.00241266673935783
2338,0.0551101446480004
2339,0.0157552600389522
2340,0.0438497691766694
2341,0.0469093900701709
2342,-0.0795909612229735
2343,-0.0350554624611016
2344,-0.0386988437134772
2345,0.0640923293117732
2346,-0.0578030969457608
2347,-0.213920694886798
2348,-0.00995960313266026
2349,-0.0119043693627187
2350,0.0199479118239713
2351,-0.0768994601814407
2352,-0.0288893731587414
2353,0.0263903824083348
2354,-0.11193353894414
2355,-0.00553669832357558
2356,0.0324944942463151
2357,-0.012892696340873
2358,0.0198396620104486
2359,0.00918731578620486
2360,-0.000429052978917418
2361,-0.046422315391217
2362,-0.00827015991221646
2363,-0.0311648227876804
2364,0.032793816465572
2365,0.0165719746862467
2366,-0.0605976483522504
2367,-0.0274302123426611
2368,0.0146508654424348
2369,0.00486079382576619
2370,0.00473448545799271
2371,0.0393067841597891
2372,0.0169478914083842
2373,-0.0896104651829972
2374,0.0364162618370672
2375,-0.0121496786809161
2376,-0.1054947701418
2377,-0.0129449608268389
2378,-0.0629183010574822
2379,-0.0476525165892418
2380,0.0135198921048201
2381,-0.0203516122221048
2382,-0.0159739717113229
2383,0.0374414194922734
2384,-0.0285692596170143
2385,0.0265747189094611
2386,-0.0235274801843168
2387,0.0270195609912276
2388,-0.0628126256019397
2389,-0.0192500713857552
2390,0.0269127494709654
2391,0.022387113484459
2392,-0.0600136803937498
2393,-0.0595790434065882
2394,-0.00584970855257988
2395,-0.0827224531448789
2396,0.118012316659218
2397,0.0320932939769749
2398,-0.0015606422296361
2399,-0.049396594586407
2400,-0.0151521432487474
2401,-0.102813331738797
2402,-0.0650194802179711
2403,0.00189242725537609
2404,-0.00567837105284196
2405,0.0129824003065819
2406,0.0210510147883952
2407,-0.0542295920124728
2408,-0.00499851165821994
2409,-0.0245662674651553
2410,-0.0183544821455994
2411,-0.0202092977394463
2412,-0.0712182935861773
2413,-0.0409202080402397
2414,-0.0267813599745997
2415,-0.151511983163167
2416,-0.0340377271248168
2417,0.0119437244872858
2418,0.0170537483676313
2419,-0.0271469657776066
2420,0.0349880699352822
2421,0.0204458561292873
2422,0.0492231514885238
2423,0.00347369725550367
2424,0.0158226832952049
2425,0.0280391061472611
2426,-0.00493971187265944
2427,0.0170429758113375
2428,-0.0158143251799253
2429,-0.034264700124545
2430,-0.0704775934900923
2431,-0.0409327507217623
2432,-0.0404187598243697
2433,-0.0621945255350827
2434,-0.0625579312164433
2435,-0.00596374779354753
2436,0.0454113374752269
2437,0.00920904353721262
2438,-0.00556850249665682
2439,-0.0329671912831961
2440,-0.0622186846335097
2441,-0.0657874404316968
2442,-0.0293294096377445
2443,-0.0343061888198269
2444,-0.02491706095488
2445,0.017510473751967
2446,-0.0898368548376115
2447,0.0301459121546268
2448,-0.01860680027378
2449,-0.00487787369654882
2450,0.0176555009490358
2451,0.0309983981424909
2452,-0.0200773394797797
2453,0.0130532115898514
2454,0.0107479664413038
2455,0.0667101082725729
2456,-0.0196611543035184
2457,-0.0294780893912711
2458,0.00694174579379573
2459,-8.39944537248855e-05
2460,0.0270004560631443
2461,-0.0315495460711063
2462,-0.0190553427856896
2463,0.079740926981328
2464,-0.0695357297901699
2465,-0.0578923662417442
2466,-0.0478972132615785
2467,-0.00111682701609153
2468,-0.0910288031423255
2469,-0.0443456690278749
2470,0.00679985778107066
2471,-0.0328624674754702
2472,-0.0415898001419452
2473,-0.0880059768530637
2474,0.0176377553972329
2475,-0.0588267879028113
2476,0.0114602863746705
2477,0.011435824495221
2478,-0.0641419905228425
2479,0.00945796846482468
2480,-0.0507808816113078
2481,0.00288174483205594
2482,0.0210688738497475
2483,0.0076767125232182
2484,-0.00774463489256998
2485,-0.00505929823531823
2486,-0.0293775070036623
2487,0.0357377869538742
2488,0.00508764400168722
2489,0.00771854043985403
2490,-0.017523822974333
2491,0.000439967880905712
2492,-0.0205972806115782
2493,-0.0167071447812314
2494,0.028682892573257
2495,-0.0176617027723725
2496,0.00519850529352079
2497,-0.0284184713121039
2498,-0.0395310892090577
2499,0.013087330348476
2500,-0.0358876855732925
2501,-0.00839872036581757
2502,-0.0522518005365195
2503,-0.0486907310287798
2504,-0.0689182799064918
2505,-0.0306462677772292
2506,-0.0396194149742436
2507,-0.000923060589226517
2508,-0.0556257673667072
2509,-0.0132783620572316
2510,-0.119955844318061
2511,0.0288348561767708
2512,-0.0377699866852512
2513,-0.0587166090066915
2514,-0.0841563374844673
2515,-0.0139372066230288
2516,0.00354657935064221
2517,0.0142248976842758
2518,-0.051966637460415
2519,-0.070517148018099
2520,-0.0360806465921394
2521,-0.0572287398998663
2522,-0.0632219726479909
2523,0.0253209289477317
2524,0.0114668401271641
2525,0.0605556145492304
2526,-0.0632625853970042
2527,0.050515147700228
2528,0.0163208930836049
2529,-0.0877075647397833
2530,-0.0253477167910297
2531,-0.0489441986234663
2532,-0.0540266486237963
2533,-0.0261655193024819
2534,-0.0198922791048275
2535,0.0345787139554652
2536,-0.0186353004950952
2537,-0.00913376507385455
2538,-0.0579326363714314
2539,-0.136681075590499
2540,-0.0923105475322241
2541,-0.0468297361972566
2542,-0.0400531578077939
2543,-0.048341462982956
2544,-0.017104195171543
2545,-0.0549006876865612
2546,0.00389936747488137
2547,0.0356517285179097
2548,-0.058215763573985
2549,-0.0370272417176813
2550,-0.0517329503913052
2551,0.0835210715848178
2552,-0.0869837662696034
2553,-0.082101761635877
2554,-0.00311175965968527
2555,0.00865284934741336
2556,-0.0563438046769246
2557,0.0474557575235998
2558,-0.0712383742878972
2559,-0.075275195454807
2560,-0.0319100546424711
2561,-0.00345837756719993
2562,-0.0721659028509344
2563,-0.00257867451658178
2564,-0.0418568969613758
2565,-0.00707077358938421
2566,-0.0222135276654637
2567,0.0153189764475126
2568,-0.0622181358196172
2569,0.0373475473525549
2570,0.00163581738198762
2571,-0.0143414659109
2572,-0.0128798258071221
2573,-0.0237541567560732
2574,-0.0371483175284045
2575,0.00257233352217999
2576,-0.00674682232384994
2577,-0.0139015376038848
2578,-0.0165546715225559
2579,-0.0429332709862379
2580,0.0120812745399597
2581,-0.0380547567534327
2582,-0.0372667512541991
2583,-0.0323256447880588
2584,-0.0257556539609277
2585,0.011772265231942
2586,-0.0204995385731103
2587,-0.0643044425691564
2588,-0.0413327743428122
2589,0.0190081085958708
2590,-0.0943536563010057
2591,-0.0356476455401436
2592,0.000239244631827456
2593,-0.0559605366284301
2594,-0.0438313608980687
2595,0.0317341133346962
2596,-0.0178856629495408
2597,-0.0963635378846733
2598,0.00789836261612043
2599,-0.0499069596034164
2600,-0.0192588527323442
2601,0.000501244351870222
2602,0.000809882672926395
2603,0.0715373040626875
2604,-0.0173844562600673
2605,-0.0784367230723466
2606,-0.012628422199112
2607,-0.0350630074498937
2608,0.0187993570822564
2609,0.0188968300699772
2610,-0.025753660711823
2611,0.0726940148488428
2612,-0.0451979441345374
2613,-0.0206229181781427
2614,-0.0338972476482783
2615,0.000833336247953167
2616,0.00985611415595886
2617,0.012301979095734
2618,0.00817603164583343
2619,-0.0736218032972157
2620,-0.0504974322780704
2621,-0.029022400896159
2622,-0.0361400307842811
2623,-0.0544956843171624
2624,-0.101034666794433
2625,-0.0249042260542357
2626,-0.0555578607671597
2627,-0.0506693418866738
2628,0.00347759314000068
2629,-0.0377022713391964
2630,-0.0416988107420523
2631,-0.116422951024742
2632,-0.0165451481135689
2633,-0.0898881195039651
2634,-0.0200163046238974
2635,0.0127773267035812
2636,-0.0176322956401291
2637,-0.0410279782071803
2638,-0.00848192347557932
2639,0.112082395745806
2640,-0.025526868817665
2641,-0.0705840003402371
2642,-0.0360374693045756
2643,-0.0285648350783631
2644,-0.123159067569548
2645,-0.0438247768584635
2646,-0.0649458853910392
2647,-0.00473673096446141
2648,-0.108299754606858
2649,-0.0267265972417116
2650,-0.0203274458323264
2651,0.00738027512465574
2652,-0.0757902563200274
2653,0.0442624243682576
2654,-0.0150555226873398
2655,-0.0389237804622801
2656,-0.00388554558750605
2657,-0.0147303914655645
2658,-0.00539560669777487
2659,-0.0307544660832655
2660,-0.0583909963890533
2661,0.0154432234010241
2662,-0.00395142917728422
2663,-0.014188226745219
2664,0.0165065434135742
2665,-0.00460834582745031
2666,-0.0312558988000257
2667,-0.0563811389531483
2668,-0.010723279151448
2669,0.0211986201150002
2670,-0.0887774746947717
2671,0.0116643354674154
2672,-0.0371692938548918
2673,-0.0559331638115204
2674,0.0393715831251463
2675,0.0567844097334888
2676,-0.0456318840071356
2677,-0.0521802542424894
2678,-0.0253686899954138
2679,-0.101669989049555
2680,0.00997548355318513
2681,-0.0143063614471353
2682,0.00965359332650009
2683,-0.0485205577965877
2684,-0.0237699997581731
2685,-0.0294459044317479
2686,0.0305166598359454
2687,-0.0488330498199729
2688,-0.0307122755915144
2689,-0.044570678975093
2690,-0.017286789054978
2691,-0.0113615356165898
2692,0.00520251519827101
2693,-0.0263647484893008
2694,-0.0317307852776728
2695,-0.0558681280862659
2696,0.0106641207288694
2697,-0.0719023753255087
2698,-0.0323582017542814
2699,-0.00203040374596198
2700,-0.00030124688231593
2701,-0.0948828737549511
2702,-0.0597710585866203
2703,0.0258020499705806
2704,-0.0444366323791888
2705,-0.0585770464964611
2706,-0.0406598302619651
2707,-0.0850175790659798
2708,-0.0221738368703482
2709,-0.0311559155081266
2710,-0.0707786893704824
2711,-0.15053414203134
2712,0.0119094226013225
2713,-0.0308847081331658
2714,-0.0234399683795914
2715,-0.012368225552185
2716,-0.0293576839484684
2717,-0.00928625324073376
2718,-0.0419871426198444
2719,-0.0612440348922074
2720,-0.00273989070774706
2721,-0.0322676765208425
2722,-0.0265729512655877
2723,-0.0731348257554916
2724,0.0003980249917133
2725,-0.0131912009165643
2726,-0.0866003096101029
2727,0.0121362143156135
2728,-0.119555319508061
2729,-0.007505899910805
2730,-0.118989589771519
2731,0.0488278102861476
2732,0.00830691814436592
2733,0.0235953558782852
2734,0.0170993148958967
2735,-0.0228242180705151
2736,-0.0853150326396241
2737,-0.0123860420656544
2738,5.4013619081994e-05
2739,-0.00308307324606146
2740,-0.00761588268269263
2741,-0.0502437627849738
2742,-0.0759399913295812
2743,0.0414066668657124
2744,-0.0441265894210254
2745,-0.0100154521220377
2746,-0.0527734301917374
2747,-0.0686570138757628
2748,0.0153787825934392
2749,-0.0167763982437941
2750,0.00210706071606305
2751,0.00773756278849844
2752,-0.0422344932219897
2753,0.0101030303223394
2754,-0.0296761661269741
2755,-0.0435668851044063
2756,0.0343721796952695
2757,-0.0383539883911449
2758,-0.0536516190954561
2759,-0.0413084933321055
2760,0.0262576675696982
2761,-0.0141293463855753
2762,-0.0428490714054295
2763,-0.0218568998239649
2764,-0.00312658533651421
2765,-0.0388319735901082
2766,-0.161053369413708
2767,-0.0428425783444585
2768,-0.0441422715415908
2769,0.00642931218584062
2770,-0.0805396777191996
2771,0.0060862922148545
2772,-0.0399387902845353
2773,-0.0778938321250097
2774,-0.00386359961018203
2775,-0.0566549993611329
2776,0.00604419934018715
2777,-0.0234246218536397
2778,0.00561902088082145
2779,-0.0313836236064218
2780,-0.00114957346073179
2781,0.0115311645461832
2782,0.0230917260999345
2783,-0.0655478779823343
2784,0.00666890269726051
2785,-0.0207710692316271
2786,-0.0136679994607747
2787,-0.0587513004352688
2788,-0.0137773096273556
2789,-0.024938114948866
2790,-0.0294800127652148
2791,0.0356557238496474
2792,0.00768799166716951
2793,-0.0175106928745601
2794,-0.0461310368301806
2795,0.0135531139901206
2796,0.016988523349788
2797,-0.0984431760624021
2798,-0.0247850759335219
2799,0.0411721339111015
2800,0.0404759565346369
2801,-0.0324174840523845
2802,-0.0380003237564594
2803,-0.0307621311920219
2804,-0.00841994587967115
2805,-0.0401578696968653
2806,-0.019694783694539
2807,0.00833012909145178
2808,0.00883667417580923
2809,0.00639138694833857
2810,-0.0735712379654637
2811,-0.0619657074373144
2812,-0.0259607267036719
2813,-0.106620478047021
2814,-0.0466619079389382
2815,-0.0960557754402797
2816,-0.0240567971439652
2817,-0.00706800725662753
2818,0.0144337331894237
2819,0.0259148217306262
2820,-0.0738981841559759
2821,0.0274294873463581
2822,-0.0551340657915833
2823,-0.061723032676753
2824,-0.00525516340252071
2825,-0.04421950284011
2826,0.00639435544367982
2827,-0.0181671714634433
2828,-0.0804793579391306
2829,-0.0480355906399733
2830,-0.0431007771890156
2831,-0.10393640120894
2832,-0.0323835348713435
2833,-0.0917991973820909
2834,-0.0200468345646034
2835,-0.0301411255293261
2836,-0.0092033028355208
2837,0.00806539054801066
2838,-0.00792764924997312
2839,0.0475963650909242
2840,0.026169608130307
2841,-0.012552950560169
2842,-0.0365229037890781
2843,0.0129524031041031
2844,-0.046891070848174
2845,-0.125829949646754
2846,0.00513173163735616
2847,0.0152236990505786
2848,-0.0260900395870908
2849,0.0217549830379689
2850,0.0126856767498939
2851,-0.0664353627163341
2852,0.00704638963300303
2853,-0.019619134018455
2854,0.0248332262833599
2855,-0.0793450107500287
2856,-0.0546541486552592
2857,-0.0621855919578492
2858,0.0218739099057116
2859,0.0147744602526753
2860,-0.0194914789642379
2861,0.0219391568096168
2862,0.00739107257578851
2863,0.0356033366347077
2864,-0.0840022611714537
2865,-0.0483576424164372
2866,-0.0148355056740974
2867,-0.0428721494660751
2868,-0.0741218038075505
2869,-0.0200448406370652
2870,-0.00195695111331076
2871,0.0162814583082725
2872,-0.0104223739058907
2873,0.0566001878713567
2874,-0.00815030292086507
2875,-0.0121117376004817
2876,-0.045083377787694
2877,0.0157113503182572
2878,-0.0259611250952063
2879,-0.0312106655462284
2880,-0.0849443759179449
2881,-0.0313495213805861
2882,-0.0787476751531015
2883,-0.00663961483099744
2884,0.0122221974267496
2885,-0.0581365554842189
2886,-0.0515478751395771
2887,0.00918767027703793
2888,-0.000762079772154276
2889,0.0112504755570445
2890,-0.056026233888733
2891,-0.0153677181957824
2892,0.0485532900904616
2893,-0.0324244148598661
2894,0.0117034554457968
2895,0.00884876390003012
2896,0.00929818270829034
2897,0.0541607766943452
2898,-0.0895976660831447
2899,0.0349785378588801
2900,0.00193221612013473
2901,-0.0747101868754516
2902,0.0405363218076494
2903,-0.00578158344271868
2904,-0.00188875621806051
2905,-0.0472560048870285
2906,0.0280858373542513
2907,-0.0468890930578185
2908,-0.10932802543719
2909,0.0316617841585826
2910,-0.0367867237129009
2911,0.0119047188530032
2912,0.0316162593724052
2913,0.016190198825932
2914,0.0122216772016528
2915,-0.0491335579819813
2916,0.0195453935623622
2917,0.0221668539253816
2918,-0.0253730242719617
2919,-0.0246663763241103
2920,-0.0749059707321819
2921,-0.0445459933692557
2922,-0.0562997921491103
2923,-0.0278238076014723
2924,-0.0113076806950464
2925,-0.0327061635759891
2926,-0.0156085617404156
2927,0.0159068621753812
2928,-0.0290908035449279
2929,-0.0426023500636698
2930,-0.00117264448095135
2931,-0.0299222777227989
2932,-0.0870108102368747
2933,0.000756235579870287
2934,-0.00844492576033084
2935,0.00127269203451342
2936,-0.0980761997137498
2937,-0.0316964599376458
2938,0.0167231505745276
2939,-0.0291556577121938
2940,-0.0107953296332812
2941,-0.0157957980137081
2942,0.017503842002888
2943,-0.0246935485531969
2944,-0.019782054230251
2945,0.0500038525420142
2946,0.0216340817921
2947,0.0153499564316483
2948,0.00347305398664217
2949,-0.0423065781956186
2950,-0.0364590405130923
2951,-0.0298486308032126
2952,-0.001933727726876
2953,-0.0181048367423983
2954,0.0204673100888317
2955,-0.0176223450929602
2956,-0.0603168001530074
2957,-0.0713632494523388
2958,-0.029751586560965
2959,-0.0220889277630998
2960,-0.0239532921145751
2961,-0.0258907692908379
2962,-0.0136835799528668
2963,-0.0892438393947898
2964,-0.0257624383190012
2965,0.0320229515403317
2966,0.0347799247657439
2967,-0.0926160083630757
2968,-0.0616450203515662
2969,-0.0286136253704823
2970,-0.00721250664038069
2971,-0.0307066851182231
2972,0.0139565698200388
2973,-0.0786808330189728
2974,-0.0415979494076078
2975,-0.04509652600214
2976,-0.0203418119443821
2977,0.0276849510362256
2978,-0.0404166259806545
2979,-0.0466321963172156
2980,-0.050701105030494
2981,-0.0954381157217555
2982,-0.00114728745120749
2983,-0.0439173312826264
2984,-0.0452982094387341
2985,-0.0194782730655691
2986,-0.0436361274921154
2987,-0.0400845382084621
2988,1.24716778114743e-05
2989,0.0238627801544723
2990,-0.0323290182870449
2991,-0.0397748412780187
2992,0.0343961462731723
2993,-0.0393842248422428
2994,-0.055595433321712
2995,-0.088968541054767
2996,0.00676120928603266
2997,-0.13896905744204
2998,0.0489473880132659
2999,-0.0174549470450694
3000,0.0252315990488118
3001,0.00736486631815654
3002,-0.0596866553012214
3003,-0.0246076399629848
3004,0.0398952102914476
3005,-0.0250284791886131
3006,-0.0174649823468673
3007,-0.0583442218661867
3008,-0.0425636033192075
3009,-0.0618592309208669
3010,0.0779623892915725
3011,-0.0271019318980883
3012,-0.00570031122969826
3013,-0.0146039296071007
3014,-0.0304161434364594
3015,-0.0353732450087883
3016,-0.0497009391521811
3017,-0.025424166914975
3018,-0.049105318691363
3019,0.042932509621393
3020,-0.0554572444500369
3021,0.00407492431197333
3022,0.0286203649798564
3023,0.0271468178805148
3024,-0.02051170049553
3025,-0.020624701615179
3026,0.00550081489509549
3027,0.00173512360557215
3028,-0.015038894883171
3029,-0.0725569033114001
3030,-0.0359574289675622
3031,0.0041372597930609
3032,-0.052176169904627
3033,-0.0723952535906135
3034,-0.0700603627702164
3035,-0.032783336534678
3036,-0.00922100515097721
3037,-0.0367984000035248
3038,-0.0221565433335197
3039,-0.0300728350628006
3040,-0.0665442530012773
3041,0.00164006159408617
3042,-0.0443812977081774
3043,-0.0521528484613247
3044,-0.0227953902566288
3045,-0.0190336732636148
3046,-0.00710285623625453
3047,-0.0597174896876576
3048,-0.0710172451875875
3049,0.0175455681555161
3050,-0.0437205434679875
3051,-0.00647279819529081
3052,-0.0733136013477813
3053,-0.0496091307949337
3054,0.0445592383469653
3055,-0.00354786461230219
3056,-0.0186930182306156
3057,-0.0353374539504599
3058,-0.0941774976396688
3059,-0.0490563456835184
3060,-0.00934023498374907
3061,-0.0388262584901208
3062,0.0772889967316622
3063,-0.0391129438785007
3064,-0.026409209425335
3065,-0.0403099877817973
3066,0.044928191554206
3067,-0.00381311809740952
3068,-0.0671100678179604
3069,0.0395607233498821
3070,-0.0162435907791731
3071,-0.0553913190511344
3072,-0.0363193071951044
3073,-0.0227681919359326
3074,0.00448496386763449
3075,0.0238120309254419
3076,-0.0611430215743976
3077,0.0135221105861356
3078,0.0446867992527967
3079,-0.0804249994485561
3080,-0.0305612190714241
3081,0.0296188999318536
3082,-0.0234747365776814
3083,0.00253577786198928
3084,0.000613215506362629
3085,0.0216066591527529
3086,-0.0111537968094084
3087,-0.0283646960643571
3088,-0.0652922883292316
3089,-0.114435679377318
3090,0.00822052616506031
3091,-0.0170460345809722
3092,-0.095644721571641
3093,-0.039983054669661
3094,0.0111762783292277
3095,-0.0369857322316546
3096,-0.024559486580052
3097,-0.0385965661714368
3098,-0.124262474159369
3099,-0.0321573017988912
3100,0.0417657788680191
3101,-0.0621146247017318
3102,0.0203007573176057
3103,0.0185020142464737
3104,-0.0888479836278147
3105,-0.034151007939471
3106,-0.0869736054415222
3107,-0.0311713740408366
3108,-0.0458891625632909
3109,0.013580606228074
3110,0.00441261633744567
3111,0.0226432632054894
3112,-0.021152136815077
3113,-0.0656177621167999
3114,-0.111257617463467
3115,-0.0133188221467323
3116,-0.00697512140648979
3117,-0.00145619751166368
3118,-0.0100373773065305
3119,0.0207040274188251
3120,-0.0387246915594002
3121,-0.140497479940034
3122,-0.0568240036596158
3123,0.0496627575761241
3124,0.0264598473470999
3125,-0.0423423279621138
3126,-0.030093951035839
3127,-0.0631566062742668
3128,0.0821620282289104
3129,-0.0477703295651099
3130,-0.00308145584855491
3131,-0.0320082872457862
3132,-0.0333778675681136
3133,-0.0510579133370179
3134,-0.0144787815261057
3135,-0.0636114661513111
3136,-0.00686632658985002
3137,-0.0349638165702301
3138,-0.0480295874582344
3139,0.0419707282900518
3140,-0.0152238379509071
3141,-0.00803856492893585
3142,0.0173421123014427
3143,0.000670724159661635
3144,0.00615860387640286
3145,-0.0255468179768915
3146,-0.0374821779548734
3147,-0.0173815795199166
3148,-0.0675343548146053
3149,-0.022532564642943
3150,0.00031526163370517
3151,-0.0921144289582372
3152,-0.00749403038208151
3153,-0.0813951821596655
3154,-0.0471822458413685
3155,-0.0426148542743888
3156,-0.00568048141071388
3157,-0.0214025168251712
3158,0.0337675266067729
3159,-0.0164034548944942
3160,-0.0360267055013815
3161,0.00364043097637965
3162,0.0330474176244252
3163,0.0565048219212839
3164,-0.0116363145981829
3165,-0.0825731034038115
3166,-0.0270844197912554
3167,-0.162113418409003
3168,-0.028959618721679
3169,-0.030174497880973
3170,-0.0362692535197012
3171,0.0375626651625869
3172,-0.0269822034756499
3173,0.00404759605436685
3174,0.00398167166927125
3175,-0.0181544045177023
3176,-0.014744073048558
3177,-0.118749254090775
3178,0.012191423419512
3179,-0.027574886860262
3180,-0.121652714950057
3181,-0.100235928303128
3182,-0.0466584016626551
3183,-0.0532932572510942
3184,0.0770026093134909
3185,-0.00576635874707293
3186,-0.0622494721130689
3187,-0.039766397311644
3188,-0.0332324525455244
3189,-0.030677283298498
3190,-0.0533897792631301
3191,-0.0430479091620807
3192,0.0274467244803733
3193,0.0549088082362774
3194,-0.00490208195954142
3195,0.0357074460716798
3196,0.0477049004169193
3197,-0.0062812110522506
3198,-0.0300368057332293
3199,0.0407860122280136
3200,-0.0507750223003285
3201,0.0159984007540471
3202,-0.0192876490008282
3203,-0.0630142054288928
3204,0.0274921657183552
3205,-0.0100975569924483
3206,-0.0354350231468533
3207,-0.0776503953793763
3208,-0.0425880281523252
3209,-0.0696021200562779
3210,-0.00531260112075741
3211,-0.0120931547433222
3212,-0.0426319060863259
3213,0.0696005037261038
3214,-0.0412737759876525
3215,-0.00673374012916394
3216,0.00869785203229699
3217,-0.0255187922357548
3218,0.0104853293429855
3219,-0.000458709320297891
3220,-0.0272811123961238
3221,0.0109359445312231
3222,0.0184867492819951
3223,-0.0368359580799295
3224,-0.0773650004492673
3225,-0.017021080364522
3226,0.0643043719589757
3227,-0.0188841635216592
3228,0.0168185740970546
3229,0.0332398574858354
3230,0.0215382100810522
3231,-0.0256542667316694
3232,0.0466901479855768
3233,-0.0350453342681772
3234,0.0531840519008894
3235,-0.0173358243012391
3236,0.026101562143833
3237,-0.047369452080763
3238,0.00072508802889908
3239,-0.0176408058394215
3240,-0.0302246469306582
3241,-0.00592285546242347
3242,-0.0237158365139148
3243,-0.00389722578947245
3244,-0.137040729715255
3245,0.0226889577994231
3246,-0.0113932210732115
3247,-0.0332041109763499
3248,0.00952159258400031
3249,-0.0101211952061782
3250,-0.022873652695814
3251,-0.0428014179521692
3252,-0.0132549378606215
3253,-0.0202841058723402
3254,-0.0259895178290452
3255,-0.0338840856116505
3256,0.0612167009341942
3257,-0.0488307353433252
3258,-0.0145849570422139
3259,0.0331092896586794
3260,0.0439606050333066
3261,-0.0334193624230733
3262,0.0208161542567724
3263,-0.056332493514494
3264,0.0038915981463757
3265,-0.0466819095117261
3266,-0.0107852018789189
3267,-0.062387123946381
3268,0.0252380988696506
3269,-0.118757099479474
3270,-0.0570511330757329
3271,-0.0830587260311943
3272,0.0019177599331576
3273,-0.0203770136406317
3274,-0.0834414675306711
3275,-0.0853076973723198
3276,-0.0412952180640728
3277,0.00174640883526082
3278,-0.083743768205348
3279,-0.0470691457399558
3280,0.0257341649264485
3281,0.0202729128382668
3282,0.0514343309772312
3283,-0.0654398743183993
3284,-0.081480394280261
3285,-0.0141475728959406
3286,-0.06272139701026
3287,-0.0233197036853111
3288,-0.0515424288299267
3289,-0.0549697176377994
3290,-0.0017552700320743
3291,-0.0432366714059675
3292,0.00768216687528757
3293,-0.0754129875308632
3294,-0.0263079764060152
3295,-0.013136152004109
3296,-0.0236350938156549
3297,-0.023906774800166
3298,-0.0241334299533599
3299,-0.00351320584523877
3300,0.00896187213710353
3301,0.0857178921040624
3302,-0.080301243470761
3303,0.00611968127411294
3304,-0.0438493586571288
3305,-0.0158506509480048
3306,0.122672436259492
3307,-0.0610784633497716
3308,0.00374687200909063
3309,0.00941282532378603
3310,0.00414918546687395
3311,-0.0152289850530126
3312,-0.00577551137700314
3313,-0.0115653913583778
3314,-0.00911027320987805
3315,-0.0129146083626336
3316,-0.0147917835485343
3317,-0.0312968336297991
3318,-0.0489441095721499
3319,0.133684001903181
3320,-0.00194337275374627
3321,0.00549460030408598
3322,-0.043885431737281
3323,-0.0356059918756615
3324,-0.0111903945380159
3325,-0.0296265808553336
3326,-0.066795186627368
3327,-0.0108566214764135
3328,-0.00741567106436355
3329,-0.0837717091340597
3330,-0.0281902023025762
3331,0.031759843735816
3332,-0.0684793046499872
3333,-0.0425725889106086
3334,-0.0214630007039516
3335,0.00223524834183687
3336,-0.0906690396058273
3337,-0.0423297618749692
3338,-0.100402528510534
3339,-0.0121888028338678
3340,0.00247428832322172
3341,0.0107666132636999
3342,0.0160643956933349
3343,-0.0348917591883997
3344,0.0582314026560197
3345,-0.0368199716496869
3346,-0.0220420604810635
3347,-0.0163753000783955
3348,-0.066877940517693
3349,-0.0637382702768965
3350,-0.0362033435285514
3351,-0.0512648755263187
3352,-0.0357283138508014
3353,-0.00127548176541931
3354,-0.0589202798362593
3355,0.0311684886500718
3356,0.00856377861433553
3357,-0.0536804455242768
3358,-0.0190957436170822
3359,-0.0268196432072846
3360,0.0161449869329394
3361,-0.035118328224262
3362,0.0315385481490678
3363,-0.0150470157413156
3364,-0.0756967562167787
3365,-0.0509871937275247
3366,0.0274569639260043
3367,-0.201721360588649
3368,-0.043450735838412
3369,-0.0642996490950778
3370,-0.0535529998153885
3371,-0.0233918927929342
3372,0.0230396050394613
3373,-0.0157663843835235
3374,-0.0128874750787717
3375,0.0389872670644187
3376,-0.0419058902943728
3377,0.0519927038888317
3378,-0.0202802524540071
3379,0.0345558678459397
3380,-0.119155033668158
3381,0.0517662243599178
3382,-0.0420254129970481
3383,-0.0510128080190806
3384,-0.0422349498375399
3385,0.00627113470716806
3386,0.00281182013285758
3387,0.0151706899662236
3388,-0.0162237407797976
3389,0.0557807955018255
3390,-0.108498860514809
3391,0.0145281438553329
3392,-0.0333845248929065
3393,-0.0066220408165327
3394,-0.0974936789476679
3395,0.0186890922940406
3396,-0.027468947775797
3397,-0.0273928663982364
3398,-0.000442849112824499
3399,0.0276823019211363
3400,-0.0100475539473668
3401,-0.0724426081677301
3402,-0.0890199449360086
3403,0.000435426990641324
3404,-0.0521522273114399
3405,-0.0281236434617389
3406,0.0487746055348542
3407,-0.0370810846286207
3408,-0.0384793923107473
3409,-0.00340301086920334
3410,0.0205121287862353
3411,-0.0450535276431939
3412,0.00839559661891325
3413,0.00335760136457995
3414,0.0373033579302266
3415,0.0288747638613114
3416,0.0204898754769987
3417,-0.0456141663970587
3418,0.00527402023022587
3419,-0.0268713965328036
3420,0.0901339114632296
3421,0.00888394884161834
3422,-0.000294113497744199
3423,-0.00708346388797498
3424,-0.0507058939142776
3425,-0.0476888442363697
3426,-0.064187538445681
3427,-0.0460465604680548
3428,-0.00441411402465891
3429,0.0121745238588913
3430,-0.00299348456752736
3431,0.0639706143789299
3432,-0.0152689788997937
3433,-0.0337829320684682
3434,-0.0247759653513633
3435,-0.0305263678221527
3436,0.0241737118605799
3437,-0.0534271130849574
3438,-0.00181194365783693
3439,-0.0578757866119986
3440,-0.0201338017675609
3441,-0.0138564958456786
3442,0.00384107174415319
3443,-0.062753794745893
3444,-0.0632497973107942
3445,-0.0125069544049125
3446,0.0352543148757538
3447,0.0375739325237704
3448,0.00329038414574913
3449,0.0179857793959408
3450,-0.0513548634884418
3451,-0.0315322343365532
3452,0.00607682097181397
3453,0.0112301593276955
3454,0.0287678121129313
3455,-0.0661369159197342
3456,-0.0148036277133532
3457,0.0259560082678475
3458,-0.0674555701594102
3459,-0.0130709170884446
3460,-0.020099462258205
3461,-0.107147923945118
3462,-0.012450871436767
3463,-0.0163646074210723
3464,-0.0708471881957485
3465,0.00699500805765304
3466,0.00707201342995414
3467,-0.056064020210313
3468,-0.0480010738631887
3469,0.0145474915594558
3470,-0.0386428628393217
3471,-0.077110532893536
3472,-0.0783302355630026
3473,0.0394365587081203
3474,0.0463798065526265
3475,-0.0169225987761936
3476,-0.0110945216343103
3477,-0.0141849563654409
3478,-0.0980253774876072
3479,-0.0507704703314591
3480,-0.0461985628486409
3481,-0.10739027398691
3482,-0.0565158057200736
3483,0.0117009546116857
3484,-0.0425661018401634
3485,-0.0160097047817617
3486,-0.00507618572594561
3487,-0.0313063307178294
3488,-0.0248740781345065
3489,-0.0406502358298884
3490,-0.0119467197529929
3491,-0.0046231587205717
3492,0.0513778745520689
3493,-0.0489648615622481
3494,0.0319260044459421
3495,-0.0189089172401721
3496,0.0628577036285172
3497,-0.0470754628614989
3498,-0.0368511394248229
3499,-0.0416400347724945
3500,-0.0401580294459479
3501,0.0405735069441519
3502,-0.0316369743132372
3503,-0.0479343313543683
3504,0.0027304855249719
3505,-0.0800391332464496
3506,-0.0299572493530212
3507,-0.0517511887666141
3508,-0.0843858949406551
3509,-0.0362786972659342
3510,-0.0270499335408309
3511,-0.0175879319999073
3512,-0.00576360871425743
3513,-0.00870635049103959
3514,-0.082291486352259
3515,-0.0322382832828724
3516,0.0320749609674208
3517,-0.0207385667368982
3518,-0.04001190003981
3519,-0.0622843911731583
3520,-0.0475174670319835
3521,-0.0486677236764445
3522,-0.00360438343356891
3523,0.0144367222086367
3524,-0.0125998372570541
3525,-0.0473661003582237
3526,0.0313994206286157
3527,-0.0237020206928577
3528,-0.00406811407719293
3529,-0.0206707046271894
3530,0.0523324566837311
3531,-0.0998107657194719
3532,0.0162252668724833
3533,-0.0331613436061035
3534,0.0451857843160476
3535,-0.0318203816660247
3536,-0.0451465248005909
3537,-0.0696954928674534
3538,-0.031157269131198
3539,0.0239107063900026
3540,0.00374727419814106
3541,-0.073314923267057
3542,-0.00576336886034542
3543,-0.0417222780736709
3544,-0.0927176420075815
3545,-0.0801230806501226
3546,0.01787580617775
3547,0.0162386869933095
3548,0.00256157656830277
3549,0.00274049936689321
3550,-0.0660319372391046
3551,0.0015554858257417
3552,-0.00065220207396652
3553,-0.0468640271479346
3554,-0.0152961946187362
3555,-0.0236823914765511
3556,0.0199173478570494
3557,-0.0430891989677476
3558,0.0396431091101378
3559,-0.00411715943226356
3560,-0.00519646984748205
3561,0.00668988423154412
3562,0.0156572272029627
3563,0.0186228915705738
3564,-0.0157461454076658
3565,-0.0530054099127365
3566,0.018178776432853
3567,0.00598191704895959
3568,-0.0414504675266661
3569,0.0280821112221331
3570,-0.0816757756530904
3571,-0.0214785585403977
3572,0.00819239472612869
3573,-0.0296036780031303
3574,-0.0281587779938323
3575,-0.065857458769673
3576,-0.0677971836022256
3577,-0.0378767801327372
3578,-0.0359747648072696
3579,0.0267948440742676
3580,-0.0250297167311948
3581,-0.0953049160903331
3582,0.0719733590151814
3583,-0.0309578116833409
3584,-0.0630560415018837
3585,0.0205350917431469
3586,-0.020273966640245
3587,0.00689402144982625
3588,-0.0105545783910568
3589,0.00318518227088986
3590,-0.11762952222984
3591,-0.0281635774458348
3592,-0.0212301646517841
3593,9.97630006226788e-05
3594,0.00540002890952209
3595,0.00999470922009578
3596,-0.0567260739139102
3597,-0.0326530796365392
3598,0.0125160650204077
3599,-0.0786841789244653
3600,-0.00933449862188145
3601,-0.0100024757324005
3602,-0.00395551081961572
3603,0.007863238391894
3604,0.027614357090787
3605,0.0132667571455034
3606,0.022489661445575
3607,0.0089129978062292
3608,-0.0103654515041741
3609,-0.0431705137896002
3610,0.0264554160116565
3611,0.0614880314612659
3612,-0.0217149527936169
3613,-0.00820158018854222
3614,-0.0410396875471699
3615,-0.0125337487036716
3616,-0.0433852518586093
3617,0.00631468589834965
3618,-0.0837569259584579
3619,0.0236489170421507
3620,-0.0375085336541973
3621,-0.039743011345088
3622,0.0539191545443449
3623,-0.0623228857956408
3624,-0.0488418537435525
3625,0.0109851266922235
3626,0.00640634607398556
3627,-0.0260587480365173
3628,-0.0866526034176753
3629,-0.033317197090313
3630,0.0101900887361193
3631,-0.022407208500552
3632,-0.053353213288767
3633,-0.0434889545924949
3634,-0.0690230289860121
3635,0.0180044266492684
3636,-0.0221109188389342
3637,0.0375165974417287
3638,0.0303123497716951
3639,-0.0231150771613206
3640,0.024888628592556
3641,-0.0235533810476368
3642,-0.00237502216131356
3643,-0.0694954098376045
3644,-0.0767010766700436
3645,-0.004905316619467
3646,-0.00322847637199743
3647,-0.0284679941973796
3648,-0.011001830515084
3649,-0.038381582843157
3650,-0.0445473307748644
3651,-0.0044926070422519
3652,-0.0875376616038904
3653,0.0386376257099028
3654,0.0200989034606289
3655,0.0412622787888385
3656,-0.0885506283671996
3657,-0.0836969352728434
3658,0.0187719270074484
3659,-0.0572822662378159
3660,-0.0153391596850482
3661,-0.0888423230311824
3662,-0.0414610277793284
3663,-0.112923105072667
3664,0.0481576885596963
3665,-0.0364525906928815
3666,-0.0210777630531363
3667,-0.0430968748960292
3668,-0.0138464078182672
3669,0.0278797633028266
3670,-0.0302543442143234
3671,-0.0225483173895355
3672,0.0284180782243622
3673,-0.031796650389662
3674,-0.0810260514129754
3675,0.0103855065587887
3676,-0.114212887539156
3677,0.0296753204562482
3678,0.0301920181571287
3679,0.0189891039942434
3680,-0.0109782193009626
3681,-0.0489655041173993
3682,-0.0263424393407059
3683,-0.0203726062453719
3684,-0.0202409314945789
3685,-0.00751317313837254
3686,-0.0298472718077585
3687,0.00873121660108466
3688,0.010744150095638
3689,0.0227870632850331
3690,0.00826780421290658
3691,-0.0427467841845835
3692,-0.044809462621557
3693,0.00710928183408061
3694,-0.0128162619195285
3695,0.00572251411679235
3696,-0.0109444780343342
3697,-0.0377708224153616
3698,-0.0341635127146832
3699,-0.0357512605707695
3700,-0.0360760558609753
3701,-0.0116005152706981
3702,-0.00156573853186081
3703,-0.00349505591033542
3704,-0.0311354645435655
3705,0.00727816514094171
3706,-0.00857599336211681
3707,0.037125537864173
3708,-0.101888223121087
3709,0.0257568366860037
3710,0.0211926243414534
3711,-0.000149513614394712
3712,0.0366992170097142
3713,-0.0451426193577733
3714,-0.0372663375453148
3715,-0.0534869361153738
3716,-0.0520793458432608
3717,-0.0379515810807765
3718,-0.0457843443071022
3719,0.00803251563281894
3720,-0.0516749892687959
3721,-0.0782260941389018
3722,-0.0227641769490268
3723,-0.0503429083153955
3724,-0.0626365654486664
3725,-0.0293494789035332
3726,-0.0301402465597216
3727,0.0223374709934688
3728,-0.0827841311399164
3729,0.0174365561827678
3730,-0.0355119380946794
3731,-0.0240604498404103
3732,-0.0343220461393218
3733,-0.0444419416670708
3734,0.00313443516995919
3735,-0.00166884267930158
3736,0.0283385729704051
3737,-0.0826187150922117
3738,-0.0191444157776985
3739,0.0352245325963511
3740,-0.0384257524850277
3741,-0.0357042569769773
3742,0.0213245664553715
3743,0.0211126971048273
3744,-0.0313393131423437
3745,-0.0899991660324999
3746,0.0268149362307479
3747,0.00759194605475298
3748,0.0408524541963154
3749,-0.0597923386699735
3750,-0.0142932986790435
3751,-0.0560535466521318
3752,-0.0341027303874253
3753,-0.00517300604187486
3754,0.0458817224231593
3755,-0.0963683920286864
3756,-0.0683095694835446
3757,-0.0321432248371619
3758,0.00547086933769178
3759,-0.0531627141636369
3760,-0.0317223011225184
3761,0.00611316882115545
3762,-0.0292717610324774
3763,-0.0422190268561983
3764,-0.0204257555269257
3765,-0.033438083137096
3766,0.0350490631609435
3767,0.0122940172352868
3768,-0.106059042061174
3769,0.0381433016588215
3770,-0.0864418279622485
3771,-0.0265156706973367
3772,-0.0377179753015475
3773,-0.0210437492109195
3774,-0.0274785248646445
3775,-0.0410474765283553
3776,0.00154524065130212
3777,0.0690623777073159
3778,-0.0231290953219832
3779,-0.0794026423881154
3780,0.0564220565561576
3781,-0.0248727993897454
3782,-0.0117645921238764
3783,0.0378195978466079
3784,0.0206244962234009
3785,0.0441971779819686
3786,-0.00259721135199653
3787,-0.0353576316729228
3788,-0.0107774610174113
3789,-0.0753121053638916
3790,-0.0139014842555624
3791,-0.0649562538481661
3792,0.0360472807896564
3793,0.00773436038978756
3794,-0.031661412246258
3795,-0.0975610066955013
3796,-0.0924864513176166
3797,-0.050326328281898
3798,-0.0230650878876379
3799,-0.00069545569233135
3800,-0.0563792990346785
3801,-0.0151213809322681
3802,-0.0505061226331872
3803,-0.0145065458488568
3804,0.0152926553650266
3805,-0.0130450159597744
3806,-0.0120315615414438
3807,-0.074365763248349
3808,-0.032409978829526
3809,0.00712726806271554
3810,-0.0178880773069319
3811,0.0463515171655792
3812,-0.0229122285121265
3813,-0.0452259689269513
3814,-0.0456648159362789
3815,-0.021617478907836
3816,-0.033825577963697
3817,-0.0384162276031553
3818,-0.0926157550951986
3819,-0.0184173413527208
3820,-0.0563167083498179
3821,0.00646866484165366
3822,0.0683507034364466
3823,-0.00619088650288082
3824,-0.0380416372930518
3825,0.0343778006163102
3826,-0.0339995067216433
3827,-0.0106647448919329
3828,0.0551691347144297
3829,-0.147080948369348
3830,-0.050913757674732
3831,-0.113200213600601
3832,0.00663069037754054
3833,-0.0420619266157221
3834,0.0112377654539976
3835,-0.0527321867736717
3836,-0.0115768001903181
3837,0.0201315688894798
3838,-0.0492298436252284
3839,0.0233590392064406
3840,-0.0572508054497224
3841,-0.058208059003824
3842,0.0187634615966288
3843,0.00624838666054081
3844,-0.0471426655005994
3845,-0.0630976345278928
3846,0.00806581610779525
3847,-0.0762302005000058
3848,-0.0524039748644413
3849,0.0463736357122109
3850,-0.0214979394483243
3851,-0.0497765687789752
3852,0.00503060485399871
3853,-0.026496241328218
3854,-0.0567857689286966
3855,-0.0203686161289416
3856,-0.0156549773891792
3857,-0.00799356237370264
3858,-0.0680136876472911
3859,-0.0394397260844498
3860,-0.0579729414842784
3861,-0.0130248735585623
3862,-0.00642936488483434
3863,-0.00712715719350631
3864,-0.0189442300950495
3865,-0.0987975747849145
3866,-0.0292651957752412
3867,-0.0221419390081953
3868,-0.0805985488545305
3869,0.00016110546577426
3870,0.0761804992923913
3871,0.0392263719315455
3872,-0.0396263069668054
3873,-0.00356113273165841
3874,-0.0630693606771408
3875,-0.0185287071250755
3876,-0.0380264147284495
3877,0.00758817559273201
3878,-0.0312784666444079
3879,-0.059941910186877
3880,-0.0146383616307656
3881,-0.0883143761657381
3882,-0.0450751372051772
3883,-0.0289549533628154
3884,-0.0110585406164471
3885,-0.0877111804093809
3886,-0.00143291297368717
3887,-0.0468136161789751
3888,-0.0407115469114632
3889,-0.0361594242511527
3890,-0.0215174568796368
3891,0.00293507529847852
3892,-0.0870738598955476
3893,0.0297461959534134
3894,-0.0980679592704279
3895,-0.0147086123346994
3896,-0.046589299585409
3897,-0.0175822402916287
3898,-0.0890891993799879
3899,-0.0718526769727552
3900,-0.0698798948752765
3901,-0.0043976696993414
3902,0.0114868241242968
3903,-0.0749608291933376
3904,-0.00563614417808044
3905,0.0041337979353961
3906,0.00543876597375606
3907,-0.061055693384197
3908,-0.0201221318895335
3909,-0.0579602027798419
3910,0.0541073155252952
3911,0.0193384056602175
3912,0.00149870967548304
3913,-0.00493272163349721
3914,-0.00879322689513055
3915,-0.0438165417155492
3916,0.0084026543508871
3917,-0.00518140019751503
3918,0.0102199401011475
3919,0.00133279398552756
3920,0.0108072920993093
3921,0.0258685833035334
3922,-0.0564657932449341
3923,0.0298611341751271
3924,-0.0350843023992158
3925,-0.0348249513474891
3926,0.0110787424850098
3927,0.021751600646864
3928,-0.012869079048959
3929,-0.00984963075377553
3930,0.00264949349761402
3931,-0.000482057966393208
3932,-0.0422367218585729
3933,-0.0346720066142946
3934,0.0506575438647359
3935,-0.00302989719471986
3936,-0.00691362620233937
3937,-0.107275791775461
3938,0.00356542879992945
3939,0.0045070615577971
3940,-0.041719292824392
3941,0.0209370773045065
3942,-0.0767579394360267
3943,-0.0333273416121141
3944,-0.00811859982849481
3945,0.0860456126366691
3946,-0.0100303271391934
3947,0.00813590854502366
3948,0.0776973751648789
3949,-0.0621269240608458
3950,-0.0420926015279722
3951,-0.0219730897457961
3952,-0.0121199436882627
3953,-0.126565435087088
3954,-0.044567647135379
3955,-0.0604744374981018
3956,-0.0373950005273753
3957,-0.0605254175195101
3958,-0.0222568105100502
3959,-0.0483661666687336
3960,-0.00768076902543815
3961,-0.108102359650204
3962,-0.00587727901879404
3963,-0.0672125172062952
3964,-0.0487602988075957
3965,0.0325778860820879
3966,0.00745360745299398
3967,-0.0770069620982007
3968,0.00644910399994435
3969,0.00256844242959292
3970,-0.0214967147588172
3971,-0.0146963734140345
3972,0.03176077457619
3973,-0.0281656910012245
3974,-0.0330164475959997
3975,-0.0244933757516348
3976,-0.0339628298893749
3977,0.0253847265126409
3978,-0.0582285064838791
3979,-0.0163951543628093
3980,-0.00567975510886919
3981,-0.092265920195489
3982,-0.00687054415992102
3983,-0.0478400310725197
3984,0.0410471480873862
3985,-0.0741553951228964
3986,-0.123670695248092
3987,-0.0094469220132408
3988,-0.00872822732735391
3989,-0.0931978154575466
3990,-0.0534706672849352
3991,-0.00326578108636378
3992,-0.0479489856118663
3993,0.0766081741617984
3994,-0.042768916222357
3995,0.0184852421084489
3996,-0.0713068810250519
3997,-0.102172942119594
3998,0.0139984145662411
3999,0.0288373061332841
4000,-0.00216101509582677
4001,-0.0243509219723351
4002,0.0158771343473896
4003,-0.00396737720086767
4004,-0.0422012776291461
4005,-0.0188984983206207
4006,-0.135354234372274
4007,-0.0649174824070564
4008,0.0332433814694511
4009,0.0188571660260056
4010,-0.0567632435492134
4011,0.0524236481474448
4012,-0.0306147069851734
4013,-0.00125238437097415
4014,0.0250542267160261
4015,0.0354183497965994
4016,0.0350029008272225
4017,-0.0492391800222401
4018,-0.0166777682266105
4019,-0.100993824391005
4020,0.00930421660622396
4021,0.0232448329644246
4022,0.0122499963454219
4023,0.015362308952805
4024,-0.0436029690348878
4025,-0.0147173234255224
4026,-0.00908050138739924
4027,-0.0772241822298331
4028,-0.0765062479030931
4029,0.0174073922455224
4030,0.0120164932945139
4031,0.00635155831799225
4032,-0.0290581628756642
4033,-0.0250819642219896
4034,-0.027463561083507
4035,0.0154252718008753
4036,-0.0289500850546277
4037,-0.00233339544374325
4038,0.00576568410233189
4039,-0.0586923302746284
4040,-0.0128789099658843
4041,-0.0250801795785745
4042,-0.000758852694509765
4043,-0.00139503322916285
4044,0.00362756625447573
4045,-0.043980765295534
4046,-0.0877969469578185
4047,-0.0360532619264014
4048,-0.0150446906888867
4049,-0.0660023589492229
4050,0.00867725168872826
4051,-0.0138844710021439
4052,-0.0320220548716113
4053,0.00379892359144587
4054,-0.0662143837598767
4055,-0.0866962479712367
4056,0.012247677335158
4057,-0.0063874979110392
4058,-0.082477710229432
4059,0.0172352155327728
4060,-0.0362255203888868
4061,-0.0202771800832067
4062,-0.0894431487596295
4063,0.000959978664580056
4064,0.00283010998705339
4065,-0.103114666894792
4066,-0.0594513986514922
4067,0.0315336701879384
4068,-0.0544595934711446
4069,0.0329833765152072
4070,-0.107647108687304
4071,-0.0576714943102023
4072,-0.00279340382677749
4073,-0.0428321546780607
4074,-0.032341302419765
4075,0.0214075067919426
4076,-0.0230480603125134
4077,-0.0452132858977736
4078,-0.0182523544199127
4079,-0.0470707256645072
4080,-0.165881909368634
4081,0.0376990933448338
4082,-0.0361582348716834
4083,-0.0383206577732168
4084,-0.0358192480624315
4085,-0.0699463856143672
4086,-0.143539341934037
4087,-0.046091634477941
4088,-0.0434173394996319
4089,0.0186813421076424
4090,0.0166725950816056
4091,-0.0138412552801432
4092,0.035134007225459
4093,-0.0104663358767949
4094,-0.0084551500753469
4095,-0.0359508715373194
4096,0.0129390305427466
4097,-0.0599815114710051
4098,0.00445237060315093
4099,-0.100548843704175
4100,0.00555356490377064
4101,-0.0371949220974259
4102,-0.048806745717362
4103,0.0131094524214009
4104,0.00547596404902997
4105,-0.0735779260305074
4106,-0.0412088627616195
4107,-0.0771332571651059
4108,-0.0765084792102065
4109,-0.0177878031447322
4110,-0.0778987334196634
4111,-0.0104527664947941
4112,0.0555188861822612
4113,-0.0146490498592066
4114,-0.100158285249795
4115,-0.0532200363549249
4116,-0.038930499877211
4117,0.00598319831753852
4118,0.0187808985772082
4119,0.0294341412142397
4120,0.0156630085428813
4121,-0.103600654034228
4122,-0.00372678444911083
4123,-0.034886535785975
4124,-0.0431851755140902
4125,-0.00813352869405438
4126,-0.00454942801272897
4127,-0.0490679647921188
4128,0.0191150450129261
4129,-0.0437025023726959
4130,-0.00681414614355738
4131,-0.116213141775523
4132,1.04684769838593e-05
4133,-0.0603630846189116
4134,0.020160008033171
4135,-0.0246646826598338
4136,-0.00930827539495522
4137,-0.066687189361162
4138,-0.104268008462961
4139,-0.0260778845528382
4140,0.026803245277922
4141,-0.094582105000206
4142,-0.0591045878094596
4143,-0.029696525519754
4144,-0.0120332301722573
4145,0.00955579410238434
4146,-0.0287406597570841
4147,-0.0631537337318772
4148,-0.0425394037662511
4149,0.0088190004113678
4150,-0.0102430221110971
4151,-0.0644087402392594
4152,-0.0122448989267001
4153,-0.0505036781468368
4154,-0.0293753048805304
4155,0.0893612624517861
4156,-0.0567427942946821
4157,-0.0430896500826159
4158,-0.0236899077648193
4159,-0.086881565696414
4160,-0.0135104781212015
4161,0.0334400317917219
4162,-0.0279972567435797
4163,-0.0160746802918154
4164,0.00115435133538995
4165,-0.0570673333559683
4166,-0.0592895835826772
4167,0.0201109553687849
4168,-0.0457809458709747
4169,0.0129667369113064
4170,-0.0298406666130204
4171,0.0165776059231336
4172,-0.0275787419831053
4173,-0.0933137079500751
4174,0.0181945579156519
4175,-0.0326631367514075
4176,0.00751395555496458
4177,-0.00187773503135875
4178,-0.0279253058409575
4179,0.0200869311106146
4180,0.00751669933157214
4181,-0.0187700321241008
4182,-0.0631534265643047
4183,-0.0110617925787236
4184,-0.0177809777595524
4185,-0.0232964868345976
4186,0.0307827890076118
4187,0.0166048546267594
4188,-0.0547926507979605
4189,-0.0589516149708687
4190,-0.0498304736920063
4191,-0.0415623188529144
4192,-0.0577117494575814
4193,-0.0316354799186225
4194,-0.0710861338961335
4195,0.0025226015067118
4196,-0.0243122214544741
4197,0.00358743941783441
4198,-0.0719539300957147
4199,-0.0114313492192088
4200,-0.0335520351725955
4201,-0.0340789091633989
4202,0.00707262011855161
4203,-0.0107820952098584
4204,0.0296470150671662
4205,-0.0478207876382366
4206,-0.00762746874977656
4207,-0.0112192626877913
4208,-0.0611126852240025
4209,-0.0255637413591055
4210,0.0413927941281952
4211,0.0187755958248279
4212,-0.0459865453207834
4213,-0.0327918887194283
4214,-0.038482634673923
4215,0.0374464284397308
4216,0.0212862118680554
4217,-0.0452382062184297
4218,-0.0715388405210383
4219,0.011613791501216
4220,0.00960347275185561
4221,-0.0144199524446696
4222,-0.10559188340905
4223,-0.0798049843302483
4224,-0.0191653312330915
4225,-0.0346996561921967
4226,-0.0209807303370323
4227,-0.0203882975324954
4228,-0.0555836014874389
4229,0.00595568505303499
4230,-0.0250385576446247
4231,-0.0238007498781517
4232,0.00816064841163006
4233,-0.0387487794571251
4234,0.00583404813335337
4235,-0.0685405440572085
4236,0.00750622280871439
4237,-0.125295246193756
4238,-0.0088535434644143
4239,0.0355793612583746
4240,-0.0276203764139314
4241,-0.0172064270072409
4242,-0.00848000800238362
4243,0.0436250383786564
4244,-0.0414365616683423
4245,-0.0380379802466584
4246,-0.126481771459143
4247,-0.0921594766084734
4248,0.00747381289158505
4249,-0.0317831237949169
4250,-0.0262688741821923
4251,-0.0470678913798345
4252,-0.0286475773083465
4253,-0.020548332941203
4254,-0.0110932540191747
4255,0.0132776540191551
4256,-0.0544377567433253
4257,-0.0123203264052572
4258,-0.0103542047269233
4259,-0.0564591242709777
4260,-0.039943476217461
4261,-0.0152750328541464
4262,-0.0166342631815022
4263,-0.0292879564161427
4264,0.0150357921282246
4265,-0.00833433335747813
4266,0.00662975847395947
4267,0.0518253905380063
4268,-0.0337054640588102
4269,-0.00985688835367921
4270,-0.012246447871819
4271,-0.0315763133343686
4272,-0.047254104631794
4273,0.0131742614425176
4274,0.0095540120804996
4275,0.00815573619375105
4276,-0.0318115137132587
4277,-0.0492347972933146
4278,0.0421919750420219
4279,-0.0326067853775603
4280,-0.0156218548158415
4281,0.00173321556693323
4282,0.0219066306812112
4283,-0.0326666823511287
4284,0.0336505582241465
4285,-0.0402958415423206
4286,0.0117741353185228
4287,0.0428102082349959
4288,0.0208512415007482
4289,-0.0273852878999418
4290,-0.00577280128772312
4291,-0.0974330043012368
4292,-0.0795653070618059
4293,0.0413602968111751
4294,-0.0533060861840098
4295,-0.0145882750995261
4296,0.00941091819517634
4297,-0.00150064869693401
4298,-0.0349667475357067
4299,-0.0335942628043843
4300,0.0407233789394278
4301,-0.118623221851041
4302,-0.0068693992410725
4303,-0.0479626454642236
4304,-0.0418409122339765
4305,0.0363756057097182
4306,-0.0833764061210756
4307,-0.0745376328622687
4308,-0.106195749746263
4309,-0.102099227846587
4310,-0.00867136143275038
4311,0.0324364026768521
4312,-0.00206938507364327
4313,-0.0401758903442147
4314,0.00134307420563947
4315,-0.0434790248647235
4316,0.00642055765559927
4317,-0.0196723104984071
4318,0.0222716342877899
4319,-0.00837385319731894
4320,-0.0212969234465993
4321,-0.000289707593401782
4322,-0.0605047223216566
4323,-0.0254281141932398
4324,-0.0725073483623634
4325,-0.0292220911283362
4326,-0.0281975475782656
4327,-0.0264998634761131
4328,-0.000208049233899084
4329,0.0398459844966724
4330,0.0365251162604853
4331,-0.0371669391161436
4332,-0.0226441803694248
4333,-0.0192571973699407
4334,-0.0484218391268303
4335,-0.0598990179503739
4336,-0.0304303810307015
4337,-0.0502427144113698
4338,0.0403932302298306
4339,0.0168624133744613
4340,-0.0184224501154719
4341,-0.0523300087335259
4342,-0.00659428819319253
4343,-0.00871235646078864
4344,-0.0667041580482391
4345,-0.0700734823627819
4346,-0.102830642244249
4347,-0.0217405069333159
4348,-0.0570181091274247
4349,-0.0533750323670902
4350,0.00699410441297816
4351,-0.00709323205514034
4352,-0.0259403992959787
4353,0.00601083154588556
4354,0.0240420667548857
4355,-0.0223505386541017
4356,0.00612362252676589
4357,-0.019913229007818
4358,-0.0894601720353007
4359,-0.0544761646324763
4360,0.00924909729885715
4361,-0.0258375318701102
4362,0.0133417859050695
4363,-0.00357389960632765
4364,0.0417106322206415
4365,-0.0484865402626482
4366,-0.0148948581232943
4367,-0.00104827556535276
4368,0.0467762993061078
4369,-0.0355534194048121
4370,-0.0461242132372979
4371,-0.0043266279906288
4372,0.0156611623686773
4373,-0.0196800874095268
4374,-0.025413232955543
4375,-0.0452122632895957
4376,-0.0243221660016742
4377,-0.0276114935229892
4378,-0.101556970296948
4379,-0.0481354099736085
4380,-0.036972013774095
4381,-0.0986514000578611
4382,0.0493576173864386
4383,0.0170486045363419
4384,-0.0129631220032463
4385,0.0300858286683868
4386,-0.0335005809363792
4387,-0.0174175669227602
4388,0.0163161066719157
4389,-0.0401470459864788
4390,-0.00442343176827823
4391,-0.0225987559838238
4392,-0.0617678627704014
4393,-0.020368882618135
4394,-0.0120609039203944
4395,-0.0274494267687552
4396,0.00671283361301613
4397,0.0310698797509633
4398,0.0343312518906454
4399,0.00846257143419765
4400,-0.180765277971007
4401,-0.00749294883946043
4402,-0.107600733179067
4403,0.013300158269215
4404,-0.00600481847999191
4405,0.0713038370104984
4406,0.0212392904131599
4407,-0.0125606678827875
4408,-0.00197618851437003
4409,-0.0403854899931627
4410,0.0376502224087412
4411,0.0123752991659622
4412,0.0520196359598101
4413,0.0315771919476125
4414,0.0436242789086969
4415,-0.0100225279010561
4416,-0.00850621015275496
4417,-0.000516546144718853
4418,-0.0209197366794927
4419,-0.0236914888868798
4420,0.0223204261344217
4421,-0.0866778553652306
4422,-0.0543987789925684
4423,-0.0400594251446561
4424,-0.0304149855794988
4425,-0.00818387942538621
4426,-0.0216109413183049
4427,-0.0450815437874511
4428,-0.0347124204761457
4429,0.0321856547032638
4430,-0.0258542885720373
4431,-0.0482936980810479
4432,-0.0236327628391817
4433,-0.00669261042977941
4434,-0.040706868900639
4435,0.0280273183328926
4436,0.014573394243682
4437,0.0513804326535768
4438,-0.0564320319007044
4439,-0.0133099236327178
4440,0.0233627660543111
4441,0.0311995253467521
4442,0.0143432168559698
4443,-0.0125838596147276
4444,-0.0355804188432445
4445,0.047675990345296
4446,0.00378917339615244
4447,-0.0533895777848831
4448,-0.00397894719956274
4449,-0.133854766137435
4450,-0.0656539182955974
4451,-0.0188729981727201
4452,-0.0292905087594855
4453,0.00387918286354423
4454,-0.0780972212486658
4455,0.0110602222773531
4456,0.00193419903126503
4457,0.010083479556563
4458,0.025084120519385
4459,0.0210442713074321
4460,0.0190825971694818
4461,0.0173840813186818
4462,0.0541971813575301
4463,-0.0440230036867422
4464,-0.00617637630947571
4465,0.00465318247061171
4466,-0.0335329464400418
4467,-0.026453182909753
4468,-0.0264422640353062
4469,-0.0196055401955947
4470,-0.0155278928062025
4471,-0.0405124511210042
4472,-0.0240451892652889
4473,-0.0697443554819389
4474,-0.0232079885300942
4475,0.00935014521149602
4476,-0.0262003755381278
4477,0.00643507419973773
4478,-0.0229700784626057
4479,-0.00321010699973994
4480,-0.00161746162688292
4481,-0.0743062939676285
4482,0.0132530795657365
4483,0.0382723208919591
4484,-0.0632719642998224
4485,-0.0283078043661783
4486,-0.0228497188725168
4487,-0.0133181067845052
4488,0.0230881274460891
4489,-0.0845073999438661
4490,-0.0123977990399653
4491,0.0312760253785273
4492,-0.0284026026352283
4493,-0.0266759969872196
4494,-0.00242633452678044
4495,0.00579263561247364
4496,-0.0157813478510094
4497,0.0106310888470959
4498,0.0154416282608774
4499,-0.0639380899388229
4500,-0.00228395587436633
4501,-0.0607550418979514
4502,0.0172990526530396
4503,-0.00869096840086609
4504,-0.0323594345535702
4505,0.0102624035291329
4506,0.0236342029063067
4507,-0.0396060945887584
4508,-0.0455558999798532
4509,-0.0926644504790803
4510,-0.0271731123725051
4511,-0.0476156243203411
4512,-0.0255134919579482
4513,-0.0921534197992553
4514,-0.0534604297294332
4515,0.0602208559459103
4516,-0.0343361078490673
4517,-0.00846511640651541
4518,-0.0615366728423842
4519,-0.0372797557158693
4520,-0.0102698524488781
4521,-0.0220684121626783
4522,-0.00967057980924387
4523,-0.122983679717106
4524,0.038937568655026
4525,-0.0549476211295673
4526,-0.0015996021583446
4527,0.0412543088237636
4528,-0.0452289736243444
4529,0.00143597461859329
4530,0.0177136843181803
4531,0.0506038193124499
4532,-0.00372668885156951
4533,-0.0457071184214623
4534,-0.0206316821183093
4535,0.0227007740957267
4536,-0.0698816732075337
4537,-0.0661271368840128
4538,-0.0833187047649394
4539,-0.0213840989994631
4540,0.0145759227963488
4541,0.0412518508661227
4542,-0.174986701841643
4543,0.0156729381684055
4544,-0.0363807157947307
4545,-0.0120371743280667
4546,0.0175101426184088
4547,0.0414310100848128
4548,0.0525314828100311
4549,-0.0303746731385287
4550,-0.0469752638086959
4551,0.0234154812987028
4552,-0.0488868709420562
4553,0.0372823437869482
4554,-0.0576676444868045
4555,-0.02663698500804
4556,-0.0162535760708148
4557,-0.0610717003295869
4558,-0.014624732701039
4559,0.0258030538305393
4560,0.0783476131113247
4561,-0.0114947884184622
4562,0.00617526255291431
4563,-0.0866248450606774
4564,-0.0361247981625194
4565,-0.000305403620107249
4566,-0.0298951071816367
4567,0.0244862430032341
4568,0.0120042457805345
4569,-0.0516583815473871
4570,-0.0391438436619328
4571,0.0413366222433238
4572,-0.109258709764976
4573,-0.00944657798145656
4574,0.0233013972665097
4575,0.000692255892485273
4576,-0.0455727953928812
4577,0.0801060307561164
4578,0.0183971317076625
4579,-0.0997413920490502
4580,-0.000604166883256762
4581,-0.023866539700532
4582,-0.00224703038278007
4583,-0.0366564467339967
4584,-0.0248205127099849
4585,0.0097677720365879
4586,0.0510666898419591
4587,-0.0206514208351523
4588,-0.068600939310395
4589,0.0540220635380528
4590,-0.0793770949720947
4591,-0.0863607054023797
4592,-0.081345332525041
4593,-0.0116563089340413
4594,-0.0219726087699987
4595,-0.050431494527881
4596,-0.0242139739731681
4597,-0.0365147433747124
4598,-0.0963699681019335
4599,-0.0159282519878209
4600,0.0126947772878327
4601,0.0106940427702112
4602,-0.0303190773194956
4603,0.0133807588613637
4604,0.0169312098696686
4605,-0.0872834482967076
4606,-0.0362827235125079
4607,-0.0308587516153716
4608,-0.0029385312012723
4609,-0.0342376326760544
4610,-0.0416832028664519
4611,-0.051429839073796
4612,0.00303297478107014
4613,0.00925636781965524
4614,0.00466140489636459
4615,0.0304701587872921
4616,0.0118540130072145
4617,0.0589889391402506
4618,0.0154639808800017
4619,-0.0957832410941585
4620,-0.072747070684858
4621,-0.0394942388395285
4622,-0.0713168343274247
4623,0.00765898058703386
4624,-0.0439309492138715
4625,0.0382248318935137
4626,-0.0743486035489639
4627,-0.0215637328096271
4628,-0.0260637434746191
4629,-0.0195694984696755
4630,0.0153819659289563
4631,-0.021396033864563
4632,-0.0477332795659831
4633,-0.0347913684951846
4634,-0.0262463908624059
4635,0.00706205997158968
4636,-0.00223719774484926
4637,-0.0134786912378219
4638,0.0146905087543248
4639,-0.0277358530141627
4640,-0.00343775264555784
4641,-0.0375233437638638
4642,-0.0428716277875338
4643,0.030426337095719
4644,-0.0454612023322466
4645,0.00448080307804585
4646,0.0276724695019761
4647,-0.0159951636724194
4648,0.00818029029192759
4649,-0.0494930634804041
4650,-0.0359879120617279
4651,-0.0130074771682619
4652,-0.00687843960921164
4653,-0.0919238789634416
4654,0.0446385972195791
4655,-0.0169970284014661
4656,-0.0218459860052989
4657,-0.0804775345280665
4658,-0.0650962998527954
4659,-0.0115862830373184
4660,-0.0168226545522054
4661,-0.0302474120303446
4662,0.0336044601386194
4663,0.00823390982292583
4664,-0.0143171417917099
4665,-0.00813373920490717
4666,-0.0430041586117371
4667,-0.0114981285756481
4668,-0.127314963129147
4669,0.00592259379676973
4670,9.39702101240597e-05
4671,-0.00544469690510646
4672,-0.0172972392798439
4673,0.0307421989213553
4674,-0.0541789034390392
4675,-0.0156334173579419
4676,0.0499214804613167
4677,-0.0792482247965484
4678,-0.0415023609139272
4679,0.0118479707499633
4680,-0.059527612728113
4681,-0.0283653168284109
4682,-0.0484544928941188
4683,-0.0508077892458405
4684,0.0517357682485576
4685,-0.0642782092893913
4686,-0.0450373224686009
4687,-0.0851037462077809
4688,-0.0520716462867736
4689,-0.0529824960637951
4690,0.063609336608862
4691,-0.00539647128929803
4692,-0.00154690309483815
4693,0.0209267181814891
4694,-0.0226104198039779
4695,0.0656283778246874
4696,-0.0260159357400375
4697,-0.0767255292409021
4698,-0.0637286323612413
4699,-0.0305925441318759
4700,-0.0211546706209805
4701,0.0142824220220067
4702,-0.0422985795906009
4703,-0.0492615929905153
4704,-0.0561544130252509
4705,-0.107591114431876
4706,-0.0431202889307296
4707,-0.0594179883832804
4708,0.0289493769938073
4709,-0.0353829452241321
4710,-0.0725382138606468
4711,-0.021995098267906
4712,-0.0815543405047162
4713,-0.0491038820219367
4714,-0.0249984136595375
4715,-0.0335400966666354
4716,0.00139207191391724
4717,-0.12678894477299
4718,0.00974805898640962
4719,-0.00965437355936893
4720,-0.0258980933502415
4721,0.0661807788746516
4722,-0.0539962076590722
4723,0.0170700214459716
4724,-0.0280361083192477
4725,-0.0783896785621398
4726,0.0278049190982871
4727,-0.0157178200478314
4728,-0.00967897990882709
4729,-0.0382417956241163
4730,-0.162979782584897
4731,-0.00523552815752418
4732,0.00404187974783236
4733,-0.0334584952893344
4734,0.0160665152956658
4735,-0.0515648647639778
4736,-0.042459914381996
4737,-0.0355324067834078
4738,0.0199186731329711
4739,-0.0305769720088908
4740,-0.0291916775778382
4741,-0.0406110963147229
4742,0.0299620457656328
4743,-0.0418691865835303
4744,-0.00538724621043845
4745,0.00431733464754522
4746,-0.0365075210811323
4747,-0.0243208711872841
4748,-0.0862436859193243
4749,-0.0571389784561151
4750,-0.0400882068473783
4751,-0.00633483084888463
4752,0.00324041826759069
4753,-0.05812186915942
4754,-0.000215056026462382
4755,0.0148672487166143
4756,-0.011073047327228
4757,-0.0624637327768453
4758,-0.0364140143120986
4759,0.0235716590889247
4760,-0.0821577238109211
4761,-0.0375327015270915
4762,0.0108102692555108
4763,-0.0363478058217925
4764,-0.0269917841079836
4765,-0.0630075730329653
4766,-0.0478930154458201
4767,-0.0380744515276707
4768,-0.0494053806577419
4769,-0.0228236898826634
4770,-0.0641508167184614
4771,-0.056617744416396
4772,-0.0269768580359688
4773,0.0305091361842966
4774,0.00521141099435244
4775,-0.00722442782179999
4776,-0.00675444074096522
4777,-0.0106047196620152
4778,0.00665845558807668
4779,-0.0334409953244054
4780,-0.0800838466260045
4781,-0.071467506722338
4782,-0.0841328119869153
4783,-0.0197574091708889
4784,-0.01421778109447
4785,-0.0534169944792502
4786,-0.0663327563632495
4787,-0.0230506070982171
4788,-0.0403173196872681
4789,-0.00940957271863029
4790,-0.0635259256268954
4791,-0.0129378998940628
4792,-0.119751208596691
4793,-0.0676638590406006
4794,0.0173478212185855
4795,-0.032471107805762
4796,-0.00015042462153176
4797,-0.0194572512136789
4798,0.016153463877021
4799,0.00265692197954095
4800,0.0444343258291437
4801,-0.111476841469939
4802,-0.0139045121371439
4803,-0.0462183177334966
4804,-0.0464358055824822
4805,0.0348028516426061
4806,-0.000351858697947467
4807,-0.0789317818881619
4808,-0.000129922949148011
4809,-0.0405018361969105
4810,-0.0294149741575583
4811,-0.045514756686732
4812,0.0212179347659847
4813,0.0307234064617199
4814,0.0162824029570639
4815,0.00860877739088695
4816,-0.040902302428297
4817,-0.0764802982220208
4818,0.0231356899433533
4819,-0.0577412501955085
4820,-0.0436329514273725
4821,-0.0437547564416076
4822,0.0330490397857533
4823,-0.0441067676135352
4824,-0.0524197955241588
4825,-0.0182663459905256
4826,-0.0334458986618023
4827,-0.0256970916937827
4828,0.0176542884054546
4829,-0.0466373657543811
4830,-0.058971792495148
4831,0.000553597629273758
4832,-0.0419244662849496
4833,0.0234640728908532
4834,-0.0138370090160914
4835,0.0906584507816719
4836,0.0110642853091895
4837,0.032716820621736
4838,-0.070112047409533
4839,0.0359959909399124
4840,0.00820753771970528
4841,-0.0331276000296244
4842,-0.0641608652743704
4843,-0.0873765070321382
4844,0.011402193435128
4845,-0.123304054887421
4846,-0.0438917927555542
4847,0.0355936465807249
4848,-0.028349375291569
4849,-0.00914775831313138
4850,-0.0349914957629861
4851,-0.0272792301141617
4852,0.0476800836365679
4853,-0.020497158941806
4854,-0.0737548977584422
4855,-0.0861092109995469
4856,-0.0675412358341888
4857,-0.00505299807135131
4858,-0.0707092269634724
4859,-0.161336028607879
4860,0.0170829357477461
4861,0.00936812245493498
4862,0.0182920059269083
4863,-0.0112028901630694
4864,-0.0544165400572132
4865,-0.053464764385246
4866,-0.0574228915904999
4867,0.0382608039285714
4868,-0.0354840130637122
4869,-0.0114126353489753
4870,-0.0820513796407378
4871,-0.0374349598338245
4872,-0.0231908059687887
4873,-0.0475871581737849
4874,-0.0406902875592726
4875,0.0507767113222448
4876,0.0218165411314207
4877,-0.0471766223408904
4878,0.0194898282149483
4879,-0.0146255982139204
4880,-0.0345768546060159
4881,-0.0632525526785219
4882,0.0123855039058014
4883,0.0132447688751405
4884,-0.0282900627693663
4885,-0.0731937486158037
4886,0.0070025652825925
4887,0.0119336275498944
4888,-0.00299873791099646
4889,-0.00392296585175836
4890,-0.010335160912869
4891,-0.0707768036988369
4892,0.0130608447419499
4893,-0.0189107393297083
4894,-0.0293460017119079
4895,-0.0295581470743534
4896,0.00967855721284726
4897,0.0258328089444474
4898,0.061575179525176
4899,-0.0402058355660934
4900,0.00195205754767941
4901,-0.053463612407339
4902,-0.00946005635441615
4903,-0.0421201833774404
4904,-0.0788013089025705
4905,-0.0307793434765751
4906,-0.0728308172220275
4907,-0.000481481992125797
4908,-0.0340853210635097
4909,-0.0271300979445458
4910,-0.0416790035683707
4911,-0.00258012716659943
4912,-0.0261464057942964
4913,-0.0548056556802682
4914,-0.0809371124113487
4915,-0.0347211530549799
4916,-0.0730742887759932
4917,-0.0668710888402151
4918,-0.0183782819814439
4919,-0.0102171941211974
4920,-0.0397980512202028
4921,-0.0329433673024504
4922,-0.0187670641040698
4923,-0.12900714791885
4924,-0.0796656016661449
4925,0.0198215618815169
4926,-0.00839543943483135
4927,-0.0393446648568529
4928,-0.0814411883767233
4929,-0.00203105031179468
4930,-0.0609424921916057
4931,0.0180564538073414
4932,-0.00476218368900532
4933,0.0278079399897686
4934,0.0326225781855336
4935,-0.0294962180350141
4936,0.0370795781776233
4937,0.000103701648915406
4938,0.0405302031929828
4939,-0.113722188741751
4940,0.0219987116504849
4941,-0.0289823333606471
4942,-0.00607457721700898
4943,-0.0502550959710365
4944,-0.0285213513820393
4945,0.00824960838770878
4946,-0.017205165510429
4947,-0.0837283263526559
4948,-0.0113389684766836
4949,-0.00343176143254921
4950,0.00909898575501955
4951,-0.00978975679012389
4952,0.00210402309739257
4953,-0.12403310148929
4954,0.00227719043962331
4955,0.130240659181488
4956,0.0125478551114639
4957,0.000760060481858768
4958,-0.0225143082777111
4959,-0.12047719350374
4960,0.0273487680955738
4961,-0.0377603020150595
4962,-0.0162184617169927
4963,0.0127230941627623
4964,-0.0518348238243046
4965,-0.0503848138244216
4966,-0.0441711981469232
4967,-0.0888062880355748
4968,0.0121837422911239
4969,0.0183621898868004
4970,-0.020485460747263
4971,-0.024784797756488
4972,-0.0261529260300702
4973,0.0308469279473593
4974,-0.0848647306987417
4975,0.0177060896148017
4976,-0.124493614417736
4977,0.00722151292648686
4978,-0.0788307610984527
4979,-0.0108616421646944
4980,-0.0301630015012342
4981,-0.0398205853764595
4982,0.0325739298400302
4983,0.0469927118924544
4984,-0.0389601139568057
4985,-0.0490827786212991
4986,-0.0286782846336335
4987,0.0134461087240631
4988,0.0227819407835853
4989,-0.0563524159023431
4990,-0.018175136205513
4991,-0.00655805036636659
4992,0.0198620023270882
4993,0.00283029936655075
4994,0.00845983325748936
4995,-0.00671653134322547
4996,0.0276123263620169
4997,0.0264816636378286
4998,-0.0869508569091703
4999,-0.00364285714479192
5000,-0.040796817156863
5001,0.0232448207756434
5002,0.0156493975606236
5003,-0.0202156750147046
5004,-0.0601297446718869
5005,-0.0246463855260889
5006,-0.0217794718376102
5007,-0.0659101602053977
5008,-0.0456337800599779
5009,0.0154637521840289
5010,-0.0242825779656019
5011,-0.0151659579246651
5012,0.0305888555931027
5013,-0.00280078402346722
5014,-0.0491126178161514
5015,-0.036463892768599
5016,-0.0207015860913414
5017,-0.0614823038392436
5018,-0.0978554520141776
5019,-0.0158820372618164
5020,0.0329425104689772
5021,-0.00206836468076858
5022,-0.0178222088603473
5023,0.0025968225219543
5024,-0.0275224406951449
5025,0.00386767264511945
5026,-0.0315218061470271
5027,-0.0434268800727056
5028,-0.0577207738571942
5029,-0.0491515005584446
5030,0.0179439924431491
5031,-0.0747113352869854
5032,-0.00416103914296174
5033,0.0347654370509933
5034,0.0337949471649825
5035,0.0140352479611125
5036,-0.00681548573185469
5037,-0.149298395759823
5038,-0.0710153134183065
5039,-0.000321453251639937
5040,-0.0154962708082346
5041,-0.0371593763107801
5042,-0.0489667944374309
5043,-0.0372407245612546
5044,-0.0596221796784792
5045,-0.0320736063113253
5046,-0.0393767103107598
5047,-0.0179493693026045
5048,-0.0176727963305555
5049,0.059361480075112
5050,-0.151849355497392
5051,-0.0429852100289834
5052,-0.0341753666399337
5053,-0.00383339027000404
5054,-0.0455675506252544
5055,0.0209617547650911
5056,-0.055744231621387
5057,-0.0379940000526551
5058,0.00649578866243886
5059,-0.0287104647422574
5060,-0.0156147387429196
5061,-0.0315553211076342
5062,-0.0244896944943716
5063,-0.05175524225974
5064,0.0117722269865375
5065,0.00937162881945844
5066,-0.00240023946343719
5067,0.00627682658174237
5068,-0.0883712097671262
5069,0.0221457714136927
5070,-0.0573202230595343
5071,-0.0178986888458362
5072,-0.0237784620217647
5073,-0.029302203189462
5074,-0.0892935268903801
5075,-0.0253383475637708
5076,0.0010446655638578
5077,0.00603403375708553
5078,-0.100265149885311
5079,-0.0688106967070909
5080,0.0361335011282432
5081,-0.0171934825372653
5082,0.000979381905253036
5083,-0.0794581234907372
5084,0.012453192661187
5085,-0.00219563936418585
5086,0.00546217576307333
5087,-0.0306235290060541
5088,-0.00319531592861305
5089,-0.0520846302545137
5090,-0.0450368957548941
5091,0.0589469617877422
5092,0.0103390829430207
5093,0.0109503947294414
5094,-0.0406620465829316
5095,-0.0577701770727407
5096,-0.00739898948636947
5097,-0.00241225540191557
5098,-0.0150741120209256
5099,-0.0676484375872263
5100,0.0448440712703123
5101,-0.105389637756431
5102,-0.0365524439928676
5103,-0.0572213742341251
5104,-0.032798531930198
5105,0.00464039505918529
5106,-0.000893992804479456
5107,-0.0206307427759585
5108,-0.0191907281842228
5109,0.00362241505950194
5110,-0.0697204315813913
5111,0.00424308697739639
5112,-0.0751201385751902
5113,-0.0467003814203411
5114,0.0429071010560121
5115,-0.0107497263349099
5116,-0.0349611773580517
5117,0.0271384806425724
5118,-0.0757677982358891
5119,-0.0635736228064602
5120,0.0452784275235855
5121,-0.0252947032212114
5122,-0.0831691662161437
5123,0.0528410616268238
5124,-0.0541462972534357
5125,-0.0684606540849765
5126,-0.0336117099972873
5127,0.0441148032325486
5128,-0.0508033975973918
5129,-0.028993084614153
5130,-0.0196332574417001
5131,0.00434560848713708
5132,0.0119045858349546
5133,0.0200664587978697
5134,-0.042280270296613
5135,-0.0351515306771776
5136,-0.0190324617448709
5137,-0.0886342140897329
5138,0.0122715513790864
5139,-0.0585921449229891
5140,0.0134453573078101
5141,0.000656286917436822
5142,-0.11046700116728
5143,-0.0345851050126477
5144,-0.0381868852919348
5145,-0.0469873517720138
5146,-0.0543303877870792
5147,0.000335172231376144
5148,0.0710620452133227
5149,-0.0652168419134515
5150,-0.0580151292249955
5151,-0.0124993894657748
5152,-0.0112716594560518
5153,0.0057557397582605
5154,0.0302718184246137
5155,-0.0615374385233456
5156,-0.0401129582172165
5157,-0.0132366375037919
5158,-0.149426141961287
5159,0.00163693346100232
5160,-0.00757731070001105
5161,-0.0120600747709129
5162,-0.0709772501364684
5163,0.0121927959113783
5164,-0.0757711774965153
5165,-0.0182421730482675
5166,0.00720514101488237
5167,-0.0278749242958406
5168,0.0282684819661243
5169,-0.0153027425850083
5170,-0.0128262688632559
5171,-0.0990281319149494
5172,-0.0995721457209509
5173,-0.0117531012014591
5174,-0.0153746885089409
5175,-0.0145368365467756
5176,-0.00949646305592691
5177,0.0164291446386648
5178,-0.0173475723038756
5179,0.0107274240631088
5180,-0.0179529484059195
5181,-0.0331050983484862
5182,0.0123675499840678
5183,-0.10107580018945
5184,-0.124720672114734
5185,-0.00235303505516803
5186,-0.0272318916392625
5187,-0.0721983217599706
5188,-0.00844332820674518
5189,0.0066189235929698
5190,-0.0213581164874708
5191,-0.0388579587301733
5192,0.00335334886212009
5193,-0.0692558818144773
5194,-0.0595733023506708
5195,0.00167205439748761
5196,-0.0173151154080685
5197,0.00828142971028904
5198,-0.00285474660704309
5199,-0.0482233346670252
5200,-0.0565871735480991
5201,-0.0143451262278679
5202,0.0126834075860783
5203,0.000126804134043058
5204,0.0056192507483973
5205,0.0395000252358825
5206,0.0550240075083023
5207,-0.0413480012203854
5208,0.00929977655221033
5209,-0.057271673452919
5210,0.0108544322835916
5211,0.00694860598832377
5212,-0.0374337820629092
5213,0.00608170105534429
5214,-0.0484778015172932
5215,0.0333393187537674
5216,-0.0567297384060316
5217,0.0302577466741693
5218,-0.123815543495036
5219,-0.020350803559522
5220,-0.102775984908097
5221,-0.0412838223121181
5222,-0.0506591979717517
5223,-0.0043483841028661
5224,-0.0591499635578974
5225,-0.0511277000627146
5226,-0.010821138300313
5227,-0.00906416328061878
5228,-0.0327385600985342
5229,-0.061439240692467
5230,0.0462855126785275
5231,-0.00241312592769855
5232,-0.109727477393643
5233,-0.00906690962213788
5234,0.00792671982497392
5235,-0.0817531941063322
5236,-0.00169014436467985
5237,-0.00510224289781098
5238,0.0302672733256207
5239,-0.053591510852794
5240,0.00333870311471638
5241,-0.0202775338810891
5242,-0.0312370945886257
5243,-0.00975838271899881
5244,0.0251078965941906
5245,0.00217597825612011
5246,0.00238401802536176
5247,-0.101724849555654
5248,-0.0587777420830708
5249,-0.0780204817103515
5250,-0.0686167639920452
5251,0.0470462712749866
5252,-0.0120297946214144
5253,0.0375801141814229
5254,-0.0316878190342311
5255,0.0107745073871473
5256,-0.0418088692922006
5257,0.0175004461195695
5258,0.0131847504232135
5259,0.000835310496666281
5260,0.0118291865941439
5261,-0.0558953240090599
5262,-0.062147230189737
5263,-0.00690543179136828
5264,-0.0185760888311667
5265,-0.0058176363659358
5266,0.0160713290922391
5267,-0.0537860023929645
5268,-0.0138758292728801
5269,-0.0573950128649471
5270,-0.0516467928713856
5271,-0.0602890529076689
5272,-0.0173443770750745
5273,-0.071510265141133
5274,-0.0756733034413797
5275,0.00667830185558668
5276,-0.0345562322227556
5277,-0.084415690174369
5278,0.044103323856057
5279,-0.0862243558566753
5280,-0.115053426529817
5281,-0.0437972637553002
5282,-0.0649307876426985
5283,0.00310471284403229
5284,0.0288671780977952
5285,-0.0162651045437071
5286,-0.0392104072320268
5287,0.0160577085561102
5288,-0.018333949511228
5289,0.030857105763351
5290,-0.0261788892099585
5291,0.00476496143067144
5292,-0.0424609850696529
5293,-0.0601471444935055
5294,0.0118896806149061
5295,-0.0812733639132954
5296,-0.0218498403422875
5297,-0.0559098818271499
5298,0.00795281745768152
5299,0.050327884231653
5300,-0.0265119067519286
5301,0.0312692885124683
5302,-0.0268633338905144
5303,0.00441329921902752
5304,-0.0321286270749544
5305,-0.0473565096212741
5306,-0.0407641326228179
5307,0.0166471685413636
5308,-0.0229806527706441
5309,0.0297449967843476
5310,0.00286646701822645
5311,0.0281803516340213
5312,-0.0671198495269904
5313,0.00325871942376255
5314,-0.0475014824513513
5315,-0.0474609150111722
5316,0.0334241475704592
5317,-0.0476479054367178
5318,0.0221106909886621
5319,-0.0311112878007333
5320,-0.0340659514278923
5321,-0.00907874172697504
5322,-0.081574799859402
5323,-0.0150719473737841
5324,-0.0333862365589968
5325,0.00995232959271226
5326,-0.0117707594884621
5327,-0.0255066801617266
5328,-0.00821190131749956
5329,0.0156883501892583
5330,-0.110069305294927
5331,0.0274165926566969
5332,0.0306624727389961
5333,-0.0606886098015832
5334,-0.0397129882462454
5335,-0.0196056761248205
5336,-0.0372759896848945
5337,-0.0136265017476868
5338,0.000624847717206182
5339,-0.0267368077231797
5340,0.0352493291855929
5341,-0.0613743888291389
5342,-0.0246543542982949
5343,-0.0381012622891244
5344,-0.0777393140495149
5345,-0.077686770400417
5346,0.0283716603896618
5347,-0.0543829941596269
5348,-0.00300732556271731
5349,-0.0281790012459564
5350,-0.0875307608381024
5351,-0.0284229831243565
5352,0.0269653517591541
5353,0.056764943357263
5354,-0.042730193594064
5355,-0.0371050006605961
5356,-0.0465080279782898
5357,-0.0163084825855472
5358,0.0244505171593906
5359,0.0427917791307193
5360,-0.0026986764679549
5361,-0.00572728424788425
5362,0.0435480634096247
5363,0.0106039286219453
5364,-0.0222708892659102
5365,-0.0202273176210357
5366,-0.0316389819588686
5367,0.0474300981136972
5368,0.0253213404283103
5369,-0.0148926387424289
5370,-0.015900415458944
5371,-0.0486014197888953
5372,-0.0817491372325567
5373,-0.0577660277889271
5374,0.00828614361331858
5375,0.0487556325257926
5376,-0.0777373108438545
5377,-0.0188170881683792
5378,-0.0479340292647015
5379,-0.0194359410694985
5380,0.0109903055560246
5381,-0.0223086442905901
5382,-0.033846709938815
5383,0.0560115317490389
5384,-0.0108796718512518
5385,-0.0302314651949865
5386,-0.0140730596011687
5387,0.0275368320310398
5388,-0.0186732103348621
5389,-0.0253890503415819
5390,0.0125655723553918
5391,-0.0473866417932741
5392,-0.0235184944057081
5393,-0.00458487252749412
5394,-0.0270807797708455
5395,-0.0177499316445469
5396,0.0237480884118363
5397,-0.0457330536882078
5398,0.048653993056265
5399,-0.136162493810739
5400,-0.0502929078907407
5401,-0.0236028174192163
5402,-0.00470995550379253
5403,0.0206216544930455
5404,0.0128982518356387
5405,-0.0115798964532188
5406,-0.0215674479309121
5407,-0.0882724342905062
5408,-0.0634052171071242
5409,-0.091389968688249
5410,-0.00879581695629253
5411,0.0077099469193095
5412,0.00900663524412693
5413,-0.0176056464974863
5414,-0.033563058672362
5415,-0.0559761792502722
5416,0.0107320992955429
5417,-0.0612329375756209
5418,-0.0356851914565947
5419,-0.00200410329725132
5420,-0.0757383143366549
5421,-0.0742849645310659
5422,-0.0502726794283065
5423,-0.00783282524490386
5424,0.0632219852807148
5425,-0.00862433277026522
5426,-0.0589358239894556
5427,-0.0266657695284101
5428,0.0121326666899576
5429,-0.0365748790636021
5430,-0.0287787755445252
5431,-0.0126000965555335
5432,-0.0160460447865621
5433,-0.0500567157733284
5434,-0.00690135507081461
5435,0.00352477041318826
5436,-0.029022093808472
5437,-0.0169793759768672
5438,-0.0227360523602494
5439,-0.0373096274626001
5440,0.00568226087677716
5441,-0.0384928291617901
5442,-0.0595623321039231
5443,0.0496377853113483
5444,-0.0427917850228596
5445,0.0226653286217307
5446,0.0390587136863188
5447,-0.0361245875871966
5448,-0.0066697413585782
5449,0.0393653437417202
5450,-0.0386606157139789
5451,-0.0611987237388084
5452,-0.0100696595368101
5453,0.00508417719096518
5454,0.00498618632088484
5455,-0.00289706640700144
5456,0.0114037469618756
5457,0.0100675457504724
5458,-0.00913444046836953
5459,0.0199577765865808
5460,-0.0512965451379015
5461,-0.0175677636164107
5462,0.00566256163390765
5463,-0.00242574155094266
5464,-0.0777594080849481
5465,-0.0507168676899345
5466,0.0350855957130241
5467,-0.140647772233164
5468,-0.048268656741722
5469,-0.0553592127937045
5470,0.0398723415141791
5471,-0.0239796223112639
5472,-0.0463461318336612
5473,0.0248523004389276
5474,-0.0271831090164597
5475,-0.0422542297550021
5476,0.029012546006043
5477,-0.00432041179978509
5478,-0.00102444794664632
5479,0.000420055538217589
5480,0.0354253182176037
5481,-0.0649160605089901
5482,-0.0187336275452635
5483,0.0408426757820012
5484,-0.0854318626914797
5485,0.0212888166479468
5486,-0.0303637598280447
5487,-0.00832958314991183
5488,-0.00120862701924484
5489,-0.0444079092597517
5490,-0.0311629050334632
5491,-0.0406982356649192
5492,-0.0549756743468251
5493,-0.032477132749319
5494,-0.0285600058124603
5495,0.0594961637547699
5496,-0.0790312574938562
5497,0.0251271381333085
5498,-0.0851913889244482
5499,0.0162807791790362
5500,-0.00142357274201893
5501,0.0703618831952983
5502,-0.0271928328448255
5503,0.00464442379053705
5504,-0.019786775237868
5505,-0.0255626780475779
5506,-0.0079017080637768
5507,-0.0136828683375987
5508,0.00987219005252675
5509,0.03027962432627
5510,0.0115136414987217
5511,-0.0347137544138641
5512,-0.00561132796277537
5513,-0.0381784295580545
5514,-0.0203592927760066
5515,-0.0378510210693405
5516,-0.0413903709883232
5517,-0.0487001307039159
5518,-0.0192759102494183
5519,0.00350547018711705
5520,-0.0314681907391287
5521,-0.0767909805130999
5522,-0.00527428003899578
5523,-0.0321193634441616
5524,-0.0208757193905927
5525,-0.0230687906401604
5526,-0.0206890599332319
5527,-0.0284560476512025
5528,-0.00476642832769368
5529,0.0419471425764467
5530,-0.0764110766373132
5531,-0.0223980415862661
5532,0.056309392161037
5533,0.0377829702482944
5534,-0.00541581621323151
5535,-0.0143182549970399
5536,-0.0494760365405263
5537,-0.0312505104651781
5538,-0.0498820079535345
5539,-0.0739681685080204
5540,-0.0121474088518115
5541,-0.0239175019606096
5542,-0.0212598420028735
5543,0.0488869572299054
5544,0.00983664649778846
5545,0.0519993806203835
5546,-0.0472022508683056
5547,-0.0437699269368143
5548,-0.0760315898622356
5549,-0.038556621742173
5550,-0.0607551786760836
5551,0.0207750361868102
5552,-0.00214067430834915
5553,0.0821562453116829
5554,-0.047251629024791
5555,-0.10096964538351
5556,-0.00745949064911644
5557,0.0389168514486773
5558,-0.0667642979969647
5559,-0.0172831766854575
5560,-0.00150914013858596
5561,-0.00867669444690452
5562,0.0199025857797156
5563,-0.0327580823367926
5564,-0.0308365718041669
5565,-0.00542059494929148
5566,-0.0724358464323713
5567,-0.00537267793339877
5568,-0.00310919376655183
5569,-0.00713160958658459
5570,-0.0425751729706815
5571,-0.00376464840402874
5572,-0.0705991020781239
5573,-0.0673876765601888
5574,9.37402612696719e-05
5575,-0.0669902613827428
5576,-0.0234722111973887
5577,-0.00708499595131242
5578,-0.0829155434969912
5579,-0.00832452517737274
5580,-0.120422066911198
5581,-0.0605572279083332
5582,0.0187923484954491
5583,-0.00246075506994228
5584,-0.00644396774189383
5585,-0.0085164543024291
5586,-0.027946317057958
5587,0.00733481520053017
5588,-0.0132427294091802
5589,-0.0867526943717427
5590,0.00803666924220913
5591,0.0200565605397516
5592,-0.0239269407251907
5593,0.0158604732656204
5594,-0.0329745556722933
5595,-0.014968794831904
5596,-0.0710461904019697
5597,0.00491764890660016
5598,-0.0903381572229862
5599,-0.045199474405122
5600,-0.0524679774616625
5601,0.0240505823784791
5602,-0.082226042830245
5603,-0.0455547231501121
5604,-0.0352286726633995
5605,0.003771537242811
5606,0.04952276474199
5607,-0.0417539161347786
5608,-0.0165183302718515
5609,-0.0645330465083525
5610,0.00795135582306402
5611,0.00821731812139287
5612,0.00153450826663782
5613,-0.0590952591879585
5614,0.0542626915531687
5615,-0.00392358510253633
5616,-0.0337635874869551
5617,-0.0189009911511523
5618,0.018328613170998
5619,-0.0149756992666981
5620,-0.0854694740245488
5621,-0.00228693693833708
5622,-0.0184805793688291
5623,-0.0273531660857538
5624,0.00629460554368797
5625,-0.104019173680475
5626,-0.0598602635237362
5627,-0.060715381725339
5628,-0.090680383791213
5629,-0.0123383076955729
5630,-0.0226275437798818
5631,-0.018715714400733
5632,-0.0617599374633812
5633,-0.0229780054818424
5634,0.00348057966007913
5635,0.014806440107839
5636,0.00164707877212021
5637,0.0217253399744265
5638,-0.0475997654987279
5639,-0.0658528434997594
5640,-0.0280918897908295
5641,-0.0277642007105964
5642,-0.0194199273547031
5643,-0.0680305950877192
5644,-0.116851420837928
5645,-0.0571745962840192
5646,-0.0229560232310325
5647,0.0567099307641767
5648,-0.0703045531468772
5649,-0.0635937955097651
5650,0.0143228500680315
5651,-0.0855030899250627
5652,-0.0517266348266096
5653,0.01962796646918
5654,-0.0366913223496645
5655,-0.00782550988440007
5656,-0.0231568077664043
5657,-0.0287074647507086
5658,-0.043329722868933
5659,-0.0462871819282311
5660,-0.057373742915774
5661,-0.038500503856346
5662,0.016252686877328
5663,-0.00998681130239381
5664,-0.0392950150537543
5665,-0.0636082304572475
5666,-0.0361920477197409
5667,0.0149898949138594
5668,0.0148442335658055
5669,-0.00685541351063178
5670,-0.0363140257380198
5671,0.00264620583326663
5672,-0.00131385673191613
5673,-0.0592765273992169
5674,-0.0106832540293056
5675,0.00519546762723005
5676,-0.0671997144966242
5677,-0.0184040476012692
5678,0.0584989245284942
5679,-0.0107629623615358
5680,0.0147569884449566
5681,-0.0541337490529739
5682,-0.0681385345551156
5683,0.0134192729670909
5684,-0.0205718850131085
5685,-0.0770466190230203
5686,-0.0784422793802945
5687,0.0142152123205824
5688,-0.0264259543337318
5689,-0.0527027980040878
5690,0.0241471875015204
5691,0.0120104489734378
5692,-0.00932375091184951
5693,0.0174322896407195
5694,-0.00326873024753743
5695,0.00404395124227924
5696,-0.020509161118815
5697,0.0209604270573299
5698,0.00297024767015703
5699,-0.00651320917211632
5700,-0.0272476389124509
5701,-0.0173770266920539
5702,0.0225623374837784
5703,-0.0663831371617503
5704,-0.0805223160953432
5705,0.108800360875438
5706,-0.0510906435251992
5707,0.0642488974743614
5708,0.0116642805788134
5709,0.0488838571439656
5710,-0.0753564958156432
5711,-0.0101788462932293
5712,0.0125488807496365
5713,-0.110231230943953
5714,-0.0471401823145677
5715,-0.00215630649417327
5716,-0.0261777428557814
5717,-0.0618111272477195
5718,-0.0634324136910164
5719,0.00783960109611113
5720,-0.0584360767787472
5721,0.028116591791218
5722,-0.0238917056773918
5723,0.00690346882437432
5724,0.0495836503420124
5725,-0.0173631622729934
5726,-0.0357471921127349
5727,-0.010164600855208
5728,-0.0308676097772702
5729,-0.0306400196284935
5730,0.00459276537454129
5731,-0.0741998008374132
5732,0.104479336387508
5733,-0.0475112501282447
5734,-0.0663679395110964
5735,-0.120819139129339
5736,0.0169631967858371
5737,0.0124481243948327
5738,-0.0283201634233294
5739,-0.0275190124598395
5740,0.0230738327779647
5741,0.00074667313661116
5742,-0.0278012992865554
5743,0.00564243368813745
5744,-0.0372547599434181
5745,-0.0650597495346654
5746,-0.0232096012232404
5747,-0.00857598527413526
5748,-0.0252842215707747
5749,-0.0860835645361892
5750,-0.0693919239659925
5751,0.023683783662117
5752,-0.0217202817577014
5753,0.0383718830979614
5754,-0.00953440933209675
5755,0.00138799185560441
5756,0.0285604097830778
5757,-0.0597864518138185
5758,-0.0059294516299358
5759,-0.00523021126698037
5760,0.00186633165752057
5761,-0.0466268908652438
5762,-0.036862445777641
5763,-0.0166796130708195
5764,-0.0849426556862242
5765,-0.00141112443688329
5766,0.0162766573860226
5767,-0.0796950405819235
5768,-0.0613542781558213
5769,-0.0723865413426011
5770,-0.0117057212389382
5771,-0.0209270566648649
5772,0.0551686773278494
5773,-0.0479073066132049
5774,0.0125628426731005
5775,0.0147500201037786
5776,-0.0992636507472473
5777,-0.0316648990726887
5778,0.0660601793597888
5779,0.00480596926499078
5780,-0.0293651979654681
5781,-0.0643375890984902
5782,-0.0172090103469958
5783,-0.0371108453644416
5784,0.043050277968986
5785,-0.0583970679972836
5786,-0.0171847580162403
5787,-0.0249841380674059
5788,-0.0518277539480652
5789,0.0364977660543134
5790,-0.0609933410380519
5791,-0.0315648248928331
5792,0.0333412244652042
5793,0.0117223482628919
5794,-0.117053941628094
5795,-0.00536058619379769
5796,-0.0567968757541142
5797,-0.0582635029390907
5798,0.012001608126393
5799,-0.020712818403275
5800,-0.0307548881873025
5801,0.076778196976386
5802,-0.0515738274630117
5803,-0.0840538623426079
5804,-0.0339376872920703
5805,-0.00872984486830716
5806,0.0047727776324824
5807,-0.00328990019908524
5808,-0.0446044004462547
5809,-0.0802956953746774
5810,-0.0501437740139221
5811,-0.0234353011652505
5812,-0.0319121561545254
5813,-0.00154522782995037
5814,0.040038710588379
5815,0.00400257954174676
5816,-0.0811811430341116
5817,-0.0266505508034887
5818,-0.0614851521143973
5819,0.0172717368855204
5820,-0.0378605079248466
5821,-0.0339701954344962
5822,0.0322075456685211
5823,-0.0426716003089103
5824,-0.0471435338551086
5825,-0.0746496147775211
5826,-0.0812780613590621
5827,-0.00767993988944389
5828,0.00966414047258026
5829,-0.00726505959616244
5830,-0.0598822389545001
5831,-0.0285862244615024
5832,0.0159793308241638
5833,-0.0448002232270191
5834,-0.0410369152968923
5835,-0.00173937735924401
5836,0.03596418063034
5837,-0.0331593382733603
5838,0.00990159397735759
5839,-0.0783743348666033
5840,-0.011997814386582
5841,-0.00457998779935523
5842,-0.00457568475398316
5843,-0.0123498419765605
5844,-0.0678274417196612
5845,-0.0397968967590993
5846,-0.138093284114576
5847,-0.0925404165207582
5848,-0.0187120121234511
5849,0.0539303125131196
5850,-0.0229278942547143
5851,0.0611889946059154
5852,0.0112379868111319
5853,-0.00197004696233356
5854,-0.0657392360628091
5855,0.00386551497516315
5856,-0.00792741925045498
5857,-0.0215565901207377
5858,0.00721694869811116
5859,-0.0855298333709695
5860,-0.0114550458844081
5861,-0.0296730151192608
5862,-0.00772144735173095
5863,-0.0289989082615851
5864,-0.0464109721976512
5865,-0.069827227820333
5866,-0.0249706832524015
5867,-0.0354751044824229
5868,-0.0345520905133243
5869,-0.0585035965406998
5870,-0.0249284485523735
5871,0.0403946445359491
5872,-0.0185795768199331
5873,0.00301291249144779
5874,-0.000945435046974093
5875,-0.0773859252878494
5876,0.0276635770644833
5877,0.00554414808967013
5878,-0.0432965145894333
5879,0.0775473268855405
5880,-0.016357798251751
5881,-0.00896858035262122
5882,-0.0341556368466463
5883,0.0058666783593788
5884,-0.00641261327966517
5885,0.0226266031815564
5886,-0.00558662606369328
5887,-0.0450059792074583
5888,-0.0230035609339705
5889,-0.00992295484830449
5890,-0.0659326815752219
5891,-0.0542963979404005
5892,-0.044351540087357
5893,0.0512126796795626
5894,-0.0595202315960651
5895,0.0241732986545796
5896,0.0185525232779472
5897,-0.0501030535170486
5898,0.00946678573750599
5899,0.0366076210901739
5900,-0.0176093107425927
5901,-0.0547724828502655
5902,-0.0125011016782253
5903,-0.0115379871098592
5904,0.0342218023429031
5905,-0.0421123812573147
5906,-0.0539640698201108
5907,-0.0493696401579894
5908,0.0338789347403146
5909,0.0189218784904357
5910,-0.0104321614281365
5911,-0.0561217721271228
5912,0.0648390236160633
5913,-0.044685964357565
5914,0.02317112616089
5915,-0.00941689319014307
5916,-0.0663762611705875
5917,-0.0254735761784072
5918,-0.0284264533961489
5919,-0.0181905806000879
5920,0.00421696177273591
5921,0.0241751520309407
5922,0.0115011447527625
5923,0.0202448141246238
5924,0.017453598170118
5925,-0.019953250499972
5926,0.011593910391671
5927,-0.0635132053429087
5928,-0.0230803485911376
5929,-0.0470259769296139
5930,0.0237737886658041
5931,-0.0702321725242303
5932,-0.0172800568930368
5933,-0.0190466311399763
5934,-0.0713312850940169
5935,-0.017205732689386
5936,0.00607091937437467
5937,-0.0622025426687333
5938,-0.0751223022856952
5939,0.0667758822027164
5940,0.0184251033128566
5941,-0.062225657516641
5942,-0.00823044918932054
5943,-0.0303263263028122
5944,-0.100231367878068
5945,-0.141823768984955
5946,-0.0494437866381215
5947,-0.0396257309444038
5948,0.00164863703378686
5949,-0.0515918894228141
5950,-0.0392234846593001
5951,-0.0194067272977042
5952,-0.050474340001905
5953,-0.0385294011399158
5954,0.0732645876825173
5955,-0.0215808037713764
5956,-0.0908271054313719
5957,0.0453031424639466
5958,-0.0411354261539949
5959,0.0374325920125486
5960,-0.060502175361217
5961,0.0472277158034754
5962,-0.0431873997053326
5963,-0.00607396440543698
5964,-0.0396073762092015
5965,-0.0765009566883151
5966,-0.0740876584603087
5967,-0.0229804259179975
5968,-0.0279329130221619
5969,0.0236816336971045
5970,-0.00291559173683674
5971,-0.0819772723228877
5972,0.00771254820187892
5973,-0.0395449837849531
5974,-0.0311240187780835
5975,-0.0101969025931314
5976,-0.0455949871983787
5977,-0.0063757199839754
5978,-0.074087943563221
5979,0.0187199307767525
5980,0.0230865134727997
5981,-0.0221085520976524
5982,0.0128778824503951
5983,-0.0189969281646393
5984,-0.0745073258055207
5985,-0.0240010806499492
5986,0.00162682933772779
5987,-0.126860936214694
5988,-0.000678460666361591
5989,-0.10579436595073
5990,-0.0516386670959877
5991,-0.000128011522285515
5992,0.0362392707812321
5993,-0.0291547948029221
5994,-0.0969012274857528
5995,0.00198368505908801
5996,-0.00678482962845067
5997,-0.0139565172596834
5998,0.064261666412814
5999,-0.0492723849928835
6000,-0.011379723613899
6001,-0.00354139410548132
6002,0.00139729011070802
6003,0.0212951035161896
6004,-0.0221950108635592
6005,-0.0273473165457522
6006,0.00670433453283348
6007,-0.05591546684946
6008,-0.0287703845159145
6009,0.0122026678090734
6010,0.0406626880855233
6011,-0.0557354651822947
6012,-0.011789352206524
6013,0.00654346242813868
6014,-0.0674829514950846
6015,-0.03637343143183
6016,0.000461307508988502
6017,0.0356454158023012
6018,-0.0244900145647183
6019,0.0235568729774385
6020,-0.0310326418954791
6021,-0.119274179658014
6022,-0.0102507513244033
6023,0.0399774452563079
6024,-0.0284118359575796
6025,0.0273728058640506
6026,-0.0142899183972301
6027,0.029613074341456
6028,-0.0368626407623855
6029,-0.135766779187406
6030,-0.00794013053913563
6031,-0.00453297924461642
6032,0.0358573982421093
6033,0.0323196272797417
6034,-0.10976560543
6035,-0.0962380908213196
6036,-0.0597907412613929
6037,-0.0665006487695256
6038,-0.0398017080418898
6039,0.00174219018666047
6040,-0.0312117521478065
6041,-0.0201193912679132
6042,0.0161065832945761
6043,0.0131368708138066
6044,-0.0156322036697688
6045,-0.0241816263638936
6046,-0.0332383779169717
6047,0.09668872989045
6048,-0.0273042778055095
6049,-0.0150599051225282
6050,-0.0242129741183077
6051,0.0145446448933524
6052,0.0589334170342256
6053,-0.0315197828054191
6054,0.0355951991871553
6055,-0.0405924676319017
6056,-0.0215212739077968
6057,-0.032949588595451
6058,-0.0220112028207393
6059,-0.0416787742631829
6060,-0.116235653301907
6061,-0.0815287131744782
6062,-0.0165878240665433
6063,0.0224260746950438
6064,-0.0496865756549775
6065,-0.0183266604700786
6066,-0.0829181374061923
6067,-0.0213864181981669
6068,-0.037442721138152
6069,0.0120129388821777
6070,-0.0354361836357176
6071,0.0229214718140814
6072,-0.0346042022324644
6073,-0.0789574859846882
6074,0.00978359133868715
6075,0.0383608916347487
6076,0.0148042575347053
6077,0.0167144802908818
6078,-0.0740248056811666
6079,-0.0129970273187427
6080,-0.0229044600015482
6081,-0.0242469644984546
6082,0.00340221559979138
6083,-0.0195481989477911
6084,0.0169889780211484
6085,-0.0347186705833105
6086,0.0512380441685099
6087,0.0135414406684459
6088,0.0523702129001669
6089,-0.0469306502593175
6090,-0.0098867178903842
6091,0.0175237116761823
6092,-0.0880113827345213
6093,-0.0930749315934944
6094,-0.00544920827737037
6095,0.00722913231889919
6096,-0.0398497124729544
6097,-0.0937711940565166
6098,-0.0119419659937027
6099,0.0410423573922683
6100,-0.0345921842446222
6101,-0.030427414433655
6102,-0.0110561806681266
6103,-0.00335925355801794
6104,-0.0615426951930697
6105,-0.0705649388836159
6106,0.00461085363108465
6107,-0.00110962170887797
6108,-0.0623036260622007
6109,0.0191594131459692
6110,-0.0326545927488749
6111,-0.0298063931709879
6112,-0.00879396304399475
6113,-0.0455231553201811
6114,-0.0491305046483622
6115,0.0372352607387622
6116,-0.0160116221326306
6117,-0.015844638201988
6118,-0.0886039428133637
6119,-0.0296054089779615
6120,0.0367137602586833
6121,-0.0206415850041437
6122,-0.00296316866121221
6123,0.0148774715159498
6124,-0.00176706704562255
6125,0.0309226650162045
6126,0.0307481461647742
6127,-0.0581545644299321
6128,-0.00278170861446905
6129,0.0047465011589635
6130,-0.0613416976049387
6131,-0.0394092426378492
6132,-0.0813524424047031
6133,-0.0326329136650087
6134,-0.0088252036608767
6135,-0.0532289235561165
6136,-0.00638730508714503
6137,-0.109079615082275
6138,-0.0426929933046584
6139,-0.0702910063072791
6140,-0.0340504124266288
6141,-0.0116002976482352
6142,0.00195938545071517
6143,-0.0542670549412429
6144,0.0584956487461763
6145,-0.0102922447786365
6146,-0.0786767047303885
6147,-0.0186721111599845
6148,-0.00253361423166109
6149,-0.0851853230348338
6150,0.00129589717712546
6151,-0.0537569841555057
6152,0.0104055266479053
6153,0.0303734005316605
6154,-0.00426104481808814
6155,-0.10375266848077
6156,-0.121387559152104
6157,0.00618989086395159
6158,0.0062081426455478
6159,0.0576346971278427
6160,-0.0334071957641984
6161,-0.02150099586353
6162,0.0350614676531722
6163,-0.0639162728456987
6164,-0.0574346511540837
6165,-0.0138808307684879
6166,-0.00218514257686485
6167,0.00987427203867724
6168,-0.073443493313628
6169,0.0131665521290289
6170,-0.0407128338281145
6171,-0.0156383393944538
6172,-0.00745106490416069
6173,-0.034616374805622
6174,-0.00564227003551032
6175,0.0062309954534735
6176,0.0135802635088872
6177,-0.00196464547515797
6178,0.0117231645191558
6179,-0.00144328441961375
6180,-0.0227086651838633
6181,-0.0308641454220709
6182,-0.0251337144546891
6183,-0.0370736453601734
6184,0.0395897522415455
6185,-0.0953198389354909
6186,-0.0140203542954471
6187,-0.0586469727953549
6188,-0.0156557918096818
6189,-0.00998965471964726
6190,0.0428461687718558
6191,-0.0279732975943786
6192,-0.0504230024830412
6193,-0.103577159605726
6194,-0.00053732255722506
6195,-0.0267579448485123
6196,-0.0932648257367005
6197,-0.00683625784428837
6198,-0.0560476947018842
6199,-0.0153470385790805
6200,0.00775286601752973
6201,-0.0350016619878643
6202,0.00854949498729391
6203,-0.0870244137802751
6204,-0.0456942890653287
6205,-0.0418533762297425
6206,-0.0530546429493652
6207,-0.0680302132992556
6208,0.0241223440449306
6209,-0.0494972853982354
6210,-0.0356011017114712
6211,-0.0103026000779112
6212,-0.00263384674599409
6213,0.00934007165394897
6214,-0.0467588570624559
6215,-0.0493605803684959
6216,-0.0633042662647627
6217,-0.0408654480752121
6218,0.00641193073902354
6219,-0.0697577443755408
6220,0.000280325746907645
6221,-0.000660753986152676
6222,-0.00126454576540166
6223,-0.00106804436277062
6224,-8.84568194610135e-05
6225,-0.000735430149238765
6226,-0.0507275181122155
6227,-0.0165270642465873
6228,-0.0292340581487917
6229,-0.0124647842929282
6230,-0.0452674542966891
6231,-0.0805724014478883
6232,-0.0382199186944973
6233,0.0287821044082565
6234,0.0906726612811558
6235,-0.0356876139578968
6236,-0.0163348038364593
6237,0.0171189494680575
6238,0.00015429655398181
6239,0.0329217522164743
6240,-0.030754924232575
6241,-0.0239651824455492
6242,0.0088394239963539
6243,0.00544012679342422
6244,0.0225053809024363
6245,-0.0391541635917466
6246,-0.0848892323320545
6247,-0.00901421611144236
6248,-0.0034371694001203
6249,-0.0180905936077823
6250,-0.00603699970359348
6251,-0.027178240839478
6252,-0.00667545681903138
6253,0.021105260981376
6254,-0.0342712258563151
6255,-0.0642921572634511
6256,-0.0190653469345714
6257,0.0807433914536716
6258,-0.0527128790879527
6259,0.0329976375192858
6260,-0.103486792720407
6261,-0.108638302221387
6262,-0.0446527750847161
6263,-0.00410376605073332
6264,-0.0391344617008034
6265,0.0324870941699338
6266,-0.039057693199944
6267,-0.0406305619884232
6268,-0.0400603891877729
6269,0.00202431004108563
6270,0.00181282594877773
6271,-0.0399218600456194
6272,-0.0213196162134281
6273,-0.0541105981874031
6274,-0.0231627859903228
6275,-0.0559884114410711
6276,-0.0933682604475323
6277,-0.111788567051998
6278,-0.0147096972330375
6279,0.0404240433769623
6280,-0.0603107308861318
6281,0.00194423531708763
6282,0.0105737827778393
6283,-0.0391632386248102
6284,-0.000277573464063893
6285,-0.0217835620779211
6286,-0.000379502287793736
6287,-0.129770667967215
6288,-0.0093318656977299
6289,-0.042612304764058
6290,-0.121336395070421
6291,-0.015690695500875
6292,-0.0371067019028499
6293,0.0153424155901323
6294,-0.109680838333989
6295,0.00923236109970289
6296,-0.0133006318352292
6297,-0.0194178821242099
6298,0.043312881621084
6299,0.0509016006745857
6300,0.0163156619065193
6301,-0.0201893079217412
6302,-0.0511053864864135
6303,-0.0282298757487735
6304,-0.0875554232967955
6305,-0.0982712340286605
6306,-0.0177618089471094
6307,-0.0545415622649485
6308,0.0112163740108532
6309,-0.0205332868526059
6310,-0.0382287796161909
6311,-0.0965599700931582
6312,-0.0420482044722091
6313,-0.0348398302228244
6314,-0.0731472754520822
6315,-0.0117071852455135
6316,-0.0656227699713168
6317,-0.0480618250275025
6318,-0.0263113374077586
6319,-0.018064832523827
6320,-0.0199380798542036
6321,0.0209389370845791
6322,-0.0472072070875529
6323,-0.0727262810405332
6324,-0.0596164155938569
6325,0.00721905248799011
6326,-0.0492083206849995
6327,-0.0187652651156112
6328,-0.0274637860412182
6329,-0.0375531791134368
6330,-0.0326335745836216
6331,-0.0316666790584479
6332,0.0298114244706717
6333,0.0278075472688752
6334,-0.0279911503874784
6335,-0.0224124508393864
6336,-0.0344230114987159
6337,0.0139564866074532
6338,0.0165151118112618
6339,-0.0346667380129197
6340,-0.0950402293825683
6341,0.00631384199375008
6342,-0.0580170399661239
6343,-0.0380881009698055
6344,-0.121972535292577
6345,-0.0321828794908621
6346,-0.0567206138230012
6347,0.0074234980484196
6348,0.0091100633241021
6349,0.00122890767855988
6350,-0.0551809406260918
6351,-0.0787898594918413
6352,-0.0467912185058348
6353,-0.0484754583140451
6354,-0.0356482070953682
6355,-0.056668887857418
6356,-0.046544957279964
6357,-0.000316855991359498
6358,-0.0576375692688869
6359,-0.0478223848198673
6360,-0.0630434459240114
6361,0.0274376332228454
6362,-0.0462357537047442
6363,-0.0515264289079062
6364,0.0283580693035489
6365,-0.0441625931154625
6366,0.0432237372338363
6367,0.035039574713559
6368,-0.21502407802683
6369,0.0103919830529421
6370,-0.076923513663162
6371,-0.0364597031035634
6372,-0.00910074885599794
6373,-0.00293651044206841
6374,0.026090714308393
6375,-0.0164870937271153
6376,-0.0551691836426785
6377,0.00806056525179608
6378,0.0177711684841325
6379,0.00306841554207526
6380,0.0293849397387301
6381,-0.0257266174650753
6382,-0.00723126952020896
6383,-0.135588775634822
6384,-0.0414625956894975
6385,0.0116229003045311
6386,-0.01844814335057
6387,0.0271829682206512
6388,-0.0275197559938729
6389,0.0334974130384777
6390,0.0653680706624562
6391,-0.0452146826117567
6392,-0.0458454277117016
6393,0.000589602257547012
6394,-0.000690931978333477
6395,0.0108092032346332
6396,-0.0169564958178173
6397,-0.00102874366150855
6398,-0.063970286285526
6399,0.00898645625606481
6400,0.0333271384869678
6401,-0.0153518191095979
6402,-0.0737194661531996
6403,-0.0289717886175783
6404,-0.0551842729875403
6405,-0.00762930903431874
6406,-0.000429213161855726
6407,0.0248673969741576
6408,-0.0308031598413239
6409,0.0226284931021673
6410,-0.0159352136801181
6411,-0.014546626107934
6412,-0.0407910539833206
6413,0.00656600862133052
6414,0.0311662412231019
6415,-0.026631748296318
6416,-0.014835256735697
6417,-0.0144316896573805
6418,-0.000379887765768295
6419,-0.00291500995615189
6420,0.00347915239602452
6421,-0.0812061161551451
6422,0.0115745505021386
6423,-0.00123305980337556
6424,-0.0397983639619219
6425,0.0549899257322459
6426,-0.0445756208220587
6427,-0.0990646683354829
6428,-0.0498232758829418
6429,-0.0204932329245224
6430,-0.0386431894907407
6431,-0.0432235909413986
6432,-0.0131671531776702
6433,0.00893737233794968
6434,-0.0201624704223194
6435,0.0149831989610236
6436,0.0856443211614459
6437,0.0339970194668476
6438,-0.0109034771425357
6439,-0.0120423010280472
6440,0.00626820486278412
6441,-0.0909689247840177
6442,0.0296222257382706
6443,0.0258788036719081
6444,-0.032735521072785
6445,-0.0914420616513745
6446,-0.0357417890181198
6447,0.0331460955081179
6448,-0.113861005225156
6449,-0.0549538669227377
6450,0.0505700606994076
6451,-0.0227402951589203
6452,0.0291481110486331
6453,-0.0229446772654261
6454,-0.0659135066830227
6455,-0.0243040584043789
6456,-0.00680028867089516
6457,-0.0271449412977062
6458,0.0268905478964302
6459,-0.0459951189093064
6460,0.0246291788736222
6461,0.0165522676991895
6462,0.0388525924618007
6463,0.0485527629086687
6464,-0.117773803907191
6465,-0.0034785466650515
6466,-0.0039033506137246
6467,-0.0021083369516368
6468,0.00968353152926147
6469,-0.0230900316926668
6470,-0.0207693913566504
6471,0.048264316632026
6472,-0.00997105059335653
6473,-0.0674341291349569
6474,-0.0700377039997268
6475,0.00118063160185114
6476,0.0133485827974274
6477,0.0237425198449781
6478,-0.0294044577783581
6479,-0.0106514719497358
6480,-0.0488678831898391
6481,-0.0992654929561148
6482,-0.0186649220803206
6483,-0.00152324096929768
6484,-0.010674528236745
6485,-0.00104066345323442
6486,-0.0240241893868515
6487,-0.0377811385080441
6488,-0.0261649926263121
6489,-0.074454923807208
6490,-0.00210961829005745
6491,-0.0394728970999461
6492,-0.0355454337250791
6493,0.0182947724288436
6494,-0.0622657469043506
6495,0.0497375911401164
6496,0.0306479994458379
6497,-0.0327615794852256
6498,-0.0385626363783048
6499,0.0449405264958101
6500,-0.0217737809214918
6501,0.0365665293131355
6502,-0.0359524276482226
6503,-0.0203361080820613
6504,0.0527391344887431
6505,-0.0727635644654027
6506,0.0682630742438329
6507,0.0719519800438
6508,-0.0930325492200272
6509,0.124314974801326
6510,-0.0317990850297701
6511,-0.0858418557067887
6512,0.0105240603599556
6513,0.0288077680895855
6514,-0.0233501146151154
6515,-0.0698797369839229
6516,-0.0542772953806747
6517,-0.0211450131953233
6518,-0.0757193134366888
6519,0.0143296627216462
6520,-0.0522033291196712
6521,-0.0428012691756857
6522,-0.0190611881000377
6523,-0.025767987354185
6524,-0.00124092973146969
6525,-0.0229002633662327
6526,0.0154861741439232
6527,-0.0484094331549598
6528,-0.0639537230365159
6529,-0.130248199124808
6530,-0.0308378145703049
6531,-0.0357235354640767
6532,-0.109510584044872
6533,-0.0153507697051198
6534,-0.00656640764328597
6535,-0.0736513637565878
6536,0.0309128874951472
6537,0.00480948573132686
6538,-0.0507216523831309
6539,-0.0085246272701074
6540,-0.0617609868370519
6541,-0.0158861492263861
6542,-0.130783553956414
6543,0.0297081266009389
6544,0.00126676250486571
6545,0.00744377972946514
6546,-0.00874622840009416
6547,-0.0712778817155183
6548,-0.0726566001104461
6549,-0.036444163082264
6550,0.0294824591522694
6551,-0.142271230533129
6552,-0.103882245322647
6553,-0.034720444904003
6554,-0.0194255405786351
6555,0.0315560044130525
6556,-0.0149619503797773
6557,-0.0264277758723752
6558,-0.0098706742469102
6559,-0.0552225047779449
6560,0.0136772366378889
6561,0.0548074294250561
6562,-0.0165667863809291
6563,-0.0684645656470482
6564,-0.105798545511621
6565,0.0141483547537015
6566,-0.0629492553709493
6567,0.0190125867884228
6568,-0.0727749074944768
6569,-0.140361236418071
6570,0.0286713580322482
6571,-0.0412199910350374
6572,0.0257852507579862
6573,0.0264960431761935
6574,-0.0343790633862612
6575,-0.0165686990764991
6576,0.063351349848723
6577,-0.0496009283265907
6578,-0.0584081766507691
6579,-0.0608445299311093
6580,-0.0603999316697596
6581,-0.0530522010992574
6582,0.0180449272748362
6583,0.0429565595057428
6584,0.00413874475617973
6585,0.00964280570066195
6586,-0.0570133146422571
6587,-0.089597408901221
6588,-0.0336556925769783
6589,-0.01497383035541
6590,-0.065069785023059
6591,-0.0199446284782639
6592,-0.00247261429832791
6593,-0.0181303855351284
6594,0.0137272479740243
6595,-0.0290729537444328
6596,0.00235129672893367
6597,-0.0155524633745126
6598,0.0432411874894757
6599,-0.0571974444221987
6600,0.0505863469011606
6601,-0.0411854947615379
6602,-0.00168122403399696
6603,-0.0724427942455721
6604,0.0342513079069717
6605,-0.0122255663034516
6606,-0.0343175844733553
6607,-0.00250696596061894
6608,-0.00517986622689
6609,-0.0164635467784673
6610,-0.0299272519624816
6611,-0.0284539520961546
6612,-0.0336247795636195
6613,-0.00410227229741573
6614,0.0190384964450586
6615,-0.0178228072808199
6616,0.0443733771446124
6617,-0.0543158132514216
6618,0.0278126331677733
6619,-0.0138982265321897
6620,-0.113424397727147
6621,-0.0489627840647564
6622,-0.0240624658225591
6623,-0.000863668833651236
6624,0.00587548096169912
6625,-0.0453607823829463
6626,-0.00801239089165899
6627,-0.0556458347834893
6628,-0.0580394896593684
6629,-0.0415291325470436
6630,-0.0241049755609522
6631,-0.0602298604844667
6632,-0.00410168051293547
6633,0.0243916431110553
6634,-0.0223885302157104
6635,-0.113457708346526
6636,-0.0299720661152419
6637,0.0158515008310884
6638,-0.101621527239273
6639,-0.0209850750555969
6640,0.013030773507357
6641,0.00062912196585278
6642,-0.0422617127080816
6643,-0.0365949018232617
6644,0.00987171669728843
6645,-0.0368632871952439
6646,-0.0822101768891627
6647,0.025538846112277
6648,-0.0321169307246081
6649,-0.0139136936089962
6650,0.0206395719229816
6651,-0.016747614695171
6652,-0.0501350301254863
6653,0.0318699822598154
6654,0.018884324022817
6655,-0.0212307508818898
6656,-0.0300836357694436
6657,-0.020948799884298
6658,0.00748629004596865
6659,-0.0872553046033802
6660,0.00221856585790817
6661,-0.0269998511579369
6662,0.0201426203504195
6663,-0.0198170524510277
6664,-0.183710351002974
6665,-0.047374028412161
6666,-0.0459631340848051
6667,-0.00235946173507801
6668,-0.0313240824732099
6669,0.0285111141195832
6670,0.0339414238680065
6671,-0.0211703747491428
6672,-0.071664584627526
6673,-0.00941080544735346
6674,-0.0101815403760828
6675,0.00607207636929765
6676,-0.0138003299938273
6677,-0.00855125646327166
6678,0.0309704028939785
6679,0.0157788811693846
6680,0.0808973780342407
6681,-0.0108204751675347
6682,0.00106812142477238
6683,-0.0333881487496403
6684,-0.00304425456750381
6685,-0.108178950606835
6686,-0.008406793571856
6687,0.0172428753366301
6688,-0.00281674211196417
6689,0.0207935960086158
6690,-0.0367759688429136
6691,0.00663879779768252
6692,-0.0211970496678708
6693,0.0516785237760053
6694,0.0263822494446327
6695,-0.0333441460379226
6696,0.0253334408785709
6697,-0.0164115227074187
6698,-0.019379898648133
6699,-0.0529696976021128
6700,-0.00985667853785898
6701,-0.0208110412433931
6702,0.0299887421161385
6703,-0.0636229990068307
6704,-0.0602134936791346
6705,0.0211332046834774
6706,-0.0400490120811625
6707,0.0183898523892518
6708,-0.0248124172877156
6709,-0.0101145943945527
6710,-0.0423699237423531
6711,-0.0570824614465034
6712,-0.0137608943154097
6713,0.0528276309421321
6714,-0.030826307916611
6715,0.0430358859166254
6716,-0.100125059613906
6717,-0.0307010234418121
6718,0.0301980539706818
6719,0.0240252612798051
6720,-0.0723617018193584
6721,-0.0407144881293667
6722,-0.0161256110014214
6723,0.0302945824856282
6724,-0.016357151549998
6725,-0.0856842878270735
6726,-0.0589069981228494
6727,-0.0315613694677476
6728,-0.0719055164226585
6729,0.0330136830895404
6730,0.035567994591237
6731,-0.00709529037676684
6732,-0.0401968356820457
6733,-0.0865390669429714
6734,-0.0718545447567166
6735,0.0534545725860447
6736,-0.0433850784190634
6737,-0.0362710943550342
6738,-0.0752448155785542
6739,0.0071905618174733
6740,-0.0405408829564948
6741,0.00943124124691335
6742,0.0073895221018258
6743,-0.0497565868931547
6744,0.0153714535569763
6745,-0.00350451808328644
6746,-0.0269771522011411
6747,0.0284974010639691
6748,-0.0146925266025075
6749,-0.0074706269660023
6750,-0.0435114492928444
6751,-0.0306226211057713
6752,0.00203237063059534
6753,-0.00335539364999184
6754,0.0532028063538916
6755,-0.164171303834335
6756,-0.0326859600654337
6757,0.021452349689957
6758,0.0402172539052995
6759,-0.0059728280171601
6760,-0.00606507636470371
6761,0.0187641350593471
6762,0.0418764507104607
6763,-0.0247857836958337
6764,0.00532993514886429
6765,0.00870332341595143
6766,0.00176839132453745
6767,-0.0358235723372211
6768,-0.0582130911001386
6769,0.0272327633650191
6770,-0.0211957835862998
6771,-0.080455900069196
6772,-0.0190327447245156
6773,-0.074297822726045
6774,-0.0359991128344192
6775,0.0231284506762167
6776,-0.0369943577920672
6777,0.00990136912567337
6778,0.00578032299961794
6779,-0.0202629554107501
6780,-0.071190995635876
6781,-0.015230861074075
6782,-0.0210140448912059
6783,-0.010841045685929
6784,0.014450258449828
6785,-0.0404213404933874
6786,-0.0306754498462853
6787,-0.0717704638700557
6788,-0.0437444014856627
6789,-0.0175738074880366
6790,-0.0147623363257112
6791,0.0485739391033664
6792,0.0438302272471972
6793,-0.0408142376838177
6794,-0.0180735944110191
6795,-0.0235688178727431
6796,-0.0569179974627238
6797,0.00761220441325949
6798,0.0217292021003095
6799,-0.0267702611047127
6800,-0.0554623065641127
6801,-0.0112876486388854
6802,-0.0631766621663551
6803,0.00076482960115049
6804,0.0195317296560285
6805,0.0133249081572706
6806,-0.00525206747314582
6807,-0.00945113117971392
6808,0.0338375368666872
6809,-0.0682029467390791
6810,-0.0714003329991607
6811,-0.018401260504011
6812,-0.0389131248723332
6813,-0.0362897778565337
6814,0.0403142592796194
6815,-0.047651280845874
6816,0.0158152388031382
6817,-0.00343793546705792
6818,-0.0224029920043948
6819,0.0236308936246106
6820,-0.0465658491843018
6821,-0.043410974790384
6822,0.0201521430465908
6823,-0.0152173722559306
6824,-0.0388053958356176
6825,-0.0348246266973486
6826,0.0126603071628878
6827,-0.0449251326877737
6828,-0.00731290528757249
6829,-0.0346116029411373
6830,-0.0184593114203724
6831,0.00280633504115298
6832,-0.00224546590838563
6833,0.0354076863662503
6834,-0.0176039757078711
6835,-0.0285028230267423
6836,-0.0131106015161123
6837,0.0236152348301848
6838,-0.0186703294528089
6839,-0.118475043681364
6840,-0.0135703898375398
6841,0.0146761637516793
6842,-0.00616347033417911
6843,-0.0110315829052572
6844,-0.0952560759306087
6845,-0.0895007001013052
6846,-0.0535738139565504
6847,0.0353639683554998
6848,-0.0258484411156342
6849,-0.0146694777784158
6850,-0.0615826179172194
6851,-0.0617441888195647
6852,-0.00299709109080018
6853,-0.0251839608446694
6854,-0.00284775757559508
6855,0.000748427404597505
6856,-0.117817069702916
6857,-0.0519063193730084
6858,-0.0662930381718001
6859,-0.101141895810146
6860,0.0315482913527231
6861,0.0361179548267985
6862,-0.0120854774750939
6863,-0.0293190769297415
6864,0.00721602725045102
6865,-0.0100603263493574
6866,0.00689598618060594
6867,-0.0307717903360792
6868,-0.087891937077261
6869,-0.0358395949588332
6870,0.0453242043053518
6871,-0.0277851567347126
6872,0.0451666368560855
6873,-0.0479213721609879
6874,0.0339940591899208
6875,-0.00733545458773647
6876,-3.87891855940446e-05
6877,-0.0262113132167255
6878,-0.00761483445983753
6879,-0.020048335307762
6880,-0.0186048575807859
6881,-0.0546122125219212
6882,0.0304382213842021
6883,-0.106812221356213
6884,-0.0323697317863297
6885,0.00438347259936629
6886,0.0536408111112109
6887,0.0680650267064254
6888,-0.0544294580951509
6889,0.0113922618003792
6890,-0.0221995004208003
6891,-0.09086280609433
6892,-0.023719472489113
6893,-0.0239100960754625
6894,0.0285923503590657
6895,-0.0597200920393583
6896,-0.0338437579004637
6897,0.00971832152507369
6898,0.0227726994991355
6899,-0.0435313981893268
6900,-0.00108873447288258
6901,-0.066779052607093
6902,-0.0537801929632443
6903,-0.0177524107328542
6904,-0.0721945382009817
6905,-0.0481688662250249
6906,0.0286714805143423
6907,-0.0932510313873303
6908,0.0267189116574335
6909,-0.0163786358303234
6910,-0.0161698979218033
6911,-0.0580274827497182
6912,0.00567634364198892
6913,0.0244647379571163
6914,0.00727119655720073
6915,-0.033432370632347
6916,-0.0629767646415439
6917,0.0248436679262272
6918,0.0147525532879133
6919,-0.0974098131300831
6920,0.00522071256967559
6921,0.0103099686457669
6922,-0.0850867328848981
6923,0.107207728855673
6924,-0.0221610850349337
6925,0.000204031723289495
6926,-0.0522575569625532
6927,0.00804866454206444
6928,0.00963261506698982
6929,0.0264969903258234
6930,0.0173004332900489
6931,-0.0123636203812755
6932,-0.0129083505206432
6933,-0.0605689142670538
6934,-0.0214271749403669
6935,-0.04211950513759
6936,-0.0248468407236715
6937,-0.0456490991496804
6938,-0.00186510533205554
6939,-0.0380037712736307
6940,0.000280050075609794
6941,0.0600657969192011
6942,-0.0718253281190007
6943,-0.00340289186444168
6944,0.0243088380325442
6945,-0.0469872207781047
6946,-0.0951767499803298
6947,0.00474541264063987
6948,0.0463861319774575
6949,-0.0313412399671921
6950,0.0181642763398492
6951,-0.0550516442018866
6952,0.00434723223066543
6953,-0.00858609183371779
6954,-0.00222338305641391
6955,0.044378322739323
6956,-0.0627007024790517
6957,0.0112886945241156
6958,0.0123295462184397
6959,-0.0375503388060211
6960,-0.0268615359014604
6961,-0.0205059858666848
6962,0.0237957103691578
6963,0.010367036043205
6964,-0.0440791277720355
6965,-0.05813843282403
6966,-0.0260114068666308
6967,-0.0841394487075792
6968,-0.077542584620753
6969,0.0210238231471493
6970,-0.143880722574741
6971,0.0700601758731433
6972,-0.0352499020459145
6973,-0.126657177098113
6974,-0.0785598262591821
6975,-0.0680105388826344
6976,0.0546238290037982
6977,-0.0112591929853709
6978,0.0132061359204201
6979,-0.0598306267334386
6980,-0.01836731564718
6981,-0.0457991490136255
6982,-0.0516202387203541
6983,0.000187113796874356
6984,-0.010837001518331
6985,-0.0848999813361054
6986,-0.0715865913053215
6987,-0.00705269953962054
6988,-0.0309998875858261
6989,0.0302413233241408
6990,-0.0298574084044368
6991,-0.0531818223921415
6992,-0.0146852998358922
6993,0.025118124886134
6994,-0.0532178235169659
6995,-0.000785417988903791
6996,0.00870145027146732
6997,-0.0406756230375431
6998,-0.0203412771916024
6999,0.0435836174881216
7000,-0.00966124512260065
7001,0.0376102682246706
7002,0.0123108145538465
7003,-0.0354031781032227
7004,-0.0276045162764774
7005,-0.00185734630112914
7006,-0.055607906027252
7007,-0.0426121419828695
7008,-0.0280281704588245
7009,-0.0407804189999453
7010,0.0436702272277189
7011,-0.00507766344294887
7012,-0.0415849116997942
7013,0.010778784456923
7014,-0.137285750541175
7015,-0.054214222568583
7016,-0.037883515754805
7017,-0.123687166536097
7018,-0.125788798080606
7019,-0.084538582432471
7020,-0.0568586447969593
7021,-0.0651592165161892
7022,0.0193318585681288
7023,0.0311929224896414
7024,-0.0613568309752309
7025,-0.0708912131953582
7026,-0.047482209299268
7027,-0.0300768101868488
7028,0.0724875811094546
7029,0.00367765031148591
7030,-0.048296332416174
7031,-0.0724331383651753
7032,-0.0640513940111188
7033,-0.0861266100602876
7034,0.0221096739870482
7035,0.0376474545099515
7036,0.0469660010816298
7037,0.014094903770526
7038,-0.0154321485937738
7039,0.0558005099143099
7040,-0.00691749188414016
7041,-0.00848980573476429
7042,0.00698380633496478
7043,-0.0307373723717707
7044,0.0391699761661315
7045,-0.0426077055288208
7046,-0.111220043718638
7047,-0.00542620420794271
7048,-0.0363135512278031
7049,0.0169443099066718
7050,-0.0317766641635135
7051,-0.0181762426406114
7052,-0.00318657473704238
7053,-0.0318770412411986
7054,0.0183145529170795
7055,0.049416692968861
7056,0.0247223500139482
7057,0.0758753880311284
7058,0.0291732477279896
7059,-0.0283020497764395
7060,-0.0503842837650988
7061,0.0055561847773703
7062,0.0334528339346502
7063,-0.00767663082761803
7064,-0.0410528143000918
7065,-0.0199734142065228
7066,-0.00706841415529962
7067,0.0150095558224381
7068,-0.0235490634599388
7069,0.0384468207880466
7070,-0.00795599094356067
7071,-0.0689370178208283
7072,-0.0422871415864642
7073,-0.0118333503362896
7074,-0.0203427367221148
7075,-0.00938997677269643
7076,-0.016390627900473
7077,-0.00679372512460656
7078,-0.102281169604412
7079,0.0321077639620915
7080,-0.00885532242732588
7081,-0.0679448206749977
7082,-0.0702471492677446
7083,-0.0370989964837996
7084,-0.0569848157598092
7085,-0.0588070343280952
7086,-0.0105279233947404
7087,-0.0364915403474308
7088,-0.0166283920419354
7089,-0.0498544208628426
7090,-0.0423963495869707
7091,-0.0370305953143093
7092,-0.0423908453122904
7093,0.00495983802219914
7094,-0.0216895701565547
7095,-0.066566915756911
7096,0.0367898259677403
7097,0.0128158765637446
7098,-0.0146468702196263
7099,-0.0480998051318688
7100,0.0397587825530987
7101,0.0528427819563788
7102,-0.0157734305215345
7103,-0.0712966374693997
7104,-0.0337366622054063
7105,-0.0323047884610385
7106,-0.0309498034867807
7107,-0.0486706411952525
7108,0.0122571894814411
7109,-0.0593141446434373
7110,-0.00488895834251253
7111,-0.109559821782174
7112,-0.0215681953463284
7113,0.0106691058380563
7114,0.0254253538221874
7115,0.00619849956109231
7116,0.00962669867448272
7117,0.0244714209322991
7118,-0.0477740136721705
7119,-0.0428408896761851
7120,-0.0239791888025055
7121,-0.013493550593568
7122,-0.0534682382626388
7123,0.00259426373720572
7124,0.0462172398397225
7125,0.0380128390366419
7126,-0.0673880672872391
7127,0.00939155925365073
7128,0.0499431781211358
7129,-0.00290565205764461
7130,-0.0147434728370674
7131,-0.0690813439697956
7132,0.0038882008091914
7133,0.00202725135778366
7134,0.00971962286439519
7135,-0.0435903261063396
7136,0.0498672896594208
7137,0.0412189916263312
7138,-0.0228735172364787
7139,-0.0135406769494136
7140,-0.0226541045247999
7141,-0.0427190845558992
7142,-0.0484317103114067
7143,-0.0654053426460319
7144,-0.0399150520780385
7145,-0.0152115971302411
7146,-0.0180225235289191
7147,-0.0479654911636118
7148,-0.0724262683272643
7149,-0.0696797822940783
7150,-0.0805427616971051
7151,-0.101115073391656
7152,-0.00300079619395288
7153,5.72647199972825e-05
7154,-0.10475034062124
7155,-0.0882031906940854
7156,0.0025226162270133
7157,-0.0228495361270559
7158,-0.0836825009379684
7159,-0.0198541510890938
7160,-0.0952110035211256
7161,0.0163287713589655
7162,0.00814722854015113
7163,-0.081622465700934
7164,-0.0658905384454087
7165,-0.0167714180412846
7166,-0.020081081257546
7167,0.0327128671870149
7168,0.0557580415833803
7169,0.00886169416507746
7170,0.06089886485256
7171,-0.14627404396737
7172,0.0108020293640674
7173,-0.00393026044651503
7174,-0.014485168589438
7175,-0.0110577953050434
7176,0.0143001924011519
7177,-0.102903893142795
7178,0.00831128758037606
7179,0.0428617292587547
7180,-0.0241414325024194
7181,-0.0197667898660779
7182,0.0154757329574445
7183,0.0124468223848711
7184,-0.035567089594719
7185,-0.00550257841079914
7186,-0.0636885539969797
7187,-0.0137515529450731
7188,0.0292870919017484
7189,-0.0286935025672919
7190,-0.116878566495847
7191,-0.0324128212997843
7192,-0.0449148104279644
7193,-0.114828036719923
7194,-0.0021070443924257
7195,-0.0772610495709394
7196,-0.0543763125152982
7197,-0.11055060443071
7198,-0.0546734346563444
7199,-0.0740013204719649
7200,-0.0166836142984763
7201,-0.0729531786530864
7202,0.055553358728057
7203,-0.0100054012722612
7204,-0.00207344498401306
7205,-0.00143760662337055
7206,-0.0286103567355774
7207,-0.00372185506774186
7208,-0.0497751149338143
7209,-0.0462390020139956
7210,0.00919738432829539
7211,-0.029692513195599
7212,-0.0447688778141662
7213,-0.0612532491860262
7214,-0.0330685145374627
7215,-0.00173882321671369
7216,0.0241648008975102
7217,-0.0305163010358687
7218,-0.00510618452500363
7219,0.0485676207328326
7220,-0.0127040284013887
7221,-0.0232165151508831
7222,0.0228335409885959
7223,-0.0335007815274784
7224,-0.0282404133733043
7225,-0.00459545626996712
7226,-0.068101862455326
7227,-0.0706073942186882
7228,-0.0506501971544777
7229,-0.00533342790216574
7230,0.168967709106037
7231,-0.0677715848878034
7232,-0.0311189640154914
7233,0.017636530946126
7234,0.0336064147237988
7235,-0.0357135473798941
7236,-0.0110373411814151
7237,-0.0302077876973693
7238,-0.0197284016671075
7239,-0.040150420878851
7240,-0.0226574958204077
7241,0.0461642178724956
7242,-0.0797007718908117
7243,-0.0502072915928407
7244,-0.00549404565334588
7245,-0.0492364990727702
7246,-0.025082605883596
7247,-0.00356719441524786
7248,-0.012018918132716
7249,-0.00972380444791384
7250,0.0431778005192135
7251,-0.0589843953195435
7252,-0.0183752646139635
7253,0.0354346915181174
7254,-0.0824983354312766
7255,-0.0501125832445198
7256,-0.0293239852828004
7257,-0.027343785100197
7258,-0.0607252801222638
7259,-0.0409041539823614
7260,-0.0596592470136151
7261,-0.0124138595225184
7262,0.0112178864254558
7263,-0.137050230745657
7264,-0.0262570492548093
7265,0.019983834254654
7266,-0.00546151192680667
7267,-0.0160808426714601
7268,0.0375507447750239
7269,0.0167029037424049
7270,-0.00695053195202915
7271,-0.0463302809037462
7272,-0.000255131370975214
7273,-0.0624416670382712
7274,0.0215923193540752
7275,-0.0492332299782353
7276,-0.0146597423949065
7277,-0.0728650190837075
7278,-0.040232373982304
7279,-0.0615085450931321
7280,-0.0508987464655108
7281,-0.0193153138911504
7282,-0.0158266526877814
7283,-0.0702128952676222
7284,0.00551228171966914
7285,-0.0361887574075171
7286,-0.0430804114414679
7287,0.0169464338245044
7288,-0.025831152230896
7289,0.0169819247287944
7290,-0.0475706928872682
7291,-0.0127034617782666
7292,-0.0379850344464756
7293,-0.0224221220992564
7294,-0.0506642102236992
7295,-0.0973191462285475
7296,-0.0712085418087989
7297,-0.0365382433203025
7298,-0.00361455380597086
7299,-0.0485591553144389
7300,-0.0431769600912956
7301,7.57802526982582e-05
7302,-0.0286007222176133
7303,-0.0456169873507388
7304,-0.0466482536784753
7305,0.00598670034554305
7306,-0.0124465550212861
7307,0.0549844846688059
7308,-0.0474016899375127
7309,0.0234865782148282
7310,0.0278057965401419
7311,-0.00117732262850937
7312,0.00651378838949657
7313,-0.0204093336263725
7314,-0.0239018208041947
7315,0.0438355912739184
7316,-0.0434275566984847
7317,-0.0339941790604984
7318,-0.014939643119525
7319,-0.131724216691648
7320,0.0697667776024989
7321,-0.00557502947539384
7322,-0.0657773797585234
7323,-0.0247860389509852
7324,0.016012045661416
7325,-0.0504773198557061
7326,-0.047986474550999
7327,-0.0206939891880275
7328,-0.00771668169508153
7329,-0.0411529614939225
7330,0.0104780956238964
7331,0.0292271803418138
7332,-0.0279568576465312
7333,0.00758990155864904
7334,-0.0521057601843886
7335,-0.0029542539379579
7336,-0.0213284630473513
7337,-0.034572290651025
7338,0.00392472636191151
7339,0.029058433561439
7340,-0.0504473277461356
7341,-0.030283323463174
7342,0.00544144812506497
7343,-0.0188936013587435
7344,-0.088867151773289
7345,-0.00906532799172367
7346,-0.0410853130189432
7347,-0.0326006301012708
7348,0.00107837571385708
7349,-0.0386768415092313
7350,0.014418630120459
7351,0.00568237895831835
7352,-0.104271124790038
7353,0.0187969438985948
7354,-0.153212128758017
7355,0.008038771428682
7356,-0.0315686740491404
7357,-0.0397198843030272
7358,0.0114278732778482
7359,0.0744460235204755
7360,0.0171873706365708
7361,-0.0523833030583109
7362,0.0089969359368241
7363,-0.100737026798206
7364,0.0222508941967928
7365,-0.0212217710474107
7366,-0.0604336030447293
7367,0.0281507023280535
7368,0.0214260309120394
7369,0.0642981594146227
7370,0.00583729656920181
7371,0.0821030424831996
7372,0.0443671375654413
7373,-0.0353032114538405
7374,0.0013983838512506
7375,-0.0307942980766542
7376,-0.0167837780800698
7377,-0.0712740282082466
7378,0.021373441635185
7379,-0.0547198447620204
7380,0.0130503057178106
7381,-0.0100566249165999
7382,-0.0254232652657003
7383,0.00443701474201035
7384,0.0403926282282402
7385,-0.0222984407100633
7386,-0.0731823725875918
7387,-0.0101701959689739
7388,-0.0610994190171245
7389,0.0590766429218158
7390,0.0113794868507478
7391,0.0114292162154154
7392,-0.0297636619029633
7393,-0.00338214785938652
7394,-0.0173641102815343
7395,-0.0215589860025841
7396,0.0192045127310617
7397,0.0145520661677099
7398,-0.0514477376530197
7399,0.0234104085363568
7400,-0.0666507907169153
7401,-0.0207724039032322
7402,-0.0644800366057064
7403,-0.0094431780342259
7404,0.00862918158121326
7405,0.103645474636783
7406,0.0118419678419364
7407,-0.032522532516934
7408,-0.0157335970255751
7409,0.0548075738133201
7410,-0.0261687969431645
7411,-0.0251562428290901
7412,0.011173358075115
7413,0.0826084744841825
7414,-0.0234040914181137
7415,-0.0489573020476855
7416,-0.0247900968587101
7417,-0.0152068624940077
7418,0.0104175854516457
7419,0.00634699901620938
7420,0.0149303516157547
7421,-0.0657529263453461
7422,-0.0617882253430987
7423,0.0402481991104159
7424,-0.104388447143545
7425,0.0180224392684225
7426,0.019293886110802
7427,0.0287304790791647
7428,-0.00244590460680694
7429,-0.0381510735552489
7430,-0.0681813587590796
7431,0.0100506624651756
7432,-0.00553237150637983
7433,-0.00757261390329959
7434,-0.00538163749336112
7435,0.0348101624487335
7436,-0.0342883827549654
7437,-0.0516639104319258
7438,-0.0473781684466439
7439,0.0226507494422398
7440,-0.0146569882623076
7441,-0.030145531941156
7442,-0.00613377552050661
7443,0.0238771863780889
7444,-0.00785028506342832
7445,-0.00472216390664987
7446,-0.0028879238453116
7447,-0.0275770366274265
7448,0.0526321980573093
7449,-0.0246069858441674
7450,-0.0380868299362675
7451,-0.0160986053073256
7452,-0.0625028782445221
7453,-0.0366142901616531
7454,-0.0601846082642327
7455,-0.0965982335258401
7456,0.037302738362399
7457,-0.0799739940467052
7458,-0.0560900205711968
7459,-0.0350597004278262
7460,0.0104596453972967
7461,-0.000256258730296419
7462,-0.0485664744305146
7463,-0.0221830672475969
7464,-0.0361043770441715
7465,-0.00129345989720965
7466,-0.0208145920481619
7467,-0.0239577871357052
7468,0.0641020966353606
7469,-0.0304405816740564
7470,-0.0637630069493222
7471,-0.00338212959957327
7472,-0.0261126273009446
7473,-0.0635926404158075
7474,0.00416052912472182
7475,-0.045038392936404
7476,-0.0255648738027039
7477,-0.0613853808864612
7478,-0.0848581066668105
7479,0.01586368407438
7480,-0.0720189435318945
7481,-0.0610663621415688
7482,-0.0272727096888858
7483,-0.046054884378527
7484,-0.0162222733617226
7485,-0.0678076259560274
7486,0.00510019489510031
7487,-0.0454553672265747
7488,0.0388461416268097
7489,0.0244981003319783
7490,0.010660530494135
7491,0.0172602291548093
7492,0.00432544910162815
7493,0.0238317145299305
7494,-0.020696428695161
7495,0.0395671590504696
7496,-0.00901433479542994
7497,0.0126113016325717
7498,-0.014937815620886
7499,0.0271717052869773
7500,-0.0133137327781414
7501,0.039437505969232
7502,-0.0955069260446756
7503,-0.0548743150050421
7504,-0.0275898093169539
7505,-0.06305146755905
7506,-0.0149116590945727
7507,-0.0724578740305554
7508,-0.0365221502191865
7509,0.0191705977599491
7510,-0.0576940367596032
7511,-0.054063774231283
7512,-0.0389302557311631
7513,0.011047734595251
7514,-0.0135962513360352
7515,-0.0397321888559337
7516,-0.00377764912058167
7517,0.0119002303406824
7518,0.039255906297776
7519,-0.00564143688762778
7520,-0.0348753723395225
7521,-0.0326610227938852
7522,-0.0369079864855228
7523,0.0469943945991815
7524,0.013771825377204
7525,0.0270020915533358
7526,0.00404489336978189
7527,0.00707021518739626
7528,-0.0101797737447148
7529,-0.00504295153647945
7530,0.0671301269079812
7531,-0.111081896387373
7532,-0.0477603010630021
7533,-0.042297486128389
7534,-0.0186295257119398
7535,-0.0734980975244626
7536,-0.00575827672921766
7537,-0.0828692668469336
7538,-0.0644518233880857
7539,-0.0217051681222083
7540,-0.0542868622070454
7541,0.0183230232986862
7542,0.00546190714391186
7543,0.00958435837405738
7544,-0.0461069757447072
7545,-0.014924496232225
7546,0.0144807179830817
7547,-0.130641064253145
7548,-0.0393652328924832
7549,-0.0364735347960562
7550,-0.0600974389609821
7551,-0.0159086525573143
7552,0.00292657476335371
7553,0.000259653501217864
7554,-0.0290584677083993
7555,-0.0172743513605922
7556,-0.0097663974406109
7557,0.033570608735161
7558,-0.00406270915787033
7559,-0.0259365600996933
7560,0.00199559965391288
7561,-0.0382070468921043
7562,0.00114573239385826
7563,-0.00874391152097994
7564,-0.0679491350502208
7565,-0.0147738836715837
7566,-0.0702829583487123
7567,-0.0116679327091795
7568,0.0205626773704013
7569,0.0159747013471841
7570,-0.0382634771490242
7571,-0.0649644018080526
7572,0.0679706612777955
7573,0.00561738462965117
7574,0.0228459401471144
7575,-0.0513560611289096
7576,-0.0134730647285574
7577,-0.0435416081266281
7578,0.0630425571132188
7579,-0.0272286474513683
7580,0.0516027438761009
7581,-0.0391580293911241
7582,-0.0383403512993714
7583,-0.00600888362402186
7584,-0.0446299028167632
7585,-0.0427988196033668
7586,0.0318458277382064
7587,-0.0117495115529215
7588,-0.0137771685238852
7589,0.0235047316912612
7590,0.0690670083604929
7591,0.0154918914103425
7592,-0.0522885561102574
7593,-0.00171739698552767
7594,-0.0229578661884998
7595,0.0340297120327098
7596,-0.0286607217942963
7597,-0.00627087060309967
7598,-0.132521387324587
7599,-0.0163331412601012
7600,-0.0158948035111025
7601,-0.0496687189159904
7602,-0.0240074745810904
7603,-0.0226532669823739
7604,-0.000349310919324639
7605,-0.0815640440488485
7606,-0.0298645861232568
7607,-0.129167015686231
7608,-0.0431898169039961
7609,-0.0803960127989602
7610,-0.00928300393476381
7611,-0.0190084949971887
7612,-0.0769834385499265
7613,-0.0728827184543117
7614,0.0291809591894929
7615,0.000391189934351594
7616,-0.0268254234693717
7617,-0.00628994503830061
7618,-0.040619825699429
7619,0.0300604678256696
7620,-0.00752924729199754
7621,-0.0305325108124252
7622,-0.0468880312049746
7623,-0.00939587302534439
7624,-0.0150334008856675
7625,-0.0309898059187589
7626,0.00334845545514658
7627,-0.046906012001675
7628,-0.0192099736808496
7629,-0.000528490684448516
7630,-0.0054540390718323
7631,-0.0162726773892338
7632,-0.0663919177349648
7633,-0.0593904831076681
7634,-0.0611740407963287
7635,-0.0384443271610468
7636,0.00175567920899315
7637,-0.0894799878123681
7638,0.000213232578861212
7639,0.0289347241988515
7640,0.026010039096489
7641,0.0530988575651181
7642,0.0355721437644718
7643,0.000336572653107943
7644,0.037836679597765
7645,-0.0383012167219856
7646,-0.0409326865101297
7647,0.00832685984903459
7648,-0.00464817654884218
7649,-0.0151068799387912
7650,0.0251249855462658
7651,-0.0293481728087642
7652,0.0510149499825194
7653,-0.0625900561993634
7654,0.0188477670856023
7655,-0.021783746441927
7656,-0.0491403119621538
7657,0.00762141427499328
7658,0.0471590525349905
7659,-0.00739483872575323
7660,0.0039131606006086
7661,0.0319913489059572
7662,-0.0514143448937509
7663,0.00646762517912185
7664,-0.0644651661563104
7665,0.0118107643643314
7666,-0.0444574253322163
7667,-0.0231735069698771
7668,-0.00490042723953574
7669,-0.0294438409712571
7670,0.00663496908957605
7671,-0.0582711805372373
7672,0.0331070516744132
7673,-0.00857327381941575
7674,-0.00944348867750896
7675,0.0640925095604121
7676,-0.0498292137166612
7677,0.0323621286975788
7678,-0.030667129460925
7679,-0.0459832879829683
7680,-0.0342485516284635
7681,-0.0156745882252392
7682,-0.0409319612329529
7683,0.0134447543669564
7684,0.0371764551254461
7685,-0.103748083796145
7686,0.0116741183768559
7687,-0.0322986456841083
7688,0.0278299471432376
7689,-0.00818585766760383
7690,0.0214353383305187
7691,0.0169009994998515
7692,-0.0597972270269969
7693,-0.102861114428759
7694,-0.00762868115582411
7695,0.0226193840139308
7696,-0.0433399384833009
7697,-0.0619126135393794
7698,-0.124364358143056
7699,-0.0760340068663446
7700,0.00372552185537723
7701,-0.0512976602128567
7702,0.00597809068677952
7703,-0.00208555320201332
7704,-0.0634120772593428
7705,-0.0193921746005811
7706,-0.0549988530419148
7707,-0.0807590770615505
7708,-0.0481985809716462
7709,0.0206352708695241
7710,-0.073517518194744
7711,-0.0918178416439232
7712,0.0459750587428331
7713,0.0395509963964259
7714,-0.0348863556034563
7715,0.00434771409257417
7716,-0.0651650448882984
7717,-0.020152501253984
7718,-0.0367512133391321
7719,-0.0382862784799716
7720,-0.0324697337964373
7721,-0.0179397526891797
7722,-0.0513665149756191
7723,0.00914646536954937
7724,-0.00537309818991926
7725,-0.0357110231737213
7726,-0.0156964628365679
7727,-0.0532668942415976
7728,-0.109590932725082
7729,-0.0679678012138904
7730,-0.0552133613499058
7731,-0.0630754046870984
7732,-0.0537559005396206
7733,-0.0203878651697384
7734,-0.0321955118901037
7735,-0.0679858968786807
7736,0.0133016946766318
7737,-0.0720162987349095
7738,-0.044372335747011
7739,0.0257165269240261
7740,-0.0349222338432584
7741,0.0358114641988757
7742,0.0277964633678607
7743,0.0245096782384094
7744,-0.0190246104260721
7745,-0.0363335032600401
7746,0.0221285485932274
7747,0.0464468488580868
7748,-0.0899735600297631
7749,-0.0442181519490675
7750,0.0238377737802952
7751,-0.00226894707856708
7752,-0.0256007686999579
7753,-0.108686963262629
7754,-0.0701094844025301
7755,-0.0695753507864122
7756,-0.0102822170490237
7757,-0.0185464571603636
7758,-0.00412702232724752
7759,-0.017586256887509
7760,0.0486713741619351
7761,-0.0535290104481112
7762,-0.0421020420694518
7763,-0.0720963769449547
7764,-0.0245894730356572
7765,-0.0183559666158514
7766,0.00811589288790809
7767,-0.00837893225516271
7768,0.0114576100086779
7769,-0.000454456759352912
7770,0.00172912736091303
7771,-0.00946603722312805
7772,0.0747518901625214
7773,0.00691879112169849
7774,0.0115500953112489
7775,0.00445857860541116
7776,-0.0444199643065099
7777,-0.00368503479074449
7778,0.00942329810563072
7779,-0.0243586089270875
7780,-0.0203043000527998
7781,-0.0324411303074225
7782,-0.0202368899048368
7783,0.0608103383306113
7784,-0.0211903214042419
7785,-0.00316622493527728
7786,-0.0173246157152542
7787,0.0294246044093426
7788,-0.0914555397696332
7789,-0.0819264415654923
7790,-0.104120167748523
7791,-0.0103208562968335
7792,-0.0305449113458909
7793,-0.025008605451357
7794,0.0409258254346297
7795,-0.00847070330924469
7796,0.0344804692273108
7797,-0.0477350041586497
7798,0.0408757771492994
7799,0.0076797076082474
7800,-0.00968957396100044
7801,0.00869580217467826
7802,-0.0288383841690187
7803,0.0156536641828056
7804,0.00763146675378366
7805,-0.0700813519195602
7806,-0.0533309967776653
7807,0.0338769685627585
7808,-0.012718125793313
7809,-0.0984540410987569
7810,-0.0101121944630947
7811,0.0189633658359755
7812,-0.00284772225752178
7813,0.0783951455568147
7814,-0.000919207820450497
7815,-0.0256969061662935
7816,-0.075844314188185
7817,-0.0951680292607529
7818,-0.00293882079847226
7819,-0.0255646277203057
7820,0.0268205179381776
7821,0.0168801562513547
7822,-0.0515347106032054
7823,-0.0251904960682606
7824,0.0112122832296484
7825,-0.00922925356441959
7826,-0.00124100886163379
7827,-0.0923524892400337
7828,0.00630936224670478
7829,-0.0192679721159507
7830,0.0104442437518926
7831,-0.026294634878877
7832,-0.0429136559736528
7833,-0.0274446311776738
7834,0.029239735086477
7835,-0.0900957583051057
7836,-0.0353318632041918
7837,-0.0282162390630087
7838,0.031869837847878
7839,-0.041789063514442
7840,-0.0441634457625649
7841,-0.0254137639020041
7842,-0.0261115735522093
7843,-0.0422098121642849
7844,0.00462437739819927
7845,-0.0384082028318705
7846,-0.00416986442214121
7847,0.0553799123663704
7848,-0.00674245667479359
7849,-0.00114052579047004
7850,-0.0321907702704505
7851,-0.0462749829583111
7852,-0.0377731980047291
7853,0.00724832767775606
7854,0.018865033059013
7855,-0.0104341526325496
7856,0.0344114683855114
7857,-0.0643766202384861
7858,0.0345487645922536
7859,0.025137087889898
7860,-0.0222586206920868
7861,-0.0895938703985471
7862,-0.0120954718831861
7863,-0.00924487570943557
7864,0.0010227646770794
7865,-0.0629277873664009
7866,-0.0299341884738842
7867,-0.0945037649140431
7868,-0.0205675767188525
7869,-0.0395777482881705
7870,-0.0338580173383369
7871,-0.189685290604859
7872,-0.0384359225752233
7873,0.00885724589329089
7874,-0.0761660314815445
7875,-0.00655567498054405
7876,-0.0634777533176848
7877,-0.00528925629376926
7878,0.000391473885578976
7879,-0.0287172191575062
7880,0.00240253194509779
7881,0.00772673554514859
7882,-0.0804239941862328
7883,-0.0557087868769944
7884,-0.012711660480481
7885,-0.00903563107019912
7886,0.0490524521574249
7887,0.00690565704126826
7888,-0.0283233246200909
7889,0.00562459147190142
7890,-0.0667208072444309
7891,-0.0688580626079564
7892,-0.0865992051868302
7893,0.00623570268261375
7894,0.0590673536960298
7895,0.0125797094274432
7896,-0.0144865658097067
7897,0.00994110051539186
7898,-0.0281498031956593
7899,-0.0426921097878096
7900,-0.0402179769689334
7901,0.00563718346614721
7902,0.0295709930373535
7903,-0.0406697670828074
7904,-0.22019755470072
7905,-0.0219774695990617
7906,0.0026936073786124
7907,-0.0133406769795976
7908,-0.00583837932744883
7909,-0.0879778641198615
7910,0.0213459793311928
7911,-0.0351074284287322
7912,-0.0278789901104309
7913,-0.0267013472594411
7914,0.00991047697348425
7915,-0.0927589353163629
7916,0.0915694566445446
7917,-0.0156401110797854
7918,0.0234130585384106
7919,-0.0947247366145297
7920,0.019316903404492
7921,-0.051937563049125
7922,-0.0743052902823234
7923,-0.0763425986176184
7924,-0.0779747142886922
7925,-0.0370758878952593
7926,-0.0730295331442498
7927,-0.00644617547151418
7928,-0.0682126173173125
7929,0.00221064852922169
7930,-0.0280781813994752
7931,-0.0365830253339211
7932,-0.15345797192843
7933,0.0202243343555204
7934,0.0563538586208905
7935,-0.0317851794408618
7936,-0.030435891034881
7937,-0.00768665473948691
7938,0.0293680235802224
7939,-0.0855642859586889
7940,-0.138281819299928
7941,-0.0343182208934581
7942,-0.0107058870755314
7943,0.0459592074222559
7944,0.0275563185802526
7945,0.0110866839556797
7946,0.00637402815318094
7947,0.0454804905801455
7948,-0.0479379429885519
7949,-0.00756901241328723
7950,-0.000547078279817252
7951,-0.142415897214479
7952,0.0164302597039144
7953,-0.0860394335709699
7954,-0.0293432356900543
7955,0.0206158688391746
7956,-0.115432053348656
7957,0.0350345351278954
7958,0.0429116370887533
7959,-0.00581179603461484
7960,0.0642164854443768
7961,-0.0100881572272079
7962,-0.0573095408213983
7963,-0.00654403504973182
7964,-0.112357968319994
7965,0.0124971332339936
7966,-0.0149753463000197
7967,-0.0319936917731249
7968,0.0448382330608463
7969,0.0120606095943839
7970,0.0111283194064825
7971,-0.0275177871460183
7972,-0.0286624661255033
7973,6.66822094795004e-05
7974,-0.0119129153914805
7975,-0.0357432733274262
7976,-0.0534588539617651
7977,0.020950358144043
7978,-0.0130235016924073
7979,-0.0782263580222204
7980,-0.0642287887022494
7981,-0.0257737888887377
7982,0.0147123780059955
7983,-0.00474180172263598
7984,-0.0363200510114009
7985,-0.017416368703548
7986,0.0228293761961875
7987,-0.0312023831197984
7988,-0.00500198925518331
7989,-0.0245172849733867
7990,0.0451307034050768
7991,0.0265455156642162
7992,-0.00660811825183122
7993,0.00491544595929744
7994,-0.00460451925371111
7995,-0.0188207997583751
7996,-0.0231777905815085
7997,-0.0482444944963409
7998,-0.027508096098219
7999,-0.0232321071080198
8000,0.0444061098011925
8001,-0.0225873072604832
8002,0.00333864866235498
8003,0.00108670357609093
8004,-0.0298079249000885
8005,0.0288062201160077
8006,-0.0450814830438589
8007,0.041377154085984
8008,-0.0209955872457004
8009,-0.079434473620292
8010,-0.121442269311568
8011,-0.0583237263433003
8012,-0.0783964369180926
8013,-0.05251176656923
8014,-0.0256047516723029
8015,-0.00633513942354508
8016,-0.0250734851500957
8017,0.0457392225226774
8018,-0.0653766005644244
8019,-0.0636410294160275
8020,-0.108599744760505
8021,0.0205466109731019
8022,-0.0534537405438592
8023,-0.0156541346220354
8024,-0.00678502244477912
8025,0.0117072258283238
8026,-0.0791151070018344
8027,0.0237901651890175
8028,0.00295277763007422
8029,0.0255361861038263
8030,0.00835529105381555
8031,-0.0352828587514963
8032,-0.00641182914238509
8033,-0.0287136652772963
8034,-0.0394474473554993
8035,0.0479626238851195
8036,0.0256723652014021
8037,0.0306592255942379
8038,-0.018551256083927
8039,-0.00378237472452956
8040,-0.0956252644002729
8041,0.00216410346639787
8042,0.00788749525194166
8043,-0.0368352695277785
8044,-0.117212492861039
8045,-0.0141284515967681
8046,0.00262282120532607
8047,-0.00756825335933429
8048,-0.0872702545095583
8049,-0.00469958622581403
8050,-0.0164046533049778
8051,0.0421112298659275
8052,-0.0133257779799829
8053,-0.0673699290197094
8054,0.0419453168991698
8055,-0.0208641534637667
8056,-0.0177030039230723
8057,0.0115644307859638
8058,0.0282056410820655
8059,-0.0683112338925877
8060,-0.00635911324167315
8061,-0.0622649290547774
8062,-0.0715958574236868
8063,-0.0202185465505814
8064,-0.040072730338197
8065,-0.017526570580329
8066,-0.0266948997502357
8067,0.0144724456833486
8068,0.0528923882971154
8069,-0.014209061338598
8070,-0.0162496203724898
8071,0.020550311312918
8072,-0.0133989746621848
8073,-0.00545111064738264
8074,-0.0928946941977416
8075,0.0472161259231874
8076,-0.00210269708250711
8077,0.00291719781414438
8078,-0.0169028298316133
8079,0.00148664933994812
8080,0.0516521504502139
8081,0.0519041367160466
8082,-0.116413410445172
8083,-0.0289625111172331
8084,-0.0612575718763067
8085,-0.0386465096511957
8086,-0.0262608536238065
8087,0.0112517520439134
8088,0.00299109334583871
8089,-0.0157777353159203
8090,0.0380341723834887
8091,-0.0786719314474865
8092,0.000468842538808468
8093,-0.00888624672396522
8094,-0.0446173872829769
8095,-0.0174212584454296
8096,-0.0509675235782947
8097,-0.0421916628820519
8098,0.00451130519098026
8099,-0.0671059449250664
8100,-0.0119291422474539
8101,-0.00612201789133196
8102,0.0487926884029504
8103,-0.0937633662446553
8104,-0.0487534563433922
8105,0.0311452217921579
8106,-0.0237503283567161
8107,0.0196162177306339
8108,0.00109222190454725
8109,0.00553094132442371
8110,0.00864395201664403
8111,-0.0191628230634466
8112,-0.0318123662340165
8113,0.017466215138228
8114,-0.0450461310655447
8115,0.00695714411873765
8116,-0.00131943751161057
8117,-0.0713063735838141
8118,-0.0417707621811915
8119,-0.0355491328578998
8120,0.00624467477897667
8121,0.0366402171319782
8122,-0.00694254008215887
8123,-0.0602356943085625
8124,-0.058424715511477
8125,-0.0105939010750455
8126,-0.0739795675903862
8127,-0.0357009573296016
8128,-0.0281314482801141
8129,-0.0750537182282856
8130,-0.0586367638852267
8131,-0.00763655982321611
8132,-0.0740694540410322
8133,-0.0319735139536927
8134,-0.0783795348633837
8135,-0.00367068420145974
8136,-0.0661747512543842
8137,-0.0207603161228054
8138,-0.0135386881632179
8139,-0.00137638707513752
8140,0.0146869363169972
8141,-0.125437169220348
8142,-0.0271431375760554
8143,-0.0101755807411962
8144,-0.00605499187512886
8145,0.0179884323220006
8146,0.0176071721988364
8147,-0.021674682760537
8148,-0.0177254613912057
8149,-0.00953689991299903
8150,-0.0564961934136597
8151,-0.0176724143606709
8152,0.0169701907350781
8153,-0.0180439190371648
8154,-0.00251974702950586
8155,-0.0418615968724975
8156,0.0420774574376039
8157,-0.0210235652373713
8158,0.0299633768337842
8159,0.0473593013926818
8160,-0.00856651758875724
8161,-0.0236405650064601
8162,-0.014229981904054
8163,-0.0209727190362966
8164,-0.0494677267338431
8165,0.00198912650670331
8166,-0.0367466974546471
8167,-0.00507143003727678
8168,-0.0571764560332145
8169,-0.0136200562656587
8170,-0.0348609218915182
8171,0.0214577598785837
8172,-0.0586048952822585
8173,-0.0371697480796136
8174,-0.0212202126442631
8175,-0.0602596450454263
8176,-0.0490742061921168
8177,-0.031147404296315
8178,-0.0298532181673141
8179,-0.0554905756777775
8180,-0.0391314647523737
8181,-0.0402482617094748
8182,-0.026640891209902
8183,-0.00642429952918438
8184,-0.0209131374599153
8185,-0.0123854294328794
8186,-0.00330853686385617
8187,-0.0200152355102433
8188,-0.0324079550590645
8189,-0.0028279358665782
8190,0.00266260229728253
8191,-0.0628484252314772
8192,0.00716496697692803
8193,0.0372386547894883
8194,0.0191594241937853
8195,-0.101371510185068
8196,-0.0336372808314575
8197,-0.0625160071628693
8198,0.0200491690377178
8199,-0.0276277076785281
8200,-0.019433971434627
8201,-0.0775732476570336
8202,-0.0393135588795024
8203,-0.0597569957715944
8204,-0.0107677224816105
8205,-0.0433010954388701
8206,-0.0330487920171736
8207,0.0050969044342417
8208,-0.0127266555242614
8209,-0.048717551686952
8210,-0.077434773112101
8211,0.00225262189545002
8212,-0.0297853083324026
8213,-0.052009751900885
8214,-0.0201821711039175
8215,-0.0369059037213347
8216,-0.00930940287199314
8217,0.0132583946866458
8218,0.0256077087576283
8219,-0.019752737670866
8220,-0.0465591052490328
8221,-0.0496669923796019
8222,-0.0577084789512593
8223,-0.000655037049181999
8224,-0.0359912518358271
8225,-0.0327466169724502
8226,-0.0126479443740923
8227,0.008288934787453
8228,-0.0109805049212333
8229,0.0137073803169884
8230,-0.0544221875106066
8231,-0.0281917517349162
8232,-0.0506203084284804
8233,0.0198016768665133
8234,0.0163946275004888
8235,-0.00418594337698651
8236,0.00815833771212999
8237,0.049352434882687
8238,-0.0541177208631057
8239,0.0130221510352112
8240,0.0341008034661306
8241,-0.0140487641236628
8242,0.03150841619525
8243,0.0378443035348307
8244,0.0119932294002468
8245,-0.0572866818860719
8246,0.00329439928856178
8247,-7.5994815905904e-05
8248,-0.0251384780618144
8249,-0.0422590138674348
8250,-0.0147762699298335
8251,-0.0724196581555321
8252,-0.0615191246517817
8253,-0.0689177780695981
8254,-0.0197064050781786
8255,-0.0417638390016394
8256,-0.0220028741070122
8257,-0.0659676226106262
8258,-0.00394827351947723
8259,-0.0587396664844779
8260,-0.100967815653428
8261,-0.0992904350360072
8262,0.0157123559723073
8263,-0.0313459348177312
8264,-0.0334191560699612
8265,-0.0173817773947592
8266,-0.0198130374066798
8267,0.0711227005634259
8268,-0.022057695159721
8269,-0.0471318485413162
8270,0.0365270923576325
8271,-0.124962689766761
8272,-0.00701462595414397
8273,0.0147400471873987
8274,-0.00872851164902432
8275,0.0303948774778565
8276,-0.0132442642384835
8277,-0.0101914679720426
8278,-0.00497289746697132
8279,-0.13910585533056
8280,-0.0494809859790145
8281,-0.0329681867988446
8282,-0.0210472329840408
8283,0.0171174896902528
8284,-0.0381682238172329
8285,0.00263827962296947
8286,0.00315402697636523
8287,0.0271787230996437
8288,-0.0791329160748744
8289,-0.0151663736392877
8290,-0.0792111120490262
8291,-0.118225947868531
8292,0.0220285919725225
8293,-0.026867540266377
8294,-0.000173544919129216
8295,-0.0308481514232169
8296,0.0514198610046412
8297,0.00764400556811728
8298,0.00495373600815143
8299,0.0204905829217058
8300,-0.000238623351916839
8301,-0.0206243407168407
8302,0.0404865851508074
8303,0.0342912889172073
8304,-0.127487925777472
8305,-0.0676931952835675
8306,-0.00728575892166896
8307,0.0296261475525456
8308,-0.0500161409593795
8309,-0.0477822008891528
8310,0.0204716735578815
8311,-0.00737454816464053
8312,-0.0273717303126368
8313,-0.0191637946279754
8314,-0.00897395885416882
8315,0.00553769784048648
8316,-0.0124905466752877
8317,-0.0243462078550425
8318,-0.0216302834727167
8319,-0.0566632357544052
8320,-0.0396071031906188
8321,0.0116626485310604
8322,0.00297582758568413
8323,0.0940557910874445
8324,0.0333322541451748
8325,-0.00516960694009308
8326,0.011150826420597
8327,-0.0709125209932422
8328,-0.0401339295090122
8329,-0.0382124793540977
8330,-0.101335671886246
8331,-0.0110134824401945
8332,-0.0269460576201301
8333,-0.0887941996348587
8334,0.0199409279783999
8335,-0.0164363338046449
8336,-0.00873185867792911
8337,-0.0281905885512342
8338,-0.0191348759913842
8339,0.0260999149453391
8340,0.00958056903456382
8341,-0.0492931702561647
8342,-0.0492460698812998
8343,-0.0655781242944759
8344,-0.0699150608841114
8345,-0.0677303974297039
8346,0.0513236141233235
8347,-0.0524110585462514
8348,0.00282966694789209
8349,-0.0338480471320927
8350,0.020644933271207
8351,-0.0137669513785344
8352,0.0592357226989648
8353,-0.00130439884542756
8354,-0.0332615841872253
8355,0.0406771036202759
8356,-0.0361362629518194
8357,-0.0723758078443388
8358,-0.0328782864841505
8359,0.0154504482396982
8360,0.0271611613659431
8361,-0.121060922767207
8362,-0.0212967332708319
8363,0.00850972826760398
8364,-0.0425887302120676
8365,0.019950873642703
8366,-0.0153925669729407
8367,-0.0138445816518006
8368,-0.0366708114258855
8369,-0.0373149085548962
8370,0.0243933390046823
8371,0.0638854816034334
8372,-0.0582489754562695
8373,0.015981869848017
8374,-0.0755900681540737
8375,-0.013094250697331
8376,-0.000602756110594083
8377,-0.0381556272475613
8378,-0.0476654534077425
8379,-0.0246398079127948
8380,-0.0714478111908225
8381,0.00251394634448922
8382,-0.0254352679946004
8383,0.0235297342935362
8384,0.0230849595670922
8385,-0.016770931363683
8386,-0.0052707782681056
8387,-0.0513060846558975
8388,0.0326110292019008
8389,-0.0648110274617853
8390,-0.0302652246835845
8391,-0.0903539409594972
8392,-0.00454586711865008
8393,-0.0378632451313842
8394,-0.00537651003633579
8395,0.00344191864883451
8396,-0.127172375272036
8397,-0.0399715570637345
8398,-0.0397041092327743
8399,-0.0491155891726891
8400,-0.0310957523693883
8401,-0.134455412656273
8402,0.0140168124703944
8403,-0.061212380797885
8404,-0.0575969927135734
8405,0.0298918098549349
8406,-0.0803427166608429
8407,0.0584044775899508
8408,-0.0572296474843014
8409,-0.0364245581912168
8410,-0.0303204159363541
8411,-0.0369802534441524
8412,0.00061717419501383
8413,-0.0979307402216259
8414,-0.0551060830290435
8415,-0.0599861651807103
8416,-0.0596366457886648
8417,0.00691720502770602
8418,-0.0835730476122345
8419,-0.0173246020461013
8420,-0.0681957429247683
8421,-0.047797587703167
8422,-0.0611977301415267
8423,-0.036327643924006
8424,-0.0488436317363295
8425,-0.075076574964268
8426,-0.0849352563784236
8427,-0.00186075980785512
8428,-0.0479423160473604
8429,-0.0630101237804034
8430,-0.00482160202786293
8431,-0.0445344438366459
8432,-0.0276305439538661
8433,0.0119099520252289
8434,-0.0986244514213877
8435,-0.0638543957805751
8436,-0.109423839686945
8437,-0.045438642688402
8438,-0.0621438204547813
8439,-0.0619485892638726
8440,-0.021152451489168
8441,-0.034882026593472
8442,-0.0315751215882124
8443,-0.0316983499629748
8444,0.0324211133534317
8445,-0.00957855457701045
8446,0.0628142982600183
8447,0.0818960229639521
8448,0.0299357816097944
8449,0.0208001557884346
8450,0.0185823849403059
8451,-0.0120475133424344
8452,-0.0257605624013338
8453,-0.0306667527055937
8454,0.0284655116403678
8455,-0.0865817293920101
8456,-0.0340901973413315
8457,-0.0329946667634759
8458,-0.0175260996674629
8459,0.0377112079911219
8460,0.0221465771391585
8461,0.00472434521014605
8462,0.0763952077378951
8463,0.0750716424565969
8464,-0.0862122600435749
8465,-0.0214921302187307
8466,-0.0214404393657252
8467,0.0091459564448404
8468,0.000662218844844652
8469,0.0450828494428562
8470,-0.0441292920413973
8471,-0.105560197709017
8472,0.0354618785801332
8473,-0.0111549855275338
8474,-0.0492163562199222
8475,-0.00405684403184928
8476,0.00828047598685455
8477,-0.0224828403284028
8478,0.0310605301771903
8479,-0.0220977432456237
8480,-0.0434540235784602
8481,-0.0221302574972352
8482,-0.0514264424762442
8483,0.0332093702688947
8484,0.0175423502485057
8485,0.059279401980766
8486,0.0226600952574849
8487,-0.0304509036635222
8488,-0.0409197978922144
8489,-0.0214360269959885
8490,0.00427576991188395
8491,-0.0939264697055495
8492,-0.0266244217374559
8493,-0.0290640256653097
8494,-0.0067084445708688
8495,-0.0183673949742445
8496,-0.00563056562217546
8497,-0.0216307515205209
8498,0.0118825254226519
8499,-0.0686665741075066
8500,-0.00615573036012576
8501,-0.0500475490487597
8502,0.0232653923845702
8503,-0.0119832998436638
8504,-0.017922121477595
8505,-0.263145796975826
8506,-0.0524150555993571
8507,-0.0285119667311864
8508,-0.00425079628010815
8509,0.00953644077970313
8510,-0.0634807598787411
8511,0.0186688801509748
8512,0.00521672814957299
8513,0.0219033270234831
8514,-0.00387547822255232
8515,0.0538389393555464
8516,0.00119651847846471
8517,0.00255428648062158
8518,-0.0326885857325146
8519,0.0730233795676076
8520,-0.00685352415419106
8521,-0.0631744563155988
8522,-0.0339788535673702
8523,-0.0303029826721876
8524,-0.0699105285245708
8525,-0.0355217338271079
8526,-0.0310092553249551
8527,-0.0502610347404044
8528,0.0593312150858385
8529,-0.00524545097814714
8530,-0.0482661654033825
8531,0.0109671602052407
8532,-0.0386409599947463
8533,-0.0517603134676094
8534,0.00242553976562324
8535,-0.0757527052261093
8536,-0.0438415029761438
8537,-0.0858886134722365
8538,-0.0777910896534568
8539,1.84059905993286e-05
8540,0.0702416481076941
8541,-0.0721895626148905
8542,0.0153421443378134
8543,-0.0168285261244642
8544,0.0574831755498363
8545,-0.0366893573626607
8546,0.0244340514763971
8547,-0.0290464218321336
8548,-0.103325037328167
8549,0.0312886181221008
8550,-0.0477501873645946
8551,-0.0411521864737711
8552,0.0332441500856903
8553,-0.0149913656781758
8554,0.0638082599385243
8555,-0.0815224982703156
8556,-0.0722153285544081
8557,-0.0719985026634034
8558,-0.00994698856039595
8559,-0.00360865716604458
8560,-0.0466383451007469
8561,-0.0287687139824934
8562,-0.0449815143469732
8563,-0.0612770450070708
8564,0.00989113804460307
8565,-0.0119921325713053
8566,0.00211196231489884
8567,-0.0978693057848868
8568,0.0280488868243361
8569,-0.0180062337701696
8570,-0.0188249391424835
8571,-0.012784569597554
8572,0.0461884927167734
8573,-0.0907567803544705
8574,0.014960814349179
8575,0.040726866703794
8576,-0.00173711535842465
8577,-0.0573642342204001
8578,0.0311533605173155
8579,0.039974680583822
8580,-0.0248094381198207
8581,-0.00345534132579931
8582,-0.127448728259179
8583,-0.0079011131884553
8584,-0.0649152495510837
8585,0.0327641520375225
8586,-0.00280329414029498
8587,-0.0173716926242871
8588,-0.011861745498938
8589,0.0103157568943
8590,-0.0219030534801818
8591,-0.0351651337216306
8592,0.015986637786538
8593,0.0166437034338101
8594,0.0115172203719484
8595,-0.0213387858309186
8596,-0.0863372924080971
8597,0.0154611898545022
8598,0.0161887918229438
8599,0.0367446113047356
8600,-0.0357293430775025
8601,-0.0419546020656119
8602,0.0139492577835441
8603,-0.0109925211619765
8604,-0.0118433649786207
8605,-0.0142702864160937
8606,-0.0484234806287572
8607,0.00742831051155162
8608,-0.0448071701290726
8609,-0.0050798476126708
8610,0.0239872461521102
8611,0.0158338502752105
8612,-0.0217598328633112
8613,-0.0404798158205646
8614,-0.0407736823374648
8615,-0.112147890726722
8616,0.0685493796878532
8617,-0.02482316001743
8618,0.0594209953982865
8619,-0.0433670188598959
8620,0.0710826401274943
8621,0.0285308445456271
8622,-0.0356061000993422
8623,-0.00150608253551209
8624,0.043900778410788
8625,-0.0452127698961237
8626,-0.0204582317008203
8627,0.0508665023668231
8628,-0.0466949135679157
8629,0.0358891293379182
8630,-0.0627792305915257
8631,0.00781307149316155
8632,-0.0533022897046129
8633,-0.0280792630988062
8634,-0.0545223859657284
8635,0.0160168888231988
8636,-0.0211674613387565
8637,-0.0030238071100977
8638,0.020583835965555
8639,0.0023421441490979
8640,-0.0697270484649739
8641,-0.0324714073105855
8642,-0.0637279127246467
8643,-0.0551285208667105
8644,0.0465763667153651
8645,0.0199796593705752
8646,-0.0599957982614076
8647,0.0278173069862899
8648,-0.0199553624673826
8649,-0.0281444062074766
8650,-0.0805389066982917
8651,-0.0205464387040899
8652,-0.0184841391126931
8653,0.0097739788108049
8654,-0.026477842611453
8655,-0.0199898362920906
8656,-0.0255947614179621
8657,-0.0691107539895528
8658,-0.0100190091486629
8659,-0.0241755155657627
8660,0.0352519537795246
8661,-0.0199805833861056
8662,-0.0199691477181092
8663,0.00842646141994979
8664,0.0160326131516968
8665,-0.0378235373800598
8666,-0.0413354252219782
8667,-0.109565889495856
8668,-0.0727863699409206
8669,-0.0145710549963958
8670,-0.0187971690766317
8671,0.0181879732605068
8672,-0.0644425994855704
8673,-0.0200390683496405
8674,-0.0127076458576243
8675,0.0418946758602122
8676,0.0406942485039748
8677,-0.0354737034680627
8678,0.00834616962896305
8679,-0.043304344643373
8680,-0.00388469219187165
8681,-0.0320519643401511
8682,-0.0282713008872295
8683,-0.00863206112493414
8684,-0.0256746577921035
8685,-0.0236659780155903
8686,-0.0170004883935452
8687,-0.0834093051161684
8688,-0.041810839447673
8689,-0.0237771028350223
8690,0.0243130710030147
8691,-0.0151452418757699
8692,-0.0556752310990509
8693,-0.0185112697761224
8694,-0.0371739040179533
8695,0.0202432491739309
8696,-0.00362500301345837
8697,-0.0184896096333681
8698,-0.0195628829704107
8699,0.0389733861840296
8700,0.0160274145106536
8701,-0.0451534971352795
8702,-0.0879955612685834
8703,-0.0402811538332424
8704,0.0371316770707188
8705,-0.0691126817893359
8706,-0.0146039701243937
8707,-0.0270062622547783
8708,-0.0662929759407206
8709,-0.0477189281178463
8710,0.0154602439145937
8711,-0.0527548427685819
8712,-0.0225839554310531
8713,-0.0231846200230353
8714,-0.0276255120659885
8715,-0.0133191480772121
8716,-0.00634499010351124
8717,-0.0861553008706616
8718,-0.0281584464749915
8719,-0.00038595479740146
8720,-0.0632997788282055
8721,-0.046413941839147
8722,-0.060651962149135
8723,-0.00376485335589985
8724,0.00693161284885473
8725,-0.012595861592902
8726,-0.0123950532674269
8727,-0.0297389279178101
8728,-0.0539785696097227
8729,0.0262819977126884
8730,-0.0325398134794573
8731,-0.0314856210486266
8732,-0.032797025282737
8733,-0.0341161236490758
8734,-0.00128231928462179
8735,-0.0123766104509677
8736,-0.00218859386435528
8737,-0.0181590359384494
8738,-0.0283633410430109
8739,-0.0147752736167421
8740,-0.0293504582556163
8741,0.00412215247559118
8742,-0.0953155752437084
8743,-0.012569132720768
8744,-0.110437676121308
8745,0.00357146147788465
8746,-0.0550453922305461
8747,0.0530867654960539
8748,-0.0198540634488597
8749,-0.0506926253070752
8750,-0.0333045145701147
8751,-0.00555035012512277
8752,-0.0821836517993395
8753,-0.173451034142368
8754,0.0352833139204143
8755,0.00860809038595601
8756,0.0476582288072543
8757,0.0260213973801993
8758,0.0359907992832129
8759,-0.0171801244713412
8760,-0.00739227745127964
8761,-0.00677693868215472
8762,0.0297889423345285
8763,-0.00703996808054898
8764,0.0162079594185311
8765,-0.0703943193645224
8766,-0.0485165621842195
8767,-0.0536862821308017
8768,0.0213372517311196
8769,-0.0858546622873207
8770,-0.0154357558890587
8771,-0.0380333740024568
8772,0.0240038509418108
8773,-0.0290035076038457
8774,0.0618568034412893
8775,0.041763990858923
8776,-0.0210852410768043
8777,-0.0337982026969753
8778,-0.0164035665052672
8779,-0.0736561559830839
8780,-0.039071752931367
8781,-0.0338874381575267
8782,-0.0269238750784496
8783,-0.0323334479934769
8784,-0.0146525609165192
8785,-0.0107197688218077
8786,0.0131302561962437
8787,-0.0272031454579946
8788,-0.0240821981463627
8789,-0.0161023144061509
8790,-0.0147466779793394
8791,-0.0482401077626303
8792,-0.0985464739201701
8793,-0.074742827629012
8794,0.0315160653938144
8795,-0.0768118436463768
8796,0.0201353699999303
8797,-0.00543089998243961
8798,-0.0764041919803575
8799,-0.0214957165977952
8800,0.0253680647270452
8801,-0.0383370076072845
8802,-0.0149319940276425
8803,-0.00954967458226033
8804,0.00943285883197314
8805,-0.00630337690977662
8806,-0.0517025106350599
8807,-0.00827033950148904
8808,-0.0353858070217302
8809,-0.0218121176270539
8810,-0.0163228755712219
8811,0.0216921135118474
8812,-0.00435781005649146
8813,-0.0481147794499041
8814,-0.0467037297430491
8815,-0.0108131490182406
8816,0.0429901926413671
8817,-0.0168707785507786
8818,-0.0377082298286603
8819,0.0471121647374962
8820,-0.083128353292732
8821,-0.0198507798708312
8822,-0.0437590547086412
8823,-0.0205227120377077
8824,-0.0311376355737554
8825,-0.113580498143005
8826,-0.0496930188829484
8827,-0.0312757151641605
8828,0.00360884334464613
8829,-0.0475889247089756
8830,-0.0563180011047823
8831,-0.0827254282044819
8832,-0.0620372277363303
8833,-0.00247052764445264
8834,-0.026083310824918
8835,-0.0489537837933479
8836,-0.00791572857712566
8837,-0.0185828965442445
8838,0.00239891523832819
8839,-0.0600070467808212
8840,0.00375495808950982
8841,0.026214172146836
8842,0.0272068936155145
8843,-0.0549986611769618
8844,-0.00121640625218977
8845,-0.0404452604941779
8846,-0.0315112945509876
8847,0.0586437877146971
8848,-0.0103980628663094
8849,-0.00142203683017867
8850,-0.00540341018910843
8851,-0.0468646092758868
8852,-0.0163106952306094
8853,-0.00568763832798133
8854,-0.0160531725658526
8855,-0.0634189924983403
8856,-0.0250945438480893
8857,0.00979980875497334
8858,0.00927467931719831
8859,-0.0662027471529365
8860,-0.0389032337254743
8861,-0.00533242175496158
8862,-0.0290946144828987
8863,-0.0489243050269301
8864,-0.0574836584693552
8865,0.0295556668304846
8866,-0.0363927351709321
8867,0.0179847339943202
8868,0.0288666058635832
8869,0.00591477798723406
8870,0.0341126990952446
8871,-0.0197483488727854
8872,-0.0701685622048485
8873,-0.0536691584323114
8874,0.015922037166341
8875,-0.0476729544759292
8876,-0.0431224294101709
8877,0.0207180324627916
8878,-0.034233341760286
8879,-0.0181135960261494
8880,-0.0731696782122758
8881,-0.0365197861501413
8882,-0.0256800874509451
8883,-0.0672021500113035
8884,0.00928325598225244
8885,0.00673621273076107
8886,-0.0134623625178876
8887,-0.0228301712944942
8888,-0.0256777525998185
8889,0.00955560439081728
8890,-0.0017468576485145
8891,-0.0121089662052173
8892,-0.0335401413459655
8893,-0.0444468450917089
8894,-0.0911277421742054
8895,-0.0427260482891612
8896,-0.0707381779745902
8897,-0.0753953029946265
8898,-0.00667648175878518
8899,-0.0809427278389926
8900,-0.0594763722014474
8901,0.00146456292213659
8902,0.00825695365890085
8903,0.0224093054963081
8904,0.020269809949498
8905,-0.0425923523559551
8906,0.0194790334780689
8907,-0.00478383358772811
8908,-0.011839494133196
8909,0.00930056011924293
8910,0.0142908807882475
8911,-0.0865584300159708
8912,0.0240077889412507
8913,0.0207862605874516
8914,-0.0411943479306341
8915,-0.0122311031231944
8916,-0.0125929480536067
8917,0.0651256186482948
8918,0.00259080104329677
8919,0.0225532095262533
8920,-0.0599459772264997
8921,0.0367551005685254
8922,0.00321599175125558
8923,-0.00707454480240101
8924,-0.0342439075152433
8925,-0.0473827230126438
8926,-0.0664027556154825
8927,0.0480125113352066
8928,-0.00590893619860349
8929,-0.05334854057284
8930,-0.0193006915105565
8931,-0.0564345083109468
8932,-0.0458363208861762
8933,-0.0706396573514572
8934,-0.0707688031325208
8935,-0.0102688044212224
8936,-0.0474716125732531
8937,-0.0976217765653657
8938,-0.0449967012557884
8939,-0.0285251384517856
8940,-0.0836705294989611
8941,-0.0159398800170436
8942,-0.0565582383075426
8943,-0.0273912398877827
8944,-0.0214592195500592
8945,-0.0509538890402466
8946,0.00431674371891344
8947,-0.0426901266763599
8948,-0.0281200309824831
8949,-0.0190919506067118
8950,0.00894422966407208
8951,0.0261768378338543
8952,-0.0487403659546211
8953,-0.0664211999639886
8954,-0.0277379521791564
8955,-0.0143877850091035
8956,-0.0936443172766793
8957,-0.0505348031005324
8958,-0.109829692748292
8959,-0.0268876434218008
8960,0.000506584931211224
8961,-0.0341188730694691
8962,-0.0442619012068378
8963,-0.0192795291444202
8964,0.039258831341447
8965,-0.0364021167242171
8966,0.0079368293926684
8967,-0.00939469305275504
8968,0.0323654341883205
8969,-0.022868093770845
8970,-0.0677041426359397
8971,-0.00889080448970217
8972,-0.0243671045645125
8973,-0.0344476169590624
8974,-0.00947327072838204
8975,-0.0896440034834588
8976,0.0371305200660147
8977,0.0241644591372086
8978,0.049728349191545
8979,0.0296056590975523
8980,-0.00203652314020564
8981,-0.0387985797064157
8982,-0.0192034149383631
8983,0.0109935399211089
8984,-0.0354874820159413
8985,0.0448093956259363
8986,-0.0404123406577597
8987,-0.0106934168184508
8988,0.011256773448111
8989,0.0370150386714938
8990,-0.0341730708499549
8991,0.0441902726169839
8992,0.0227426440327021
8993,-0.0148520339738242
8994,-0.0207679113730073
8995,-0.0233713778002476
8996,-0.0355991907208178
8997,-0.0370692162549218
8998,-0.0557179250774134
8999,-0.00774310422373869
9000,-0.0638361408107895
9001,0.0523174165464904
9002,-0.0104919294932594
9003,0.0464466908376376
9004,-0.10601832633348
9005,0.0618780162910632
9006,-0.0174850885699382
9007,-0.00994153939329949
9008,-0.0178877902960002
9009,-0.0094057662809974
9010,0.0167234994370461
9011,-0.0484028246620541
9012,0.0426820242515384
9013,0.050657217450736
9014,0.0424465048457116
9015,0.0533417384671121
9016,0.0399964006443778
9017,-0.0588817102903001
9018,0.0028393657793556
9019,-0.0929884323856909
9020,-0.0498269376791623
9021,0.0582018214362638
9022,-0.0154381499790285
9023,0.0182646117550471
9024,-0.0186795382074689
9025,-0.0450107477725772
9026,-0.0171350978446655
9027,-0.0304222178880266
9028,-0.0369585451831603
9029,-0.0309097116389405
9030,0.00845365266858185
9031,-0.036666651252768
9032,-0.0310240343263677
9033,-0.103529633830335
9034,-0.0652514982583784
9035,-0.0342601675852681
9036,0.00487805109758725
9037,-0.0474903266569288
9038,-0.0315228652687701
9039,0.0339206090879883
9040,0.00525808475195348
9041,0.0130474479865041
9042,-0.0348153372991438
9043,-0.0571497463656835
9044,-0.0328568281818385
9045,0.0154046002450778
9046,-0.0524710174369461
9047,-0.0386604665993382
9048,-0.0292796595641382
9049,-0.0857013307400269
9050,-0.0396769813701283
9051,-0.0265485631757036
9052,0.0564888146395948
9053,-0.00329099478366759
9054,-0.0572315737763399
9055,0.0143574603571359
9056,0.0719868975668135
9057,0.00399716585376432
9058,0.0404921886684588
9059,0.00593423556549738
9060,-0.0228069052280938
9061,-0.0307171342778848
9062,0.00430526486911727
9063,-0.0951564055959881
9064,0.0569815550831531
9065,0.0245629017072231
9066,0.026653623510224
9067,-0.0199290596008272
9068,-0.000436117635394941
9069,-0.0272619207837335
9070,-0.00648761365682081
9071,0.031352796137423
9072,0.0174570091021176
9073,0.0140642068978526
9074,-0.141668775937068
9075,0.0941375762674762
9076,-0.0221982178604163
9077,-0.0326842978097084
9078,-0.00310306321090646
9079,-0.0215388760713943
9080,-0.0161752640388789
9081,-0.103596608540621
9082,0.00316404060464458
9083,0.0297777321687903
9084,-0.037239779784306
9085,-0.157539208975522
9086,0.0246221900242994
9087,-0.0319152840412637
9088,-0.0302443493199292
9089,0.0420722009156834
9090,-0.0377063690931231
9091,-0.0116326312680391
9092,-0.0176307787668048
9093,-0.00719103662435519
9094,-0.0653296086967638
9095,0.0543174711734371
9096,-0.131440579040632
9097,-0.0263156792773923
9098,-0.0472812387768492
9099,-0.0307190821299224
9100,-0.0735396783613729
9101,-0.00445068155635071
9102,0.0161847895925574
9103,-0.0130474620895289
9104,-0.0702988860725503
9105,0.0118805780116147
9106,-0.0410363686504988
9107,-0.0474933437602747
9108,-0.0646290469140559
9109,-0.00295533383573204
9110,-0.0476306185544689
9111,-0.038838268483502
9112,-0.00500204650471882
9113,-0.032514767207957
9114,0.0111981456005404
9115,-0.00338569081379542
9116,-0.0347944447059375
9117,-0.0657622801715105
9118,0.00503099069205699
9119,-0.0427286674226953
9120,0.0438291367292545
9121,-0.0408733649409555
9122,-0.000447423957040052
9123,0.0466031083033496
9124,-0.0097747624842747
9125,-0.0438832399186281
9126,0.0525062352316018
9127,-0.0237570215724444
9128,-0.00952895402687036
9129,0.0465143426664696
9130,-0.0114638161462629
9131,-0.0203577333073445
9132,-0.0317950529518973
9133,-0.0378065091284364
9134,-0.086712319259122
9135,0.0437803893866227
9136,-0.0470478693574424
9137,-0.046740039710348
9138,-0.0365922579152433
9139,-0.0158814924816952
9140,-0.00785980631612455
9141,-0.0784918179775192
9142,0.0547783661425658
9143,-0.00432339745967871
9144,-0.0150172083728117
9145,-0.049065386356202
9146,0.00763086312873774
9147,0.0644704764470942
9148,-0.013978028801574
9149,0.0470607498551995
9150,-0.0235927406161169
9151,-0.0280159244265449
9152,-0.00181008913541832
9153,-0.0390917099454329
9154,0.0134457324723792
9155,0.007362266166545
9156,-0.0943708769557342
9157,-0.0115494138608068
9158,-0.0241992996344911
9159,-0.0440725372701706
9160,0.0149305365546697
9161,-0.0173140353887089
9162,0.0251784438150918
9163,-0.00270773280616004
9164,-0.0945266481809741
9165,0.0220671563122413
9166,-0.0187263823621712
9167,0.00442871743617919
9168,-0.00133528804474923
9169,-0.000133074000460243
9170,-0.075418054443708
9171,0.0407644925203531
9172,0.017702787463575
9173,-0.0308370822848064
9174,-0.0510750882704623
9175,-0.0165257000725144
9176,-0.125759345511854
9177,-0.000760740998798203
9178,0.0156947505821919
9179,0.00753901128964416
9180,-0.0185188025845139
9181,-0.0216895184872834
9182,0.0174379335979243
9183,-0.0278972158452004
9184,-0.012962633713294
9185,-0.108712803536251
9186,-0.0610040565911175
9187,-0.00381975230053028
9188,-0.0699123942583568
9189,-0.0134422216289339
9190,-0.00810643882661647
9191,-0.0571908600261752
9192,-0.0239888215347323
9193,-0.0234144408272723
9194,0.00295686100197207
9195,-0.0478547898914822
9196,-0.0362438022569133
9197,-0.0300012347006744
9198,0.0283385322107914
9199,-0.0675227399004473
9200,0.0395938141118351
9201,-0.052704835823342
9202,-0.0830682962330361
9203,-0.0957781104423149
9204,-0.0475692551789248
9205,-0.0302684581648878
9206,0.0296673205964264
9207,-0.081129493215464
9208,0.0345941763019712
9209,-0.056657449393461
9210,-0.0124550720960097
9211,-0.00767271152490466
9212,-0.0246773566443033
9213,-0.0417243170307095
9214,-0.0512504809350016
9215,-0.0295054348043207
9216,0.0102823623396039
9217,-0.011599025773228
9218,-0.0100061956911686
9219,0.00197361423823221
9220,0.0439582688634784
9221,-0.0651795592129094
9222,-0.0723898236705859
9223,-0.00462481594140186
9224,-0.0354286020447189
9225,-0.00691637391330163
9226,-0.0267501362569483
9227,-0.0526782008908596
9228,-0.080563282553938
9229,0.0268657574331521
9230,-0.0359602024824136
9231,-0.0634302554936759
9232,0.0018791629407914
9233,-0.0373732890888526
9234,0.00696950662522987
9235,-0.0171115869081248
9236,-0.102969885633619
9237,-0.0225531803019053
9238,-0.0225616704980422
9239,-0.105916528331795
9240,-0.013692006913647
9241,-0.0535492464948902
9242,-0.00998390824685371
9243,-0.0380340374797547
9244,-0.00293930681577052
9245,-0.0297879060837194
9246,-0.0242559691748557
9247,-0.0906626347370562
9248,-0.0432674541504952
9249,-0.112860845161567
9250,0.00481215253630132
9251,-0.0232009424615704
9252,-0.0117151533781375
9253,-0.0548029544694211
9254,-0.167102849445655
9255,-0.00239001023259803
9256,-0.086960291025951
9257,0.0180621548635362
9258,-0.0435542562299695
9259,-0.0511138749558103
9260,-0.0372409165420224
9261,0.0209081446983215
9262,-0.00616529955127834
9263,0.0268491312553305
9264,-0.0087558278811289
9265,-0.058401941033221
9266,0.0226620511994403
9267,-0.0356114004985065
9268,0.0362939366624371
9269,-0.0145924846639517
9270,0.0310333966473345
9271,-0.0484775847180092
9272,-0.0370135578300133
9273,-0.0260599433166646
9274,-0.00613269945221978
9275,0.0268382950851257
9276,-0.0508926230354434
9277,-0.0268853625484164
9278,-0.0350286982855769
9279,-0.0286180007388916
9280,-0.00845323111940344
9281,-0.00733538420206376
9282,-0.0165759768343248
9283,-0.00815696030427832
9284,-0.00898228520214655
9285,0.026742396814074
9286,0.00243411061702012
9287,-0.0305611431847297
9288,-0.0220781379564351
9289,-0.019503986350533
9290,0.00207876134913926
9291,0.0205899767566034
9292,-0.0604393749382752
9293,0.015176184834317
9294,-0.0529339926521162
9295,0.0067263418658146
9296,-0.0536828709845304
9297,0.0238701128239478
9298,-0.0484063881033821
9299,-0.0386184208196798
9300,-0.0131541065222411
9301,-0.0187304379120952
9302,-0.0402408836306258
9303,0.0120646938571082
9304,-0.0809992128405102
9305,-0.0284944599769799
9306,-0.0195346546926192
9307,-0.0187405571291052
9308,-0.019338468521042
9309,0.0100154156740229
9310,-0.0948201955250779
9311,-0.0150056358951528
9312,-0.01304299422679
9313,0.0143011397624635
9314,-0.0274009856641016
9315,0.00987273866508576
9316,-0.0292311242298915
9317,-0.0202978945755165
9318,-0.0978905729092223
9319,-0.0327851992398596
9320,-0.0687423328496125
9321,-0.0171163182258402
9322,-0.104004979971462
9323,0.0102366074712205
9324,-0.0640291309847314
9325,-0.0133491791830784
9326,-0.0482624477084263
9327,-0.0232133525639325
9328,-0.0467758354282414
9329,-0.0606013892158353
9330,-0.0286359645766458
9331,-0.0070785293964329
9332,-0.0465709421661087
9333,-0.0530891634132849
9334,-8.68723493992189e-05
9335,0.00635120106886618
9336,-0.0283732951147532
9337,-0.0160620520327581
9338,0.0141897536603459
9339,-0.0380033881399274
9340,-0.0495787236149981
9341,-0.00550655366127502
9342,0.0056625575523008
9343,-0.0483630664995401
9344,-0.0158890601727739
9345,-0.0149698489179371
9346,-0.00458952451401213
9347,0.00923428528258591
9348,0.00969842415906444
9349,-0.0213316625940215
9350,-0.000514780099135257
9351,-0.0352362107106745
9352,-0.0630540088403987
9353,0.0071894025284417
9354,0.0505983306026376
9355,0.0281711218287142
9356,-0.0349032093480275
9357,-0.00719023158560134
9358,-0.068146347927674
9359,-0.0497925752892969
9360,-0.0300502448320928
9361,-0.0601871222350959
9362,0.00272976790409172
9363,0.0161216700537521
9364,0.00719992479252621
9365,-0.0401712600879689
9366,-0.0643877065800883
9367,0.00485555622720815
9368,-0.145510689330925
9369,-0.00354050356533197
9370,-0.0681795766486214
9371,-0.0226466061257543
9372,-0.00930819266838831
9373,-0.00523577335448786
9374,-0.0362573755144323
9375,0.0278826535167519
9376,-0.0672105452160029
9377,-0.0864390917529075
9378,-0.0565818962155663
9379,-0.00325286871784644
9380,-0.00565299874314895
9381,-0.0268034064722859
9382,-0.0493776270684982
9383,-0.0586042591575568
9384,0.0141573407159041
9385,-0.032653885887316
9386,-0.0519811073161686
9387,0.0331415051939071
9388,0.0507392603230012
9389,0.0176837771502743
9390,0.00980980529333716
9391,-0.0205246557118531
9392,-0.0885986597137478
9393,-0.00689825661390137
9394,-0.0193915095462432
9395,-0.00866789068431976
9396,0.00787755208300095
9397,-0.0302522667816503
9398,-0.0455705628566654
9399,-0.104134959516896
9400,0.00842088127388599
9401,0.0794861353829719
9402,-0.0338155102284428
9403,0.0121042515289823
9404,0.0320718802170311
9405,0.0117337184237303
9406,0.0521050151305257
9407,0.0271394613141624
9408,-0.0222053090742328
9409,0.0451895922684054
9410,0.0180181736658462
9411,0.0652850400833231
9412,-0.0736625344418295
9413,-0.101232745915158
9414,-0.082791657631048
9415,-0.0389077985492807
9416,-0.0170851119203977
9417,-0.0340932629453931
9418,-0.0389188520568583
9419,-0.0514439620462825
9420,-0.136759540625544
9421,-0.040315820461064
9422,0.0454840337781028
9423,-0.0394147685790932
9424,-0.0437882943525139
9425,-0.00205018121137426
9426,-0.0484378594140625
9427,-0.0655778166084626
9428,7.18856704565508e-05
9429,-0.030858509854486
9430,0.0371556146526654
9431,-0.0417149366835932
9432,-0.0552978654780326
9433,0.0256021033808707
9434,0.0233193735405733
9435,-0.0394117857587139
9436,-0.179260684517869
9437,-0.0501449839925336
9438,0.00448442836782639
9439,-0.0185227546754664
9440,-0.0762146924689267
9441,-0.027466872832141
9442,0.0402802172857511
9443,0.0115889380033077
9444,0.0643016504325073
9445,-0.0521539456202863
9446,0.0425584227268598
9447,-0.019553133033783
9448,-0.0569633135529708
9449,0.0274112697438288
9450,-0.0472461270225108
9451,-0.110492690750179
9452,-0.0513127529553832
9453,-0.0312092011063142
9454,-0.0174855353801791
9455,0.0543268795257716
9456,-0.0474369402433331
9457,-0.0659466148207196
9458,-0.141645870157633
9459,-0.0501435007327728
9460,-0.0518417672619696
9461,-0.0948570175822462
9462,0.0141894610162116
9463,-0.0502284574945874
9464,0.0369308583444921
9465,-0.0187697281278618
9466,-0.0104540802960972
9467,0.0180940084015658
9468,-0.0364536167215151
9469,0.0334549697820741
9470,-0.0518119863578636
9471,-0.0310878472328586
9472,-0.0258802956003802
9473,-0.0239089640808607
9474,-0.028319006560008
9475,-0.0496049768463969
9476,-0.0109368959373232
9477,0.00257523952394972
9478,-0.0146848200948957
9479,0.0414712099799185
9480,0.00119850001778963
9481,-0.0240945356931616
9482,0.0361025904700226
9483,-0.0276350461238475
9484,-0.0241220253123622
9485,-0.0567902730140845
9486,0.0034909853393063
9487,-0.0685082389171753
9488,-0.0727672655515075
9489,-0.0171265297392469
9490,0.00789420516885661
9491,-0.00868261244800069
9492,-0.0256227997084196
9493,-0.0352484250009825
9494,-0.0694619684484575
9495,0.000661949871247536
9496,-0.0644018594293175
9497,0.0209621392606778
9498,-0.0192774823169976
9499,-0.0427039724570994
9500,-0.0189888290444947
9501,0.0466892501822742
9502,-0.0207241780907315
9503,-0.029988031327759
9504,-0.0393088816549238
9505,-0.0424802571576779
9506,0.0581828386085624
9507,-0.00397518857331499
9508,0.0196058107056447
9509,-0.0928048767032363
9510,-0.00805832106687264
9511,-0.0711806510546784
9512,-0.0385317794272243
9513,-0.0342171130618013
9514,0.0357386163366075
9515,-0.000819685193552211
9516,-0.0627642776152377
9517,0.00459427508744378
9518,-0.0163108532736569
9519,-0.0706749325079774
9520,-0.0260154880756425
9521,0.0400267023010754
9522,-0.00174081835946768
9523,0.0384597498138282
9524,-0.0815990572882385
9525,0.0187573662345302
9526,0.00462344954636299
9527,-0.0696925238551879
9528,0.0209537540928636
9529,-0.0857039465642863
9530,0.0253718030527861
9531,-0.00606548364085402
9532,-0.0111241451291275
9533,0.0193112805727978
9534,-0.0262578510539469
9535,0.0541383157575653
9536,0.0242174061592933
9537,0.0174347584436877
9538,0.0284762145925965
9539,-0.00690246790587268
9540,-0.00928649440976539
9541,-0.00365033086755999
9542,-0.0650597910626152
9543,0.0127782989915562
9544,-0.0589851125519608
9545,-0.0562138657983742
9546,-0.0543279545157089
9547,-0.0480252689506369
9548,-0.0600793606030531
9549,-0.0655909453350444
9550,0.0456665952065095
9551,-0.0235218656564053
9552,-0.0136174701664124
9553,-0.0969163008907083
9554,-0.0469943289313656
9555,-0.0625332347157825
9556,-0.0355381552881149
9557,-0.00557090125686943
9558,-0.0358927215902639
9559,-0.013351315842665
9560,-0.0115417879804109
9561,0.0190219569195397
9562,0.00551311600941989
9563,-0.0375400698938944
9564,-0.0319551343902308
9565,0.00395787718468424
9566,-0.0141469105255993
9567,-0.0805172643143454
9568,-0.0276791935994089
9569,0.00355866415086098
9570,0.0196175973446964
9571,-0.0024394022973021
9572,-0.0239487732684111
9573,-0.0138940527761338
9574,-0.0277865343376178
9575,0.0112403268618939
9576,-0.0427099945387799
9577,-0.0410525578757916
9578,0.0335426073108641
9579,-0.0774432447565161
9580,-0.0171377820091999
9581,0.00754343768418962
9582,-0.0149518223220507
9583,-0.125108138698733
9584,0.0151315657441773
9585,-0.072393125364452
9586,0.0110518427508563
9587,-0.0649581026727458
9588,0.0239417248500205
9589,-0.014997227724824
9590,0.0194299032445887
9591,-0.0409309477635556
9592,-0.0467801254372295
9593,-0.0961875262589471
9594,-0.0428037166071051
9595,-0.0440144444513256
9596,-0.0572075061937824
9597,-0.00141522340777405
9598,-0.0157703039104978
9599,-0.0317470728080544
9600,0.0198660950722054
9601,0.0515661880779394
9602,0.00876262527082246
9603,-0.0781398978152281
9604,-0.0227431948488698
9605,-0.0454434454966794
9606,0.0062087179856121
9607,-0.0121207495863419
9608,0.0363653081016281
9609,-0.049182305805542
9610,-0.0031582627804259
9611,-0.0152873655188163
9612,-0.00648331454072315
9613,-0.0451884987436224
9614,-0.0770174453974646
9615,0.00905872379812507
9616,0.0188460656457356
9617,-0.0643392192416302
9618,-0.0553000603974763
9619,-0.350431256681934
9620,-0.0365623755909644
9621,-0.00701725257528306
9622,-0.0225167614990446
9623,-0.0428822599836527
9624,-0.0678312452350938
9625,-0.0623322713268775
9626,0.00929122040029507
9627,0.019783588639315
9628,-0.0218806781708621
9629,-0.0592495488204373
9630,-0.0204459590884032
9631,-0.000848215070487795
9632,-0.00437263471804275
9633,0.0767496293062827
9634,-0.0288455726386093
9635,-0.0671747913772611
9636,0.0411246350891193
9637,-0.0359924016708768
9638,-0.0358232824457479
9639,-0.0687424940710217
9640,-0.0224567798182061
9641,-0.0232236150578523
9642,-0.0114583330524715
9643,-0.0471116758902704
9644,0.0311047056789654
9645,0.0361715792534393
9646,-0.0887566045781697
9647,-0.00732697887160442
9648,-0.0657681611617443
9649,-0.0547215973044914
9650,-0.0395523134074041
9651,-0.00395686691711368
9652,0.0597065064233473
9653,-0.0183512506342989
9654,-0.0358365238626098
9655,-0.0343005995540291
9656,-0.0769847858425087
9657,-0.0767928244219747
9658,-0.0682380663406338
9659,-0.0577990795220462
9660,-0.0194033603094497
9661,-0.133592160569152
9662,-0.0246800861278698
9663,0.0417668904011556
9664,0.0237924907679792
9665,-0.045309845129546
9666,-0.00385158189791415
9667,-0.0295088788021782
9668,0.012110061246182
9669,-0.0315638941205859
9670,-0.0235999114401313
9671,-0.00414813724211943
9672,-0.000626952332569056
9673,-0.0103287762132235
9674,-0.0368617225335564
9675,-0.00827896215347953
9676,-0.0523804085174839
9677,-0.00994529954456166
9678,0.0605906956554095
9679,-0.0842441806901638
9680,0.0110643421670925
9681,0.00437404560142601
9682,-0.0181492284107407
9683,-0.00359726786467994
9684,0.00154295830706791
9685,0.0213998169345089
9686,0.015292703585215
9687,0.0089660788380931
9688,0.0388009182671323
9689,-0.0165355190309595
9690,-0.0687878444921836
9691,-0.092394276953831
9692,0.00637280511261312
9693,-0.00865494327218457
9694,0.0410723892485036
9695,-0.0165979513420458
9696,-0.0220012591615377
9697,-0.0803448372535536
9698,-0.0636234371400669
9699,0.00885865959240916
9700,-0.0207684964296807
9701,-0.112361105221403
9702,-0.0591523148162857
9703,-0.0198569045308701
9704,-0.000669055519705363
9705,-0.000882905758032166
9706,-0.0181723579559292
9707,-0.0496007842336595
9708,-0.077207401120934
9709,-0.0523019513027777
9710,0.0392955834681336
9711,-0.00111695692953982
9712,0.015787611357519
9713,-0.0608443868887863
9714,-0.0319177218395752
9715,-0.054685366992063
9716,-0.0841704141895313
9717,-0.0440576266302794
9718,-0.0324032009795548
9719,-0.00775291330011645
9720,0.0298838899570073
9721,-0.0108690678327674
9722,-0.0277509958768011
9723,-0.0158138730060221
9724,-0.0650185635753269
9725,0.000132684597743086
9726,0.0367252137183084
9727,-0.0528885719436799
9728,-0.0923599484778369
9729,-0.105672576967782
9730,0.0242513543055682
9731,-0.013858713310692
9732,-0.0393712364423883
9733,-0.0381424833163925
9734,-0.0198495875244307
9735,0.0344776539805876
9736,-0.00450647176362515
9737,-0.029469574566155
9738,0.00181584938712531
9739,-0.0443464651592808
9740,-0.0166031483620415
9741,-0.0175881369695174
9742,-0.0857341699802225
9743,-0.0780394164030642
9744,-0.0465700433305904
9745,0.089098480578414
9746,-0.0195059391147968
9747,-0.0236828177168842
9748,-0.0589021757807589
9749,-0.0882228132113133
9750,-0.0521018969651987
9751,-0.0123619861477693
9752,-0.0142892595302257
9753,-0.00027515083888392
9754,0.0534553480724858
9755,-0.0879791288776245
9756,-0.00483638516989258
9757,-0.0398419443233601
9758,-3.05873233011672e-05
9759,0.0464873559228929
9760,-0.0576274717976041
9761,0.0329545271360944
9762,-0.0501004982017924
9763,-0.0438167197305993
9764,-0.0425035950576286
9765,-0.0114418127374502
9766,-0.062434082742149
9767,-0.0657913544696082
9768,0.00896849162319125
9769,-0.0896370504296652
9770,-0.0395267848829377
9771,-0.0403471315746327
9772,0.0110365127362267
9773,-0.114687331506954
9774,-0.0347883313315945
9775,-0.0335524071498462
9776,-0.00638480812581107
9777,-0.0281359087626708
9778,-0.0075424899220241
9779,0.0217318167175526
9780,-0.0940426829381004
9781,0.0128248788912554
9782,0.0183909580255611
9783,0.013097560357554
9784,-0.070687752178692
9785,-0.0520632881468997
9786,0.0136879235959923
9787,-0.00307673944754544
9788,0.0321780308461301
9789,0.0573204412813101
9790,-0.00713404347058629
9791,-0.054756327631951
9792,-0.0494112798482584
9793,0.00246210140980388
9794,-0.0186816871118529
9795,-0.0192530827476292
9796,-0.06750534163092
9797,-0.0675364037053243
9798,0.00833335181361958
9799,-0.029081858558479
9800,-0.0738618576095449
9801,-0.0500964486472412
9802,-0.0261856061592184
9803,-0.144316683646417
9804,-0.0298745232478529
9805,-0.0490552591573969
9806,-0.0721865574605897
9807,-0.0319413923848727
9808,-0.0171559868980788
9809,0.0231076204315799
9810,-0.0110494409743389
9811,-0.0488256859817642
9812,-0.0649465321956437
9813,-0.0714519381161452
9814,-0.0492314432851703
9815,-0.0140328059894634
9816,-0.0110999884430923
9817,-0.0262411976200011
9818,0.0219025201487053
9819,-0.0339280712490726
9820,-0.0515714160245586
9821,-0.112420536261977
9822,-0.0360638985438352
9823,-0.0416832112930127
9824,-0.00709618668822447
9825,-0.112815005405091
9826,0.0257887606264248
9827,0.0174960633417071
9828,-0.0243395728925831
9829,-0.0555963574270829
9830,-0.0160595311015238
9831,-0.0463574507994495
9832,-0.0569955371151054
9833,-0.07654282888853
9834,-0.0514021220409811
9835,-0.0122863015734725
9836,-0.0182176264854185
9837,0.0101494510008901
9838,-0.0692927896472694
9839,0.0164666190339257
9840,-0.0105318783304044
9841,-0.0201446169682433
9842,-0.00448743557979142
9843,-0.078214390883508
9844,-0.0249179550413278
9845,-0.0783757808450002
9846,-0.0272389898300773
9847,0.00845447238462939
9848,-0.0587344746619131
9849,-0.111967472955318
9850,0.0281914085537474
9851,-0.0293254695077278
9852,-0.0577730738119239
9853,-0.125706666677797
9854,0.0507364621605177
9855,-0.0264506858777889
9856,-0.0251433287477021
9857,-0.0074927227847317
9858,-0.0604679399746397
9859,-0.00489072106902087
9860,-0.0612447943947083
9861,-0.0439153518277162
9862,0.00505509012093667
9863,-0.035766583199526
9864,-0.0257465006010633
9865,0.0145529455275885
9866,0.0316482920692767
9867,-0.00618700565996057
9868,0.0223671713337075
9869,-0.0425861197407229
9870,-0.0368389468461603
9871,-0.133533418066392
9872,-0.0127858808576902
9873,0.0120916585828154
9874,-0.0535585573246052
9875,-0.0160285617848019
9876,-0.0168426685407028
9877,-0.0482426958719224
9878,0.0154141312498917
9879,0.0124965125816837
9880,0.0210161539831956
9881,-0.0992784013697785
9882,-0.0517578286755382
9883,0.00666919139683104
9884,-0.0781950249815433
9885,0.0156947074971222
9886,0.0175174196703473
9887,-0.0241985172217836
9888,-0.0285464824054992
9889,-0.0375327225023943
9890,-0.0269877659753531
9891,-0.015932141155543
9892,-0.0771923574435262
9893,-0.0248751811201486
9894,0.0329625894257419
9895,-0.0118338279888111
9896,0.0192588305891157
9897,0.01226308243293
9898,0.0472628546997037
9899,0.0210546081120547
9900,-0.0963889977531408
9901,-0.0566919916326234
9902,-0.074904380954774
9903,-0.0584573320698707
9904,-0.00869618230187105
9905,0.00205695640730888
9906,0.00513757674284277
9907,-0.0641123510369534
9908,-0.0195001420322087
9909,-0.0400876602944594
9910,0.0137064768129146
9911,0.0245876172013945
9912,-0.0579416543610935
9913,0.0223208098390835
9914,0.0184776727250191
9915,-0.032292774922438
9916,-0.0408375558329253
9917,-0.0323960548318035
9918,-0.0484299081334766
9919,0.00293888469777662
9920,-0.0498060925134952
9921,0.0737586928866725
9922,-0.0481669311919331
9923,0.0610618580525452
9924,-0.00720070573007262
9925,-0.069425076823141
9926,0.00839463421266635
9927,0.00695520367948804
9928,0.00849474382638876
9929,-0.0889151245812186
9930,0.0175330909887627
9931,0.0204185249676365
9932,-0.0244157783881142
9933,-0.0200162809364101
9934,-0.0134368313288135
9935,0.00666725101325978
9936,-0.0406142936103011
9937,0.0238471070769406
9938,-0.0631479463093489
9939,-0.00602438452992294
9940,0.0178064316318883
9941,-0.0391594709002454
9942,-0.0202896719745138
9943,0.000129075640348693
9944,-0.0364675199108577
9945,0.0219451766915342
9946,0.0482370299607153
9947,-0.0775388161014809
9948,0.00427310769715046
9949,0.0166622043909422
9950,-0.0161932668068136
9951,-0.00668775614026782
9952,-0.011981212107023
9953,0.00687012753480478
9954,-0.0329762093074475
9955,-0.019953255902751
9956,-0.0446380581807107
9957,-5.20057623927354e-05
9958,-0.010905116050097
9959,-0.056058742785883
9960,0.00899979326708335
9961,-0.00759263615852308
9962,-0.0163679781753912
9963,-0.113806902522353
9964,-0.0296900432707706
9965,0.026638362201978
9966,-0.0195490809304155
9967,-0.0873755133354163
9968,0.0335715035835628
9969,-0.0171921938029273
9970,-0.0262996635724709
9971,0.00334661324171351
9972,0.0136237467930441
9973,0.0212917425394561
9974,-0.0671127447301479
9975,0.0208877802127967
9976,-0.0483533180924287
9977,-0.0286494768907104
9978,0.0237968385592562
9979,-0.0553073048442354
9980,-0.0259230955425492
9981,-0.0486207785754646
9982,-0.00333820698171461
9983,0.0153190796402151
9984,-0.0388319305693571
9985,-0.0929297254326593
9986,0.00220404035304203
9987,0.0402995715438848
9988,-0.0234953164521791
9989,0.00939540400401377
9990,0.00358451430530648
9991,-0.034729331552869
9992,-0.0211791710270308
9993,-0.058236706409639
9994,-0.0361937208785527
9995,-0.0569183622171592
9996,-0.0422587768942417
9997,-0.0840068993647607
9998,-0.102027801500569
9999,-0.0321061925833813
10000,-0.00458248291419431
