"Ziehung","b1_stern"
1,6.60322869383279
2,-7.33118701851189
3,2.43245522495009
4,-0.134341793469142
5,-1.99085855979844
6,-9.26082196952392
7,11.2496369882029
8,2.9859935349558
9,0.69921243415161
10,3.40158431932762
11,2.30156300860065
12,-1.14370620641261
13,-2.49936144846916
14,11.8727362507767
15,4.86800848356348
16,-2.71876041370249
17,-1.7929316078197
18,2.22569551700523
19,12.4203788375345
20,-3.63260039733507
21,-1.32085812060846
22,3.88024410150937
23,0.459628993071663
24,-4.28715547770681
25,-0.343615177739748
26,-7.79902284676663
27,-5.54015964615594
28,-0.704875304591856
29,-5.35091703024708
30,6.48586345245406
31,1.12887123622473
32,0.593389389075422
33,6.48272636321934
34,1.12801288028216
35,-0.874815082832525
36,4.60530959822145
37,-11.0310005609582
38,-4.10765516462376
39,3.98738795852016
40,4.62418950388618
41,3.20346280111659
42,0.891604281669977
43,3.08478008001938
44,-7.91208607965395
45,-4.58208337237331
46,-13.9769177723555
47,-5.03176190175252
48,0.12753557427947
49,0.67565568046467
50,2.80801816735184
51,3.09708748229345
52,-5.29171369182692
53,-2.29282307668849
54,-6.73728529237761
55,5.90484086037455
56,-8.7341806900741
57,-8.30541527954658
58,1.62750214600274
59,1.76622592479337
60,-14.0706271183201
61,9.74940026967428
62,-1.72940776901101
63,-4.05360888977397
64,-0.291253433063096
65,-0.642597341935849
66,11.1380530694871
67,4.67167283854855
68,1.59044683748053
69,-5.7016182316345
70,8.00904525470971
71,-3.67953330071828
72,9.74107504274225
73,-2.71880415720018
74,-0.148060814288946
75,9.13373545779419
76,-3.99484408732142
77,2.53561220097458
78,-3.52110210123553
79,3.42503232286116
80,-4.2374723444904
81,3.03608416321031
82,-3.43362692419223
83,4.79200428632231
84,5.25763399240334
85,-2.45959994463732
86,-8.70462484040126
87,-5.47893643704996
88,-9.31195972268464
89,-2.64240911432754
90,4.59959684822864
91,-6.0071299101955
92,-7.21428666478539
93,-3.34411424897208
94,-8.25566246686062
95,-5.06645007932581
96,3.4818985028284
97,2.23692403581804
98,5.05597753885238
99,-4.60642600883254
100,-2.85363196606977
101,1.53370473655593
102,-7.14423951119067
103,1.68262155617207
104,2.77887537005576
105,-0.842445962924214
106,2.96395273497076
107,7.30310959476641
108,4.44745177095107
109,5.19028972822512
110,-6.04351168739623
111,-1.6679390286807
112,5.64006530215186
113,-10.0426380635006
114,3.25030754370324
115,0.765807615728258
116,-0.668810916677489
117,-9.24441624296849
118,11.3565230616471
119,-11.8345311595625
120,9.1977190712504
121,2.71406271523607
122,2.64172783169554
123,-5.13580395387985
124,-9.22888512429683
125,6.4395534259586
126,2.89826495272874
127,7.85305272035754
128,1.09645917430624
129,-0.361554560504973
130,1.82312588740573
131,-3.62311993971101
132,-3.49662881303556
133,3.64307398791191
134,-6.61622452407136
135,7.25245687976512
136,6.7348482951315
137,-3.78670284080959
138,-0.240051853194736
139,2.00735380347667
140,3.9423836963737
141,8.36312225593958
142,2.18469595469114
143,-4.33877488041584
144,-1.4962181881572
145,-4.58745836245556
146,-7.40176365082669
147,1.30953717064117
148,4.86011787009616
149,-18.6074954248751
150,0.296449256963033
151,5.64944174992519
152,1.02588901501704
153,2.76106051649501
154,-4.5681471080321
155,-8.32763513273384
156,3.0344040878296
157,-6.40580451980346
158,0.620128379973267
159,6.83728838761853
160,3.87794156292355
161,2.14907812172217
162,4.84922047535174
163,1.6558298073287
164,4.93738185355976
165,6.09864077879888
166,-0.428321065273868
167,6.33251056693437
168,-7.39112401946976
169,-10.531890584052
170,-0.728108717851713
171,3.24326210604894
172,-5.82510234960841
173,5.98595768865894
174,-10.4522509250113
175,-2.5951500270898
176,-8.93795528408457
177,-13.230791975837
178,2.6098787085912
179,-9.25266849235587
180,2.19570247350221
181,-3.56537873376374
182,-4.92855610577499
183,-7.49442840215354
184,-2.55629979502064
185,-9.48472750860334
186,-13.3819434267178
187,-4.00378593308801
188,6.95708461801619
189,0.116796194996321
190,-5.1267663711419
191,2.1144408989007
192,2.85327585894589
193,-4.00905456335829
194,-2.76469486060551
195,6.63091302943922
196,0.0711605605359264
197,2.56040699707221
198,5.80031723009069
199,2.463398216322
200,-3.46971318997119
201,5.17166614108276
202,3.47827750296379
203,-0.00937517314519335
204,-5.60117034787413
205,11.36115566779
206,13.0233474952831
207,8.82634213800577
208,-20.8480222426608
209,-3.11963514503942
210,5.68586465022328
211,-8.96298412017068
212,-6.27144230316225
213,2.73393477337743
214,-2.0882630282758
215,-3.97443902268703
216,-5.88956854329427
217,-9.02359963424209
218,11.2490063667206
219,5.42971726205542
220,3.4027548097723
221,9.2118925691731
222,-5.13377744523914
223,2.71286409697025
224,-11.9865695704205
225,0.321394637713217
226,-15.8127394316766
227,3.02730539357868
228,-2.2181897133482
229,2.31388829778672
230,-3.39591346818368
231,1.072330765783
232,11.4385896153908
233,6.86358471623189
234,7.8625053266203
235,-0.285640089478517
236,-6.37241772085533
237,3.20427516122055
238,-3.84963843120698
239,4.68435138559857
240,2.90696317994955
241,-1.63197329477206
242,-7.41817909480075
243,6.3700942776199
244,7.96650175268988
245,4.98045486161335
246,-3.17956984904096
247,5.91539388793114
248,6.79907586477347
249,4.8727986631442
250,-0.369193450591564
251,9.10838499342016
252,0.96800936097531
253,3.61642765675833
254,11.3536323853631
255,-5.39624700512855
256,-4.14657521157745
257,2.03691450660772
258,-8.51484412267247
259,2.43407744226826
260,-3.57904513127427
261,4.12637786131437
262,8.42965201582571
263,10.8984495930933
264,2.71087445653082
265,-6.70666306602529
266,-8.88511952574139
267,3.61952160869146
268,13.5660397855075
269,-2.03802138551916
270,14.8523233768335
271,-10.6273551798963
272,2.54733449975927
273,-6.26094679653276
274,2.78076007020617
275,-2.99797105061093
276,-11.9255864228453
277,4.83276716135586
278,-6.0308696226217
279,-9.35618461688548
280,-13.3599865677036
281,-7.26173760239702
282,2.30516651365508
283,-3.54139592898439
284,1.04244029517623
285,-7.27122825215157
286,1.71981122537578
287,0.190410391117397
288,3.31269875796152
289,2.94865891638814
290,-5.6065116899059
291,8.33975352779441
292,3.73928732195893
293,4.522374688942
294,0.307689922797105
295,-3.73612208294504
296,1.71292264448617
297,-6.51825066214954
298,7.62890685298238
299,0.329731643616824
300,-5.09585689339773
301,2.55720138392231
302,-3.11270010725587
303,9.93365280062121
304,-0.951803833326535
305,3.16897703080809
306,-1.80105985027799
307,11.161674555594
308,5.37296155278852
309,-3.90592886090545
310,-3.20390147850649
311,-6.94365949445895
312,9.83113713237167
313,-0.956442620731223
314,-6.23326481813713
315,1.86152614612091
316,-4.61741687502169
317,2.64035174091721
318,2.13915890870259
319,-1.02332398259882
320,-6.88398352708116
321,4.05464933075671
322,8.58516684171231
323,-11.5961910365001
324,1.95299904866579
325,6.67035446619166
326,7.06140094917881
327,3.97654557253209
328,-2.75889851271998
329,-8.55530471872904
330,7.36272492523796
331,3.80126343040476
332,-7.27097155431478
333,3.08814733458472
334,-7.44935756667923
335,-4.52797084346923
336,-2.03948891296234
337,-13.6431425370438
338,-5.16948835488631
339,0.86851129481714
340,1.36770136835102
341,8.50983996383847
342,-8.61296316274646
343,-5.599757016835
344,-9.01613851035806
345,2.28818694396514
346,-6.30670370489272
347,5.77987369508081
348,-4.03154994010324
349,8.91371190977966
350,-2.88009794627426
351,-13.0008003142769
352,-9.66365928890063
353,0.178547634259124
354,-11.6750067843069
355,10.3800021716221
356,-4.68976211344682
357,-4.63717430677404
358,-3.5380660506864
359,2.17409156598721
360,-14.8230730526481
361,-5.67790145065118
362,0.507596713889538
363,-0.844025127724421
364,0.85540188999103
365,9.10546869619534
366,-0.501357881991051
367,3.47284255668678
368,-7.1035522680188
369,-4.27884028940839
370,-11.6290635030045
371,-13.7478640332344
372,-16.1211974569275
373,-1.71848635432326
374,3.03157908508187
375,5.78060400821807
376,-2.96080222891469
377,5.69123824233818
378,-0.49185838106739
379,9.3957238262215
380,3.67945248272457
381,-3.28161613627514
382,0.474205452411195
383,-0.588631534413542
384,-0.260364175383349
385,-4.19673771638685
386,8.22029821560775
387,-7.26684215806283
388,-11.7638120008116
389,-10.6579445580977
390,5.32442194079158
391,5.95107020052026
392,-5.01519993888041
393,-3.56904095962829
394,-3.37883297342388
395,-1.44842318856506
396,5.44670226142169
397,2.74703190052153
398,-1.10475883352769
399,-1.41476818400011
400,5.48733130127229
401,6.4122047354165
402,-4.6985883648786
403,3.55970899441025
404,-7.65506604162762
405,4.45432385649409
406,5.41514841270336
407,7.34961400248233
408,-2.62033891910067
409,4.2057712707273
410,-3.06845371606007
411,6.2545777889051
412,5.61178070719433
413,-3.38604994819076
414,-13.0792919103693
415,4.46592093827979
416,2.06223952786262
417,1.1581676473509
418,-3.88786963694551
419,6.79504559100948
420,10.4391542322713
421,5.14632967099899
422,-9.45161051168034
423,5.51773919169591
424,-4.58302018696753
425,-9.67694890776667
426,4.68184446275779
427,-14.9705732447047
428,-1.76123047549736
429,2.54643955437601
430,8.47352018910582
431,3.45269083687642
432,3.72837435179703
433,-2.66135569775126
434,-1.95710327132042
435,0.192648743463361
436,-0.647523788457182
437,3.10565737904775
438,5.35377578637847
439,3.13073355805759
440,5.58437399739841
441,-3.0882795425698
442,1.94587116146783
443,0.8828293295706
444,-2.33606782248096
445,7.19598558187341
446,-4.23855927068993
447,1.48027714810455
448,3.81678572719226
449,3.09822979554319
450,4.35671559478039
451,-0.378505207594539
452,-6.96531503724662
453,6.26889874382855
454,4.05837106650892
455,-4.20139550695813
456,3.4867924855279
457,-6.88675899227139
458,9.68892972844915
459,3.32383265977157
460,1.41245901557938
461,5.8087863655346
462,-9.21672600266729
463,-0.825124500411105
464,8.61478924687682
465,6.41184980733894
466,5.04437566407244
467,-6.86125106313744
468,-0.0188944025214485
469,5.30994460000338
470,-7.76647574633517
471,-4.54582471395316
472,1.93464531896172
473,0.466624031791704
474,0.335282112382343
475,-1.77754687669729
476,7.98570159788068
477,-6.98422239628161
478,-4.41344885201071
479,6.80052670143115
480,-0.2206398909987
481,-12.5510639261419
482,-5.08478673484034
483,3.5334937320981
484,-5.37603501165212
485,-2.60914854639026
486,3.18660558741273
487,-2.04029916200502
488,8.75391785519184
489,-1.99661753574874
490,0.81535704130512
491,-7.91807355235498
492,-2.43255908305924
493,-3.29449207807012
494,-15.182359714758
495,-0.46267255088
496,-0.35217100246865
497,-0.522830486349447
498,-0.225907843845044
499,-3.81013075472003
500,0.837546914738201
501,-0.552254118766492
502,-4.31440002839375
503,1.34219275704835
504,-4.43720696022345
505,-2.08835231330079
506,2.55660637482842
507,-10.8178660544979
508,-5.63167478653854
509,-12.0224726023124
510,7.21175189290257
511,-11.8994783570294
512,8.69191117413414
513,2.18859454728958
514,-4.62190503106038
515,4.40289051638038
516,-8.5955573115824
517,-7.92041929411532
518,6.76946676493703
519,-0.872237412524902
520,-2.78022673699794
521,1.09527809822886
522,0.0325074068204926
523,-7.81380355604114
524,-1.83361764821911
525,3.13501648612604
526,-4.78158331367939
527,-4.89130174740021
528,-1.86779991884059
529,2.26838591204407
530,-4.87519615467465
531,-1.48909621841601
532,2.49177141044111
533,5.87323192878683
534,1.46714157694011
535,1.19165479940368
536,4.6743203978742
537,1.0209140357696
538,-10.1149852408836
539,16.5078735276341
540,1.84532872758878
541,5.31528453084209
542,-6.63125157524361
543,-13.4662838438696
544,-1.08719171971606
545,-7.55587968096228
546,8.38035798588803
547,7.89734320421
548,-7.11553326393443
549,1.31243770271638
550,2.0192583777885
551,0.770424707659721
552,-3.91414279150067
553,2.44409557810446
554,0.692130031359865
555,-0.550364215488941
556,-5.06911951408699
557,-0.468068690952207
558,-8.21966067593222
559,5.61610055812468
560,-13.7770840299635
561,6.42853108240438
562,-8.0075375546111
563,1.54582694373732
564,-3.34987217965287
565,1.66777556936898
566,7.74866328611386
567,-4.0136545932641
568,-2.04376332717976
569,0.832576463914039
570,-6.87277408561968
571,9.11474046058812
572,9.55941750480371
573,7.13079126112952
574,-1.10668073496347
575,0.343339385768904
576,2.72715286809713
577,5.01775304686666
578,-2.26218679836025
579,3.09299375953899
580,-2.80596135367242
581,-6.9989501438422
582,3.07141483586725
583,-12.3558929161489
584,1.06021090636616
585,-12.9878920997549
586,-6.16777794199992
587,-6.22741616042163
588,-2.16947502346053
589,-9.49236129650556
590,0.043003003443875
591,-0.521437714143039
592,5.87814169906161
593,-9.45809703471279
594,-7.16714123207554
595,-3.69281335377708
596,-0.162474656142172
597,3.86862560116148
598,7.41518691209015
599,3.82389860803552
600,-0.345846196389234
601,3.62355466355759
602,-2.69642979504639
603,7.4390419647621
604,-1.35126148059589
605,5.44071692649797
606,-0.714228787867387
607,5.23981643310334
608,2.70913194502951
609,-3.89947707305483
610,7.04651562340139
611,3.99343887928117
612,1.62813571284285
613,0.53940042123263
614,-0.349838710318865
615,2.12628533125623
616,1.67826259606906
617,0.730320034742637
618,3.67495485434181
619,5.15563433207655
620,0.72020707402669
621,3.1024463742863
622,0.967255086023456
623,1.75734302889098
624,4.3848593216348
625,3.4153189199462
626,-3.67347463184477
627,0.409482002675326
628,-6.6326195359549
629,3.68707635734993
630,-5.72354006141627
631,-0.420016714620473
632,6.32875672783454
633,-2.22847672612119
634,5.51638662018622
635,0.765481614020542
636,0.736200435469567
637,-0.98492417532414
638,1.26985570296056
639,1.64865319190983
640,-5.28983402329088
641,9.22677435407745
642,-5.85766119813562
643,2.274669573184
644,3.96424574208412
645,-1.9586326117228
646,-7.72983731640881
647,-0.805728317408552
648,-7.18823935821532
649,-3.16924710019371
650,-9.36495257531095
651,-1.35780158897925
652,-16.6954611848614
653,3.92080628676798
654,-1.72472727225179
655,6.26996805114728
656,-2.42490956593319
657,3.25939203027552
658,3.2277493677022
659,3.47758709377443
660,3.08762932813765
661,-7.70684991198776
662,7.87510201970018
663,2.54063036619522
664,0.475635654993043
665,-2.06847364023436
666,-0.244647541356507
667,-1.70665633383943
668,-4.25494529042961
669,1.10172191490778
670,2.96291123204944
671,6.24552424860816
672,-16.6203466678535
673,3.78051452898671
674,0.697513131012084
675,6.73480567448437
676,0.728093329035145
677,3.91468085453367
678,-2.9365069352105
679,5.71708104647338
680,-1.06117896924369
681,-6.42759018971925
682,-5.81852198081862
683,-3.13325882833859
684,-3.42384756321636
685,3.3817390984808
686,-1.25199880641106
687,-1.06404787456984
688,0.727837215742996
689,1.36300656151515
690,1.94741893503521
691,7.11615893235766
692,1.46551289431612
693,-14.8257365002064
694,-3.23068998697331
695,10.6603081488043
696,1.56505298536134
697,4.83888518675194
698,-12.491843373194
699,-14.4983416609157
700,0.180678613053812
701,2.63351458386913
702,8.4035806568168
703,-1.45262026530132
704,-4.19011276427539
705,-1.20424444444073
706,-17.8616827343883
707,1.49684542437455
708,6.98927371590002
709,-2.96348499206841
710,8.75756306759242
711,-2.82228145398789
712,9.79507774515639
713,-3.18109437705847
714,7.9307259560175
715,1.67738571115388
716,-1.86718940113656
717,-5.72169052459038
718,-0.83833686424819
719,-6.39521559145252
720,-3.20333760910792
721,6.85257046322935
722,4.32717851600254
723,5.74527364978588
724,1.53763901834691
725,-0.639813099263145
726,7.37332345545848
727,3.73621106351191
728,5.41241892264717
729,-1.59375467485295
730,-8.5573879602968
731,-6.65830646243929
732,-8.69766480318852
733,0.665011735478705
734,5.97658621102525
735,9.63191256988913
736,-0.1419417386056
737,9.69008669830652
738,2.42782346351762
739,1.2793788231752
740,4.48238787911475
741,-9.26468717824489
742,4.73007262986504
743,6.7881543283996
744,-4.04110530846821
745,8.82713028580423
746,7.08607746170235
747,-7.36807310586149
748,5.91760071858944
749,-7.33289572559427
750,3.36007539890488
751,10.7924789853991
752,-4.68102034984446
753,4.09046994646581
754,-1.87068722226814
755,-9.21379916559767
756,-5.72908886916308
757,5.07712032315309
758,-2.95489709099125
759,3.02319900973891
760,8.81119901530639
761,0.0605815847057739
762,13.8399522273358
763,-0.358252385728157
764,5.39111929279511
765,6.71585700160056
766,-3.40246526633523
767,-5.37354410878224
768,-8.1226649042146
769,-2.62043409026825
770,0.640375144226501
771,-14.3449624809006
772,-1.31945359664879
773,-0.898282248964381
774,-1.22737715517673
775,-4.95947404202461
776,-1.12377991852862
777,-1.30741707621591
778,-5.14683590739615
779,-4.62223976628275
780,10.8822567385577
781,8.76863027780632
782,2.81890949716128
783,-0.539476086509512
784,-5.04489986661454
785,2.43377454958361
786,-6.32536534065808
787,3.43619569858295
788,-1.09163511765108
789,14.9331985745636
790,-3.80906171113167
791,-5.23056418473133
792,3.62188360471592
793,0.722795070127921
794,6.5492286083738
795,-0.327470916987324
796,6.98683952486327
797,3.00386514828133
798,0.388587340405571
799,-0.889659586679958
800,9.53499822809555
801,0.517195723878903
802,-2.23783683458342
803,2.30913567101371
804,1.51529617508287
805,7.49410665755427
806,0.323706260327642
807,2.36713771763383
808,6.91152705796563
809,-5.4588051964485
810,-6.93976156856011
811,0.866816403535588
812,4.31740576356156
813,-4.78944472262967
814,-8.67658563395578
815,3.43453977883154
816,7.35817040611862
817,-8.02593109767664
818,6.29874552797508
819,-1.46759001030163
820,-4.49606063745374
821,0.637597244246018
822,-3.59143746335138
823,-0.132927254839455
824,1.99891494826774
825,-11.3392463671744
826,3.12349793174218
827,-2.11548310917221
828,-2.37081487471174
829,7.77278356220255
830,-0.745187124980947
831,-6.22324466338479
832,-7.28432205592387
833,-3.09578870202056
834,-3.5077443007722
835,4.30481287671112
836,-8.91431860813943
837,5.00549378215945
838,1.16293035762359
839,3.20464877266542
840,-5.00643935686202
841,1.89152679997996
842,-5.26252085176618
843,0.400839660984132
844,2.04590173018669
845,-9.00362835839699
846,-5.82382392632224
847,9.14044033911107
848,4.87793208285903
849,-1.70477932420306
850,-3.77054273276088
851,0.692569582761097
852,-6.2021922446608
853,6.48590784964858
854,3.73201807699064
855,9.93399336282677
856,-4.17280326925985
857,9.72438447116722
858,-1.91661301520079
859,-3.51442068261336
860,-2.98047817386983
861,-0.439515936985785
862,-3.30096373299335
863,1.81776195818569
864,-4.69369122914778
865,-9.52937079148813
866,5.88789156977077
867,-4.61732326884958
868,0.641590258529673
869,1.20677165354141
870,-0.0200457348898942
871,-2.52727240755303
872,-7.517451074014
873,2.76098742868364
874,-10.7883045687571
875,1.35649866552976
876,-1.54567832988503
877,-5.83494912374189
878,4.61150807557164
879,4.1096598987248
880,-0.117060031268301
881,-7.42047292608428
882,0.81819691345672
883,5.68150314962913
884,-4.07565257058571
885,-3.59304456407715
886,4.93131752195422
887,-0.0155248910476753
888,-3.55034449806426
889,-4.50386013626298
890,-4.35007443964903
891,1.85277421538238
892,-2.22317516070495
893,1.56591488272613
894,-1.2569599418168
895,-1.12406091111375
896,7.50415737235938
897,-2.74623450001469
898,2.07211673843034
899,6.10933842176508
900,3.75794295631621
901,3.11299985668705
902,-0.34117822550191
903,3.36883456297715
904,3.85498192400193
905,1.31030369951044
906,-3.17492144705443
907,3.38861529384996
908,-7.52823265274294
909,-3.03865356006607
910,1.08936726386009
911,-0.405449901078506
912,8.06583907248449
913,-5.01395971865442
914,1.14604962248451
915,1.45808182044391
916,-4.59809346692898
917,1.82641667488436
918,-7.75304680223981
919,1.96710626056682
920,-3.24389523015864
921,-1.89057822209113
922,-5.73950637800555
923,-3.35852510942715
924,-0.652374008950813
925,5.85502916676325
926,-1.45715517073028
927,6.55730040586945
928,3.83810391579246
929,-2.68904941294819
930,4.91878400634328
931,2.0905828363878
932,8.07644525952093
933,3.37215560929158
934,7.88560061082566
935,-3.77029150401019
936,0.831239820794012
937,10.5986869156117
938,4.30567586266766
939,-2.67398559324833
940,7.44555382570082
941,11.2856710902679
942,4.30462309546013
943,6.04382553703324
944,-0.595423217013754
945,-11.1603060414539
946,-6.29611650146772
947,2.41564297951643
948,-9.61047849861996
949,-5.55617481282018
950,-2.6490317939915
951,-4.84722921014078
952,-6.9609586168563
953,-0.311469564560519
954,-15.7909728386017
955,-7.8548303443524
956,3.49741622733596
957,10.0237272397883
958,-5.68830967499991
959,3.55029012109632
960,1.02653253935343
961,-9.10386728143535
962,-2.9983369324909
963,-7.47665460128849
964,6.51273056708713
965,-0.896232728970002
966,10.021992201528
967,-1.87247302074627
968,0.0492543531187366
969,9.9550492221733
970,10.2670714220576
971,-6.14584844620385
972,6.09556218455815
973,4.65711813857505
974,-4.50385113527979
975,7.4740635162544
976,-14.2344070347303
977,4.88402078512673
978,-7.15315456032896
979,5.09344590513252
980,-4.91495921988425
981,-8.76572498443477
982,1.10834534915484
983,-3.67297968577959
984,-0.793148257218506
985,-0.180896238720953
986,-7.52743879643852
987,-0.109364442220326
988,5.49241405354901
989,-13.2973868950871
990,-4.41852900176651
991,9.23568951973426
992,-3.6690999624714
993,11.8768798482261
994,-6.16042409683971
995,-4.33644941560526
996,0.0334942761540749
997,-12.5583901314371
998,-5.14767420731569
999,4.1324888536994
1000,7.12114904780734
1001,-6.50363949756455
1002,4.29676272828611
1003,-8.33347617321506
1004,-6.59179239093758
1005,3.15134864417465
1006,2.71997432583112
1007,7.3056804327117
1008,-4.04790311171595
1009,-9.01036099979039
1010,4.04610520213001
1011,-0.277011743942569
1012,8.24228473189212
1013,2.46644747441293
1014,9.19995933462717
1015,4.18022619596157
1016,9.23324362034128
1017,4.80990070230935
1018,3.85768207988489
1019,-13.0684425622958
1020,2.01414605249656
1021,-1.77714262502089
1022,2.83800954288827
1023,-3.52844252447237
1024,-12.0221250618106
1025,1.13970326760946
1026,-3.54453406151313
1027,3.74198768328183
1028,-4.05102005532983
1029,-0.41322277634813
1030,1.19611926089554
1031,8.38375283816915
1032,1.42328215496861
1033,9.32869809950951
1034,-1.32162288405684
1035,3.5257787496951
1036,-5.32755396121355
1037,7.02073952786661
1038,2.19561383251185
1039,-5.7531980839648
1040,-11.163739573693
1041,-1.64000638022795
1042,2.56049633028608
1043,4.03450492514204
1044,-3.29920832097586
1045,-7.79265910052775
1046,0.597406040542969
1047,-0.629022423150821
1048,-2.56356752670362
1049,6.36931727896883
1050,-12.6524100817826
1051,0.242062013783591
1052,0.907785766188457
1053,-2.76340020535751
1054,-3.66470256003515
1055,4.16951940394125
1056,9.46334000950582
1057,-7.24090168329225
1058,1.31064719857153
1059,-1.11138497706039
1060,-0.22781784997912
1061,5.80091685777622
1062,1.69101768629811
1063,7.64480543642395
1064,-1.0608317018683
1065,7.49909639091279
1066,5.39908072341291
1067,-3.66288256040909
1068,10.3547339086849
1069,-1.06321812841029
1070,3.49858571068517
1071,1.89973910341391
1072,-2.5090065597885
1073,-9.32118515794923
1074,0.0704260089371917
1075,5.66870386458659
1076,2.16828933944475
1077,-6.79050905582252
1078,3.17087718216777
1079,3.05094424895946
1080,-13.7385094381132
1081,1.84151482220881
1082,-2.30363959591529
1083,-5.02029032831558
1084,-8.16435307740785
1085,3.4597435977475
1086,-7.81015628680847
1087,-4.78744993025182
1088,0.119724573240408
1089,-8.12201187846326
1090,1.65660079598957
1091,-1.24437382984441
1092,-10.252537083533
1093,0.101865126005607
1094,-5.78512727877008
1095,1.02642387092905
1096,-7.55375695839389
1097,6.52069983584341
1098,-0.673567506946078
1099,-1.94239059842589
1100,3.71108282617076
1101,1.33371031936236
1102,2.67350049584134
1103,-2.76593742470088
1104,-11.0157003249683
1105,3.81096586756527
1106,6.1744549317075
1107,2.83912518891172
1108,-1.15638885975663
1109,-6.17930690343322
1110,3.31384769704872
1111,-12.3130310470798
1112,1.90566782646429
1113,7.00755920500386
1114,-6.9646797891424
1115,-1.84007419763517
1116,0.0870762018862662
1117,-2.34851722159564
1118,-5.87406292994126
1119,-2.18116497114985
1120,0.474758749388821
1121,-5.71420455037386
1122,2.86735707834136
1123,7.52186092027478
1124,-3.0660890348499
1125,1.03831564567489
1126,4.30332042033949
1127,9.52100026446159
1128,11.2009454277689
1129,5.30275498332551
1130,-2.44349120728019
1131,8.63613503027695
1132,-1.02588506270317
1133,-0.910602343012828
1134,-1.42147885136171
1135,5.0528008207913
1136,2.269713800347
1137,-5.6180065490606
1138,-0.0669034901249111
1139,-15.4641430858002
1140,-8.0081664628159
1141,4.40908441787704
1142,5.88562346454889
1143,2.2501993454707
1144,-2.50751485281806
1145,-3.7417356212031
1146,-3.36104246946867
1147,-2.62565064880986
1148,-3.12913975054051
1149,6.42948592546028
1150,11.3938653488255
1151,6.46917400733052
1152,5.96008001680288
1153,6.79355142873936
1154,-0.589752703854592
1155,1.51273736708268
1156,4.16758044937079
1157,8.23134985939308
1158,3.45897455902928
1159,0.767802465366379
1160,0.8443648232449
1161,-3.90759525637253
1162,-5.86957025592552
1163,-8.5670206684793
1164,0.407103709406468
1165,-10.7370923588595
1166,1.58685182783515
1167,6.83089997519969
1168,5.49031274318299
1169,-0.0718899899171808
1170,-1.64956395363963
1171,-6.01105344959936
1172,-2.058958247296
1173,-8.24854888657435
1174,-3.85206349006858
1175,-2.11576690664123
1176,-9.3606953813027
1177,-1.63747367447251
1178,1.97343653096566
1179,-1.33228213522262
1180,-12.4931938549603
1181,-0.966834110430225
1182,1.93793701443881
1183,-0.491137853893107
1184,-6.44732613140414
1185,1.58028942406691
1186,-3.85625312546783
1187,-0.141051733839392
1188,3.93981495281173
1189,-11.3176490926695
1190,3.62978130674221
1191,3.99586921068291
1192,2.53222037051767
1193,-4.71488457443366
1194,-2.10365707037629
1195,-5.31999369040259
1196,-8.15723867374423
1197,6.15537773905281
1198,5.72907133856127
1199,0.475564339004179
1200,-8.42053216606826
1201,1.97608124969642
1202,12.5280388271284
1203,11.0107912999862
1204,2.75078689778313
1205,-12.3204168032151
1206,-2.81216936459285
1207,-0.478166381514745
1208,-3.65958363839877
1209,-9.17414732815064
1210,-19.253543382019
1211,-4.14400031086907
1212,0.605846100099709
1213,-16.6903563762705
1214,-6.98386382725797
1215,-5.83759742488828
1216,-3.29140820927867
1217,-1.22225442159939
1218,-3.68495665042649
1219,-6.50012159449151
1220,0.175464777976604
1221,-0.796088444370894
1222,-2.34384884512206
1223,3.9888684254442
1224,-15.928074582643
1225,-1.92705889138238
1226,-3.34575875113924
1227,-3.47296429081077
1228,0.531340292730822
1229,-2.12232142685299
1230,-3.70511929784806
1231,-7.15296244472995
1232,3.20270632351381
1233,8.79574180803681
1234,8.24059997799709
1235,2.98718494843984
1236,-2.16424163108516
1237,-11.154164055088
1238,8.39914296935698
1239,3.92214534991508
1240,3.46164158182288
1241,4.91030323783122
1242,-6.05169902042717
1243,-1.14592884074891
1244,-4.65114650590111
1245,6.00709641107674
1246,0.265095498811756
1247,9.2570555448644
1248,-4.04184005164121
1249,5.64179646452155
1250,4.15857612624143
1251,2.52028491587444
1252,1.7746219803501
1253,1.39760572166067
1254,2.29037066236535
1255,5.59147075042685
1256,-15.9352104297637
1257,-11.7790204812863
1258,-16.5297656884258
1259,3.0292155461277
1260,-0.538309192293904
1261,1.73114998420954
1262,2.42094133668875
1263,-6.13107018673009
1264,2.02067554622281
1265,-3.47592106838082
1266,14.1135271017381
1267,0.230849430163607
1268,2.19517624945474
1269,-1.87405454104383
1270,-2.04749441284268
1271,3.81646510314941
1272,5.86746393334925
1273,9.13392810825482
1274,-5.34532874389068
1275,-5.75811779353059
1276,2.14924389132657
1277,-10.2460499145585
1278,1.53610769411684
1279,-6.37317017339563
1280,-1.19264161860381
1281,-1.1276048414438
1282,6.14884202292682
1283,6.02833467673866
1284,1.2806597354494
1285,8.93784484386836
1286,10.9058388655139
1287,-0.476107970687788
1288,-6.81846748731505
1289,2.9069176924391
1290,5.9011899952345
1291,2.75986741196829
1292,-1.58931563786489
1293,4.67266722175481
1294,-4.60816883190456
1295,-1.6906556471528
1296,-2.91125256965417
1297,0.762461715966915
1298,4.28671915287694
1299,3.02530468504071
1300,0.608270088683661
1301,9.20834615089269
1302,5.28365737366677
1303,7.2189646683329
1304,-3.43225759824261
1305,9.96318428358689
1306,-14.0811786549214
1307,-2.28760966012305
1308,10.3556673389979
1309,-6.12217251936066
1310,2.68066901037112
1311,9.48013367905224
1312,-0.617887452305769
1313,-1.14950328802122
1314,4.70514818934677
1315,-3.19733725854864
1316,2.5713193114033
1317,-7.78846051085307
1318,-4.55442109782043
1319,2.57934188088391
1320,-14.3013025265969
1321,3.61055418913968
1322,-7.86682678624107
1323,-6.31936120272518
1324,9.91529308890764
1325,-2.52585881326351
1326,4.97642709517623
1327,8.02351298693242
1328,2.56200829697166
1329,-6.15202721651525
1330,-3.81681856269179
1331,-4.40082700671349
1332,4.90183429133385
1333,3.64206907771784
1334,1.8438859549952
1335,1.57520628364108
1336,5.52590489676833
1337,4.03536365364387
1338,1.78095550246768
1339,3.98656253711565
1340,11.8750959131071
1341,2.97124765973413
1342,-2.25753352627972
1343,-8.75866988846974
1344,2.20171832343696
1345,2.46718114902447
1346,5.72034868372902
1347,12.3995341232177
1348,-2.87481880379984
1349,-5.04987368171628
1350,0.606540423171875
1351,2.97322514073162
1352,7.25900033974008
1353,-11.5408617316141
1354,2.74810453871705
1355,-6.38300249176094
1356,7.21892487871086
1357,5.52357818647489
1358,1.31702997450811
1359,-3.28770413004661
1360,4.41882543506054
1361,-2.77859003792485
1362,-2.28680160951226
1363,0.543078407842881
1364,7.6577174137581
1365,-0.275310914919276
1366,4.08522792790957
1367,-4.78185092110412
1368,-3.5772784279118
1369,-8.31857591399569
1370,-1.72887359303719
1371,11.3364412030831
1372,-17.7247089672529
1373,-5.93441202066602
1374,5.4477258304335
1375,-3.66637977200664
1376,8.0668809382834
1377,-3.72769931046873
1378,-9.45644867305662
1379,1.40956722703344
1380,-7.49952467973988
1381,5.35896297954292
1382,0.705809549839821
1383,-5.01472200960048
1384,2.06383966258111
1385,4.2558661473494
1386,7.02447906889982
1387,-2.442324685437
1388,-7.35617053742834
1389,5.92523249392644
1390,-2.15378929099154
1391,3.70987296917559
1392,-0.585021713067125
1393,-1.76744711159771
1394,-2.20700525528683
1395,1.02805441647172
1396,-5.91773065923608
1397,8.13208225960119
1398,-4.25148471242764
1399,3.31164544051293
1400,-1.22102362622465
1401,-4.47954941764833
1402,3.07137191065705
1403,-3.37829034860061
1404,-13.2302298648514
1405,-9.13740396313296
1406,-8.23453089006864
1407,1.68488145572108
1408,5.73838251069754
1409,-1.61448338219005
1410,-4.07266047851845
1411,-6.62843368073231
1412,4.03327860328438
1413,-0.166917330902963
1414,8.57701592710616
1415,-4.22673867369478
1416,1.76450240831644
1417,-1.24231656166724
1418,-3.18092173457467
1419,-8.3969476165618
1420,3.75825978797786
1421,3.43606535289114
1422,3.52479099386316
1423,-4.76308249969204
1424,6.20443000275993
1425,-2.43127734744428
1426,-1.28951492867702
1427,-14.4815494418641
1428,-1.46654087413826
1429,2.75637699479131
1430,4.47951120471096
1431,-4.06394256991664
1432,-0.16004579108555
1433,3.63388844040448
1434,-2.55814603547858
1435,3.87137944546562
1436,0.280082365147189
1437,1.43391983340832
1438,5.7793868512649
1439,8.92441926761961
1440,-6.46358648691826
1441,1.4127507294093
1442,-4.59122386738679
1443,-1.64205728569387
1444,-5.41177430968753
1445,-6.10586215592509
1446,-6.59437405780126
1447,1.1300421862978
1448,3.81450677633532
1449,3.23500492183591
1450,6.25539192043628
1451,1.7423143403978
1452,6.5763660413793
1453,5.09826366386556
1454,6.84477108963363
1455,-4.28040983381595
1456,2.42926338462492
1457,3.58349710931111
1458,-12.6354214033496
1459,-3.48753135373314
1460,6.31296072703674
1461,-12.1800318371015
1462,3.50612080617222
1463,7.63266358116404
1464,2.17799962691803
1465,-4.31814775003558
1466,-1.66850231580401
1467,-4.05457853470998
1468,5.17095539503585
1469,-5.42286241692121
1470,-6.06406491691371
1471,-0.12563823339157
1472,-4.6889133524269
1473,-7.73610761540973
1474,-4.06100931908968
1475,4.98196788516742
1476,-8.23995808557951
1477,-4.55254066497857
1478,3.27687600735326
1479,2.84975902568583
1480,-3.22137195844636
1481,0.0298692402718242
1482,-12.7334178582889
1483,-7.65574227499892
1484,1.36913968427204
1485,-1.91660654481463
1486,-2.79328534353744
1487,4.04098781524722
1488,0.570846523338219
1489,-0.577907138611797
1490,-7.64863115262153
1491,-4.87725658570727
1492,-9.2458587582778
1493,-7.11430709104447
1494,3.24799922703848
1495,-10.9561908949525
1496,-1.58621467453596
1497,-10.7847786045967
1498,-4.10392727757259
1499,6.19463313535659
1500,-12.703774148381
1501,10.9669604105284
1502,-2.03622178859785
1503,-3.84164473279722
1504,9.23685453434376
1505,5.49375805711294
1506,2.00312661201089
1507,-4.26861555383144
1508,-3.76318674357816
1509,-0.800736426596333
1510,2.06482347619056
1511,3.58532136368668
1512,0.513490173322378
1513,0.586689715345323
1514,4.26386925990678
1515,7.01824087596385
1516,2.60721037936326
1517,0.880967729443059
1518,3.00283854686928
1519,0.507336002321311
1520,-2.44235002726852
1521,-8.86106162392465
1522,2.64250695836652
1523,-8.70137290513241
1524,-5.69289667936598
1525,4.83410233664663
1526,7.38298952508187
1527,-1.20235929472273
1528,-13.7082405296565
1529,-0.0465219086924619
1530,-1.27497458382604
1531,0.499772034558197
1532,-11.656208986921
1533,5.97572066367901
1534,5.94809106350466
1535,1.7577810054281
1536,-2.17700830432508
1537,-2.09587762000221
1538,-11.0309154391835
1539,3.26453698598357
1540,-3.47767805509756
1541,-7.03317459853483
1542,-3.6099072484053
1543,-0.402229634563696
1544,0.888304120671499
1545,-7.13642538655693
1546,-10.8554027031407
1547,-11.2732642089997
1548,0.183424840499663
1549,7.92346627709737
1550,4.58688084346872
1551,-4.97984602356789
1552,7.31450971010722
1553,4.72913763194012
1554,-0.426669881755824
1555,1.05206597999195
1556,8.33272826805442
1557,-7.42456702008509
1558,2.75782801881314
1559,0.926472970979508
1560,4.48585573738621
1561,2.44637270003318
1562,-0.982017739073148
1563,-0.0274534890852111
1564,-3.98992756026363
1565,6.01557431785548
1566,0.388593464617671
1567,-10.4986523851912
1568,-7.77017496375381
1569,-2.55265504855034
1570,-1.05372522484828
1571,5.47560376136486
1572,-2.65559311677778
1573,-7.41210428855101
1574,-6.31710771731965
1575,-2.70508397030049
1576,6.00879999500184
1577,-4.90028574255417
1578,-8.7690777878091
1579,1.88737036989322
1580,9.67759398066659
1581,-1.27205314798333
1582,1.12732184027225
1583,0.167988589610937
1584,0.994101147353536
1585,-3.51628655547257
1586,2.52638952910664
1587,4.15933495675519
1588,13.1999180382114
1589,-0.896349104428179
1590,1.5621267829319
1591,-2.21299307695285
1592,5.25161521229721
1593,-3.19922311626369
1594,-1.29040931187303
1595,-4.24868285933586
1596,-0.174118032318255
1597,7.60390335014279
1598,-4.1134687569314
1599,0.45623265260211
1600,0.960739745935123
1601,6.43801456439294
1602,2.78691765200953
1603,0.840549440045977
1604,-0.560157975481944
1605,0.94788003653062
1606,-6.8918753422326
1607,-2.77164425244592
1608,5.76988496364628
1609,-5.14307654438735
1610,7.61470490589341
1611,-7.18900711354754
1612,8.78096684996971
1613,-3.7655911564976
1614,-9.1175085510718
1615,0.453427351857825
1616,-4.07732174369483
1617,-0.799715603284734
1618,-1.62228130734662
1619,3.30318918639914
1620,-10.4631593079798
1621,3.2054125151451
1622,-4.73104389823395
1623,1.38673245010153
1624,-0.514938691830702
1625,-6.8000737374039
1626,2.23673719257435
1627,8.59343347932832
1628,-2.75059343128676
1629,1.07607919936327
1630,-4.92049950111123
1631,-5.06864834206853
1632,-2.03720054905905
1633,-6.08271848986686
1634,1.59705162154081
1635,6.70002515699302
1636,-7.21665084540124
1637,-8.63274021398348
1638,-5.26904106149466
1639,2.70950509949696
1640,1.58374693077366
1641,-4.20386487866462
1642,6.36502777539577
1643,-2.89039111173551
1644,5.34466710863167
1645,1.70396051901316
1646,2.39117358464082
1647,-4.09462009244902
1648,-1.28090574837629
1649,3.71662910381089
1650,1.38271416202451
1651,-3.27062774202653
1652,3.50212175755972
1653,-4.64733827255811
1654,4.21046958514746
1655,-4.68184054478851
1656,-0.395151274748625
1657,2.71704409374776
1658,-3.48082914860951
1659,13.3740777480142
1660,-11.2254684089762
1661,4.64487644795591
1662,-4.77416401006774
1663,3.89874284830029
1664,-9.57340301185828
1665,2.91559313757098
1666,-6.44878176702919
1667,-1.96230246072994
1668,-2.09582620458685
1669,4.71449762770441
1670,-13.1467050702438
1671,-6.54195771899411
1672,1.06226454216128
1673,4.67282370979092
1674,-2.19255568074896
1675,-17.8368103551204
1676,-15.6938651530118
1677,-9.57082522505356
1678,-3.79056559643495
1679,-2.72961975523095
1680,-3.5802861003633
1681,2.63752099537227
1682,-1.20869899555312
1683,7.8983013401699
1684,-5.64663089919977
1685,0.673853288527312
1686,1.45460473251599
1687,-3.90521761909446
1688,1.92553887480297
1689,0.32397692625071
1690,-3.39150877669285
1691,0.778440170903247
1692,-15.2508580501087
1693,-1.05127650823391
1694,8.95753634525478
1695,0.689142638043971
1696,1.83000954596143
1697,0.168219402053531
1698,2.50240837983827
1699,-2.92705869769496
1700,8.95022508400837
1701,-3.13078285251329
1702,6.11008388682138
1703,1.18624203598801
1704,-3.91215697291351
1705,-3.90723388846032
1706,-15.9520296307678
1707,3.77055007898796
1708,0.635401927514296
1709,-9.82171391378098
1710,-4.89893045465207
1711,-2.09314644755309
1712,-1.73005138730273
1713,-16.9234969313996
1714,4.85312099486337
1715,-7.11951271437425
1716,6.36190682240614
1717,-0.681629029460386
1718,-2.75972473143054
1719,2.5847455168024
1720,3.45585825622547
1721,-3.80000967525369
1722,0.519489732058797
1723,-7.23572088028489
1724,-1.36938629869068
1725,-5.727836340395
1726,-5.62147666886392
1727,-6.86250822853914
1728,-0.991016469699843
1729,7.576608610358
1730,-5.74964242243729
1731,1.71359273488114
1732,1.1953764422951
1733,-3.71034958168619
1734,-1.63313967731952
1735,-6.96305840128031
1736,9.47825549015791
1737,-14.4713416282017
1738,2.20405823027327
1739,4.41330775531354
1740,-12.6179028629162
1741,9.3280504566098
1742,-0.834222766749702
1743,1.47606564347553
1744,-6.34826074973513
1745,-9.39053196379002
1746,-1.10275419969498
1747,-2.10559252642603
1748,-5.42153656458862
1749,-7.58976959465499
1750,11.7438099127284
1751,3.27798474435266
1752,-1.15686021200954
1753,-8.04626982081393
1754,-6.85114179923705
1755,-0.980388451897218
1756,-3.24357020052475
1757,1.83807153020812
1758,8.63977219364706
1759,-9.53141768242749
1760,5.7974400158524
1761,-1.35620693152636
1762,5.30932592552349
1763,5.86485937545786
1764,-8.27386073092917
1765,0.253746605351984
1766,-13.8659923055998
1767,-1.19415537711215
1768,3.0216655081548
1769,-11.4199768957357
1770,6.10688109384053
1771,7.13806346035622
1772,1.9355598962329
1773,-9.60846717460808
1774,-5.19451353772097
1775,-2.38508977346683
1776,-0.687490817328382
1777,6.09373635613755
1778,2.75720575845199
1779,-2.55911338255198
1780,-0.117552967707339
1781,4.65851818555435
1782,-7.31729818088758
1783,-3.93103078458403
1784,5.13059564272451
1785,-0.320194860527161
1786,-3.75857534982532
1787,3.32449295101665
1788,1.9046321829309
1789,-3.91429897580364
1790,5.6166207373862
1791,1.61505232408159
1792,-9.19441018798124
1793,4.75661144856506
1794,6.39974454378604
1795,0.726310662167647
1796,3.97947625444255
1797,8.495678595771
1798,0.48734277314653
1799,-4.59549818371374
1800,-0.745358726063449
1801,1.64714797672504
1802,-2.93398609499858
1803,5.92467028440097
1804,-1.06498660567994
1805,-2.85025860045878
1806,3.52258415275679
1807,-5.0134317542144
1808,1.64041423970637
1809,-0.522561789979612
1810,7.44353867805148
1811,5.37541300695959
1812,-4.05889454901784
1813,-1.27745281747698
1814,-0.324991871080105
1815,-3.02105606138386
1816,-14.7567020164462
1817,-9.48307707290009
1818,0.811614964079504
1819,8.60113831072638
1820,2.84230638321875
1821,2.86417101344045
1822,1.14460380761995
1823,-6.88312871722111
1824,3.66334538325084
1825,-1.26175929889739
1826,-0.810941156282299
1827,-2.24142133525208
1828,-6.85064364082953
1829,2.53781931796522
1830,-1.70067090990547
1831,-5.05211106830364
1832,-2.39033071192057
1833,-1.9261578664919
1834,-7.30527172992613
1835,7.87136334381199
1836,-5.93370451111571
1837,4.42678086758663
1838,4.3359789846027
1839,2.99896496215342
1840,8.31501836651768
1841,5.86761003869872
1842,0.344763547716518
1843,3.32567667968699
1844,4.32737010209905
1845,9.54946844948137
1846,-8.12808210246898
1847,-0.215548945176533
1848,-0.552886053564854
1849,-5.19993379973686
1850,4.3258818109176
1851,1.323669523
1852,2.94143381382236
1853,5.19398015215086
1854,5.24429520623773
1855,1.24991771752053
1856,-7.26923511335637
1857,-3.90548057890894
1858,-3.49483820059224
1859,4.69900712558203
1860,0.171710249274385
1861,3.03616004959689
1862,-3.52137012630219
1863,-4.37471300671416
1864,-0.714790685679497
1865,1.7762043235893
1866,-6.5894188101704
1867,3.09026120167793
1868,-1.75084380641225
1869,8.2973612460211
1870,-9.68337472448026
1871,-1.90234823325994
1872,6.78128068869462
1873,5.98365752676178
1874,-0.698210816888329
1875,-9.66876836280998
1876,-4.29199989918023
1877,0.599910687360998
1878,0.213791466079935
1879,-6.12481201249499
1880,4.79140857236419
1881,-5.91941899158102
1882,2.47377487961688
1883,-6.99298740996388
1884,3.34168356767296
1885,0.662426797336794
1886,-2.97298747793024
1887,-0.44734268583384
1888,-4.20911636534765
1889,4.07001955483618
1890,-8.47334867939479
1891,-10.1156477915956
1892,-2.56228705094165
1893,-0.0518628105480022
1894,-10.2896976903159
1895,3.50260048140016
1896,1.67344737738738
1897,4.47423788619452
1898,-1.10173685966742
1899,-0.445697637433587
1900,0.43669383597569
1901,7.2588695301335
1902,-1.72114077378633
1903,0.147920209053164
1904,-1.96509087770913
1905,-5.57557540535564
1906,5.17840393002035
1907,-3.62082632673524
1908,-17.4652879164573
1909,2.88317311723149
1910,-1.17190533557561
1911,-3.53451857209558
1912,-4.59675588822519
1913,-0.271720852845141
1914,3.87488192356987
1915,5.46919390737084
1916,3.57450861472199
1917,-6.15945663929569
1918,-11.7001766249238
1919,1.57139237526177
1920,-11.1476133425086
1921,9.71953996076839
1922,-1.41339257941978
1923,6.87937741233986
1924,2.60784677401044
1925,-2.91331526090064
1926,-0.168885628732301
1927,-15.0903383297773
1928,-5.75748884317987
1929,-5.0375953751729
1930,-1.28530509890011
1931,1.59340761383754
1932,2.22920596012785
1933,5.36415027465207
1934,2.72323563120671
1935,9.561662375471
1936,1.20706128424568
1937,-8.05259977898786
1938,0.416398808958243
1939,-4.24224940779611
1940,0.601972054138012
1941,5.0673735072625
1942,-10.6417421545133
1943,8.70561372615282
1944,-7.80319874690822
1945,-4.42032840408064
1946,2.1665542993337
1947,-7.95371786259608
1948,-10.7477586702379
1949,-7.14823625877723
1950,-11.0470807965494
1951,4.69671319002423
1952,-1.07944250400039
1953,3.39792258109918
1954,2.57392054244588
1955,1.16503416182224
1956,-0.863640054082369
1957,-6.09554761777686
1958,-11.1321978204664
1959,-5.63358719798752
1960,-3.73849805910166
1961,3.91913796230408
1962,7.27787875433937
1963,-8.38544511226012
1964,3.53565656145104
1965,0.993841346580978
1966,0.482744994075126
1967,-6.43264115437587
1968,8.84868456554504
1969,2.13490036992475
1970,-1.40002859251419
1971,-2.29897226870714
1972,2.5954886598833
1973,0.10329933853549
1974,6.1966761430143
1975,7.42487149062855
1976,2.5056505542437
1977,-5.10528811840184
1978,-0.300716036830923
1979,2.47142207509755
1980,-0.620343793976776
1981,-7.47830042975707
1982,1.55955388698054
1983,0.940274510484269
1984,-1.70502109106711
1985,4.62442674973163
1986,4.5625825655922
1987,4.27864899316355
1988,3.65938978007653
1989,-3.30861897485859
1990,0.959884585449736
1991,-11.6463379326635
1992,8.10887430431345
1993,1.54858955928304
1994,2.98365047737529
1995,-4.22259124132244
1996,7.45199388528609
1997,-0.603440566311524
1998,-5.09154664085167
1999,-2.3815458360266
2000,-4.7477481608848
2001,1.49290036313126
2002,3.52781669314287
2003,5.63622669709942
2004,-4.643959057874
2005,-6.07397938904968
2006,-16.6804257740605
2007,-2.8391056097528
2008,6.29408492288514
2009,3.84853182498411
2010,-5.43967498922308
2011,-6.34801511213019
2012,-2.11935982639504
2013,-0.656810308712962
2014,5.25866009606044
2015,7.61948004743417
2016,-7.6084574907735
2017,-0.255932194639441
2018,-2.02087950291895
2019,0.442735880144505
2020,-6.74996485836338
2021,6.29442632420423
2022,2.3714924425692
2023,8.95973992559093
2024,4.72371249279613
2025,-1.7132916726595
2026,-0.102083694008567
2027,1.70216391602341
2028,0.74766676381174
2029,-1.43768014447104
2030,1.36978974017646
2031,5.11756653255836
2032,7.7413426750764
2033,3.3679140356305
2034,-2.36951377666069
2035,-1.46566750966571
2036,-2.7892190494357
2037,7.31934396599262
2038,-4.12545241279887
2039,8.54971057005023
2040,11.4935829636782
2041,-1.8936415356953
2042,-3.39075590930267
2043,2.01855216167414
2044,-3.57964508776258
2045,5.39104480645333
2046,5.24767131166412
2047,2.54332642935508
2048,7.48139324169569
2049,-1.03321773203421
2050,7.68284593193273
2051,5.00933130772232
2052,24.8521849957904
2053,1.18976760362576
2054,-4.42245454885984
2055,3.94831859200033
2056,5.58166416962162
2057,4.57779963740451
2058,-0.633148251272671
2059,-3.81578589790196
2060,1.42874675832171
2061,5.09334854004006
2062,1.14151583559598
2063,-5.36713517138237
2064,1.80294808859887
2065,1.34191315475381
2066,-5.43564412908106
2067,9.76125631402811
2068,-9.03292811003311
2069,2.85452550738434
2070,3.96927277679159
2071,0.289038784254076
2072,-4.31381545406983
2073,-7.27213815530347
2074,-3.32164553773481
2075,-13.9688290153866
2076,1.04246834526574
2077,3.12752127622369
2078,-3.31841397972973
2079,-6.54331261319921
2080,-15.345040906546
2081,3.59925743601091
2082,-3.11842906275664
2083,-2.47751933510766
2084,4.2144773187893
2085,-8.74874904184098
2086,-10.4719585873159
2087,4.91835225242536
2088,0.509923430321485
2089,-5.81704012365905
2090,-4.91601457454164
2091,8.78586735469188
2092,0.726045241350006
2093,3.77483585882564
2094,7.07031315971159
2095,-2.07155247327367
2096,8.29277719500267
2097,-1.31584993424148
2098,-10.0858070695988
2099,8.66535651141478
2100,-0.0255430063753701
2101,2.59268721256348
2102,-9.2717817104386
2103,1.36763603686985
2104,-8.98712494788095
2105,3.22614920730092
2106,-7.88651994066867
2107,-12.0082690468954
2108,1.00357191349423
2109,0.16537689405694
2110,2.41502401187077
2111,4.85302351807626
2112,-4.98460182145748
2113,-2.71557656721915
2114,3.27591092420746
2115,4.48893677015932
2116,-4.09247020463193
2117,4.76734083962054
2118,-1.7374347455774
2119,-4.65285122853677
2120,4.26163461256007
2121,-0.262739287696235
2122,3.13089535122615
2123,-11.2785009961619
2124,-9.64825987729829
2125,5.40280121893208
2126,2.54578981149375
2127,-1.07023851543287
2128,-1.11829054216182
2129,-1.59493684509549
2130,2.21632884847726
2131,4.16368549548659
2132,-2.13703519477029
2133,-2.46127649870622
2134,11.0012412558306
2135,-1.80834691016091
2136,-1.00452649682372
2137,4.94292592415248
2138,6.92815638410504
2139,-0.239695340340891
2140,-6.33709870079407
2141,2.0389402626423
2142,-14.481854414403
2143,5.56141448102419
2144,-5.65024627758162
2145,-5.95433662548743
2146,1.30196770705935
2147,-2.11575437639441
2148,0.836258895885242
2149,-0.0316844379191577
2150,8.04456813877521
2151,2.91220122854358
2152,3.67924825546005
2153,1.98029821258226
2154,-4.06182414737968
2155,5.04259651878461
2156,-5.44167355819915
2157,6.09029717774674
2158,-3.18399828568484
2159,-8.97087359515609
2160,-3.28698311631135
2161,3.38295801480663
2162,11.0620801766333
2163,6.61585692203995
2164,-12.7641032503612
2165,-1.83745959125396
2166,5.07964604337154
2167,-2.27067899664728
2168,-1.45446709821482
2169,-2.12924612290969
2170,-4.56267176916674
2171,-2.27038442005284
2172,-8.29484153896394
2173,5.56757754918739
2174,5.18469345124586
2175,-4.12886944367607
2176,-2.00417124097865
2177,-2.24386711817664
2178,5.66596033291419
2179,-1.7202739366398
2180,-9.4519895133259
2181,-6.51487401148305
2182,1.07872588224667
2183,-0.596754457276164
2184,-12.0663240848396
2185,12.9609248374725
2186,6.69797603302637
2187,-1.25697282244434
2188,2.26424352336537
2189,-4.72065135935779
2190,-5.86505270399623
2191,-9.21803630031773
2192,-9.74375403376502
2193,3.92623662579663
2194,-3.88262355048525
2195,3.4421049620115
2196,-7.32766309587891
2197,-1.72874277411832
2198,0.195754466685885
2199,3.67106907954373
2200,10.334533836266
2201,0.933268603409011
2202,-8.54117243352446
2203,-7.93407588980655
2204,3.78562970243514
2205,5.35079866701107
2206,4.82128828835618
2207,-5.43948262318106
2208,-1.82796512683147
2209,8.30327449135547
2210,5.58316772199121
2211,-10.1532692891051
2212,1.74525073371404
2213,-11.7738810732036
2214,3.22161681654184
2215,4.02244767259472
2216,-3.68443539072085
2217,-2.86435160399675
2218,-0.602752922555914
2219,-3.91197412859443
2220,2.10696930903223
2221,2.86832414607087
2222,0.259292610967697
2223,-6.91613012745788
2224,9.00803536891407
2225,-1.4680468172787
2226,-0.502980323932041
2227,-7.06348114216685
2228,6.59997688518675
2229,0.569745578491148
2230,-4.00104551466648
2231,-4.9745348426459
2232,-6.02428481051891
2233,-6.55835610729857
2234,-5.1650904433037
2235,7.69477119319372
2236,0.236038680535445
2237,-0.0923739389649156
2238,0.215519731928495
2239,-7.79355689929513
2240,3.72251113767285
2241,-3.82069264930937
2242,-0.87185732482087
2243,-6.53104761468231
2244,0.440618854387585
2245,-13.1916289620077
2246,0.127946173018608
2247,-1.90545129044196
2248,4.62830463624813
2249,4.49058726594098
2250,-0.149806992898505
2251,6.78621877164297
2252,2.46991155194012
2253,3.41538488681145
2254,-2.91179057538314
2255,-13.1989767531865
2256,-3.53876942928464
2257,-9.80376464042509
2258,-1.31607150544627
2259,1.34352171274343
2260,-2.61495045772508
2261,0.181270825336184
2262,-0.227623309730212
2263,2.82215113769676
2264,9.05287177480882
2265,-5.1313948799913
2266,-3.47177752891631
2267,-3.99664242687777
2268,-8.02375354288062
2269,2.10498608335096
2270,5.92582451238146
2271,0.504745248856946
2272,-3.49775324323085
2273,7.88749598650996
2274,-2.03977837024204
2275,-7.98504018756176
2276,1.40774120625813
2277,4.91769269148347
2278,5.18101256386848
2279,3.55681481178143
2280,-0.420590679070259
2281,2.90376336985634
2282,5.75280831491944
2283,3.65983001673902
2284,1.80488902202676
2285,-9.02420692284621
2286,7.81624626985615
2287,-1.96844851141277
2288,-18.2870047473091
2289,-7.00913278186153
2290,5.07121844284201
2291,-3.50477734173857
2292,4.31024735574154
2293,-3.58924461140212
2294,-0.0664580987486233
2295,0.747630212496009
2296,10.4368831210821
2297,6.50427799869286
2298,3.19568518873722
2299,-9.20109291169996
2300,-2.21178444004094
2301,-7.31991441400385
2302,-0.0562225700116529
2303,8.51034697081173
2304,-2.04527934551636
2305,-2.08537372916598
2306,-0.903845419608935
2307,2.60833792734482
2308,-3.02577060901339
2309,0.249555860544127
2310,-5.30132388081138
2311,2.26569552318732
2312,-0.565404066942843
2313,-0.0855264055750032
2314,0.194438957728569
2315,5.53459270195355
2316,12.0808256801377
2317,1.15041872129094
2318,-1.70859342320454
2319,3.56242769743691
2320,-6.15072448635071
2321,6.04747273601399
2322,9.17571002408803
2323,5.18180530371996
2324,2.12144403336196
2325,2.94431214888642
2326,-8.46138251486398
2327,2.36127786999404
2328,3.62064991154609
2329,4.10113946568718
2330,4.67974898145762
2331,8.29381888382352
2332,2.01998899468596
2333,4.78470834179036
2334,-16.6278947231066
2335,-5.17004599718656
2336,0.41499661998507
2337,-14.2610728705439
2338,-1.51276454597519
2339,-3.70481041506333
2340,5.67994616664221
2341,-5.51544773995647
2342,0.0567649146229517
2343,1.68795048663445
2344,-10.3813677127306
2345,-8.92324209726438
2346,6.57403167413171
2347,-6.62219852628211
2348,8.85957015068217
2349,-5.47500587976008
2350,-1.04444760825685
2351,10.6683326783408
2352,-0.617951243479994
2353,0.409254436463967
2354,-0.689452762217577
2355,-2.07923711635385
2356,1.21887612809628
2357,-5.45046159026083
2358,3.80553752493831
2359,1.45798444734742
2360,0.673464128402314
2361,-0.538200107965181
2362,1.7377144271217
2363,2.12326776940435
2364,-11.4883929952669
2365,10.3031011972908
2366,2.18911621335432
2367,-5.78047732996758
2368,-1.19217479088108
2369,-1.58552202405766
2370,-5.87358527582533
2371,1.68174272002845
2372,7.64713253264525
2373,4.69898842923216
2374,-0.495617367485491
2375,5.16142870584013
2376,4.57886849223192
2377,-7.50009776681019
2378,0.874397650452844
2379,4.15329852617361
2380,6.14933242893043
2381,8.20895739295654
2382,4.00709791757585
2383,-5.58326901560617
2384,-9.4890945820455
2385,-5.81586024898425
2386,-7.21579449570188
2387,-2.38468463788613
2388,-5.73375980644405
2389,7.7464010124561
2390,-8.18920866541851
2391,7.82764330813642
2392,0.435545631499998
2393,-2.81143495217757
2394,-3.353783156449
2395,5.62478482586162
2396,-1.76011431673144
2397,-2.67896689168011
2398,1.19217907537661
2399,8.37080125075507
2400,4.82890234821955
2401,7.83164867868461
2402,-6.49610083429731
2403,-0.523549188057085
2404,0.627507036822286
2405,7.94820770234142
2406,6.1482878830061
2407,-7.07584669303547
2408,-2.71189372179563
2409,-4.42389873838814
2410,5.99444972963526
2411,-0.795613920530341
2412,3.20890025259048
2413,5.97123124466441
2414,-11.8844207330446
2415,12.9218155225417
2416,-2.51688079862991
2417,-12.5527765344478
2418,0.274659672332735
2419,-1.28223606273617
2420,-3.0988186742422
2421,4.31207417206094
2422,-8.14330178712413
2423,1.32759168044246
2424,4.62004819578925
2425,0.133621218699594
2426,-4.26914949407965
2427,-1.7324123581392
2428,-9.38780816933337
2429,-2.54328827338588
2430,6.17340899033604
2431,-1.60790136897349
2432,1.13824042036843
2433,8.30358064171227
2434,4.71057604487256
2435,-3.08923657729909
2436,-2.20961120086014
2437,9.81673615436942
2438,4.81377226618947
2439,-7.65054696437725
2440,11.3732168501105
2441,6.45229670165308
2442,-7.77098299320127
2443,-1.10849006032452
2444,5.59301163392814
2445,0.189612749771383
2446,-0.919782893358199
2447,-2.12811928710918
2448,-7.93101104432158
2449,-5.81806429444593
2450,2.40522372295064
2451,-13.0583620660454
2452,-14.5687212408566
2453,-1.11788561461878
2454,2.90301984860163
2455,2.28350939475397
2456,-0.929526479231744
2457,4.84702221834254
2458,-4.3903338320701
2459,0.737477006221248
2460,-5.01032861110335
2461,-2.89597326294894
2462,-6.52599318885151
2463,-8.21615064260408
2464,0.194925193472049
2465,-14.2399607710447
2466,3.64248780506758
2467,-12.0324722238324
2468,-7.17173873898957
2469,-7.15842686605792
2470,-15.9628894123049
2471,-1.92669907751607
2472,0.809395820662685
2473,2.1265675816347
2474,1.96458405584928
2475,2.59545963405817
2476,2.21257431118403
2477,-1.57985160201932
2478,3.76004616320862
2479,1.36593944309164
2480,-3.67938878660774
2481,-6.15886140818551
2482,-5.89010632649864
2483,-7.80861172358135
2484,6.2905054265857
2485,-3.40343947907725
2486,-3.45356768802787
2487,-8.34775916568454
2488,-10.6770167807275
2489,-1.30472354574437
2490,-4.02994195847138
2491,-7.53964858820341
2492,-1.61747262656676
2493,5.38637263255669
2494,-2.99737334374253
2495,-4.70265511227368
2496,3.76156659362893
2497,-0.0432915830988693
2498,1.38499991010647
2499,2.18358387579094
2500,-0.383402872469524
2501,-8.30962128810497
2502,4.24139359726077
2503,-1.50274223252028
2504,-9.0206828309795
2505,0.390064286503576
2506,4.30379474890633
2507,8.29469600303582
2508,-2.11819753249739
2509,-4.09679407932111
2510,2.82104215375948
2511,-2.48821164660908
2512,-2.58470402299414
2513,-8.4229905651899
2514,-3.32992884055066
2515,-3.34478240062138
2516,0.688538231488086
2517,-3.59486154560558
2518,-0.770060242109966
2519,4.32067600867835
2520,-1.77514493029187
2521,4.66111414092843
2522,-3.42790477933554
2523,-0.695460081190469
2524,3.55223484349601
2525,2.67181189043973
2526,3.5795504230689
2527,-10.017834894675
2528,-3.80039378572502
2529,6.15162600726745
2530,2.051198978575
2531,-7.14476689684412
2532,-3.37641033600144
2533,-0.0248965814314137
2534,4.76868410134888
2535,1.90153773442936
2536,-13.5501803048008
2537,-1.20731430427476
2538,5.68635901853741
2539,4.17242481861374
2540,0.841118328912909
2541,10.1301861827249
2542,12.4808425984679
2543,2.57624709675756
2544,0.700463787729949
2545,1.00783114294582
2546,-4.79362048587001
2547,-13.2316765117788
2548,-3.17571544967791
2549,-1.80276202359466
2550,-2.87657553360738
2551,-3.04283428284311
2552,-8.90359738232832
2553,5.69983124991609
2554,-1.13009301311514
2555,-3.63770872723659
2556,0.137869861757325
2557,-11.2785359198568
2558,-5.43735105801514
2559,0.730331395808105
2560,-16.7928316955932
2561,2.73455074836166
2562,2.27740775506807
2563,-5.44667498830912
2564,-4.18152123503883
2565,-1.56316486521268
2566,-1.06114948084485
2567,5.79261272174895
2568,3.46271509900053
2569,-3.4047570365371
2570,0.45193835161844
2571,-2.35304777230881
2572,4.27060216220263
2573,1.57791661511804
2574,-1.19876193556802
2575,-1.77786254773875
2576,-5.38917949861938
2577,0.207387426502521
2578,-3.47776468773031
2579,9.95791157970782
2580,-9.07543788513525
2581,7.00731157260243
2582,11.7444105807254
2583,0.935085117445424
2584,-12.7249075620044
2585,-12.6307783616603
2586,3.80072003593664
2587,5.7113773944169
2588,-2.14119176449568
2589,-5.29436234696974
2590,4.69314579128864
2591,7.5814380617634
2592,-3.14184219216423
2593,-0.768973748222023
2594,3.78597052831187
2595,1.26342349030281
2596,3.00755462314699
2597,-1.91998195736489
2598,-4.16959692890256
2599,2.54718275124308
2600,-3.82502630298694
2601,-4.35537338779855
2602,-1.44126001407533
2603,-14.9084609703384
2604,-5.13164817986762
2605,-4.78092916872846
2606,5.83163684731803
2607,-6.90387668024602
2608,6.91838154319695
2609,-0.198223082008541
2610,1.7221715502036
2611,-1.69459033843162
2612,-0.847441948452601
2613,-2.46998100742755
2614,6.1763296115478
2615,-2.55309058280933
2616,5.95053550611278
2617,-6.9276462012395
2618,-0.961535433798924
2619,-4.45844419354217
2620,0.876344228433518
2621,7.643517487699
2622,1.34366575751481
2623,1.12939036628042
2624,2.39256680412007
2625,5.58687544585656
2626,4.45599717005381
2627,4.88442599123471
2628,1.55192295692951
2629,-3.97565856727267
2630,0.797296253858194
2631,6.3937012093725
2632,6.95189102713161
2633,-5.84847335699335
2634,-2.45815316033026
2635,3.57544498461063
2636,4.09967788465246
2637,9.74511443189802
2638,-9.27602329132244
2639,2.05922412298546
2640,-9.95142583897542
2641,9.41093144643712
2642,-8.23417215731082
2643,-0.286956598713428
2644,0.507910017912802
2645,3.47707512075306
2646,3.37068762254205
2647,-2.11973424727533
2648,1.24485439074385
2649,-4.77362182721886
2650,-3.11463111987526
2651,1.70064625957138
2652,0.161829912106109
2653,-6.29960705673119
2654,-12.1679400653771
2655,-3.59895809283696
2656,1.59912585237956
2657,3.22343876024713
2658,-3.80523717625713
2659,2.31207294470759
2660,-1.92022239787526
2661,1.43205729602595
2662,-15.2266245956007
2663,-2.33607497942493
2664,-9.41630686618194
2665,3.4050609349152
2666,-6.48937290901476
2667,-5.42350366690524
2668,-8.67620884601791
2669,-4.21358545570468
2670,-0.12728314381152
2671,-0.363435213801106
2672,13.6941222905031
2673,-2.72711792380921
2674,-10.8310295392881
2675,0.654507942253046
2676,0.592558173672924
2677,0.867075873525024
2678,4.47046505772093
2679,2.19418323123628
2680,-0.591594860253949
2681,1.02219565179577
2682,5.05936797451264
2683,-1.07885698226359
2684,-0.726965516884226
2685,-4.32335783666991
2686,4.73799088567269
2687,-2.80024457148941
2688,-0.456101971648456
2689,-11.5128680975487
2690,4.8139253546398
2691,-7.45984184235321
2692,3.00936818555577
2693,4.61846726460315
2694,-8.57186791167815
2695,-1.16259288887112
2696,-7.2478081316103
2697,-3.92174612323413
2698,-5.13435514445868
2699,-2.48474221001319
2700,5.41321208849885
2701,0.918657704045027
2702,-3.25735657026576
2703,-1.09525939645732
2704,1.98658983285848
2705,5.52044069869391
2706,5.58825168558209
2707,0.389959884588466
2708,2.70156921394989
2709,2.43447176071974
2710,4.96813653779867
2711,-1.49510276180683
2712,3.17133284894181
2713,4.53489378898033
2714,1.936288123934
2715,-0.0827467917275824
2716,6.68407765353468
2717,5.35053532064069
2718,4.82067513746114
2719,-5.94443875735395
2720,0.676176543297637
2721,-3.11828477264526
2722,11.5102792094969
2723,3.17819367348288
2724,-1.40698181187145
2725,5.33083615740594
2726,0.690247048363228
2727,4.35943881245555
2728,3.45122993375709
2729,-7.72535935697555
2730,-1.43898445022276
2731,-7.31657624199651
2732,-4.61413487518179
2733,-4.5060696368203
2734,1.60292468934564
2735,0.898197309438528
2736,0.135412260650437
2737,-6.36650060011393
2738,-2.37530007426432
2739,-1.60099976805429
2740,3.62108942294171
2741,-10.8569082447062
2742,-0.398480338098774
2743,-3.70397511592876
2744,7.14264018211399
2745,8.7826746451041
2746,-7.20351783532604
2747,6.21332591568737
2748,-10.7733004974082
2749,-3.10754501079336
2750,-10.4589913256402
2751,-2.46555168922636
2752,5.57645807195176
2753,-10.6796147873879
2754,-2.04518865207165
2755,-0.763182415180865
2756,0.535428734979569
2757,-2.21098693173141
2758,4.56207633678042
2759,-13.1519459246483
2760,-2.90029540176895
2761,7.20659592045523
2762,-3.08794955783551
2763,-3.61240441134716
2764,-4.55466049276614
2765,-16.3373274641521
2766,-1.92951778808281
2767,-1.21528351518673
2768,-1.66867205253152
2769,9.91833378848449
2770,3.91395547566242
2771,-4.83302507543375
2772,-5.04340111704488
2773,-3.20229279172267
2774,3.96588949649733
2775,0.0521226896293952
2776,5.78542245601175
2777,-0.313256150359565
2778,-6.04838625765127
2779,1.19936740001862
2780,-5.2706228094619
2781,-3.59451667047983
2782,-7.94517783791443
2783,-2.39620167984601
2784,4.50406390211913
2785,2.15788851232995
2786,6.57422813173689
2787,4.6867255290399
2788,-13.7860583528845
2789,3.54291430800658
2790,-6.58191167156029
2791,-2.37944464601818
2792,1.57829950338167
2793,-0.98208767218765
2794,2.25392310244255
2795,-9.85437517487781
2796,-8.07373891429986
2797,-19.7441685999807
2798,-7.12196594256888
2799,5.96015417514347
2800,-12.9969511019727
2801,4.60756254170223
2802,4.34183761153284
2803,-11.6629467242475
2804,6.25868713533395
2805,-0.943287752855281
2806,-1.90532475597692
2807,-11.4827423498752
2808,2.0075921272261
2809,6.4022559269097
2810,9.95664546573495
2811,3.47331287665275
2812,6.43046727269651
2813,0.716202757876577
2814,8.58939461278636
2815,-14.9750606009163
2816,2.49986189570321
2817,-0.36919023427756
2818,4.30277508937528
2819,-0.465147401527989
2820,-3.09183840860092
2821,0.505672191346686
2822,-3.25614028488177
2823,3.12609916018262
2824,3.72261985310271
2825,1.86516009362204
2826,8.47413071993607
2827,-4.30239863702615
2828,0.150583489434899
2829,3.97352909312977
2830,-3.0571545470004
2831,9.71547950276831
2832,1.12459075958584
2833,6.30672628528218
2834,-0.334479661202027
2835,4.590731400794
2836,-1.1133452311452
2837,-2.23826018880401
2838,-9.25843109841
2839,-5.26233073392564
2840,2.60164605578191
2841,1.23391927581652
2842,-3.27525692271981
2843,1.46769183975882
2844,-12.6579351278651
2845,10.4776636427775
2846,2.21144078329886
2847,-10.0837789087559
2848,1.70116441629682
2849,-8.31552303074351
2850,-2.42336077609097
2851,1.36134485276015
2852,0.305189130017868
2853,-3.07577570103838
2854,-1.56492054873695
2855,-7.47582121457843
2856,6.29644811691105
2857,-4.30876463510674
2858,-3.58087081201972
2859,-5.84570284345099
2860,3.15076762549001
2861,-5.20990232777556
2862,-9.41568942331635
2863,3.59156143786069
2864,1.21021875507855
2865,-14.8226371390588
2866,2.41118171734106
2867,2.74171575738037
2868,-11.4857080442411
2869,5.6106968292337
2870,-1.20512877080724
2871,0.293724036325804
2872,-4.8826612916408
2873,-2.07201285030395
2874,-5.24763291884836
2875,-9.45463501820777
2876,-9.15248482109708
2877,-3.33873920831705
2878,5.4387974919396
2879,-2.27654462173358
2880,-13.9475740086582
2881,-0.763328741664344
2882,-5.49011784911634
2883,2.51959949054804
2884,7.37920926310221
2885,1.89492751544889
2886,-5.15016346830384
2887,3.55713814623239
2888,-0.470632586089767
2889,-7.71955999092045
2890,-1.65542162511448
2891,0.819914077983944
2892,6.69307957299274
2893,-3.73964582198259
2894,-4.32376879667724
2895,8.01207329752564
2896,0.84009966406618
2897,-0.526536366978257
2898,-1.47837744346845
2899,-0.233447127758679
2900,-18.5475833687582
2901,8.54795552823718
2902,-5.09603979020811
2903,5.09857014373305
2904,7.70321623815645
2905,-11.7367877680679
2906,6.13694191481609
2907,0.838662920024438
2908,9.56886528295957
2909,-3.59534519434892
2910,10.075428707524
2911,14.6317624751493
2912,3.56104908609823
2913,7.77939594158241
2914,3.15893744151105
2915,4.87604871617684
2916,2.2029776812621
2917,-1.12630584760896
2918,4.37365076439366
2919,0.0651476654485197
2920,-1.89720950169413
2921,1.5240548398765
2922,0.153596525725654
2923,1.01106018943644
2924,-9.94521097869097
2925,4.05800791115562
2926,-6.80301915308745
2927,-4.8353890614894
2928,-5.96630233905896
2929,1.29646035853303
2930,3.78951667379643
2931,0.89795851615188
2932,-1.19321915589889
2933,5.53028468547518
2934,7.40067919570065
2935,1.67068121553964
2936,-2.13393343677297
2937,8.01236606728538
2938,2.59221775811931
2939,4.82664524406344
2940,-0.498811704105449
2941,4.02502454100141
2942,3.76228434230933
2943,-6.7924397084005
2944,-11.730198684272
2945,-1.10306117067657
2946,-2.93031039530636
2947,5.25266540378858
2948,0.918548158926988
2949,3.47061432177585
2950,3.68478639940963
2951,-0.0905512601475908
2952,-9.90101428078246
2953,-2.01802856408321
2954,2.47906282975819
2955,7.63765486766672
2956,2.86902643822202
2957,5.56058114217422
2958,-4.48905003982682
2959,7.94465323333519
2960,3.2041117974951
2961,8.46428237464846
2962,7.42309678817663
2963,-7.18015626168124
2964,-1.99877368390583
2965,-0.836033661718091
2966,-2.62717958424276
2967,7.20233811315869
2968,5.26238550529809
2969,-4.42236102741589
2970,-2.96345949427803
2971,-3.14501824851374
2972,0.523839524782284
2973,-6.35906826634023
2974,-2.14629856073209
2975,-7.98607431193369
2976,-5.04158014925003
2977,-6.62000263506774
2978,-4.31158401981235
2979,-3.73783175380027
2980,-0.514066068024333
2981,8.98270037875906
2982,-1.25237606930608
2983,-7.14484509460607
2984,4.0267285644302
2985,9.01619167719279
2986,0.84665008129507
2987,-0.699012442571289
2988,0.614634737914804
2989,-6.78487529209076
2990,1.89845985267107
2991,-4.89339549221323
2992,8.01705173026035
2993,1.57013020224556
2994,3.15804589730951
2995,-10.7468050446763
2996,0.642614154597125
2997,-0.243940073445854
2998,-2.94728351848135
2999,-4.68148461445874
3000,3.18551560726095
3001,10.8799929743084
3002,6.35186753935827
3003,-2.96953038362424
3004,-1.64589166328443
3005,-8.49385361525288
3006,4.43977540222363
3007,-7.02012166232633
3008,1.44129439641188
3009,0.731870356888156
3010,0.677042547841389
3011,-4.19668768896849
3012,8.00734363636087
3013,-3.85900145943852
3014,2.07490084203757
3015,0.0322365290275312
3016,5.68906894496213
3017,2.71125385185654
3018,-2.47261494643963
3019,4.63781116539111
3020,8.33272483353801
3021,8.0973933558722
3022,1.71353491898179
3023,4.24222127448435
3024,-13.5520413312605
3025,3.28327526070016
3026,-0.897872599233101
3027,1.17434262043011
3028,-4.39584725654461
3029,10.0431737362781
3030,-3.58189236852963
3031,9.89030397213133
3032,0.941055829753307
3033,5.27166169045233
3034,-0.694703829828286
3035,-2.46120776546332
3036,4.7113287206716
3037,7.0894332957536
3038,4.80736049957691
3039,7.12286594522956
3040,1.88271093328794
3041,0.412511190533785
3042,3.42616755655052
3043,-2.65979246016203
3044,3.14331394676831
3045,-7.98187464000099
3046,1.58024141306534
3047,3.10481977523215
3048,-6.43473046110252
3049,4.9076919857615
3050,-2.07267651830504
3051,4.20308579317315
3052,-11.1515024531454
3053,-14.1219173515848
3054,-1.1207317024262
3055,-2.35671814615777
3056,3.01643864019354
3057,-5.77359186016096
3058,0.442286288604451
3059,-2.79459323464298
3060,0.276248595330357
3061,7.60452459750283
3062,-1.19285943176945
3063,13.0184459981705
3064,1.21500466124845
3065,-4.2479677068944
3066,-12.9486542771807
3067,2.02388160928925
3068,5.84065913886426
3069,-4.59223939392972
3070,-0.886525605792355
3071,4.62866490443365
3072,-3.69154420303416
3073,-13.4953068580253
3074,2.84899204760898
3075,2.83466758933875
3076,-0.00461789827780711
3077,-4.91253881928238
3078,-2.2681847625959
3079,-1.25445868918378
3080,4.27155299976068
3081,6.29577900251571
3082,9.09717520909371
3083,-8.86991768529765
3084,3.81295172893504
3085,-7.38293593684672
3086,2.85158679089142
3087,-2.09394346404513
3088,-7.94699773555545
3089,1.22251729744518
3090,2.93318423172824
3091,-2.25160825844816
3092,12.7879559116668
3093,11.1180396797147
3094,5.52111460114435
3095,3.58646102344274
3096,5.71964252983189
3097,-2.82923752699267
3098,-0.0266424873770695
3099,9.38528464784184
3100,-8.42801399653102
3101,-3.17341654877665
3102,-8.9242585687245
3103,-2.12855077637394
3104,4.29508195618008
3105,-0.396697179868302
3106,7.13543482192244
3107,-6.63905715807735
3108,-0.697113851399181
3109,-4.36747936794288
3110,-0.133070197377835
3111,-3.79780235310363
3112,-2.92212443482844
3113,-1.25307400600707
3114,3.27346358937181
3115,9.09118363863085
3116,2.92068202915888
3117,-0.865394104918533
3118,-0.648537261874542
3119,5.01594328743092
3120,-1.08820803106903
3121,4.46842995277211
3122,0.596876181521297
3123,5.22798222711161
3124,-7.15726482812557
3125,6.60672104666146
3126,9.17428125763889
3127,-10.5580433643084
3128,-1.47942428433456
3129,1.69466328091443
3130,-3.45817270067577
3131,7.55931137434253
3132,6.8422438452581
3133,6.5177080937781
3134,-4.99231869722835
3135,7.93296566218396
3136,2.43423140021924
3137,-3.0039460286502
3138,-3.69599979307229
3139,-2.43162451270031
3140,4.37207521755713
3141,2.78038899963007
3142,-8.15964382290618
3143,8.20364668554306
3144,-3.07537538203064
3145,2.84648918045027
3146,-7.59547321519884
3147,-4.64680035520412
3148,-4.42725607926689
3149,-1.55353369556486
3150,-4.48703919458063
3151,8.71343850319046
3152,-2.86288403258715
3153,1.35651802430705
3154,6.50420428918526
3155,3.42968288431212
3156,-0.135942921733572
3157,-0.575706356712297
3158,-5.51567397462768
3159,-4.60046290510649
3160,-2.25678584317856
3161,7.16125823086509
3162,-5.05926414868813
3163,-2.12570648899626
3164,-2.88854525522218
3165,5.60311441812353
3166,4.88870711471307
3167,-3.5804298314979
3168,7.62426762218722
3169,6.49866315245305
3170,5.26223359558338
3171,-3.83916247048874
3172,-3.2251140121472
3173,0.294759874400925
3174,-2.99568656025827
3175,-0.716286841321911
3176,-4.01359967708344
3177,3.37051495010866
3178,-7.07053227732158
3179,5.90636599596271
3180,5.43951808831358
3181,-3.2870841297807
3182,0.434592600733285
3183,-5.12596800509126
3184,0.915453743109707
3185,-10.6276479512301
3186,1.89162350748717
3187,-1.25504300074902
3188,7.77176960875211
3189,7.69539871180818
3190,-0.0577296487255427
3191,4.74090186820995
3192,-0.103641037213875
3193,-3.91656451734971
3194,4.8560068156365
3195,-1.42315174929508
3196,7.32300198621693
3197,1.26652095005788
3198,2.20367488794768
3199,-6.90650996358558
3200,3.61123476609666
3201,-0.935220761546377
3202,4.30957708872641
3203,3.35311066501071
3204,-3.17575087816411
3205,-17.6986490259902
3206,-2.09347209537802
3207,3.42647834639893
3208,-15.2251966345412
3209,-2.84001920860892
3210,1.45068370483092
3211,3.46097464038745
3212,1.69490516662996
3213,-8.27677121609123
3214,12.4952482142795
3215,-3.17412914853903
3216,-14.5931517440506
3217,5.478763573328
3218,-0.0197135421218192
3219,-3.31550992899272
3220,-3.26649873553571
3221,5.54593550833857
3222,3.08309621946165
3223,-13.2835724543091
3224,1.79982762276938
3225,4.84153167770184
3226,4.0241266056977
3227,-15.123637101354
3228,-8.61565760160059
3229,0.214552869900948
3230,7.52765016172862
3231,-0.699994281163958
3232,1.71217581662703
3233,1.7776616363542
3234,-7.04055883926995
3235,5.40184867590304
3236,-5.15788414787883
3237,1.68319771354465
3238,4.56611241774176
3239,-5.64020982304047
3240,-5.52315166456282
3241,-1.29198087916532
3242,4.14593442902129
3243,-3.04297845988728
3244,-1.58844015302106
3245,-3.07149580680301
3246,-6.73578775320675
3247,2.47609375423521
3248,-6.28834898653373
3249,2.43114756523133
3250,0.0429788860343848
3251,7.84155430959035
3252,-1.65658866269203
3253,2.05618463861093
3254,0.114668823485169
3255,-4.62427808087093
3256,-2.33463954073455
3257,-7.1959699214789
3258,5.87780268595685
3259,-0.20838929536465
3260,-9.12174899559182
3261,0.0382349617764231
3262,0.663982587737961
3263,2.57082808891409
3264,-1.28593063737739
3265,5.72269965272628
3266,5.75058168074893
3267,0.643987186490575
3268,-6.81797509765575
3269,1.16231098316266
3270,6.61238375121623
3271,7.64600790907034
3272,9.81456638126557
3273,-13.4027195698358
3274,7.97405720076194
3275,8.47475419081782
3276,-3.21343339157428
3277,-6.90698612079151
3278,12.1904782615156
3279,-13.6699806618337
3280,2.66663903968811
3281,-11.6799339513319
3282,-1.50077395106159
3283,-3.20585000583722
3284,2.43583911020527
3285,-4.07037089308325
3286,-10.6804275485719
3287,-4.03199812428632
3288,-0.914551276867787
3289,0.779134545000206
3290,3.89988548078233
3291,-0.0281095242700032
3292,-6.26782207258873
3293,3.02869458304184
3294,0.0569092046273352
3295,4.67075344004279
3296,3.36461485660785
3297,5.91306556410018
3298,-7.93481772949493
3299,-6.57454928517759
3300,-4.715563396441
3301,-14.0927345379697
3302,-4.39608902337162
3303,1.60980609747266
3304,0.251625218290922
3305,2.39631221306916
3306,-7.40224481131219
3307,-7.73434517378274
3308,-6.3096601338492
3309,3.92992766882446
3310,-9.81156951000294
3311,6.2536765424726
3312,9.36624795904255
3313,-6.43508024047579
3314,0.390564179250817
3315,-6.09637735187505
3316,4.6681161968306
3317,8.26917488394601
3318,-1.14071211968898
3319,-3.42186762151733
3320,-2.60250589632837
3321,-2.71803003520485
3322,7.28590731184045
3323,-0.831360616444379
3324,4.88945054276303
3325,-3.20806520680376
3326,-8.05749050108583
3327,-0.714476278541223
3328,-2.91191787957492
3329,2.79555240905573
3330,-2.24283117822882
3331,4.88759952917524
3332,-5.23239353566858
3333,-3.65803572527369
3334,-3.10012595916726
3335,6.78449809494243
3336,-0.957814132251265
3337,-1.79816561868302
3338,-0.236467534636129
3339,0.286066536651021
3340,1.53917418028091
3341,-3.0017226812475
3342,-13.9416779326114
3343,-11.5886390795083
3344,4.48911734268742
3345,-7.86865470346453
3346,0.220612225884259
3347,-6.5639268174297
3348,0.789729034698336
3349,1.55962400706538
3350,5.23589777295616
3351,-1.85989057386412
3352,3.90562331714091
3353,2.69784576146904
3354,-0.901427337549452
3355,1.00167962276848
3356,-7.81305626373456
3357,0.0821402469649321
3358,4.66406356184183
3359,-3.68758020253045
3360,2.92296535408267
3361,-1.70549208436552
3362,2.97603539397813
3363,-9.62324261403036
3364,7.62374211269647
3365,3.44709802530209
3366,-10.5350434949287
3367,-5.54361359223849
3368,13.5956440789545
3369,3.24124947014961
3370,3.91299095762722
3371,-9.19609733742491
3372,6.97987890408628
3373,2.66471692615518
3374,6.85465780517
3375,8.96478758778343
3376,-5.83045621867996
3377,-4.45749207509065
3378,9.57861946865483
3379,-4.34645981055534
3380,-4.79754341384673
3381,-2.34756375840247
3382,-4.53288968629816
3383,6.29947938224235
3384,1.70503041444359
3385,1.29016635126939
3386,2.93702443252299
3387,-14.5276857293156
3388,6.02771491704803
3389,-0.542737689843099
3390,-2.62891388973193
3391,-0.526949077997419
3392,4.15170245614415
3393,8.28961917205118
3394,-1.73431401750903
3395,-2.05749091027953
3396,-14.9378701810283
3397,-6.30893772224817
3398,2.89691151616925
3399,5.62922957160219
3400,-2.06570192362217
3401,1.56373374541798
3402,2.39533142016913
3403,-2.2737369398006
3404,1.88441659698814
3405,0.43361272659393
3406,1.21924058112364
3407,-5.88329283204595
3408,-4.14535995188145
3409,7.89365965184844
3410,5.08269860395639
3411,-2.95387484099945
3412,1.21208474820881
3413,-13.9544174342668
3414,-1.13184217660335
3415,-8.70728903921592
3416,7.84805547142333
3417,1.63432345046448
3418,-8.64060699047771
3419,-0.441614149343496
3420,-6.43576095485585
3421,-1.13873198163671
3422,-1.46608001095864
3423,-12.1855513213124
3424,-15.0530736018851
3425,-2.38711430095605
3426,5.58282810331899
3427,0.942850086533281
3428,1.44694522790802
3429,5.70805821891037
3430,-4.75695457629795
3431,9.43388014781147
3432,6.33142744235159
3433,-12.1612494924588
3434,8.08511948331642
3435,3.33659773558753
3436,0.159934813201586
3437,12.8127711231446
3438,-8.15349144146521
3439,5.1508917806748
3440,3.02470921450216
3441,5.6488321925914
3442,3.96080083847162
3443,-4.42798532477892
3444,-1.30235251113995
3445,7.09623068538946
3446,4.48308052417726
3447,2.55873182097269
3448,-2.6303214577609
3449,5.83301372731652
3450,2.01742878301852
3451,3.83707339319736
3452,3.78597904495442
3453,-3.02610825336703
3454,4.93575640400922
3455,12.7410285065307
3456,-5.62134040141239
3457,1.35810538074515
3458,4.90647864112709
3459,-7.50665192396546
3460,0.599403238139604
3461,1.09694562605749
3462,3.0890368584851
3463,4.19937709535384
3464,0.843907347919582
3465,7.63977144941242
3466,2.79805316578758
3467,6.90856427188539
3468,2.60652289695157
3469,1.53819579300442
3470,7.68224215719205
3471,-7.10949186050674
3472,-7.24651675857084
3473,1.29514612820878
3474,2.82436157923592
3475,5.68104567137215
3476,-1.22939171774877
3477,-3.7916809193233
3478,8.23867748867541
3479,8.04986183484491
3480,2.47108000121911
3481,-1.52800190246253
3482,1.35939063405632
3483,-3.36244253032645
3484,7.77915158285493
3485,-1.3842564337706
3486,-4.12928767361871
3487,2.50093182996962
3488,-3.10217511939691
3489,1.80862262310302
3490,6.84909507117806
3491,0.0932224683250788
3492,-0.162989080406449
3493,-0.393845120752376
3494,1.64615401174969
3495,-14.8988850336996
3496,-0.703645840564295
3497,-0.327297367647915
3498,-1.69680756653977
3499,-0.101061082523641
3500,2.53910552972635
3501,3.3202001781987
3502,-5.57057306991775
3503,5.82417663160034
3504,-13.747159468507
3505,0.4676434824134
3506,-11.7138288628752
3507,5.62491729783671
3508,-6.90885201025689
3509,-0.146945080357273
3510,-1.13450132545602
3511,6.75523572264525
3512,5.9310424118557
3513,5.99282489299625
3514,0.272202604882155
3515,2.27957841436183
3516,4.88744858796023
3517,3.81577455098673
3518,4.28150867663072
3519,13.4320570287426
3520,-3.09054854952888
3521,3.02140479810356
3522,-2.60102763035365
3523,-2.21635640311063
3524,3.3698357659744
3525,8.96249734576466
3526,-4.97452809623522
3527,2.88146709104633
3528,6.94480993152755
3529,-3.08446479604496
3530,-2.42464722999754
3531,2.67371692611821
3532,9.56093287542112
3533,1.77867464254042
3534,-6.68893206067575
3535,7.46975482522781
3536,-3.98726648733894
3537,6.2493821835866
3538,-12.439546966016
3539,-3.14801733135009
3540,-5.62431315166012
3541,0.477670972741001
3542,2.67769637358015
3543,-9.11215480905903
3544,-4.4103710500039
3545,-1.76262871280109
3546,-3.97607309937402
3547,2.94479130584779
3548,5.55738332522554
3549,5.53278798054695
3550,-3.7920891661909
3551,-4.95288792557307
3552,-6.58585488901052
3553,-2.50171247048448
3554,8.96835110847185
3555,2.41698459109476
3556,3.14943643071552
3557,2.12524887784899
3558,-3.07710683817857
3559,-5.90343892649182
3560,-3.18010754155655
3561,3.65220738385863
3562,-3.86329770503306
3563,-8.22325669466476
3564,2.4466159189602
3565,2.52644522033619
3566,3.34201326509223
3567,0.30821321730061
3568,1.41859099165227
3569,4.4373195334626
3570,7.94792765062059
3571,2.92529525573582
3572,5.02070571611915
3573,-8.33559059936961
3574,-5.86294804569454
3575,3.2532222723804
3576,11.8673757508063
3577,4.03808578395059
3578,7.92109886209878
3579,5.67951818130576
3580,2.82764851502212
3581,3.44303624195351
3582,-1.94228565946936
3583,-0.406716583281859
3584,0.88689547622667
3585,7.46073485364293
3586,1.18088930532822
3587,-3.2289369458724
3588,6.60229479375888
3589,-2.09611755849523
3590,-7.97137201837386
3591,1.15672923077356
3592,4.5829316140601
3593,-5.47258662530313
3594,0.366491957799832
3595,-3.26255799262905
3596,8.19592437032736
3597,-4.51876471727365
3598,-3.03384522327465
3599,-5.46692732488286
3600,7.7989418042871
3601,8.67242464180687
3602,2.8205189657739
3603,7.10295643124442
3604,3.16898235569356
3605,-5.9479528390696
3606,-3.72711016791084
3607,-2.01233180025084
3608,-1.78288140224432
3609,-7.72166091710735
3610,1.72577529202081
3611,5.38730799311
3612,-1.47118977674879
3613,-5.34978221912684
3614,-3.45239617355415
3615,-10.5575040851203
3616,8.9995735230526
3617,2.35770803778855
3618,0.0207977464061933
3619,2.32190435076608
3620,-3.19022168091188
3621,-14.0999791718917
3622,8.39848643112136
3623,-8.5326862724619
3624,9.90410174814321
3625,1.80353962847699
3626,-7.66283294787803
3627,6.72647568665855
3628,-7.53189335385971
3629,4.1346587336428
3630,-0.707748118055922
3631,-1.27015438380978
3632,-1.84751431508051
3633,-5.26489808293585
3634,0.839916524675121
3635,5.97777106780782
3636,3.04006019696951
3637,4.21280268810654
3638,2.0265691375227
3639,-2.16964568917506
3640,9.2638486371198
3641,-4.43833318579894
3642,-3.64632717590883
3643,-3.52435454925859
3644,-12.7348804073594
3645,3.19712690795554
3646,3.64684464023953
3647,-1.06095488722439
3648,-2.31628930190482
3649,0.600952835232176
3650,-5.99297587454193
3651,-0.41675842937551
3652,-10.1478759667989
3653,-4.17107670714375
3654,-7.32513546994009
3655,-1.49082566608428
3656,0.413427937491822
3657,-9.93840616913633
3658,-5.39384011851655
3659,-9.37757567001637
3660,9.99378037135778
3661,-0.923876823493931
3662,6.06840325805421
3663,6.3021371748458
3664,-4.02132048051834
3665,-1.51843753208896
3666,-2.20491525280459
3667,2.97919850739914
3668,-3.63366730333855
3669,6.62757915692183
3670,-0.0782040792192671
3671,6.80893112032243
3672,7.69689469827338
3673,-0.740385370364523
3674,2.28825220049502
3675,-11.0137413896655
3676,1.29163111100451
3677,-6.95887952047365
3678,2.16649120376191
3679,-4.82688330539332
3680,0.0569062023145788
3681,-0.891771560255064
3682,-6.39883567077809
3683,3.37023092811144
3684,1.86649307410876
3685,-14.8481047366255
3686,5.58168993683326
3687,-13.0216770092716
3688,-1.13068447712335
3689,-4.90498585381107
3690,1.2318410953006
3691,-3.96182704228099
3692,-6.9515355368479
3693,-2.76533111969075
3694,-14.6555032857549
3695,-0.424454275848763
3696,-2.1657626090738
3697,0.818651417659321
3698,1.2196833413359
3699,5.66462994547268
3700,-8.27924698752753
3701,6.6280811023944
3702,-0.378530784097955
3703,3.12349796471646
3704,0.40233314131808
3705,-1.38965258432663
3706,-1.38490232377945
3707,6.57060582167119
3708,-6.88571833971583
3709,4.44232095037501
3710,-5.6968901927552
3711,-5.88025613514117
3712,6.02710922469465
3713,-3.10367766654615
3714,0.376487642035988
3715,1.59039868209361
3716,-5.40756305556059
3717,-9.88322691609567
3718,5.51893545689407
3719,-4.77204718451027
3720,7.55253526552612
3721,3.29784175139351
3722,2.71097058269746
3723,2.19494259815495
3724,3.50403594258577
3725,3.09715554999837
3726,6.62843026592021
3727,1.60984306043678
3728,-8.8242639644114
3729,-4.99014396869699
3730,1.08016276971848
3731,-2.82592028094108
3732,0.394361393296435
3733,4.57945511673378
3734,5.6817858950246
3735,1.85680522679422
3736,-2.34811068136896
3737,0.357086291403381
3738,-3.24152395224763
3739,1.79332682405569
3740,-5.72732872920641
3741,-8.24495742883525
3742,8.96400683602644
3743,-6.97018288150876
3744,-1.42602547023025
3745,4.07931977904757
3746,-8.26101259119389
3747,-1.6870685240661
3748,-1.82999508586822
3749,4.08916434949522
3750,-3.97177222786912
3751,-2.93090392873774
3752,1.18225245150571
3753,2.92572110236517
3754,-8.47496852655607
3755,-5.84027196205603
3756,-2.78632896644408
3757,-10.0128271613906
3758,-1.70534199364493
3759,-3.54079675815421
3760,1.6068346022323
3761,1.65037562237954
3762,5.68434264240697
3763,0.0576601601558866
3764,-17.9052169239655
3765,-1.70744956251429
3766,2.66749708478776
3767,2.3378456721075
3768,-1.99559043573954
3769,7.20884415928249
3770,-12.6701873997301
3771,-3.71259031454583
3772,0.829202879407545
3773,7.50879674591813
3774,-4.76009164446644
3775,7.55533524801662
3776,-3.82297661031645
3777,4.0252757726449
3778,3.19175066666395
3779,7.16754874373922
3780,0.152336800202056
3781,-1.64438865006947
3782,-5.47370708156366
3783,-2.07056858695694
3784,0.203855172327207
3785,6.34511598244027
3786,6.71786194222247
3787,3.99876979697012
3788,3.23690765928156
3789,1.06188059882415
3790,-3.60571859334188
3791,8.77755078588081
3792,8.39067431474663
3793,0.299442452474688
3794,5.40438119146943
3795,-2.78636345690917
3796,5.31711954371511
3797,0.149653492263695
3798,-4.5723692080012
3799,-1.12436232663978
3800,-4.39692452034897
3801,0.927567356151392
3802,6.92169703388596
3803,8.58402064100418
3804,-3.62880403202127
3805,1.62233406907509
3806,4.69548646397347
3807,-1.92188687762648
3808,-5.02685193349038
3809,3.62015538806648
3810,-4.33983573273274
3811,-3.02653483594375
3812,4.50678840740958
3813,-1.19924427038992
3814,-3.33374572252232
3815,-18.8765669680138
3816,2.69291860316453
3817,-12.7394790751856
3818,-0.569399074679165
3819,-1.13319316738009
3820,0.830363224851538
3821,4.13319997564456
3822,0.171789185171976
3823,-0.421369214723574
3824,-2.61509602851097
3825,-6.02848694501343
3826,-7.72657349015853
3827,5.6741525588274
3828,-6.21303229536443
3829,-2.82275008046422
3830,-10.0754446809576
3831,-3.29413203107471
3832,-2.45033369007322
3833,-1.63604403488811
3834,-6.91902888070548
3835,0.313838463838832
3836,6.13622037120637
3837,-0.863374688672405
3838,-1.62282018119058
3839,4.46072241173625
3840,0.952514414198995
3841,-13.4958559224058
3842,4.27664024885617
3843,3.54384346116839
3844,7.90007211079137
3845,8.68993361374313
3846,-2.05130808530113
3847,0.851918745877377
3848,9.47114537491677
3849,4.44026793370991
3850,-5.31124861286963
3851,9.21611894280361
3852,-1.53050547786152
3853,3.80401245733376
3854,-17.6236094368082
3855,-16.4984363070022
3856,7.08721333276923
3857,4.52886188416094
3858,-10.0568255576544
3859,1.23853674603375
3860,-3.24206723745249
3861,2.81717876029346
3862,6.07189027807591
3863,-11.4365451458807
3864,7.18395695309278
3865,1.4575899714802
3866,-1.82427249378505
3867,1.84338952543548
3868,4.94817648428847
3869,-8.83819446833519
3870,2.75531186182429
3871,5.1508023173105
3872,-1.516676778586
3873,-11.3638103832376
3874,-4.64392094995756
3875,4.08705864639521
3876,-1.63980712038466
3877,-4.86293826853653
3878,1.85798739962824
3879,2.29872568148391
3880,-12.7269607150421
3881,-3.66418115082749
3882,3.20029138268493
3883,0.475784717860016
3884,-1.22787187356104
3885,-3.49773684694293
3886,-2.7547890083102
3887,5.67400490121728
3888,-4.91958573287475
3889,-5.28692632295756
3890,4.85847714525683
3891,-6.74559547755169
3892,4.54132790906024
3893,-0.273061609395023
3894,-1.4132515924018
3895,0.291104394388461
3896,3.68747738051233
3897,2.37769003287393
3898,-0.360980878783615
3899,0.000257523457179856
3900,-11.735803135835
3901,3.10442096024199
3902,1.76321172545224
3903,-14.2689742027971
3904,0.755470903206247
3905,-8.89859356080495
3906,-1.21202578570051
3907,6.72940036058735
3908,-3.92961821830132
3909,0.210704108176509
3910,-1.77332359880994
3911,3.15668507528974
3912,3.9733597386104
3913,-2.05306157034366
3914,-8.59808699886402
3915,-0.277726440382662
3916,5.62836938631371
3917,3.78493945264493
3918,-6.07948990898443
3919,3.1859032303382
3920,-7.25858345155731
3921,-5.0024864311982
3922,2.26612161109429
3923,5.59864338165994
3924,6.41684843252919
3925,-12.326146209609
3926,-2.94160901364103
3927,-4.44387143766564
3928,1.24303247425551
3929,-1.53234766224955
3930,-1.22582608598381
3931,-9.99411970806912
3932,-4.85885179936922
3933,-14.234953014832
3934,4.95541046074582
3935,-7.16880788167083
3936,0.0830930095261741
3937,-0.568677510481742
3938,-3.17048324437886
3939,-2.72814006186248
3940,-4.2278206564697
3941,4.09286964716934
3942,-5.4833186181328
3943,-4.10464595682296
3944,3.83152262109343
3945,-12.129921932078
3946,-3.56740701051548
3947,-1.22001759520488
3948,-1.85478722102436
3949,-16.2465367121775
3950,2.57603078602843
3951,2.5315337009934
3952,2.30221750617824
3953,0.329179195455705
3954,-15.1340837384536
3955,1.92634057487017
3956,2.30488219696528
3957,4.38242470715222
3958,-7.13693927510048
3959,-0.657999488264698
3960,1.2413986531759
3961,4.75603138716907
3962,3.7418685529749
3963,4.50142382860182
3964,-1.17519340952233
3965,-0.240325909247171
3966,-8.65316899171743
3967,-3.33613742756163
3968,-1.53690769927855
3969,7.9455642177258
3970,-2.21273300759119
3971,-0.710825792364686
3972,3.98337449688531
3973,-6.47778132158862
3974,-0.670894095803386
3975,-6.10588344243514
3976,-12.5724439491326
3977,-3.41934978201849
3978,-1.64688474608709
3979,-4.23665925968313
3980,-8.23104684275571
3981,0.0898756198787098
3982,-3.14144392446677
3983,-1.20367922280554
3984,-7.13316366432788
3985,0.620097364827402
3986,5.41744829669544
3987,0.966685002529583
3988,-0.420541501534612
3989,-15.2123664390991
3990,-7.71713872718371
3991,9.03988076992827
3992,-1.31767668883724
3993,-1.41093445811771
3994,9.09942011536509
3995,5.88178489534644
3996,-7.63147848047217
3997,-1.57947132207974
3998,-10.454582647113
3999,0.117537443607691
4000,-3.29070762029213
4001,-3.40815302935386
4002,-10.3587092095278
4003,4.59360276363007
4004,0.240732231350309
4005,-15.76358113435
4006,5.22872360092592
4007,7.46524409149679
4008,-18.2595309313217
4009,1.33374476779831
4010,-3.46758548237159
4011,3.12471149935403
4012,8.74111227657504
4013,-0.710284994381882
4014,5.32163143149174
4015,-11.3951496220969
4016,-0.022743148595879
4017,-8.37554871055804
4018,0.140320449904176
4019,-5.17548556713325
4020,-0.860725443006078
4021,1.75531324772587
4022,8.87487649767918
4023,-2.15341263922013
4024,-0.904725403394758
4025,-5.45642521609389
4026,0.970518508581599
4027,-3.70427464014696
4028,9.84954603385965
4029,-6.9702595108666
4030,1.88076037731433
4031,-4.74121917074152
4032,-2.03528961268556
4033,-10.3996059893257
4034,3.87038270948123
4035,3.44729419690656
4036,8.29120164021471
4037,0.541253741202928
4038,2.82695781352783
4039,1.75107243321514
4040,-2.63876929512622
4041,-4.9463904240048
4042,2.03977119602845
4043,-7.3937499349329
4044,6.39385932069785
4045,-1.14977176137798
4046,0.7291249817008
4047,-1.84726919074415
4048,0.124506558110239
4049,8.83711339873974
4050,5.69953187198059
4051,-5.58662423133366
4052,4.39350211601814
4053,-3.40356508102032
4054,0.952365417524395
4055,-0.980250997392517
4056,-1.36448439670749
4057,7.07227655495169
4058,-0.873979706905641
4059,4.57500383144128
4060,7.30406776466613
4061,0.0120373167133351
4062,1.14295708588768
4063,-0.933340390460053
4064,4.36771669392454
4065,-2.45735125146841
4066,-2.93138844081117
4067,-0.572818078313512
4068,4.17182649138576
4069,3.01126355047957
4070,-5.20914184341889
4071,-8.56624655094498
4072,-4.16124049903799
4073,-1.86601429058651
4074,-15.0046893453725
4075,-0.662908145400629
4076,-6.67756264098568
4077,0.357632201390149
4078,2.71275494398332
4079,10.681528373744
4080,0.0309116721838129
4081,3.85023001105545
4082,-10.9116120009406
4083,13.7030620730975
4084,-5.23957403866893
4085,-1.37273952439271
4086,4.88177102105311
4087,8.82024605400479
4088,8.44624307692457
4089,12.3743648462074
4090,6.99799152551174
4091,-1.19287286278581
4092,-7.37954240045409
4093,3.27912079741786
4094,-1.85969666015648
4095,-0.0160673208495713
4096,1.94698706758433
4097,-3.38215471210412
4098,-3.90019522663394
4099,1.391779541226
4100,1.85222081711238
4101,5.37090969756521
4102,-17.029048753781
4103,1.07529129263306
4104,5.70634339360045
4105,-3.92253877069906
4106,-1.66284735240871
4107,2.16334777567567
4108,5.80440916007171
4109,2.79454749868273
4110,2.02240686914575
4111,3.29375188740728
4112,5.05928247040736
4113,-18.1627937754283
4114,-3.98015826917741
4115,-10.5558132948731
4116,4.23800292602275
4117,-2.99561997327639
4118,-4.84142896790561
4119,-8.05984582427067
4120,4.51935456425322
4121,9.25521576278744
4122,-1.18435748564595
4123,3.2941581885748
4124,3.49390611948457
4125,-3.87616547346862
4126,-3.96548589980429
4127,-8.44685117382958
4128,1.68491698607872
4129,-14.6159590140358
4130,-6.4423574531711
4131,-11.0702760477202
4132,-6.61459260923649
4133,6.15631377034104
4134,-12.0760154979324
4135,4.17108258584684
4136,-6.18776746300688
4137,1.31908731127539
4138,0.0174569948599027
4139,-0.768576730100221
4140,8.04783347884837
4141,-1.92215184581995
4142,-1.88519502482199
4143,5.51806240566224
4144,3.49903993130206
4145,-4.84032680877827
4146,-15.4992206495293
4147,-0.786418291778306
4148,-5.16021087429046
4149,-0.344305038029279
4150,4.97158009700068
4151,-5.86809077282632
4152,-3.96618119593185
4153,-1.30911057231758
4154,-3.20974110025323
4155,-0.126410128852146
4156,-7.95312581644899
4157,0.552118098058323
4158,0.246155479909491
4159,-2.90387172326005
4160,-0.360925645848727
4161,7.10057562264551
4162,-6.43911330431692
4163,-10.4494048470483
4164,-8.47099579308626
4165,-1.61508424732093
4166,-2.04093599533253
4167,4.44209500879535
4168,3.12589714442807
4169,-6.58565515760273
4170,-5.70469105557403
4171,-1.14498113858606
4172,3.53685390342417
4173,-5.1674403681305
4174,8.82122374142172
4175,0.168670911310811
4176,0.00365447003494951
4177,-6.19084957997909
4178,2.5816480723319
4179,0.805046381507195
4180,7.26413604092122
4181,-2.87595618676661
4182,0.13391312200004
4183,-1.12989821986851
4184,1.33119520606279
4185,-8.44040132313176
4186,4.53079135990457
4187,0.683852914672727
4188,6.15981872710572
4189,-1.61970218237787
4190,5.38117578225485
4191,4.43399939114219
4192,6.86476610550058
4193,2.60987330934882
4194,5.1241090444712
4195,4.46375102944541
4196,-6.17560731064089
4197,7.21453309537146
4198,4.07636592443633
4199,11.0557062869118
4200,-1.97041114844966
4201,5.35169442503971
4202,-3.21061598509485
4203,-2.46626465133499
4204,-0.705491924312706
4205,2.21767282640001
4206,2.25602583631154
4207,-8.36364303802521
4208,0.621992645404124
4209,1.76055927776076
4210,1.9382220019998
4211,-2.03132516578397
4212,-2.51122516320775
4213,-0.655637186212592
4214,-4.40137758803025
4215,-0.258125579450387
4216,-2.48607041685695
4217,1.71034580656441
4218,0.415093844909673
4219,3.16462975083847
4220,-8.11611037798161
4221,-2.52815986922727
4222,2.71977895083108
4223,0.661602440632553
4224,4.52635194843813
4225,2.86367727158162
4226,1.40052277336576
4227,4.21673278396102
4228,-5.1554534833018
4229,-1.03539891144729
4230,-7.18583104612937
4231,-1.64009298148222
4232,4.3973869023527
4233,-4.36785718518754
4234,-12.0999273438517
4235,7.51197507944448
4236,-8.38073639863087
4237,-16.7889398092023
4238,10.123266176474
4239,-1.69644563232593
4240,9.63100439560172
4241,6.23230985565317
4242,10.1382050599483
4243,-1.88145694907472
4244,-8.5469573117684
4245,1.60011574809849
4246,-7.15216243159174
4247,5.89669085155348
4248,8.05578315609835
4249,2.84097272601897
4250,5.26187015455819
4251,-5.59885664092113
4252,2.68870575884292
4253,-1.40043029712562
4254,4.77366526321331
4255,11.6624748697521
4256,5.77892216640482
4257,2.18532992579618
4258,-2.35949011940509
4259,4.29687085201493
4260,6.09187695949553
4261,3.98786176473139
4262,-15.8087142615196
4263,-4.97528178120378
4264,-2.06903068497217
4265,0.458850199117222
4266,-3.79172063510353
4267,-4.74657058784025
4268,-5.73138804126328
4269,0.94800721636414
4270,-3.70039273648801
4271,7.41136933483061
4272,-2.69993284294607
4273,-11.3237180448485
4274,-9.20881436265868
4275,-9.16430756472454
4276,-3.14855517339828
4277,-8.25844879293486
4278,-11.1615079068425
4279,-3.74483898645049
4280,-2.41773930077009
4281,-1.03744667246371
4282,-3.01021484390854
4283,-5.71042117761096
4284,3.52731891034972
4285,-11.1593922638956
4286,5.00078840306568
4287,-8.31068898312401
4288,-3.34827344246253
4289,-2.0074362291951
4290,-2.5225803206307
4291,0.972111270145424
4292,-2.08665180351035
4293,-1.71183362799483
4294,4.97960273352641
4295,-9.96179362150219
4296,1.53161299312665
4297,3.93773492183096
4298,2.57974033544894
4299,-8.33084774794725
4300,1.43624910536891
4301,5.19998752064904
4302,-11.0452520292543
4303,-5.50303322540898
4304,-10.0655748094599
4305,4.60872567319975
4306,3.94480947548531
4307,6.5145921896828
4308,6.03821635054304
4309,10.6792255547129
4310,1.57854892274085
4311,8.96801304445104
4312,1.36189130412837
4313,1.55742173262564
4314,-6.07458850896331
4315,4.6208830597827
4316,-5.57818964106966
4317,-5.38024161264827
4318,-0.850168279659126
4319,0.550043211549994
4320,0.51698536788611
4321,5.29321812145071
4322,5.04042870169112
4323,2.20081449699858
4324,-5.05902908878995
4325,-8.07378035984766
4326,-13.066603158027
4327,2.87061616175855
4328,-7.63291230469729
4329,-0.584611355269065
4330,4.49920336629994
4331,1.61786024002026
4332,-1.47342973378345
4333,2.07771694455983
4334,3.83154021197641
4335,11.3311748642388
4336,13.3334293119453
4337,-2.4601076218359
4338,2.96332342562248
4339,-5.28909092808626
4340,-5.9764053452308
4341,-10.0770331074168
4342,-3.4884081969031
4343,-9.74307134882871
4344,1.32727271489937
4345,-1.99595098100544
4346,4.59238108281978
4347,6.14330378396318
4348,6.61108188674033
4349,6.54627449159046
4350,-2.69112952730176
4351,5.0273705525013
4352,-3.70034584949739
4353,-0.471344026353736
4354,2.7812302772982
4355,1.90606332075986
4356,4.38367145031876
4357,2.17983939275558
4358,0.907510171690858
4359,-0.132384699543168
4360,-4.12106340105978
4361,9.23132663532902
4362,-8.87308191797512
4363,-9.47248226936621
4364,7.66973821544894
4365,4.11225570197379
4366,5.02205270809216
4367,6.48149332985927
4368,-3.67123964076481
4369,-3.76531223152309
4370,0.304517395062936
4371,-8.65263495932063
4372,5.75908178634629
4373,18.0209325374521
4374,6.52763779020999
4375,-4.42585967625583
4376,3.88019098765742
4377,1.2956199378922
4378,-0.266738410769304
4379,1.71393918546903
4380,-5.69984436491805
4381,2.47023135326712
4382,-1.58566817753516
4383,-2.00420831077461
4384,10.78222525407
4385,2.78114261681226
4386,-1.84977793670324
4387,5.69467464041943
4388,-0.916262477655232
4389,-4.90717742673714
4390,-3.95090228335236
4391,-5.78705350103753
4392,-5.81779949788387
4393,-7.91707826463229
4394,-6.83022300197657
4395,-11.4142101133564
4396,3.87101678064379
4397,4.45674103735806
4398,-3.69527510050696
4399,-2.80534014170759
4400,2.07170686876031
4401,1.11797785904127
4402,-6.55184810622533
4403,0.33410149629856
4404,2.69188540032732
4405,-1.85330552329616
4406,-2.87067464508803
4407,-3.97408981368655
4408,3.09879268331807
4409,2.76365640682539
4410,-3.30339490857521
4411,-3.01509889224514
4412,1.44422908027339
4413,-4.42832002113449
4414,-2.32957915564447
4415,-3.30826347112665
4416,5.84571730999834
4417,1.42854722264744
4418,-9.44140588886243
4419,1.37463071599312
4420,-4.81904041494653
4421,1.09155440133991
4422,2.94717867019261
4423,-4.36351063306866
4424,-6.53004373005194
4425,2.36610228309227
4426,3.91225578453042
4427,-3.57023538563243
4428,-4.59043732353573
4429,6.84153972653738
4430,2.23385384938913
4431,0.894189282766635
4432,2.20556945328947
4433,-0.248707067946909
4434,8.74480588440705
4435,-10.4585924987463
4436,-3.25141429113595
4437,-7.55421939171204
4438,4.56706396260385
4439,-0.665145032979321
4440,3.43939391510831
4441,1.67151297229783
4442,2.58557670752343
4443,4.00356332094886
4444,6.78159441458923
4445,6.34471544614241
4446,-6.35177302637887
4447,3.11571633526493
4448,1.79265801475105
4449,2.06625084730685
4450,-9.7555353812303
4451,2.06685072277868
4452,1.320899700745
4453,8.63221858027213
4454,4.55669808380236
4455,-5.13723854463799
4456,2.00957980520034
4457,-6.7240351823706
4458,-14.0635341861819
4459,6.29764047098529
4460,-1.19489427091834
4461,-12.704124379506
4462,-0.866639993209448
4463,-6.89601351285692
4464,-12.2065322786444
4465,-2.31006988985526
4466,6.75753311905551
4467,-0.486496001292092
4468,-0.757005276912467
4469,-2.27707224897679
4470,5.44649814499934
4471,-8.8013024530764
4472,-1.48473915309983
4473,3.12782491406768
4474,-12.2981071482217
4475,10.7497634731333
4476,-5.03407560246534
4477,3.68521123925361
4478,-1.00423242732686
4479,-0.694900250570952
4480,3.64011215416458
4481,3.73878769242648
4482,8.04970990180226
4483,-9.00278244774322
4484,-9.54330635250285
4485,9.39926877008211
4486,-6.84432704002067
4487,-2.47270474919672
4488,-1.08311937607273
4489,3.15933291526919
4490,3.14631528830749
4491,-17.6415668412559
4492,-16.1665494459402
4493,4.09889452938459
4494,3.20731148750925
4495,-0.498911535555129
4496,3.58033147880346
4497,-2.13384175249154
4498,-5.71728233578061
4499,-1.41962604846722
4500,1.29290992015918
4501,-0.142460184492683
4502,-1.72668579550732
4503,-5.53792088580227
4504,7.06398227474362
4505,-2.0906595343268
4506,1.03095129104485
4507,6.97087121901418
4508,10.179542626369
4509,-6.98520727791038
4510,9.4702142537289
4511,-0.986492622601504
4512,1.50749871316436
4513,-2.17454623404316
4514,3.68714499273453
4515,2.63966317305905
4516,-6.99203121861222
4517,-1.79702824655795
4518,1.89394783138421
4519,-3.81020018898274
4520,1.90976764282913
4521,-4.06419734814395
4522,-3.89916759083795
4523,-3.21499281391849
4524,-1.27210693172348
4525,-6.96644658173033
4526,-3.24719831631894
4527,-3.324743081491
4528,9.00711770828615
4529,2.1405540625475
4530,-0.992032467356704
4531,1.25042443634706
4532,4.92217591131257
4533,-16.4952081714494
4534,-6.57724508364668
4535,-1.87829097044377
4536,-0.697880275110174
4537,-1.93788091157942
4538,-12.4580712170659
4539,7.36601280847227
4540,0.912834096394699
4541,-5.08155148807192
4542,4.40192785910164
4543,9.64208654505068
4544,1.89898664755264
4545,11.2803088965274
4546,0.93203303704355
4547,-3.88022130702533
4548,-3.18769384445543
4549,-4.12344679980481
4550,-6.94900306044563
4551,6.76430363972791
4552,-3.59419945673841
4553,-1.6097353758613
4554,-5.43203503132794
4555,1.26330063383067
4556,-3.79754698988767
4557,-0.876247723590887
4558,1.72381791158107
4559,-1.67555880149654
4560,2.41041953445937
4561,-0.313469546661395
4562,4.59204140727975
4563,-5.26963511173782
4564,-4.62431033773163
4565,-0.626825213416591
4566,-1.40057831421171
4567,-15.4126011487587
4568,-3.74740651784771
4569,-0.725242985333978
4570,0.369927676131561
4571,-3.3385390396843
4572,-3.956589683471
4573,3.91055923846503
4574,-0.755390112298403
4575,2.75732018189201
4576,-5.50335953820725
4577,-3.40057013305512
4578,2.30528253314055
4579,-2.99255742688614
4580,-6.80508632149775
4581,-10.4037145063203
4582,-3.95284135725288
4583,3.12952680293396
4584,1.52840517893336
4585,0.0769836802033834
4586,10.6561682087237
4587,5.01971149141622
4588,-8.12075968291393
4589,-8.24250090337189
4590,3.96877142990705
4591,7.06347688081589
4592,-6.92472341439262
4593,4.03759316943253
4594,-6.54629864836067
4595,-0.724369805212306
4596,2.17459834414371
4597,11.7151845753567
4598,-4.49063285482444
4599,-5.83379842723482
4600,2.71608313104804
4601,5.98710170550348
4602,1.00787440545649
4603,-12.429224037078
4604,5.00011303143873
4605,1.85546816598555
4606,1.54146876289956
4607,10.809282515146
4608,1.20466390077433
4609,1.15801835045388
4610,-0.894256660071295
4611,6.69128355724946
4612,0.770332413646957
4613,0.317234251958294
4614,-2.79370501248042
4615,-12.2320878815743
4616,5.04851328445691
4617,-5.43535869971645
4618,-14.3095809028103
4619,1.49830220648294
4620,-4.33747193779479
4621,11.8518826029266
4622,7.01453329819927
4623,-11.2806235070118
4624,8.22418382948723
4625,4.5459239478798
4626,5.63868639705786
4627,-1.97501020014358
4628,-4.87999968558849
4629,6.50905440405979
4630,7.52095227785172
4631,-1.09225600921663
4632,-3.65945352328763
4633,-13.8915700766178
4634,-12.9219363346245
4635,7.70874055197636
4636,-3.70569796368043
4637,-11.6292784609796
4638,7.13311925164196
4639,-8.64428788914273
4640,0.757015099036549
4641,0.564064487202798
4642,-3.02755971651205
4643,4.32863310561726
4644,8.66208379738067
4645,-0.144578449771878
4646,1.34151610699062
4647,-9.60803086804314
4648,2.20302836889598
4649,-5.12442732700355
4650,-7.87520555742775
4651,3.67464893951602
4652,5.19680988730938
4653,-2.86423415408159
4654,-0.224037365508889
4655,-1.20187219241176
4656,3.8643675610843
4657,-1.75524857066551
4658,6.05284917112443
4659,0.521115084128892
4660,7.01160271430689
4661,4.54658206935923
4662,6.09250146891834
4663,-1.29225951032195
4664,-12.7375025879801
4665,2.214415856737
4666,-8.87720775038373
4667,-1.1154175781421
4668,2.70623449791167
4669,-0.396302008112134
4670,11.018709153015
4671,-15.0265518942565
4672,-1.76508869236266
4673,-5.90104469232509
4674,3.82022724482088
4675,-0.384499945188152
4676,5.79814676819263
4677,2.46197105812472
4678,-1.14750435588938
4679,8.96980876169626
4680,0.525123012694217
4681,-12.4912531147893
4682,-0.391224113864138
4683,-1.3948062399162
4684,-5.29120053155907
4685,-9.90993223527562
4686,-2.86474110467114
4687,2.41882479066452
4688,-11.9965477084584
4689,4.8095503453556
4690,4.85272318338344
4691,-4.85228721792192
4692,2.26843236084522
4693,-2.64986840216348
4694,-8.11754594337938
4695,-0.869575424894718
4696,3.09845441889247
4697,-2.65980174123295
4698,-8.77147815807445
4699,-8.67561003087569
4700,-9.15861260542199
4701,6.44900272289723
4702,-3.37150655904289
4703,1.31590871791328
4704,3.1405011146277
4705,12.2511853688455
4706,0.0338280198246349
4707,-10.5448755931175
4708,0.717224503845697
4709,2.19182900189993
4710,-4.03236898309525
4711,5.94725475941775
4712,7.24416354333995
4713,5.32419046102469
4714,2.55744285019532
4715,-9.38673801441616
4716,-6.96938925019372
4717,-3.77188846513098
4718,2.60353813203599
4719,-0.768936730704682
4720,-3.39557005805053
4721,6.06682528376609
4722,-3.01779768853555
4723,-11.5974084173524
4724,3.9842981862487
4725,-0.346714473903782
4726,15.5569209186711
4727,-2.63236261848475
4728,-7.02062187353808
4729,-12.6898409612196
4730,-1.00209152329682
4731,3.17232611851189
4732,-6.72744972446298
4733,-3.01792993025357
4734,4.52983660964234
4735,2.04572138551845
4736,-4.69866146818044
4737,-9.79077795635157
4738,-15.0017554821016
4739,1.23624999864537
4740,3.62505043796533
4741,-2.51269442882784
4742,5.70833119593744
4743,-0.316085201939255
4744,-5.10910167584743
4745,-11.7052945209496
4746,-4.25880675485329
4747,-0.448955629981493
4748,1.12581508696224
4749,6.40219959552724
4750,-4.00255052478945
4751,-1.50330847176553
4752,-0.0838682874793321
4753,-7.22117881716766
4754,-5.2096073471809
4755,6.60773046903691
4756,-5.18473699016503
4757,7.43407520979371
4758,9.60498236503197
4759,6.29560117283578
4760,-13.6919160433741
4761,0.385989373009483
4762,-4.27056472674361
4763,-6.03984832262461
4764,-6.24019642142257
4765,-0.573296877467401
4766,4.53765901984212
4767,6.44130611855615
4768,7.11706075698095
4769,4.09891281910669
4770,1.96509736753967
4771,-0.872700626288811
4772,5.08601726797126
4773,-2.56373904350628
4774,4.72050874234503
4775,5.59060602174898
4776,8.59307817234171
4777,2.52549620077858
4778,-11.1043813900952
4779,5.04301799637085
4780,-7.42175851331295
4781,4.76994453468391
4782,-4.39559175137105
4783,-1.6622141467745
4784,4.3567183630176
4785,1.49856844722333
4786,6.1941476328954
4787,2.53032028944783
4788,0.333583068956247
4789,-8.69073662991028
4790,-9.69371119783758
4791,-2.80182032031176
4792,11.6315988030748
4793,-4.85752575658078
4794,0.0578178805163895
4795,1.88524461946519
4796,0.978545842493552
4797,-4.39665807600894
4798,-3.97497810948441
4799,-1.61705461894182
4800,2.15807309095906
4801,1.28674430122468
4802,8.56470738593258
4803,9.17212970661437
4804,14.2690520373166
4805,-2.05526386755179
4806,0.820238577877349
4807,-0.797339509036391
4808,-4.10817603828072
4809,1.67704723340892
4810,9.15339662602736
4811,-3.42402258380244
4812,-5.4889736828669
4813,4.35638263064803
4814,5.63320034024595
4815,1.03430341946789
4816,1.82751167920216
4817,-2.00104038262155
4818,7.09193904635714
4819,2.0716884474936
4820,-1.00707472593715
4821,4.33023586199402
4822,11.909957201641
4823,-3.13776376392085
4824,2.03914527660254
4825,4.44907831094626
4826,-0.405321486285266
4827,-0.750174479484365
4828,7.0730740323775
4829,-5.50231593652352
4830,2.27815128065193
4831,-3.54865572732256
4832,6.53602157827992
4833,-3.63847886882839
4834,0.548082257912523
4835,-3.30287323846878
4836,0.695234677808281
4837,-2.04756433065955
4838,-8.05750663670081
4839,0.755471055105293
4840,-8.78062181729054
4841,-6.15391812136894
4842,-1.76551291613828
4843,5.13084069748519
4844,1.22554695395254
4845,0.200537995733477
4846,-8.67527535575314
4847,-3.52033220653402
4848,-1.4222208236817
4849,5.13470289312728
4850,2.0790490662768
4851,-2.60926879754711
4852,-1.58751435478182
4853,-2.2147403598689
4854,-2.14871201215322
4855,-0.711999793787883
4856,2.20046845372791
4857,-0.686338377092375
4858,6.29568717962162
4859,4.70152355471901
4860,-6.69186909721362
4861,-1.01848189411558
4862,10.3659459379641
4863,5.41518706002029
4864,-5.68980058261419
4865,-8.74973549194654
4866,-3.59418422660673
4867,-11.0845898432971
4868,-0.447826275491027
4869,-2.6735770613095
4870,0.529184591419677
4871,-1.53931191513396
4872,-5.32618131982776
4873,-4.05979847365995
4874,5.80264511884926
4875,-2.59937843513114
4876,-5.52498018622785
4877,4.13467243214928
4878,-4.12521741129176
4879,4.58755170119108
4880,2.9578622693522
4881,-0.775892172974039
4882,3.32232115477083
4883,-1.83296047900603
4884,4.44209103588631
4885,1.73325571132458
4886,-9.11231895754472
4887,0.841636763538685
4888,8.63689537443186
4889,-2.83496090702067
4890,-0.77924619642463
4891,1.86269671544566
4892,-0.361424375052508
4893,-0.870277203955951
4894,-11.1116225799989
4895,5.0407311542943
4896,0.765306392435745
4897,-6.22058953420086
4898,1.90687163386981
4899,3.2247433108189
4900,-9.49973495948816
4901,-0.718883641626032
4902,6.885222826102
4903,10.0613675565685
4904,4.93883835576705
4905,-6.4840730283039
4906,-1.0106839021637
4907,-9.59571929355762
4908,4.11507206690806
4909,7.86471144063413
4910,0.0252780046957393
4911,-5.42392682475371
4912,2.26115030293504
4913,5.60767033810566
4914,2.06527206729827
4915,-0.262675653759552
4916,-1.35893621108764
4917,9.22465372509896
4918,6.58863969223519
4919,-8.69352262579032
4920,-5.69213531376662
4921,6.00638521844705
4922,3.33384097459881
4923,-3.53797805123983
4924,10.4870729254567
4925,-16.5736868993771
4926,1.73076047861199
4927,1.59281436726533
4928,-1.67619138123975
4929,-0.660325090426405
4930,1.1224534551012
4931,-3.9304111741065
4932,-0.939104615535637
4933,-0.554365349692559
4934,-1.84480140636831
4935,-1.529475130187
4936,-5.7224142533478
4937,2.82825446837269
4938,-13.8220416800472
4939,-0.0344573824314039
4940,-0.184855086459709
4941,-1.03850074677051
4942,-3.83719238648353
4943,-0.39875463610419
4944,0.724756648416383
4945,-1.93641011274705
4946,4.00348418273388
4947,0.701272769636285
4948,-8.0919824943146
4949,8.24156604815183
4950,1.89225313702753
4951,-6.22245463300577
4952,-0.964553152328974
4953,-6.12240562335633
4954,6.65839339707941
4955,5.24137697988293
4956,-4.84820748108338
4957,-4.19356571651352
4958,3.86258578974308
4959,-2.63777825809763
4960,4.41131988831746
4961,7.24065485220556
4962,-7.83143903208979
4963,7.15214630831984
4964,-2.63779062757362
4965,-2.6607490707187
4966,-6.8673784059072
4967,-1.08667055004604
4968,-9.73153544210344
4969,4.83509999655168
4970,-11.6641382369272
4971,2.64479428531731
4972,-10.8938834356778
4973,-2.76316955633704
4974,8.94578821883865
4975,4.64107621636465
4976,5.70281370435619
4977,2.04582912732754
4978,-1.6858593947064
4979,-1.92318006455816
4980,-16.4259373762654
4981,-3.54708792000435
4982,7.44728470822198
4983,11.1707447726035
4984,5.26981059921718
4985,-0.890938390688478
4986,-8.74066307667507
4987,4.74591890192267
4988,2.51570343155491
4989,-0.445637454181375
4990,-0.329021485843952
4991,2.33075313604832
4992,3.59575555620812
4993,-0.41096047271898
4994,-3.50870870170554
4995,0.71320289469071
4996,-6.24522914421331
4997,7.0183583810464
4998,-3.02119180811842
4999,1.93851322195919
5000,1.81225123063267
5001,-9.14610103375062
5002,1.60416864365501
5003,-0.386040757265942
5004,-12.153296753491
5005,-2.08159642944497
5006,-8.81113098669093
5007,4.73846188512701
5008,-1.54127432160932
5009,0.983542452233396
5010,-0.218161947429111
5011,-6.29932263277688
5012,-10.0699415416619
5013,-4.03827282835511
5014,-8.58789700365254
5015,-3.1125831127115
5016,-11.4393945863928
5017,-0.390924953623041
5018,14.2371970822162
5019,-0.969877861013153
5020,-0.774996879689351
5021,0.0963218451769559
5022,1.67383026476533
5023,2.53590620217488
5024,-2.01782050999619
5025,1.41049108871705
5026,1.35957360210226
5027,-0.766189544030124
5028,0.945377135886983
5029,-3.44143607705657
5030,-4.057666891352
5031,2.43810501361045
5032,-4.15124126538898
5033,-5.11576972246803
5034,-4.63467407965442
5035,-1.20958125505109
5036,-1.29777201407631
5037,-8.45531266311419
5038,-4.66385526662414
5039,-3.98312282906617
5040,1.93085763025246
5041,-3.94551898207595
5042,-8.62423952616328
5043,7.56884119473146
5044,-0.35156909703999
5045,8.94208770795328
5046,1.73973771647883
5047,-1.91970201611574
5048,4.86525456640995
5049,2.60769144229796
5050,-3.05472485768946
5051,0.897208667688758
5052,10.0422114679243
5053,-12.7782042176737
5054,-1.8724034631731
5055,1.27524636775979
5056,-0.486217430336195
5057,-1.30670433386302
5058,-1.97570331282635
5059,9.71414779250732
5060,0.16357079792509
5061,-16.3053604382534
5062,8.31542252270452
5063,-1.41125018723751
5064,10.8621280845272
5065,-4.14941514590363
5066,9.34384363274606
5067,-3.96336492745915
5068,-4.448866974469
5069,-3.84544104949134
5070,-9.53258992628806
5071,-3.36054502734349
5072,-10.1688790857429
5073,4.18503981916982
5074,-12.5167197957082
5075,3.86693804402786
5076,0.558719601942305
5077,-13.9318945881872
5078,5.92045426974838
5079,8.4413911059348
5080,2.9710030000183
5081,-2.66001270302313
5082,-5.04771049936533
5083,0.224121651750117
5084,4.67514813767044
5085,-1.42474215491877
5086,7.77209284563007
5087,-3.54304480928584
5088,-6.85354969421428
5089,4.31775878631866
5090,-5.2218073349564
5091,2.199126180418
5092,-7.4572212276253
5093,-10.3578846753223
5094,-1.36308817921052
5095,3.28404575179966
5096,-3.56983889326791
5097,-2.39170782227843
5098,-8.07830225708891
5099,-5.92055865474634
5100,6.1107335259217
5101,5.57257701027671
5102,6.03220291846174
5103,8.6743159912405
5104,7.75402178580386
5105,0.678568461171727
5106,-5.44109434469282
5107,8.43698750789349
5108,2.23184659073671
5109,1.03650337760074
5110,-3.91490890994101
5111,-2.75906899993865
5112,8.37274766070744
5113,-11.243790635113
5114,2.54350148801149
5115,1.2968831963785
5116,-19.1632828737125
5117,-10.0643690174276
5118,2.04765648216569
5119,1.6383884563205
5120,-2.78796983823659
5121,4.77038360613659
5122,-3.7761126442192
5123,-14.869014099892
5124,-2.49299370007636
5125,-2.05834041567073
5126,-6.88316006460795
5127,7.86745257757025
5128,-6.72542379174882
5129,-3.09214805979357
5130,7.85029438313496
5131,4.94715060850019
5132,3.9920294850997
5133,-8.26501978301316
5134,-16.5537054828635
5135,-0.232489600620391
5136,-4.07666760624052
5137,0.478991175888306
5138,-3.88374362179306
5139,-11.0669610313313
5140,-14.5975264477844
5141,-4.15148760842459
5142,-0.476780840025749
5143,-4.01474024056144
5144,1.03730648217057
5145,7.09790733171055
5146,-4.18345229912249
5147,4.54945007040701
5148,-4.14962884283671
5149,-4.38696074968282
5150,-6.67968407007329
5151,2.10651306822625
5152,1.44802936415751
5153,6.82292730064637
5154,1.22000242165035
5155,-5.51411844921593
5156,5.90488676631455
5157,-3.09902071118448
5158,-5.23827855289788
5159,2.89715812196612
5160,-5.17396860960133
5161,-3.53002470718993
5162,-5.82939118219303
5163,-0.641786664008678
5164,-0.0475616572597531
5165,-5.61261401225817
5166,-10.1864748474088
5167,0.544870441624536
5168,-2.3523603727464
5169,-5.76976602785203
5170,9.9071085198354
5171,-0.383645678739691
5172,0.34276998945364
5173,1.22300953799772
5174,-10.7254021210746
5175,1.40076645040044
5176,-0.405693932141437
5177,-0.93441177830134
5178,-4.09840704019523
5179,1.59182303677745
5180,-5.83369637888569
5181,-4.47885012040403
5182,3.55565165138632
5183,-7.82061055741413
5184,5.69973084930602
5185,7.30278674892992
5186,-3.60096849984276
5187,3.84747298756124
5188,7.3712951872986
5189,1.77885803466418
5190,0.0732509945292023
5191,-10.0768551073057
5192,0.97100871726668
5193,-7.09848373305629
5194,0.165422495657379
5195,8.0541784567261
5196,0.681958443486332
5197,-0.640276101359765
5198,4.01733145502321
5199,6.13772575749242
5200,1.32801140963827
5201,1.44351100017554
5202,-1.84719430249371
5203,6.61454980019364
5204,-0.220731764064463
5205,3.60947279947075
5206,3.01040774502475
5207,-12.1281893813798
5208,8.81482614381251
5209,1.99543877502184
5210,0.944295754568652
5211,0.231223564588064
5212,0.465748638826304
5213,-9.91354171161294
5214,0.243051572863332
5215,-7.06699394108532
5216,-10.4632835695252
5217,0.321696969172619
5218,-5.96751421142026
5219,3.62793751959152
5220,-0.173420272645867
5221,2.0883699898951
5222,2.89188896266664
5223,-4.71278303795868
5224,3.23117830018584
5225,3.94344365500805
5226,5.25639282466432
5227,-12.2865907755751
5228,-1.26136079732077
5229,-5.57966083063652
5230,0.996153973031339
5231,-6.28097986687574
5232,0.209731286150062
5233,4.70011333851084
5234,-9.07613529560542
5235,-7.96325358297215
5236,-7.02504550636872
5237,-0.301776104017453
5238,6.07993484340138
5239,-6.31308839805364
5240,1.65103321884722
5241,7.29699899537877
5242,1.21638823606431
5243,0.853590369594645
5244,-4.23028263032748
5245,-7.67641963593446
5246,-10.2213720444322
5247,2.21650262035978
5248,4.00934313719538
5249,1.99456183324564
5250,-1.29375813561353
5251,0.240297732028822
5252,-5.59713009294403
5253,-1.42267369078383
5254,-10.3090518241263
5255,5.14966988680915
5256,-3.14251339209452
5257,-11.9692352374176
5258,4.9753651057431
5259,1.12757869115066
5260,3.56396615090958
5261,-1.11538497214287
5262,-1.09458394920929
5263,-8.15879900201049
5264,-2.34799606534717
5265,8.42653598433817
5266,-4.31617536810576
5267,-8.566353468364
5268,-3.31826920233482
5269,0.899041575217209
5270,-4.20977953470615
5271,-5.1564969044963
5272,3.40152266886305
5273,-3.36928162568439
5274,6.22706044080449
5275,-6.35202657053441
5276,3.06169224562134
5277,-2.46160167234597
5278,-1.82811475357604
5279,-6.60878999855016
5280,-7.22147713603948
5281,3.54156376455264
5282,-3.35333781448458
5283,7.39958800767837
5284,-12.0117696256634
5285,-4.92466398314315
5286,-3.7665145149894
5287,7.57593075852908
5288,-18.386342530149
5289,1.57223078220327
5290,-1.86435069569731
5291,0.484326067640361
5292,-4.70984498937532
5293,4.42822977169177
5294,1.9754002720208
5295,9.20250389515093
5296,-6.53793834987276
5297,-4.84941702384934
5298,-2.81947968062064
5299,7.26816801722607
5300,-6.75873811378742
5301,0.517890832270174
5302,2.86863390234979
5303,-8.17948225358117
5304,6.89147083531822
5305,-2.3264106960555
5306,-0.316063109870626
5307,-4.64079115318758
5308,-9.94987918256826
5309,-9.48358001578069
5310,-2.90319846883443
5311,-4.17345620322197
5312,3.24519969594636
5313,-2.30376301722033
5314,-2.98208357997939
5315,3.40355831874882
5316,10.5713532234692
5317,-9.79970640532565
5318,4.71306454156049
5319,-8.33450764597923
5320,-1.565534972304
5321,-1.06721982754511
5322,0.0239275556811209
5323,5.32384734705818
5324,-0.242617271032673
5325,-7.93699087914201
5326,-0.0561574464393262
5327,2.49011741555246
5328,-0.741372599755819
5329,2.14833193120546
5330,-3.20596673470804
5331,-3.58836258922051
5332,-7.13166322869423
5333,-6.30718131116108
5334,8.99526430407428
5335,0.887142272404031
5336,8.67787529486398
5337,-13.9519459942827
5338,3.8374320331971
5339,-2.20254468804387
5340,3.84768916311895
5341,4.93052629721889
5342,0.680083427954754
5343,-6.51773704714289
5344,-2.88520515645928
5345,7.85567854746783
5346,5.55545178283082
5347,-2.3634722245743
5348,2.59941260830072
5349,4.78219276877962
5350,3.96843431769704
5351,2.01590962105308
5352,-4.85207091127982
5353,-0.294525255732753
5354,-0.0679471840606108
5355,-12.7508170007245
5356,-1.03179226788389
5357,2.41557754788493
5358,-4.01132104545048
5359,-4.19394933559799
5360,-5.7013011727814
5361,9.3951293234712
5362,2.31450178719206
5363,2.56225993870038
5364,-6.57625168516992
5365,1.96864881655471
5366,-11.9337219760094
5367,4.59819011668593
5368,9.35645997496271
5369,0.0291318839570104
5370,9.23963364093562
5371,-1.91520428572615
5372,-0.140602198880775
5373,1.98173318657138
5374,-6.21023061930037
5375,2.07759541950646
5376,6.20793316833325
5377,-3.49955029455518
5378,-6.13808880387256
5379,3.95306967211279
5380,-2.58227995955229
5381,0.67776837901014
5382,-0.239668230238479
5383,-12.0260820552594
5384,-15.7083736704051
5385,-6.2830827842361
5386,-0.693176206262136
5387,2.33103592539228
5388,-9.54543498944731
5389,-8.4083729379912
5390,-6.65040618517381
5391,3.50688564612077
5392,2.06881709153241
5393,-2.56077676601269
5394,5.24172232977192
5395,-3.25419390649625
5396,5.16723644982881
5397,-6.05580765503558
5398,7.02752079567457
5399,-7.69675281218823
5400,4.34103305904648
5401,-1.04636165891158
5402,2.59458012039659
5403,-2.17643750095485
5404,-2.53669084311293
5405,-7.82173611107625
5406,-10.0918388769992
5407,1.67417376426508
5408,3.08229934903702
5409,0.639153900842457
5410,10.4341432793256
5411,6.94003668496218
5412,-2.46477277019975
5413,-2.11884590942437
5414,-2.19119065183067
5415,-1.7382579523888
5416,4.17650866161301
5417,-0.782636320110357
5418,-14.348909236224
5419,6.64242140507257
5420,-0.908924988777894
5421,3.19470256762436
5422,-9.78294324466419
5423,-5.3577789546678
5424,-3.10583802971935
5425,-4.5211965882543
5426,4.11340206339846
5427,3.16042746952003
5428,5.14458773038779
5429,-0.153930587012797
5430,1.1837001276772
5431,0.860629094767484
5432,6.55752560409848
5433,4.02476505904904
5434,2.17632022924776
5435,5.52996253402436
5436,-2.36439521555603
5437,-3.76169676259368
5438,1.68974767735652
5439,4.25671600633029
5440,-0.166124355697473
5441,3.65322374933134
5442,-3.21634755640449
5443,8.56435518079688
5444,5.43655631172058
5445,2.44586879244579
5446,-1.10865174667114
5447,-14.6446467854321
5448,0.697879216988547
5449,1.16065285205874
5450,-2.04161336277309
5451,-7.40376742096525
5452,-8.95755209858403
5453,8.53092704828735
5454,2.05228440488325
5455,-8.97650798885693
5456,-8.01233433184435
5457,0.104501503160972
5458,-2.32505288810882
5459,2.95383800615561
5460,-20.4132755244662
5461,-5.95256570426587
5462,6.13096511447722
5463,-5.20169797812015
5464,0.372088904512365
5465,-10.8229322617006
5466,10.3896920996201
5467,-7.77029698417826
5468,9.78589918505003
5469,5.29675828123568
5470,-12.0108862916641
5471,5.13967503272313
5472,-6.84790587525686
5473,-7.58048177081744
5474,-3.85827241071731
5475,2.98151506352484
5476,0.444661823360288
5477,-1.03655445208597
5478,6.7902463371062
5479,-6.1497079660258
5480,-1.09473228728818
5481,-5.56533608369918
5482,0.89170117987187
5483,-2.32047441966601
5484,-1.13377653207548
5485,6.77711259984611
5486,-8.05852220760621
5487,-2.61874459544284
5488,-9.50527537246771
5489,-2.10439333779603
5490,-5.46997449524772
5491,10.5727351556507
5492,-5.55912830839531
5493,1.24950901800909
5494,2.14679940051211
5495,4.23920599529172
5496,-6.82777138396811
5497,8.45028760272292
5498,-8.34797316954831
5499,2.51793507504724
5500,-7.00366559287132
5501,-1.2364690098639
5502,-5.16911104673256
5503,0.208770663512256
5504,1.6811162283885
5505,-0.479923110327926
5506,1.48677987955115
5507,-6.96627330602897
5508,2.70273917198044
5509,-0.624786216017048
5510,-3.70060075577445
5511,-18.9244222691546
5512,4.94692152775506
5513,4.58762987580767
5514,1.54985562719792
5515,-9.70414268098173
5516,-3.06898440441166
5517,8.22128689886797
5518,1.25554353510784
5519,-0.874909924495953
5520,-4.95266710446392
5521,1.20718184373059
5522,4.74867817544662
5523,5.68232520563056
5524,-2.45581038570099
5525,-0.425610395991019
5526,6.96091869185129
5527,-2.69219725341867
5528,4.04628322779499
5529,0.734124647004545
5530,-8.58445082161751
5531,-2.82974646384889
5532,2.17683019795941
5533,7.35323906035532
5534,-14.041659792602
5535,1.34282737839432
5536,0.335617786711729
5537,-5.18994002861453
5538,-4.69043456499858
5539,-0.185659913006639
5540,4.33104139568343
5541,6.92409448563944
5542,0.444506934381179
5543,-5.48003726155417
5544,0.435016540923165
5545,-1.94119809543446
5546,4.19540243277467
5547,5.09565019218726
5548,-0.283578520639984
5549,3.77648529313411
5550,3.87559703762986
5551,3.48026115776337
5552,-2.33200666294597
5553,-10.0871810860453
5554,-0.717342638102112
5555,-7.62939051945846
5556,-4.59587906022412
5557,-0.830676986217648
5558,-0.574671586201792
5559,0.872599644604316
5560,2.79453254281183
5561,5.63640201914988
5562,1.63165845098506
5563,3.36978901886503
5564,-12.456325196445
5565,2.13853012651862
5566,0.183369932346616
5567,-5.7055816377164
5568,-14.8371015567872
5569,-3.10425744242821
5570,-1.2208851736579
5571,1.97978091360323
5572,-6.26613565523888
5573,-3.87057698230638
5574,-7.94402991968236
5575,0.787228835181769
5576,-5.29429439248837
5577,1.2558164654977
5578,-2.83008435090296
5579,-6.9352640855124
5580,8.979257684837
5581,-0.428782284226485
5582,4.47080985993099
5583,1.02499788213523
5584,-4.62249218733815
5585,-12.5079722703154
5586,1.02733237750028
5587,-1.65707303618786
5588,8.87310879795705
5589,2.66015114380823
5590,-4.96007556070342
5591,8.48919799042801
5592,3.28222462944833
5593,-1.18683849389397
5594,7.95670737596723
5595,1.10984283783238
5596,-5.62964509155135
5597,1.17430445624606
5598,2.82993664518796
5599,-0.532909438363391
5600,-8.61769581499417
5601,-0.214641284176418
5602,4.08127248101122
5603,-6.14371812568249
5604,-3.12472880213823
5605,8.57220421763341
5606,-1.49322437379808
5607,-2.62685751309227
5608,0.505129636309709
5609,-7.99337679663398
5610,7.67471260177158
5611,4.16346966119232
5612,-5.10183364647376
5613,10.550845913341
5614,4.09715430849446
5615,5.52934127202347
5616,-8.36480269392627
5617,-0.898679388581101
5618,6.501270954178
5619,11.1477494765056
5620,-1.1036590480346
5621,4.85819575592306
5622,-3.95731704663361
5623,-9.45887225420544
5624,-14.3409859478516
5625,3.22640226914318
5626,-6.66344688190473
5627,2.12475793996613
5628,1.13492661932751
5629,4.18223281307424
5630,-5.05261888553766
5631,-9.81891762023154
5632,4.51939302272165
5633,-4.40107203678647
5634,-10.8310972223731
5635,-3.48191759822597
5636,1.32876553208492
5637,-15.6146249084297
5638,7.0664303884462
5639,-3.41805019656239
5640,-6.6879606235241
5641,0.644914063795605
5642,-3.7619092478966
5643,0.447432085423431
5644,-1.07075765863477
5645,10.386203505614
5646,4.78749172108665
5647,3.89152764290976
5648,-9.15572016226736
5649,-9.7178158099724
5650,-0.322498299393918
5651,-1.56319647523144
5652,-3.53307098495525
5653,-2.30029459736665
5654,0.861215982789706
5655,-9.02723261185809
5656,1.0770903559799
5657,1.88707813496005
5658,6.02692347894102
5659,-7.09416514763084
5660,1.21878788990036
5661,-13.8861493291989
5662,4.62382629453186
5663,-7.48600668292927
5664,-9.13463677583096
5665,-8.85591539255857
5666,2.02114854689041
5667,-6.36669052363106
5668,6.62217620127622
5669,0.540115648537552
5670,1.27116161069253
5671,-7.67998435577077
5672,-0.0740136299719785
5673,-5.31529247564507
5674,-3.48108989793724
5675,-4.64108251807703
5676,-10.8197404789587
5677,-12.225648015013
5678,4.88796500940065
5679,3.85832431708164
5680,-2.37712786322118
5681,-6.24266394937498
5682,3.58369170719063
5683,2.21414511906557
5684,5.96789196551325
5685,-2.67375077599124
5686,4.06167806177843
5687,3.09185361562703
5688,-4.32704222736836
5689,-12.404413582463
5690,6.24754473818668
5691,-1.07848300725167
5692,-8.21585559800879
5693,-1.53942551159277
5694,-5.73790775449952
5695,-13.7874117826948
5696,3.31682593015318
5697,-2.09674806454914
5698,-12.215720582475
5699,-3.19831550358793
5700,9.11263086007811
5701,-3.26790974756656
5702,-8.89426787953878
5703,-0.382689328491378
5704,0.713496723587333
5705,2.63006471199988
5706,7.70039910890337
5707,0.250392837382142
5708,1.77586962661341
5709,-12.1326733730532
5710,-12.0465154613806
5711,-8.02911105570432
5712,4.49938346363866
5713,3.27425722651264
5714,2.12367531811452
5715,8.03115291928914
5716,3.4994682733987
5717,-7.64384306985814
5718,2.7525484552391
5719,2.66271104954363
5720,0.413966031091246
5721,-2.92863233868656
5722,3.93587085171806
5723,-4.44737043436342
5724,6.67540010072213
5725,3.40574976949195
5726,-8.63113723899708
5727,1.51851219548081
5728,9.98244920719133
5729,5.4514924264251
5730,-12.5103417580003
5731,4.94388052575865
5732,5.13712580336987
5733,1.42739033840249
5734,-4.79680782194272
5735,-2.8220481374636
5736,6.91746412488588
5737,-5.26274327092248
5738,-5.30838701103789
5739,0.584592568914613
5740,-0.146912254475172
5741,-4.04657511678301
5742,-13.6996605592426
5743,-5.25488740523727
5744,8.84507762507033
5745,-6.9897956263991
5746,4.87758000474088
5747,8.73417512147362
5748,4.46132361103173
5749,0.441079339971573
5750,3.7713489770279
5751,0.453565862033536
5752,0.562899127423086
5753,-4.64838518751949
5754,-3.37311689913208
5755,-7.05149040898162
5756,7.31750729182811
5757,-15.7588449281007
5758,-16.3586070531222
5759,4.89930125624088
5760,2.8335715792584
5761,-4.70072939165443
5762,2.73757824271569
5763,4.26661631805625
5764,12.062027124995
5765,-3.50545878845511
5766,-11.4276832230832
5767,8.60462635431582
5768,-0.609778865599939
5769,3.20561510989703
5770,-2.30197338043547
5771,-15.663985119371
5772,11.10746960234
5773,5.19952962038081
5774,0.399972358176552
5775,2.84357511882106
5776,7.03126714630412
5777,2.51078728592976
5778,0.866793715771883
5779,1.88089731893193
5780,-3.33362773874559
5781,-6.95259770189786
5782,-2.80669532108034
5783,-3.26343748687634
5784,-6.22103910607941
5785,0.116516688651951
5786,4.75296954648289
5787,1.96321948475919
5788,3.83343525808709
5789,6.1177809212435
5790,1.70606647805885
5791,-0.291707363196268
5792,-8.24078308701878
5793,1.6849536871273
5794,-2.67789624988254
5795,-5.29099319202139
5796,-6.10823155765227
5797,-3.67492440717924
5798,-4.99566431705817
5799,-8.11909958747834
5800,-11.3185073151089
5801,-4.47388116952238
5802,1.24172923711664
5803,3.1234347966129
5804,-5.87674399480947
5805,-7.02257246390184
5806,1.83531862176253
5807,0.504349279104812
5808,-9.1579969822622
5809,5.76333939716201
5810,-15.30766030292
5811,-3.44389847980682
5812,2.57278973113947
5813,0.738140078577278
5814,-3.46851266581925
5815,-2.36490554867617
5816,1.75927577292387
5817,-4.86375007774584
5818,4.21999802782559
5819,6.53323259567302
5820,4.10791848462708
5821,-4.26946140829834
5822,-4.7375954100924
5823,-1.86872416622713
5824,6.02233126895853
5825,2.74164945714253
5826,1.00312292361075
5827,-1.9552063895886
5828,-11.1736242806114
5829,4.56751085385415
5830,2.87818092929517
5831,3.77479172777511
5832,-0.40959823938858
5833,2.30834888546609
5834,-13.1121361677934
5835,7.6741935291644
5836,0.811832801273685
5837,1.52092782877916
5838,2.80693576155456
5839,-8.2872463529781
5840,-4.89755237607118
5841,1.95901548955097
5842,9.65680310105826
5843,0.658301718938438
5844,5.11097924156929
5845,-5.49047989648489
5846,-0.681150264291131
5847,-15.7195298298759
5848,-6.21827928917719
5849,-0.0121733005807093
5850,-2.05829304352287
5851,-10.681680505723
5852,-0.17209394691812
5853,5.73979072359969
5854,-0.671299748917457
5855,-4.55411372591943
5856,3.67620927377714
5857,-10.249290156074
5858,-0.831287526111986
5859,6.09900339136363
5860,-0.838770539938448
5861,-0.228534512662607
5862,-3.89182691695924
5863,1.61249524060061
5864,-9.57953545037426
5865,-0.99111948738082
5866,2.91719062585772
5867,-5.38230361685623
5868,-0.370095479445231
5869,10.3299553018076
5870,0.115455391700108
5871,-6.32786847367393
5872,1.55187816642569
5873,-8.27595667702614
5874,0.411233761284646
5875,-1.66665472159001
5876,6.12538456728377
5877,4.56106438560726
5878,7.01228222299096
5879,-6.64438676256597
5880,-8.71691887582982
5881,-3.29043383941665
5882,5.2167274513158
5883,5.41772236551225
5884,1.12142267677215
5885,-12.9680521510402
5886,1.96144787944295
5887,0.202117354729067
5888,2.67103926486701
5889,6.58423971899971
5890,2.77375138956723
5891,-3.20108173032397
5892,8.59129941601984
5893,7.42808300750686
5894,2.37179453161459
5895,3.02112518313349
5896,-2.95150603557597
5897,1.53899222213036
5898,-1.33599209802995
5899,0.949043425238282
5900,-3.90648940905398
5901,2.64792087394837
5902,-8.03373526241562
5903,0.559334031388038
5904,-1.26261808019011
5905,0.682245652370044
5906,-15.6204690478684
5907,4.31985518656256
5908,4.70554411676439
5909,2.85210979587406
5910,-13.1784953497776
5911,-3.50042220643843
5912,4.66674751026384
5913,4.89679335925404
5914,10.1676238546746
5915,3.34576153136376
5916,0.569116794375647
5917,-6.6938073436219
5918,-2.78477357254931
5919,2.17852567987833
5920,2.48149661861252
5921,-5.23143100019664
5922,9.15132145086792
5923,-1.55912502571361
5924,2.72808653222272
5925,-11.5752968587164
5926,2.30133860239503
5927,-2.05327697328441
5928,5.61377649658001
5929,-6.29843463407756
5930,7.30123054254327
5931,-2.77044013830395
5932,-9.57057977850459
5933,5.19629412865896
5934,-0.888913537084018
5935,3.34939920978271
5936,5.66645002012427
5937,3.16070834665413
5938,4.06906259342591
5939,-1.09786092972469
5940,0.554238155243785
5941,-3.65614000381859
5942,1.53496853989674
5943,-1.68902758742537
5944,4.56376651739975
5945,5.9507640304576
5946,2.29795394677895
5947,-4.87803045331932
5948,-1.86912708125126
5949,-0.987535423403881
5950,2.50573271343849
5951,0.469343282976597
5952,-1.82907231173752
5953,-1.27767224876922
5954,-2.91438874588361
5955,6.93955679204311
5956,-7.56806720508449
5957,-9.4840180319282
5958,-1.75880288556819
5959,2.51020736005695
5960,6.48502618395145
5961,4.73032528644593
5962,-4.74284387257361
5963,6.79450973624062
5964,1.24192407183476
5965,-1.53427073692879
5966,5.45670111575509
5967,0.317851063020418
5968,1.31631882177848
5969,8.9429905104654
5970,-2.37924165012797
5971,-2.22894195662282
5972,-9.87259198439102
5973,-6.8376027769135
5974,-0.0228548675688326
5975,5.7849647871529
5976,-0.419855098497649
5977,9.06881849609476
5978,-6.77974103524384
5979,-1.78463380249425
5980,-4.91014575855941
5981,4.69015022001518
5982,-5.80438820593288
5983,1.0529017906287
5984,6.24473123892095
5985,0.176698446992952
5986,1.74108520897837
5987,-3.48528419124051
5988,2.4064265291455
5989,4.57024634769258
5990,4.11743672490134
5991,-7.06096939871852
5992,-2.00347791542526
5993,1.43390740357138
5994,1.09377656379442
5995,-6.41657305403738
5996,-2.98149908983186
5997,0.546885372566121
5998,0.50981411372398
5999,-10.8560702461413
6000,1.60332307911319
6001,-10.9606383888006
6002,-3.54271250481176
6003,-2.69926075258835
6004,3.98584628021459
6005,3.39145881420298
6006,2.92725817474982
6007,4.41702075732921
6008,-11.105315290543
6009,-1.51016890298954
6010,-5.02437602467619
6011,2.73299354442728
6012,2.71810536581744
6013,1.23378377359394
6014,-7.74342324047199
6015,9.6591209826377
6016,0.653972178442848
6017,4.19550020690881
6018,-9.59017981652877
6019,-0.596823175705391
6020,-4.5691459848792
6021,-2.38547838202047
6022,-0.0457462662745085
6023,-0.644992619652107
6024,6.74138601848615
6025,-0.550552059318177
6026,-5.41951824334005
6027,-7.52563856450414
6028,-3.56249375607972
6029,8.18156924283093
6030,-2.09585110368318
6031,5.05979130649207
6032,7.17791173771301
6033,8.23880840277315
6034,6.06000616716197
6035,9.98381759718331
6036,-3.11632313165166
6037,-0.901210170135217
6038,1.49919179213721
6039,3.73833031301791
6040,1.91420390299448
6041,-9.67332977167204
6042,-2.00553740758761
6043,-3.60231534257188
6044,1.26974759271856
6045,7.11840103990453
6046,2.37972085148671
6047,2.52881695922976
6048,1.56832301671478
6049,-1.58008193908311
6050,-9.35885454046746
6051,4.22631325031424
6052,1.13757558785472
6053,-5.3446263827608
6054,-10.7675954056165
6055,1.84564606433212
6056,3.24470071394594
6057,-1.19030148284523
6058,-8.61042961635471
6059,-2.3767127965401
6060,-0.172535634548698
6061,-1.47428635317708
6062,2.45193720413287
6063,4.28043188472506
6064,5.23577069773344
6065,2.67123193528146
6066,0.118485877244879
6067,-0.352146241858767
6068,6.44700121796348
6069,-5.23132084292691
6070,6.5334533725257
6071,3.71137129963141
6072,0.527211619591789
6073,-4.13377801121616
6074,-12.3384296975568
6075,0.677806490794696
6076,-7.37462060063259
6077,-4.22643022283931
6078,-11.7456707469708
6079,-5.26251754493588
6080,5.93237864699882
6081,-11.536317436548
6082,-1.93852642506376
6083,0.234083653418595
6084,11.7351086387554
6085,-3.3751153900593
6086,3.01487018912536
6087,-4.16670884692174
6088,0.579329022036138
6089,1.82211693891308
6090,2.97213026652365
6091,2.9565981003403
6092,-1.21141269676194
6093,1.60437715670399
6094,1.33208089025957
6095,-3.12308739947078
6096,-8.72103339170731
6097,5.9297936590242
6098,3.8908540715251
6099,2.21517604495131
6100,-2.58360270464446
6101,-13.8718724280825
6102,10.6759312217232
6103,-11.8266187356905
6104,-6.03027136194752
6105,-12.9898438065824
6106,1.21768983102438
6107,-2.81763749023334
6108,5.73611974912942
6109,-2.1738495541651
6110,-4.94284965609279
6111,-0.475189561903698
6112,-3.56029485498541
6113,-1.75105378869791
6114,-6.27827204243151
6115,-0.166718978139027
6116,-8.14861078466489
6117,-1.6104082296952
6118,4.53572035072249
6119,-8.93952385466088
6120,1.43365953445758
6121,-4.57154166805001
6122,8.17816004853853
6123,-10.8439861804174
6124,0.218438863192299
6125,1.80782514241209
6126,3.80442502331442
6127,-4.31238193407974
6128,5.3760496162864
6129,5.83271389143589
6130,7.33751123331472
6131,2.64514817966271
6132,0.124882259387991
6133,7.27543082345314
6134,-1.16363446546314
6135,4.61608225169417
6136,-16.6962890721264
6137,5.48690442960279
6138,-0.741100166570941
6139,-4.75021068704044
6140,3.19456405251309
6141,4.43437753566404
6142,1.30907239124033
6143,-1.72916281457466
6144,-4.07772954098574
6145,-5.66504470758178
6146,-9.04921496291685
6147,-5.92402417393244
6148,-1.42423633896259
6149,2.34301652218703
6150,3.5631566699555
6151,1.25809909062067
6152,5.24132541669359
6153,-5.55265580664534
6154,-4.21689749992226
6155,0.77206012161258
6156,6.43819470766253
6157,-5.39796277495934
6158,8.55089090220749
6159,-1.36508122209721
6160,-3.2386749841846
6161,-6.42694658261606
6162,2.88519713599045
6163,-0.434254600517721
6164,0.532993496200977
6165,1.16917094597998
6166,9.56724832469283
6167,-5.78200151058972
6168,3.10042395022835
6169,-7.02157751890492
6170,5.75349057291113
6171,-3.5022367411358
6172,8.0291089998069
6173,-6.35358587949994
6174,-0.875047664696083
6175,1.48395324717412
6176,3.6289105538308
6177,-0.432567631287969
6178,1.61470136119447
6179,-3.37251340597934
6180,0.43669317016715
6181,-4.37296449167245
6182,-7.36083951106115
6183,7.47962374935817
6184,2.22575341093715
6185,-3.73030833281382
6186,-7.15229711301923
6187,11.3099435418027
6188,-0.802007901507499
6189,9.62021201458193
6190,7.62933613014806
6191,4.92535130544502
6192,-14.5348817735487
6193,-1.30064776250918
6194,-5.7682437215227
6195,-4.20857023413244
6196,-15.1783073598478
6197,-2.76566391668008
6198,3.53202205388395
6199,-4.87037972834842
6200,2.41990153031101
6201,3.9113875268823
6202,5.0123013597328
6203,-1.88719811500428
6204,-1.24170862539831
6205,-0.952052078035768
6206,8.65295422307604
6207,-3.05242248843283
6208,-10.5798003891009
6209,-2.91330737588141
6210,-10.0946694976034
6211,-5.58589995787033
6212,7.97636076787397
6213,-0.631990233981862
6214,-5.45279657072688
6215,2.55820703238531
6216,7.55064224177915
6217,1.20954278212026
6218,-4.63578931626984
6219,5.71906467051049
6220,1.59761254710862
6221,6.4539217644249
6222,-0.826386355411354
6223,3.5024180209694
6224,1.56722566596166
6225,-0.941372298308479
6226,-2.81813067988543
6227,5.12948341244597
6228,6.95659688617459
6229,-6.08054825600245
6230,4.89404945107588
6231,3.38114262006099
6232,-2.38784109545647
6233,8.38855369262554
6234,3.52151081331706
6235,2.4665054151876
6236,2.14112537418621
6237,9.29582081006291
6238,2.10476372841773
6239,-8.9745280903767
6240,3.55053319807129
6241,2.58840704149921
6242,-3.42182525241512
6243,1.60779445337373
6244,8.72508777288749
6245,-8.99107329131262
6246,-1.63136135105815
6247,-4.10390803834215
6248,9.7044301156028
6249,3.05066684041619
6250,-6.71469674793512
6251,-8.63089325912523
6252,-1.505196904012
6253,0.149444804334451
6254,2.9542487577909
6255,2.59168944731039
6256,1.64216718682738
6257,3.3930527145955
6258,5.26660128600893
6259,3.96628820015322
6260,-5.14688923357793
6261,6.43014587467963
6262,5.38688143560419
6263,2.43673490671724
6264,0.0891125202733675
6265,1.35676430645708
6266,-5.53710135292213
6267,2.43240703794647
6268,-0.193417156593614
6269,0.773174982884319
6270,-1.07063399757711
6271,6.94913603594463
6272,-5.54266052417885
6273,7.92854580232001
6274,5.21126210419606
6275,5.0526958958181
6276,0.933316284177515
6277,-8.23830398832087
6278,-2.27749849360167
6279,-4.5823658384223
6280,-2.48438531076913
6281,0.170479406874344
6282,3.52131867658703
6283,1.62697133313413
6284,1.70487436346983
6285,-0.0233441698064266
6286,-0.902321797971783
6287,-5.24169591929117
6288,-6.90280634895906
6289,-5.18224215838447
6290,-3.44498884176644
6291,5.86140294862588
6292,3.41497099918399
6293,4.11294092586251
6294,-1.00592976554892
6295,4.81755047646982
6296,-1.04708466470382
6297,2.48363664464626
6298,-1.62620705852234
6299,-0.391839878042331
6300,-0.430032372535505
6301,-7.63778262174723
6302,0.659754495386034
6303,-6.72132805036505
6304,-0.258403651226581
6305,7.82556437825402
6306,-3.44443248891312
6307,-1.11302182154044
6308,3.86013478230857
6309,7.70851863435658
6310,3.53056858491304
6311,5.75606831285216
6312,6.02900649521024
6313,4.06728250782604
6314,3.21690961781708
6315,-0.108940887077389
6316,5.44740572735281
6317,-1.04866586621737
6318,5.74102945269369
6319,7.55318228628921
6320,0.515361523687574
6321,-1.61139363669243
6322,-3.59607944161552
6323,-3.3891173468586
6324,12.0515118702821
6325,4.96441686446886
6326,-1.94869609521414
6327,1.43885944801787
6328,0.478254782224073
6329,3.10354311206007
6330,6.47072524003888
6331,-11.9892138981089
6332,-8.98685500874252
6333,-3.00992689583534
6334,-3.79795956644207
6335,5.43720477300696
6336,4.1331292318912
6337,-5.48991754284856
6338,2.21817217656891
6339,-5.98773861580099
6340,2.46372149507664
6341,-0.910337021172067
6342,-3.7018872658947
6343,0.438196243343889
6344,7.59551183422822
6345,-6.76627767529153
6346,-0.963497828472221
6347,-7.40777372102737
6348,0.0197149009053683
6349,-6.16129694721095
6350,0.514807200306995
6351,7.2327147373617
6352,2.12942154816647
6353,3.63937523221066
6354,2.70270313377507
6355,-5.36049598470538
6356,-2.30969222432697
6357,-0.0366003527622941
6358,7.41487316245811
6359,-2.14296273644642
6360,4.1307797958265
6361,-0.745639889000345
6362,3.8252096360805
6363,5.40391218285943
6364,-2.26775546733758
6365,-5.76409065842552
6366,-3.98518940159498
6367,1.85597082186013
6368,-8.47054095660593
6369,2.87408954168489
6370,3.85602354055997
6371,-5.22540679812209
6372,1.93847791270019
6373,-10.7988155884772
6374,-5.02803801855082
6375,5.54991245526721
6376,5.87768343981299
6377,3.37943255990489
6378,-14.8787471208068
6379,-9.52774869751475
6380,0.0233378520568906
6381,8.9691776659846
6382,-0.691843605650494
6383,6.8354874779786
6384,10.6999566236736
6385,7.27325142133195
6386,-9.46185440011809
6387,-8.90337353071337
6388,-4.85184402041819
6389,-7.06022750734466
6390,-2.65658362324395
6391,-0.866147688279725
6392,-8.65711889925236
6393,1.50592648032466
6394,-6.26460309304775
6395,-1.28103365885899
6396,3.28562217569421
6397,-1.18324885840976
6398,-3.60089547541973
6399,-0.461793800773759
6400,8.32284475819101
6401,-0.835561922975701
6402,1.42656002538498
6403,3.4680495700951
6404,-2.90109990113951
6405,4.19622439665279
6406,1.46057939052739
6407,-0.241667888481942
6408,7.26982725347695
6409,2.21388679986992
6410,-2.79649446494847
6411,2.66780468525727
6412,0.0475697657636107
6413,-8.2456505349794
6414,3.71295780560148
6415,-2.88895840210561
6416,-1.34416147302025
6417,-3.99217416364765
6418,-5.33100001179925
6419,-0.305233019707557
6420,-6.46030806857398
6421,-6.6566925073578
6422,-0.398247432055772
6423,2.3290370471249
6424,0.236213374074441
6425,-1.55778878961329
6426,-1.18401902773666
6427,4.74099586597494
6428,7.11585789062217
6429,1.41905581413422
6430,4.71563799042239
6431,-0.951508996634527
6432,-2.84568454230251
6433,9.44607617980418
6434,7.3030420011893
6435,3.20394750775123
6436,-9.31851372670381
6437,1.76051601692137
6438,-3.27640096693481
6439,-2.5335721193699
6440,8.32777522524016
6441,-3.66775367448634
6442,-7.46595717706688
6443,9.82111041729822
6444,4.83313511728444
6445,5.51032179521987
6446,-6.15664673135756
6447,-4.32861458069671
6448,5.91055366530145
6449,-8.3244258208518
6450,-5.6782096350216
6451,-10.9251911275503
6452,0.903081530265184
6453,-0.716794286300125
6454,1.87221334390522
6455,3.61913992261633
6456,-1.31912745009639
6457,0.149193979214167
6458,0.65464523235783
6459,0.27172650356991
6460,-9.89647007867547
6461,5.42477917716746
6462,-3.06590515564757
6463,6.26369766482024
6464,-10.7351971975036
6465,3.52006477911146
6466,-7.72323421454965
6467,-6.13859587135276
6468,4.32764878415551
6469,4.03045801939603
6470,-2.65602552543335
6471,-8.45863218712889
6472,1.31452328060799
6473,-1.22124299889048
6474,-0.899607465468651
6475,0.392377618794876
6476,0.0577408543051817
6477,-10.4792897055945
6478,0.165175278137823
6479,-1.85135373702379
6480,10.5840501614918
6481,-8.07637461545715
6482,-2.52385091353954
6483,0.595049606193613
6484,-2.04553077212144
6485,-6.76124496097662
6486,4.53304812249307
6487,2.50606849158211
6488,5.67672576194628
6489,7.08550259263764
6490,8.46821392298697
6491,-0.711929371698116
6492,4.93228046973302
6493,-5.70734504250118
6494,-4.3542897600335
6495,-11.1174124406696
6496,2.00488365471783
6497,6.04243346534723
6498,-0.316867354985897
6499,0.711787136727756
6500,-1.34501141902738
6501,5.03651537707851
6502,-3.84505148309368
6503,-1.81019447264289
6504,9.9730121102005
6505,-9.42115856645409
6506,-0.613137215308178
6507,-2.38076295192132
6508,-0.138130866005384
6509,6.57332878223802
6510,-1.78071972870556
6511,1.23116704234393
6512,-17.9937948849737
6513,3.26227175884896
6514,4.01712163583235
6515,-0.340867756764354
6516,-3.55052638361152
6517,5.61203547179684
6518,-2.3934338991438
6519,1.79042712468752
6520,-1.84111971605796
6521,2.90404313399373
6522,6.13510644414634
6523,-0.0265794216609954
6524,0.987107441781521
6525,-12.8987163079468
6526,-5.27977034085475
6527,5.61620315769504
6528,1.67789450203134
6529,-11.2522119816987
6530,4.57999019525035
6531,-9.05922724611819
6532,1.55465841891669
6533,-2.94862830110433
6534,0.699563862222832
6535,-1.83361271436593
6536,3.18888349942093
6537,-4.29112231419546
6538,0.684029196609373
6539,-13.9203736359493
6540,6.12504083864678
6541,2.01139233830812
6542,-7.41066601123498
6543,0.301176054111478
6544,-1.45355061961106
6545,1.93204895292614
6546,5.48992710481523
6547,-0.697924676710753
6548,-3.16406886941976
6549,3.37113986246034
6550,9.29276709228235
6551,-2.66787767945903
6552,3.37447715555625
6553,-3.18548221569622
6554,-0.568102873525821
6555,2.45518711112774
6556,3.95575119580357
6557,-3.27591732866439
6558,-2.79250821508529
6559,-7.15803151610447
6560,-1.35143517565682
6561,-6.49781396178611
6562,-2.17962433590288
6563,8.88263806321584
6564,6.0065933558568
6565,-0.113108848833602
6566,6.58628327546889
6567,1.93591262440618
6568,-0.809388021706737
6569,-5.21190193886154
6570,8.55540755347387
6571,-5.83871410038802
6572,-2.93694539683673
6573,2.79337851750745
6574,-4.68887246661963
6575,-14.0568244729865
6576,3.05233098949669
6577,9.97550316926203
6578,-10.3024271540283
6579,-3.52200856725386
6580,5.30338818348291
6581,-1.54570481579231
6582,-3.79941160721719
6583,-5.96333716654876
6584,1.74046755396087
6585,3.48238402574026
6586,5.23105172943747
6587,1.75595588408449
6588,3.56375563148289
6589,-14.8191034133041
6590,3.02973329594835
6591,9.52761433193494
6592,-1.06671236841403
6593,7.46211507771629
6594,1.03611116871946
6595,8.27233242916727
6596,1.80881433314139
6597,2.09728085312933
6598,7.05053794255059
6599,-2.491258100833
6600,5.71712588690223
6601,-1.71824133104755
6602,-5.53807278963716
6603,1.10964516467293
6604,6.47215063108943
6605,-3.93433859747911
6606,0.881191329076024
6607,-7.94139071556913
6608,3.51560695711724
6609,7.04093167926544
6610,2.87457189253042
6611,3.24373872483707
6612,1.5078575188164
6613,0.605165858785595
6614,2.79902977920646
6615,-13.8131352836468
6616,2.81393466684303
6617,-7.22487676874676
6618,10.6657084231889
6619,7.82982605562074
6620,-11.4316942435257
6621,-1.84880514312253
6622,1.7625201832561
6623,1.60660095525237
6624,-3.88255049998268
6625,8.05348602380309
6626,4.07701284141547
6627,7.15462039546863
6628,2.14630090955669
6629,-3.30677813806049
6630,5.4555221752787
6631,-4.60347353718559
6632,4.60462216211304
6633,8.04895007890297
6634,9.39934213893243
6635,5.23578187907837
6636,-2.22220941089116
6637,3.84531060936244
6638,-2.20455499106297
6639,1.68895976116999
6640,5.26446966825564
6641,-0.126034766007909
6642,-3.76557030753315
6643,-0.694586240252459
6644,5.77313052154714
6645,8.43147073045866
6646,0.757904691885548
6647,-17.9623565853512
6648,4.65506804334515
6649,0.648757638261463
6650,1.53753914483422
6651,0.402585873408328
6652,-1.98686176103974
6653,-5.2584906512535
6654,-7.34327643692868
6655,-0.617245487282328
6656,-2.50076594307673
6657,3.5025557382629
6658,-14.0130171363774
6659,-4.33638729857614
6660,3.13745139638056
6661,6.95892727060114
6662,4.2348821896883
6663,6.49035924126884
6664,-6.27082942860979
6665,2.45796017400104
6666,-1.35790721145763
6667,-7.75704668388478
6668,10.2945943499067
6669,-5.35840070051638
6670,-7.02012080484629
6671,1.81449544866318
6672,-0.0598565760988082
6673,0.0664875015538918
6674,7.47804254155503
6675,-11.8324697868503
6676,-18.9401446191864
6677,3.46041749596737
6678,-5.27758784520218
6679,-9.63215841635088
6680,-3.71113957493771
6681,-9.29246873995883
6682,7.21728723301298
6683,2.88643982244903
6684,6.49742636865649
6685,-6.30393537768071
6686,-4.09987315872704
6687,-7.16989285063172
6688,0.125491131217731
6689,-3.15168423913889
6690,1.41449755862
6691,-7.243782719399
6692,-3.7406984050437
6693,8.03091530514285
6694,1.90101145242084
6695,1.15286086256418
6696,-7.16309704117246
6697,4.82215988564001
6698,-4.14758324934887
6699,-0.586633354996567
6700,-12.8102501743061
6701,1.56210478731817
6702,3.20734733691993
6703,1.02615225206199
6704,-4.48913557991673
6705,-3.13921580342355
6706,-1.74522220132236
6707,5.39076954031975
6708,5.53968198944274
6709,0.17460583561228
6710,-3.99125637873172
6711,-4.02409331838184
6712,0.944909546024804
6713,-3.73950056213371
6714,-1.90462065863104
6715,3.96628988041946
6716,-6.27604314441927
6717,-4.35900552232268
6718,0.641627320753131
6719,12.9259302979767
6720,-0.581476960156242
6721,-6.73614633037549
6722,-2.50462961243391
6723,-1.21694761256244
6724,9.116217152198
6725,-0.352544214314984
6726,-0.466148139756032
6727,-7.62820840029185
6728,-8.13390452161065
6729,1.32142278707277
6730,4.93657093237788
6731,-5.16342707848629
6732,4.83572508841825
6733,-9.87164672343672
6734,-4.75133630917166
6735,1.08664677014666
6736,6.3272587986406
6737,4.17512724281319
6738,0.988738413474521
6739,3.097221631013
6740,-2.82973340991891
6741,-2.60701403765719
6742,-15.1045120708997
6743,5.44194657391096
6744,2.21096220082241
6745,-1.80680648465877
6746,-5.26027143455425
6747,-0.756685797987561
6748,-4.37643470843758
6749,10.73206807226
6750,-0.0633874683499459
6751,2.06455205639471
6752,-2.94388334557203
6753,2.12156079508673
6754,8.04651406637737
6755,-6.58908486222813
6756,-0.621663186214792
6757,-2.47882858570813
6758,1.15895288500842
6759,-5.27816121150257
6760,-7.53516373286138
6761,-1.12001777364981
6762,-5.12850258313066
6763,-5.53354611710866
6764,-3.47106246490816
6765,0.598597098932423
6766,-2.64212282519373
6767,-16.4244714576873
6768,-4.2782960114332
6769,3.30564966336808
6770,5.77674468107185
6771,0.325127400498734
6772,14.3552443077161
6773,1.04936950838316
6774,-3.12021627551754
6775,-0.554124075032318
6776,3.64663051776757
6777,-14.4769043105621
6778,3.77553525581767
6779,-5.97287680189084
6780,-2.68403810320132
6781,-5.07801831367789
6782,-2.54260361191366
6783,-0.500322276354675
6784,-13.6185016636869
6785,-11.5307852232573
6786,3.64776622444957
6787,0.00215461151718918
6788,-1.18964920789277
6789,-1.83829514529543
6790,-1.53572769549921
6791,3.88044704854652
6792,3.67821371013079
6793,5.3404435201879
6794,-3.10738872357727
6795,4.9565937812449
6796,-5.04543694806922
6797,2.13150397528595
6798,6.73468413496211
6799,1.2047131320279
6800,5.16917973185029
6801,-9.30041407959517
6802,1.05636530305557
6803,0.696261213967676
6804,1.47607743018278
6805,-2.97926863216351
6806,2.73783189871638
6807,1.87468322084924
6808,2.35304552456372
6809,-4.4653481921115
6810,-2.15486584476193
6811,-1.75077841048772
6812,5.76551216753188
6813,2.54626974925038
6814,3.22876683077568
6815,-8.55101566074593
6816,2.46246723994649
6817,-0.174804747754707
6818,-0.176276374746142
6819,10.0575263086932
6820,-3.02492812115312
6821,-8.25359995405608
6822,-0.151916133343878
6823,3.50681384752008
6824,3.75478921826024
6825,-7.00292910825944
6826,1.01149987333382
6827,-5.66466069931367
6828,3.55078566408007
6829,1.33466271172157
6830,-7.19513815744292
6831,-10.6707131355589
6832,-8.22529865939725
6833,11.5257292495928
6834,-4.95758769072275
6835,-4.51493474731482
6836,-5.82290106233127
6837,-7.70892701194879
6838,3.18098683159339
6839,0.280118798834967
6840,-4.84540158563654
6841,4.93329366296063
6842,-7.10057938854768
6843,1.44388288289612
6844,6.25310509965033
6845,8.06023671225394
6846,-11.7285945337379
6847,0.223490699936596
6848,2.96243506292709
6849,-9.66698180751863
6850,7.30836763080607
6851,2.94679803330399
6852,-9.97026618091319
6853,1.29110902859541
6854,-13.7015743307632
6855,1.63168507444468
6856,-7.71677252324943
6857,-0.189136440144842
6858,1.38786002906904
6859,-11.1227914226926
6860,0.531325875354068
6861,7.90935308241867
6862,5.16457714222921
6863,-4.12339742106329
6864,-0.569212786835408
6865,0.0125721224296806
6866,9.30266096093292
6867,3.4252334515094
6868,-0.840185677898861
6869,1.95781608715559
6870,4.26671744300117
6871,0.364786216692632
6872,-10.6269302540926
6873,-1.02085499392428
6874,5.16431857560749
6875,-7.8168006489654
6876,12.2686168178431
6877,-0.581649122731315
6878,1.74398240893162
6879,-4.93264518349267
6880,1.16634181281688
6881,-4.10420967739303
6882,7.48640956477392
6883,6.90310750444303
6884,-2.6538571782575
6885,-3.67198897410768
6886,-6.00682482878355
6887,-9.04332806000735
6888,0.304516167342006
6889,5.54095437477269
6890,6.655849022893
6891,6.22097664174171
6892,10.8262309423762
6893,-10.1929141704072
6894,0.580957461218916
6895,-7.85494821178185
6896,1.05258117976237
6897,-3.97810910113475
6898,2.73834488183751
6899,5.02888135431036
6900,4.60146221017631
6901,1.2986765880151
6902,7.76914596180969
6903,2.27916996617798
6904,2.33082321881754
6905,-8.52091874538112
6906,10.1300872260753
6907,4.62210468338897
6908,2.94241323927991
6909,-2.81021551943849
6910,-9.47865880754211
6911,10.096857899039
6912,-6.36095805869577
6913,-8.73023558627944
6914,-10.86195763176
6915,0.108195736025949
6916,-3.94067737741766
6917,-5.92961371254742
6918,-2.71706036858541
6919,1.0463135568705
6920,6.05474181097176
6921,1.2302721881333
6922,2.09039329266063
6923,2.01826835080238
6924,-0.768112599621266
6925,5.71204765092573
6926,7.90054600162201
6927,5.66382954523334
6928,-5.72389817179104
6929,-4.75568024359671
6930,-4.84916842095458
6931,-8.37360222090062
6932,6.48572926554624
6933,-5.4246682777824
6934,-10.7374227238863
6935,-0.866378516984395
6936,-12.1830519530298
6937,-14.0994358025304
6938,-1.26693727878433
6939,-2.49801429147912
6940,-6.87674477970133
6941,13.5351140938486
6942,-17.0874512421458
6943,-3.03086156885033
6944,-4.91964656786439
6945,4.98122188062007
6946,1.3454573522638
6947,-7.78738264948379
6948,2.40734538276227
6949,-0.861661894978244
6950,5.49312749622703
6951,-7.4483060489705
6952,1.12365628860476
6953,-3.68368356082185
6954,-1.35097363849733
6955,-0.217067224093498
6956,-0.619889945869318
6957,6.44247552483496
6958,0.656541251962711
6959,-2.04050587000892
6960,-3.12695602104468
6961,-14.9774062059016
6962,-0.584640747737478
6963,-5.87093520496224
6964,-15.3667691940753
6965,-6.70809812141324
6966,-2.82366679238448
6967,-7.35613055798937
6968,6.23593567923211
6969,6.92076007689797
6970,-6.9656843280736
6971,8.46347859271956
6972,2.89412520642689
6973,7.36413824991365
6974,5.81988762228416
6975,5.39132711813693
6976,1.07635393758697
6977,3.30317925797903
6978,4.09959603902827
6979,3.13959839887751
6980,-4.46768593925942
6981,3.47755213889001
6982,-5.8130273129642
6983,-0.719441203577452
6984,5.80970085631881
6985,4.62484851399272
6986,-3.38979475913633
6987,2.96839852892584
6988,2.1274349990876
6989,-1.83242450572463
6990,4.08361384734218
6991,2.60351428254574
6992,-1.33074856966332
6993,-8.26911847737478
6994,-6.57838220808706
6995,-6.76498723719808
6996,0.44823736342258
6997,-0.49873681030736
6998,-17.572645077378
6999,1.3610906704598
7000,-2.65954709658232
7001,-7.7518148656429
7002,5.31354762235202
7003,7.81240016270215
7004,-1.58643584677939
7005,6.59570020867534
7006,10.1441666523306
7007,-2.75841168363849
7008,-5.24638283999197
7009,10.5900160818576
7010,8.15389014853519
7011,-3.78051637431945
7012,2.41320296252867
7013,-2.46836893259339
7014,-3.50254900547138
7015,-5.50730821280563
7016,-0.383148979345825
7017,7.24076985188683
7018,-4.05051339579224
7019,4.37602063183986
7020,-2.8472248992207
7021,0.918897976381515
7022,-4.01055497937971
7023,-1.6855290423032
7024,-4.71060351359621
7025,8.21217744859289
7026,-11.2942315684755
7027,-9.36467205619273
7028,-0.684954151117049
7029,-5.1065932030878
7030,2.23618911253953
7031,-0.0337129715801904
7032,11.2234531689212
7033,10.7509468308998
7034,-9.49626462093518
7035,6.87481747956339
7036,5.54511579846579
7037,-6.26651711585717
7038,-12.8481235452761
7039,-0.148751248800464
7040,0.167363050807355
7041,2.18958835443817
7042,-1.55002089182028
7043,-2.55616534021758
7044,7.79194903619957
7045,-0.696565097752237
7046,-0.691341314561049
7047,5.43086465222367
7048,10.8845612783497
7049,7.72003220714509
7050,4.19591365979172
7051,2.45843361754136
7052,-5.05282106647087
7053,1.38978242602531
7054,-4.14091544199615
7055,-12.3798540998231
7056,2.50453332777452
7057,-5.2462869847609
7058,2.94834556458211
7059,-0.272625567905298
7060,-8.79014918891772
7061,5.09935726875301
7062,-1.44379427665623
7063,-13.7743426485946
7064,-0.413995184142364
7065,7.75894459932102
7066,1.49338745575037
7067,-8.5879289765616
7068,-0.557676565334947
7069,0.636307169840009
7070,-1.83937021612794
7071,-0.711360100833161
7072,-2.62799924881992
7073,-13.89585587681
7074,-10.7813910485287
7075,-1.81111548826978
7076,-14.4354761381173
7077,-3.51817617723599
7078,15.7103786847025
7079,-4.77572732322616
7080,-0.842427004614404
7081,10.7733455300769
7082,3.14592731733252
7083,-4.6865510602595
7084,6.90940399615147
7085,-10.6489160142884
7086,-2.71702100449767
7087,0.176574695909339
7088,-1.85928647161259
7089,9.15648550248076
7090,-1.76809578226199
7091,6.61699218900679
7092,-4.09629018488084
7093,4.98138672222367
7094,-2.65410607074196
7095,-12.1271903011418
7096,1.7986645961891
7097,-4.15788070001147
7098,-7.4410607036975
7099,-5.88732855513508
7100,1.32743027336238
7101,6.3957515608732
7102,4.23566567918699
7103,8.82455411863266
7104,-8.94703012690838
7105,9.46127417291993
7106,-14.3555740795144
7107,-2.59559182533841
7108,-8.66386933622979
7109,2.47400887539178
7110,-3.99097531797225
7111,-6.6999806492398
7112,-0.911954220754117
7113,6.7545267271108
7114,-0.205089129924772
7115,-6.01562796738992
7116,10.3874019409681
7117,4.8981077050371
7118,1.64789975284229
7119,4.50018276700005
7120,3.99825992361519
7121,3.7882474167857
7122,-5.21504666547375
7123,1.73492328464621
7124,-7.27832072475809
7125,-3.03954879591698
7126,-7.95921436419029
7127,-8.02220996226832
7128,4.04150720346336
7129,-3.66701776656944
7130,-5.76794944673499
7131,-5.40515274625459
7132,-1.58295962265875
7133,7.1092721349089
7134,3.83180569991586
7135,-14.7064573908484
7136,3.07005625405324
7137,11.0875811330535
7138,6.94864991290892
7139,-2.30364752039066
7140,-0.733267036417715
7141,-3.09953812129174
7142,-1.94593033200158
7143,3.37761130319745
7144,-1.44230349549239
7145,-1.76067956055312
7146,-3.70878024839886
7147,-5.70703170705956
7148,-1.02633535119199
7149,5.31686920708389
7150,-4.42519082416838
7151,-3.1408336625184
7152,9.76734253972745
7153,5.49640860941916
7154,-1.08719544233096
7155,8.79553777146653
7156,10.2323351964008
7157,-1.69612884876708
7158,2.25751648527591
7159,-0.788293390233913
7160,-2.7531644619723
7161,4.05872271951682
7162,-5.22809663261525
7163,5.7788067096673
7164,-2.81688242820263
7165,-3.85884141883094
7166,6.23507729751634
7167,1.20674423946634
7168,4.27843191005713
7169,4.32668268161558
7170,4.71503251169895
7171,3.20316126079119
7172,10.759636113513
7173,-1.53452872232915
7174,-7.44784478826879
7175,4.38401038384774
7176,11.63210885864
7177,2.06268463581584
7178,-2.02390892370013
7179,4.73827695236657
7180,2.12895382248561
7181,3.90411219875563
7182,-1.86647581528304
7183,5.47500400582434
7184,-11.7239417255227
7185,1.16331146373546
7186,5.47224452343074
7187,-3.32310097875944
7188,1.66911223444567
7189,6.55745457891481
7190,1.26823935591326
7191,4.97491366735696
7192,6.4019504075554
7193,-5.62645681166574
7194,3.24562883025271
7195,2.06397455325169
7196,-0.97789988387675
7197,-2.94723615503247
7198,0.677344455566893
7199,-4.38879070599383
7200,4.21611381070792
7201,-9.03452646044086
7202,-2.87180344578926
7203,-4.42062933702619
7204,-9.56274272346174
7205,5.73601584934991
7206,1.16091295668596
7207,4.163127865276
7208,6.015243518764
7209,-2.69077867008074
7210,4.51039537438056
7211,3.16647755589771
7212,1.11866386602536
7213,8.36450938586842
7214,1.42409681569425
7215,-6.63202250729538
7216,-2.40692419674428
7217,1.77593865579176
7218,-16.5612803295899
7219,4.74393193968847
7220,-6.30380552258571
7221,6.16095940798224
7222,9.95167268411097
7223,2.78100814825312
7224,0.944611402588688
7225,2.93454295330099
7226,0.509823492706488
7227,-1.82263116398613
7228,-0.189311103468503
7229,-3.82129793604936
7230,1.50435758611568
7231,3.09189880108391
7232,-9.4732169779949
7233,-4.51954695623313
7234,6.16905878984189
7235,-6.74456535912858
7236,13.3200989574826
7237,-14.6401902124701
7238,-0.202365107826622
7239,14.9472060000899
7240,-12.1987397475427
7241,-4.41406419021388
7242,1.88292316377359
7243,3.02183328426108
7244,0.667252729816935
7245,-4.96521373857219
7246,-6.35114576692968
7247,4.31632670409217
7248,-3.33390571395428
7249,-12.5613763228231
7250,1.15639824387807
7251,-3.28061654531195
7252,1.92641210887209
7253,-4.98482716891046
7254,2.71451862080325
7255,-5.20306486575357
7256,11.0071125430176
7257,2.10487108166744
7258,7.03965161502844
7259,1.81907629520631
7260,3.58826845881201
7261,-3.32992600221264
7262,11.5846130323267
7263,-6.82326616288623
7264,-0.864137695756234
7265,-3.38691551182948
7266,-1.84628632803523
7267,5.76548949800349
7268,6.79696784539362
7269,-13.4591239426382
7270,-2.10404380314473
7271,-13.1846221465658
7272,-3.39927506990151
7273,3.52004335078764
7274,-6.41092783704701
7275,4.37937626450169
7276,-6.59661839072295
7277,-7.14618817027723
7278,-16.9703144720678
7279,-0.49569611484243
7280,-5.48567793822634
7281,1.98635908020746
7282,-2.69032281927904
7283,4.00757883283712
7284,-4.31364243964647
7285,5.2904462823148
7286,-2.07591158986153
7287,3.76544608309578
7288,5.24550641185575
7289,-6.13317690407656
7290,-0.279077079286902
7291,1.85263401379198
7292,-4.79364527129623
7293,-4.50532923498086
7294,-0.755064191438903
7295,-2.4868439102104
7296,-5.11206851519014
7297,4.54457465801603
7298,0.69095945229533
7299,5.50071226757799
7300,4.63004606638622
7301,-2.37519875327741
7302,4.03764394320243
7303,-5.17444478447134
7304,12.8071602762341
7305,-6.8092540337018
7306,4.0181496157134
7307,-5.34549279714716
7308,2.65061193738667
7309,-7.50772442557529
7310,0.372737208180554
7311,6.41869905359345
7312,-7.38840186097588
7313,3.74614648147401
7314,-10.5763723559159
7315,1.87257319911101
7316,9.58299285879334
7317,-7.71077848644669
7318,-7.39419828068846
7319,-2.52878151087216
7320,8.09296218840906
7321,-1.04785623875702
7322,7.32043914712897
7323,1.75080985223687
7324,4.13230754681252
7325,8.39335390167256
7326,3.65687111948328
7327,6.38319851004834
7328,5.17461432095888
7329,-2.20394524141297
7330,2.92467629213936
7331,-2.69885252183822
7332,-3.45992907069187
7333,1.41256502649056
7334,-0.856495192724981
7335,9.15960958923633
7336,3.84127248260507
7337,-1.77048915188221
7338,0.61502516470536
7339,-0.376685853196709
7340,-4.49547952871514
7341,6.29026933342748
7342,-11.3921286031456
7343,-7.05205076574222
7344,1.55464113763815
7345,7.97124726658932
7346,-14.7150671078376
7347,-7.82068015445236
7348,-11.9832997299817
7349,1.56952991501051
7350,-1.0818840984962
7351,-5.30170828308738
7352,-4.30067298671779
7353,-4.54656484261749
7354,1.42461566697615
7355,8.89704826700916
7356,-6.45544785872063
7357,-9.26335278405266
7358,2.9559156106364
7359,0.431431168383805
7360,2.2053295522745
7361,-3.57161509008346
7362,-0.34203327167743
7363,4.54153546380588
7364,3.86845068702758
7365,1.80083745659524
7366,-0.522457399994442
7367,0.589639725940038
7368,6.42352552575121
7369,-4.3548340283312
7370,-9.79096454574172
7371,0.499988649712205
7372,-4.9576813040463
7373,-3.57170124802184
7374,3.82776228995671
7375,-12.7506229929186
7376,4.15552581998159
7377,-1.37375484374371
7378,-10.3493353638034
7379,2.15914989311014
7380,8.54242498081265
7381,3.47024728352281
7382,-5.25253337099121
7383,1.45864673860074
7384,4.98983362511135
7385,0.897348534215133
7386,-4.56570838101757
7387,-10.9226117472569
7388,2.27231370030358
7389,0.312554258665189
7390,2.37590577377803
7391,2.59413279616721
7392,1.33448460189661
7393,-1.1009962523922
7394,8.15961694237569
7395,2.78094861492747
7396,4.02002309404058
7397,-4.39455538719176
7398,6.69663738103348
7399,-9.94397984483991
7400,-0.041975861029454
7401,-4.35676268847244
7402,2.65517886698857
7403,3.28226248038138
7404,6.46171442389324
7405,-0.863944895295079
7406,0.772423408116057
7407,-0.403896033726989
7408,10.1714291285763
7409,-2.64983418604462
7410,-3.15056819812687
7411,-9.27818947778965
7412,3.88144398071648
7413,-1.39938074609101
7414,1.60883545034182
7415,2.94004393536963
7416,-2.29883067503946
7417,3.57781943137175
7418,0.130161337902245
7419,0.68984572381265
7420,-3.92458836339976
7421,-1.7128702507895
7422,-3.89362144738499
7423,2.5731764294227
7424,-4.35898150569728
7425,6.84060849211712
7426,-3.08446107652467
7427,-8.95471888322465
7428,4.25502806956233
7429,5.59737985137799
7430,1.14548682040037
7431,11.1001954077587
7432,-12.9520760407744
7433,-4.87206949724734
7434,-5.26154651689689
7435,0.933097239238728
7436,1.37093687689965
7437,-1.35957981237667
7438,-8.47310739353989
7439,2.99084444647816
7440,-10.0814574224983
7441,-2.49637980491171
7442,0.131071768487747
7443,3.32203814875876
7444,8.86221814712604
7445,-5.64360981013364
7446,-1.19897618336798
7447,8.87755010438068
7448,1.36676573009884
7449,-7.79906235088481
7450,-1.24432857146788
7451,2.05899451025846
7452,3.90336271827439
7453,-10.1789226510102
7454,-8.73263592127172
7455,0.121702839808118
7456,-1.51058497761087
7457,-5.86678506119071
7458,7.25679867954304
7459,-6.88841949338849
7460,-9.80381109973179
7461,-6.30571102884944
7462,3.64662348026636
7463,4.31660256208139
7464,-5.47190660877817
7465,-14.6898130586657
7466,3.70551463405647
7467,4.69070430273556
7468,-3.22385547357416
7469,0.480112469307926
7470,6.52049737584473
7471,1.43977302663091
7472,-15.8057654074353
7473,2.70840789251387
7474,-1.9255205616166
7475,8.47461444613846
7476,-0.193328653167325
7477,0.707374540464591
7478,-1.8050704865255
7479,-0.924632414004249
7480,3.12104055602727
7481,-13.4085355636285
7482,2.84839958599194
7483,-3.57827439256808
7484,-4.0927588035861
7485,-12.3770522740841
7486,5.39166007002091
7487,-4.92751278745932
7488,-1.18767484502857
7489,5.0510005500431
7490,-3.45974044124242
7491,-3.91986764657828
7492,0.266750960940038
7493,-6.64897909872983
7494,5.42783289789667
7495,-0.846208828622975
7496,11.4927997212767
7497,1.62079210537338
7498,-4.89811886251056
7499,0.772349012562896
7500,4.55367328658485
7501,1.44564253811688
7502,3.04284047840874
7503,-0.586204652845857
7504,-1.71801735025446
7505,4.18768261165684
7506,-5.13918337838611
7507,-4.02106685082166
7508,1.57818141455487
7509,5.20320293532284
7510,2.22791089491867
7511,-0.754586907884783
7512,-6.45251335655346
7513,10.9120704757343
7514,-0.404770799569582
7515,-1.36949996380184
7516,-0.266420698163416
7517,0.405051122503833
7518,6.57446797533355
7519,-1.96006254128203
7520,1.07081339921723
7521,-4.84524470030003
7522,-6.99323066688899
7523,-11.6390749059033
7524,-1.9172841507549
7525,-6.33630922019127
7526,-1.02200203480296
7527,-1.93728546477785
7528,-0.987908677911619
7529,3.93398554520982
7530,0.029679075024887
7531,0.242528724252372
7532,-4.8294406013098
7533,-1.05689191838048
7534,0.277028357209594
7535,-7.08274148240535
7536,-6.40511302806118
7537,11.7023863777294
7538,-2.52281277542313
7539,-0.716635025282994
7540,-8.20718902682257
7541,-1.49691781417686
7542,-1.15390320045873
7543,0.712701126239216
7544,6.9119928912524
7545,-7.30635409669431
7546,1.55786290193247
7547,4.4208515081791
7548,-11.3132381179397
7549,-4.53374713811012
7550,1.3269894273015
7551,5.3859027604881
7552,4.44255722181149
7553,-3.11465397372913
7554,-4.17587362200473
7555,8.45231717684671
7556,2.30173094261605
7557,-4.09014154226578
7558,-5.24245755370338
7559,0.34155868871142
7560,-0.84867158995404
7561,5.50811488660504
7562,-4.6728979774768
7563,8.44408117678279
7564,6.03537898492273
7565,-1.65199797680652
7566,-2.90464894523175
7567,7.93451561836674
7568,-1.49821143574118
7569,-0.520348606360148
7570,-0.414127591862554
7571,7.82006855229019
7572,-7.65363891191613
7573,3.66551708970435
7574,-3.00035383305633
7575,-13.6215281315636
7576,-4.87200345880914
7577,4.11905481987939
7578,2.48245342834843
7579,2.92321189188862
7580,1.76690024495042
7581,-0.631372358258714
7582,6.61400018706232
7583,-18.7679883902813
7584,-8.44830363248766
7585,-6.15357007168278
7586,-2.99025027245156
7587,-2.73451378957452
7588,4.14799568324886
7589,-0.173236205168278
7590,-1.77253427302941
7591,7.06348303147737
7592,-2.31462899798809
7593,9.79953124878792
7594,-0.872800774152038
7595,6.59639955648669
7596,4.23973967022867
7597,-8.30114892488456
7598,-1.60074422220835
7599,-2.98043613495028
7600,-10.28286567629
7601,7.28385505805731
7602,-0.978939761691163
7603,1.03690059775515
7604,-3.02851624540656
7605,3.34207291449607
7606,-1.79196827670022
7607,-4.07250858254753
7608,-1.0823737516248
7609,5.67621458007142
7610,-1.50981250403989
7611,-0.628680296406997
7612,5.45915370039498
7613,-11.3232389853895
7614,5.76412364333139
7615,3.20362155421666
7616,-1.76255717749324
7617,-6.77470214867814
7618,8.41499799223415
7619,-4.27203046198859
7620,2.28043442278963
7621,-6.77962613111541
7622,4.43111652958514
7623,6.2942990931394
7624,-13.1678665907331
7625,1.23654679332253
7626,4.02911277463776
7627,4.11893655339213
7628,-8.75178712757358
7629,5.49129999663668
7630,5.24196351756408
7631,4.77651520099147
7632,-6.4440630399512
7633,7.3700507028665
7634,-3.78962983444168
7635,-2.22205230380649
7636,-10.8186612738079
7637,-4.29127282427256
7638,4.20329780520555
7639,-7.89641938114091
7640,1.34823720324005
7641,-0.661142461857767
7642,-1.13889799504209
7643,-15.9699746752297
7644,0.424578971942506
7645,-1.03162837482333
7646,2.99486049715731
7647,-2.12082451494254
7648,9.12284701473907
7649,-1.10510963237779
7650,0.6978721467331
7651,5.7272744056175
7652,2.9860997645195
7653,3.15109317508146
7654,-4.6941735201626
7655,0.42397962321614
7656,0.419150927120784
7657,2.30378627203775
7658,4.71008753299408
7659,11.0106110293696
7660,6.44512702341503
7661,7.4431361688716
7662,-0.131712671278836
7663,1.41435658746323
7664,2.27461368009659
7665,3.79776398371312
7666,2.35354343244957
7667,-15.7546399866309
7668,-3.11697172009313
7669,-0.455381150135961
7670,-2.98013549941876
7671,-6.04638142576355
7672,3.96060380328417
7673,-0.631668482014564
7674,-12.3483659578344
7675,-4.64794524797655
7676,6.07192433388437
7677,-3.39362574439351
7678,5.07189341200774
7679,-3.70062464714839
7680,1.54608808899172
7681,-5.11244401417525
7682,-5.98386490108406
7683,-4.23292397031153
7684,1.63134612868416
7685,-1.14211280273643
7686,0.344127333604317
7687,-7.51048816743208
7688,3.5841873891043
7689,-9.09768646466428
7690,0.598042540542213
7691,4.53579645409195
7692,-0.0450351079655202
7693,0.990707989739399
7694,-2.37515765727616
7695,-4.02580717993571
7696,-8.19788320845935
7697,-1.99722094903907
7698,4.25492274956451
7699,8.23513021360276
7700,2.51684804860596
7701,-1.70771065421098
7702,2.87308572138532
7703,-0.131482506561671
7704,-5.22935568003685
7705,3.36966495236093
7706,-7.90657185172276
7707,5.9296061944964
7708,-4.25814856002864
7709,-7.15680724650964
7710,4.05441885606002
7711,0.83158330819394
7712,5.09604528937832
7713,9.92777278893359
7714,-15.7520183468186
7715,0.282751266686162
7716,2.5809971773467
7717,-0.177741708693009
7718,3.45001926440181
7719,-13.5398028874132
7720,4.33667915715178
7721,4.03698581019839
7722,-10.8291322946297
7723,0.758984535416244
7724,-0.642425067301846
7725,7.47958740487301
7726,-4.31389234929628
7727,2.09334124052502
7728,-5.05725574960389
7729,10.7749226796893
7730,-3.29266884292948
7731,-3.38290787813255
7732,5.71299108100144
7733,-6.74703305421084
7734,5.83525056928665
7735,-7.33061926169403
7736,3.28550202741867
7737,-1.92849959121978
7738,-6.18275504445224
7739,-14.290069650891
7740,1.7200931659229
7741,1.65459587740621
7742,-8.15743074052108
7743,4.93049366030685
7744,1.87981549835119
7745,7.33965045910308
7746,-5.19757649539304
7747,-0.287835802628584
7748,-0.81800179467264
7749,0.317162181801707
7750,1.26791393418194
7751,-9.23052470221849
7752,-1.50112931655898
7753,4.82281780069791
7754,-0.498588820171083
7755,-0.856794584758686
7756,-3.77430629978715
7757,1.46213352418292
7758,-5.23023900159425
7759,3.67625884612641
7760,-0.236050568600943
7761,-4.22041755880413
7762,-5.00339740962437
7763,-3.54495363599413
7764,-2.20911370265371
7765,1.14658663910775
7766,-8.24175252531729
7767,-3.15146601942935
7768,4.08937092292241
7769,-17.3833862988671
7770,9.03163005035784
7771,-0.5208866508309
7772,-0.200666666537149
7773,1.71041208599759
7774,4.96966713698765
7775,3.71967248519313
7776,3.37257254363175
7777,4.85959335528024
7778,2.75902540603996
7779,0.605022620823695
7780,-7.84192585287178
7781,0.550980034100978
7782,5.47212838110182
7783,-4.20415828020003
7784,16.8880668277136
7785,-2.86634818999817
7786,0.206862860176127
7787,-0.114276481934016
7788,6.96423506084485
7789,0.270807456559752
7790,-12.0214392826038
7791,2.31467439393434
7792,2.50571659786298
7793,0.0731028055976782
7794,3.29715356458633
7795,1.32597435478124
7796,-3.89479013431083
7797,5.33306588104812
7798,4.73384162855849
7799,-4.76565982445196
7800,4.48960916783145
7801,2.24584173554393
7802,-11.8287675083725
7803,2.58449079111239
7804,-4.73031739922987
7805,-1.97416425861148
7806,-7.84247653098053
7807,5.10785297729602
7808,-0.93079297282273
7809,0.935175218876599
7810,-5.92505083363707
7811,-8.5968224708764
7812,4.13248616846271
7813,-8.67073856781755
7814,-5.66261050421241
7815,-3.63078270063279
7816,-1.75972801921455
7817,7.5869363434586
7818,7.92178868339647
7819,0.0539030497154531
7820,1.91340686522935
7821,7.07984442071026
7822,5.59239097321659
7823,0.392140487192609
7824,10.8550379216996
7825,-1.73205090588623
7826,2.13233993211676
7827,-4.58894350099485
7828,-0.29768023086428
7829,0.488566985393133
7830,-7.0057066965105
7831,0.0922838672763688
7832,-2.64583078631807
7833,-9.2044487756092
7834,-0.784328778043827
7835,1.59313470559704
7836,1.65791651930521
7837,-1.01555762388981
7838,2.47931532550923
7839,-2.11020577936399
7840,-4.63281371411373
7841,-6.60525912047316
7842,-12.8416952956649
7843,-0.321518611468898
7844,6.36070164524757
7845,6.75759908850475
7846,1.57854619634093
7847,-0.363936646686283
7848,-2.99461240085418
7849,-1.4424381102796
7850,-2.73498028074963
7851,-12.795253163773
7852,-6.44679254626546
7853,-4.00525765016881
7854,-0.801375493285197
7855,5.93658119299182
7856,-2.1924618633881
7857,5.63496573065995
7858,-1.26866342884245
7859,-2.93230282664418
7860,10.0536051271415
7861,-11.2295632351602
7862,3.95069794484406
7863,0.969046875673314
7864,-4.74413615315845
7865,-5.84888066672963
7866,8.42905400380973
7867,-14.700059569596
7868,-16.4929067013576
7869,2.63933318017778
7870,-7.35930479255962
7871,3.87876478743739
7872,-0.496873151878134
7873,-0.373559603436297
7874,-6.77195239266882
7875,-4.64173660445854
7876,1.80353088480859
7877,-8.25137992680337
7878,-14.5872817444208
7879,5.44415638169513
7880,2.28486496113302
7881,2.57373565288804
7882,-1.38741853280744
7883,5.47063643144361
7884,0.679447344248753
7885,0.763334824066065
7886,-7.91419169390536
7887,-2.13090077571063
7888,-6.89153431906119
7889,1.40729080459433
7890,-1.55987769416943
7891,-9.58302461020372
7892,0.687456175531292
7893,-7.77382514112474
7894,7.87270029660844
7895,1.26956503649642
7896,-1.35113924046229
7897,-8.08806791010965
7898,-2.76261561521467
7899,-1.86126294814122
7900,-6.30556530241857
7901,3.78485848620841
7902,-2.67324249128549
7903,-10.5973188127401
7904,5.30377406999197
7905,-3.80421151517516
7906,-11.7867092362389
7907,-8.36478337155055
7908,9.32717248607381
7909,2.07110133959306
7910,6.1073821012982
7911,1.39634099653734
7912,5.20366904003979
7913,-2.33272748802359
7914,6.3862579993894
7915,-1.61794515192163
7916,5.99646499233188
7917,2.31663750848708
7918,-0.552040563881678
7919,1.00905381968783
7920,0.05909958320433
7921,-0.849153457366539
7922,4.61135169870902
7923,-0.961046579597975
7924,-7.78703054807411
7925,2.34589194100867
7926,4.8041306629552
7927,5.31303455203974
7928,-2.7168373510966
7929,-1.38320675076403
7930,6.29323230525325
7931,4.87142828656766
7932,1.15725877264061
7933,-0.449608850274506
7934,1.55643089039568
7935,-10.0598985862257
7936,-0.689561684310244
7937,4.74639094084289
7938,-7.29520015283658
7939,-8.32214439158368
7940,1.03073895892442
7941,-3.00618454945232
7942,-9.48694966180699
7943,-1.35068215111811
7944,11.631502513222
7945,3.43737037820811
7946,0.714964227207882
7947,3.17624617004309
7948,4.69838633233765
7949,5.9025337807135
7950,1.10207457059992
7951,4.30781453989033
7952,1.22392466036165
7953,-11.6507476798299
7954,-0.124628980782011
7955,-14.0576321471047
7956,-10.8693792107611
7957,3.0611761997211
7958,-2.9634738048089
7959,-0.837493257225856
7960,0.306124408913851
7961,5.39566048091525
7962,-4.19641507070218
7963,8.41406024998335
7964,2.64432946887074
7965,1.73398241305491
7966,9.02534256687331
7967,10.9096071662356
7968,-4.90473127559219
7969,1.50357428711211
7970,-5.02766897367787
7971,1.73098335413733
7972,0.353729907374016
7973,7.2418580984666
7974,1.63003985743111
7975,2.82256233219662
7976,-5.29714001489898
7977,-0.68515057942942
7978,2.95888798828257
7979,0.0116735084862324
7980,0.171406554160813
7981,-5.40877363388923
7982,4.88765606405051
7983,-1.76406918628601
7984,-6.00524260553514
7985,-5.74535960947883
7986,-0.637290818743027
7987,-1.29808741957339
7988,-0.873647906409758
7989,-10.3315246104582
7990,-0.672005883397703
7991,5.14996951166689
7992,6.89816347333244
7993,3.69181159369094
7994,-3.93224144915755
7995,6.43479641378882
7996,6.1354858612922
7997,-9.58050157872801
7998,0.470691114727131
7999,7.05777798892225
8000,-5.20253404334675
8001,-1.91211033303446
8002,-1.73116736263816
8003,10.0240509190735
8004,-5.9732753405469
8005,2.14520085131346
8006,-0.595815893843236
8007,4.3548995108463
8008,-8.92743405261221
8009,3.20488618781433
8010,-1.76172031486338
8011,-2.06471964369944
8012,1.56190182886179
8013,3.62374443936181
8014,-12.927713876383
8015,4.50459305827681
8016,-12.8829130206964
8017,-3.62782261977794
8018,6.20123768734634
8019,1.2078499801064
8020,7.34613385647634
8021,-1.80281236220005
8022,-7.63132716030424
8023,1.55391639420027
8024,-4.49209616833196
8025,0.060353745688309
8026,3.01759493426584
8027,0.383888546835064
8028,-5.76678968369272
8029,-0.281566143422655
8030,5.5740991614643
8031,-1.91534400786534
8032,-4.48409549335434
8033,0.620958628736378
8034,7.5432308390934
8035,8.80971335751055
8036,-4.02658086429937
8037,2.85231879196827
8038,4.75320129872874
8039,3.64440314649335
8040,-3.51552351161864
8041,-2.32464760172981
8042,0.972903402036351
8043,-1.74028351591908
8044,-0.0044739714529459
8045,2.88585665879297
8046,-1.5595651742248
8047,-3.73588051021064
8048,-4.10846272534942
8049,2.36511375914422
8050,-11.8735488681532
8051,1.3236615212519
8052,6.83679540622611
8053,-12.909240627353
8054,5.46733519235806
8055,-3.74200137051787
8056,-1.6328711053994
8057,8.18009729499049
8058,4.79075554946795
8059,3.71238008383211
8060,3.44241634590942
8061,5.82537002371619
8062,-0.429970471406563
8063,-4.10343035990244
8064,-9.98814155948175
8065,-5.16986184645635
8066,-1.04778817254741
8067,-9.86832109762947
8068,-3.8642915636544
8069,-5.77081187212216
8070,4.71330003025363
8071,-5.00775622932664
8072,0.752843454822389
8073,-1.5101410639215
8074,7.32648480956921
8075,0.316572217562833
8076,3.981032283257
8077,-2.61914536833651
8078,5.76325219314623
8079,3.71339845183358
8080,3.48995774188619
8081,-1.10692800299617
8082,5.3356655474535
8083,-1.19111132284938
8084,-8.60938427261135
8085,3.89505888455331
8086,-2.078450558418
8087,2.95671923012495
8088,4.22833393545939
8089,4.17008756422692
8090,3.71579748266157
8091,-4.40465724366374
8092,-4.86507047217096
8093,-10.974693414961
8094,7.41292858494878
8095,-2.35845596008858
8096,5.24679085404757
8097,-11.7619586995284
8098,-0.521387631308227
8099,6.79191700570914
8100,5.73531415187098
8101,0.641083837262594
8102,-5.55338842941235
8103,-5.08008567278122
8104,9.20608266178226
8105,-3.94429839911059
8106,3.29215678072115
8107,-5.40765298104198
8108,-5.68091748741574
8109,-1.30075304257349
8110,-1.945709082352
8111,-9.30052063384896
8112,-4.19734896254297
8113,-5.67243296474701
8114,-1.75597289465209
8115,-3.48812984431275
8116,1.38436244584416
8117,-2.99414795519178
8118,0.240108024235428
8119,2.61065545467763
8120,-0.0586775681891719
8121,-9.31865613826737
8122,3.47420980898859
8123,3.05867621116432
8124,-9.00083245507901
8125,3.31957616728605
8126,-0.908409379590639
8127,-6.62039437047847
8128,-0.472002323860462
8129,0.811698839532494
8130,-4.11214081097967
8131,11.4897746459527
8132,1.09488188871352
8133,6.82633121126335
8134,3.30669753776202
8135,2.99635069913263
8136,-0.408344591741693
8137,-6.20402183226829
8138,2.28821344437461
8139,-3.65062155676939
8140,-10.9795084324644
8141,-2.50254547669925
8142,1.37700334168958
8143,-4.27927108605005
8144,2.92794089720746
8145,-11.7620379403975
8146,3.84586419156269
8147,-3.82656189365358
8148,-0.667395390445033
8149,3.64492744438275
8150,1.71126810335125
8151,-5.61438918619601
8152,-5.29331147463026
8153,3.91542707440944
8154,2.87725155175665
8155,-0.863803923488688
8156,-2.24471585847468
8157,5.9870985188852
8158,2.12446985713883
8159,2.56467471674818
8160,0.148873096868592
8161,4.36363869505825
8162,-5.70953961645718
8163,-4.72794123958028
8164,-4.30123791512341
8165,-3.59067499486107
8166,10.1233280992871
8167,4.76790159127763
8168,4.40383486276562
8169,5.93179825497628
8170,1.94751600681424
8171,2.69096164398496
8172,-4.84423463459785
8173,-7.48022725247271
8174,-1.00102200859339
8175,-0.473224890331845
8176,7.8890523204807
8177,-5.05070936464758
8178,4.63707526567986
8179,1.11396630167502
8180,-0.185037094360075
8181,5.3536098696379
8182,-1.75780421203773
8183,0.539889101627078
8184,-1.08763056112781
8185,-0.953949766228502
8186,7.98776263050674
8187,-10.6234601723461
8188,3.57694224187874
8189,-3.33154792059693
8190,-0.272130669523243
8191,3.99774121967524
8192,-2.03292778986666
8193,0.109184507166943
8194,4.21891632343662
8195,4.14605175960587
8196,6.75160260598163
8197,-1.93320814661707
8198,-1.14997732194468
8199,1.99720664816389
8200,2.40709049539932
8201,-0.444854351225854
8202,1.0522441441624
8203,5.01527065644215
8204,5.7278650897739
8205,1.65917788094316
8206,1.69810784578549
8207,2.8648856286697
8208,-8.2832083743609
8209,-4.38835461655892
8210,10.0362367496787
8211,1.40261643809026
8212,-0.574273860291679
8213,8.30738047017169
8214,2.4063531018724
8215,0.904990013616178
8216,-3.49318995956417
8217,-1.75572185746511
8218,7.66746377059038
8219,3.50903300242382
8220,-0.555398369231453
8221,-3.77017570368858
8222,3.27084079930656
8223,-9.29356058529895
8224,-4.33162304733469
8225,-2.79638236288976
8226,-5.77517733250778
8227,-3.93964606890117
8228,-0.693514879061652
8229,7.50654570112977
8230,-4.08231885407604
8231,-9.18766448758427
8232,1.81955482801405
8233,3.42873188894377
8234,-3.16640718937646
8235,-3.45359172611756
8236,-12.548646706659
8237,17.8508108015812
8238,7.97136086272483
8239,4.55921087645871
8240,-0.684192502435156
8241,5.85800706125491
8242,0.320507538057001
8243,5.32542410153329
8244,-0.31244411075884
8245,-14.4783844563243
8246,-2.76897404184966
8247,4.46990274874651
8248,2.85944578370858
8249,9.64863213697585
8250,2.48118390822764
8251,4.93691540727292
8252,6.50955400484492
8253,2.78268410094277
8254,1.27258390659886
8255,-1.97276259394527
8256,0.346016012276111
8257,6.45542217782894
8258,-2.00480266986576
8259,-5.70622038910297
8260,-4.50919975093835
8261,2.95586453754074
8262,-4.33273207752024
8263,-3.91556431244221
8264,-5.68971281331081
8265,-1.97611820500192
8266,3.21411671846383
8267,-1.97640629321727
8268,5.83543049366312
8269,-12.7072293373755
8270,-5.71037985620838
8271,-5.40224850222643
8272,1.86230427170309
8273,2.1782263783884
8274,4.52433229424126
8275,0.452244994264978
8276,5.06741124069307
8277,-12.3027637534518
8278,6.25794077394597
8279,-2.37640436566514
8280,7.19556196300015
8281,-7.05433753962112
8282,0.229484298245673
8283,-5.25770544247643
8284,2.31969504556253
8285,0.525430351778013
8286,-4.14966362989312
8287,2.27761903855359
8288,-5.48028555248291
8289,-11.5277313376398
8290,-10.2825474885993
8291,-9.86992766833202
8292,-16.207092337913
8293,-7.26591603693538
8294,2.96806701251444
8295,-7.13713480696382
8296,-4.17685046046357
8297,-3.14019184602878
8298,8.75289201646167
8299,1.60741490319342
8300,-8.08827627005832
8301,-7.78289712060809
8302,7.21276131874894
8303,-1.23869852314736
8304,3.35689312686527
8305,4.8910139886756
8306,7.81673419467078
8307,1.20843452028639
8308,-4.71678944583147
8309,-0.289138962750283
8310,-6.52761818708689
8311,5.92402933878757
8312,0.766002566190658
8313,11.1684469997429
8314,-1.98071506047606
8315,2.51151465702062
8316,-1.22547376961838
8317,-0.177143461371583
8318,-0.7517517090821
8319,5.98113529015183
8320,3.65339317859892
8321,0.941469305942111
8322,-11.9013725800299
8323,-9.12214051867078
8324,-1.42360767751824
8325,1.98575486130792
8326,-2.9531690127035
8327,-3.43881255932365
8328,9.28003240434276
8329,-0.917632470608473
8330,-1.73061850228336
8331,-8.04376065634274
8332,2.83067162955277
8333,-8.63074780140003
8334,0.915014477056016
8335,-1.64343505625523
8336,5.0502605235726
8337,-4.12041447937254
8338,2.01542448769531
8339,3.55826406626424
8340,5.65662694664004
8341,-13.2175093111651
8342,2.8231303240015
8343,-6.07238510413539
8344,-0.97705277541449
8345,-8.84763171758372
8346,3.03379711630483
8347,-8.5143013272292
8348,-6.73884872318507
8349,5.50570143914056
8350,-3.18405142279601
8351,7.32906318374153
8352,7.26945453679016
8353,-3.20895509720494
8354,-3.34278080820685
8355,-1.84350354088982
8356,4.1802829100904
8357,2.30272263043926
8358,-5.8076527136436
8359,-2.08015345207682
8360,-10.0214832561341
8361,5.3773727899194
8362,1.90652457764598
8363,8.50629596294533
8364,1.50213758954256
8365,1.25190548452962
8366,-4.249950613937
8367,7.04196857386059
8368,-6.41148350969322
8369,6.31674755574226
8370,3.32868868043525
8371,1.47337765286483
8372,0.909821122983552
8373,-1.63211028657736
8374,0.93303128971945
8375,4.99557163105478
8376,0.386458676071159
8377,4.96656782084718
8378,-6.81606402417028
8379,-0.480581906400633
8380,6.85844029961089
8381,2.00244407844062
8382,6.18806171302831
8383,-9.06582283505417
8384,-0.788349164989762
8385,-3.39946648024701
8386,3.14418237466225
8387,-3.72471958546816
8388,-1.93583210234016
8389,-7.63361558576756
8390,3.50603209953332
8391,4.15402710709194
8392,7.26269744432902
8393,2.81975871184144
8394,0.299705715373386
8395,-6.27635543209318
8396,-16.5646360091497
8397,3.05518476032306
8398,-3.65673207573342
8399,5.80612600632635
8400,10.1852779584389
8401,-5.90850273306128
8402,-10.3213739657946
8403,4.73799334805775
8404,-0.354265632259382
8405,-7.17124586199531
8406,-6.18746052212701
8407,-10.8273573625862
8408,7.8903119543016
8409,4.42265246616908
8410,8.16321192782073
8411,1.11803509807357
8412,3.1560387802623
8413,-0.318343769372432
8414,-5.71117462226916
8415,7.71447195127399
8416,-3.4701018093726
8417,-3.91398791081394
8418,-1.91622918730985
8419,1.54161809532838
8420,7.99305036973405
8421,-14.7751003106951
8422,-5.68585954322431
8423,-2.54785449421106
8424,-0.198825562456921
8425,-2.88043063024861
8426,6.87293186717438
8427,2.28667702204707
8428,-4.92494826170738
8429,-0.157228078999949
8430,2.50871818923131
8431,2.94720469288678
8432,-1.94202611735773
8433,-0.0525877160009891
8434,7.0484123861147
8435,3.04850275421679
8436,2.88145645591218
8437,-13.8882030074644
8438,1.01855948324853
8439,-12.3035724484166
8440,0.346727824207141
8441,-7.3290476192169
8442,-10.7763980872049
8443,-6.58681091598676
8444,-10.5075315971975
8445,-6.12233016513129
8446,0.00510560273992627
8447,5.21202305044691
8448,5.32110435205934
8449,-7.8289752494129
8450,1.95310137603553
8451,-0.990619155936869
8452,5.16827340160442
8453,8.71585835758367
8454,-8.509438042393
8455,-3.38618196442775
8456,-10.6191523483695
8457,-6.26293379644133
8458,1.84632189109682
8459,1.62132340070431
8460,-4.03884745359916
8461,2.1001861803477
8462,5.89402617089138
8463,5.50581370753018
8464,2.04689140352665
8465,6.90323559201186
8466,4.32460928352705
8467,-2.10703391166564
8468,-17.4783420411578
8469,5.20285650762237
8470,-4.01908831798978
8471,-5.9302917596073
8472,-2.9452490796428
8473,2.93347960863835
8474,-2.70761454125959
8475,-10.1773192004869
8476,9.09241543045037
8477,-5.61460526324639
8478,-4.86280907782718
8479,-6.8958537636928
8480,-10.8478932287067
8481,-0.258414915206828
8482,-4.98144204278625
8483,6.72402778776342
8484,-13.6163813310261
8485,-2.80240907438777
8486,-0.691041603946033
8487,-11.573276186946
8488,-1.46603006795012
8489,0.920486983897891
8490,0.590954335288653
8491,1.70247377445436
8492,1.37240003480414
8493,4.47691798550417
8494,1.550975072242
8495,6.42340034526186
8496,-12.7237686329968
8497,-3.67286852116402
8498,7.81965202472541
8499,4.77002592824594
8500,-14.8588133173451
8501,1.40110648994901
8502,6.94250985376842
8503,-12.6578351520342
8504,3.58341257679811
8505,6.75892502147043
8506,0.215905097836155
8507,3.32862718653839
8508,-1.32069543939246
8509,-7.30492303854696
8510,-6.00779338966757
8511,3.14786335720836
8512,-7.01552962340295
8513,2.71431702566881
8514,0.172415886599276
8515,-3.41353983396004
8516,2.78726629255289
8517,-0.488080566206567
8518,3.9252307936528
8519,-1.07605562771195
8520,-1.66453198951194
8521,2.46555771625138
8522,1.07357361881874
8523,0.129917527154728
8524,-5.12969437538301
8525,-3.51929889143464
8526,-8.70480751500032
8527,1.68180582588545
8528,-1.71441692452633
8529,-2.94510842343124
8530,-0.0259641395855002
8531,-9.11186604970921
8532,-0.497006260512532
8533,2.92751464464034
8534,-5.92248469496689
8535,-0.0455732731138502
8536,7.29376731710993
8537,-2.3305633585651
8538,-3.56313760508994
8539,-4.15241545613106
8540,-0.503905139416951
8541,-6.51902310716856
8542,7.56287392641066
8543,-2.00527533020026
8544,-11.2067143304591
8545,-3.58986273160367
8546,-10.314370386514
8547,2.06394565982468
8548,-5.23382290567968
8549,-3.86707635343725
8550,-2.0193412420163
8551,0.252325838159947
8552,7.74452903068948
8553,-4.91143022275072
8554,6.07605465429784
8555,6.61720884583518
8556,-6.16434079524645
8557,-5.19620507169455
8558,-12.0542481375368
8559,-3.91334457122228
8560,3.44585495009444
8561,13.5160255845084
8562,-1.66640392321974
8563,2.14068602385129
8564,8.0415421266248
8565,-1.71085824260573
8566,13.3156260113939
8567,-10.933669451334
8568,0.979704168105806
8569,0.815546112615017
8570,0.989852289917737
8571,-3.35580104933951
8572,3.74017389062455
8573,-5.87709129716772
8574,-3.25082523435826
8575,-2.01483895752694
8576,2.30264477232177
8577,-5.06080641856186
8578,5.30396842945635
8579,-3.4910311975718
8580,6.54818908059231
8581,-1.10954274326628
8582,0.0886326567504547
8583,-4.17490687835888
8584,-0.591067721281601
8585,0.113391899133854
8586,-2.77146262386652
8587,1.20612702645658
8588,1.81042425996536
8589,6.41835407716624
8590,0.135681833498455
8591,0.864644687497794
8592,-1.740448816671
8593,-0.169598543080782
8594,-0.117543855513305
8595,1.496193663188
8596,-2.80982361518487
8597,5.33475759964854
8598,-0.826393184191476
8599,-2.0432387960524
8600,3.93855701774143
8601,-4.44301708093398
8602,11.0595933866625
8603,-4.02267548675633
8604,-11.8531240380432
8605,-9.24632839050945
8606,5.95375072690335
8607,1.71759938033094
8608,10.0565317481753
8609,-7.60963670196505
8610,7.10763300499366
8611,10.4307719167114
8612,3.5827763106215
8613,3.56993068164271
8614,1.20783400077401
8615,-5.22801666039118
8616,-4.35077952264168
8617,-7.08330855936441
8618,3.93489294160889
8619,6.49173582405093
8620,5.08503525049043
8621,-7.59582398586651
8622,-3.05287513918983
8623,-9.55426845331556
8624,3.49075638045968
8625,-8.95373359117837
8626,-1.74448421071739
8627,-0.361872473539846
8628,1.98980859851663
8629,1.33552754316699
8630,3.6937045069335
8631,3.14653903529001
8632,2.93826152889851
8633,2.91895806254627
8634,2.24850906665785
8635,2.95614687998345
8636,-1.20756799600379
8637,9.00868660424821
8638,10.0109360608313
8639,0.313837754174001
8640,-6.4757977678955
8641,3.62709926218378
8642,1.16631829924565
8643,8.72520371441374
8644,8.00408331071683
8645,-16.328764765901
8646,-4.83983859761963
8647,8.0454219123739
8648,3.23124911335335
8649,-6.05333437794937
8650,-2.56403199839432
8651,-6.31155047388144
8652,7.10970210613211
8653,-0.460561433129188
8654,1.09276190643755
8655,6.10053237542037
8656,5.55878368820926
8657,0.733305844214158
8658,0.110735786454265
8659,-1.63378295288093
8660,7.64760317041871
8661,-9.12103519976416
8662,0.284718690567041
8663,-2.2487761047361
8664,7.34803255870454
8665,-0.724899094787213
8666,-5.318109578414
8667,-7.02831065635757
8668,-5.72793170234418
8669,1.15479255002106
8670,0.948163918114186
8671,1.49968989311709
8672,0.766816666769767
8673,-1.1363474671327
8674,-4.69993844775854
8675,-2.91578075602932
8676,2.02718964128274
8677,9.9377102204103
8678,-13.962287068857
8679,-0.408692005114703
8680,-8.18857280243118
8681,-8.23936464740162
8682,-0.293717944913761
8683,-5.37835102478767
8684,4.90009916765847
8685,1.74254955591631
8686,12.4582371637457
8687,-5.6020081276992
8688,-4.18066048128047
8689,-10.3187935428359
8690,-3.00669811120334
8691,4.98279662773488
8692,-3.35041705905818
8693,-2.12389081585199
8694,1.35100771969524
8695,3.43598309027657
8696,-9.40490759358682
8697,-0.412455836767708
8698,-3.20245326716401
8699,-5.92934143080885
8700,-3.07010967420973
8701,5.01057162344582
8702,-11.8969496046067
8703,-5.95464382009868
8704,6.64181718688917
8705,1.67881988709338
8706,-0.537946532763738
8707,4.10282609551017
8708,-2.209296599462
8709,4.1694946775426
8710,-4.84339876209564
8711,-2.97498052025419
8712,-2.62652217070107
8713,0.369803924837385
8714,9.00098154695463
8715,0.594579442657749
8716,7.09247290224159
8717,-6.96521854280314
8718,2.94345943381338
8719,0.821079400803702
8720,-0.836244744793314
8721,-0.146517427055151
8722,2.28235886339066
8723,-13.4979393907377
8724,7.95647080713921
8725,16.7090403771388
8726,7.25686054550741
8727,-0.400486655889669
8728,0.552358746756621
8729,-1.95010381316494
8730,-0.147621727689444
8731,1.81460101440988
8732,1.85375800933119
8733,-13.01130000131
8734,2.99331443176632
8735,-7.77705004063869
8736,5.39444353488132
8737,-9.2188888248031
8738,-3.94012003338898
8739,1.35476298002773
8740,4.34711582407953
8741,-5.21531375484465
8742,7.18164261181851
8743,-0.679381605897439
8744,-4.53825885239259
8745,1.42385981900057
8746,3.6914583592339
8747,-10.0246888195245
8748,-6.94746577970319
8749,-2.92032201270693
8750,-14.8991443295251
8751,-5.04961457978966
8752,-7.00867664266312
8753,-2.68207371924046
8754,-0.503787827848908
8755,9.99602575131954
8756,-6.70594436765962
8757,4.9264254154331
8758,-7.9184551680513
8759,6.30409059350952
8760,-0.604609590814762
8761,5.85315212434412
8762,-4.53767894101355
8763,1.35374705218322
8764,-0.559633882002444
8765,10.1505281710636
8766,3.57135084498643
8767,0.631031693598466
8768,-1.663230271509
8769,-6.22391503584681
8770,-3.41613545335393
8771,-5.72704280749024
8772,-1.2605185531276
8773,4.47443980145396
8774,4.06321539712663
8775,1.00374090735561
8776,-11.2519526578452
8777,-4.54894836838333
8778,-4.32604176846786
8779,6.44963205488044
8780,1.68397509742204
8781,6.75209738473156
8782,-0.0234767001374161
8783,4.07857575337908
8784,4.96173108681755
8785,5.20821101536672
8786,-1.17372648307634
8787,3.38614466661077
8788,-1.20351771904075
8789,-3.15528732179779
8790,4.55974283781145
8791,9.32796515321147
8792,12.2310101352052
8793,-9.36716142388971
8794,1.74247743478828
8795,4.48902258989163
8796,-0.207220314263764
8797,5.62910976026136
8798,-0.0144486726415968
8799,-1.95815598847211
8800,-3.81137527213863
8801,-9.38518872525815
8802,-9.00487715522955
8803,3.36266918902226
8804,5.42424154843028
8805,-2.91790875764364
8806,-0.766840108483868
8807,-0.814331901412552
8808,6.54450878042498
8809,4.90854143344124
8810,-2.51500333047107
8811,-3.41793865730561
8812,-0.934897410816108
8813,5.55619578022358
8814,4.71079890544374
8815,2.34230862434539
8816,0.683222277754383
8817,2.80718014113006
8818,-7.43153323821531
8819,6.47099903474778
8820,4.54341352961497
8821,-8.42761145946307
8822,-12.4477191495968
8823,6.57688058114592
8824,6.87326667011162
8825,-0.314869210028362
8826,-0.742480858049906
8827,3.5011535478707
8828,6.83712794154388
8829,-9.90151737891737
8830,-3.30929171120178
8831,-4.46366703181198
8832,-3.80893503898858
8833,0.691119460158575
8834,0.370175625832872
8835,-12.1765935918935
8836,-7.56310648252338
8837,-4.53891520619935
8838,-9.33423763532537
8839,6.96566313619938
8840,4.11580934979605
8841,-7.96423039791864
8842,-5.54742322156023
8843,0.151327509609248
8844,-14.6117084234775
8845,0.162480423395697
8846,-5.33327518182578
8847,-6.65647623719172
8848,11.6727158259877
8849,5.09181517469474
8850,0.305904755238299
8851,1.88261942302155
8852,6.01672822594655
8853,0.691998164807936
8854,6.54726370417441
8855,-1.80795804420091
8856,3.93217035019086
8857,1.50047917003901
8858,3.55760296373651
8859,-1.77437362293748
8860,-0.05311237076295
8861,-15.0217497481758
8862,-2.80633265868891
8863,-5.30360409567106
8864,-15.2452267674086
8865,-1.17614342019222
8866,-1.31431207937567
8867,-0.579444803361528
8868,0.741887214293791
8869,-11.3825069661758
8870,3.80481011783701
8871,0.644832297231131
8872,-4.02995818750621
8873,2.04716822190354
8874,5.71159380639831
8875,-1.78206695845053
8876,0.320009077331111
8877,0.760015848208694
8878,-4.50213540409342
8879,-3.26981801109308
8880,2.24148506943765
8881,0.903260084140162
8882,-1.33035214648097
8883,-4.42347141943583
8884,7.85849644738688
8885,-6.51496512286736
8886,-17.6909773647692
8887,0.263199961690985
8888,5.15290421934076
8889,-3.08132295732401
8890,-8.57262857204956
8891,-5.34179533141174
8892,5.50395167734769
8893,-9.75873035198511
8894,6.90382111875512
8895,-3.0171200631367
8896,-1.06251300114972
8897,-2.59424232625922
8898,-0.858675431322779
8899,-4.87498369939052
8900,-2.78182535615558
8901,4.57141811759719
8902,1.74925056410425
8903,-2.66596753540388
8904,-7.60445994618736
8905,1.17021167526643
8906,4.82163207109504
8907,3.15383705000139
8908,3.51793765517327
8909,-4.82674440935942
8910,-1.29727874045109
8911,-0.0188046984584104
8912,1.03059406102623
8913,-2.27203950187187
8914,5.18316130514524
8915,-5.03215179534618
8916,0.594541146219
8917,0.325415737855986
8918,5.27008088502056
8919,-2.87540351946946
8920,-2.30027575022213
8921,-10.155718346517
8922,5.15959390465018
8923,14.4585063145636
8924,-5.35431469601876
8925,1.28898421237449
8926,2.87723519357039
8927,-0.662811714092777
8928,4.28433454262365
8929,-8.94900892454536
8930,1.78129530319187
8931,8.50072761653317
8932,-2.48111603350264
8933,6.28811866563157
8934,1.136105728207
8935,4.197552153888
8936,9.47715926566058
8937,-5.19256645236627
8938,1.73432609470086
8939,1.80339212670146
8940,-6.40125739053814
8941,-6.27734569618936
8942,-1.27306125667274
8943,-0.0288007353250772
8944,3.73634475681759
8945,4.79765965695958
8946,-0.591460438032594
8947,-2.11617313488555
8948,3.02668519129643
8949,3.0948268092558
8950,-7.54012946205129
8951,-6.55832038934767
8952,-6.79881877317787
8953,-4.44123709253614
8954,-5.95800895912127
8955,-10.0623994342443
8956,-2.21041513785063
8957,4.12970583932562
8958,-3.01499717792853
8959,5.88139320851301
8960,1.29344810571067
8961,-0.367930551352427
8962,-2.08182945708917
8963,-6.58947905628358
8964,-3.51824901372742
8965,-1.73021230008994
8966,3.71915911658329
8967,-3.88662723155243
8968,2.95509561506344
8969,2.25725374198598
8970,-2.30037707748579
8971,-3.39479004104476
8972,-9.81354871155011
8973,-16.1869405628026
8974,-10.7452451467439
8975,1.88704650497767
8976,-9.4515681085028
8977,9.2021053401482
8978,-1.12806084589952
8979,6.44145063930604
8980,-1.22927487362709
8981,-2.09989740600657
8982,-3.63069036345644
8983,-2.17488447855894
8984,-7.76732126501179
8985,-4.43941639112574
8986,-2.52795464673479
8987,-1.97175266029548
8988,5.28102416760597
8989,-3.1309588343153
8990,3.98737890790917
8991,9.0486582349356
8992,5.05861893122398
8993,9.8752079795427
8994,-5.39632689951676
8995,-1.17149345905935
8996,-2.8310860732495
8997,-8.20497074350115
8998,-0.985710129751663
8999,8.70282738572965
9000,5.894600553683
9001,9.21023156078667
9002,4.87653244801289
9003,4.64484138542463
9004,-10.3134301895188
9005,-9.06365127988161
9006,-8.79086276868605
9007,3.54088173777479
9008,-9.72006889454997
9009,2.85036447167481
9010,-5.56339038785673
9011,4.23258379070715
9012,-3.64845650805609
9013,5.05473740453044
9014,-3.12340465776339
9015,2.68209964717748
9016,-13.3662851973845
9017,9.15747689899495
9018,-5.85862717978683
9019,5.93170162429488
9020,-4.8627143821619
9021,7.51503146215485
9022,3.16065893429775
9023,2.89978522715777
9024,6.66929437527848
9025,11.4635656778524
9026,-2.19753269498627
9027,-0.428510215726014
9028,1.9161509514229
9029,-6.73460446541661
9030,0.622112261493893
9031,6.03543129765294
9032,-1.04761618855467
9033,3.21009445299471
9034,-3.63117403227884
9035,-17.4494822702218
9036,0.0180079080025219
9037,-7.8654510947113
9038,-3.2985424531461
9039,-4.07403596349418
9040,-6.10571799144545
9041,7.11528275844844
9042,6.93384841994418
9043,0.648469391753209
9044,8.75742933656372
9045,0.674471087305376
9046,-1.89834087871712
9047,-13.8254177375933
9048,-4.7843131729062
9049,-2.27523059389666
9050,0.119816968896586
9051,7.61026207837677
9052,-9.28217352036149
9053,2.05829152712363
9054,-4.7719054587756
9055,-4.13896374569067
9056,-3.72579253860518
9057,-2.6749194346562
9058,4.88331491005899
9059,4.90485198623828
9060,6.84553243061706
9061,3.65981091406562
9062,4.61632898508983
9063,-2.71573662892797
9064,0.837938981667479
9065,11.998131669016
9066,-0.434683514213449
9067,-3.25562032011247
9068,6.67819900189773
9069,-0.219319392618958
9070,4.92875032193028
9071,-10.8481802816705
9072,-14.666959843702
9073,4.88273438078278
9074,-5.949237959483
9075,3.71605526968534
9076,0.328093441622328
9077,-2.37552997956915
9078,-3.60842042656064
9079,-2.97162080352973
9080,-2.19295709395075
9081,4.75673131446837
9082,-15.0669331219454
9083,1.36265127359773
9084,5.27243101897299
9085,-7.90926868965189
9086,6.10072360404046
9087,5.68534528301203
9088,1.90557146320291
9089,-3.0471503504998
9090,4.58126232976385
9091,-7.70183216970705
9092,-7.46899467553737
9093,-1.69999657244649
9094,-2.32602070028567
9095,2.98575360604043
9096,8.56673848937478
9097,-6.50960708331808
9098,3.23110158454546
9099,-1.49182303928043
9100,4.79342152945434
9101,3.57151413498538
9102,1.01875413436852
9103,-0.452511548364776
9104,-6.27316383580888
9105,5.14394767882287
9106,6.82057676136988
9107,2.13355315657996
9108,-4.22909812400527
9109,-4.22223883464282
9110,-1.91362935939414
9111,8.52909366677954
9112,-3.80356354665107
9113,-13.2498666047277
9114,-1.97732411784592
9115,-1.68994573981007
9116,1.45704963553887
9117,8.03688753880973
9118,-20.0740593033107
9119,5.81786550725071
9120,-0.0319925065600764
9121,1.42882266290883
9122,-5.18881530142956
9123,2.45877156230152
9124,2.77306354805541
9125,0.501373884441144
9126,-7.42274496466733
9127,-9.42878716938634
9128,1.17062009845424
9129,-1.15162654039027
9130,-7.15124144717205
9131,-11.9242726315015
9132,-5.16484204906228
9133,-6.14096782881476
9134,5.46457755801659
9135,-8.29371891624946
9136,-9.11000297047377
9137,3.98766853094135
9138,-3.01098761083685
9139,-10.6952167993214
9140,-10.7617952205012
9141,10.5934710337105
9142,0.530326613560698
9143,-5.2573623265714
9144,-1.8416707744092
9145,-2.12154565268469
9146,-8.06122223056509
9147,-3.34134795985499
9148,-2.97223840294012
9149,-3.84109591443482
9150,-6.81609961250316
9151,0.462124428611427
9152,3.80411243685801
9153,0.77484875414759
9154,2.22308604800738
9155,-1.77722072513708
9156,-5.53419972605219
9157,2.47981745081332
9158,-2.87454268476842
9159,-0.0527363675814501
9160,3.25217644678474
9161,-0.535101617306847
9162,2.64680386713366
9163,-4.70944296905897
9164,-3.6309846836667
9165,0.66225152669202
9166,4.85080685782483
9167,2.2920410632921
9168,-6.11259515031337
9169,-16.1958959345627
9170,3.16567014595286
9171,5.9620605423199
9172,2.3993085224564
9173,0.276609529508768
9174,-2.80804861617552
9175,-4.45128535662307
9176,1.95157867013276
9177,2.50309244387062
9178,-9.13651149431262
9179,-1.02301173950823
9180,-0.682050878485944
9181,10.7491325832071
9182,2.38289811009996
9183,6.97077988150618
9184,1.55082377647859
9185,18.8983953823185
9186,3.93582712996622
9187,3.47861204548083
9188,4.14765640564491
9189,-6.16915336992249
9190,3.23675900573098
9191,5.3715692937837
9192,1.37437505152624
9193,10.021267670674
9194,1.33768285110363
9195,2.03399356043486
9196,-4.51643751637003
9197,-0.896128464868808
9198,-10.2092905723451
9199,-5.75545096358041
9200,0.806218259117332
9201,-0.0615108381595072
9202,7.06094270541014
9203,2.68073982850863
9204,-11.7517944667354
9205,3.65909988991183
9206,-10.3726714843741
9207,8.96043091760588
9208,-2.33592974682122
9209,-6.98191295091179
9210,-14.4922486619216
9211,5.44938214087859
9212,-2.03008239775279
9213,5.30054543407743
9214,-4.90824444347043
9215,0.557457189474994
9216,-12.0207799951459
9217,0.238987218408254
9218,9.57216341893883
9219,-9.20637031108044
9220,3.40586407661652
9221,-2.39847796335502
9222,-0.614039415637143
9223,-0.4624951418487
9224,4.56105989817209
9225,-4.33955384207914
9226,-6.40285100327884
9227,-1.27806179685562
9228,-7.67647188227575
9229,-1.38526944944717
9230,3.51084297794336
9231,10.0984025348094
9232,0.671487028620845
9233,-2.56752311475033
9234,5.11540955397273
9235,-6.82454357769036
9236,7.24237208048733
9237,-7.30731113848686
9238,11.7406903691766
9239,-6.6173081584032
9240,0.55792130697751
9241,-0.27465618569337
9242,1.56627927702273
9243,-2.62983522710784
9244,-1.99060764577267
9245,0.758736827075112
9246,-3.6808018157231
9247,-0.892051921069519
9248,2.24825592825187
9249,2.43144727186996
9250,2.48543927799185
9251,1.78281209476984
9252,-2.12404803000107
9253,8.11672574291015
9254,5.46095370644953
9255,3.75666575179877
9256,5.81511619974022
9257,-21.0134525458939
9258,-6.44408309711748
9259,-11.4294526545749
9260,-11.5758758669766
9261,-2.67549573147357
9262,2.47252891685059
9263,-8.37982931559388
9264,-5.89092729538396
9265,-11.049908535416
9266,-6.34055850659552
9267,-11.8235138222277
9268,4.17221924929156
9269,-2.19765167259045
9270,0.258281585468527
9271,4.42392100137298
9272,2.22136542683566
9273,-1.75922026612313
9274,5.07727749750586
9275,-0.195903492078604
9276,-5.60498296443798
9277,0.615009693253534
9278,-3.82178521701153
9279,4.24256933729167
9280,6.36708875414031
9281,7.84090972759531
9282,-9.15799047764418
9283,-3.16678644039158
9284,-1.91808391972601
9285,-2.67076514921942
9286,3.91195652810206
9287,-4.26440573513289
9288,11.1686718789214
9289,4.35695441554312
9290,2.27645804632494
9291,6.86658414084081
9292,7.19515393925185
9293,4.53632031919437
9294,-1.16639654723055
9295,0.942263978110306
9296,3.35537092963776
9297,-7.47579832236014
9298,-6.86416056963413
9299,-1.56031113039587
9300,0.636306131393247
9301,6.52261626137168
9302,-13.4173788171529
9303,2.80715554877738
9304,4.65245534356522
9305,3.1195528232301
9306,-12.0564828672654
9307,1.54388096962643
9308,-1.37966318479858
9309,5.74378037063044
9310,-6.91745176450087
9311,-2.2678517064519
9312,-2.19240221692001
9313,1.45346277247341
9314,4.20565428400367
9315,3.8480012024354
9316,-1.59255662414005
9317,5.83472295241989
9318,12.1393515631599
9319,7.49625123733025
9320,7.48539625813965
9321,-1.60570074334973
9322,-3.76702482911402
9323,5.08610637240512
9324,1.25948674025463
9325,-6.70556598737158
9326,5.85330454002516
9327,5.5470698799517
9328,-1.17776241955489
9329,-2.01227466651601
9330,-4.85475074359086
9331,7.16764428745521
9332,-8.4265426127935
9333,5.71851843990262
9334,-3.88418005882077
9335,-2.08268242407702
9336,2.0237347486458
9337,-6.70091676063493
9338,-3.54139784888694
9339,1.93298189591381
9340,-2.98192432992113
9341,2.57895023173544
9342,1.17167802783898
9343,2.29672039219969
9344,-8.0027475536399
9345,0.599754117259638
9346,-3.50434068495506
9347,8.61754319718661
9348,-6.0871197278813
9349,-2.26718436945466
9350,-15.8530984471055
9351,1.12169828021645
9352,-13.3450812026804
9353,-7.20772113136509
9354,0.805420755891711
9355,-1.09873442092377
9356,4.77071016555351
9357,0.781250435792134
9358,0.995521329986702
9359,4.8496407519965
9360,2.14305600059987
9361,-1.2869799065011
9362,-4.24823591374009
9363,-4.25614389310346
9364,1.28676152932828
9365,-5.44564199058675
9366,3.24403588530772
9367,-1.01857028514262
9368,4.00255584533546
9369,2.96730879154562
9370,0.717025195975872
9371,-1.57113611539943
9372,6.37135748775775
9373,-5.03258894897052
9374,-2.12993080876211
9375,-2.89400665040582
9376,-5.5088242783381
9377,-0.759447282887684
9378,-1.01450090538301
9379,-1.92003870157491
9380,9.52857115238532
9381,7.62030981371912
9382,-4.76157515202924
9383,3.47181193677259
9384,-5.59279049719001
9385,-0.0147603162325463
9386,-2.48017633721941
9387,2.69354069213518
9388,-3.17389401391493
9389,-4.6842647535321
9390,-2.50658837678954
9391,-0.245501054405674
9392,-3.3805988077914
9393,-1.58368653619129
9394,-0.530706772842112
9395,-5.60501498637618
9396,-4.23464825173492
9397,-2.55316659675935
9398,0.731572022380971
9399,0.548139618367367
9400,-5.79226952305814
9401,0.926390121810801
9402,2.51128432459367
9403,9.35890355642607
9404,-1.84032402067696
9405,3.73848219317015
9406,-0.907161410512112
9407,7.31884523298623
9408,4.10946108064923
9409,-2.16157922134447
9410,-2.16025969390588
9411,8.8772225607306
9412,-4.19254498463692
9413,5.14007794012436
9414,2.56829140011291
9415,0.731092809776682
9416,-3.47354941772968
9417,-1.874485235496
9418,1.99280286184979
9419,-5.53856162574781
9420,3.05234903496216
9421,3.40303627357988
9422,1.77921937745607
9423,3.40574487000501
9424,2.88525406241923
9425,0.460903371024556
9426,2.13846025050591
9427,-3.63344086728959
9428,-7.02895781007244
9429,-1.28770603294286
9430,7.76510392065645
9431,-11.6907598974808
9432,3.15986783559767
9433,2.49002198470385
9434,2.0669203221071
9435,2.49459030815258
9436,8.39254656001362
9437,3.72583358745363
9438,-6.31553696880333
9439,-2.06627014138097
9440,-12.1863046106899
9441,6.05682273926379
9442,-9.41585611590297
9443,2.64703316259746
9444,-4.03238137946821
9445,0.534455428376994
9446,-11.4541929358529
9447,-0.0801226271410665
9448,1.43811347769346
9449,4.24379850587194
9450,6.33978329795126
9451,5.44801892948473
9452,-0.733002522551455
9453,-2.65109305602887
9454,-6.51263907370681
9455,-3.86035680896993
9456,-0.208275461619754
9457,0.0246441727517265
9458,-2.4288272657214
9459,2.17148573690153
9460,-12.3469504336085
9461,-4.14341236492125
9462,3.66938687986085
9463,-7.18180650711857
9464,0.890524791292961
9465,-8.21562202493293
9466,2.56933420697263
9467,8.47885310383302
9468,-1.41386909414122
9469,4.6619944960663
9470,3.82112622294526
9471,-0.167886141401651
9472,-3.73635370113407
9473,-2.93092843391136
9474,3.67450691883147
9475,-1.18992117831087
9476,0.584817392991187
9477,3.21768039591911
9478,-9.83622765773586
9479,-4.04547973010434
9480,2.50271916619334
9481,4.1824700764897
9482,8.23824880329146
9483,4.04026694218838
9484,-7.35725221087847
9485,2.04149300895383
9486,-10.8936096618281
9487,-2.87765442992993
9488,1.1662698928043
9489,3.27156484774722
9490,6.97157633382467
9491,6.1205235743133
9492,2.06477201640954
9493,-1.81310567854841
9494,5.19164227964622
9495,-11.3719762403766
9496,-5.29111574956586
9497,-1.23651573754817
9498,5.14280738159685
9499,-0.951283752078241
9500,-11.6961370237655
9501,-1.10744449302719
9502,-2.85398572495694
9503,-0.945515722659385
9504,-5.02117600050677
9505,-2.45403790232125
9506,1.80453175939851
9507,-7.82448287911595
9508,-5.44249733252879
9509,-4.76858212684429
9510,4.4783551896071
9511,8.01192309119169
9512,-4.17935111346018
9513,-4.8309435031942
9514,-6.75398765458608
9515,1.35258363171197
9516,-7.26696931943027
9517,5.67764198755451
9518,-10.3200059337907
9519,5.05975758307739
9520,-7.30829984922912
9521,5.39989538454057
9522,-6.21434390715061
9523,-7.29364678088842
9524,6.03591098435592
9525,-5.5127683532501
9526,1.14695472924062
9527,10.6100498952243
9528,-5.78989569812001
9529,0.492860139519626
9530,-1.3694229842445
9531,3.6331851067879
9532,0.228592111505932
9533,9.56420498043664
9534,-11.9017867667539
9535,-4.22890654543994
9536,9.67144998138263
9537,4.83232702928701
9538,6.60530244894598
9539,0.774877790808221
9540,7.87369646475946
9541,1.03805887080937
9542,-1.75416816199592
9543,-2.83373703500917
9544,-2.0337740232687
9545,2.94542660192015
9546,-7.79763553283502
9547,-1.52183076903199
9548,1.23501204970425
9549,-10.5761520838927
9550,4.59358025086245
9551,-2.4828346574773
9552,-8.65101820481487
9553,12.1008129901985
9554,3.49956725590617
9555,-3.88142446169776
9556,-0.362889846558446
9557,0.522880670626542
9558,1.94744113577916
9559,6.54957968585679
9560,0.413235792959803
9561,11.4304145679801
9562,2.23664993029468
9563,-1.16045460687224
9564,5.38448922169521
9565,-4.13413748733147
9566,2.8052908160387
9567,-12.7252750016221
9568,-1.45638227720584
9569,-0.548622757921959
9570,-14.7366301485626
9571,7.43277557231157
9572,1.84062874889442
9573,-5.43371216820905
9574,7.62028620965461
9575,11.0054338012938
9576,-6.98374986428727
9577,-0.741801400730458
9578,4.73967732916507
9579,1.31629569721172
9580,10.7554783305245
9581,-3.179084116395
9582,-3.63091553062635
9583,1.27151505527773
9584,-2.26954856395698
9585,5.35991846480701
9586,0.544156641494407
9587,2.16356586853741
9588,5.41697023126106
9589,-3.90765373169492
9590,6.70813504256342
9591,6.03634384204199
9592,-8.281994142842
9593,7.80908860665329
9594,5.28689740518337
9595,2.95726090958874
9596,-0.995707303862721
9597,-3.73968608077009
9598,2.88221962335341
9599,1.24610928752398
9600,6.00222772512297
9601,-4.69876631365532
9602,-2.42390502997682
9603,-9.98876897073163
9604,3.7139301848969
9605,-4.55494302011163
9606,8.62192852828027
9607,-9.56931171524566
9608,7.78970556175652
9609,0.473425915280637
9610,8.81390841669094
9611,5.51520189689198
9612,0.602404995625101
9613,1.76568773427083
9614,5.45136941028574
9615,2.87207975970252
9616,-3.68872446950015
9617,-7.81699984297284
9618,5.26688817424342
9619,0.0264742293870532
9620,2.45963284402021
9621,-2.6609109966427
9622,4.70817349460232
9623,-2.3558620762054
9624,5.87989620606628
9625,2.18901864182673
9626,2.86284298180343
9627,0.438544536789936
9628,1.78219404817475
9629,1.23933706265016
9630,-3.15402651933928
9631,-5.32020287704508
9632,-4.48583041228707
9633,9.7008772299054
9634,11.5714121553604
9635,3.79225313493178
9636,8.23916893896882
9637,3.13154383201778
9638,6.36506889174349
9639,2.09724626476965
9640,-13.8141065064422
9641,-5.13562607531635
9642,1.60973377233196
9643,5.99433399437904
9644,2.71328739072166
9645,2.91182426848246
9646,-0.313120306452299
9647,2.29649266289699
9648,0.943876490040865
9649,-0.578102486924578
9650,1.8881670771543
9651,0.535491722130592
9652,5.76091055380129
9653,4.12555619506014
9654,1.48049480030301
9655,1.49975054456164
9656,3.91369901898322
9657,-4.81121540564454
9658,-2.51031100279847
9659,3.19326747508719
9660,1.34246445586658
9661,-19.4204000748176
9662,3.68658811018534
9663,-9.51558541504224
9664,-0.865889951549496
9665,9.50645272113636
9666,-2.78249489351536
9667,-6.50652422152321
9668,-2.59249742834951
9669,-3.70326814117769
9670,-2.38912485528318
9671,6.3859829097819
9672,-1.59522270710472
9673,-5.1873535868865
9674,3.08109044658817
9675,6.37976691669494
9676,4.41544318625916
9677,-1.00239587546063
9678,-4.72607637175257
9679,3.6708601008342
9680,-13.3977589296972
9681,-12.6867523752317
9682,-1.82611410909614
9683,-2.49323467378311
9684,5.04788709360361
9685,-1.35986399826699
9686,3.72867945543921
9687,2.98976813541491
9688,-2.19704023802714
9689,-7.56283992253056
9690,-2.16109340116824
9691,-4.13826941000566
9692,0.432936322609158
9693,-5.55471830931921
9694,7.7395546814044
9695,-13.7928429224754
9696,2.79871197010365
9697,7.29233702962655
9698,3.40983821686754
9699,-5.65326544742847
9700,-2.48196756413711
9701,-4.7676307893181
9702,2.52178192392699
9703,1.8327309939649
9704,-8.71925526598717
9705,-3.15537974889987
9706,-3.71145379032322
9707,1.85014538419613
9708,-3.57863495182734
9709,12.38564016329
9710,3.43610960036122
9711,0.896671525600351
9712,3.87455303919639
9713,2.4993777328984
9714,-13.1632976054402
9715,2.83259637859125
9716,-6.29820457245384
9717,7.01469120514578
9718,-1.21456625612102
9719,-3.81710913742774
9720,-1.17104285228071
9721,-3.92049715699834
9722,-11.6733190003892
9723,1.98667105533869
9724,2.4927973684016
9725,3.47480819166767
9726,-11.991219959351
9727,0.125827450114927
9728,-9.07053427957463
9729,10.3234144256123
9730,-3.18814869451615
9731,-2.80461475436171
9732,-5.75793704838631
9733,0.448938327058512
9734,-7.24043519962047
9735,-4.07100158193856
9736,1.39145072676265
9737,-1.91159341161141
9738,-1.52557689157137
9739,2.79237011641714
9740,4.56380803260565
9741,-5.43093968778168
9742,-1.12964889515022
9743,5.61159096637879
9744,7.55766218756315
9745,-2.93508659835891
9746,0.437811576291631
9747,3.21981054719033
9748,5.2980509290738
9749,-4.16450513459864
9750,-1.369633890821
9751,2.86855384248952
9752,-7.96126585630472
9753,1.92527313968133
9754,0.499872939773976
9755,-3.68711993738931
9756,-7.21845313984409
9757,-14.4084107405343
9758,5.18117831229009
9759,2.601157813982
9760,-6.42986026470117
9761,-2.37616652176552
9762,-1.08700282797005
9763,-2.11098337613758
9764,-2.81008777616459
9765,1.00250977358948
9766,4.04090876124039
9767,3.28431471686849
9768,-3.57682221751488
9769,4.21246858702519
9770,-7.63241687716824
9771,10.7642393056051
9772,-3.5358188492629
9773,-6.48102720860925
9774,-0.424586679111941
9775,2.35807975276293
9776,6.28916712166959
9777,-4.13545072427722
9778,5.27717303140327
9779,-2.75999979588691
9780,-12.1070951600747
9781,12.552119059147
9782,-0.0950915257100773
9783,-3.66725400353714
9784,-6.75615853751596
9785,8.28764539787547
9786,3.53606139212727
9787,1.22297734167501
9788,-1.30331485579034
9789,-7.65641272450869
9790,-0.795797912476293
9791,12.9069734648903
9792,10.1738680510349
9793,-3.51226749116551
9794,-13.6645221973281
9795,4.8807315005717
9796,0.418163317553895
9797,2.63385397616151
9798,3.27475309782186
9799,-4.16580377257882
9800,-2.13353218242754
9801,5.89460867722605
9802,2.6007310201995
9803,5.35735062008601
9804,-2.77028336039578
9805,0.553992078524739
9806,-1.16268189629777
9807,-1.79459958094253
9808,7.21845791344881
9809,5.02430798861529
9810,-2.11115343130459
9811,-3.061727046047
9812,7.3705036417738
9813,-9.17682329105511
9814,-10.5299346962506
9815,6.06682146464427
9816,5.35111365072185
9817,0.494135898803236
9818,-4.75006194754491
9819,8.13799394848773
9820,0.712848111673099
9821,5.94612869662835
9822,-7.67188836975021
9823,-4.02066457210358
9824,-0.213059572574189
9825,-0.942768880576102
9826,1.99413973806595
9827,7.52633262100046
9828,-1.21982689014947
9829,-5.18082905219332
9830,3.83792280790885
9831,4.16503503579614
9832,-0.380233452343428
9833,5.00373337072579
9834,-3.36097203990465
9835,-0.902331312650711
9836,-3.59196781067798
9837,-3.10398344056969
9838,-9.31669847995631
9839,-9.2856798530327
9840,1.59249143953562
9841,2.92574665370965
9842,1.83580025738722
9843,10.577825673661
9844,3.25642001778612
9845,6.27475170385551
9846,-6.97743199644223
9847,-0.895816008855379
9848,-7.31758415407682
9849,1.19781113466478
9850,0.548094152897579
9851,-3.34727983300777
9852,-2.5973399145695
9853,4.76494101988919
9854,4.84416444357773
9855,-14.6316727507257
9856,-6.46923177504455
9857,-16.4315166601487
9858,-2.05380837507851
9859,0.175575613533567
9860,-0.409695649463935
9861,-7.86049841233788
9862,-12.5137591269156
9863,0.0548525182655203
9864,-13.8571959542366
9865,6.110726077543
9866,1.2962761337639
9867,-8.15939726136949
9868,2.30258871313438
9869,0.978301421849868
9870,-4.38273432570841
9871,8.21490011812935
9872,0.667141330376902
9873,-1.1847955533788
9874,-1.86220218558923
9875,1.42989832027659
9876,-5.15486559590552
9877,3.70294665551153
9878,-0.515027762045657
9879,7.05894631221537
9880,-9.84922037067462
9881,-0.551426017151974
9882,-13.9774079808654
9883,1.85228904184801
9884,3.81780797552623
9885,-5.48789255917247
9886,3.69354039969498
9887,5.39384255471227
9888,-1.39389831716478
9889,-0.287705719565924
9890,1.69348985722796
9891,-4.00037134523767
9892,-5.15450792798914
9893,1.49400633233175
9894,-1.86252650874338
9895,-1.61070723161744
9896,2.0059840032371
9897,-0.0686948436592408
9898,-2.17708394270038
9899,-0.768965453655667
9900,3.19303432927358
9901,2.20255802032372
9902,-5.44243062015125
9903,4.50451349021786
9904,-2.00009784598669
9905,0.501919259805674
9906,3.49704031115314
9907,1.85968793360019
9908,7.94567291579858
9909,-0.956760368772544
9910,0.884142673062222
9911,-7.58713636879006
9912,-1.49579655997473
9913,5.96658797369969
9914,-2.10143902726863
9915,0.962168893215195
9916,2.51725774313299
9917,-10.9312803816926
9918,-10.0262882151562
9919,-12.8903625236007
9920,0.636122794984368
9921,2.14513815298515
9922,4.53234779598436
9923,0.338922350660417
9924,-0.0902854236548855
9925,-2.91512302274704
9926,3.9648423394373
9927,6.32972654224471
9928,8.04880585633154
9929,-0.863104772947462
9930,4.02923775807604
9931,0.230968982332287
9932,-4.98654512464699
9933,-17.6602020791576
9934,-16.8994456566113
9935,4.16341923833715
9936,-14.609500775256
9937,-0.417955672396781
9938,5.74508351016932
9939,-0.950649974643373
9940,-2.9541311211336
9941,-4.54222051295707
9942,1.46282539311884
9943,-10.8407429469324
9944,2.39852597953233
9945,-4.6045482060193
9946,-5.11439345266702
9947,8.32940387793317
9948,-5.95459856150469
9949,0.83742644233075
9950,7.57843346821602
9951,3.12316633715041
9952,-7.76042466340428
9953,-3.28049613555743
9954,3.29127970312208
9955,6.10736259025341
9956,-3.92774823080877
9957,-0.115971687351383
9958,3.86244105348529
9959,-1.39582512715864
9960,-6.64887932695992
9961,-1.58809653355151
9962,-6.30060817013978
9963,-4.18012734848777
9964,-0.195938011232978
9965,2.8939537797232
9966,0.212749000120352
9967,-2.36539236145337
9968,6.28938190922109
9969,0.343083594860707
9970,-7.30724931094147
9971,3.88015560102465
9972,4.66687438595658
9973,0.339623695898739
9974,2.96194365781233
9975,1.14611943365144
9976,4.71168116932313
9977,0.252865297749223
9978,-4.07225848524256
9979,-0.817894044978475
9980,4.57163679283984
9981,4.51692852435559
9982,-0.367883670991023
9983,2.24933405372521
9984,0.323219977364511
9985,-1.20978285951581
9986,-9.45040018316542
9987,-1.93919009632997
9988,-1.31806198998279
9989,-9.20649082451414
9990,4.39785700491319
9991,-9.12479539214529
9992,1.69344451720214
9993,7.68024633750068
9994,6.51785848324092
9995,-4.17979851652389
9996,5.64780740252037
9997,4.04671375325352
9998,1.35452446808434
9999,3.87251092890154
10000,0.892128442764229
